Workbook

Sheet ورقة2

Sheet الطفل السليم
A2: مراكزمستشفى شرق جدة | E2: شهر | F2: 1 | G2: عام | H2: 1447 | K2: هـ | P2: مراكزمستشفى شرق جدة | T2: شهر | U2: 2 | V2: عام | W2: 1447 | Z2: هـ | AE2: مراكزمستشفى شرق جدة | AI2: شهر | AJ2: 3 | AK2: عام | AL2: 1447 | AO2: هـ | AT2: مراكزمستشفى شرق جدة | AX2: شهر | AY2: 4 | AZ2: عام | BA2: 1447 | BD2: هـ | BI2: مراكزمستشفى شرق جدة | BM2: شهر | BN2: 5 | BO2: عام | BP2: 1447 | BS2: هـ | BX2: مراكزمستشفى شرق جدة | CB2: شهر | CC2: 6 | CD2: عام | CE2: 1447 | CH2: هـ | CM2: مراكزمستشفى شرق جدة | CQ2: شهر | CR2: 7 | CS2: عام | CT2: 1447 | CW2: هـ | DB2: مراكزمستشفى شرق جدة | DF2: شهر | DG2: 8 | DH2: عام | DI2: 1447 | DL2: هـ | DQ2: مراكزمستشفى شرق جدة | DU2: شهر | DV2: 9 | DW2: عام | DX2: 1447 | EA2: هـ | EF2: مراكزمستشفى شرق جدة | EJ2: شهر | EK2: 10 | EL2: عام | EM2: 1447 | EP2: هـ | EU2: مراكزمستشفى شرق جدة | EY2: شهر | EZ2: 11 | FA2: عام | FB2: 1447 | FE2: هـ | FJ2: مراكزمستشفى شرق جدة | FN2: شهر | FO2: 12 | FP2: عام | FQ2: 1447 | FT2: هـ | FY2: =(FJ2) -> مراكزمستشفى شرق جدة | GE2: عام | GF2: =SUM(FQ2) -> 1447
A3: المركز الصحي | D3: عدد الأطفال المسجلين أقل من عام | E3: التحصينات الأساسية | G3: عدد الأطفال المسجلين أقل من 5 أعوام | H3: عدد من رضعوا طبيعياً | I3: عدد المعرضين للخطر أقل من 5 سنوات | J3: زيارات عيادة الطفل السليم خلال الشهر | K3: وفيات الأطفال | P3: المركز الصحي | S3: عدد الأطفال المسجلين أقل من عام | T3: التحصينات الأساسية | V3: عدد الأطفال المسجلين أقل من 5 أعوام | W3: عدد من رضعوا طبيعياً | X3: عدد المعرضين للخطر أقل من 5 سنوات | Y3: زيارات عيادة الطفل السليم خلال الشهر | Z3: وفيات الأطفال | AE3: المركز الصحي | AH3: عدد الأطفال المسجلين أقل من عام | AI3: التحصينات الأساسية | AK3: عدد الأطفال المسجلين أقل من 5 أعوام | AL3: عدد من رضعوا طبيعياً | AM3: عدد المعرضين للخطر أقل من 5 سنوات | AN3: زيارات عيادة الطفل السليم خلال الشهر | AO3: وفيات الأطفال | AT3: المركز الصحي | AW3: عدد الأطفال المسجلين أقل من عام | AX3: التحصينات الأساسية | AZ3: عدد الأطفال المسجلين أقل من 5 أعوام | BA3: عدد من رضعوا طبيعياً | BB3: عدد المعرضين للخطر أقل من 5 سنوات | BC3: زيارات عيادة الطفل السليم خلال الشهر | BD3: وفيات الأطفال | BI3: المركز الصحي | BL3: عدد الأطفال المسجلين أقل من عام | BM3: التحصينات الأساسية | BO3: عدد الأطفال المسجلين أقل من 5 أعوام | BP3: عدد من رضعوا طبيعياً | BQ3: عدد المعرضين للخطر أقل من 5 سنوات | BR3: زيارات عيادة الطفل السليم خلال الشهر | BS3: وفيات الأطفال | BX3: المركز الصحي | CA3: عدد الأطفال المسجلين أقل من عام | CB3: التحصينات الأساسية | CD3: عدد الأطفال المسجلين أقل من 5 أعوام | CE3: عدد من رضعوا طبيعياً | CF3: عدد المعرضين للخطر أقل من 5 سنوات | CG3: زيارات عيادة الطفل السليم خلال الشهر | CH3: وفيات الأطفال | CM3: المركز الصحي | CP3: عدد الأطفال المسجلين أقل من عام | CQ3: التحصينات الأساسية | CS3: عدد الأطفال المسجلين أقل من 5 أعوام | CT3: عدد من رضعوا طبيعياً | CU3: عدد المعرضين للخطر أقل من 5 سنوات | CV3: زيارات عيادة الطفل السليم خلال الشهر | CW3: وفيات الأطفال | DB3: المركز الصحي | DE3: عدد الأطفال المسجلين أقل من عام | DF3: التحصينات الأساسية | DH3: عدد الأطفال المسجلين أقل من 5 أعوام | DI3: عدد من رضعوا طبيعياً | DJ3: عدد المعرضين للخطر أقل من 5 سنوات | DK3: زيارات عيادة الطفل السليم خلال الشهر | DL3: وفيات الأطفال | DQ3: المركز الصحي | DT3: عدد الأطفال المسجلين أقل من عام | DU3: التحصينات الأساسية | DW3: عدد الأطفال المسجلين أقل من 5 أعوام | DX3: عدد من رضعوا طبيعياً | DY3: عدد المعرضين للخطر أقل من 5 سنوات | DZ3: زيارات عيادة الطفل السليم خلال الشهر | EA3: وفيات الأطفال | EF3: المركز الصحي | EI3: عدد الأطفال المسجلين أقل من عام | EJ3: التحصينات الأساسية | EL3: عدد الأطفال المسجلين أقل من 5 أعوام | EM3: عدد من رضعوا طبيعياً | EN3: عدد المعرضين للخطر أقل من 5 سنوات | EO3: زيارات عيادة الطفل السليم خلال الشهر | EP3: وفيات الأطفال | EU3: المركز الصحي | EX3: عدد الأطفال المسجلين أقل من عام | EY3: التحصينات الأساسية | FA3: عدد الأطفال المسجلين أقل من 5 أعوام | FB3: عدد من رضعوا طبيعياً | FC3: عدد المعرضين للخطر أقل من 5 سنوات | FD3: زيارات عيادة الطفل السليم خلال الشهر | FE3: وفيات الأطفال | FJ3: المركز الصحي | FM3: عدد الأطفال المسجلين أقل من عام | FN3: التحصينات الأساسية | FP3: عدد الأطفال المسجلين أقل من 5 أعوام | FQ3: عدد من رضعوا طبيعياً | FR3: عدد المعرضين للخطر أقل من 5 سنوات | FS3: زيارات عيادة الطفل السليم خلال الشهر | FT3: وفيات الأطفال | FY3: المركز الصحي | FZ3: الجنسية | GA3: الجنس | GB3: عدد الأطفال المسجلين أقل من عام | GC3: التحصينات الأساسية | GE3: عدد الأطفال المسجلين أقل من 5 أعوام | GF3: عدد من رضعوا طبيعياً | GG3: عدد المعرضين للخطر أقل من 5 سنوات | GH3: زيارات عيادة الطفل السليم خلال العام | GI3: وفيات الأطفال
E4: أكلموا التحصينات الأساسية خلال الشهر | F4: بلغ عمرهم 15 شهراً ولم يكملوا التحصينات الأساسية | K4: من الولادة إلى أقل من 7 آيام | L4: من 7 أيام إلى أقل من شهر | M4: من شهر إلى أقل من عام | N4: من عام إلى أقل من 5 سنوات | T4: أكلموا التحصينات الأساسية خلال الشهر | U4: بلغ عمرهم 15 شهراً ولم يكملوا التحصينات الأساسية | Z4: من الولادة إلى أقل من 7 آيام | AA4: من 7 أيام إلى أقل من شهر | AB4: من شهر إلى أقل من عام | AC4: من عام إلى أقل من 5 سنوات | AI4: أكلموا التحصينات الأساسية خلال الشهر | AJ4: بلغ عمرهم 15 شهراً ولم يكملوا التحصينات الأساسية | AO4: من الولادة إلى أقل من 7 آيام | AP4: من 7 أيام إلى أقل من شهر | AQ4: من شهر إلى أقل من عام | AR4: من عام إلى أقل من 5 سنوات | AX4: أكلموا التحصينات الأساسية خلال الشهر | AY4: بلغ عمرهم 15 شهراً ولم يكملوا التحصينات الأساسية | BD4: من الولادة إلى أقل من 7 آيام | BE4: من 7 أيام إلى أقل من شهر | BF4: من شهر إلى أقل من عام | BG4: من عام إلى أقل من 5 سنوات | BM4: أكلموا التحصينات الأساسية خلال الشهر | BN4: بلغ عمرهم 15 شهراً ولم يكملوا التحصينات الأساسية | BS4: من الولادة إلى أقل من 7 آيام | BT4: من 7 أيام إلى أقل من شهر | BU4: من شهر إلى أقل من عام | BV4: من عام إلى أقل من 5 سنوات | CB4: أكلموا التحصينات الأساسية خلال الشهر | CC4: بلغ عمرهم 15 شهراً ولم يكملوا التحصينات الأساسية | CH4: من الولادة إلى أقل من 7 آيام | CI4: من 7 أيام إلى أقل من شهر | CJ4: من شهر إلى أقل من عام | CK4: من عام إلى أقل من 5 سنوات | CQ4: أكلموا التحصينات الأساسية خلال الشهر | CR4: بلغ عمرهم 15 شهراً ولم يكملوا التحصينات الأساسية | CW4: من الولادة إلى أقل من 7 آيام | CX4: من 7 أيام إلى أقل من شهر | CY4: من شهر إلى أقل من عام | CZ4: من عام إلى أقل من 5 سنوات | DF4: أكلموا التحصينات الأساسية خلال الشهر | DG4: بلغ عمرهم 15 شهراً ولم يكملوا التحصينات الأساسية | DL4: من الولادة إلى أقل من 7 آيام | DM4: من 7 أيام إلى أقل من شهر | DN4: من شهر إلى أقل من عام | DO4: من عام إلى أقل من 5 سنوات | DU4: أكلموا التحصينات الأساسية خلال الشهر | DV4: بلغ عمرهم 15 شهراً ولم يكملوا التحصينات الأساسية | EA4: من الولادة إلى أقل من 7 آيام | EB4: من 7 أيام إلى أقل من شهر | EC4: من شهر إلى أقل من عام | ED4: من عام إلى أقل من 5 سنوات | EJ4: أكلموا التحصينات الأساسية خلال الشهر | EK4: بلغ عمرهم 15 شهراً ولم يكملوا التحصينات الأساسية | EP4: من الولادة إلى أقل من 7 آيام | EQ4: من 7 أيام إلى أقل من شهر | ER4: من شهر إلى أقل من عام | ES4: من عام إلى أقل من 5 سنوات | EY4: أكلموا التحصينات الأساسية خلال الشهر | EZ4: بلغ عمرهم 15 شهراً ولم يكملوا التحصينات الأساسية | FE4: من الولادة إلى أقل من 7 آيام | FF4: من 7 أيام إلى أقل من شهر | FG4: من شهر إلى أقل من عام | FH4: من عام إلى أقل من 5 سنوات | FN4: أكلموا التحصينات الأساسية خلال الشهر | FO4: بلغ عمرهم 15 شهراً ولم يكملوا التحصينات الأساسية | FT4: من الولادة إلى أقل من 7 آيام | FU4: من 7 أيام إلى أقل من شهر | FV4: من شهر إلى أقل من عام | FW4: من عام إلى أقل من 5 سنوات | GC4: أكلموا التحصينات الأساسية خلال العام | GD4: بلغ عمرهم 15 شهراً ولم يكملوا التحصينات الأساسية | GI4: من الولادة إلى أقل من 7 آيام | GJ4: من 7 أيام إلى أقل من شهر | GK4: من شهر إلى أقل من عام | GL4: من عام إلى أقل من 5 سنوات
A5: الربيع والتوفيق | B5: سعودي | C5: ذكر | D5: 7 | E5: 3 | F5: 1 | G5: 335 | H5: 1 | I5: 23 | J5: 338 | K5: 0 | L5: 0 | M5: 0 | N5: 0 | P5: الربيع والتوفيق | Q5: سعودي | R5: ذكر | S5: 40 | T5: 45 | U5: 3 | V5: 242 | W5: 12 | X5: 0 | Y5: 74 | Z5: 0 | AA5: 0 | AB5: 0 | AC5: 0 | AE5: الربيع والتوفيق | AF5: سعودي | AG5: ذكر | AH5: 42 | AI5: 72 | AJ5: 0 | AK5: 614 | AL5: 7 | AM5: 0 | AN5: 69 | AO5: 0 | AP5: 0 | AQ5: 0 | AR5: 0 | AT5: الربيع والتوفيق | AU5: سعودي | AV5: ذكر | AW5: 185 | AX5: 32 | AY5: 0 | AZ5: 459 | BA5: 7 | BB5: 31 | BC5: 94 | BD5: 0 | BE5: 0 | BF5: 0 | BG5: 0 | BI5: الربيع والتوفيق | BJ5: سعودي | BK5: ذكر | BL5: 185 | BM5: 32 | BN5: 0 | BO5: 459 | BP5: 7 | BQ5: 31 | BR5: 48 | BS5: 0 | BT5: 0 | BU5: 0 | BV5: 0 | BX5: الربيع والتوفيق | BY5: سعودي | BZ5: ذكر | CA5: 185 | CB5: 44 | CC5: 0 | CD5: 466 | CE5: 0 | CF5: 0 | CG5: 32 | CH5: 0 | CI5: 0 | CJ5: 0 | CK5: 0 | CM5: الربيع والتوفيق | CN5: سعودي | CO5: ذكر | CP5: 26 | CQ5: 26 | CR5: 26 | CS5: 26 | CT5: 26 | CU5: 26 | CV5: 26 | CW5: 0 | CX5: 0 | CY5: 0 | CZ5: 0 | DB5: الربيع والتوفيق | DC5: سعودي | DD5: ذكر | DE5: 190 | DF5: 58 | DG5: 0 | DH5: 557 | DI5: 7 | DJ5: 0 | DK5: 32 | DL5: 0 | DM5: 0 | DN5: 0 | DO5: 0 | DQ5: الربيع والتوفيق | DR5: سعودي | DS5: ذكر | DT5: 88 | DU5: 10 | DV5: 0 | DW5: 350 | DX5: 4 | DY5: 3 | DZ5: 180 | EA5: 0 | EB5: 0 | EC5: 0 | ED5: 0 | EF5: الربيع والتوفيق | EG5: سعودي | EH5: ذكر | EI5: 88 | EJ5: 10 | EK5: 0 | EL5: 350 | EM5: 4 | EN5: 3 | EO5: 500 | EP5: 0 | EQ5: 0 | ER5: 0 | ES5: 0 | EU5: الربيع والتوفيق | EV5: سعودي | EW5: ذكر | EX5: 0 | EY5: 0 | EZ5: 0 | FA5: 0 | FB5: 0 | FC5: 0 | FD5: 0 | FE5: 0 | FF5: 0 | FG5: 0 | FH5: 0 | FJ5: الربيع والتوفيق | FK5: سعودي | FL5: ذكر | FM5: 0 | FN5: 0 | FO5: 0 | FP5: 0 | FQ5: 0 | FR5: 0 | FS5: 0 | FT5: 0 | FU5: 0 | FV5: 0 | FW5: 0 | FY5: =(FJ5) -> الربيع والتوفيق | FZ5: سعودي | GA5: ذكر | GB5: =SUM(FM5) -> 0 | GC5: =(E5+T5+AI5+AX5+BM5+CB5+CQ5+DF5+DU5+EJ5+EY5+FN5) -> 332 | GD5: =(F5+U5+AJ5+AY5+BN5+CC5+CR5+DG5+DV5+EK5+EZ5+FO5) -> 30 | GE5: =SUM(FP5) -> 0 | GF5: =SUM(FQ5) -> 0 | GG5: =SUM(FR5) -> 0 | GH5: =(J5+Y5+AN5+BC5+BR5+CG5+CV5+DK5+DZ5+EO5+FD5+FS5) -> 1393 | GI5: =(K5+Z5+AO5+BD5+BS5+CH5+CW5+DL5+EA5+EP5+FE5+FT5) -> 0 | GJ5: =(L5+AA5+AP5+BE5+BT5+CI5+CX5+DM5+EB5+EQ5+FF5+FU5) -> 0 | GK5: =(M5+AB5+AQ5+BF5+BU5+CJ5+CY5+DN5+EC5+ER5+FG5+FV5) -> 0 | GL5: =(N5+AC5+AR5+BG5+BV5+CK5+CZ5+DO5+ED5+ES5+FH5+FW5) -> 0
C6: أنثى | D6: 5 | E6: 2 | F6: 6 | G6: 333 | H6: 2 | I6: 18 | J6: 305 | K6: 0 | L6: 0 | M6: 0 | N6: 0 | R6: أنثى | S6: 52 | T6: 61 | U6: 1 | V6: 286 | W6: 9 | X6: 0 | Y6: 96 | Z6: 0 | AA6: 0 | AB6: 0 | AC6: 0 | AG6: أنثى | AH6: 46 | AI6: 56 | AJ6: 0 | AK6: 513 | AL6: 9 | AM6: 0 | AN6: 55 | AO6: 0 | AP6: 0 | AQ6: 0 | AR6: 0 | AV6: أنثى | AW6: 238 | AX6: 42 | AY6: 0 | AZ6: 672 | BA6: 13 | BB6: 43 | BC6: 116 | BD6: 0 | BE6: 0 | BF6: 0 | BG6: 0 | BK6: أنثى | BL6: 238 | BM6: 42 | BN6: 0 | BO6: 672 | BP6: 13 | BQ6: 43 | BR6: 45 | BS6: 0 | BT6: 0 | BU6: 0 | BV6: 0 | BZ6: أنثى | CA6: 238 | CB6: 39 | CC6: 0 | CD6: 680 | CE6: 0 | CF6: 0 | CG6: 42 | CH6: 0 | CI6: 0 | CJ6: 0 | CK6: 0 | CO6: أنثى | CP6: 31 | CQ6: 71 | CR6: 0 | CS6: 260 | CT6: 7 | CU6: 9 | CV6: 58 | CW6: 0 | CX6: 0 | CY6: 0 | CZ6: 0 | DD6: أنثى | DE6: 172 | DF6: 53 | DG6: 0 | DH6: 652 | DI6: 8 | DJ6: 0 | DK6: 42 | DL6: 0 | DM6: 0 | DN6: 0 | DO6: 0 | DS6: أنثى | DT6: 12 | DU6: 5 | DV6: 0 | DW6: 322 | DX6: 2 | DY6: 5 | DZ6: 164 | EA6: 0 | EB6: 0 | EC6: 0 | ED6: 0 | EH6: أنثى | EI6: 12 | EJ6: 5 | EK6: 0 | EL6: 322 | EM6: 2 | EN6: 5 | EO6: 216 | EP6: 0 | EQ6: 0 | ER6: 0 | ES6: 0 | EW6: أنثى | EX6: 0 | EY6: 0 | EZ6: 0 | FA6: 0 | FB6: 0 | FC6: 0 | FD6: 0 | FE6: 0 | FF6: 0 | FG6: 0 | FH6: 0 | FL6: أنثى | FM6: 0 | FN6: 0 | FO6: 0 | FP6: 0 | FQ6: 0 | FR6: 0 | FS6: 0 | FT6: 0 | FU6: 0 | FV6: 0 | FW6: 0 | GA6: أنثى | GB6: =SUM(FM6) -> 0 | GC6: =(E6+T6+AI6+AX6+BM6+CB6+CQ6+DF6+DU6+EJ6+EY6+FN6) -> 376 | GD6: =(F6+U6+AJ6+AY6+BN6+CC6+CR6+DG6+DV6+EK6+EZ6+FO6) -> 7 | GE6: =SUM(FP6) -> 0 | GF6: =SUM(FQ6) -> 0 | GG6: =SUM(FR6) -> 0 | GH6: =(J6+Y6+AN6+BC6+BR6+CG6+CV6+DK6+DZ6+EO6+FD6+FS6) -> 1139 | GI6: =(K6+Z6+AO6+BD6+BS6+CH6+CW6+DL6+EA6+EP6+FE6+FT6) -> 0 | GJ6: =(L6+AA6+AP6+BE6+BT6+CI6+CX6+DM6+EB6+EQ6+FF6+FU6) -> 0 | GK6: =(M6+AB6+AQ6+BF6+BU6+CJ6+CY6+DN6+EC6+ER6+FG6+FV6) -> 0 | GL6: =(N6+AC6+AR6+BG6+BV6+CK6+CZ6+DO6+ED6+ES6+FH6+FW6) -> 0
B7: غير | C7: ذكر | D7: 0 | E7: 0 | F7: 0 | G7: 0 | H7: 0 | I7: 0 | J7: 0 | K7: 0 | L7: 0 | M7: 0 | N7: 0 | Q7: غير | R7: ذكر | S7: 17 | T7: 27 | U7: 5 | V7: 14 | W7: 6 | X7: 0 | Y7: 12 | Z7: 0 | AA7: 0 | AB7: 0 | AC7: 0 | AF7: غير | AG7: ذكر | AH7: 0 | AI7: 0 | AJ7: 0 | AK7: 0 | AL7: 0 | AM7: 0 | AN7: 29 | AO7: 0 | AP7: 0 | AQ7: 0 | AR7: 0 | AU7: غير | AV7: ذكر | AW7: 0 | AX7: 0 | AY7: 0 | AZ7: 0 | BA7: 0 | BB7: 0 | BC7: 0 | BD7: 0 | BE7: 0 | BF7: 0 | BG7: 0 | BJ7: غير | BK7: ذكر | BL7: 0 | BM7: 0 | BN7: 0 | BO7: 0 | BP7: 0 | BQ7: 0 | BR7: 0 | BS7: 0 | BT7: 0 | BU7: 0 | BV7: 0 | BY7: غير | BZ7: ذكر | CA7: 0 | CB7: 0 | CC7: 0 | CD7: 0 | CE7: 0 | CF7: 0 | CG7: 14 | CH7: 0 | CI7: 0 | CJ7: 0 | CK7: 0 | CN7: غير | CO7: ذكر | CP7: 12 | CQ7: 13 | CR7: 1 | CS7: 21 | CT7: 1 | CU7: 0 | CV7: 23 | CW7: 0 | CX7: 0 | CY7: 0 | CZ7: 0 | DC7: غير | DD7: ذكر | DE7: 0 | DF7: 0 | DG7: 0 | DH7: 0 | DI7: 0 | DJ7: 0 | DK7: 14 | DL7: 0 | DM7: 0 | DN7: 0 | DO7: 0 | DR7: غير | DS7: ذكر | DT7: 4 | DU7: 1 | DV7: 0 | DW7: 0 | DX7: 0 | DY7: 0 | DZ7: 0 | EA7: 0 | EB7: 0 | EC7: 0 | ED7: 0 | EG7: غير | EH7: ذكر | EI7: 4 | EJ7: 1 | EK7: 0 | EL7: 0 | EM7: 0 | EN7: 0 | EO7: 59 | EP7: 0 | EQ7: 0 | ER7: 0 | ES7: 0 | EV7: غير | EW7: ذكر | EX7: 0 | EY7: 0 | EZ7: 0 | FA7: 0 | FB7: 0 | FC7: 0 | FD7: 0 | FE7: 0 | FF7: 0 | FG7: 0 | FH7: 0 | FK7: غير | FL7: ذكر | FM7: 0 | FN7: 0 | FO7: 0 | FP7: 0 | FQ7: 0 | FR7: 0 | FS7: 0 | FT7: 0 | FU7: 0 | FV7: 0 | FW7: 0 | FZ7: غير | GA7: ذكر | GB7: =SUM(FM7) -> 0 | GC7: =(E7+T7+AI7+AX7+BM7+CB7+CQ7+DF7+DU7+EJ7+EY7+FN7) -> 42 | GD7: =(F7+U7+AJ7+AY7+BN7+CC7+CR7+DG7+DV7+EK7+EZ7+FO7) -> 6 | GE7: =SUM(FP7) -> 0 | GF7: =SUM(FQ7) -> 0 | GG7: =SUM(FR7) -> 0 | GH7: =(J7+Y7+AN7+BC7+BR7+CG7+CV7+DK7+DZ7+EO7+FD7+FS7) -> 151 | GI7: =(K7+Z7+AO7+BD7+BS7+CH7+CW7+DL7+EA7+EP7+FE7+FT7) -> 0 | GJ7: =(L7+AA7+AP7+BE7+BT7+CI7+CX7+DM7+EB7+EQ7+FF7+FU7) -> 0 | GK7: =(M7+AB7+AQ7+BF7+BU7+CJ7+CY7+DN7+EC7+ER7+FG7+FV7) -> 0 | GL7: =(N7+AC7+AR7+BG7+BV7+CK7+CZ7+DO7+ED7+ES7+FH7+FW7) -> 0
B8: سعودي | C8: أنثى | D8: 0 | E8: 0 | F8: 0 | G8: 0 | H8: 0 | I8: 0 | J8: 0 | K8: 0 | L8: 0 | M8: 0 | N8: 0 | Q8: سعودي | R8: أنثى | S8: 23 | T8: 32 | U8: 3 | V8: 21 | W8: 8 | X8: 0 | Y8: 18 | Z8: 0 | AA8: 0 | AB8: 0 | AC8: 0 | AF8: سعودي | AG8: أنثى | AH8: 0 | AI8: 0 | AJ8: 0 | AK8: 0 | AL8: 0 | AM8: 0 | AN8: 47 | AO8: 0 | AP8: 0 | AQ8: 0 | AR8: 0 | AU8: سعودي | AV8: أنثى | AW8: 0 | AX8: 0 | AY8: 0 | AZ8: 0 | BA8: 0 | BB8: 0 | BC8: 0 | BD8: 0 | BE8: 0 | BF8: 0 | BG8: 0 | BJ8: سعودي | BK8: أنثى | BL8: 0 | BM8: 0 | BN8: 0 | BO8: 0 | BP8: 0 | BQ8: 0 | BR8: 2 | BS8: 0 | BT8: 0 | BU8: 0 | BV8: 0 | BY8: سعودي | BZ8: أنثى | CA8: 0 | CB8: 0 | CC8: 0 | CD8: 0 | CE8: 0 | CF8: 0 | CG8: 15 | CH8: 0 | CI8: 0 | CJ8: 0 | CK8: 0 | CN8: سعودي | CO8: أنثى | CP8: 19 | CQ8: 18 | CR8: 2 | CS8: 25 | CT8: 3 | CU8: 3 | CV8: 40 | CW8: 0 | CX8: 0 | CY8: 0 | CZ8: 0 | DC8: سعودي | DD8: أنثى | DE8: 0 | DF8: 0 | DG8: 0 | DH8: 0 | DI8: 0 | DJ8: 0 | DK8: 15 | DL8: 0 | DM8: 0 | DN8: 0 | DO8: 0 | DR8: سعودي | DS8: أنثى | DT8: 5 | DU8: 2 | DV8: 0 | DW8: 0 | DX8: 0 | DY8: 0 | DZ8: 0 | EA8: 0 | EB8: 0 | EC8: 0 | ED8: 0 | EG8: سعودي | EH8: أنثى | EI8: 5 | EJ8: 2 | EK8: 0 | EL8: 0 | EM8: 0 | EN8: 0 | EO8: 53 | EP8: 0 | EQ8: 0 | ER8: 0 | ES8: 0 | EV8: سعودي | EW8: أنثى | EX8: 0 | EY8: 0 | EZ8: 0 | FA8: 0 | FB8: 0 | FC8: 0 | FD8: 0 | FE8: 0 | FF8: 0 | FG8: 0 | FH8: 0 | FK8: سعودي | FL8: أنثى | FM8: 0 | FN8: 0 | FO8: 0 | FP8: 0 | FQ8: 0 | FR8: 0 | FS8: 0 | FT8: 0 | FU8: 0 | FV8: 0 | FW8: 0 | FZ8: سعودي | GA8: أنثى | GB8: =SUM(FM8) -> 0 | GC8: =(E8+T8+AI8+AX8+BM8+CB8+CQ8+DF8+DU8+EJ8+EY8+FN8) -> 54 | GD8: =(F8+U8+AJ8+AY8+BN8+CC8+CR8+DG8+DV8+EK8+EZ8+FO8) -> 5 | GE8: =SUM(FP8) -> 0 | GF8: =SUM(FQ8) -> 0 | GG8: =SUM(FR8) -> 0 | GH8: =(J8+Y8+AN8+BC8+BR8+CG8+CV8+DK8+DZ8+EO8+FD8+FS8) -> 190 | GI8: =(K8+Z8+AO8+BD8+BS8+CH8+CW8+DL8+EA8+EP8+FE8+FT8) -> 0 | GJ8: =(L8+AA8+AP8+BE8+BT8+CI8+CX8+DM8+EB8+EQ8+FF8+FU8) -> 0 | GK8: =(M8+AB8+AQ8+BF8+BU8+CJ8+CY8+DN8+EC8+ER8+FG8+FV8) -> 0 | GL8: =(N8+AC8+AR8+BG8+BV8+CK8+CZ8+DO8+ED8+ES8+FH8+FW8) -> 0
B9: المجموع | D9: =SUM(D5:D8) -> 12 | E9: =SUM(E5:E8) -> 5 | F9: =SUM(F5:F8) -> 7 | G9: =SUM(G5:G8) -> 668 | H9: =SUM(H5:H8) -> 3 | I9: =SUM(I5:I8) -> 41 | J9: =SUM(J5:J8) -> 643 | K9: =SUM(K5:K8) -> 0 | ... N9: =SUM(N5:N8) -> 0 | Q9: المجموع | S9: =SUM(S5:S8) -> 132 | T9: =SUM(T5:T8) -> 165 | U9: =SUM(U5:U8) -> 12 | V9: =SUM(V5:V8) -> 563 | W9: =SUM(W5:W8) -> 35 | X9: =SUM(X5:X8) -> 0 | Y9: =SUM(Y5:Y8) -> 200 | Z9: =SUM(Z5:Z8) -> 0 | ... AC9: =SUM(AC5:AC8) -> 0 | AF9: المجموع | AH9: =SUM(AH5:AH8) -> 88 | AI9: =SUM(AI5:AI8) -> 128 | AJ9: =SUM(AJ5:AJ8) -> 0 | AK9: =SUM(AK5:AK8) -> 1127 | AL9: =SUM(AL5:AL8) -> 16 | AM9: =SUM(AM5:AM8) -> 0 | AN9: =SUM(AN5:AN8) -> 200 | AO9: =SUM(AO5:AO8) -> 0 | ... AR9: =SUM(AR5:AR8) -> 0 | AU9: المجموع | AW9: =SUM(AW5:AW8) -> 423 | AX9: =SUM(AX5:AX8) -> 74 | AY9: =SUM(AY5:AY8) -> 0 | AZ9: =SUM(AZ5:AZ8) -> 1131 | BA9: =SUM(BA5:BA8) -> 20 | BB9: =SUM(BB5:BB8) -> 74 | BC9: =SUM(BC5:BC8) -> 210 | BD9: =SUM(BD5:BD8) -> 0 | ... BG9: =SUM(BG5:BG8) -> 0 | BJ9: المجموع | BL9: =SUM(BL5:BL8) -> 423 | BM9: =SUM(BM5:BM8) -> 74 | BN9: =SUM(BN5:BN8) -> 0 | BO9: =SUM(BO5:BO8) -> 1131 | BP9: =SUM(BP5:BP8) -> 20 | BQ9: =SUM(BQ5:BQ8) -> 74 | BR9: =SUM(BR5:BR8) -> 95 | BS9: =SUM(BS5:BS8) -> 0 | ... BV9: =SUM(BV5:BV8) -> 0 | BY9: المجموع | CA9: =SUM(CA5:CA8) -> 423 | CB9: =SUM(CB5:CB8) -> 83 | CC9: =SUM(CC5:CC8) -> 0 | CD9: =SUM(CD5:CD8) -> 1146 | CE9: =SUM(CE5:CE8) -> 0 | CF9: =SUM(CF5:CF8) -> 0 | CG9: 103 | CH9: =SUM(CH5:CH8) -> 0 | CI9: =SUM(CI5:CI8) -> 0 | CJ9: =SUM(CJ5:CJ8) -> 0 | CK9: =SUM(CK5:CK8) -> 0 | CN9: المجموع | CP9: 88 | CQ9: 128 | CR9: 29 | CS9: 332 | CT9: 37 | CU9: 38 | CV9: 147 | CW9: 0 | CX9: 0 | CY9: 0 | CZ9: 0 | DC9: المجموع | DE9: =SUM(DE5:DE8) -> 362 | DF9: =SUM(DF5:DF8) -> 111 | DG9: =SUM(DG5:DG8) -> 0 | DH9: =SUM(DH5:DH8) -> 1209 | DI9: =SUM(DI5:DI8) -> 15 | DJ9: =SUM(DJ5:DJ8) -> 0 | DK9: =SUM(DK5:DK8) -> 103 | DL9: =SUM(DL5:DL8) -> 0 | ... DO9: =SUM(DO5:DO8) -> 0 | DR9: المجموع | DT9: =SUM(DT5:DT8) -> 109 | DU9: =SUM(DU5:DU8) -> 18 | DV9: =SUM(DV5:DV8) -> 0 | DW9: =SUM(DW5:DW8) -> 672 | DX9: =SUM(DX5:DX8) -> 6 | DY9: =SUM(DY5:DY8) -> 8 | DZ9: =SUM(DZ5:DZ8) -> 344 | EA9: =SUM(EA5:EA8) -> 0 | ... ED9: =SUM(ED5:ED8) -> 0 | EG9: المجموع | EI9: =SUM(EI5:EI8) -> 109 | EJ9: =SUM(EJ5:EJ8) -> 18 | EK9: =SUM(EK5:EK8) -> 0 | EL9: =SUM(EL5:EL8) -> 672 | EM9: =SUM(EM5:EM8) -> 6 | EN9: =SUM(EN5:EN8) -> 8 | EO9: =SUM(EO5:EO8) -> 828 | EP9: =SUM(EP5:EP8) -> 0 | ... ES9: =SUM(ES5:ES8) -> 0 | EV9: المجموع | EX9: =SUM(EX5:EX8) -> 0 | EY9: =SUM(EY5:EY8) -> 0 | EZ9: =SUM(EZ5:EZ8) -> 0 | FA9: =SUM(FA5:FA8) -> 0 | FB9: =SUM(FB5:FB8) -> 0 | FC9: =SUM(FC5:FC8) -> 0 | FD9: =SUM(FD5:FD8) -> 0 | FE9: =SUM(FE5:FE8) -> 0 | ... FH9: =SUM(FH5:FH8) -> 0 | FK9: المجموع | FM9: =SUM(FM5:FM8) -> 0 | FN9: =SUM(FN5:FN8) -> 0 | FO9: =SUM(FO5:FO8) -> 0 | FP9: =SUM(FP5:FP8) -> 0 | FQ9: =SUM(FQ5:FQ8) -> 0 | FR9: =SUM(FR5:FR8) -> 0 | FS9: =SUM(FS5:FS8) -> 0 | FT9: =SUM(FT5:FT8) -> 0 | ... FW9: =SUM(FW5:FW8) -> 0 | FZ9: المجموع | GB9: =SUM(GB5:GB8) -> 0 | GC9: =SUM(GC5:GC8) -> 804 | GD9: =SUM(GD5:GD8) -> 48 | GE9: =SUM(GE5:GE8) -> 0 | GF9: =SUM(GF5:GF8) -> 0 | GG9: =SUM(GG5:GG8) -> 0 | GH9: =SUM(GH5:GH8) -> 2873 | GI9: =SUM(GI5:GI8) -> 0 | ... GL9: =SUM(GL5:GL8) -> 0
B10: عدد الأطفال الذين يقل وزنهم بالنسبة لعمرهم ( تحت المنطقة C في منحنى النمو خلال الشهر | K10: ذكر | L10: 0 | M10: أنثى | N10: 0 | Q10: عدد الأطفال الذين يقل وزنهم بالنسبة لعمرهم ( تحت المنطقة C في منحنى النمو خلال الشهر | Z10: ذكر | AA10: 0 | AB10: أنثى | AC10: 0 | AF10: عدد الأطفال الذين يقل وزنهم بالنسبة لعمرهم ( تحت المنطقة C في منحنى النمو خلال الشهر | AO10: ذكر | AP10: 0 | AQ10: أنثى | AR10: 0 | AU10: عدد الأطفال الذين يقل وزنهم بالنسبة لعمرهم ( تحت المنطقة C في منحنى النمو خلال الشهر | BD10: ذكر | BE10: 0 | BF10: أنثى | BG10: 0 | BJ10: عدد الأطفال الذين يقل وزنهم بالنسبة لعمرهم ( تحت المنطقة C في منحنى النمو خلال الشهر | BS10: ذكر | BT10: 0 | BU10: أنثى | BV10: 0 | BY10: عدد الأطفال الذين يقل وزنهم بالنسبة لعمرهم ( تحت المنطقة C في منحنى النمو خلال الشهر | CH10: ذكر | CI10: 0 | CJ10: أنثى | CK10: 0 | CN10: عدد الأطفال الذين يقل وزنهم بالنسبة لعمرهم ( تحت المنطقة C في منحنى النمو خلال الشهر | CW10: ذكر | CX10: 0 | CY10: أنثى | CZ10: 0 | DC10: عدد الأطفال الذين يقل وزنهم بالنسبة لعمرهم ( تحت المنطقة C في منحنى النمو خلال الشهر | DL10: ذكر | DM10: 0 | DN10: أنثى | DO10: 0 | DR10: عدد الأطفال الذين يقل وزنهم بالنسبة لعمرهم ( تحت المنطقة C في منحنى النمو خلال الشهر | EA10: ذكر | EB10: 0 | EC10: أنثى | ED10: 0 | EG10: عدد الأطفال الذين يقل وزنهم بالنسبة لعمرهم ( تحت المنطقة C في منحنى النمو خلال الشهر | EP10: ذكر | EQ10: 0 | ER10: أنثى | ES10: 0 | EV10: عدد الأطفال الذين يقل وزنهم بالنسبة لعمرهم ( تحت المنطقة C في منحنى النمو خلال الشهر | FE10: ذكر | FF10: 0 | FG10: أنثى | FH10: 0 | FK10: عدد الأطفال الذين يقل وزنهم بالنسبة لعمرهم ( تحت المنطقة C في منحنى النمو خلال الشهر | FT10: ذكر | FU10: 0 | FV10: أنثى | FW10: 0 | FZ10: عدد الأطفال الذين يقل وزنهم بالنسبة لعمرهم ( تحت المنطقة C في منحنى النمو خلال العام | GI10: ذكر | GJ10: =(L10+AA10+AP10+BE10+BT10+CI10+CX10+DM10+EB10+EQ10+FF10+FU10) -> 0 | GK10: أنثى | GL10: =(N10+AC10+AR10+BG10+BV10+CK10+CZ10+DO10+ED10+ES10+FH10+FW10) -> 0
A11: الجامعة | B11: سعودي | C11: ذكر | D11: 9 | E11: 3 | F11: 2 | G11: 202 | H11: 6 | I11: 14 | J11: 178 | K11: 0 | L11: 0 | M11: 0 | N11: 0 | P11: الجامعة | Q11: سعودي | R11: ذكر | S11: 250 | T11: 70 | U11: 4 | V11: 210 | W11: 70 | X11: 15 | Y11: 250 | Z11: 0 | AA11: 0 | AB11: 0 | AC11: 0 | AE11: الجامعة | AF11: سعودي | AG11: ذكر | AH11: 26 | AI11: 14 | AJ11: 1 | AK11: 209 | AL11: 11 | AM11: 0 | AN11: 223 | AO11: 0 | AP11: 0 | AQ11: 0 | AR11: 0 | AT11: الجامعة | AU11: سعودي | AV11: ذكر | AW11: 25 | AX11: 9 | AY11: 0 | AZ11: 168 | BA11: 12 | BB11: 0 | BC11: 175 | BD11: 0 | BE11: 0 | BF11: 0 | BG11: 0 | BI11: الجامعة | BJ11: سعودي | BK11: ذكر | BL11: 25 | BM11: 9 | BN11: 0 | BO11: 168 | BP11: 12 | BQ11: 0 | BR11: 0 | BS11: 0 | BT11: 0 | BU11: 0 | BV11: 0 | BX11: الجامعة | BY11: سعودي | BZ11: ذكر | CA11: 25 | CB11: 0 | CC11: 0 | CD11: 0 | CE11: 0 | CF11: 0 | CG11: 154 | CH11: 0 | CI11: 0 | CJ11: 0 | CK11: 0 | CM11: الجامعة | CN11: سعودي | CO11: ذكر | CP11: 9 | CQ11: 3 | CR11: 2 | CS11: 202 | CT11: 6 | CU11: 14 | CV11: 178 | CW11: 0 | CX11: 0 | CY11: 0 | CZ11: 0 | DB11: الجامعة | DC11: سعودي | DD11: ذكر | DE11: 18 | DF11: 10 | DG11: 3 | DH11: 123 | DI11: 12 | DJ11: 0 | DK11: 154 | DL11: 0 | DM11: 0 | DN11: 0 | DO11: 0 | DQ11: الجامعة | DR11: سعودي | DS11: ذكر | DT11: 15 | DU11: 6 | DV11: 0 | DW11: 273 | DX11: 5 | DY11: 0 | DZ11: 108 | EA11: 0 | EB11: 0 | EC11: 0 | ED11: 0 | EF11: الجامعة | EG11: سعودي | EH11: ذكر | EI11: 0 | EJ11: 0 | EK11: 0 | EL11: 0 | EM11: 0 | EN11: 0 | EO11: 0 | EP11: 0 | EQ11: 0 | ER11: 0 | ES11: 0 | EU11: الجامعة | EV11: سعودي | EW11: ذكر | EX11: 0 | EY11: 0 | EZ11: 0 | FA11: 0 | FB11: 0 | FC11: 0 | FD11: 0 | FE11: 0 | FF11: 0 | FG11: 0 | FH11: 0 | FJ11: الجامعة | FK11: سعودي | FL11: ذكر | FM11: 0 | FN11: 0 | FO11: 0 | FP11: 0 | FQ11: 0 | FR11: 0 | FS11: 0 | FT11: 0 | FU11: 0 | FV11: 0 | FW11: 0 | FY11: =(FJ11) -> الجامعة | FZ11: سعودي | GA11: ذكر | GB11: =SUM(FM11) -> 0 | GC11: =(E11+T11+AI11+AX11+BM11+CB11+CQ11+DF11+DU11+EJ11+EY11+FN11) -> 124 | GD11: =(F11+U11+AJ11+AY11+BN11+CC11+CR11+DG11+DV11+EK11+EZ11+FO11) -> 12 | GE11: =SUM(FP11) -> 0 | GF11: =SUM(FQ11) -> 0 | GG11: =SUM(FR11) -> 0 | GH11: =(J11+Y11+AN11+BC11+BR11+CG11+CV11+DK11+DZ11+EO11+FD11+FS11) -> 1420 | GI11: =(K11+Z11+AO11+BD11+BS11+CH11+CW11+DL11+EA11+EP11+FE11+FT11) -> 0 | GJ11: =(L11+AA11+AP11+BE11+BT11+CI11+CX11+DM11+EB11+EQ11+FF11+FU11) -> 0 | GK11: =(M11+AB11+AQ11+BF11+BU11+CJ11+CY11+DN11+EC11+ER11+FG11+FV11) -> 0 | GL11: =(N11+AC11+AR11+BG11+BV11+CK11+CZ11+DO11+ED11+ES11+FH11+FW11) -> 0
C12: أنثى | D12: 11 | E12: 2 | F12: 0 | G12: 243 | H12: 3 | I12: 15 | J12: 174 | K12: 0 | L12: 0 | M12: 0 | N12: 0 | R12: أنثى | S12: 230 | T12: 95 | U12: 0 | V12: 200 | W12: 40 | X12: 13 | Y12: 230 | Z12: 0 | AA12: 0 | AB12: 0 | AC12: 0 | AG12: أنثى | AH12: 24 | AI12: 9 | AJ12: 1 | AK12: 211 | AL12: 10 | AM12: 0 | AN12: 233 | AO12: 0 | AP12: 0 | AQ12: 0 | AR12: 0 | AV12: أنثى | AW12: 14 | AX12: 6 | AY12: 0 | AZ12: 193 | BA12: 10 | BB12: 0 | BC12: 203 | BD12: 0 | BE12: 0 | BF12: 0 | BG12: 0 | BK12: أنثى | BL12: 14 | BM12: 6 | BN12: 0 | BO12: 193 | BP12: 10 | BQ12: 0 | BR12: 0 | BS12: 0 | BT12: 0 | BU12: 0 | BV12: 0 | BZ12: أنثى | CA12: 19 | CB12: 0 | CC12: 0 | CD12: 0 | CE12: 0 | CF12: 0 | CG12: 176 | CH12: 0 | CI12: 0 | CJ12: 0 | CK12: 0 | CO12: أنثى | CP12: 11 | CQ12: 2 | CR12: 0 | CS12: 243 | CT12: 3 | CU12: 15 | CV12: 174 | CW12: 0 | CX12: 0 | CY12: 0 | CZ12: 0 | DD12: أنثى | DE12: 12 | DF12: 14 | DG12: 5 | DH12: 179 | DI12: 15 | DJ12: 0 | DK12: 176 | DL12: 0 | DM12: 0 | DN12: 0 | DO12: 0 | DS12: أنثى | DT12: 14 | DU12: 8 | DV12: 0 | DW12: 409 | DX12: 20 | DY12: 3 | DZ12: 116 | EA12: 0 | EB12: 0 | EC12: 0 | ED12: 0 | EH12: أنثى | EI12: 0 | EJ12: 0 | EK12: 0 | EL12: 0 | EM12: 0 | EN12: 0 | EO12: 0 | EP12: 0 | EQ12: 0 | ER12: 0 | ES12: 0 | EW12: أنثى | EX12: 0 | EY12: 0 | EZ12: 0 | FA12: 0 | FB12: 0 | FC12: 0 | FD12: 0 | FE12: 0 | FF12: 0 | FG12: 0 | FH12: 0 | FL12: أنثى | FM12: 0 | FN12: 0 | FO12: 0 | FP12: 0 | FQ12: 0 | FR12: 0 | FS12: 0 | FT12: 0 | FU12: 0 | FV12: 0 | FW12: 0 | GA12: أنثى | GB12: =SUM(FM12) -> 0 | GC12: =(E12+T12+AI12+AX12+BM12+CB12+CQ12+DF12+DU12+EJ12+EY12+FN12) -> 142 | GD12: =(F12+U12+AJ12+AY12+BN12+CC12+CR12+DG12+DV12+EK12+EZ12+FO12) -> 6 | GE12: =SUM(FP12) -> 0 | GF12: =SUM(FQ12) -> 0 | GG12: =SUM(FR12) -> 0 | GH12: =(J12+Y12+AN12+BC12+BR12+CG12+CV12+DK12+DZ12+EO12+FD12+FS12) -> 1482 | GI12: =(K12+Z12+AO12+BD12+BS12+CH12+CW12+DL12+EA12+EP12+FE12+FT12) -> 0 | GJ12: =(L12+AA12+AP12+BE12+BT12+CI12+CX12+DM12+EB12+EQ12+FF12+FU12) -> 0 | GK12: =(M12+AB12+AQ12+BF12+BU12+CJ12+CY12+DN12+EC12+ER12+FG12+FV12) -> 0 | GL12: =(N12+AC12+AR12+BG12+BV12+CK12+CZ12+DO12+ED12+ES12+FH12+FW12) -> 0
B13: غير | C13: ذكر | D13: 0 | E13: 0 | F13: 0 | G13: 0 | H13: 0 | I13: 0 | J13: 182 | K13: 0 | L13: 0 | M13: 0 | N13: 0 | Q13: غير | R13: ذكر | S13: 350 | T13: 100 | U13: 0 | V13: 150 | W13: 0 | X13: 0 | Y13: 350 | Z13: 0 | AA13: 0 | AB13: 0 | AC13: 0 | AF13: غير | AG13: ذكر | AH13: 0 | AI13: 0 | AJ13: 0 | AK13: 0 | AL13: 0 | AM13: 0 | AN13: 0 | AO13: 0 | AP13: 0 | AQ13: 0 | AR13: 0 | AU13: غير | AV13: ذكر | AW13: 0 | AX13: 0 | AY13: 0 | AZ13: 0 | BA13: 0 | BB13: 0 | BC13: 0 | BD13: 0 | BE13: 0 | BF13: 0 | BG13: 0 | BJ13: غير | BK13: ذكر | BL13: 0 | BM13: 0 | BN13: 0 | BO13: 0 | BP13: 0 | BQ13: 0 | BR13: 0 | BS13: 0 | BT13: 0 | BU13: 0 | BV13: 0 | BY13: غير | BZ13: ذكر | CA13: 0 | CB13: 0 | CC13: 0 | CD13: 0 | CE13: 0 | CF13: 0 | CG13: 0 | CH13: 0 | CI13: 0 | CJ13: 0 | CK13: 0 | CN13: غير | CO13: ذكر | CP13: 0 | CQ13: 0 | CR13: 0 | CS13: 0 | CT13: 0 | CU13: 0 | CV13: 182 | CW13: 0 | CX13: 0 | CY13: 0 | CZ13: 0 | DC13: غير | DD13: ذكر | DE13: 0 | DF13: 0 | DG13: 0 | DH13: 0 | DI13: 0 | DJ13: 0 | DK13: 0 | DL13: 0 | DM13: 0 | DN13: 0 | DO13: 0 | DR13: غير | DS13: ذكر | DT13: 0 | DU13: 0 | DV13: 0 | DW13: 0 | DX13: 0 | DY13: 0 | DZ13: 0 | EA13: 0 | EB13: 0 | EC13: 0 | ED13: 0 | EG13: غير | EH13: ذكر | EI13: 0 | EJ13: 0 | EK13: 0 | EL13: 0 | EM13: 0 | EN13: 0 | EO13: 0 | EP13: 0 | EQ13: 0 | ER13: 0 | ES13: 0 | EV13: غير | EW13: ذكر | EX13: 0 | EY13: 0 | EZ13: 0 | FA13: 0 | FB13: 0 | FC13: 0 | FD13: 0 | FE13: 0 | FF13: 0 | FG13: 0 | FH13: 0 | FK13: غير | FL13: ذكر | FM13: 0 | FN13: 0 | FO13: 0 | FP13: 0 | FQ13: 0 | FR13: 0 | FS13: 0 | FT13: 0 | FU13: 0 | FV13: 0 | FW13: 0 | FZ13: غير | GA13: ذكر | GB13: =SUM(FM13) -> 0 | GC13: =(E13+T13+AI13+AX13+BM13+CB13+CQ13+DF13+DU13+EJ13+EY13+FN13) -> 100 | GD13: =(F13+U13+AJ13+AY13+BN13+CC13+CR13+DG13+DV13+EK13+EZ13+FO13) -> 0 | GE13: =SUM(FP13) -> 0 | GF13: =SUM(FQ13) -> 0 | GG13: =SUM(FR13) -> 0 | GH13: =(J13+Y13+AN13+BC13+BR13+CG13+CV13+DK13+DZ13+EO13+FD13+FS13) -> 714 | GI13: =(K13+Z13+AO13+BD13+BS13+CH13+CW13+DL13+EA13+EP13+FE13+FT13) -> 0 | GJ13: =(L13+AA13+AP13+BE13+BT13+CI13+CX13+DM13+EB13+EQ13+FF13+FU13) -> 0 | GK13: =(M13+AB13+AQ13+BF13+BU13+CJ13+CY13+DN13+EC13+ER13+FG13+FV13) -> 0 | GL13: =(N13+AC13+AR13+BG13+BV13+CK13+CZ13+DO13+ED13+ES13+FH13+FW13) -> 0
B14: سعودي | C14: أنثى | D14: 0 | E14: 0 | F14: 0 | G14: 0 | H14: 0 | I14: 0 | J14: 189 | K14: 0 | L14: 0 | M14: 0 | N14: 0 | Q14: سعودي | R14: أنثى | S14: 300 | T14: 90 | U14: 0 | V14: 190 | W14: 0 | X14: 0 | Y14: 300 | Z14: 0 | AA14: 0 | AB14: 0 | AC14: 0 | AF14: سعودي | AG14: أنثى | AH14: 0 | AI14: 0 | AJ14: 0 | AK14: 0 | AL14: 0 | AM14: 0 | AN14: 0 | AO14: 0 | AP14: 0 | AQ14: 0 | AR14: 0 | AU14: سعودي | AV14: أنثى | AW14: 0 | AX14: 0 | AY14: 0 | AZ14: 0 | BA14: 0 | BB14: 0 | BC14: 0 | BD14: 0 | BE14: 0 | BF14: 0 | BG14: 0 | BJ14: سعودي | BK14: أنثى | BL14: 0 | BM14: 0 | BN14: 0 | BO14: 0 | BP14: 0 | BQ14: 0 | BR14: 0 | BS14: 0 | BT14: 0 | BU14: 0 | BV14: 0 | BY14: سعودي | BZ14: أنثى | CA14: 0 | CB14: 0 | CC14: 0 | CD14: 0 | CE14: 0 | CF14: 0 | CG14: 0 | CH14: 0 | CI14: 0 | CJ14: 0 | CK14: 0 | CN14: سعودي | CO14: أنثى | CP14: 0 | CQ14: 0 | CR14: 0 | CS14: 0 | CT14: 0 | CU14: 0 | CV14: 189 | CW14: 0 | CX14: 0 | CY14: 0 | CZ14: 0 | DC14: سعودي | DD14: أنثى | DE14: 0 | DF14: 0 | DG14: 0 | DH14: 0 | DI14: 0 | DJ14: 0 | DK14: 0 | DL14: 0 | DM14: 0 | DN14: 0 | DO14: 0 | DR14: سعودي | DS14: أنثى | DT14: 0 | DU14: 0 | DV14: 0 | DW14: 0 | DX14: 0 | DY14: 0 | DZ14: 0 | EA14: 0 | EB14: 0 | EC14: 0 | ED14: 0 | EG14: سعودي | EH14: أنثى | EI14: 0 | EJ14: 0 | EK14: 0 | EL14: 0 | EM14: 0 | EN14: 0 | EO14: 0 | EP14: 0 | EQ14: 0 | ER14: 0 | ES14: 0 | EV14: سعودي | EW14: أنثى | EX14: 0 | EY14: 0 | EZ14: 0 | FA14: 0 | FB14: 0 | FC14: 0 | FD14: 0 | FE14: 0 | FF14: 0 | FG14: 0 | FH14: 0 | FK14: سعودي | FL14: أنثى | FM14: 0 | FN14: 0 | FO14: 0 | FP14: 0 | FQ14: 0 | FR14: 0 | FS14: 0 | FT14: 0 | FU14: 0 | FV14: 0 | FW14: 0 | FZ14: سعودي | GA14: أنثى | GB14: =SUM(FM14) -> 0 | GC14: =(E14+T14+AI14+AX14+BM14+CB14+CQ14+DF14+DU14+EJ14+EY14+FN14) -> 90 | GD14: =(F14+U14+AJ14+AY14+BN14+CC14+CR14+DG14+DV14+EK14+EZ14+FO14) -> 0 | GE14: =SUM(FP14) -> 0 | GF14: =SUM(FQ14) -> 0 | GG14: =SUM(FR14) -> 0 | GH14: =(J14+Y14+AN14+BC14+BR14+CG14+CV14+DK14+DZ14+EO14+FD14+FS14) -> 678 | GI14: =(K14+Z14+AO14+BD14+BS14+CH14+CW14+DL14+EA14+EP14+FE14+FT14) -> 0 | GJ14: =(L14+AA14+AP14+BE14+BT14+CI14+CX14+DM14+EB14+EQ14+FF14+FU14) -> 0 | GK14: =(M14+AB14+AQ14+BF14+BU14+CJ14+CY14+DN14+EC14+ER14+FG14+FV14) -> 0 | GL14: =(N14+AC14+AR14+BG14+BV14+CK14+CZ14+DO14+ED14+ES14+FH14+FW14) -> 0
B15: المجموع | D15: =SUM(D11:D14) -> 20 | E15: =SUM(E11:E14) -> 5 | F15: =SUM(F11:F14) -> 2 | G15: =SUM(G11:G14) -> 445 | H15: =SUM(H11:H14) -> 9 | I15: =SUM(I11:I14) -> 29 | J15: =SUM(J11:J14) -> 723 | K15: =SUM(K11:K14) -> 0 | ... N15: =SUM(N11:N14) -> 0 | Q15: المجموع | S15: =SUM(S11:S14) -> 1130 | T15: =SUM(T11:T14) -> 355 | U15: =SUM(U11:U14) -> 4 | V15: =SUM(V11:V14) -> 750 | W15: =SUM(W11:W14) -> 110 | X15: =SUM(X11:X14) -> 28 | Y15: =SUM(Y11:Y14) -> 1130 | Z15: =SUM(Z11:Z14) -> 0 | ... AC15: =SUM(AC11:AC14) -> 0 | AF15: المجموع | AH15: =SUM(AH11:AH14) -> 50 | AI15: =SUM(AI11:AI14) -> 23 | AJ15: =SUM(AJ11:AJ14) -> 2 | AK15: =SUM(AK11:AK14) -> 420 | AL15: =SUM(AL11:AL14) -> 21 | AM15: =SUM(AM11:AM14) -> 0 | AN15: =SUM(AN11:AN14) -> 456 | AO15: =SUM(AO11:AO14) -> 0 | ... AR15: =SUM(AR11:AR14) -> 0 | AU15: المجموع | AW15: =SUM(AW11:AW14) -> 39 | AX15: =SUM(AX11:AX14) -> 15 | AY15: =SUM(AY11:AY14) -> 0 | AZ15: =SUM(AZ11:AZ14) -> 361 | BA15: =SUM(BA11:BA14) -> 22 | BB15: =SUM(BB11:BB14) -> 0 | BC15: =SUM(BC11:BC14) -> 378 | BD15: =SUM(BD11:BD14) -> 0 | ... BG15: =SUM(BG11:BG14) -> 0 | BJ15: المجموع | BL15: =SUM(BL11:BL14) -> 39 | BM15: =SUM(BM11:BM14) -> 15 | BN15: =SUM(BN11:BN14) -> 0 | BO15: =SUM(BO11:BO14) -> 361 | BP15: =SUM(BP11:BP14) -> 22 | BQ15: =SUM(BQ11:BQ14) -> 0 | BR15: =SUM(BR11:BR14) -> 0 | BS15: =SUM(BS11:BS14) -> 0 | ... BV15: =SUM(BV11:BV14) -> 0 | BY15: المجموع | CA15: =SUM(CA11:CA14) -> 44 | CB15: =SUM(CB11:CB14) -> 0 | CC15: =SUM(CC11:CC14) -> 0 | CD15: =SUM(CD11:CD14) -> 0 | CE15: =SUM(CE11:CE14) -> 0 | CF15: =SUM(CF11:CF14) -> 0 | CG15: 330 | CH15: =SUM(CH11:CH14) -> 0 | CI15: =SUM(CI11:CI14) -> 0 | CJ15: =SUM(CJ11:CJ14) -> 0 | CK15: =SUM(CK11:CK14) -> 0 | CN15: المجموع | CP15: 20 | CQ15: 5 | CR15: 2 | CS15: 445 | CT15: 9 | CU15: 29 | CV15: 723 | CW15: 0 | CX15: 0 | CY15: 0 | CZ15: 0 | DC15: المجموع | DE15: =SUM(DE11:DE14) -> 30 | DF15: =SUM(DF11:DF14) -> 24 | DG15: =SUM(DG11:DG14) -> 8 | DH15: =SUM(DH11:DH14) -> 302 | DI15: =SUM(DI11:DI14) -> 27 | DJ15: =SUM(DJ11:DJ14) -> 0 | DK15: =SUM(DK11:DK14) -> 330 | DL15: =SUM(DL11:DL14) -> 0 | ... DO15: =SUM(DO11:DO14) -> 0 | DR15: المجموع | DT15: =SUM(DT11:DT14) -> 29 | DU15: =SUM(DU11:DU14) -> 14 | DV15: =SUM(DV11:DV14) -> 0 | DW15: =SUM(DW11:DW14) -> 682 | DX15: =SUM(DX11:DX14) -> 25 | DY15: =SUM(DY11:DY14) -> 3 | DZ15: =SUM(DZ11:DZ14) -> 224 | EA15: =SUM(EA11:EA14) -> 0 | ... ED15: =SUM(ED11:ED14) -> 0 | EG15: المجموع | EI15: =SUM(EI11:EI14) -> 0 | EJ15: =SUM(EJ11:EJ14) -> 0 | EK15: =SUM(EK11:EK14) -> 0 | EL15: =SUM(EL11:EL14) -> 0 | EM15: =SUM(EM11:EM14) -> 0 | EN15: =SUM(EN11:EN14) -> 0 | EO15: =SUM(EO11:EO14) -> 0 | EP15: =SUM(EP11:EP14) -> 0 | ... ES15: =SUM(ES11:ES14) -> 0 | EV15: المجموع | EX15: =SUM(EX11:EX14) -> 0 | EY15: =SUM(EY11:EY14) -> 0 | EZ15: =SUM(EZ11:EZ14) -> 0 | FA15: =SUM(FA11:FA14) -> 0 | FB15: =SUM(FB11:FB14) -> 0 | FC15: =SUM(FC11:FC14) -> 0 | FD15: =SUM(FD11:FD14) -> 0 | FE15: =SUM(FE11:FE14) -> 0 | ... FH15: =SUM(FH11:FH14) -> 0 | FK15: المجموع | FM15: =SUM(FM11:FM14) -> 0 | FN15: =SUM(FN11:FN14) -> 0 | FO15: =SUM(FO11:FO14) -> 0 | FP15: =SUM(FP11:FP14) -> 0 | FQ15: =SUM(FQ11:FQ14) -> 0 | FR15: =SUM(FR11:FR14) -> 0 | FS15: =SUM(FS11:FS14) -> 0 | FT15: =SUM(FT11:FT14) -> 0 | ... FW15: =SUM(FW11:FW14) -> 0 | FZ15: المجموع | GB15: =SUM(GB11:GB14) -> 0 | GC15: =SUM(GC11:GC14) -> 456 | GD15: =SUM(GD11:GD14) -> 18 | GE15: =SUM(GE11:GE14) -> 0 | GF15: =SUM(GF11:GF14) -> 0 | GG15: =SUM(GG11:GG14) -> 0 | GH15: =SUM(GH11:GH14) -> 4294 | GI15: =SUM(GI11:GI14) -> 0 | ... GL15: =SUM(GL11:GL14) -> 0
B16: عدد الأطفال الذين يقل وزنهم بالنسبة لعمرهم ( تحت المنطقة C في منحنى النمو خلال الشهر | K16: ذكر | L16: 0 | M16: أنثى | N16: 0 | Q16: عدد الأطفال الذين يقل وزنهم بالنسبة لعمرهم ( تحت المنطقة C في منحنى النمو خلال الشهر | Z16: ذكر | AA16: 0 | AB16: أنثى | AC16: 0 | AF16: عدد الأطفال الذين يقل وزنهم بالنسبة لعمرهم ( تحت المنطقة C في منحنى النمو خلال الشهر | AO16: ذكر | AP16: 0 | AQ16: أنثى | AR16: 0 | AU16: عدد الأطفال الذين يقل وزنهم بالنسبة لعمرهم ( تحت المنطقة C في منحنى النمو خلال الشهر | BD16: ذكر | BE16: 0 | BF16: أنثى | BG16: 0 | BJ16: عدد الأطفال الذين يقل وزنهم بالنسبة لعمرهم ( تحت المنطقة C في منحنى النمو خلال الشهر | BS16: ذكر | BT16: 0 | BU16: أنثى | BV16: 0 | BY16: عدد الأطفال الذين يقل وزنهم بالنسبة لعمرهم ( تحت المنطقة C في منحنى النمو خلال الشهر | CH16: ذكر | CI16: 0 | CJ16: أنثى | CK16: 0 | CN16: عدد الأطفال الذين يقل وزنهم بالنسبة لعمرهم ( تحت المنطقة C في منحنى النمو خلال الشهر | CW16: ذكر | CX16: 0 | CY16: أنثى | CZ16: 0 | DC16: عدد الأطفال الذين يقل وزنهم بالنسبة لعمرهم ( تحت المنطقة C في منحنى النمو خلال الشهر | DL16: ذكر | DM16: 0 | DN16: أنثى | DO16: 0 | DR16: عدد الأطفال الذين يقل وزنهم بالنسبة لعمرهم ( تحت المنطقة C في منحنى النمو خلال الشهر | EA16: ذكر | EB16: 0 | EC16: أنثى | ED16: 0 | EG16: عدد الأطفال الذين يقل وزنهم بالنسبة لعمرهم ( تحت المنطقة C في منحنى النمو خلال الشهر | EP16: ذكر | EQ16: 0 | ER16: أنثى | ES16: 0 | EV16: عدد الأطفال الذين يقل وزنهم بالنسبة لعمرهم ( تحت المنطقة C في منحنى النمو خلال الشهر | FE16: ذكر | FF16: 0 | FG16: أنثى | FH16: 0 | FK16: عدد الأطفال الذين يقل وزنهم بالنسبة لعمرهم ( تحت المنطقة C في منحنى النمو خلال الشهر | FT16: ذكر | FU16: 0 | FV16: أنثى | FW16: 0 | FZ16: عدد الأطفال الذين يقل وزنهم بالنسبة لعمرهم ( تحت المنطقة C في منحنى النمو خلال العام | GI16: ذكر | GJ16: =(L16+AA16+AP16+BE16+BT16+CI16+CX16+DM16+EB16+EQ16+FF16+FU16) -> 0 | GK16: أنثى | GL16: =(N16+AC16+AR16+BG16+BV16+CK16+CZ16+DO16+ED16+ES16+FH16+FW16) -> 0
A17: السليمانية | B17: سعودي | C17: ذكر | D17: 15 | E17: 0 | F17: 0 | G17: 0 | H17: 28 | I17: 30 | J17: 122 | K17: 0 | L17: 0 | M17: 0 | N17: 0 | P17: السليمانية | Q17: سعودي | R17: ذكر | S17: 0 | T17: 0 | U17: 0 | V17: 0 | W17: 0 | X17: 192 | Y17: 79 | Z17: 51 | AA17: 160 | AB17: 0 | AC17: 0 | AE17: السليمانية | AF17: سعودي | AG17: ذكر | AH17: 0 | AI17: 0 | AJ17: 0 | AK17: 0 | AL17: 0 | AM17: 0 | AN17: 0 | AO17: 0 | AP17: 0 | AQ17: 0 | AR17: 0 | AT17: السليمانية | AU17: سعودي | AV17: ذكر | AW17: 0 | AX17: 0 | AY17: 0 | AZ17: 0 | BA17: 0 | BB17: 0 | BC17: 0 | BD17: 0 | BE17: 0 | BF17: 0 | BG17: 0 | BI17: السليمانية | BJ17: سعودي | BK17: ذكر | BL17: 0 | BM17: 0 | BN17: 0 | BO17: 0 | BP17: 0 | BQ17: 0 | BR17: 58 | BS17: 0 | BT17: 0 | BU17: 0 | BV17: 0 | BX17: السليمانية | BY17: سعودي | BZ17: ذكر | CA17: 0 | CB17: 0 | CC17: 0 | CD17: 0 | CE17: 0 | CF17: 0 | CG17: 0 | CH17: 0 | CI17: 0 | CJ17: 0 | CK17: 0 | CM17: السليمانية | CN17: سعودي | CO17: ذكر | CP17: 0 | CQ17: 0 | CR17: 0 | CS17: 196 | CT17: 80 | CU17: 51 | CV17: 132 | CW17: 0 | CX17: 0 | CY17: 0 | CZ17: 0 | DB17: السليمانية | DC17: سعودي | DD17: ذكر | DE17: 0 | DF17: 0 | DG17: 0 | DH17: 0 | DI17: 0 | DJ17: 0 | DK17: 0 | DL17: 0 | DM17: 0 | DN17: 0 | DO17: 0 | DQ17: السليمانية | DR17: سعودي | DS17: ذكر | DT17: 68 | DU17: 44 | DV17: 26 | DW17: 1289 | DX17: 35 | DY17: 10 | DZ17: 18 | EA17: 0 | EB17: 0 | EC17: 0 | ED17: 0 | EF17: السليمانية | EG17: سعودي | EH17: ذكر | EI17: 68 | EJ17: 44 | EK17: 26 | EL17: 1289 | EM17: 35 | EN17: 10 | EO17: 686 | EP17: 0 | EQ17: 0 | ER17: 0 | ES17: 0 | EU17: السليمانية | EV17: سعودي | EW17: ذكر | EX17: 0 | EY17: 0 | EZ17: 0 | FA17: 0 | FB17: 0 | FC17: 0 | FD17: 0 | FE17: 0 | FF17: 0 | FG17: 0 | FH17: 0 | FJ17: السليمانية | FK17: سعودي | FL17: ذكر | FM17: 0 | FN17: 0 | FO17: 0 | FP17: 0 | FQ17: 0 | FR17: 0 | FS17: 0 | FT17: 0 | FU17: 0 | FV17: 0 | FW17: 0 | FY17: =(FJ17) -> السليمانية | FZ17: سعودي | GA17: ذكر | GB17: =SUM(FM17) -> 0 | GC17: =(E17+T17+AI17+AX17+BM17+CB17+CQ17+DF17+DU17+EJ17+EY17+FN17) -> 88 | GD17: =(F17+U17+AJ17+AY17+BN17+CC17+CR17+DG17+DV17+EK17+EZ17+FO17) -> 52 | GE17: =SUM(FP17) -> 0 | GF17: =SUM(FQ17) -> 0 | GG17: =SUM(FR17) -> 0 | GH17: =(J17+Y17+AN17+BC17+BR17+CG17+CV17+DK17+DZ17+EO17+FD17+FS17) -> 1095 | GI17: =(K17+Z17+AO17+BD17+BS17+CH17+CW17+DL17+EA17+EP17+FE17+FT17) -> 51 | GJ17: =(L17+AA17+AP17+BE17+BT17+CI17+CX17+DM17+EB17+EQ17+FF17+FU17) -> 160 | GK17: =(M17+AB17+AQ17+BF17+BU17+CJ17+CY17+DN17+EC17+ER17+FG17+FV17) -> 0 | GL17: =(N17+AC17+AR17+BG17+BV17+CK17+CZ17+DO17+ED17+ES17+FH17+FW17) -> 0
C18: أنثى | D18: 10 | E18: 0 | F18: 0 | G18: 0 | H18: 32 | I18: 40 | J18: 133 | K18: 0 | L18: 0 | M18: 0 | N18: 0 | R18: أنثى | S18: 0 | T18: 0 | U18: 0 | V18: 0 | W18: 0 | X18: 224 | Y18: 55 | Z18: 41 | AA18: 120 | AB18: 0 | AC18: 0 | AG18: أنثى | AH18: 0 | AI18: 0 | AJ18: 0 | AK18: 0 | AL18: 0 | AM18: 0 | AN18: 0 | AO18: 0 | AP18: 0 | AQ18: 0 | AR18: 0 | AV18: أنثى | AW18: 0 | AX18: 0 | AY18: 0 | AZ18: 0 | BA18: 0 | BB18: 0 | BC18: 0 | BD18: 0 | BE18: 0 | BF18: 0 | BG18: 0 | BK18: أنثى | BL18: 0 | BM18: 0 | BN18: 0 | BO18: 0 | BP18: 0 | BQ18: 0 | BR18: 31 | BS18: 0 | BT18: 0 | BU18: 0 | BV18: 0 | BZ18: أنثى | CA18: 0 | CB18: 0 | CC18: 0 | CD18: 0 | CE18: 0 | CF18: 0 | CG18: 0 | CH18: 0 | CI18: 0 | CJ18: 0 | CK18: 0 | CO18: أنثى | CP18: 0 | CQ18: 0 | CR18: 0 | CS18: 225 | CT18: 55 | CU18: 41 | CV18: 110 | CW18: 0 | CX18: 0 | CY18: 0 | CZ18: 0 | DD18: أنثى | DE18: 0 | DF18: 0 | DG18: 0 | DH18: 0 | DI18: 0 | DJ18: 0 | DK18: 0 | DL18: 0 | DM18: 0 | DN18: 0 | DO18: 0 | DS18: أنثى | DT18: 52 | DU18: 21 | DV18: 25 | DW18: 1303 | DX18: 32 | DY18: 12 | DZ18: 10 | EA18: 0 | EB18: 0 | EC18: 0 | ED18: 0 | EH18: أنثى | EI18: 52 | EJ18: 21 | EK18: 25 | EL18: 1303 | EM18: 32 | EN18: 12 | EO18: 532 | EP18: 0 | EQ18: 0 | ER18: 0 | ES18: 0 | EW18: أنثى | EX18: 0 | EY18: 0 | EZ18: 0 | FA18: 0 | FB18: 0 | FC18: 0 | FD18: 0 | FE18: 0 | FF18: 0 | FG18: 0 | FH18: 0 | FL18: أنثى | FM18: 0 | FN18: 0 | FO18: 0 | FP18: 0 | FQ18: 0 | FR18: 0 | FS18: 0 | FT18: 0 | FU18: 0 | FV18: 0 | FW18: 0 | GA18: أنثى | GB18: =SUM(FM18) -> 0 | GC18: =(E18+T18+AI18+AX18+BM18+CB18+CQ18+DF18+DU18+EJ18+EY18+FN18) -> 42 | GD18: =(F18+U18+AJ18+AY18+BN18+CC18+CR18+DG18+DV18+EK18+EZ18+FO18) -> 50 | GE18: =SUM(FP18) -> 0 | GF18: =SUM(FQ18) -> 0 | GG18: =SUM(FR18) -> 0 | GH18: =(J18+Y18+AN18+BC18+BR18+CG18+CV18+DK18+DZ18+EO18+FD18+FS18) -> 871 | GI18: =(K18+Z18+AO18+BD18+BS18+CH18+CW18+DL18+EA18+EP18+FE18+FT18) -> 41 | GJ18: =(L18+AA18+AP18+BE18+BT18+CI18+CX18+DM18+EB18+EQ18+FF18+FU18) -> 120 | GK18: =(M18+AB18+AQ18+BF18+BU18+CJ18+CY18+DN18+EC18+ER18+FG18+FV18) -> 0 | GL18: =(N18+AC18+AR18+BG18+BV18+CK18+CZ18+DO18+ED18+ES18+FH18+FW18) -> 0
B19: غير | C19: ذكر | D19: 0 | E19: 0 | F19: 0 | G19: 0 | H19: 50 | I19: 39 | J19: 137 | K19: 0 | L19: 0 | M19: 0 | N19: 0 | Q19: غير | R19: ذكر | S19: 0 | T19: 0 | U19: 0 | V19: 0 | W19: 0 | X19: 0 | Y19: 0 | Z19: 0 | AA19: 179 | AB19: 0 | AC19: 0 | AF19: غير | AG19: ذكر | AH19: 0 | AI19: 0 | AJ19: 0 | AK19: 0 | AL19: 0 | AM19: 0 | AN19: 0 | AO19: 0 | AP19: 0 | AQ19: 0 | AR19: 0 | AU19: غير | AV19: ذكر | AW19: 0 | AX19: 0 | AY19: 0 | AZ19: 0 | BA19: 0 | BB19: 0 | BC19: 0 | BD19: 0 | BE19: 0 | BF19: 0 | BG19: 0 | BJ19: غير | BK19: ذكر | BL19: 0 | BM19: 0 | BN19: 0 | BO19: 0 | BP19: 0 | BQ19: 0 | BR19: 6 | BS19: 0 | BT19: 0 | BU19: 0 | BV19: 0 | BY19: غير | BZ19: ذكر | CA19: 0 | CB19: 0 | CC19: 0 | CD19: 0 | CE19: 0 | CF19: 0 | CG19: 0 | CH19: 0 | CI19: 0 | CJ19: 0 | CK19: 0 | CN19: غير | CO19: ذكر | CP19: 0 | CQ19: 0 | CR19: 0 | CS19: 0 | CT19: 0 | CU19: 0 | CV19: 138 | CW19: 0 | CX19: 0 | CY19: 0 | CZ19: 0 | DC19: غير | DD19: ذكر | DE19: 0 | DF19: 0 | DG19: 0 | DH19: 0 | DI19: 0 | DJ19: 0 | DK19: 0 | DL19: 0 | DM19: 0 | DN19: 0 | DO19: 0 | DR19: غير | DS19: ذكر | DT19: 41 | DU19: 25 | DV19: 20 | DW19: 150 | DX19: 20 | DY19: 15 | DZ19: 22 | EA19: 0 | EB19: 0 | EC19: 0 | ED19: 0 | EG19: غير | EH19: ذكر | EI19: 41 | EJ19: 25 | EK19: 20 | EL19: 150 | EM19: 20 | EN19: 15 | EO19: 255 | EP19: 0 | EQ19: 0 | ER19: 0 | ES19: 0 | EV19: غير | EW19: ذكر | EX19: 0 | EY19: 0 | EZ19: 0 | FA19: 0 | FB19: 0 | FC19: 0 | FD19: 0 | FE19: 0 | FF19: 0 | FG19: 0 | FH19: 0 | FK19: غير | FL19: ذكر | FM19: 0 | FN19: 0 | FO19: 0 | FP19: 0 | FQ19: 0 | FR19: 0 | FS19: 0 | FT19: 0 | FU19: 0 | FV19: 0 | FW19: 0 | FZ19: غير | GA19: ذكر | GB19: =SUM(FM19) -> 0 | GC19: =(E19+T19+AI19+AX19+BM19+CB19+CQ19+DF19+DU19+EJ19+EY19+FN19) -> 50 | GD19: =(F19+U19+AJ19+AY19+BN19+CC19+CR19+DG19+DV19+EK19+EZ19+FO19) -> 40 | GE19: =SUM(FP19) -> 0 | GF19: =SUM(FQ19) -> 0 | GG19: =SUM(FR19) -> 0 | GH19: =(J19+Y19+AN19+BC19+BR19+CG19+CV19+DK19+DZ19+EO19+FD19+FS19) -> 558 | GI19: =(K19+Z19+AO19+BD19+BS19+CH19+CW19+DL19+EA19+EP19+FE19+FT19) -> 0 | GJ19: =(L19+AA19+AP19+BE19+BT19+CI19+CX19+DM19+EB19+EQ19+FF19+FU19) -> 179 | GK19: =(M19+AB19+AQ19+BF19+BU19+CJ19+CY19+DN19+EC19+ER19+FG19+FV19) -> 0 | GL19: =(N19+AC19+AR19+BG19+BV19+CK19+CZ19+DO19+ED19+ES19+FH19+FW19) -> 0
B20: سعودي | C20: أنثى | D20: 0 | E20: 0 | F20: 0 | G20: 0 | H20: 60 | I20: 41 | J20: 138 | K20: 0 | L20: 0 | M20: 0 | N20: 0 | Q20: سعودي | R20: أنثى | S20: 0 | T20: 0 | U20: 0 | V20: 0 | W20: 0 | X20: 0 | Y20: 0 | Z20: 0 | AA20: 170 | AB20: 0 | AC20: 0 | AF20: سعودي | AG20: أنثى | AH20: 0 | AI20: 0 | AJ20: 0 | AK20: 0 | AL20: 0 | AM20: 0 | AN20: 0 | AO20: 0 | AP20: 0 | AQ20: 0 | AR20: 0 | AU20: سعودي | AV20: أنثى | AW20: 0 | AX20: 0 | AY20: 0 | AZ20: 0 | BA20: 0 | BB20: 0 | BC20: 0 | BD20: 0 | BE20: 0 | BF20: 0 | BG20: 0 | BJ20: سعودي | BK20: أنثى | BL20: 0 | BM20: 0 | BN20: 0 | BO20: 0 | BP20: 0 | BQ20: 0 | BR20: 7 | BS20: 0 | BT20: 0 | BU20: 0 | BV20: 0 | BY20: سعودي | BZ20: أنثى | CA20: 0 | CB20: 0 | CC20: 0 | CD20: 0 | CE20: 0 | CF20: 0 | CG20: 0 | CH20: 0 | CI20: 0 | CJ20: 0 | CK20: 0 | CN20: سعودي | CO20: أنثى | CP20: 0 | CQ20: 0 | CR20: 0 | CS20: 0 | CT20: 0 | CU20: 0 | CV20: 162 | CW20: 0 | CX20: 0 | CY20: 0 | CZ20: 0 | DC20: سعودي | DD20: أنثى | DE20: 0 | DF20: 0 | DG20: 0 | DH20: 0 | DI20: 0 | DJ20: 0 | DK20: 0 | DL20: 0 | DM20: 0 | DN20: 0 | DO20: 0 | DR20: سعودي | DS20: أنثى | DT20: 55 | DU20: 20 | DV20: 17 | DW20: 142 | DX20: 25 | DY20: 18 | DZ20: 20 | EA20: 0 | EB20: 0 | EC20: 0 | ED20: 0 | EG20: سعودي | EH20: أنثى | EI20: 55 | EJ20: 20 | EK20: 17 | EL20: 142 | EM20: 25 | EN20: 18 | EO20: 163 | EP20: 0 | EQ20: 0 | ER20: 0 | ES20: 0 | EV20: سعودي | EW20: أنثى | EX20: 0 | EY20: 0 | EZ20: 0 | FA20: 0 | FB20: 0 | FC20: 0 | FD20: 0 | FE20: 0 | FF20: 0 | FG20: 0 | FH20: 0 | FK20: سعودي | FL20: أنثى | FM20: 0 | FN20: 0 | FO20: 0 | FP20: 0 | FQ20: 0 | FR20: 0 | FS20: 0 | FT20: 0 | FU20: 0 | FV20: 0 | FW20: 0 | FZ20: سعودي | GA20: أنثى | GB20: =SUM(FM20) -> 0 | GC20: =(E20+T20+AI20+AX20+BM20+CB20+CQ20+DF20+DU20+EJ20+EY20+FN20) -> 40 | GD20: =(F20+U20+AJ20+AY20+BN20+CC20+CR20+DG20+DV20+EK20+EZ20+FO20) -> 34 | GE20: =SUM(FP20) -> 0 | GF20: =SUM(FQ20) -> 0 | GG20: =SUM(FR20) -> 0 | GH20: =(J20+Y20+AN20+BC20+BR20+CG20+CV20+DK20+DZ20+EO20+FD20+FS20) -> 490 | GI20: =(K20+Z20+AO20+BD20+BS20+CH20+CW20+DL20+EA20+EP20+FE20+FT20) -> 0 | GJ20: =(L20+AA20+AP20+BE20+BT20+CI20+CX20+DM20+EB20+EQ20+FF20+FU20) -> 170 | GK20: =(M20+AB20+AQ20+BF20+BU20+CJ20+CY20+DN20+EC20+ER20+FG20+FV20) -> 0 | GL20: =(N20+AC20+AR20+BG20+BV20+CK20+CZ20+DO20+ED20+ES20+FH20+FW20) -> 0
B21: المجموع | D21: =SUM(D17:D20) -> 25 | E21: =SUM(E17:E20) -> 0 | F21: =SUM(F17:F20) -> 0 | G21: =SUM(G17:G20) -> 0 | H21: =SUM(H17:H20) -> 170 | I21: =SUM(I17:I20) -> 150 | J21: =SUM(J17:J20) -> 530 | K21: =SUM(K17:K20) -> 0 | ... N21: =SUM(N17:N20) -> 0 | Q21: المجموع | S21: =SUM(S17:S20) -> 0 | T21: =SUM(T17:T20) -> 0 | U21: =SUM(U17:U20) -> 0 | V21: =SUM(V17:V20) -> 0 | W21: =SUM(W17:W20) -> 0 | X21: =SUM(X17:X20) -> 416 | Y21: =SUM(Y17:Y20) -> 134 | Z21: =SUM(Z17:Z20) -> 92 | ... AC21: =SUM(AC17:AC20) -> 0 | AF21: المجموع | AH21: =SUM(AH17:AH20) -> 0 | AI21: =SUM(AI17:AI20) -> 0 | AJ21: =SUM(AJ17:AJ20) -> 0 | AK21: =SUM(AK17:AK20) -> 0 | AL21: =SUM(AL17:AL20) -> 0 | AM21: =SUM(AM17:AM20) -> 0 | AN21: =SUM(AN17:AN20) -> 0 | AO21: =SUM(AO17:AO20) -> 0 | ... AR21: =SUM(AR17:AR20) -> 0 | AU21: المجموع | AW21: =SUM(AW17:AW20) -> 0 | AX21: =SUM(AX17:AX20) -> 0 | AY21: =SUM(AY17:AY20) -> 0 | AZ21: =SUM(AZ17:AZ20) -> 0 | BA21: =SUM(BA17:BA20) -> 0 | BB21: =SUM(BB17:BB20) -> 0 | BC21: =SUM(BC17:BC20) -> 0 | BD21: =SUM(BD17:BD20) -> 0 | ... BG21: =SUM(BG17:BG20) -> 0 | BJ21: المجموع | BL21: =SUM(BL17:BL20) -> 0 | BM21: =SUM(BM17:BM20) -> 0 | BN21: =SUM(BN17:BN20) -> 0 | BO21: =SUM(BO17:BO20) -> 0 | BP21: =SUM(BP17:BP20) -> 0 | BQ21: =SUM(BQ17:BQ20) -> 0 | BR21: =SUM(BR17:BR20) -> 102 | BS21: =SUM(BS17:BS20) -> 0 | ... BV21: =SUM(BV17:BV20) -> 0 | BY21: المجموع | CA21: =SUM(CA17:CA20) -> 0 | CB21: =SUM(CB17:CB20) -> 0 | CC21: =SUM(CC17:CC20) -> 0 | CD21: =SUM(CD17:CD20) -> 0 | CE21: =SUM(CE17:CE20) -> 0 | CF21: =SUM(CF17:CF20) -> 0 | CG21: 0 | CH21: =SUM(CH17:CH20) -> 0 | CI21: =SUM(CI17:CI20) -> 0 | CJ21: =SUM(CJ17:CJ20) -> 0 | CK21: =SUM(CK17:CK20) -> 0 | CN21: المجموع | CP21: 0 | CQ21: 0 | CR21: 0 | CS21: 421 | CT21: 135 | CU21: 92 | CV21: 542 | CW21: 0 | CX21: 0 | CY21: 0 | CZ21: 0 | DC21: المجموع | DE21: =SUM(DE17:DE20) -> 0 | DF21: =SUM(DF17:DF20) -> 0 | DG21: =SUM(DG17:DG20) -> 0 | DH21: =SUM(DH17:DH20) -> 0 | DI21: =SUM(DI17:DI20) -> 0 | DJ21: =SUM(DJ17:DJ20) -> 0 | DK21: =SUM(DK17:DK20) -> 0 | DL21: =SUM(DL17:DL20) -> 0 | ... DO21: =SUM(DO17:DO20) -> 0 | DR21: المجموع | DT21: =SUM(DT17:DT20) -> 216 | DU21: =SUM(DU17:DU20) -> 110 | DV21: =SUM(DV17:DV20) -> 88 | DW21: =SUM(DW17:DW20) -> 2884 | DX21: =SUM(DX17:DX20) -> 112 | DY21: =SUM(DY17:DY20) -> 55 | DZ21: =SUM(DZ17:DZ20) -> 70 | EA21: =SUM(EA17:EA20) -> 0 | ... ED21: =SUM(ED17:ED20) -> 0 | EG21: المجموع | EI21: =SUM(EI17:EI20) -> 216 | EJ21: =SUM(EJ17:EJ20) -> 110 | EK21: =SUM(EK17:EK20) -> 88 | EL21: =SUM(EL17:EL20) -> 2884 | EM21: =SUM(EM17:EM20) -> 112 | EN21: =SUM(EN17:EN20) -> 55 | EO21: =SUM(EO17:EO20) -> 1636 | EP21: =SUM(EP17:EP20) -> 0 | ... ES21: =SUM(ES17:ES20) -> 0 | EV21: المجموع | EX21: =SUM(EX17:EX20) -> 0 | EY21: =SUM(EY17:EY20) -> 0 | EZ21: =SUM(EZ17:EZ20) -> 0 | FA21: =SUM(FA17:FA20) -> 0 | FB21: =SUM(FB17:FB20) -> 0 | FC21: =SUM(FC17:FC20) -> 0 | FD21: =SUM(FD17:FD20) -> 0 | FE21: =SUM(FE17:FE20) -> 0 | ... FH21: =SUM(FH17:FH20) -> 0 | FK21: المجموع | FM21: =SUM(FM17:FM20) -> 0 | FN21: =SUM(FN17:FN20) -> 0 | FO21: =SUM(FO17:FO20) -> 0 | FP21: =SUM(FP17:FP20) -> 0 | FQ21: =SUM(FQ17:FQ20) -> 0 | FR21: =SUM(FR17:FR20) -> 0 | FS21: =SUM(FS17:FS20) -> 0 | FT21: =SUM(FT17:FT20) -> 0 | ... FW21: =SUM(FW17:FW20) -> 0 | FZ21: المجموع | GB21: =SUM(GB17:GB20) -> 0 | GC21: =SUM(GC17:GC20) -> 220 | GD21: =SUM(GD17:GD20) -> 176 | GE21: =SUM(GE17:GE20) -> 0 | GF21: =SUM(GF17:GF20) -> 0 | GG21: =SUM(GG17:GG20) -> 0 | GH21: =SUM(GH17:GH20) -> 3014 | GI21: =SUM(GI17:GI20) -> 92 | ... GL21: =SUM(GL17:GL20) -> 0
B22: عدد الأطفال الذين يقل وزنهم بالنسبة لعمرهم ( تحت المنطقة C في منحنى النمو خلال الشهر | K22: ذكر | L22: 0 | M22: أنثى | N22: 0 | Q22: عدد الأطفال الذين يقل وزنهم بالنسبة لعمرهم ( تحت المنطقة C في منحنى النمو خلال الشهر | Z22: ذكر | AA22: 0 | AB22: أنثى | AC22: 0 | AF22: عدد الأطفال الذين يقل وزنهم بالنسبة لعمرهم ( تحت المنطقة C في منحنى النمو خلال الشهر | AO22: ذكر | AP22: 0 | AQ22: أنثى | AR22: 0 | AU22: عدد الأطفال الذين يقل وزنهم بالنسبة لعمرهم ( تحت المنطقة C في منحنى النمو خلال الشهر | BD22: ذكر | BE22: 0 | BF22: أنثى | BG22: 0 | BJ22: عدد الأطفال الذين يقل وزنهم بالنسبة لعمرهم ( تحت المنطقة C في منحنى النمو خلال الشهر | BS22: ذكر | BT22: 0 | BU22: أنثى | BV22: 0 | BY22: عدد الأطفال الذين يقل وزنهم بالنسبة لعمرهم ( تحت المنطقة C في منحنى النمو خلال الشهر | CH22: ذكر | CI22: 0 | CJ22: أنثى | CK22: 0 | CN22: عدد الأطفال الذين يقل وزنهم بالنسبة لعمرهم ( تحت المنطقة C في منحنى النمو خلال الشهر | CW22: ذكر | CX22: 0 | CY22: أنثى | CZ22: 0 | DC22: عدد الأطفال الذين يقل وزنهم بالنسبة لعمرهم ( تحت المنطقة C في منحنى النمو خلال الشهر | DL22: ذكر | DM22: 0 | DN22: أنثى | DO22: 0 | DR22: عدد الأطفال الذين يقل وزنهم بالنسبة لعمرهم ( تحت المنطقة C في منحنى النمو خلال الشهر | EA22: ذكر | EB22: 0 | EC22: أنثى | ED22: 0 | EG22: عدد الأطفال الذين يقل وزنهم بالنسبة لعمرهم ( تحت المنطقة C في منحنى النمو خلال الشهر | EP22: ذكر | EQ22: 0 | ER22: أنثى | ES22: 0 | EV22: عدد الأطفال الذين يقل وزنهم بالنسبة لعمرهم ( تحت المنطقة C في منحنى النمو خلال الشهر | FE22: ذكر | FF22: 0 | FG22: أنثى | FH22: 0 | FK22: عدد الأطفال الذين يقل وزنهم بالنسبة لعمرهم ( تحت المنطقة C في منحنى النمو خلال الشهر | FT22: ذكر | FU22: 0 | FV22: أنثى | FW22: 0 | FZ22: عدد الأطفال الذين يقل وزنهم بالنسبة لعمرهم ( تحت المنطقة C في منحنى النمو خلال العام | GI22: ذكر | GJ22: =(L22+AA22+AP22+BE22+BT22+CI22+CX22+DM22+EB22+EQ22+FF22+FU22) -> 0 | GK22: أنثى | GL22: =(N22+AC22+AR22+BG22+BV22+CK22+CZ22+DO22+ED22+ES22+FH22+FW22) -> 0
A23: المطار القديم | B23: سعودي | C23: ذكر | D23: 4 | E23: 1 | F23: 0 | G23: 218 | H23: 91 | I23: 0 | J23: 120 | K23: 0 | L23: 0 | M23: 0 | N23: 0 | P23: المطار القديم | Q23: سعودي | R23: ذكر | S23: 4 | T23: 1 | U23: 0 | V23: 218 | W23: 91 | X23: 0 | Y23: 209 | Z23: 0 | AA23: 0 | AB23: 0 | AC23: 0 | AE23: المطار القديم | AF23: سعودي | AG23: ذكر | AH23: 10 | AI23: 6 | AJ23: 0 | AK23: 215 | AL23: 51 | AM23: 149 | AN23: 201 | AO23: 0 | AP23: 0 | AQ23: 0 | AR23: 0 | AT23: المطار القديم | AU23: سعودي | AV23: ذكر | AW23: 0 | AX23: 0 | AY23: 0 | AZ23: 0 | BA23: 0 | BB23: 0 | BC23: 0 | BD23: 0 | BE23: 0 | BF23: 0 | BG23: 0 | BI23: المطار القديم | BJ23: سعودي | BK23: ذكر | BL23: 0 | BM23: 0 | BN23: 0 | BO23: 0 | BP23: 0 | BQ23: 0 | BR23: 99 | BS23: 0 | BT23: 0 | BU23: 0 | BV23: 0 | BX23: المطار القديم | BY23: سعودي | BZ23: ذكر | CA23: 0 | CB23: 0 | CC23: 0 | CD23: 0 | CE23: 0 | CF23: 0 | CG23: 0 | CH23: 0 | CI23: 0 | CJ23: 0 | CK23: 0 | CM23: المطار القديم | CN23: سعودي | CO23: ذكر | CP23: 4 | CQ23: 1 | CR23: 0 | CS23: 218 | CT23: 91 | CU23: 0 | CV23: 136 | CW23: 0 | CX23: 0 | CY23: 0 | CZ23: 0 | DB23: المطار القديم | DC23: سعودي | DD23: ذكر | DE23: 10 | DF23: 1 | DG23: 200 | DH23: 16 | DI23: 0 | DJ23: 0 | DK23: 101 | DL23: 99 | DM23: 0 | DN23: 0 | DO23: 0 | DQ23: المطار القديم | DR23: سعودي | DS23: ذكر | DT23: 50 | DU23: 35 | DV23: 25 | DW23: 1364 | DX23: 34 | DY23: 14 | DZ23: 19 | EA23: 0 | EB23: 0 | EC23: 0 | ED23: 0 | EF23: المطار القديم | EG23: سعودي | EH23: ذكر | EI23: 50 | EJ23: 35 | EK23: 25 | EL23: 1364 | EM23: 34 | EN23: 14 | EO23: 19 | EP23: 0 | EQ23: 0 | ER23: 0 | ES23: 0 | EU23: المطار القديم | EV23: سعودي | EW23: ذكر | EX23: 0 | EY23: 0 | EZ23: 0 | FA23: 0 | FB23: 0 | FC23: 0 | FD23: 0 | FE23: 0 | FF23: 0 | FG23: 0 | FH23: 0 | FJ23: المطار القديم | FK23: سعودي | FL23: ذكر | FM23: 0 | FN23: 0 | FO23: 0 | FP23: 0 | FQ23: 0 | FR23: 0 | FS23: 0 | FT23: 0 | FU23: 0 | FV23: 0 | FW23: 0 | FY23: =(FJ23) -> المطار القديم | FZ23: سعودي | GA23: ذكر | GB23: =SUM(FM23) -> 0 | GC23: =(E23+T23+AI23+AX23+BM23+CB23+CQ23+DF23+DU23+EJ23+EY23+FN23) -> 80 | GD23: =(F23+U23+AJ23+AY23+BN23+CC23+CR23+DG23+DV23+EK23+EZ23+FO23) -> 250 | GE23: =SUM(FP23) -> 0 | GF23: =SUM(FQ23) -> 0 | GG23: =SUM(FR23) -> 0 | GH23: =(J23+Y23+AN23+BC23+BR23+CG23+CV23+DK23+DZ23+EO23+FD23+FS23) -> 904 | GI23: =(K23+Z23+AO23+BD23+BS23+CH23+CW23+DL23+EA23+EP23+FE23+FT23) -> 99 | GJ23: =(L23+AA23+AP23+BE23+BT23+CI23+CX23+DM23+EB23+EQ23+FF23+FU23) -> 0 | GK23: =(M23+AB23+AQ23+BF23+BU23+CJ23+CY23+DN23+EC23+ER23+FG23+FV23) -> 0 | GL23: =(N23+AC23+AR23+BG23+BV23+CK23+CZ23+DO23+ED23+ES23+FH23+FW23) -> 0
C24: أنثى | D24: 2 | E24: 0 | F24: 0 | G24: 88 | H24: 52 | I24: 0 | J24: 199 | K24: 0 | L24: 0 | M24: 0 | N24: 0 | R24: أنثى | S24: 2 | T24: 0 | U24: 0 | V24: 88 | W24: 52 | X24: 0 | Y24: 319 | Z24: 0 | AA24: 0 | AB24: 0 | AC24: 0 | AG24: أنثى | AH24: 2 | AI24: 19 | AJ24: 0 | AK24: 128 | AL24: 13 | AM24: 183 | AN24: 115 | AO24: 0 | AP24: 0 | AQ24: 0 | AR24: 0 | AV24: أنثى | AW24: 0 | AX24: 0 | AY24: 0 | AZ24: 0 | BA24: 0 | BB24: 0 | BC24: 0 | BD24: 0 | BE24: 0 | BF24: 0 | BG24: 0 | BK24: أنثى | BL24: 0 | BM24: 0 | BN24: 0 | BO24: 0 | BP24: 0 | BQ24: 0 | BR24: 110 | BS24: 0 | BT24: 0 | BU24: 0 | BV24: 0 | BZ24: أنثى | CA24: 0 | CB24: 0 | CC24: 0 | CD24: 0 | CE24: 0 | CF24: 0 | CG24: 0 | CH24: 0 | CI24: 0 | CJ24: 0 | CK24: 0 | CO24: أنثى | CP24: 2 | CQ24: 0 | CR24: 0 | CS24: 88 | CT24: 52 | CU24: 0 | CV24: 200 | CW24: 0 | CX24: 0 | CY24: 0 | CZ24: 0 | DD24: أنثى | DE24: 20 | DF24: 0 | DG24: 90 | DH24: 0 | DI24: 0 | DJ24: 0 | DK24: 60 | DL24: 100 | DM24: 0 | DN24: 0 | DO24: 0 | DS24: أنثى | DT24: 72 | DU24: 19 | DV24: 18 | DW24: 1328 | DX24: 15 | DY24: 18 | DZ24: 12 | EA24: 0 | EB24: 0 | EC24: 0 | ED24: 0 | EH24: أنثى | EI24: 72 | EJ24: 19 | EK24: 18 | EL24: 1328 | EM24: 15 | EN24: 18 | EO24: 9 | EP24: 0 | EQ24: 0 | ER24: 0 | ES24: 0 | EW24: أنثى | EX24: 0 | EY24: 0 | EZ24: 0 | FA24: 0 | FB24: 0 | FC24: 0 | FD24: 0 | FE24: 0 | FF24: 0 | FG24: 0 | FH24: 0 | FL24: أنثى | FM24: 0 | FN24: 0 | FO24: 0 | FP24: 0 | FQ24: 0 | FR24: 0 | FS24: 0 | FT24: 0 | FU24: 0 | FV24: 0 | FW24: 0 | GA24: أنثى | GB24: =SUM(FM24) -> 0 | GC24: =(E24+T24+AI24+AX24+BM24+CB24+CQ24+DF24+DU24+EJ24+EY24+FN24) -> 57 | GD24: =(F24+U24+AJ24+AY24+BN24+CC24+CR24+DG24+DV24+EK24+EZ24+FO24) -> 126 | GE24: =SUM(FP24) -> 0 | GF24: =SUM(FQ24) -> 0 | GG24: =SUM(FR24) -> 0 | GH24: =(J24+Y24+AN24+BC24+BR24+CG24+CV24+DK24+DZ24+EO24+FD24+FS24) -> 1024 | GI24: =(K24+Z24+AO24+BD24+BS24+CH24+CW24+DL24+EA24+EP24+FE24+FT24) -> 100 | GJ24: =(L24+AA24+AP24+BE24+BT24+CI24+CX24+DM24+EB24+EQ24+FF24+FU24) -> 0 | GK24: =(M24+AB24+AQ24+BF24+BU24+CJ24+CY24+DN24+EC24+ER24+FG24+FV24) -> 0 | GL24: =(N24+AC24+AR24+BG24+BV24+CK24+CZ24+DO24+ED24+ES24+FH24+FW24) -> 0
B25: غير | C25: ذكر | D25: 0 | E25: 0 | F25: 0 | G25: 0 | H25: 0 | I25: 0 | J25: 52 | K25: 0 | L25: 0 | M25: 0 | N25: 0 | Q25: غير | R25: ذكر | S25: 0 | T25: 0 | U25: 0 | V25: 0 | W25: 0 | X25: 0 | Y25: 0 | Z25: 0 | AA25: 0 | AB25: 0 | AC25: 0 | AF25: غير | AG25: ذكر | AH25: 3 | AI25: 2 | AJ25: 0 | AK25: 18 | AL25: 2 | AM25: 101 | AN25: 103 | AO25: 0 | AP25: 0 | AQ25: 0 | AR25: 0 | AU25: غير | AV25: ذكر | AW25: 0 | AX25: 0 | AY25: 0 | AZ25: 0 | BA25: 0 | BB25: 0 | BC25: 0 | BD25: 0 | BE25: 0 | BF25: 0 | BG25: 0 | BJ25: غير | BK25: ذكر | BL25: 0 | BM25: 0 | BN25: 0 | BO25: 0 | BP25: 0 | BQ25: 0 | BR25: 100 | BS25: 0 | BT25: 0 | BU25: 0 | BV25: 0 | BY25: غير | BZ25: ذكر | CA25: 0 | CB25: 0 | CC25: 0 | CD25: 0 | CE25: 0 | CF25: 0 | CG25: 0 | CH25: 0 | CI25: 0 | CJ25: 0 | CK25: 0 | CN25: غير | CO25: ذكر | CP25: 0 | CQ25: 0 | CR25: 0 | CS25: 0 | CT25: 0 | CU25: 0 | CV25: 36 | CW25: 0 | CX25: 0 | CY25: 0 | CZ25: 0 | DC25: غير | DD25: ذكر | DE25: 0 | DF25: 0 | DG25: 3 | DH25: 0 | DI25: 0 | DJ25: 0 | DK25: 18 | DL25: 9 | DM25: 0 | DN25: 0 | DO25: 0 | DR25: غير | DS25: ذكر | DT25: 61 | DU25: 22 | DV25: 16 | DW25: 33 | DX25: 25 | DY25: 22 | DZ25: 23 | EA25: 0 | EB25: 0 | EC25: 0 | ED25: 0 | EG25: غير | EH25: ذكر | EI25: 61 | EJ25: 22 | EK25: 16 | EL25: 33 | EM25: 25 | EN25: 22 | EO25: 4 | EP25: 0 | EQ25: 0 | ER25: 0 | ES25: 0 | EV25: غير | EW25: ذكر | EX25: 0 | EY25: 0 | EZ25: 0 | FA25: 0 | FB25: 0 | FC25: 0 | FD25: 0 | FE25: 0 | FF25: 0 | FG25: 0 | FH25: 0 | FK25: غير | FL25: ذكر | FM25: 0 | FN25: 0 | FO25: 0 | FP25: 0 | FQ25: 0 | FR25: 0 | FS25: 0 | FT25: 0 | FU25: 0 | FV25: 0 | FW25: 0 | FZ25: غير | GA25: ذكر | GB25: =SUM(FM25) -> 0 | GC25: =(E25+T25+AI25+AX25+BM25+CB25+CQ25+DF25+DU25+EJ25+EY25+FN25) -> 46 | GD25: =(F25+U25+AJ25+AY25+BN25+CC25+CR25+DG25+DV25+EK25+EZ25+FO25) -> 35 | GE25: =SUM(FP25) -> 0 | GF25: =SUM(FQ25) -> 0 | GG25: =SUM(FR25) -> 0 | GH25: =(J25+Y25+AN25+BC25+BR25+CG25+CV25+DK25+DZ25+EO25+FD25+FS25) -> 336 | GI25: =(K25+Z25+AO25+BD25+BS25+CH25+CW25+DL25+EA25+EP25+FE25+FT25) -> 9 | GJ25: =(L25+AA25+AP25+BE25+BT25+CI25+CX25+DM25+EB25+EQ25+FF25+FU25) -> 0 | GK25: =(M25+AB25+AQ25+BF25+BU25+CJ25+CY25+DN25+EC25+ER25+FG25+FV25) -> 0 | GL25: =(N25+AC25+AR25+BG25+BV25+CK25+CZ25+DO25+ED25+ES25+FH25+FW25) -> 0
B26: سعودي | C26: أنثى | D26: 0 | E26: 0 | F26: 0 | G26: 0 | H26: 0 | I26: 0 | J26: 40 | K26: 0 | L26: 0 | M26: 0 | N26: 0 | Q26: سعودي | R26: أنثى | S26: 0 | T26: 0 | U26: 0 | V26: 0 | W26: 0 | X26: 0 | Y26: 0 | Z26: 0 | AA26: 0 | AB26: 0 | AC26: 0 | AF26: سعودي | AG26: أنثى | AH26: 9 | AI26: 1 | AJ26: 0 | AK26: 0 | AL26: 0 | AM26: 119 | AN26: 99 | AO26: 0 | AP26: 0 | AQ26: 0 | AR26: 0 | AU26: سعودي | AV26: أنثى | AW26: 0 | AX26: 0 | AY26: 0 | AZ26: 0 | BA26: 0 | BB26: 0 | BC26: 0 | BD26: 0 | BE26: 0 | BF26: 0 | BG26: 0 | BJ26: سعودي | BK26: أنثى | BL26: 0 | BM26: 0 | BN26: 0 | BO26: 0 | BP26: 0 | BQ26: 0 | BR26: 90 | BS26: 0 | BT26: 0 | BU26: 0 | BV26: 0 | BY26: سعودي | BZ26: أنثى | CA26: 0 | CB26: 0 | CC26: 0 | CD26: 0 | CE26: 0 | CF26: 0 | CG26: 0 | CH26: 0 | CI26: 0 | CJ26: 0 | CK26: 0 | CN26: سعودي | CO26: أنثى | CP26: 0 | CQ26: 0 | CR26: 0 | CS26: 0 | CT26: 0 | CU26: 0 | CV26: 40 | CW26: 0 | CX26: 0 | CY26: 0 | CZ26: 0 | DC26: سعودي | DD26: أنثى | DE26: 0 | DF26: 0 | DG26: 1 | DH26: 0 | DI26: 0 | DJ26: 0 | DK26: 10 | DL26: 7 | DM26: 0 | DN26: 0 | DO26: 0 | DR26: سعودي | DS26: أنثى | DT26: 44 | DU26: 15 | DV26: 11 | DW26: 44 | DX26: 42 | DY26: 11 | DZ26: 15 | EA26: 0 | EB26: 0 | EC26: 0 | ED26: 0 | EG26: سعودي | EH26: أنثى | EI26: 44 | EJ26: 15 | EK26: 11 | EL26: 44 | EM26: 42 | EN26: 11 | EO26: 1 | EP26: 0 | EQ26: 0 | ER26: 0 | ES26: 0 | EV26: سعودي | EW26: أنثى | EX26: 0 | EY26: 0 | EZ26: 0 | FA26: 0 | FB26: 0 | FC26: 0 | FD26: 0 | FE26: 0 | FF26: 0 | FG26: 0 | FH26: 0 | FK26: سعودي | FL26: أنثى | FM26: 0 | FN26: 0 | FO26: 0 | FP26: 0 | FQ26: 0 | FR26: 0 | FS26: 0 | FT26: 0 | FU26: 0 | FV26: 0 | FW26: 0 | FZ26: سعودي | GA26: أنثى | GB26: =SUM(FM26) -> 0 | GC26: =(E26+T26+AI26+AX26+BM26+CB26+CQ26+DF26+DU26+EJ26+EY26+FN26) -> 31 | GD26: =(F26+U26+AJ26+AY26+BN26+CC26+CR26+DG26+DV26+EK26+EZ26+FO26) -> 23 | GE26: =SUM(FP26) -> 0 | GF26: =SUM(FQ26) -> 0 | GG26: =SUM(FR26) -> 0 | GH26: =(J26+Y26+AN26+BC26+BR26+CG26+CV26+DK26+DZ26+EO26+FD26+FS26) -> 295 | GI26: =(K26+Z26+AO26+BD26+BS26+CH26+CW26+DL26+EA26+EP26+FE26+FT26) -> 7 | GJ26: =(L26+AA26+AP26+BE26+BT26+CI26+CX26+DM26+EB26+EQ26+FF26+FU26) -> 0 | GK26: =(M26+AB26+AQ26+BF26+BU26+CJ26+CY26+DN26+EC26+ER26+FG26+FV26) -> 0 | GL26: =(N26+AC26+AR26+BG26+BV26+CK26+CZ26+DO26+ED26+ES26+FH26+FW26) -> 0
B27: المجموع | D27: =SUM(D23:D26) -> 6 | E27: =SUM(E23:E26) -> 1 | F27: =SUM(F23:F26) -> 0 | G27: =SUM(G23:G26) -> 306 | H27: =SUM(H23:H26) -> 143 | I27: =SUM(I23:I26) -> 0 | J27: =SUM(J23:J26) -> 411 | K27: =SUM(K23:K26) -> 0 | ... N27: =SUM(N23:N26) -> 0 | Q27: المجموع | S27: =SUM(S23:S26) -> 6 | T27: =SUM(T23:T26) -> 1 | U27: =SUM(U23:U26) -> 0 | V27: =SUM(V23:V26) -> 306 | W27: =SUM(W23:W26) -> 143 | X27: =SUM(X23:X26) -> 0 | Y27: =SUM(Y23:Y26) -> 528 | Z27: =SUM(Z23:Z26) -> 0 | ... AC27: =SUM(AC23:AC26) -> 0 | AF27: المجموع | AH27: =SUM(AH23:AH26) -> 24 | AI27: =SUM(AI23:AI26) -> 28 | AJ27: =SUM(AJ23:AJ26) -> 0 | AK27: =SUM(AK23:AK26) -> 361 | AL27: =SUM(AL23:AL26) -> 66 | AM27: =SUM(AM23:AM26) -> 552 | AN27: =SUM(AN23:AN26) -> 518 | AO27: =SUM(AO23:AO26) -> 0 | ... AR27: =SUM(AR23:AR26) -> 0 | AU27: المجموع | AW27: =SUM(AW23:AW26) -> 0 | AX27: =SUM(AX23:AX26) -> 0 | AY27: =SUM(AY23:AY26) -> 0 | AZ27: =SUM(AZ23:AZ26) -> 0 | BA27: =SUM(BA23:BA26) -> 0 | BB27: =SUM(BB23:BB26) -> 0 | BC27: =SUM(BC23:BC26) -> 0 | BD27: =SUM(BD23:BD26) -> 0 | ... BG27: =SUM(BG23:BG26) -> 0 | BJ27: المجموع | BL27: =SUM(BL23:BL26) -> 0 | BM27: =SUM(BM23:BM26) -> 0 | BN27: =SUM(BN23:BN26) -> 0 | BO27: =SUM(BO23:BO26) -> 0 | BP27: =SUM(BP23:BP26) -> 0 | BQ27: =SUM(BQ23:BQ26) -> 0 | BR27: =SUM(BR23:BR26) -> 399 | BS27: =SUM(BS23:BS26) -> 0 | ... BV27: =SUM(BV23:BV26) -> 0 | BY27: المجموع | CA27: =SUM(CA23:CA26) -> 0 | CB27: =SUM(CB23:CB26) -> 0 | CC27: =SUM(CC23:CC26) -> 0 | CD27: =SUM(CD23:CD26) -> 0 | CE27: =SUM(CE23:CE26) -> 0 | CF27: =SUM(CF23:CF26) -> 0 | CG27: 0 | CH27: =SUM(CH23:CH26) -> 0 | CI27: =SUM(CI23:CI26) -> 0 | CJ27: =SUM(CJ23:CJ26) -> 0 | CK27: =SUM(CK23:CK26) -> 0 | CN27: المجموع | CP27: 6 | CQ27: 1 | CR27: 0 | CS27: 306 | CT27: 143 | CU27: 0 | CV27: 412 | CW27: 0 | CX27: 0 | CY27: 0 | CZ27: 0 | DC27: المجموع | DE27: =SUM(DE23:DE26) -> 30 | DF27: =SUM(DF23:DF26) -> 1 | DG27: =SUM(DG23:DG26) -> 294 | DH27: =SUM(DH23:DH26) -> 16 | DI27: =SUM(DI23:DI26) -> 0 | DJ27: =SUM(DJ23:DJ26) -> 0 | DK27: =SUM(DK23:DK26) -> 189 | DL27: =SUM(DL23:DL26) -> 215 | ... DO27: =SUM(DO23:DO26) -> 0 | DR27: المجموع | DT27: =SUM(DT23:DT26) -> 227 | DU27: =SUM(DU23:DU26) -> 91 | DV27: =SUM(DV23:DV26) -> 70 | DW27: =SUM(DW23:DW26) -> 2769 | DX27: =SUM(DX23:DX26) -> 116 | DY27: =SUM(DY23:DY26) -> 65 | DZ27: =SUM(DZ23:DZ26) -> 69 | EA27: =SUM(EA23:EA26) -> 0 | ... ED27: =SUM(ED23:ED26) -> 0 | EG27: المجموع | EI27: =SUM(EI23:EI26) -> 227 | EJ27: =SUM(EJ23:EJ26) -> 91 | EK27: =SUM(EK23:EK26) -> 70 | EL27: =SUM(EL23:EL26) -> 2769 | EM27: =SUM(EM23:EM26) -> 116 | EN27: =SUM(EN23:EN26) -> 65 | EO27: =SUM(EO23:EO26) -> 33 | EP27: =SUM(EP23:EP26) -> 0 | ... ES27: =SUM(ES23:ES26) -> 0 | EV27: المجموع | EX27: =SUM(EX23:EX26) -> 0 | EY27: =SUM(EY23:EY26) -> 0 | EZ27: =SUM(EZ23:EZ26) -> 0 | FA27: =SUM(FA23:FA26) -> 0 | FB27: =SUM(FB23:FB26) -> 0 | FC27: =SUM(FC23:FC26) -> 0 | FD27: =SUM(FD23:FD26) -> 0 | FE27: =SUM(FE23:FE26) -> 0 | ... FH27: =SUM(FH23:FH26) -> 0 | FK27: المجموع | FM27: =SUM(FM23:FM26) -> 0 | FN27: =SUM(FN23:FN26) -> 0 | FO27: =SUM(FO23:FO26) -> 0 | FP27: =SUM(FP23:FP26) -> 0 | FQ27: =SUM(FQ23:FQ26) -> 0 | FR27: =SUM(FR23:FR26) -> 0 | FS27: =SUM(FS23:FS26) -> 0 | FT27: =SUM(FT23:FT26) -> 0 | ... FW27: =SUM(FW23:FW26) -> 0 | FZ27: المجموع | GB27: =SUM(GB23:GB26) -> 0 | GC27: =SUM(GC23:GC26) -> 214 | GD27: =SUM(GD23:GD26) -> 434 | GE27: =SUM(GE23:GE26) -> 0 | GF27: =SUM(GF23:GF26) -> 0 | GG27: =SUM(GG23:GG26) -> 0 | GH27: =SUM(GH23:GH26) -> 2559 | GI27: =SUM(GI23:GI26) -> 215 | ... GL27: =SUM(GL23:GL26) -> 0
B28: عدد الأطفال الذين يقل وزنهم بالنسبة لعمرهم ( تحت المنطقة C في منحنى النمو خلال الشهر | K28: ذكر | L28: 0 | M28: أنثى | N28: 0 | Q28: عدد الأطفال الذين يقل وزنهم بالنسبة لعمرهم ( تحت المنطقة C في منحنى النمو خلال الشهر | Z28: ذكر | AA28: 0 | AB28: أنثى | AC28: 0 | AF28: عدد الأطفال الذين يقل وزنهم بالنسبة لعمرهم ( تحت المنطقة C في منحنى النمو خلال الشهر | AO28: ذكر | AP28: 0 | AQ28: أنثى | AR28: 0 | AU28: عدد الأطفال الذين يقل وزنهم بالنسبة لعمرهم ( تحت المنطقة C في منحنى النمو خلال الشهر | BD28: ذكر | BE28: 0 | BF28: أنثى | BG28: 0 | BJ28: عدد الأطفال الذين يقل وزنهم بالنسبة لعمرهم ( تحت المنطقة C في منحنى النمو خلال الشهر | BS28: ذكر | BT28: 0 | BU28: أنثى | BV28: 0 | BY28: عدد الأطفال الذين يقل وزنهم بالنسبة لعمرهم ( تحت المنطقة C في منحنى النمو خلال الشهر | CH28: ذكر | CI28: 0 | CJ28: أنثى | CK28: 0 | CN28: عدد الأطفال الذين يقل وزنهم بالنسبة لعمرهم ( تحت المنطقة C في منحنى النمو خلال الشهر | CW28: ذكر | CX28: 0 | CY28: أنثى | CZ28: 0 | DC28: عدد الأطفال الذين يقل وزنهم بالنسبة لعمرهم ( تحت المنطقة C في منحنى النمو خلال الشهر | DL28: ذكر | DM28: 0 | DN28: أنثى | DO28: 0 | DR28: عدد الأطفال الذين يقل وزنهم بالنسبة لعمرهم ( تحت المنطقة C في منحنى النمو خلال الشهر | EA28: ذكر | EB28: 0 | EC28: أنثى | ED28: 0 | EG28: عدد الأطفال الذين يقل وزنهم بالنسبة لعمرهم ( تحت المنطقة C في منحنى النمو خلال الشهر | EP28: ذكر | EQ28: 0 | ER28: أنثى | ES28: 0 | EV28: عدد الأطفال الذين يقل وزنهم بالنسبة لعمرهم ( تحت المنطقة C في منحنى النمو خلال الشهر | FE28: ذكر | FF28: 0 | FG28: أنثى | FH28: 0 | FK28: عدد الأطفال الذين يقل وزنهم بالنسبة لعمرهم ( تحت المنطقة C في منحنى النمو خلال الشهر | FT28: ذكر | FU28: 0 | FV28: أنثى | FW28: 0 | FZ28: عدد الأطفال الذين يقل وزنهم بالنسبة لعمرهم ( تحت المنطقة C في منحنى النمو خلال العام | GI28: ذكر | GJ28: =(L28+AA28+AP28+BE28+BT28+CI28+CX28+DM28+EB28+EQ28+FF28+FU28) -> 0 | GK28: أنثى | GL28: =(N28+AC28+AR28+BG28+BV28+CK28+CZ28+DO28+ED28+ES28+FH28+FW28) -> 0
A29: الروابي | B29: سعودي | C29: ذكر | D29: 0 | E29: 0 | F29: 0 | G29: 0 | H29: 0 | I29: 0 | J29: 0 | K29: 0 | L29: 0 | M29: 0 | N29: 0 | P29: الروابي | Q29: سعودي | R29: ذكر | S29: 0 | T29: 0 | U29: 0 | V29: 0 | W29: 0 | X29: 0 | Y29: 0 | Z29: 0 | AA29: 0 | AB29: 0 | AC29: 0 | AE29: الروابي | AF29: سعودي | AG29: ذكر | AH29: 0 | AI29: 0 | AJ29: 0 | AK29: 0 | AL29: 0 | AM29: 0 | AN29: 0 | AO29: 0 | AP29: 0 | AQ29: 0 | AR29: 0 | AT29: الروابي | AU29: سعودي | AV29: ذكر | AW29: 0 | AX29: 0 | AY29: 0 | AZ29: 0 | BA29: 0 | BB29: 0 | BC29: 0 | BD29: 0 | BE29: 0 | BF29: 0 | BG29: 0 | BI29: الروابي | BJ29: سعودي | BK29: ذكر | BL29: 0 | BM29: 0 | BN29: 0 | BO29: 0 | BP29: 0 | BQ29: 0 | BR29: 0 | BS29: 0 | BT29: 0 | BU29: 0 | BV29: 0 | BX29: الروابي | BY29: سعودي | BZ29: ذكر | CA29: 0 | CB29: 0 | CC29: 0 | CD29: 0 | CE29: 0 | CF29: 0 | CG29: 0 | CH29: 0 | CI29: 0 | CJ29: 0 | CK29: 0 | CM29: الروابي | CN29: سعودي | CO29: ذكر | CP29: 0 | CQ29: 0 | CR29: 0 | CS29: 0 | CT29: 0 | CU29: 0 | CV29: 0 | CW29: 0 | CX29: 0 | CY29: 0 | CZ29: 0 | DB29: الروابي | DC29: سعودي | DD29: ذكر | DE29: 0 | DF29: 0 | DG29: 0 | DH29: 0 | DI29: 0 | DJ29: 0 | DK29: 0 | DL29: 0 | DM29: 0 | DN29: 0 | DO29: 0 | DQ29: الروابي | DR29: سعودي | DS29: ذكر | DT29: 0 | DU29: 0 | DV29: 0 | DW29: 0 | DX29: 0 | DY29: 0 | DZ29: 0 | EA29: 0 | EB29: 0 | EC29: 0 | ED29: 0 | EF29: الروابي | EG29: سعودي | EH29: ذكر | EI29: 0 | EJ29: 0 | EK29: 0 | EL29: 0 | EM29: 0 | EN29: 0 | EO29: 119 | EP29: 0 | EQ29: 0 | ER29: 0 | ES29: 0 | EU29: الروابي | EV29: سعودي | EW29: ذكر | EX29: 0 | EY29: 0 | EZ29: 0 | FA29: 0 | FB29: 0 | FC29: 0 | FD29: 0 | FE29: 0 | FF29: 0 | FG29: 0 | FH29: 0 | FJ29: الروابي | FK29: سعودي | FL29: ذكر | FM29: 0 | FN29: 0 | FO29: 0 | FP29: 0 | FQ29: 0 | FR29: 0 | FS29: 0 | FT29: 0 | FU29: 0 | FV29: 0 | FW29: 0 | FY29: =(FJ29) -> الروابي | FZ29: سعودي | GA29: ذكر | GB29: =SUM(FM29) -> 0 | GC29: =(E29+T29+AI29+AX29+BM29+CB29+CQ29+DF29+DU29+EJ29+EY29+FN29) -> 0 | GD29: =(F29+U29+AJ29+AY29+BN29+CC29+CR29+DG29+DV29+EK29+EZ29+FO29) -> 0 | GE29: =SUM(FP29) -> 0 | GF29: =SUM(FQ29) -> 0 | GG29: =SUM(FR29) -> 0 | GH29: =(J29+Y29+AN29+BC29+BR29+CG29+CV29+DK29+DZ29+EO29+FD29+FS29) -> 119 | GI29: =(K29+Z29+AO29+BD29+BS29+CH29+CW29+DL29+EA29+EP29+FE29+FT29) -> 0 | GJ29: =(L29+AA29+AP29+BE29+BT29+CI29+CX29+DM29+EB29+EQ29+FF29+FU29) -> 0 | GK29: =(M29+AB29+AQ29+BF29+BU29+CJ29+CY29+DN29+EC29+ER29+FG29+FV29) -> 0 | GL29: =(N29+AC29+AR29+BG29+BV29+CK29+CZ29+DO29+ED29+ES29+FH29+FW29) -> 0
C30: أنثى | D30: 0 | E30: 0 | F30: 0 | G30: 0 | H30: 0 | I30: 0 | J30: 0 | K30: 0 | L30: 0 | M30: 0 | N30: 0 | R30: أنثى | S30: 0 | T30: 0 | U30: 0 | V30: 0 | W30: 0 | X30: 0 | Y30: 0 | Z30: 0 | AA30: 0 | AB30: 0 | AC30: 0 | AG30: أنثى | AH30: 0 | AI30: 0 | AJ30: 0 | AK30: 0 | AL30: 0 | AM30: 0 | AN30: 0 | AO30: 0 | AP30: 0 | AQ30: 0 | AR30: 0 | AV30: أنثى | AW30: 0 | AX30: 0 | AY30: 0 | AZ30: 0 | BA30: 0 | BB30: 0 | BC30: 0 | BD30: 0 | BE30: 0 | BF30: 0 | BG30: 0 | BK30: أنثى | BL30: 0 | BM30: 0 | BN30: 0 | BO30: 0 | BP30: 0 | BQ30: 0 | BR30: 0 | BS30: 0 | BT30: 0 | BU30: 0 | BV30: 0 | BZ30: أنثى | CA30: 0 | CB30: 0 | CC30: 0 | CD30: 0 | CE30: 0 | CF30: 0 | CG30: 0 | CH30: 0 | CI30: 0 | CJ30: 0 | CK30: 0 | CO30: أنثى | CP30: 0 | CQ30: 0 | CR30: 0 | CS30: 0 | CT30: 0 | CU30: 0 | CV30: 0 | CW30: 0 | CX30: 0 | CY30: 0 | CZ30: 0 | DD30: أنثى | DE30: 0 | DF30: 0 | DG30: 0 | DH30: 0 | DI30: 0 | DJ30: 0 | DK30: 0 | DL30: 0 | DM30: 0 | DN30: 0 | DO30: 0 | DS30: أنثى | DT30: 0 | DU30: 0 | DV30: 0 | DW30: 0 | DX30: 0 | DY30: 0 | DZ30: 0 | EA30: 0 | EB30: 0 | EC30: 0 | ED30: 0 | EH30: أنثى | EI30: 0 | EJ30: 0 | EK30: 0 | EL30: 0 | EM30: 0 | EN30: 0 | EO30: 9 | EP30: 0 | EQ30: 0 | ER30: 0 | ES30: 0 | EW30: أنثى | EX30: 0 | EY30: 0 | EZ30: 0 | FA30: 0 | FB30: 0 | FC30: 0 | FD30: 0 | FE30: 0 | FF30: 0 | FG30: 0 | FH30: 0 | FL30: أنثى | FM30: 0 | FN30: 0 | FO30: 0 | FP30: 0 | FQ30: 0 | FR30: 0 | FS30: 0 | FT30: 0 | FU30: 0 | FV30: 0 | FW30: 0 | GA30: أنثى | GB30: =SUM(FM30) -> 0 | GC30: =(E30+T30+AI30+AX30+BM30+CB30+CQ30+DF30+DU30+EJ30+EY30+FN30) -> 0 | GD30: =(F30+U30+AJ30+AY30+BN30+CC30+CR30+DG30+DV30+EK30+EZ30+FO30) -> 0 | GE30: =SUM(FP30) -> 0 | GF30: =SUM(FQ30) -> 0 | GG30: =SUM(FR30) -> 0 | GH30: =(J30+Y30+AN30+BC30+BR30+CG30+CV30+DK30+DZ30+EO30+FD30+FS30) -> 9 | GI30: =(K30+Z30+AO30+BD30+BS30+CH30+CW30+DL30+EA30+EP30+FE30+FT30) -> 0 | GJ30: =(L30+AA30+AP30+BE30+BT30+CI30+CX30+DM30+EB30+EQ30+FF30+FU30) -> 0 | GK30: =(M30+AB30+AQ30+BF30+BU30+CJ30+CY30+DN30+EC30+ER30+FG30+FV30) -> 0 | GL30: =(N30+AC30+AR30+BG30+BV30+CK30+CZ30+DO30+ED30+ES30+FH30+FW30) -> 0
B31: غير | C31: ذكر | D31: 0 | E31: 0 | F31: 0 | G31: 0 | H31: 0 | I31: 0 | J31: 0 | K31: 0 | L31: 0 | M31: 0 | N31: 0 | Q31: غير | R31: ذكر | S31: 0 | T31: 0 | U31: 0 | V31: 0 | W31: 0 | X31: 0 | Y31: 0 | Z31: 0 | AA31: 0 | AB31: 0 | AC31: 0 | AF31: غير | AG31: ذكر | AH31: 0 | AI31: 0 | AJ31: 0 | AK31: 0 | AL31: 0 | AM31: 0 | AN31: 0 | AO31: 0 | AP31: 0 | AQ31: 0 | AR31: 0 | AU31: غير | AV31: ذكر | AW31: 0 | AX31: 0 | AY31: 0 | AZ31: 0 | BA31: 0 | BB31: 0 | BC31: 0 | BD31: 0 | BE31: 0 | BF31: 0 | BG31: 0 | BJ31: غير | BK31: ذكر | BL31: 0 | BM31: 0 | BN31: 0 | BO31: 0 | BP31: 0 | BQ31: 0 | BR31: 0 | BS31: 0 | BT31: 0 | BU31: 0 | BV31: 0 | BY31: غير | BZ31: ذكر | CA31: 0 | CB31: 0 | CC31: 0 | CD31: 0 | CE31: 0 | CF31: 0 | CG31: 0 | CH31: 0 | CI31: 0 | CJ31: 0 | CK31: 0 | CN31: غير | CO31: ذكر | CP31: 0 | CQ31: 0 | CR31: 0 | CS31: 0 | CT31: 0 | CU31: 0 | CV31: 0 | CW31: 0 | CX31: 0 | CY31: 0 | CZ31: 0 | DC31: غير | DD31: ذكر | DE31: 0 | DF31: 0 | DG31: 0 | DH31: 0 | DI31: 0 | DJ31: 0 | DK31: 0 | DL31: 0 | DM31: 0 | DN31: 0 | DO31: 0 | DR31: غير | DS31: ذكر | DT31: 0 | DU31: 0 | DV31: 0 | DW31: 0 | DX31: 0 | DY31: 0 | DZ31: 0 | EA31: 0 | EB31: 0 | EC31: 0 | ED31: 0 | EG31: غير | EH31: ذكر | EI31: 0 | EJ31: 0 | EK31: 0 | EL31: 0 | EM31: 0 | EN31: 0 | EO31: 5 | EP31: 0 | EQ31: 0 | ER31: 0 | ES31: 0 | EV31: غير | EW31: ذكر | EX31: 0 | EY31: 0 | EZ31: 0 | FA31: 0 | FB31: 0 | FC31: 0 | FD31: 0 | FE31: 0 | FF31: 0 | FG31: 0 | FH31: 0 | FK31: غير | FL31: ذكر | FM31: 0 | FN31: 0 | FO31: 0 | FP31: 0 | FQ31: 0 | FR31: 0 | FS31: 0 | FT31: 0 | FU31: 0 | FV31: 0 | FW31: 0 | FZ31: غير | GA31: ذكر | GB31: =SUM(FM31) -> 0 | GC31: =(E31+T31+AI31+AX31+BM31+CB31+CQ31+DF31+DU31+EJ31+EY31+FN31) -> 0 | GD31: =(F31+U31+AJ31+AY31+BN31+CC31+CR31+DG31+DV31+EK31+EZ31+FO31) -> 0 | GE31: =SUM(FP31) -> 0 | GF31: =SUM(FQ31) -> 0 | GG31: =SUM(FR31) -> 0 | GH31: =(J31+Y31+AN31+BC31+BR31+CG31+CV31+DK31+DZ31+EO31+FD31+FS31) -> 5 | GI31: =(K31+Z31+AO31+BD31+BS31+CH31+CW31+DL31+EA31+EP31+FE31+FT31) -> 0 | GJ31: =(L31+AA31+AP31+BE31+BT31+CI31+CX31+DM31+EB31+EQ31+FF31+FU31) -> 0 | GK31: =(M31+AB31+AQ31+BF31+BU31+CJ31+CY31+DN31+EC31+ER31+FG31+FV31) -> 0 | GL31: =(N31+AC31+AR31+BG31+BV31+CK31+CZ31+DO31+ED31+ES31+FH31+FW31) -> 0
B32: سعودي | C32: أنثى | D32: 0 | E32: 0 | F32: 0 | G32: 0 | H32: 0 | I32: 0 | J32: 0 | K32: 0 | L32: 0 | M32: 0 | N32: 0 | Q32: سعودي | R32: أنثى | S32: 0 | T32: 0 | U32: 0 | V32: 0 | W32: 0 | X32: 0 | Y32: 0 | Z32: 0 | AA32: 0 | AB32: 0 | AC32: 0 | AF32: سعودي | AG32: أنثى | AH32: 0 | AI32: 0 | AJ32: 0 | AK32: 0 | AL32: 0 | AM32: 0 | AN32: 0 | AO32: 0 | AP32: 0 | AQ32: 0 | AR32: 0 | AU32: سعودي | AV32: أنثى | AW32: 0 | AX32: 0 | AY32: 0 | AZ32: 0 | BA32: 0 | BB32: 0 | BC32: 0 | BD32: 0 | BE32: 0 | BF32: 0 | BG32: 0 | BJ32: سعودي | BK32: أنثى | BL32: 0 | BM32: 0 | BN32: 0 | BO32: 0 | BP32: 0 | BQ32: 0 | BR32: 0 | BS32: 0 | BT32: 0 | BU32: 0 | BV32: 0 | BY32: سعودي | BZ32: أنثى | CA32: 0 | CB32: 0 | CC32: 0 | CD32: 0 | CE32: 0 | CF32: 0 | CG32: 0 | CH32: 0 | CI32: 0 | CJ32: 0 | CK32: 0 | CN32: سعودي | CO32: أنثى | CP32: 0 | CQ32: 0 | CR32: 0 | CS32: 0 | CT32: 0 | CU32: 0 | CV32: 0 | CW32: 0 | CX32: 0 | CY32: 0 | CZ32: 0 | DC32: سعودي | DD32: أنثى | DE32: 0 | DF32: 0 | DG32: 0 | DH32: 0 | DI32: 0 | DJ32: 0 | DK32: 0 | DL32: 0 | DM32: 0 | DN32: 0 | DO32: 0 | DR32: سعودي | DS32: أنثى | DT32: 0 | DU32: 0 | DV32: 0 | DW32: 0 | DX32: 0 | DY32: 0 | DZ32: 0 | EA32: 0 | EB32: 0 | EC32: 0 | ED32: 0 | EG32: سعودي | EH32: أنثى | EI32: 0 | EJ32: 0 | EK32: 0 | EL32: 0 | EM32: 0 | EN32: 0 | EO32: 2 | EP32: 0 | EQ32: 0 | ER32: 0 | ES32: 0 | EV32: سعودي | EW32: أنثى | EX32: 0 | EY32: 0 | EZ32: 0 | FA32: 0 | FB32: 0 | FC32: 0 | FD32: 0 | FE32: 0 | FF32: 0 | FG32: 0 | FH32: 0 | FK32: سعودي | FL32: أنثى | FM32: 0 | FN32: 0 | FO32: 0 | FP32: 0 | FQ32: 0 | FR32: 0 | FS32: 0 | FT32: 0 | FU32: 0 | FV32: 0 | FW32: 0 | FZ32: سعودي | GA32: أنثى | GB32: =SUM(FM32) -> 0 | GC32: =(E32+T32+AI32+AX32+BM32+CB32+CQ32+DF32+DU32+EJ32+EY32+FN32) -> 0 | GD32: =(F32+U32+AJ32+AY32+BN32+CC32+CR32+DG32+DV32+EK32+EZ32+FO32) -> 0 | GE32: =SUM(FP32) -> 0 | GF32: =SUM(FQ32) -> 0 | GG32: =SUM(FR32) -> 0 | GH32: =(J32+Y32+AN32+BC32+BR32+CG32+CV32+DK32+DZ32+EO32+FD32+FS32) -> 2 | GI32: =(K32+Z32+AO32+BD32+BS32+CH32+CW32+DL32+EA32+EP32+FE32+FT32) -> 0 | GJ32: =(L32+AA32+AP32+BE32+BT32+CI32+CX32+DM32+EB32+EQ32+FF32+FU32) -> 0 | GK32: =(M32+AB32+AQ32+BF32+BU32+CJ32+CY32+DN32+EC32+ER32+FG32+FV32) -> 0 | GL32: =(N32+AC32+AR32+BG32+BV32+CK32+CZ32+DO32+ED32+ES32+FH32+FW32) -> 0
B33: المجموع | D33: =SUM(D29:D32) -> 0 | E33: =SUM(E29:E32) -> 0 | F33: =SUM(F29:F32) -> 0 | G33: =SUM(G29:G32) -> 0 | H33: =SUM(H29:H32) -> 0 | I33: =SUM(I29:I32) -> 0 | J33: =SUM(J29:J32) -> 0 | K33: =SUM(K29:K32) -> 0 | ... N33: =SUM(N29:N32) -> 0 | Q33: المجموع | S33: =SUM(S29:S32) -> 0 | T33: =SUM(T29:T32) -> 0 | U33: =SUM(U29:U32) -> 0 | V33: =SUM(V29:V32) -> 0 | W33: =SUM(W29:W32) -> 0 | X33: =SUM(X29:X32) -> 0 | Y33: =SUM(Y29:Y32) -> 0 | Z33: =SUM(Z29:Z32) -> 0 | ... AC33: =SUM(AC29:AC32) -> 0 | AF33: المجموع | AH33: =SUM(AH29:AH32) -> 0 | AI33: =SUM(AI29:AI32) -> 0 | AJ33: =SUM(AJ29:AJ32) -> 0 | AK33: =SUM(AK29:AK32) -> 0 | AL33: =SUM(AL29:AL32) -> 0 | AM33: =SUM(AM29:AM32) -> 0 | AN33: =SUM(AN29:AN32) -> 0 | AO33: =SUM(AO29:AO32) -> 0 | ... AR33: =SUM(AR29:AR32) -> 0 | AU33: المجموع | AW33: =SUM(AW29:AW32) -> 0 | AX33: =SUM(AX29:AX32) -> 0 | AY33: =SUM(AY29:AY32) -> 0 | AZ33: =SUM(AZ29:AZ32) -> 0 | BA33: =SUM(BA29:BA32) -> 0 | BB33: =SUM(BB29:BB32) -> 0 | BC33: =SUM(BC29:BC32) -> 0 | BD33: =SUM(BD29:BD32) -> 0 | ... BG33: =SUM(BG29:BG32) -> 0 | BJ33: المجموع | BL33: =SUM(BL29:BL32) -> 0 | BM33: =SUM(BM29:BM32) -> 0 | BN33: =SUM(BN29:BN32) -> 0 | BO33: =SUM(BO29:BO32) -> 0 | BP33: =SUM(BP29:BP32) -> 0 | BQ33: =SUM(BQ29:BQ32) -> 0 | BR33: =SUM(BR29:BR32) -> 0 | BS33: =SUM(BS29:BS32) -> 0 | ... BV33: =SUM(BV29:BV32) -> 0 | BY33: المجموع | CA33: =SUM(CA29:CA32) -> 0 | CB33: =SUM(CB29:CB32) -> 0 | CC33: =SUM(CC29:CC32) -> 0 | CD33: =SUM(CD29:CD32) -> 0 | CE33: =SUM(CE29:CE32) -> 0 | CF33: =SUM(CF29:CF32) -> 0 | CG33: 0 | CH33: =SUM(CH29:CH32) -> 0 | CI33: =SUM(CI29:CI32) -> 0 | CJ33: =SUM(CJ29:CJ32) -> 0 | CK33: =SUM(CK29:CK32) -> 0 | CN33: المجموع | CP33: 0 | CQ33: 0 | CR33: 0 | CS33: 0 | CT33: 0 | CU33: 0 | CV33: 0 | CW33: 0 | CX33: 0 | CY33: 0 | CZ33: 0 | DC33: المجموع | DE33: =SUM(DE29:DE32) -> 0 | DF33: =SUM(DF29:DF32) -> 0 | DG33: =SUM(DG29:DG32) -> 0 | DH33: =SUM(DH29:DH32) -> 0 | DI33: =SUM(DI29:DI32) -> 0 | DJ33: =SUM(DJ29:DJ32) -> 0 | DK33: =SUM(DK29:DK32) -> 0 | DL33: =SUM(DL29:DL32) -> 0 | ... DO33: =SUM(DO29:DO32) -> 0 | DR33: المجموع | DT33: =SUM(DT29:DT32) -> 0 | DU33: =SUM(DU29:DU32) -> 0 | DV33: =SUM(DV29:DV32) -> 0 | DW33: =SUM(DW29:DW32) -> 0 | DX33: =SUM(DX29:DX32) -> 0 | DY33: =SUM(DY29:DY32) -> 0 | DZ33: =SUM(DZ29:DZ32) -> 0 | EA33: =SUM(EA29:EA32) -> 0 | ... ED33: =SUM(ED29:ED32) -> 0 | EG33: المجموع | EI33: =SUM(EI29:EI32) -> 0 | EJ33: =SUM(EJ29:EJ32) -> 0 | EK33: =SUM(EK29:EK32) -> 0 | EL33: =SUM(EL29:EL32) -> 0 | EM33: =SUM(EM29:EM32) -> 0 | EN33: =SUM(EN29:EN32) -> 0 | EO33: =SUM(EO29:EO32) -> 135 | EP33: =SUM(EP29:EP32) -> 0 | ... ES33: =SUM(ES29:ES32) -> 0 | EV33: المجموع | EX33: =SUM(EX29:EX32) -> 0 | EY33: =SUM(EY29:EY32) -> 0 | EZ33: =SUM(EZ29:EZ32) -> 0 | FA33: =SUM(FA29:FA32) -> 0 | FB33: =SUM(FB29:FB32) -> 0 | FC33: =SUM(FC29:FC32) -> 0 | FD33: =SUM(FD29:FD32) -> 0 | FE33: =SUM(FE29:FE32) -> 0 | ... FH33: =SUM(FH29:FH32) -> 0 | FK33: المجموع | FM33: =SUM(FM29:FM32) -> 0 | FN33: =SUM(FN29:FN32) -> 0 | FO33: =SUM(FO29:FO32) -> 0 | FP33: =SUM(FP29:FP32) -> 0 | FQ33: =SUM(FQ29:FQ32) -> 0 | FR33: =SUM(FR29:FR32) -> 0 | FS33: =SUM(FS29:FS32) -> 0 | FT33: =SUM(FT29:FT32) -> 0 | ... FW33: =SUM(FW29:FW32) -> 0 | FZ33: المجموع | GB33: =SUM(GB29:GB32) -> 0 | GC33: =SUM(GC29:GC32) -> 0 | GD33: =SUM(GD29:GD32) -> 0 | GE33: =SUM(GE29:GE32) -> 0 | GF33: =SUM(GF29:GF32) -> 0 | GG33: =SUM(GG29:GG32) -> 0 | GH33: =SUM(GH29:GH32) -> 135 | GI33: =SUM(GI29:GI32) -> 0 | ... GL33: =SUM(GL29:GL32) -> 0
B34: عدد الأطفال الذين يقل وزنهم بالنسبة لعمرهم ( تحت المنطقة C في منحنى النمو خلال الشهر | K34: ذكر | L34: 0 | M34: أنثى | N34: 0 | Q34: عدد الأطفال الذين يقل وزنهم بالنسبة لعمرهم ( تحت المنطقة C في منحنى النمو خلال الشهر | Z34: ذكر | AA34: 0 | AB34: أنثى | AC34: 0 | AF34: عدد الأطفال الذين يقل وزنهم بالنسبة لعمرهم ( تحت المنطقة C في منحنى النمو خلال الشهر | AO34: ذكر | AP34: 0 | AQ34: أنثى | AR34: 0 | AU34: عدد الأطفال الذين يقل وزنهم بالنسبة لعمرهم ( تحت المنطقة C في منحنى النمو خلال الشهر | BD34: ذكر | BE34: 0 | BF34: أنثى | BG34: 0 | BJ34: عدد الأطفال الذين يقل وزنهم بالنسبة لعمرهم ( تحت المنطقة C في منحنى النمو خلال الشهر | BS34: ذكر | BT34: 0 | BU34: أنثى | BV34: 0 | BY34: عدد الأطفال الذين يقل وزنهم بالنسبة لعمرهم ( تحت المنطقة C في منحنى النمو خلال الشهر | CH34: ذكر | CI34: 0 | CJ34: أنثى | CK34: 0 | CN34: عدد الأطفال الذين يقل وزنهم بالنسبة لعمرهم ( تحت المنطقة C في منحنى النمو خلال الشهر | CW34: ذكر | CX34: 0 | CY34: أنثى | CZ34: 0 | DC34: عدد الأطفال الذين يقل وزنهم بالنسبة لعمرهم ( تحت المنطقة C في منحنى النمو خلال الشهر | DL34: ذكر | DM34: 0 | DN34: أنثى | DO34: 0 | DR34: عدد الأطفال الذين يقل وزنهم بالنسبة لعمرهم ( تحت المنطقة C في منحنى النمو خلال الشهر | EA34: ذكر | EB34: 0 | EC34: أنثى | ED34: 0 | EG34: عدد الأطفال الذين يقل وزنهم بالنسبة لعمرهم ( تحت المنطقة C في منحنى النمو خلال الشهر | EP34: ذكر | EQ34: 0 | ER34: أنثى | ES34: 0 | EV34: عدد الأطفال الذين يقل وزنهم بالنسبة لعمرهم ( تحت المنطقة C في منحنى النمو خلال الشهر | FE34: ذكر | FF34: 0 | FG34: أنثى | FH34: 0 | FK34: عدد الأطفال الذين يقل وزنهم بالنسبة لعمرهم ( تحت المنطقة C في منحنى النمو خلال الشهر | FT34: ذكر | FU34: 0 | FV34: أنثى | FW34: 0 | FZ34: عدد الأطفال الذين يقل وزنهم بالنسبة لعمرهم ( تحت المنطقة C في منحنى النمو خلال العام | GI34: ذكر | GJ34: =(L34+AA34+AP34+BE34+BT34+CI34+CX34+DM34+EB34+EQ34+FF34+FU34) -> 0 | GK34: أنثى | GL34: =(N34+AC34+AR34+BG34+BV34+CK34+CZ34+DO34+ED34+ES34+FH34+FW34) -> 0
A35: قويزة | B35: سعودي | C35: ذكر | D35: 19 | E35: 0 | F35: 0 | G35: 952 | H35: 324 | I35: 162 | J35: 92 | K35: 0 | L35: 0 | M35: 0 | N35: 0 | P35: قويزة | Q35: سعودي | R35: ذكر | S35: 19 | T35: 0 | U35: 0 | V35: 953 | W35: 324 | X35: 163 | Y35: 109 | Z35: 0 | AA35: 0 | AB35: 0 | AC35: 0 | AE35: قويزة | AF35: سعودي | AG35: ذكر | AH35: 21 | AI35: 0 | AJ35: 0 | AK35: 955 | AL35: 326 | AM35: 164 | AN35: 101 | AO35: 0 | AP35: 0 | AQ35: 0 | AR35: 0 | AT35: قويزة | AU35: سعودي | AV35: ذكر | AW35: 20 | AX35: 0 | AY35: 0 | AZ35: 953 | BA35: 324 | BB35: 163 | BC35: 130 | BD35: 0 | BE35: 0 | BF35: 0 | BG35: 0 | BI35: قويزة | BJ35: سعودي | BK35: ذكر | BL35: 20 | BM35: 0 | BN35: 0 | BO35: 953 | BP35: 324 | BQ35: 163 | BR35: 98 | BS35: 0 | BT35: 0 | BU35: 0 | BV35: 0 | BX35: قويزة | BY35: سعودي | BZ35: ذكر | CA35: 22 | CB35: 0 | CC35: 0 | CD35: 953 | CE35: 324 | CF35: 163 | CG35: 121 | CH35: 0 | CI35: 0 | CJ35: 0 | CK35: 0 | CM35: قويزة | CN35: سعودي | CO35: ذكر | CP35: 19 | CQ35: 0 | CR35: 0 | CS35: 952 | CT35: 324 | CU35: 162 | CV35: 101 | CW35: 0 | CX35: 0 | CY35: 0 | CZ35: 0 | DB35: قويزة | DC35: سعودي | DD35: ذكر | DE35: 3 | DF35: 0 | DG35: 2 | DH35: 334 | DI35: 1 | DJ35: 23 | DK35: 121 | DL35: 0 | DM35: 0 | DN35: 0 | DO35: 0 | DQ35: قويزة | DR35: سعودي | DS35: ذكر | DT35: 8 | DU35: 0 | DV35: 0 | DW35: 904 | DX35: 104 | DY35: 171 | DZ35: 122 | EA35: 0 | EB35: 0 | EC35: 0 | ED35: 0 | EF35: قويزة | EG35: سعودي | EH35: ذكر | EI35: 8 | EJ35: 0 | EK35: 0 | EL35: 904 | EM35: 104 | EN35: 171 | EO35: 88 | EP35: 0 | EQ35: 0 | ER35: 0 | ES35: 0 | EU35: قويزة | EV35: سعودي | EW35: ذكر | EX35: 0 | EY35: 0 | EZ35: 0 | FA35: 0 | FB35: 0 | FC35: 0 | FD35: 0 | FE35: 0 | FF35: 0 | FG35: 0 | FH35: 0 | FJ35: قويزة | FK35: سعودي | FL35: ذكر | FM35: 0 | FN35: 0 | FO35: 0 | FP35: 0 | FQ35: 0 | FR35: 0 | FS35: 0 | FT35: 0 | FU35: 0 | FV35: 0 | FW35: 0 | FY35: =(FJ35) -> قويزة | FZ35: سعودي | GA35: ذكر | GB35: =SUM(FM35) -> 0 | GC35: =(E35+T35+AI35+AX35+BM35+CB35+CQ35+DF35+DU35+EJ35+EY35+FN35) -> 0 | GD35: =(F35+U35+AJ35+AY35+BN35+CC35+CR35+DG35+DV35+EK35+EZ35+FO35) -> 2 | GE35: =SUM(FP35) -> 0 | GF35: =SUM(FQ35) -> 0 | GG35: =SUM(FR35) -> 0 | GH35: =(J35+Y35+AN35+BC35+BR35+CG35+CV35+DK35+DZ35+EO35+FD35+FS35) -> 1083 | GI35: =(K35+Z35+AO35+BD35+BS35+CH35+CW35+DL35+EA35+EP35+FE35+FT35) -> 0 | GJ35: =(L35+AA35+AP35+BE35+BT35+CI35+CX35+DM35+EB35+EQ35+FF35+FU35) -> 0 | GK35: =(M35+AB35+AQ35+BF35+BU35+CJ35+CY35+DN35+EC35+ER35+FG35+FV35) -> 0 | GL35: =(N35+AC35+AR35+BG35+BV35+CK35+CZ35+DO35+ED35+ES35+FH35+FW35) -> 0
C36: أنثى | D36: 22 | E36: 0 | F36: 0 | G36: 1074 | H36: 225 | I36: 145 | J36: 84 | K36: 0 | L36: 0 | M36: 0 | N36: 0 | R36: أنثى | S36: 22 | T36: 0 | U36: 0 | V36: 175 | W36: 226 | X36: 145 | Y36: 105 | Z36: 0 | AA36: 0 | AB36: 0 | AC36: 0 | AG36: أنثى | AH36: 22 | AI36: 0 | AJ36: 0 | AK36: 177 | AL36: 231 | AM36: 149 | AN36: 99 | AO36: 0 | AP36: 0 | AQ36: 0 | AR36: 0 | AV36: أنثى | AW36: 21 | AX36: 0 | AY36: 0 | AZ36: 175 | BA36: 226 | BB36: 145 | BC36: 144 | BD36: 0 | BE36: 0 | BF36: 0 | BG36: 0 | BK36: أنثى | BL36: 21 | BM36: 0 | BN36: 0 | BO36: 175 | BP36: 226 | BQ36: 145 | BR36: 91 | BS36: 0 | BT36: 0 | BU36: 0 | BV36: 0 | BZ36: أنثى | CA36: 23 | CB36: 0 | CC36: 0 | CD36: 175 | CE36: 226 | CF36: 145 | CG36: 110 | CH36: 0 | CI36: 0 | CJ36: 0 | CK36: 0 | CO36: أنثى | CP36: 22 | CQ36: 0 | CR36: 0 | CS36: 1074 | CT36: 225 | CU36: 145 | CV36: 99 | CW36: 0 | CX36: 0 | CY36: 0 | CZ36: 0 | DD36: أنثى | DE36: 9 | DF36: 0 | DG36: 5 | DH36: 332 | DI36: 0 | DJ36: 18 | DK36: 110 | DL36: 0 | DM36: 0 | DN36: 0 | DO36: 0 | DS36: أنثى | DT36: 8 | DU36: 0 | DV36: 0 | DW36: 1179 | DX36: 69 | DY36: 147 | DZ36: 83 | EA36: 0 | EB36: 0 | EC36: 0 | ED36: 0 | EH36: أنثى | EI36: 8 | EJ36: 0 | EK36: 0 | EL36: 1179 | EM36: 69 | EN36: 147 | EO36: 82 | EP36: 0 | EQ36: 0 | ER36: 0 | ES36: 0 | EW36: أنثى | EX36: 0 | EY36: 0 | EZ36: 0 | FA36: 0 | FB36: 0 | FC36: 0 | FD36: 0 | FE36: 0 | FF36: 0 | FG36: 0 | FH36: 0 | FL36: أنثى | FM36: 0 | FN36: 0 | FO36: 0 | FP36: 0 | FQ36: 0 | FR36: 0 | FS36: 0 | FT36: 0 | FU36: 0 | FV36: 0 | FW36: 0 | GA36: أنثى | GB36: =SUM(FM36) -> 0 | GC36: =(E36+T36+AI36+AX36+BM36+CB36+CQ36+DF36+DU36+EJ36+EY36+FN36) -> 0 | GD36: =(F36+U36+AJ36+AY36+BN36+CC36+CR36+DG36+DV36+EK36+EZ36+FO36) -> 5 | GE36: =SUM(FP36) -> 0 | GF36: =SUM(FQ36) -> 0 | GG36: =SUM(FR36) -> 0 | GH36: =(J36+Y36+AN36+BC36+BR36+CG36+CV36+DK36+DZ36+EO36+FD36+FS36) -> 1007 | GI36: =(K36+Z36+AO36+BD36+BS36+CH36+CW36+DL36+EA36+EP36+FE36+FT36) -> 0 | GJ36: =(L36+AA36+AP36+BE36+BT36+CI36+CX36+DM36+EB36+EQ36+FF36+FU36) -> 0 | GK36: =(M36+AB36+AQ36+BF36+BU36+CJ36+CY36+DN36+EC36+ER36+FG36+FV36) -> 0 | GL36: =(N36+AC36+AR36+BG36+BV36+CK36+CZ36+DO36+ED36+ES36+FH36+FW36) -> 0
B37: غير | C37: ذكر | D37: 0 | E37: 0 | F37: 0 | G37: 0 | H37: 0 | I37: 0 | J37: 19 | K37: 0 | L37: 0 | M37: 0 | N37: 0 | Q37: غير | R37: ذكر | S37: 0 | T37: 0 | U37: 0 | V37: 0 | W37: 0 | X37: 0 | Y37: 0 | Z37: 0 | AA37: 0 | AB37: 0 | AC37: 0 | AF37: غير | AG37: ذكر | AH37: 0 | AI37: 0 | AJ37: 0 | AK37: 0 | AL37: 0 | AM37: 0 | AN37: 0 | AO37: 0 | AP37: 0 | AQ37: 0 | AR37: 0 | AU37: غير | AV37: ذكر | AW37: 0 | AX37: 0 | AY37: 0 | AZ37: 0 | BA37: 0 | BB37: 0 | BC37: 0 | BD37: 0 | BE37: 0 | BF37: 0 | BG37: 0 | BJ37: غير | BK37: ذكر | BL37: 0 | BM37: 0 | BN37: 0 | BO37: 0 | BP37: 0 | BQ37: 0 | BR37: 0 | BS37: 0 | BT37: 0 | BU37: 0 | BV37: 0 | BY37: غير | BZ37: ذكر | CA37: 0 | CB37: 0 | CC37: 0 | CD37: 0 | CE37: 0 | CF37: 0 | CG37: 21 | CH37: 0 | CI37: 0 | CJ37: 0 | CK37: 0 | CN37: غير | CO37: ذكر | CP37: 0 | CQ37: 0 | CR37: 0 | CS37: 0 | CT37: 0 | CU37: 0 | CV37: 11 | CW37: 0 | CX37: 0 | CY37: 0 | CZ37: 0 | DC37: غير | DD37: ذكر | DE37: 0 | DF37: 0 | DG37: 0 | DH37: 0 | DI37: 0 | DJ37: 0 | DK37: 21 | DL37: 0 | DM37: 0 | DN37: 0 | DO37: 0 | DR37: غير | DS37: ذكر | DT37: 0 | DU37: 0 | DV37: 0 | DW37: 0 | DX37: 0 | DY37: 0 | DZ37: 30 | EA37: 0 | EB37: 0 | EC37: 0 | ED37: 0 | EG37: غير | EH37: ذكر | EI37: 0 | EJ37: 0 | EK37: 0 | EL37: 0 | EM37: 0 | EN37: 0 | EO37: 0 | EP37: 0 | EQ37: 0 | ER37: 0 | ES37: 0 | EV37: غير | EW37: ذكر | EX37: 0 | EY37: 0 | EZ37: 0 | FA37: 0 | FB37: 0 | FC37: 0 | FD37: 0 | FE37: 0 | FF37: 0 | FG37: 0 | FH37: 0 | FK37: غير | FL37: ذكر | FM37: 0 | FN37: 0 | FO37: 0 | FP37: 0 | FQ37: 0 | FR37: 0 | FS37: 0 | FT37: 0 | FU37: 0 | FV37: 0 | FW37: 0 | FZ37: غير | GA37: ذكر | GB37: =SUM(FM37) -> 0 | GC37: =(E37+T37+AI37+AX37+BM37+CB37+CQ37+DF37+DU37+EJ37+EY37+FN37) -> 0 | GD37: =(F37+U37+AJ37+AY37+BN37+CC37+CR37+DG37+DV37+EK37+EZ37+FO37) -> 0 | GE37: =SUM(FP37) -> 0 | GF37: =SUM(FQ37) -> 0 | GG37: =SUM(FR37) -> 0 | GH37: =(J37+Y37+AN37+BC37+BR37+CG37+CV37+DK37+DZ37+EO37+FD37+FS37) -> 102 | GI37: =(K37+Z37+AO37+BD37+BS37+CH37+CW37+DL37+EA37+EP37+FE37+FT37) -> 0 | GJ37: =(L37+AA37+AP37+BE37+BT37+CI37+CX37+DM37+EB37+EQ37+FF37+FU37) -> 0 | GK37: =(M37+AB37+AQ37+BF37+BU37+CJ37+CY37+DN37+EC37+ER37+FG37+FV37) -> 0 | GL37: =(N37+AC37+AR37+BG37+BV37+CK37+CZ37+DO37+ED37+ES37+FH37+FW37) -> 0
B38: سعودي | C38: أنثى | D38: 0 | E38: 0 | F38: 0 | G38: 0 | H38: 0 | I38: 0 | J38: 25 | K38: 0 | L38: 0 | M38: 0 | N38: 0 | Q38: سعودي | R38: أنثى | S38: 0 | T38: 0 | U38: 0 | V38: 0 | W38: 0 | X38: 0 | Y38: 0 | Z38: 0 | AA38: 0 | AB38: 0 | AC38: 0 | AF38: سعودي | AG38: أنثى | AH38: 0 | AI38: 0 | AJ38: 0 | AK38: 0 | AL38: 0 | AM38: 0 | AN38: 0 | AO38: 0 | AP38: 0 | AQ38: 0 | AR38: 0 | AU38: سعودي | AV38: أنثى | AW38: 0 | AX38: 0 | AY38: 0 | AZ38: 0 | BA38: 0 | BB38: 0 | BC38: 0 | BD38: 0 | BE38: 0 | BF38: 0 | BG38: 0 | BJ38: سعودي | BK38: أنثى | BL38: 0 | BM38: 0 | BN38: 0 | BO38: 0 | BP38: 0 | BQ38: 0 | BR38: 0 | BS38: 0 | BT38: 0 | BU38: 0 | BV38: 0 | BY38: سعودي | BZ38: أنثى | CA38: 0 | CB38: 0 | CC38: 0 | CD38: 0 | CE38: 0 | CF38: 0 | CG38: 15 | CH38: 0 | CI38: 0 | CJ38: 0 | CK38: 0 | CN38: سعودي | CO38: أنثى | CP38: 0 | CQ38: 0 | CR38: 0 | CS38: 0 | CT38: 0 | CU38: 0 | CV38: 14 | CW38: 0 | CX38: 0 | CY38: 0 | CZ38: 0 | DC38: سعودي | DD38: أنثى | DE38: 0 | DF38: 0 | DG38: 0 | DH38: 0 | DI38: 0 | DJ38: 0 | DK38: 15 | DL38: 0 | DM38: 0 | DN38: 0 | DO38: 0 | DR38: سعودي | DS38: أنثى | DT38: 0 | DU38: 0 | DV38: 0 | DW38: 0 | DX38: 0 | DY38: 0 | DZ38: 21 | EA38: 0 | EB38: 0 | EC38: 0 | ED38: 0 | EG38: سعودي | EH38: أنثى | EI38: 0 | EJ38: 0 | EK38: 0 | EL38: 0 | EM38: 0 | EN38: 0 | EO38: 0 | EP38: 0 | EQ38: 0 | ER38: 0 | ES38: 0 | EV38: سعودي | EW38: أنثى | EX38: 0 | EY38: 0 | EZ38: 0 | FA38: 0 | FB38: 0 | FC38: 0 | FD38: 0 | FE38: 0 | FF38: 0 | FG38: 0 | FH38: 0 | FK38: سعودي | FL38: أنثى | FM38: 0 | FN38: 0 | FO38: 0 | FP38: 0 | FQ38: 0 | FR38: 0 | FS38: 0 | FT38: 0 | FU38: 0 | FV38: 0 | FW38: 0 | FZ38: سعودي | GA38: أنثى | GB38: =SUM(FM38) -> 0 | GC38: =(E38+T38+AI38+AX38+BM38+CB38+CQ38+DF38+DU38+EJ38+EY38+FN38) -> 0 | GD38: =(F38+U38+AJ38+AY38+BN38+CC38+CR38+DG38+DV38+EK38+EZ38+FO38) -> 0 | GE38: =SUM(FP38) -> 0 | GF38: =SUM(FQ38) -> 0 | GG38: =SUM(FR38) -> 0 | GH38: =(J38+Y38+AN38+BC38+BR38+CG38+CV38+DK38+DZ38+EO38+FD38+FS38) -> 90 | GI38: =(K38+Z38+AO38+BD38+BS38+CH38+CW38+DL38+EA38+EP38+FE38+FT38) -> 0 | GJ38: =(L38+AA38+AP38+BE38+BT38+CI38+CX38+DM38+EB38+EQ38+FF38+FU38) -> 0 | GK38: =(M38+AB38+AQ38+BF38+BU38+CJ38+CY38+DN38+EC38+ER38+FG38+FV38) -> 0 | GL38: =(N38+AC38+AR38+BG38+BV38+CK38+CZ38+DO38+ED38+ES38+FH38+FW38) -> 0
B39: المجموع | D39: =SUM(D35:D38) -> 41 | E39: =SUM(E35:E38) -> 0 | F39: =SUM(F35:F38) -> 0 | G39: =SUM(G35:G38) -> 2026 | H39: =SUM(H35:H38) -> 549 | I39: =SUM(I35:I38) -> 307 | J39: =SUM(J35:J38) -> 220 | K39: =SUM(K35:K38) -> 0 | ... N39: =SUM(N35:N38) -> 0 | Q39: المجموع | S39: =SUM(S35:S38) -> 41 | T39: =SUM(T35:T38) -> 0 | U39: =SUM(U35:U38) -> 0 | V39: =SUM(V35:V38) -> 1128 | W39: =SUM(W35:W38) -> 550 | X39: =SUM(X35:X38) -> 308 | Y39: =SUM(Y35:Y38) -> 214 | Z39: =SUM(Z35:Z38) -> 0 | ... AC39: =SUM(AC35:AC38) -> 0 | AF39: المجموع | AH39: =SUM(AH35:AH38) -> 43 | AI39: =SUM(AI35:AI38) -> 0 | AJ39: =SUM(AJ35:AJ38) -> 0 | AK39: =SUM(AK35:AK38) -> 1132 | AL39: =SUM(AL35:AL38) -> 557 | AM39: =SUM(AM35:AM38) -> 313 | AN39: =SUM(AN35:AN38) -> 200 | AO39: =SUM(AO35:AO38) -> 0 | ... AR39: =SUM(AR35:AR38) -> 0 | AU39: المجموع | AW39: =SUM(AW35:AW38) -> 41 | AX39: =SUM(AX35:AX38) -> 0 | AY39: =SUM(AY35:AY38) -> 0 | AZ39: =SUM(AZ35:AZ38) -> 1128 | BA39: =SUM(BA35:BA38) -> 550 | BB39: =SUM(BB35:BB38) -> 308 | BC39: =SUM(BC35:BC38) -> 274 | BD39: =SUM(BD35:BD38) -> 0 | ... BG39: =SUM(BG35:BG38) -> 0 | BJ39: المجموع | BL39: =SUM(BL35:BL38) -> 41 | BM39: =SUM(BM35:BM38) -> 0 | BN39: =SUM(BN35:BN38) -> 0 | BO39: =SUM(BO35:BO38) -> 1128 | BP39: =SUM(BP35:BP38) -> 550 | BQ39: =SUM(BQ35:BQ38) -> 308 | BR39: =SUM(BR35:BR38) -> 189 | BS39: =SUM(BS35:BS38) -> 0 | ... BV39: =SUM(BV35:BV38) -> 0 | BY39: المجموع | CA39: =SUM(CA35:CA38) -> 45 | CB39: =SUM(CB35:CB38) -> 0 | CC39: =SUM(CC35:CC38) -> 0 | CD39: =SUM(CD35:CD38) -> 1128 | CE39: =SUM(CE35:CE38) -> 550 | CF39: =SUM(CF35:CF38) -> 308 | CG39: 267 | CH39: =SUM(CH35:CH38) -> 0 | CI39: =SUM(CI35:CI38) -> 0 | CJ39: =SUM(CJ35:CJ38) -> 0 | CK39: =SUM(CK35:CK38) -> 0 | CN39: المجموع | CP39: 41 | CQ39: 0 | CR39: 0 | CS39: 2026 | CT39: 549 | CU39: 307 | CV39: 225 | CW39: 0 | CX39: 0 | CY39: 0 | CZ39: 0 | DC39: المجموع | DE39: =SUM(DE35:DE38) -> 12 | DF39: =SUM(DF35:DF38) -> 0 | DG39: =SUM(DG35:DG38) -> 7 | DH39: =SUM(DH35:DH38) -> 666 | DI39: =SUM(DI35:DI38) -> 1 | DJ39: =SUM(DJ35:DJ38) -> 41 | DK39: =SUM(DK35:DK38) -> 267 | DL39: =SUM(DL35:DL38) -> 0 | ... DO39: =SUM(DO35:DO38) -> 0 | DR39: المجموع | DT39: 16 | DU39: 0 | DV39: 0 | DW39: 2083 | DX39: 173 | DY39: 318 | DZ39: 256 | EA39: 0 | EB39: 0 | EC39: 0 | ED39: 0 | EG39: المجموع | EI39: =SUM(EI35:EI38) -> 16 | EJ39: =SUM(EJ35:EJ38) -> 0 | EK39: =SUM(EK35:EK38) -> 0 | EL39: =SUM(EL35:EL38) -> 2083 | EM39: =SUM(EM35:EM38) -> 173 | EN39: =SUM(EN35:EN38) -> 318 | EO39: =SUM(EO35:EO38) -> 170 | EP39: =SUM(EP35:EP38) -> 0 | ... ES39: =SUM(ES35:ES38) -> 0 | EV39: المجموع | EX39: =SUM(EX35:EX38) -> 0 | EY39: =SUM(EY35:EY38) -> 0 | EZ39: =SUM(EZ35:EZ38) -> 0 | FA39: =SUM(FA35:FA38) -> 0 | FB39: =SUM(FB35:FB38) -> 0 | FC39: =SUM(FC35:FC38) -> 0 | FD39: =SUM(FD35:FD38) -> 0 | FE39: =SUM(FE35:FE38) -> 0 | ... FH39: =SUM(FH35:FH38) -> 0 | FK39: المجموع | FM39: =SUM(FM35:FM38) -> 0 | FN39: =SUM(FN35:FN38) -> 0 | FO39: =SUM(FO35:FO38) -> 0 | FP39: =SUM(FP35:FP38) -> 0 | FQ39: =SUM(FQ35:FQ38) -> 0 | FR39: =SUM(FR35:FR38) -> 0 | FS39: =SUM(FS35:FS38) -> 0 | FT39: =SUM(FT35:FT38) -> 0 | ... FW39: =SUM(FW35:FW38) -> 0 | FZ39: المجموع | GB39: =SUM(GB35:GB38) -> 0 | GC39: =SUM(GC35:GC38) -> 0 | GD39: =SUM(GD35:GD38) -> 7 | GE39: =SUM(GE35:GE38) -> 0 | GF39: =SUM(GF35:GF38) -> 0 | GG39: =SUM(GG35:GG38) -> 0 | GH39: =SUM(GH35:GH38) -> 2282 | GI39: =SUM(GI35:GI38) -> 0 | ... GL39: =SUM(GL35:GL38) -> 0
B40: عدد الأطفال الذين يقل وزنهم بالنسبة لعمرهم ( تحت المنطقة C في منحنى النمو خلال الشهر | K40: ذكر | L40: 0 | M40: أنثى | N40: 0 | Q40: عدد الأطفال الذين يقل وزنهم بالنسبة لعمرهم ( تحت المنطقة C في منحنى النمو خلال الشهر | Z40: ذكر | AA40: 0 | AB40: أنثى | AC40: 0 | AF40: عدد الأطفال الذين يقل وزنهم بالنسبة لعمرهم ( تحت المنطقة C في منحنى النمو خلال الشهر | AO40: ذكر | AP40: 0 | AQ40: أنثى | AR40: 0 | AU40: عدد الأطفال الذين يقل وزنهم بالنسبة لعمرهم ( تحت المنطقة C في منحنى النمو خلال الشهر | BD40: ذكر | BE40: 0 | BF40: أنثى | BG40: 0 | BJ40: عدد الأطفال الذين يقل وزنهم بالنسبة لعمرهم ( تحت المنطقة C في منحنى النمو خلال الشهر | BS40: ذكر | BT40: 0 | BU40: أنثى | BV40: 0 | BY40: عدد الأطفال الذين يقل وزنهم بالنسبة لعمرهم ( تحت المنطقة C في منحنى النمو خلال الشهر | CH40: ذكر | CI40: 0 | CJ40: أنثى | CK40: 0 | CN40: عدد الأطفال الذين يقل وزنهم بالنسبة لعمرهم ( تحت المنطقة C في منحنى النمو خلال الشهر | CW40: ذكر | CX40: 0 | CY40: أنثى | CZ40: 0 | DC40: عدد الأطفال الذين يقل وزنهم بالنسبة لعمرهم ( تحت المنطقة C في منحنى النمو خلال الشهر | DL40: ذكر | DM40: 0 | DN40: أنثى | DO40: 0 | DR40: عدد الأطفال الذين يقل وزنهم بالنسبة لعمرهم ( تحت المنطقة C في منحنى النمو خلال الشهر | EA40: ذكر | EB40: 0 | EC40: أنثى | ED40: 0 | EG40: عدد الأطفال الذين يقل وزنهم بالنسبة لعمرهم ( تحت المنطقة C في منحنى النمو خلال الشهر | EP40: ذكر | EQ40: 0 | ER40: أنثى | ES40: 0 | EV40: عدد الأطفال الذين يقل وزنهم بالنسبة لعمرهم ( تحت المنطقة C في منحنى النمو خلال الشهر | FE40: ذكر | FF40: 0 | FG40: أنثى | FH40: 0 | FK40: عدد الأطفال الذين يقل وزنهم بالنسبة لعمرهم ( تحت المنطقة C في منحنى النمو خلال الشهر | FT40: ذكر | FU40: 0 | FV40: أنثى | FW40: 0 | FZ40: عدد الأطفال الذين يقل وزنهم بالنسبة لعمرهم ( تحت المنطقة C في منحنى النمو خلال العام | GI40: ذكر | GJ40: =(L40+AA40+AP40+BE40+BT40+CI40+CX40+DM40+EB40+EQ40+FF40+FU40) -> 0 | GK40: أنثى | GL40: =(N40+AC40+AR40+BG40+BV40+CK40+CZ40+DO40+ED40+ES40+FH40+FW40) -> 0
A41: الرغامة | B41: سعودي | C41: ذكر | D41: 7 | E41: 3 | F41: 1 | G41: 335 | H41: 1 | I41: 23 | J41: 338 | K41: 0 | L41: 0 | M41: 0 | N41: 0 | P41: الرغامة | Q41: سعودي | R41: ذكر | S41: 6 | T41: 7 | U41: 3 | V41: 335 | W41: 2 | X41: 23 | Y41: 185 | Z41: 0 | AA41: 0 | AB41: 0 | AC41: 0 | AE41: الرغامة | AF41: سعودي | AG41: ذكر | AH41: 1 | AI41: 3 | AJ41: 1 | AK41: 335 | AL41: 2 | AM41: 24 | AN41: 58 | AO41: 0 | AP41: 0 | AQ41: 0 | AR41: 0 | AT41: الرغامة | AU41: سعودي | AV41: ذكر | AW41: 1 | AX41: 6 | AY41: 7 | AZ41: 0 | BA41: 1 | BB41: 24 | BC41: 0 | BD41: 0 | BE41: 0 | BF41: 0 | BG41: 0 | BI41: الرغامة | BJ41: سعودي | BK41: ذكر | BL41: 1 | BM41: 6 | BN41: 7 | BO41: 0 | BP41: 0 | BQ41: 24 | BR41: 228 | BS41: 0 | BT41: 0 | BU41: 0 | BV41: 0 | BX41: الرغامة | BY41: سعودي | BZ41: ذكر | CA41: 0 | CB41: 0 | CC41: 0 | CD41: 0 | CE41: 0 | CF41: 0 | CG41: 89 | CH41: 0 | CI41: 0 | CJ41: 0 | CK41: 0 | CM41: الرغامة | CN41: سعودي | CO41: ذكر | CP41: 3 | CQ41: 3 | CR41: 2 | CS41: 335 | CT41: 2 | CU41: 23 | CV41: 785 | CW41: 0 | CX41: 0 | CY41: 0 | CZ41: 0 | DB41: الرغامة | DC41: سعودي | DD41: ذكر | DE41: 3 | DF41: 4 | DG41: 1 | DH41: 335 | DI41: 1 | DJ41: 24 | DK41: 89 | DL41: 0 | DM41: 0 | DN41: 0 | DO41: 0 | DQ41: الرغامة | DR41: سعودي | DS41: ذكر | DT41: 8 | DU41: 8 | DV41: 2 | DW41: 362 | DX41: 1 | DY41: 36 | DZ41: 66 | EA41: 0 | EB41: 0 | EC41: 0 | ED41: 0 | EF41: الرغامة | EG41: سعودي | EH41: ذكر | EI41: 8 | EJ41: 8 | EK41: 2 | EL41: 362 | EM41: 1 | EN41: 36 | EO41: 600 | EP41: 0 | EQ41: 0 | ER41: 0 | ES41: 0 | EU41: الرغامة | EV41: سعودي | EW41: ذكر | EX41: 0 | EY41: 0 | EZ41: 0 | FA41: 0 | FB41: 0 | FC41: 0 | FD41: 0 | FE41: 0 | FF41: 0 | FG41: 0 | FH41: 0 | FJ41: الرغامة | FK41: سعودي | FL41: ذكر | FM41: 0 | FN41: 0 | FO41: 0 | FP41: 0 | FQ41: 0 | FR41: 0 | FS41: 0 | FT41: 0 | FU41: 0 | FV41: 0 | FW41: 0 | FY41: =(FJ41) -> الرغامة | FZ41: سعودي | GA41: ذكر | GB41: =SUM(FM41) -> 0 | GC41: =(E41+T41+AI41+AX41+BM41+CB41+CQ41+DF41+DU41+EJ41+EY41+FN41) -> 48 | GD41: =(F41+U41+AJ41+AY41+BN41+CC41+CR41+DG41+DV41+EK41+EZ41+FO41) -> 26 | GE41: =SUM(FP41) -> 0 | GF41: =SUM(FQ41) -> 0 | GG41: =SUM(FR41) -> 0 | GH41: =(J41+Y41+AN41+BC41+BR41+CG41+CV41+DK41+DZ41+EO41+FD41+FS41) -> 2438 | GI41: =(K41+Z41+AO41+BD41+BS41+CH41+CW41+DL41+EA41+EP41+FE41+FT41) -> 0 | GJ41: =(L41+AA41+AP41+BE41+BT41+CI41+CX41+DM41+EB41+EQ41+FF41+FU41) -> 0 | GK41: =(M41+AB41+AQ41+BF41+BU41+CJ41+CY41+DN41+EC41+ER41+FG41+FV41) -> 0 | GL41: =(N41+AC41+AR41+BG41+BV41+CK41+CZ41+DO41+ED41+ES41+FH41+FW41) -> 0
C42: أنثى | D42: 5 | E42: 2 | F42: 6 | G42: 333 | H42: 2 | I42: 18 | J42: 305 | K42: 0 | L42: 0 | M42: 0 | N42: 0 | R42: أنثى | S42: 6 | T42: 5 | U42: 2 | V42: 333 | W42: 1 | X42: 18 | Y42: 186 | Z42: 0 | AA42: 0 | AB42: 0 | AC42: 0 | AG42: أنثى | AH42: 6 | AI42: 2 | AJ42: 1 | AK42: 333 | AL42: 3 | AM42: 21 | AN42: 52 | AO42: 0 | AP42: 0 | AQ42: 0 | AR42: 0 | AV42: أنثى | AW42: 2 | AX42: 6 | AY42: 5 | AZ42: 0 | BA42: 2 | BB42: 21 | BC42: 0 | BD42: 0 | BE42: 0 | BF42: 0 | BG42: 0 | BK42: أنثى | BL42: 3 | BM42: 7 | BN42: 5 | BO42: 0 | BP42: 0 | BQ42: 21 | BR42: 223 | BS42: 0 | BT42: 0 | BU42: 0 | BV42: 0 | BZ42: أنثى | CA42: 0 | CB42: 0 | CC42: 0 | CD42: 0 | CE42: 0 | CF42: 0 | CG42: 87 | CH42: 0 | CI42: 0 | CJ42: 0 | CK42: 0 | CO42: أنثى | CP42: 2 | CQ42: 6 | CR42: 1 | CS42: 333 | CT42: 1 | CU42: 18 | CV42: 647 | CW42: 0 | CX42: 0 | CY42: 0 | CZ42: 0 | DD42: أنثى | DE42: 2 | DF42: 1 | DG42: 2 | DH42: 333 | DI42: 1 | DJ42: 21 | DK42: 87 | DL42: 0 | DM42: 0 | DN42: 0 | DO42: 0 | DS42: أنثى | DT42: 3 | DU42: 4 | DV42: 1 | DW42: 228 | DX42: 1 | DY42: 45 | DZ42: 34 | EA42: 0 | EB42: 0 | EC42: 0 | ED42: 0 | EH42: أنثى | EI42: 3 | EJ42: 4 | EK42: 1 | EL42: 228 | EM42: 1 | EN42: 45 | EO42: 632 | EP42: 0 | EQ42: 0 | ER42: 0 | ES42: 0 | EW42: أنثى | EX42: 0 | EY42: 0 | EZ42: 0 | FA42: 0 | FB42: 0 | FC42: 0 | FD42: 0 | FE42: 0 | FF42: 0 | FG42: 0 | FH42: 0 | FL42: أنثى | FM42: 0 | FN42: 0 | FO42: 0 | FP42: 0 | FQ42: 0 | FR42: 0 | FS42: 0 | FT42: 0 | FU42: 0 | FV42: 0 | FW42: 0 | GA42: أنثى | GB42: =SUM(FM42) -> 0 | GC42: =(E42+T42+AI42+AX42+BM42+CB42+CQ42+DF42+DU42+EJ42+EY42+FN42) -> 37 | GD42: =(F42+U42+AJ42+AY42+BN42+CC42+CR42+DG42+DV42+EK42+EZ42+FO42) -> 24 | GE42: =SUM(FP42) -> 0 | GF42: =SUM(FQ42) -> 0 | GG42: =SUM(FR42) -> 0 | GH42: =(J42+Y42+AN42+BC42+BR42+CG42+CV42+DK42+DZ42+EO42+FD42+FS42) -> 2253 | GI42: =(K42+Z42+AO42+BD42+BS42+CH42+CW42+DL42+EA42+EP42+FE42+FT42) -> 0 | GJ42: =(L42+AA42+AP42+BE42+BT42+CI42+CX42+DM42+EB42+EQ42+FF42+FU42) -> 0 | GK42: =(M42+AB42+AQ42+BF42+BU42+CJ42+CY42+DN42+EC42+ER42+FG42+FV42) -> 0 | GL42: =(N42+AC42+AR42+BG42+BV42+CK42+CZ42+DO42+ED42+ES42+FH42+FW42) -> 0
B43: غير | C43: ذكر | D43: 0 | E43: 0 | F43: 0 | G43: 0 | H43: 0 | I43: 0 | J43: 0 | K43: 0 | L43: 0 | M43: 0 | N43: 0 | Q43: غير | R43: ذكر | S43: 0 | T43: 0 | U43: 0 | V43: 0 | W43: 0 | X43: 0 | Y43: 65 | Z43: 0 | AA43: 0 | AB43: 0 | AC43: 0 | AF43: غير | AG43: ذكر | AH43: 0 | AI43: 0 | AJ43: 0 | AK43: 0 | AL43: 0 | AM43: 0 | AN43: 58 | AO43: 0 | AP43: 0 | AQ43: 0 | AR43: 0 | AU43: غير | AV43: ذكر | AW43: 0 | AX43: 0 | AY43: 0 | AZ43: 0 | BA43: 0 | BB43: 0 | BC43: 0 | BD43: 0 | BE43: 0 | BF43: 0 | BG43: 0 | BJ43: غير | BK43: ذكر | BL43: 0 | BM43: 0 | BN43: 0 | BO43: 0 | BP43: 0 | BQ43: 0 | BR43: 55 | BS43: 0 | BT43: 0 | BU43: 0 | BV43: 0 | BY43: غير | BZ43: ذكر | CA43: 0 | CB43: 0 | CC43: 0 | CD43: 0 | CE43: 0 | CF43: 0 | CG43: 49 | CH43: 0 | CI43: 0 | CJ43: 0 | CK43: 0 | CN43: غير | CO43: ذكر | CP43: 0 | CQ43: 0 | CR43: 0 | CS43: 0 | CT43: 0 | CU43: 0 | CV43: 35 | CW43: 0 | CX43: 0 | CY43: 0 | CZ43: 0 | DC43: غير | DD43: ذكر | DE43: 0 | DF43: 0 | DG43: 0 | DH43: 0 | DI43: 0 | DJ43: 0 | DK43: 49 | DL43: 0 | DM43: 0 | DN43: 0 | DO43: 0 | DR43: غير | DS43: ذكر | DT43: 0 | DU43: 0 | DV43: 0 | DW43: 0 | DX43: 0 | DY43: 0 | DZ43: 0 | EA43: 0 | EB43: 0 | EC43: 0 | ED43: 0 | EG43: غير | EH43: ذكر | EI43: 0 | EJ43: 0 | EK43: 0 | EL43: 0 | EM43: 0 | EN43: 0 | EO43: 68 | EP43: 0 | EQ43: 0 | ER43: 0 | ES43: 0 | EV43: غير | EW43: ذكر | EX43: 0 | EY43: 0 | EZ43: 0 | FA43: 0 | FB43: 0 | FC43: 0 | FD43: 0 | FE43: 0 | FF43: 0 | FG43: 0 | FH43: 0 | FK43: غير | FL43: ذكر | FM43: 0 | FN43: 0 | FO43: 0 | FP43: 0 | FQ43: 0 | FR43: 0 | FS43: 0 | FT43: 0 | FU43: 0 | FV43: 0 | FW43: 0 | FZ43: غير | GA43: ذكر | GB43: =SUM(FM43) -> 0 | GC43: =(E43+T43+AI43+AX43+BM43+CB43+CQ43+DF43+DU43+EJ43+EY43+FN43) -> 0 | GD43: =(F43+U43+AJ43+AY43+BN43+CC43+CR43+DG43+DV43+EK43+EZ43+FO43) -> 0 | GE43: =SUM(FP43) -> 0 | GF43: =SUM(FQ43) -> 0 | GG43: =SUM(FR43) -> 0 | GH43: =(J43+Y43+AN43+BC43+BR43+CG43+CV43+DK43+DZ43+EO43+FD43+FS43) -> 379 | GI43: =(K43+Z43+AO43+BD43+BS43+CH43+CW43+DL43+EA43+EP43+FE43+FT43) -> 0 | GJ43: =(L43+AA43+AP43+BE43+BT43+CI43+CX43+DM43+EB43+EQ43+FF43+FU43) -> 0 | GK43: =(M43+AB43+AQ43+BF43+BU43+CJ43+CY43+DN43+EC43+ER43+FG43+FV43) -> 0 | GL43: =(N43+AC43+AR43+BG43+BV43+CK43+CZ43+DO43+ED43+ES43+FH43+FW43) -> 0
B44: سعودي | C44: أنثى | D44: 0 | E44: 0 | F44: 0 | G44: 0 | H44: 0 | I44: 0 | J44: 0 | K44: 0 | L44: 0 | M44: 0 | N44: 0 | Q44: سعودي | R44: أنثى | S44: 0 | T44: 0 | U44: 0 | V44: 0 | W44: 0 | X44: 0 | Y44: 57 | Z44: 0 | AA44: 0 | AB44: 0 | AC44: 0 | AF44: سعودي | AG44: أنثى | AH44: 0 | AI44: 0 | AJ44: 0 | AK44: 0 | AL44: 0 | AM44: 0 | AN44: 59 | AO44: 0 | AP44: 0 | AQ44: 0 | AR44: 0 | AU44: سعودي | AV44: أنثى | AW44: 0 | AX44: 0 | AY44: 0 | AZ44: 0 | BA44: 0 | BB44: 0 | BC44: 0 | BD44: 0 | BE44: 0 | BF44: 0 | BG44: 0 | BJ44: سعودي | BK44: أنثى | BL44: 0 | BM44: 0 | BN44: 0 | BO44: 0 | BP44: 0 | BQ44: 0 | BR44: 46 | BS44: 0 | BT44: 0 | BU44: 0 | BV44: 0 | BY44: سعودي | BZ44: أنثى | CA44: 0 | CB44: 0 | CC44: 0 | CD44: 0 | CE44: 0 | CF44: 0 | CG44: 46 | CH44: 0 | CI44: 0 | CJ44: 0 | CK44: 0 | CN44: سعودي | CO44: أنثى | CP44: 0 | CQ44: 0 | CR44: 0 | CS44: 0 | CT44: 0 | CU44: 0 | CV44: 39 | CW44: 0 | CX44: 0 | CY44: 0 | CZ44: 0 | DC44: سعودي | DD44: أنثى | DE44: 0 | DF44: 0 | DG44: 0 | DH44: 0 | DI44: 0 | DJ44: 0 | DK44: 46 | DL44: 0 | DM44: 0 | DN44: 0 | DO44: 0 | DR44: سعودي | DS44: أنثى | DT44: 0 | DU44: 0 | DV44: 0 | DW44: 0 | DX44: 0 | DY44: 0 | DZ44: 0 | EA44: 0 | EB44: 0 | EC44: 0 | ED44: 0 | EG44: سعودي | EH44: أنثى | EI44: 0 | EJ44: 0 | EK44: 0 | EL44: 0 | EM44: 0 | EN44: 0 | EO44: 64 | EP44: 0 | EQ44: 0 | ER44: 0 | ES44: 0 | EV44: سعودي | EW44: أنثى | EX44: 0 | EY44: 0 | EZ44: 0 | FA44: 0 | FB44: 0 | FC44: 0 | FD44: 0 | FE44: 0 | FF44: 0 | FG44: 0 | FH44: 0 | FK44: سعودي | FL44: أنثى | FM44: 0 | FN44: 0 | FO44: 0 | FP44: 0 | FQ44: 0 | FR44: 0 | FS44: 0 | FT44: 0 | FU44: 0 | FV44: 0 | FW44: 0 | FZ44: سعودي | GA44: أنثى | GB44: =SUM(FM44) -> 0 | GC44: =(E44+T44+AI44+AX44+BM44+CB44+CQ44+DF44+DU44+EJ44+EY44+FN44) -> 0 | GD44: =(F44+U44+AJ44+AY44+BN44+CC44+CR44+DG44+DV44+EK44+EZ44+FO44) -> 0 | GE44: =SUM(FP44) -> 0 | GF44: =SUM(FQ44) -> 0 | GG44: =SUM(FR44) -> 0 | GH44: =(J44+Y44+AN44+BC44+BR44+CG44+CV44+DK44+DZ44+EO44+FD44+FS44) -> 357 | GI44: =(K44+Z44+AO44+BD44+BS44+CH44+CW44+DL44+EA44+EP44+FE44+FT44) -> 0 | GJ44: =(L44+AA44+AP44+BE44+BT44+CI44+CX44+DM44+EB44+EQ44+FF44+FU44) -> 0 | GK44: =(M44+AB44+AQ44+BF44+BU44+CJ44+CY44+DN44+EC44+ER44+FG44+FV44) -> 0 | GL44: =(N44+AC44+AR44+BG44+BV44+CK44+CZ44+DO44+ED44+ES44+FH44+FW44) -> 0
B45: المجموع | D45: =SUM(D41:D44) -> 12 | E45: =SUM(E41:E44) -> 5 | F45: =SUM(F41:F44) -> 7 | G45: =SUM(G41:G44) -> 668 | H45: =SUM(H41:H44) -> 3 | I45: =SUM(I41:I44) -> 41 | J45: =SUM(J41:J44) -> 643 | K45: =SUM(K41:K44) -> 0 | ... N45: =SUM(N41:N44) -> 0 | Q45: المجموع | S45: =SUM(S41:S44) -> 12 | T45: =SUM(T41:T44) -> 12 | U45: =SUM(U41:U44) -> 5 | V45: =SUM(V41:V44) -> 668 | W45: =SUM(W41:W44) -> 3 | X45: =SUM(X41:X44) -> 41 | Y45: =SUM(Y41:Y44) -> 493 | Z45: =SUM(Z41:Z44) -> 0 | ... AC45: =SUM(AC41:AC44) -> 0 | AF45: المجموع | AH45: =SUM(AH41:AH44) -> 7 | AI45: =SUM(AI41:AI44) -> 5 | AJ45: =SUM(AJ41:AJ44) -> 2 | AK45: =SUM(AK41:AK44) -> 668 | AL45: =SUM(AL41:AL44) -> 5 | AM45: =SUM(AM41:AM44) -> 45 | AN45: =SUM(AN41:AN44) -> 227 | AO45: =SUM(AO41:AO44) -> 0 | ... AR45: =SUM(AR41:AR44) -> 0 | AU45: المجموع | AW45: =SUM(AW41:AW44) -> 3 | AX45: =SUM(AX41:AX44) -> 12 | AY45: =SUM(AY41:AY44) -> 12 | AZ45: =SUM(AZ41:AZ44) -> 0 | BA45: =SUM(BA41:BA44) -> 3 | BB45: =SUM(BB41:BB44) -> 45 | BC45: =SUM(BC41:BC44) -> 0 | BD45: =SUM(BD41:BD44) -> 0 | ... BG45: =SUM(BG41:BG44) -> 0 | BJ45: المجموع | BL45: =SUM(BL41:BL44) -> 4 | BM45: =SUM(BM41:BM44) -> 13 | BN45: =SUM(BN41:BN44) -> 12 | BO45: =SUM(BO41:BO44) -> 0 | BP45: =SUM(BP41:BP44) -> 0 | BQ45: =SUM(BQ41:BQ44) -> 45 | BR45: =SUM(BR41:BR44) -> 552 | BS45: =SUM(BS41:BS44) -> 0 | ... BV45: =SUM(BV41:BV44) -> 0 | BY45: المجموع | CA45: =SUM(CA41:CA44) -> 0 | CB45: =SUM(CB41:CB44) -> 0 | CC45: =SUM(CC41:CC44) -> 0 | CD45: =SUM(CD41:CD44) -> 0 | CE45: =SUM(CE41:CE44) -> 0 | CF45: =SUM(CF41:CF44) -> 0 | CG45: 271 | CH45: =SUM(CH41:CH44) -> 0 | CI45: =SUM(CI41:CI44) -> 0 | CJ45: =SUM(CJ41:CJ44) -> 0 | CK45: =SUM(CK41:CK44) -> 0 | CN45: المجموع | CP45: 5 | CQ45: 9 | CR45: 3 | CS45: 668 | CT45: 3 | CU45: 41 | CV45: 1506 | CW45: 0 | CX45: 0 | CY45: 0 | CZ45: 0 | DC45: المجموع | DE45: =SUM(DE41:DE44) -> 5 | DF45: =SUM(DF41:DF44) -> 5 | DG45: =SUM(DG41:DG44) -> 3 | DH45: =SUM(DH41:DH44) -> 668 | DI45: =SUM(DI41:DI44) -> 2 | DJ45: =SUM(DJ41:DJ44) -> 45 | DK45: =SUM(DK41:DK44) -> 271 | DL45: =SUM(DL41:DL44) -> 0 | ... DO45: =SUM(DO41:DO44) -> 0 | DR45: المجموع | DT45: =SUM(DT41:DT44) -> 11 | DU45: =SUM(DU41:DU44) -> 12 | DV45: =SUM(DV41:DV44) -> 3 | DW45: =SUM(DW41:DW44) -> 590 | DX45: =SUM(DX41:DX44) -> 2 | DY45: =SUM(DY41:DY44) -> 81 | DZ45: =SUM(DZ41:DZ44) -> 100 | EA45: =SUM(EA41:EA44) -> 0 | ... ED45: =SUM(ED41:ED44) -> 0 | EG45: المجموع | EI45: =SUM(EI41:EI44) -> 11 | EJ45: =SUM(EJ41:EJ44) -> 12 | EK45: =SUM(EK41:EK44) -> 3 | EL45: =SUM(EL41:EL44) -> 590 | EM45: =SUM(EM41:EM44) -> 2 | EN45: =SUM(EN41:EN44) -> 81 | EO45: =SUM(EO41:EO44) -> 1364 | EP45: =SUM(EP41:EP44) -> 0 | ... ES45: =SUM(ES41:ES44) -> 0 | EV45: المجموع | EX45: =SUM(EX41:EX44) -> 0 | EY45: =SUM(EY41:EY44) -> 0 | EZ45: =SUM(EZ41:EZ44) -> 0 | FA45: =SUM(FA41:FA44) -> 0 | FB45: =SUM(FB41:FB44) -> 0 | FC45: =SUM(FC41:FC44) -> 0 | FD45: =SUM(FD41:FD44) -> 0 | FE45: =SUM(FE41:FE44) -> 0 | ... FH45: =SUM(FH41:FH44) -> 0 | FK45: المجموع | FM45: =SUM(FM41:FM44) -> 0 | FN45: =SUM(FN41:FN44) -> 0 | FO45: =SUM(FO41:FO44) -> 0 | FP45: =SUM(FP41:FP44) -> 0 | FQ45: =SUM(FQ41:FQ44) -> 0 | FR45: =SUM(FR41:FR44) -> 0 | FS45: =SUM(FS41:FS44) -> 0 | FT45: =SUM(FT41:FT44) -> 0 | ... FW45: =SUM(FW41:FW44) -> 0 | FZ45: المجموع | GB45: =SUM(GB41:GB44) -> 0 | GC45: =SUM(GC41:GC44) -> 85 | GD45: =SUM(GD41:GD44) -> 50 | GE45: =SUM(GE41:GE44) -> 0 | GF45: =SUM(GF41:GF44) -> 0 | GG45: =SUM(GG41:GG44) -> 0 | GH45: =SUM(GH41:GH44) -> 5427 | GI45: =SUM(GI41:GI44) -> 0 | ... GL45: =SUM(GL41:GL44) -> 0
B46: عدد الأطفال الذين يقل وزنهم بالنسبة لعمرهم ( تحت المنطقة C في منحنى النمو خلال الشهر | K46: ذكر | L46: 0 | M46: أنثى | N46: 0 | Q46: عدد الأطفال الذين يقل وزنهم بالنسبة لعمرهم ( تحت المنطقة C في منحنى النمو خلال الشهر | Z46: ذكر | AA46: 0 | AB46: أنثى | AC46: 0 | AF46: عدد الأطفال الذين يقل وزنهم بالنسبة لعمرهم ( تحت المنطقة C في منحنى النمو خلال الشهر | AO46: ذكر | AP46: 0 | AQ46: أنثى | AR46: 0 | AU46: عدد الأطفال الذين يقل وزنهم بالنسبة لعمرهم ( تحت المنطقة C في منحنى النمو خلال الشهر | BD46: ذكر | BE46: 0 | BF46: أنثى | BG46: 0 | BJ46: عدد الأطفال الذين يقل وزنهم بالنسبة لعمرهم ( تحت المنطقة C في منحنى النمو خلال الشهر | BS46: ذكر | BT46: 0 | BU46: أنثى | BV46: 0 | BY46: عدد الأطفال الذين يقل وزنهم بالنسبة لعمرهم ( تحت المنطقة C في منحنى النمو خلال الشهر | CH46: ذكر | CI46: 0 | CJ46: أنثى | CK46: 0 | CN46: عدد الأطفال الذين يقل وزنهم بالنسبة لعمرهم ( تحت المنطقة C في منحنى النمو خلال الشهر | CW46: ذكر | CX46: 0 | CY46: أنثى | CZ46: 0 | DC46: عدد الأطفال الذين يقل وزنهم بالنسبة لعمرهم ( تحت المنطقة C في منحنى النمو خلال الشهر | DL46: ذكر | DM46: 0 | DN46: أنثى | DO46: 0 | DR46: عدد الأطفال الذين يقل وزنهم بالنسبة لعمرهم ( تحت المنطقة C في منحنى النمو خلال الشهر | EA46: ذكر | EB46: 0 | EC46: أنثى | ED46: 0 | EG46: عدد الأطفال الذين يقل وزنهم بالنسبة لعمرهم ( تحت المنطقة C في منحنى النمو خلال الشهر | EP46: ذكر | EQ46: 0 | ER46: أنثى | ES46: 0 | EV46: عدد الأطفال الذين يقل وزنهم بالنسبة لعمرهم ( تحت المنطقة C في منحنى النمو خلال الشهر | FE46: ذكر | FF46: 0 | FG46: أنثى | FH46: 0 | FK46: عدد الأطفال الذين يقل وزنهم بالنسبة لعمرهم ( تحت المنطقة C في منحنى النمو خلال الشهر | FT46: ذكر | FU46: 0 | FV46: أنثى | FW46: 0 | FZ46: عدد الأطفال الذين يقل وزنهم بالنسبة لعمرهم ( تحت المنطقة C في منحنى النمو خلال العام | GI46: ذكر | GJ46: =(L46+AA46+AP46+BE46+BT46+CI46+CX46+DM46+EB46+EQ46+FF46+FU46) -> 0 | GK46: أنثى | GL46: =(N46+AC46+AR46+BG46+BV46+CK46+CZ46+DO46+ED46+ES46+FH46+FW46) -> 0
A47: الواحة | B47: سعودي | C47: ذكر | D47: 107 | E47: 0 | F47: 0 | G47: 587 | H47: 53 | I47: 52 | J47: 119 | K47: 0 | L47: 0 | M47: 0 | N47: 0 | P47: الواحة | Q47: سعودي | R47: ذكر | S47: 20 | T47: 0 | U47: 0 | V47: 615 | W47: 0 | X47: 0 | Y47: 519 | Z47: 0 | AA47: 0 | AB47: 0 | AC47: 0 | AE47: الواحة | AF47: سعودي | AG47: ذكر | AH47: 0 | AI47: 0 | AJ47: 0 | AK47: 0 | AL47: 0 | AM47: 0 | AN47: 350 | AO47: 0 | AP47: 0 | AQ47: 0 | AR47: 0 | AT47: الواحة | AU47: سعودي | AV47: ذكر | AW47: 0 | AX47: 0 | AY47: 0 | AZ47: 0 | BA47: 0 | BB47: 0 | BC47: 302 | BD47: 0 | BE47: 0 | BF47: 0 | BG47: 0 | BI47: الواحة | BJ47: سعودي | BK47: ذكر | BL47: 0 | BM47: 0 | BN47: 0 | BO47: 0 | BP47: 0 | BQ47: 0 | BR47: 261 | BS47: 0 | BT47: 0 | BU47: 0 | BV47: 0 | BX47: الواحة | BY47: سعودي | BZ47: ذكر | CA47: 0 | CB47: 0 | CC47: 0 | CD47: 0 | CE47: 0 | CF47: 0 | CG47: 72 | CH47: 0 | CI47: 0 | CJ47: 0 | CK47: 0 | CM47: الواحة | CN47: سعودي | CO47: ذكر | CP47: 5 | CQ47: 0 | CR47: 0 | CS47: 614 | CT47: 0 | CU47: 0 | CV47: 518 | CW47: 0 | CX47: 0 | CY47: 0 | CZ47: 0 | DB47: الواحة | DC47: سعودي | DD47: ذكر | DE47: 87 | DF47: 0 | DG47: 0 | DH47: 679 | DI47: 19 | DJ47: 37 | DK47: 72 | DL47: 0 | DM47: 0 | DN47: 0 | DO47: 0 | DQ47: الواحة | DR47: سعودي | DS47: ذكر | DT47: 132 | DU47: 0 | DV47: 0 | DW47: 219 | DX47: 18 | DY47: 20 | DZ47: 28 | EA47: 0 | EB47: 0 | EC47: 0 | ED47: 0 | EF47: الواحة | EG47: سعودي | EH47: ذكر | EI47: 132 | EJ47: 0 | EK47: 0 | EL47: 219 | EM47: 18 | EN47: 20 | EO47: 40 | EP47: 0 | EQ47: 0 | ER47: 0 | ES47: 0 | EU47: الواحة | EV47: سعودي | EW47: ذكر | EX47: 0 | EY47: 0 | EZ47: 0 | FA47: 0 | FB47: 0 | FC47: 0 | FD47: 0 | FE47: 0 | FF47: 0 | FG47: 0 | FH47: 0 | FJ47: الواحة | FK47: سعودي | FL47: ذكر | FM47: 0 | FN47: 0 | FO47: 0 | FP47: 0 | FQ47: 0 | FR47: 0 | FS47: 0 | FT47: 0 | FU47: 0 | FV47: 0 | FW47: 0 | FY47: =(FJ47) -> الواحة | FZ47: سعودي | GA47: ذكر | GB47: =SUM(FM47) -> 0 | GC47: =(E47+T47+AI47+AX47+BM47+CB47+CQ47+DF47+DU47+EJ47+EY47+FN47) -> 0 | GD47: =(F47+U47+AJ47+AY47+BN47+CC47+CR47+DG47+DV47+EK47+EZ47+FO47) -> 0 | GE47: =SUM(FP47) -> 0 | GF47: =SUM(FQ47) -> 0 | GG47: =SUM(FR47) -> 0 | GH47: =(J47+Y47+AN47+BC47+BR47+CG47+CV47+DK47+DZ47+EO47+FD47+FS47) -> 2281 | GI47: =(K47+Z47+AO47+BD47+BS47+CH47+CW47+DL47+EA47+EP47+FE47+FT47) -> 0 | GJ47: =(L47+AA47+AP47+BE47+BT47+CI47+CX47+DM47+EB47+EQ47+FF47+FU47) -> 0 | GK47: =(M47+AB47+AQ47+BF47+BU47+CJ47+CY47+DN47+EC47+ER47+FG47+FV47) -> 0 | GL47: =(N47+AC47+AR47+BG47+BV47+CK47+CZ47+DO47+ED47+ES47+FH47+FW47) -> 0
C48: أنثى | D48: 94 | E48: 0 | F48: 0 | G48: 546 | H48: 61 | I48: 50 | J48: 132 | K48: 0 | L48: 0 | M48: 0 | N48: 0 | R48: أنثى | S48: 10 | T48: 0 | U48: 0 | V48: 587 | W48: 0 | X48: 0 | Y48: 496 | Z48: 0 | AA48: 0 | AB48: 0 | AC48: 0 | AG48: أنثى | AH48: 0 | AI48: 0 | AJ48: 0 | AK48: 0 | AL48: 0 | AM48: 0 | AN48: 315 | AO48: 0 | AP48: 0 | AQ48: 0 | AR48: 0 | AV48: أنثى | AW48: 0 | AX48: 0 | AY48: 0 | AZ48: 0 | BA48: 0 | BB48: 0 | BC48: 273 | BD48: 0 | BE48: 0 | BF48: 0 | BG48: 0 | BK48: أنثى | BL48: 0 | BM48: 0 | BN48: 0 | BO48: 0 | BP48: 0 | BQ48: 0 | BR48: 264 | BS48: 0 | BT48: 0 | BU48: 0 | BV48: 0 | BZ48: أنثى | CA48: 0 | CB48: 0 | CC48: 0 | CD48: 0 | CE48: 0 | CF48: 0 | CG48: 88 | CH48: 0 | CI48: 0 | CJ48: 0 | CK48: 0 | CO48: أنثى | CP48: 2 | CQ48: 0 | CR48: 0 | CS48: 585 | CT48: 0 | CU48: 0 | CV48: 497 | CW48: 0 | CX48: 0 | CY48: 0 | CZ48: 0 | DD48: أنثى | DE48: 82 | DF48: 0 | DG48: 0 | DH48: 610 | DI48: 26 | DJ48: 34 | DK48: 88 | DL48: 0 | DM48: 0 | DN48: 0 | DO48: 0 | DS48: أنثى | DT48: 164 | DU48: 0 | DV48: 0 | DW48: 271 | DX48: 21 | DY48: 34 | DZ48: 22 | EA48: 0 | EB48: 0 | EC48: 0 | ED48: 0 | EH48: أنثى | EI48: 164 | EJ48: 0 | EK48: 0 | EL48: 271 | EM48: 21 | EN48: 34 | EO48: 15 | EP48: 0 | EQ48: 0 | ER48: 0 | ES48: 0 | EW48: أنثى | EX48: 0 | EY48: 0 | EZ48: 0 | FA48: 0 | FB48: 0 | FC48: 0 | FD48: 0 | FE48: 0 | FF48: 0 | FG48: 0 | FH48: 0 | FL48: أنثى | FM48: 0 | FN48: 0 | FO48: 0 | FP48: 0 | FQ48: 0 | FR48: 0 | FS48: 0 | FT48: 0 | FU48: 0 | FV48: 0 | FW48: 0 | GA48: أنثى | GB48: =SUM(FM48) -> 0 | GC48: =(E48+T48+AI48+AX48+BM48+CB48+CQ48+DF48+DU48+EJ48+EY48+FN48) -> 0 | GD48: =(F48+U48+AJ48+AY48+BN48+CC48+CR48+DG48+DV48+EK48+EZ48+FO48) -> 0 | GE48: =SUM(FP48) -> 0 | GF48: =SUM(FQ48) -> 0 | GG48: =SUM(FR48) -> 0 | GH48: =(J48+Y48+AN48+BC48+BR48+CG48+CV48+DK48+DZ48+EO48+FD48+FS48) -> 2190 | GI48: =(K48+Z48+AO48+BD48+BS48+CH48+CW48+DL48+EA48+EP48+FE48+FT48) -> 0 | GJ48: =(L48+AA48+AP48+BE48+BT48+CI48+CX48+DM48+EB48+EQ48+FF48+FU48) -> 0 | GK48: =(M48+AB48+AQ48+BF48+BU48+CJ48+CY48+DN48+EC48+ER48+FG48+FV48) -> 0 | GL48: =(N48+AC48+AR48+BG48+BV48+CK48+CZ48+DO48+ED48+ES48+FH48+FW48) -> 0
B49: غير | C49: ذكر | D49: 6 | E49: 0 | F49: 0 | G49: 12 | H49: 4 | I49: 1 | J49: 59 | K49: 0 | L49: 0 | M49: 0 | N49: 0 | Q49: غير | R49: ذكر | S49: 0 | T49: 0 | U49: 0 | V49: 8 | W49: 0 | X49: 0 | Y49: 282 | Z49: 0 | AA49: 0 | AB49: 0 | AC49: 0 | AF49: غير | AG49: ذكر | AH49: 0 | AI49: 0 | AJ49: 0 | AK49: 0 | AL49: 0 | AM49: 0 | AN49: 179 | AO49: 0 | AP49: 0 | AQ49: 0 | AR49: 0 | AU49: غير | AV49: ذكر | AW49: 0 | AX49: 0 | AY49: 0 | AZ49: 0 | BA49: 0 | BB49: 0 | BC49: 177 | BD49: 0 | BE49: 0 | BF49: 0 | BG49: 0 | BJ49: غير | BK49: ذكر | BL49: 0 | BM49: 0 | BN49: 0 | BO49: 0 | BP49: 0 | BQ49: 0 | BR49: 122 | BS49: 0 | BT49: 0 | BU49: 0 | BV49: 0 | BY49: غير | BZ49: ذكر | CA49: 0 | CB49: 0 | CC49: 0 | CD49: 0 | CE49: 0 | CF49: 0 | CG49: 29 | CH49: 0 | CI49: 0 | CJ49: 0 | CK49: 0 | CN49: غير | CO49: ذكر | CP49: 0 | CQ49: 0 | CR49: 0 | CS49: 9 | CT49: 0 | CU49: 0 | CV49: 272 | CW49: 0 | CX49: 0 | CY49: 0 | CZ49: 0 | DC49: غير | DD49: ذكر | DE49: 4 | DF49: 0 | DG49: 0 | DH49: 21 | DI49: 0 | DJ49: 0 | DK49: 29 | DL49: 0 | DM49: 0 | DN49: 0 | DO49: 0 | DR49: غير | DS49: ذكر | DT49: 0 | DU49: 0 | DV49: 0 | DW49: 0 | DX49: 0 | DY49: 0 | DZ49: 3 | EA49: 0 | EB49: 0 | EC49: 0 | ED49: 0 | EG49: غير | EH49: ذكر | EI49: 0 | EJ49: 0 | EK49: 0 | EL49: 0 | EM49: 0 | EN49: 0 | EO49: 8 | EP49: 0 | EQ49: 0 | ER49: 0 | ES49: 0 | EV49: غير | EW49: ذكر | EX49: 0 | EY49: 0 | EZ49: 0 | FA49: 0 | FB49: 0 | FC49: 0 | FD49: 0 | FE49: 0 | FF49: 0 | FG49: 0 | FH49: 0 | FK49: غير | FL49: ذكر | FM49: 0 | FN49: 0 | FO49: 0 | FP49: 0 | FQ49: 0 | FR49: 0 | FS49: 0 | FT49: 0 | FU49: 0 | FV49: 0 | FW49: 0 | FZ49: غير | GA49: ذكر | GB49: =SUM(FM49) -> 0 | GC49: =(E49+T49+AI49+AX49+BM49+CB49+CQ49+DF49+DU49+EJ49+EY49+FN49) -> 0 | GD49: =(F49+U49+AJ49+AY49+BN49+CC49+CR49+DG49+DV49+EK49+EZ49+FO49) -> 0 | GE49: =SUM(FP49) -> 0 | GF49: =SUM(FQ49) -> 0 | GG49: =SUM(FR49) -> 0 | GH49: =(J49+Y49+AN49+BC49+BR49+CG49+CV49+DK49+DZ49+EO49+FD49+FS49) -> 1160 | GI49: =(K49+Z49+AO49+BD49+BS49+CH49+CW49+DL49+EA49+EP49+FE49+FT49) -> 0 | GJ49: =(L49+AA49+AP49+BE49+BT49+CI49+CX49+DM49+EB49+EQ49+FF49+FU49) -> 0 | GK49: =(M49+AB49+AQ49+BF49+BU49+CJ49+CY49+DN49+EC49+ER49+FG49+FV49) -> 0 | GL49: =(N49+AC49+AR49+BG49+BV49+CK49+CZ49+DO49+ED49+ES49+FH49+FW49) -> 0
B50: سعودي | C50: أنثى | D50: 2 | E50: 0 | F50: 0 | G50: 6 | H50: 0 | I50: 2 | J50: 41 | K50: 0 | L50: 0 | M50: 0 | N50: 0 | Q50: سعودي | R50: أنثى | S50: 0 | T50: 0 | U50: 0 | V50: 9 | W50: 0 | X50: 0 | Y50: 209 | Z50: 0 | AA50: 0 | AB50: 0 | AC50: 0 | AF50: سعودي | AG50: أنثى | AH50: 0 | AI50: 0 | AJ50: 0 | AK50: 0 | AL50: 0 | AM50: 0 | AN50: 196 | AO50: 0 | AP50: 0 | AQ50: 0 | AR50: 0 | AU50: سعودي | AV50: أنثى | AW50: 0 | AX50: 0 | AY50: 0 | AZ50: 0 | BA50: 0 | BB50: 0 | BC50: 154 | BD50: 0 | BE50: 0 | BF50: 0 | BG50: 0 | BJ50: سعودي | BK50: أنثى | BL50: 0 | BM50: 0 | BN50: 0 | BO50: 0 | BP50: 0 | BQ50: 0 | BR50: 109 | BS50: 0 | BT50: 0 | BU50: 0 | BV50: 0 | BY50: سعودي | BZ50: أنثى | CA50: 0 | CB50: 0 | CC50: 0 | CD50: 0 | CE50: 0 | CF50: 0 | CG50: 28 | CH50: 0 | CI50: 0 | CJ50: 0 | CK50: 0 | CN50: سعودي | CO50: أنثى | CP50: 0 | CQ50: 0 | CR50: 0 | CS50: 9 | CT50: 0 | CU50: 0 | CV50: 209 | CW50: 0 | CX50: 0 | CY50: 0 | CZ50: 0 | DC50: سعودي | DD50: أنثى | DE50: 8 | DF50: 0 | DG50: 0 | DH50: 13 | DI50: 0 | DJ50: 1 | DK50: 28 | DL50: 0 | DM50: 0 | DN50: 0 | DO50: 0 | DR50: سعودي | DS50: أنثى | DT50: 0 | DU50: 0 | DV50: 0 | DW50: 0 | DX50: 0 | DY50: 0 | DZ50: 0 | EA50: 0 | EB50: 0 | EC50: 0 | ED50: 0 | EG50: سعودي | EH50: أنثى | EI50: 0 | EJ50: 0 | EK50: 0 | EL50: 0 | EM50: 0 | EN50: 0 | EO50: 9 | EP50: 0 | EQ50: 0 | ER50: 0 | ES50: 0 | EV50: سعودي | EW50: أنثى | EX50: 0 | EY50: 0 | EZ50: 0 | FA50: 0 | FB50: 0 | FC50: 0 | FD50: 0 | FE50: 0 | FF50: 0 | FG50: 0 | FH50: 0 | FK50: سعودي | FL50: أنثى | FM50: 0 | FN50: 0 | FO50: 0 | FP50: 0 | FQ50: 0 | FR50: 0 | FS50: 0 | FT50: 0 | FU50: 0 | FV50: 0 | FW50: 0 | FZ50: سعودي | GA50: أنثى | GB50: =SUM(FM50) -> 0 | GC50: =(E50+T50+AI50+AX50+BM50+CB50+CQ50+DF50+DU50+EJ50+EY50+FN50) -> 0 | GD50: =(F50+U50+AJ50+AY50+BN50+CC50+CR50+DG50+DV50+EK50+EZ50+FO50) -> 0 | GE50: =SUM(FP50) -> 0 | GF50: =SUM(FQ50) -> 0 | GG50: =SUM(FR50) -> 0 | GH50: =(J50+Y50+AN50+BC50+BR50+CG50+CV50+DK50+DZ50+EO50+FD50+FS50) -> 983 | GI50: =(K50+Z50+AO50+BD50+BS50+CH50+CW50+DL50+EA50+EP50+FE50+FT50) -> 0 | GJ50: =(L50+AA50+AP50+BE50+BT50+CI50+CX50+DM50+EB50+EQ50+FF50+FU50) -> 0 | GK50: =(M50+AB50+AQ50+BF50+BU50+CJ50+CY50+DN50+EC50+ER50+FG50+FV50) -> 0 | GL50: =(N50+AC50+AR50+BG50+BV50+CK50+CZ50+DO50+ED50+ES50+FH50+FW50) -> 0
B51: المجموع | D51: =SUM(D47:D50) -> 209 | E51: =SUM(E47:E50) -> 0 | F51: =SUM(F47:F50) -> 0 | G51: =SUM(G47:G50) -> 1151 | H51: =SUM(H47:H50) -> 118 | I51: =SUM(I47:I50) -> 105 | J51: =SUM(J47:J50) -> 351 | K51: =SUM(K47:K50) -> 0 | ... N51: =SUM(N47:N50) -> 0 | Q51: المجموع | S51: =SUM(S47:S50) -> 30 | T51: =SUM(T47:T50) -> 0 | U51: =SUM(U47:U50) -> 0 | V51: =SUM(V47:V50) -> 1219 | W51: =SUM(W47:W50) -> 0 | X51: =SUM(X47:X50) -> 0 | Y51: =SUM(Y47:Y50) -> 1506 | Z51: =SUM(Z47:Z50) -> 0 | ... AC51: =SUM(AC47:AC50) -> 0 | AF51: المجموع | AH51: =SUM(AH47:AH50) -> 0 | AI51: =SUM(AI47:AI50) -> 0 | AJ51: =SUM(AJ47:AJ50) -> 0 | AK51: =SUM(AK47:AK50) -> 0 | AL51: =SUM(AL47:AL50) -> 0 | AM51: =SUM(AM47:AM50) -> 0 | AN51: =SUM(AN47:AN50) -> 1040 | AO51: =SUM(AO47:AO50) -> 0 | ... AR51: =SUM(AR47:AR50) -> 0 | AU51: المجموع | AW51: =SUM(AW47:AW50) -> 0 | AX51: =SUM(AX47:AX50) -> 0 | AY51: =SUM(AY47:AY50) -> 0 | AZ51: =SUM(AZ47:AZ50) -> 0 | BA51: =SUM(BA47:BA50) -> 0 | BB51: =SUM(BB47:BB50) -> 0 | BC51: =SUM(BC47:BC50) -> 906 | BD51: =SUM(BD47:BD50) -> 0 | ... BG51: =SUM(BG47:BG50) -> 0 | BJ51: المجموع | BL51: =SUM(BL47:BL50) -> 0 | BM51: =SUM(BM47:BM50) -> 0 | BN51: =SUM(BN47:BN50) -> 0 | BO51: =SUM(BO47:BO50) -> 0 | BP51: =SUM(BP47:BP50) -> 0 | BQ51: =SUM(BQ47:BQ50) -> 0 | BR51: =SUM(BR47:BR50) -> 756 | BS51: =SUM(BS47:BS50) -> 0 | ... BV51: =SUM(BV47:BV50) -> 0 | BY51: المجموع | CA51: =SUM(CA47:CA50) -> 0 | CB51: =SUM(CB47:CB50) -> 0 | CC51: =SUM(CC47:CC50) -> 0 | CD51: =SUM(CD47:CD50) -> 0 | CE51: =SUM(CE47:CE50) -> 0 | CF51: =SUM(CF47:CF50) -> 0 | CG51: 217 | CH51: =SUM(CH47:CH50) -> 0 | CI51: =SUM(CI47:CI50) -> 0 | CJ51: =SUM(CJ47:CJ50) -> 0 | CK51: =SUM(CK47:CK50) -> 0 | CN51: المجموع | CP51: 7 | CQ51: 0 | CR51: 0 | CS51: 1217 | CT51: 0 | CU51: 0 | CV51: 1496 | CW51: 0 | CX51: 0 | CY51: 0 | CZ51: 0 | DC51: المجموع | DE51: =SUM(DE47:DE50) -> 181 | DF51: =SUM(DF47:DF50) -> 0 | DG51: =SUM(DG47:DG50) -> 0 | DH51: =SUM(DH47:DH50) -> 1323 | DI51: =SUM(DI47:DI50) -> 45 | DJ51: =SUM(DJ47:DJ50) -> 72 | DK51: =SUM(DK47:DK50) -> 217 | DL51: =SUM(DL47:DL50) -> 0 | ... DO51: =SUM(DO47:DO50) -> 0 | DR51: المجموع | DT51: =SUM(DT47:DT50) -> 296 | DU51: =SUM(DU47:DU50) -> 0 | DV51: =SUM(DV47:DV50) -> 0 | DW51: =SUM(DW47:DW50) -> 490 | DX51: =SUM(DX47:DX50) -> 39 | DY51: =SUM(DY47:DY50) -> 54 | DZ51: =SUM(DZ47:DZ50) -> 53 | EA51: =SUM(EA47:EA50) -> 0 | ... ED51: =SUM(ED47:ED50) -> 0 | EG51: المجموع | EI51: =SUM(EI47:EI50) -> 296 | EJ51: =SUM(EJ47:EJ50) -> 0 | EK51: =SUM(EK47:EK50) -> 0 | EL51: =SUM(EL47:EL50) -> 490 | EM51: =SUM(EM47:EM50) -> 39 | EN51: =SUM(EN47:EN50) -> 54 | EO51: =SUM(EO47:EO50) -> 72 | EP51: =SUM(EP47:EP50) -> 0 | ... ES51: =SUM(ES47:ES50) -> 0 | EV51: المجموع | EX51: =SUM(EX47:EX50) -> 0 | EY51: =SUM(EY47:EY50) -> 0 | EZ51: =SUM(EZ47:EZ50) -> 0 | FA51: =SUM(FA47:FA50) -> 0 | FB51: =SUM(FB47:FB50) -> 0 | FC51: =SUM(FC47:FC50) -> 0 | FD51: =SUM(FD47:FD50) -> 0 | FE51: =SUM(FE47:FE50) -> 0 | ... FH51: =SUM(FH47:FH50) -> 0 | FK51: المجموع | FM51: =SUM(FM47:FM50) -> 0 | FN51: =SUM(FN47:FN50) -> 0 | FO51: =SUM(FO47:FO50) -> 0 | FP51: =SUM(FP47:FP50) -> 0 | FQ51: =SUM(FQ47:FQ50) -> 0 | FR51: =SUM(FR47:FR50) -> 0 | FS51: =SUM(FS47:FS50) -> 0 | FT51: =SUM(FT47:FT50) -> 0 | ... FW51: =SUM(FW47:FW50) -> 0 | FZ51: المجموع | GB51: =SUM(GB47:GB50) -> 0 | GC51: =SUM(GC47:GC50) -> 0 | GD51: =SUM(GD47:GD50) -> 0 | GE51: =SUM(GE47:GE50) -> 0 | GF51: =SUM(GF47:GF50) -> 0 | GG51: =SUM(GG47:GG50) -> 0 | GH51: =SUM(GH47:GH50) -> 6614 | GI51: =SUM(GI47:GI50) -> 0 | ... GL51: =SUM(GL47:GL50) -> 0
B52: عدد الأطفال الذين يقل وزنهم بالنسبة لعمرهم ( تحت المنطقة C في منحنى النمو خلال الشهر | K52: ذكر | L52: 0 | M52: أنثى | N52: 0 | Q52: عدد الأطفال الذين يقل وزنهم بالنسبة لعمرهم ( تحت المنطقة C في منحنى النمو خلال الشهر | Z52: ذكر | AA52: 0 | AB52: أنثى | AC52: 0 | AF52: عدد الأطفال الذين يقل وزنهم بالنسبة لعمرهم ( تحت المنطقة C في منحنى النمو خلال الشهر | AO52: ذكر | AP52: 0 | AQ52: أنثى | AR52: 0 | AU52: عدد الأطفال الذين يقل وزنهم بالنسبة لعمرهم ( تحت المنطقة C في منحنى النمو خلال الشهر | BD52: ذكر | BE52: 0 | BF52: أنثى | BG52: 0 | BJ52: عدد الأطفال الذين يقل وزنهم بالنسبة لعمرهم ( تحت المنطقة C في منحنى النمو خلال الشهر | BS52: ذكر | BT52: 0 | BU52: أنثى | BV52: 0 | BY52: عدد الأطفال الذين يقل وزنهم بالنسبة لعمرهم ( تحت المنطقة C في منحنى النمو خلال الشهر | CH52: ذكر | CI52: 0 | CJ52: أنثى | CK52: 0 | CN52: عدد الأطفال الذين يقل وزنهم بالنسبة لعمرهم ( تحت المنطقة C في منحنى النمو خلال الشهر | CW52: ذكر | CX52: 0 | CY52: أنثى | CZ52: 0 | DC52: عدد الأطفال الذين يقل وزنهم بالنسبة لعمرهم ( تحت المنطقة C في منحنى النمو خلال الشهر | DL52: ذكر | DM52: 0 | DN52: أنثى | DO52: 0 | DR52: عدد الأطفال الذين يقل وزنهم بالنسبة لعمرهم ( تحت المنطقة C في منحنى النمو خلال الشهر | EA52: ذكر | EB52: 0 | EC52: أنثى | ED52: 0 | EG52: عدد الأطفال الذين يقل وزنهم بالنسبة لعمرهم ( تحت المنطقة C في منحنى النمو خلال الشهر | EP52: ذكر | EQ52: 0 | ER52: أنثى | ES52: 0 | EV52: عدد الأطفال الذين يقل وزنهم بالنسبة لعمرهم ( تحت المنطقة C في منحنى النمو خلال الشهر | FE52: ذكر | FF52: 0 | FG52: أنثى | FH52: 0 | FK52: عدد الأطفال الذين يقل وزنهم بالنسبة لعمرهم ( تحت المنطقة C في منحنى النمو خلال الشهر | FT52: ذكر | FU52: 0 | FV52: أنثى | FW52: 0 | FZ52: عدد الأطفال الذين يقل وزنهم بالنسبة لعمرهم ( تحت المنطقة C في منحنى النمو خلال العام | GI52: ذكر | GJ52: =(L52+AA52+AP52+BE52+BT52+CI52+CX52+DM52+EB52+EQ52+FF52+FU52) -> 0 | GK52: أنثى | GL52: =(N52+AC52+AR52+BG52+BV52+CK52+CZ52+DO52+ED52+ES52+FH52+FW52) -> 0
A53: 0 | B53: سعودي | C53: ذكر | D53: 0 | E53: 0 | F53: 0 | G53: 0 | H53: 0 | I53: 0 | J53: 0 | K53: 0 | L53: 0 | M53: 0 | N53: 0 | P53: 0 | Q53: سعودي | R53: ذكر | S53: 0 | T53: 0 | U53: 0 | V53: 0 | W53: 0 | X53: 0 | Y53: 0 | Z53: 0 | AA53: 0 | AB53: 0 | AC53: 0 | AE53: 0 | AF53: سعودي | AG53: ذكر | AH53: 0 | AI53: 0 | AJ53: 0 | AK53: 0 | AL53: 0 | AM53: 0 | AN53: 0 | AO53: 0 | AP53: 0 | AQ53: 0 | AR53: 0 | AT53: 0 | AU53: سعودي | AV53: ذكر | AW53: 0 | AX53: 0 | AY53: 0 | AZ53: 0 | BA53: 0 | BB53: 0 | BC53: 0 | BD53: 0 | BE53: 0 | BF53: 0 | BG53: 0 | BI53: 0 | BJ53: سعودي | BK53: ذكر | BL53: 0 | BM53: 0 | BN53: 0 | BO53: 0 | BP53: 0 | BQ53: 0 | BR53: 0 | BS53: 0 | BT53: 0 | BU53: 0 | BV53: 0 | BX53: 0 | BY53: سعودي | BZ53: ذكر | CA53: 0 | CB53: 0 | CC53: 0 | CD53: 0 | CE53: 0 | CF53: 0 | CG53: 0 | CH53: 0 | CI53: 0 | CJ53: 0 | CK53: 0 | CM53: 0 | CN53: سعودي | CO53: ذكر | CP53: 0 | CQ53: 0 | CR53: 0 | CS53: 0 | CT53: 0 | CU53: 0 | CV53: 0 | CW53: 0 | CX53: 0 | CY53: 0 | CZ53: 0 | DB53: 0 | DC53: سعودي | DD53: ذكر | DE53: 0 | DF53: 0 | DG53: 0 | DH53: 0 | DI53: 0 | DJ53: 0 | DK53: 0 | DL53: 0 | DM53: 0 | DN53: 0 | DO53: 0 | DQ53: 0 | DR53: سعودي | DS53: ذكر | DT53: 0 | DU53: 0 | DV53: 0 | DW53: 0 | DX53: 0 | DY53: 0 | DZ53: 0 | EA53: 0 | EB53: 0 | EC53: 0 | ED53: 0 | EF53: 0 | EG53: سعودي | EH53: ذكر | EI53: 0 | EJ53: 0 | EK53: 0 | EL53: 0 | EM53: 0 | EN53: 0 | EO53: 0 | EP53: 0 | EQ53: 0 | ER53: 0 | ES53: 0 | EU53: 0 | EV53: سعودي | EW53: ذكر | EX53: 0 | EY53: 0 | EZ53: 0 | FA53: 0 | FB53: 0 | FC53: 0 | FD53: 0 | FE53: 0 | FF53: 0 | FG53: 0 | FH53: 0 | FJ53: 0 | FK53: سعودي | FL53: ذكر | FM53: 0 | FN53: 0 | FO53: 0 | FP53: 0 | FQ53: 0 | FR53: 0 | FS53: 0 | FT53: 0 | FU53: 0 | FV53: 0 | FW53: 0 | FY53: =(FJ53) -> 0 | FZ53: سعودي | GA53: ذكر | GB53: =SUM(FM53) -> 0 | GC53: =(E53+T53+AI53+AX53+BM53+CB53+CQ53+DF53+DU53+EJ53+EY53+FN53) -> 0 | GD53: =(F53+U53+AJ53+AY53+BN53+CC53+CR53+DG53+DV53+EK53+EZ53+FO53) -> 0 | GE53: =SUM(FP53) -> 0 | GF53: =SUM(FQ53) -> 0 | GG53: =SUM(FR53) -> 0 | GH53: =(J53+Y53+AN53+BC53+BR53+CG53+CV53+DK53+DZ53+EO53+FD53+FS53) -> 0 | GI53: =(K53+Z53+AO53+BD53+BS53+CH53+CW53+DL53+EA53+EP53+FE53+FT53) -> 0 | GJ53: =(L53+AA53+AP53+BE53+BT53+CI53+CX53+DM53+EB53+EQ53+FF53+FU53) -> 0 | GK53: =(M53+AB53+AQ53+BF53+BU53+CJ53+CY53+DN53+EC53+ER53+FG53+FV53) -> 0 | GL53: =(N53+AC53+AR53+BG53+BV53+CK53+CZ53+DO53+ED53+ES53+FH53+FW53) -> 0
C54: أنثى | D54: 0 | E54: 0 | F54: 0 | G54: 0 | H54: 0 | I54: 0 | J54: 0 | K54: 0 | L54: 0 | M54: 0 | N54: 0 | R54: أنثى | S54: 0 | T54: 0 | U54: 0 | V54: 0 | W54: 0 | X54: 0 | Y54: 0 | Z54: 0 | AA54: 0 | AB54: 0 | AC54: 0 | AG54: أنثى | AH54: 0 | AI54: 0 | AJ54: 0 | AK54: 0 | AL54: 0 | AM54: 0 | AN54: 0 | AO54: 0 | AP54: 0 | AQ54: 0 | AR54: 0 | AV54: أنثى | AW54: 0 | AX54: 0 | AY54: 0 | AZ54: 0 | BA54: 0 | BB54: 0 | BC54: 0 | BD54: 0 | BE54: 0 | BF54: 0 | BG54: 0 | BK54: أنثى | BL54: 0 | BM54: 0 | BN54: 0 | BO54: 0 | BP54: 0 | BQ54: 0 | BR54: 0 | BS54: 0 | BT54: 0 | BU54: 0 | BV54: 0 | BZ54: أنثى | CA54: 0 | CB54: 0 | CC54: 0 | CD54: 0 | CE54: 0 | CF54: 0 | CG54: 0 | CH54: 0 | CI54: 0 | CJ54: 0 | CK54: 0 | CO54: أنثى | CP54: 0 | CQ54: 0 | CR54: 0 | CS54: 0 | CT54: 0 | CU54: 0 | CV54: 0 | CW54: 0 | CX54: 0 | CY54: 0 | CZ54: 0 | DD54: أنثى | DE54: 0 | DF54: 0 | DG54: 0 | DH54: 0 | DI54: 0 | DJ54: 0 | DK54: 0 | DL54: 0 | DM54: 0 | DN54: 0 | DO54: 0 | DS54: أنثى | DT54: 0 | DU54: 0 | DV54: 0 | DW54: 0 | DX54: 0 | DY54: 0 | DZ54: 0 | EA54: 0 | EB54: 0 | EC54: 0 | ED54: 0 | EH54: أنثى | EI54: 0 | EJ54: 0 | EK54: 0 | EL54: 0 | EM54: 0 | EN54: 0 | EO54: 0 | EP54: 0 | EQ54: 0 | ER54: 0 | ES54: 0 | EW54: أنثى | EX54: 0 | EY54: 0 | EZ54: 0 | FA54: 0 | FB54: 0 | FC54: 0 | FD54: 0 | FE54: 0 | FF54: 0 | FG54: 0 | FH54: 0 | FL54: أنثى | FM54: 0 | FN54: 0 | FO54: 0 | FP54: 0 | FQ54: 0 | FR54: 0 | FS54: 0 | FT54: 0 | FU54: 0 | FV54: 0 | FW54: 0 | GA54: أنثى | GB54: =SUM(FM54) -> 0 | GC54: =(E54+T54+AI54+AX54+BM54+CB54+CQ54+DF54+DU54+EJ54+EY54+FN54) -> 0 | GD54: =(F54+U54+AJ54+AY54+BN54+CC54+CR54+DG54+DV54+EK54+EZ54+FO54) -> 0 | GE54: =SUM(FP54) -> 0 | GF54: =SUM(FQ54) -> 0 | GG54: =SUM(FR54) -> 0 | GH54: =(J54+Y54+AN54+BC54+BR54+CG54+CV54+DK54+DZ54+EO54+FD54+FS54) -> 0 | GI54: =(K54+Z54+AO54+BD54+BS54+CH54+CW54+DL54+EA54+EP54+FE54+FT54) -> 0 | GJ54: =(L54+AA54+AP54+BE54+BT54+CI54+CX54+DM54+EB54+EQ54+FF54+FU54) -> 0 | GK54: =(M54+AB54+AQ54+BF54+BU54+CJ54+CY54+DN54+EC54+ER54+FG54+FV54) -> 0 | GL54: =(N54+AC54+AR54+BG54+BV54+CK54+CZ54+DO54+ED54+ES54+FH54+FW54) -> 0
B55: غير | C55: ذكر | D55: 0 | E55: 0 | F55: 0 | G55: 0 | H55: 0 | I55: 0 | J55: 0 | K55: 0 | L55: 0 | M55: 0 | N55: 0 | Q55: غير | R55: ذكر | S55: 0 | T55: 0 | U55: 0 | V55: 0 | W55: 0 | X55: 0 | Y55: 0 | Z55: 0 | AA55: 0 | AB55: 0 | AC55: 0 | AF55: غير | AG55: ذكر | AH55: 0 | AI55: 0 | AJ55: 0 | AK55: 0 | AL55: 0 | AM55: 0 | AN55: 0 | AO55: 0 | AP55: 0 | AQ55: 0 | AR55: 0 | AU55: غير | AV55: ذكر | AW55: 0 | AX55: 0 | AY55: 0 | AZ55: 0 | BA55: 0 | BB55: 0 | BC55: 0 | BD55: 0 | BE55: 0 | BF55: 0 | BG55: 0 | BJ55: غير | BK55: ذكر | BL55: 0 | BM55: 0 | BN55: 0 | BO55: 0 | BP55: 0 | BQ55: 0 | BR55: 0 | BS55: 0 | BT55: 0 | BU55: 0 | BV55: 0 | BY55: غير | BZ55: ذكر | CA55: 0 | CB55: 0 | CC55: 0 | CD55: 0 | CE55: 0 | CF55: 0 | CG55: 0 | CH55: 0 | CI55: 0 | CJ55: 0 | CK55: 0 | CN55: غير | CO55: ذكر | CP55: 0 | CQ55: 0 | CR55: 0 | CS55: 0 | CT55: 0 | CU55: 0 | CV55: 0 | CW55: 0 | CX55: 0 | CY55: 0 | CZ55: 0 | DC55: غير | DD55: ذكر | DE55: 0 | DF55: 0 | DG55: 0 | DH55: 0 | DI55: 0 | DJ55: 0 | DK55: 0 | DL55: 0 | DM55: 0 | DN55: 0 | DO55: 0 | DR55: غير | DS55: ذكر | DT55: 0 | DU55: 0 | DV55: 0 | DW55: 0 | DX55: 0 | DY55: 0 | DZ55: 0 | EA55: 0 | EB55: 0 | EC55: 0 | ED55: 0 | EG55: غير | EH55: ذكر | EI55: 0 | EJ55: 0 | EK55: 0 | EL55: 0 | EM55: 0 | EN55: 0 | EO55: 0 | EP55: 0 | EQ55: 0 | ER55: 0 | ES55: 0 | EV55: غير | EW55: ذكر | EX55: 0 | EY55: 0 | EZ55: 0 | FA55: 0 | FB55: 0 | FC55: 0 | FD55: 0 | FE55: 0 | FF55: 0 | FG55: 0 | FH55: 0 | FK55: غير | FL55: ذكر | FM55: 0 | FN55: 0 | FO55: 0 | FP55: 0 | FQ55: 0 | FR55: 0 | FS55: 0 | FT55: 0 | FU55: 0 | FV55: 0 | FW55: 0 | FZ55: غير | GA55: ذكر | GB55: =SUM(FM55) -> 0 | GC55: =(E55+T55+AI55+AX55+BM55+CB55+CQ55+DF55+DU55+EJ55+EY55+FN55) -> 0 | GD55: =(F55+U55+AJ55+AY55+BN55+CC55+CR55+DG55+DV55+EK55+EZ55+FO55) -> 0 | GE55: =SUM(FP55) -> 0 | GF55: =SUM(FQ55) -> 0 | GG55: =SUM(FR55) -> 0 | GH55: =(J55+Y55+AN55+BC55+BR55+CG55+CV55+DK55+DZ55+EO55+FD55+FS55) -> 0 | GI55: =(K55+Z55+AO55+BD55+BS55+CH55+CW55+DL55+EA55+EP55+FE55+FT55) -> 0 | GJ55: =(L55+AA55+AP55+BE55+BT55+CI55+CX55+DM55+EB55+EQ55+FF55+FU55) -> 0 | GK55: =(M55+AB55+AQ55+BF55+BU55+CJ55+CY55+DN55+EC55+ER55+FG55+FV55) -> 0 | GL55: =(N55+AC55+AR55+BG55+BV55+CK55+CZ55+DO55+ED55+ES55+FH55+FW55) -> 0
B56: سعودي | C56: أنثى | D56: 0 | E56: 0 | F56: 0 | G56: 0 | H56: 0 | I56: 0 | J56: 0 | K56: 0 | L56: 0 | M56: 0 | N56: 0 | Q56: سعودي | R56: أنثى | S56: 0 | T56: 0 | U56: 0 | V56: 0 | W56: 0 | X56: 0 | Y56: 0 | Z56: 0 | AA56: 0 | AB56: 0 | AC56: 0 | AF56: سعودي | AG56: أنثى | AH56: 0 | AI56: 0 | AJ56: 0 | AK56: 0 | AL56: 0 | AM56: 0 | AN56: 0 | AO56: 0 | AP56: 0 | AQ56: 0 | AR56: 0 | AU56: سعودي | AV56: أنثى | AW56: 0 | AX56: 0 | AY56: 0 | AZ56: 0 | BA56: 0 | BB56: 0 | BC56: 0 | BD56: 0 | BE56: 0 | BF56: 0 | BG56: 0 | BJ56: سعودي | BK56: أنثى | BL56: 0 | BM56: 0 | BN56: 0 | BO56: 0 | BP56: 0 | BQ56: 0 | BR56: 0 | BS56: 0 | BT56: 0 | BU56: 0 | BV56: 0 | BY56: سعودي | BZ56: أنثى | CA56: 0 | CB56: 0 | CC56: 0 | CD56: 0 | CE56: 0 | CF56: 0 | CG56: 0 | CH56: 0 | CI56: 0 | CJ56: 0 | CK56: 0 | CN56: سعودي | CO56: أنثى | CP56: 0 | CQ56: 0 | CR56: 0 | CS56: 0 | CT56: 0 | CU56: 0 | CV56: 0 | CW56: 0 | CX56: 0 | CY56: 0 | CZ56: 0 | DC56: سعودي | DD56: أنثى | DE56: 0 | DF56: 0 | DG56: 0 | DH56: 0 | DI56: 0 | DJ56: 0 | DK56: 0 | DL56: 0 | DM56: 0 | DN56: 0 | DO56: 0 | DR56: سعودي | DS56: أنثى | DT56: 0 | DU56: 0 | DV56: 0 | DW56: 0 | DX56: 0 | DY56: 0 | DZ56: 0 | EA56: 0 | EB56: 0 | EC56: 0 | ED56: 0 | EG56: سعودي | EH56: أنثى | EI56: 0 | EJ56: 0 | EK56: 0 | EL56: 0 | EM56: 0 | EN56: 0 | EO56: 0 | EP56: 0 | EQ56: 0 | ER56: 0 | ES56: 0 | EV56: سعودي | EW56: أنثى | EX56: 0 | EY56: 0 | EZ56: 0 | FA56: 0 | FB56: 0 | FC56: 0 | FD56: 0 | FE56: 0 | FF56: 0 | FG56: 0 | FH56: 0 | FK56: سعودي | FL56: أنثى | FM56: 0 | FN56: 0 | FO56: 0 | FP56: 0 | FQ56: 0 | FR56: 0 | FS56: 0 | FT56: 0 | FU56: 0 | FV56: 0 | FW56: 0 | FZ56: سعودي | GA56: أنثى | GB56: =SUM(FM56) -> 0 | GC56: =(E56+T56+AI56+AX56+BM56+CB56+CQ56+DF56+DU56+EJ56+EY56+FN56) -> 0 | GD56: =(F56+U56+AJ56+AY56+BN56+CC56+CR56+DG56+DV56+EK56+EZ56+FO56) -> 0 | GE56: =SUM(FP56) -> 0 | GF56: =SUM(FQ56) -> 0 | GG56: =SUM(FR56) -> 0 | GH56: =(J56+Y56+AN56+BC56+BR56+CG56+CV56+DK56+DZ56+EO56+FD56+FS56) -> 0 | GI56: =(K56+Z56+AO56+BD56+BS56+CH56+CW56+DL56+EA56+EP56+FE56+FT56) -> 0 | GJ56: =(L56+AA56+AP56+BE56+BT56+CI56+CX56+DM56+EB56+EQ56+FF56+FU56) -> 0 | GK56: =(M56+AB56+AQ56+BF56+BU56+CJ56+CY56+DN56+EC56+ER56+FG56+FV56) -> 0 | GL56: =(N56+AC56+AR56+BG56+BV56+CK56+CZ56+DO56+ED56+ES56+FH56+FW56) -> 0
B57: المجموع | D57: =SUM(D53:D56) -> 0 | E57: =SUM(E53:E56) -> 0 | F57: =SUM(F53:F56) -> 0 | G57: =SUM(G53:G56) -> 0 | H57: =SUM(H53:H56) -> 0 | I57: =SUM(I53:I56) -> 0 | J57: =SUM(J53:J56) -> 0 | K57: =SUM(K53:K56) -> 0 | ... N57: =SUM(N53:N56) -> 0 | Q57: المجموع | S57: =SUM(S53:S56) -> 0 | T57: =SUM(T53:T56) -> 0 | U57: =SUM(U53:U56) -> 0 | V57: =SUM(V53:V56) -> 0 | W57: =SUM(W53:W56) -> 0 | X57: =SUM(X53:X56) -> 0 | Y57: =SUM(Y53:Y56) -> 0 | Z57: =SUM(Z53:Z56) -> 0 | ... AC57: =SUM(AC53:AC56) -> 0 | AF57: المجموع | AH57: =SUM(AH53:AH56) -> 0 | AI57: =SUM(AI53:AI56) -> 0 | AJ57: =SUM(AJ53:AJ56) -> 0 | AK57: =SUM(AK53:AK56) -> 0 | AL57: =SUM(AL53:AL56) -> 0 | AM57: =SUM(AM53:AM56) -> 0 | AN57: =SUM(AN53:AN56) -> 0 | AO57: =SUM(AO53:AO56) -> 0 | ... AR57: =SUM(AR53:AR56) -> 0 | AU57: المجموع | AW57: =SUM(AW53:AW56) -> 0 | AX57: =SUM(AX53:AX56) -> 0 | AY57: =SUM(AY53:AY56) -> 0 | AZ57: =SUM(AZ53:AZ56) -> 0 | BA57: =SUM(BA53:BA56) -> 0 | BB57: =SUM(BB53:BB56) -> 0 | BC57: =SUM(BC53:BC56) -> 0 | BD57: =SUM(BD53:BD56) -> 0 | ... BG57: =SUM(BG53:BG56) -> 0 | BJ57: المجموع | BL57: =SUM(BL53:BL56) -> 0 | BM57: =SUM(BM53:BM56) -> 0 | BN57: =SUM(BN53:BN56) -> 0 | BO57: =SUM(BO53:BO56) -> 0 | BP57: =SUM(BP53:BP56) -> 0 | BQ57: =SUM(BQ53:BQ56) -> 0 | BR57: =SUM(BR53:BR56) -> 0 | BS57: =SUM(BS53:BS56) -> 0 | ... BV57: =SUM(BV53:BV56) -> 0 | BY57: المجموع | CA57: =SUM(CA53:CA56) -> 0 | CB57: =SUM(CB53:CB56) -> 0 | CC57: =SUM(CC53:CC56) -> 0 | CD57: =SUM(CD53:CD56) -> 0 | CE57: =SUM(CE53:CE56) -> 0 | CF57: =SUM(CF53:CF56) -> 0 | CG57: =SUM(CG53:CG56) -> 0 | CH57: =SUM(CH53:CH56) -> 0 | ... CK57: =SUM(CK53:CK56) -> 0 | CN57: المجموع | CP57: =SUM(CP53:CP56) -> 0 | CQ57: =SUM(CQ53:CQ56) -> 0 | CR57: =SUM(CR53:CR56) -> 0 | CS57: =SUM(CS53:CS56) -> 0 | CT57: =SUM(CT53:CT56) -> 0 | CU57: =SUM(CU53:CU56) -> 0 | CV57: =SUM(CV53:CV56) -> 0 | CW57: =SUM(CW53:CW56) -> 0 | ... CZ57: =SUM(CZ53:CZ56) -> 0 | DC57: المجموع | DE57: =SUM(DE53:DE56) -> 0 | DF57: =SUM(DF53:DF56) -> 0 | DG57: =SUM(DG53:DG56) -> 0 | DH57: =SUM(DH53:DH56) -> 0 | DI57: =SUM(DI53:DI56) -> 0 | DJ57: =SUM(DJ53:DJ56) -> 0 | DK57: =SUM(DK53:DK56) -> 0 | DL57: =SUM(DL53:DL56) -> 0 | ... DO57: =SUM(DO53:DO56) -> 0 | DR57: المجموع | DT57: =SUM(DT53:DT56) -> 0 | DU57: =SUM(DU53:DU56) -> 0 | DV57: =SUM(DV53:DV56) -> 0 | DW57: =SUM(DW53:DW56) -> 0 | DX57: =SUM(DX53:DX56) -> 0 | DY57: =SUM(DY53:DY56) -> 0 | DZ57: =SUM(DZ53:DZ56) -> 0 | EA57: =SUM(EA53:EA56) -> 0 | ... ED57: =SUM(ED53:ED56) -> 0 | EG57: المجموع | EI57: =SUM(EI53:EI56) -> 0 | EJ57: =SUM(EJ53:EJ56) -> 0 | EK57: =SUM(EK53:EK56) -> 0 | EL57: =SUM(EL53:EL56) -> 0 | EM57: =SUM(EM53:EM56) -> 0 | EN57: =SUM(EN53:EN56) -> 0 | EO57: =SUM(EO53:EO56) -> 0 | EP57: =SUM(EP53:EP56) -> 0 | ... ES57: =SUM(ES53:ES56) -> 0 | EV57: المجموع | EX57: =SUM(EX53:EX56) -> 0 | EY57: =SUM(EY53:EY56) -> 0 | EZ57: =SUM(EZ53:EZ56) -> 0 | FA57: =SUM(FA53:FA56) -> 0 | FB57: =SUM(FB53:FB56) -> 0 | FC57: =SUM(FC53:FC56) -> 0 | FD57: =SUM(FD53:FD56) -> 0 | FE57: =SUM(FE53:FE56) -> 0 | ... FH57: =SUM(FH53:FH56) -> 0 | FK57: المجموع | FM57: =SUM(FM53:FM56) -> 0 | FN57: =SUM(FN53:FN56) -> 0 | FO57: =SUM(FO53:FO56) -> 0 | FP57: =SUM(FP53:FP56) -> 0 | FQ57: =SUM(FQ53:FQ56) -> 0 | FR57: =SUM(FR53:FR56) -> 0 | FS57: =SUM(FS53:FS56) -> 0 | FT57: =SUM(FT53:FT56) -> 0 | ... FW57: =SUM(FW53:FW56) -> 0 | FZ57: المجموع | GB57: =SUM(GB53:GB56) -> 0 | GC57: =SUM(GC53:GC56) -> 0 | GD57: =SUM(GD53:GD56) -> 0 | GE57: =SUM(GE53:GE56) -> 0 | GF57: =SUM(GF53:GF56) -> 0 | GG57: =SUM(GG53:GG56) -> 0 | GH57: =SUM(GH53:GH56) -> 0 | GI57: =SUM(GI53:GI56) -> 0 | ... GL57: =SUM(GL53:GL56) -> 0
B58: عدد الأطفال الذين يقل وزنهم بالنسبة لعمرهم ( تحت المنطقة C في منحنى النمو خلال الشهر | K58: ذكر | L58: 0 | M58: أنثى | N58: 0 | Q58: عدد الأطفال الذين يقل وزنهم بالنسبة لعمرهم ( تحت المنطقة C في منحنى النمو خلال الشهر | Z58: ذكر | AA58: 0 | AB58: أنثى | AC58: 0 | AF58: عدد الأطفال الذين يقل وزنهم بالنسبة لعمرهم ( تحت المنطقة C في منحنى النمو خلال الشهر | AO58: ذكر | AP58: 0 | AQ58: أنثى | AR58: 0 | AU58: عدد الأطفال الذين يقل وزنهم بالنسبة لعمرهم ( تحت المنطقة C في منحنى النمو خلال الشهر | BD58: ذكر | BE58: 0 | BF58: أنثى | BG58: 0 | BJ58: عدد الأطفال الذين يقل وزنهم بالنسبة لعمرهم ( تحت المنطقة C في منحنى النمو خلال الشهر | BS58: ذكر | BT58: 0 | BU58: أنثى | BV58: 0 | BY58: عدد الأطفال الذين يقل وزنهم بالنسبة لعمرهم ( تحت المنطقة C في منحنى النمو خلال الشهر | CH58: ذكر | CI58: 0 | CJ58: أنثى | CK58: 0 | CN58: عدد الأطفال الذين يقل وزنهم بالنسبة لعمرهم ( تحت المنطقة C في منحنى النمو خلال الشهر | CW58: ذكر | CX58: 0 | CY58: أنثى | CZ58: 0 | DC58: عدد الأطفال الذين يقل وزنهم بالنسبة لعمرهم ( تحت المنطقة C في منحنى النمو خلال الشهر | DL58: ذكر | DM58: 0 | DN58: أنثى | DO58: 0 | DR58: عدد الأطفال الذين يقل وزنهم بالنسبة لعمرهم ( تحت المنطقة C في منحنى النمو خلال الشهر | EA58: ذكر | EB58: 0 | EC58: أنثى | ED58: 0 | EG58: عدد الأطفال الذين يقل وزنهم بالنسبة لعمرهم ( تحت المنطقة C في منحنى النمو خلال الشهر | EP58: ذكر | EQ58: 0 | ER58: أنثى | ES58: 0 | EV58: عدد الأطفال الذين يقل وزنهم بالنسبة لعمرهم ( تحت المنطقة C في منحنى النمو خلال الشهر | FE58: ذكر | FF58: 0 | FG58: أنثى | FH58: 0 | FK58: عدد الأطفال الذين يقل وزنهم بالنسبة لعمرهم ( تحت المنطقة C في منحنى النمو خلال الشهر | FT58: ذكر | FU58: 0 | FV58: أنثى | FW58: 0 | FZ58: عدد الأطفال الذين يقل وزنهم بالنسبة لعمرهم ( تحت المنطقة C في منحنى النمو خلال العام | GI58: ذكر | GJ58: =(L58+AA58+AP58+BE58+BT58+CI58+CX58+DM58+EB58+EQ58+FF58+FU58) -> 0 | GK58: أنثى | GL58: =(N58+AC58+AR58+BG58+BV58+CK58+CZ58+DO58+ED58+ES58+FH58+FW58) -> 0
A59: 0 | B59: سعودي | C59: ذكر | D59: 0 | E59: 0 | F59: 0 | G59: 0 | H59: 0 | I59: 0 | J59: 0 | K59: 0 | L59: 0 | M59: 0 | N59: 0 | P59: 0 | Q59: سعودي | R59: ذكر | S59: 0 | T59: 0 | U59: 0 | V59: 0 | W59: 0 | X59: 0 | Y59: 0 | Z59: 0 | AA59: 0 | AB59: 0 | AC59: 0 | AE59: 0 | AF59: سعودي | AG59: ذكر | AH59: 0 | AI59: 0 | AJ59: 0 | AK59: 0 | AL59: 0 | AM59: 0 | AN59: 0 | AO59: 0 | AP59: 0 | AQ59: 0 | AR59: 0 | AT59: 0 | AU59: سعودي | AV59: ذكر | AW59: 0 | AX59: 0 | AY59: 0 | AZ59: 0 | BA59: 0 | BB59: 0 | BC59: 0 | BD59: 0 | BE59: 0 | BF59: 0 | BG59: 0 | BI59: 0 | BJ59: سعودي | BK59: ذكر | BL59: 0 | BM59: 0 | BN59: 0 | BO59: 0 | BP59: 0 | BQ59: 0 | BR59: 0 | BS59: 0 | BT59: 0 | BU59: 0 | BV59: 0 | BX59: 0 | BY59: سعودي | BZ59: ذكر | CA59: 0 | CB59: 0 | CC59: 0 | CD59: 0 | CE59: 0 | CF59: 0 | CG59: 0 | CH59: 0 | CI59: 0 | CJ59: 0 | CK59: 0 | CM59: 0 | CN59: سعودي | CO59: ذكر | CP59: 0 | CQ59: 0 | CR59: 0 | CS59: 0 | CT59: 0 | CU59: 0 | CV59: 0 | CW59: 0 | CX59: 0 | CY59: 0 | CZ59: 0 | DB59: 0 | DC59: سعودي | DD59: ذكر | DE59: 0 | DF59: 0 | DG59: 0 | DH59: 0 | DI59: 0 | DJ59: 0 | DK59: 0 | DL59: 0 | DM59: 0 | DN59: 0 | DO59: 0 | DQ59: 0 | DR59: سعودي | DS59: ذكر | DT59: 0 | DU59: 0 | DV59: 0 | DW59: 0 | DX59: 0 | DY59: 0 | DZ59: 0 | EA59: 0 | EB59: 0 | EC59: 0 | ED59: 0 | EF59: 0 | EG59: سعودي | EH59: ذكر | EI59: 0 | EJ59: 0 | EK59: 0 | EL59: 0 | EM59: 0 | EN59: 0 | EO59: 0 | EP59: 0 | EQ59: 0 | ER59: 0 | ES59: 0 | EU59: 0 | EV59: سعودي | EW59: ذكر | EX59: 0 | EY59: 0 | EZ59: 0 | FA59: 0 | FB59: 0 | FC59: 0 | FD59: 0 | FE59: 0 | FF59: 0 | FG59: 0 | FH59: 0 | FJ59: 0 | FK59: سعودي | FL59: ذكر | FM59: 0 | FN59: 0 | FO59: 0 | FP59: 0 | FQ59: 0 | FR59: 0 | FS59: 0 | FT59: 0 | FU59: 0 | FV59: 0 | FW59: 0 | FY59: =(FJ59) -> 0 | FZ59: سعودي | GA59: ذكر | GB59: =SUM(FM59) -> 0 | GC59: =(E59+T59+AI59+AX59+BM59+CB59+CQ59+DF59+DU59+EJ59+EY59+FN59) -> 0 | GD59: =(F59+U59+AJ59+AY59+BN59+CC59+CR59+DG59+DV59+EK59+EZ59+FO59) -> 0 | GE59: =SUM(FP59) -> 0 | GF59: =SUM(FQ59) -> 0 | GG59: =SUM(FR59) -> 0 | GH59: =(J59+Y59+AN59+BC59+BR59+CG59+CV59+DK59+DZ59+EO59+FD59+FS59) -> 0 | GI59: =(K59+Z59+AO59+BD59+BS59+CH59+CW59+DL59+EA59+EP59+FE59+FT59) -> 0 | GJ59: =(L59+AA59+AP59+BE59+BT59+CI59+CX59+DM59+EB59+EQ59+FF59+FU59) -> 0 | GK59: =(M59+AB59+AQ59+BF59+BU59+CJ59+CY59+DN59+EC59+ER59+FG59+FV59) -> 0 | GL59: =(N59+AC59+AR59+BG59+BV59+CK59+CZ59+DO59+ED59+ES59+FH59+FW59) -> 0
C60: أنثى | D60: 0 | E60: 0 | F60: 0 | G60: 0 | H60: 0 | I60: 0 | J60: 0 | K60: 0 | L60: 0 | M60: 0 | N60: 0 | R60: أنثى | S60: 0 | T60: 0 | U60: 0 | V60: 0 | W60: 0 | X60: 0 | Y60: 0 | Z60: 0 | AA60: 0 | AB60: 0 | AC60: 0 | AG60: أنثى | AH60: 0 | AI60: 0 | AJ60: 0 | AK60: 0 | AL60: 0 | AM60: 0 | AN60: 0 | AO60: 0 | AP60: 0 | AQ60: 0 | AR60: 0 | AV60: أنثى | AW60: 0 | AX60: 0 | AY60: 0 | AZ60: 0 | BA60: 0 | BB60: 0 | BC60: 0 | BD60: 0 | BE60: 0 | BF60: 0 | BG60: 0 | BK60: أنثى | BL60: 0 | BM60: 0 | BN60: 0 | BO60: 0 | BP60: 0 | BQ60: 0 | BR60: 0 | BS60: 0 | BT60: 0 | BU60: 0 | BV60: 0 | BZ60: أنثى | CA60: 0 | CB60: 0 | CC60: 0 | CD60: 0 | CE60: 0 | CF60: 0 | CG60: 0 | CH60: 0 | CI60: 0 | CJ60: 0 | CK60: 0 | CO60: أنثى | CP60: 0 | CQ60: 0 | CR60: 0 | CS60: 0 | CT60: 0 | CU60: 0 | CV60: 0 | CW60: 0 | CX60: 0 | CY60: 0 | CZ60: 0 | DD60: أنثى | DE60: 0 | DF60: 0 | DG60: 0 | DH60: 0 | DI60: 0 | DJ60: 0 | DK60: 0 | DL60: 0 | DM60: 0 | DN60: 0 | DO60: 0 | DS60: أنثى | DT60: 0 | DU60: 0 | DV60: 0 | DW60: 0 | DX60: 0 | DY60: 0 | DZ60: 0 | EA60: 0 | EB60: 0 | EC60: 0 | ED60: 0 | EH60: أنثى | EI60: 0 | EJ60: 0 | EK60: 0 | EL60: 0 | EM60: 0 | EN60: 0 | EO60: 0 | EP60: 0 | EQ60: 0 | ER60: 0 | ES60: 0 | EW60: أنثى | EX60: 0 | EY60: 0 | EZ60: 0 | FA60: 0 | FB60: 0 | FC60: 0 | FD60: 0 | FE60: 0 | FF60: 0 | FG60: 0 | FH60: 0 | FL60: أنثى | FM60: 0 | FN60: 0 | FO60: 0 | FP60: 0 | FQ60: 0 | FR60: 0 | FS60: 0 | FT60: 0 | FU60: 0 | FV60: 0 | FW60: 0 | GA60: أنثى | GB60: =SUM(FM60) -> 0 | GC60: =(E60+T60+AI60+AX60+BM60+CB60+CQ60+DF60+DU60+EJ60+EY60+FN60) -> 0 | GD60: =(F60+U60+AJ60+AY60+BN60+CC60+CR60+DG60+DV60+EK60+EZ60+FO60) -> 0 | GE60: =SUM(FP60) -> 0 | GF60: =SUM(FQ60) -> 0 | GG60: =SUM(FR60) -> 0 | GH60: =(J60+Y60+AN60+BC60+BR60+CG60+CV60+DK60+DZ60+EO60+FD60+FS60) -> 0 | GI60: =(K60+Z60+AO60+BD60+BS60+CH60+CW60+DL60+EA60+EP60+FE60+FT60) -> 0 | GJ60: =(L60+AA60+AP60+BE60+BT60+CI60+CX60+DM60+EB60+EQ60+FF60+FU60) -> 0 | GK60: =(M60+AB60+AQ60+BF60+BU60+CJ60+CY60+DN60+EC60+ER60+FG60+FV60) -> 0 | GL60: =(N60+AC60+AR60+BG60+BV60+CK60+CZ60+DO60+ED60+ES60+FH60+FW60) -> 0
B61: غير | C61: ذكر | D61: 0 | E61: 0 | F61: 0 | G61: 0 | H61: 0 | I61: 0 | J61: 0 | K61: 0 | L61: 0 | M61: 0 | N61: 0 | Q61: غير | R61: ذكر | S61: 0 | T61: 0 | U61: 0 | V61: 0 | W61: 0 | X61: 0 | Y61: 0 | Z61: 0 | AA61: 0 | AB61: 0 | AC61: 0 | AF61: غير | AG61: ذكر | AH61: 0 | AI61: 0 | AJ61: 0 | AK61: 0 | AL61: 0 | AM61: 0 | AN61: 0 | AO61: 0 | AP61: 0 | AQ61: 0 | AR61: 0 | AU61: غير | AV61: ذكر | AW61: 0 | AX61: 0 | AY61: 0 | AZ61: 0 | BA61: 0 | BB61: 0 | BC61: 0 | BD61: 0 | BE61: 0 | BF61: 0 | BG61: 0 | BJ61: غير | BK61: ذكر | BL61: 0 | BM61: 0 | BN61: 0 | BO61: 0 | BP61: 0 | BQ61: 0 | BR61: 0 | BS61: 0 | BT61: 0 | BU61: 0 | BV61: 0 | BY61: غير | BZ61: ذكر | CA61: 0 | CB61: 0 | CC61: 0 | CD61: 0 | CE61: 0 | CF61: 0 | CG61: 0 | CH61: 0 | CI61: 0 | CJ61: 0 | CK61: 0 | CN61: غير | CO61: ذكر | CP61: 0 | CQ61: 0 | CR61: 0 | CS61: 0 | CT61: 0 | CU61: 0 | CV61: 0 | CW61: 0 | CX61: 0 | CY61: 0 | CZ61: 0 | DC61: غير | DD61: ذكر | DE61: 0 | DF61: 0 | DG61: 0 | DH61: 0 | DI61: 0 | DJ61: 0 | DK61: 0 | DL61: 0 | DM61: 0 | DN61: 0 | DO61: 0 | DR61: غير | DS61: ذكر | DT61: 0 | DU61: 0 | DV61: 0 | DW61: 0 | DX61: 0 | DY61: 0 | DZ61: 0 | EA61: 0 | EB61: 0 | EC61: 0 | ED61: 0 | EG61: غير | EH61: ذكر | EI61: 0 | EJ61: 0 | EK61: 0 | EL61: 0 | EM61: 0 | EN61: 0 | EO61: 0 | EP61: 0 | EQ61: 0 | ER61: 0 | ES61: 0 | EV61: غير | EW61: ذكر | EX61: 0 | EY61: 0 | EZ61: 0 | FA61: 0 | FB61: 0 | FC61: 0 | FD61: 0 | FE61: 0 | FF61: 0 | FG61: 0 | FH61: 0 | FK61: غير | FL61: ذكر | FM61: 0 | FN61: 0 | FO61: 0 | FP61: 0 | FQ61: 0 | FR61: 0 | FS61: 0 | FT61: 0 | FU61: 0 | FV61: 0 | FW61: 0 | FZ61: غير | GA61: ذكر | GB61: =SUM(FM61) -> 0 | GC61: =(E61+T61+AI61+AX61+BM61+CB61+CQ61+DF61+DU61+EJ61+EY61+FN61) -> 0 | GD61: =(F61+U61+AJ61+AY61+BN61+CC61+CR61+DG61+DV61+EK61+EZ61+FO61) -> 0 | GE61: =SUM(FP61) -> 0 | GF61: =SUM(FQ61) -> 0 | GG61: =SUM(FR61) -> 0 | GH61: =(J61+Y61+AN61+BC61+BR61+CG61+CV61+DK61+DZ61+EO61+FD61+FS61) -> 0 | GI61: =(K61+Z61+AO61+BD61+BS61+CH61+CW61+DL61+EA61+EP61+FE61+FT61) -> 0 | GJ61: =(L61+AA61+AP61+BE61+BT61+CI61+CX61+DM61+EB61+EQ61+FF61+FU61) -> 0 | GK61: =(M61+AB61+AQ61+BF61+BU61+CJ61+CY61+DN61+EC61+ER61+FG61+FV61) -> 0 | GL61: =(N61+AC61+AR61+BG61+BV61+CK61+CZ61+DO61+ED61+ES61+FH61+FW61) -> 0
B62: سعودي | C62: أنثى | D62: 0 | E62: 0 | F62: 0 | G62: 0 | H62: 0 | I62: 0 | J62: 0 | K62: 0 | L62: 0 | M62: 0 | N62: 0 | Q62: سعودي | R62: أنثى | S62: 0 | T62: 0 | U62: 0 | V62: 0 | W62: 0 | X62: 0 | Y62: 0 | Z62: 0 | AA62: 0 | AB62: 0 | AC62: 0 | AF62: سعودي | AG62: أنثى | AH62: 0 | AI62: 0 | AJ62: 0 | AK62: 0 | AL62: 0 | AM62: 0 | AN62: 0 | AO62: 0 | AP62: 0 | AQ62: 0 | AR62: 0 | AU62: سعودي | AV62: أنثى | AW62: 0 | AX62: 0 | AY62: 0 | AZ62: 0 | BA62: 0 | BB62: 0 | BC62: 0 | BD62: 0 | BE62: 0 | BF62: 0 | BG62: 0 | BJ62: سعودي | BK62: أنثى | BL62: 0 | BM62: 0 | BN62: 0 | BO62: 0 | BP62: 0 | BQ62: 0 | BR62: 0 | BS62: 0 | BT62: 0 | BU62: 0 | BV62: 0 | BY62: سعودي | BZ62: أنثى | CA62: 0 | CB62: 0 | CC62: 0 | CD62: 0 | CE62: 0 | CF62: 0 | CG62: 0 | CH62: 0 | CI62: 0 | CJ62: 0 | CK62: 0 | CN62: سعودي | CO62: أنثى | CP62: 0 | CQ62: 0 | CR62: 0 | CS62: 0 | CT62: 0 | CU62: 0 | CV62: 0 | CW62: 0 | CX62: 0 | CY62: 0 | CZ62: 0 | DC62: سعودي | DD62: أنثى | DE62: 0 | DF62: 0 | DG62: 0 | DH62: 0 | DI62: 0 | DJ62: 0 | DK62: 0 | DL62: 0 | DM62: 0 | DN62: 0 | DO62: 0 | DR62: سعودي | DS62: أنثى | DT62: 0 | DU62: 0 | DV62: 0 | DW62: 0 | DX62: 0 | DY62: 0 | DZ62: 0 | EA62: 0 | EB62: 0 | EC62: 0 | ED62: 0 | EG62: سعودي | EH62: أنثى | EI62: 0 | EJ62: 0 | EK62: 0 | EL62: 0 | EM62: 0 | EN62: 0 | EO62: 0 | EP62: 0 | EQ62: 0 | ER62: 0 | ES62: 0 | EV62: سعودي | EW62: أنثى | EX62: 0 | EY62: 0 | EZ62: 0 | FA62: 0 | FB62: 0 | FC62: 0 | FD62: 0 | FE62: 0 | FF62: 0 | FG62: 0 | FH62: 0 | FK62: سعودي | FL62: أنثى | FM62: 0 | FN62: 0 | FO62: 0 | FP62: 0 | FQ62: 0 | FR62: 0 | FS62: 0 | FT62: 0 | FU62: 0 | FV62: 0 | FW62: 0 | FZ62: سعودي | GA62: أنثى | GB62: =SUM(FM62) -> 0 | GC62: =(E62+T62+AI62+AX62+BM62+CB62+CQ62+DF62+DU62+EJ62+EY62+FN62) -> 0 | GD62: =(F62+U62+AJ62+AY62+BN62+CC62+CR62+DG62+DV62+EK62+EZ62+FO62) -> 0 | GE62: =SUM(FP62) -> 0 | GF62: =SUM(FQ62) -> 0 | GG62: =SUM(FR62) -> 0 | GH62: =(J62+Y62+AN62+BC62+BR62+CG62+CV62+DK62+DZ62+EO62+FD62+FS62) -> 0 | GI62: =(K62+Z62+AO62+BD62+BS62+CH62+CW62+DL62+EA62+EP62+FE62+FT62) -> 0 | GJ62: =(L62+AA62+AP62+BE62+BT62+CI62+CX62+DM62+EB62+EQ62+FF62+FU62) -> 0 | GK62: =(M62+AB62+AQ62+BF62+BU62+CJ62+CY62+DN62+EC62+ER62+FG62+FV62) -> 0 | GL62: =(N62+AC62+AR62+BG62+BV62+CK62+CZ62+DO62+ED62+ES62+FH62+FW62) -> 0
B63: المجموع | D63: =SUM(D59:D62) -> 0 | E63: =SUM(E59:E62) -> 0 | F63: =SUM(F59:F62) -> 0 | G63: =SUM(G59:G62) -> 0 | H63: =SUM(H59:H62) -> 0 | I63: =SUM(I59:I62) -> 0 | J63: =SUM(J59:J62) -> 0 | K63: =SUM(K59:K62) -> 0 | ... N63: =SUM(N59:N62) -> 0 | Q63: المجموع | S63: =SUM(S59:S62) -> 0 | T63: =SUM(T59:T62) -> 0 | U63: =SUM(U59:U62) -> 0 | V63: =SUM(V59:V62) -> 0 | W63: =SUM(W59:W62) -> 0 | X63: =SUM(X59:X62) -> 0 | Y63: =SUM(Y59:Y62) -> 0 | Z63: =SUM(Z59:Z62) -> 0 | ... AC63: =SUM(AC59:AC62) -> 0 | AF63: المجموع | AH63: =SUM(AH59:AH62) -> 0 | AI63: =SUM(AI59:AI62) -> 0 | AJ63: =SUM(AJ59:AJ62) -> 0 | AK63: =SUM(AK59:AK62) -> 0 | AL63: =SUM(AL59:AL62) -> 0 | AM63: =SUM(AM59:AM62) -> 0 | AN63: =SUM(AN59:AN62) -> 0 | AO63: =SUM(AO59:AO62) -> 0 | ... AR63: =SUM(AR59:AR62) -> 0 | AU63: المجموع | AW63: =SUM(AW59:AW62) -> 0 | AX63: =SUM(AX59:AX62) -> 0 | AY63: =SUM(AY59:AY62) -> 0 | AZ63: =SUM(AZ59:AZ62) -> 0 | BA63: =SUM(BA59:BA62) -> 0 | BB63: =SUM(BB59:BB62) -> 0 | BC63: =SUM(BC59:BC62) -> 0 | BD63: =SUM(BD59:BD62) -> 0 | ... BG63: =SUM(BG59:BG62) -> 0 | BJ63: المجموع | BL63: =SUM(BL59:BL62) -> 0 | BM63: =SUM(BM59:BM62) -> 0 | BN63: =SUM(BN59:BN62) -> 0 | BO63: =SUM(BO59:BO62) -> 0 | BP63: =SUM(BP59:BP62) -> 0 | BQ63: =SUM(BQ59:BQ62) -> 0 | BR63: =SUM(BR59:BR62) -> 0 | BS63: =SUM(BS59:BS62) -> 0 | ... BV63: =SUM(BV59:BV62) -> 0 | BY63: المجموع | CA63: =SUM(CA59:CA62) -> 0 | CB63: =SUM(CB59:CB62) -> 0 | CC63: =SUM(CC59:CC62) -> 0 | CD63: =SUM(CD59:CD62) -> 0 | CE63: =SUM(CE59:CE62) -> 0 | CF63: =SUM(CF59:CF62) -> 0 | CG63: =SUM(CG59:CG62) -> 0 | CH63: =SUM(CH59:CH62) -> 0 | ... CK63: =SUM(CK59:CK62) -> 0 | CN63: المجموع | CP63: =SUM(CP59:CP62) -> 0 | CQ63: =SUM(CQ59:CQ62) -> 0 | CR63: =SUM(CR59:CR62) -> 0 | CS63: =SUM(CS59:CS62) -> 0 | CT63: =SUM(CT59:CT62) -> 0 | CU63: =SUM(CU59:CU62) -> 0 | CV63: =SUM(CV59:CV62) -> 0 | CW63: =SUM(CW59:CW62) -> 0 | ... CZ63: =SUM(CZ59:CZ62) -> 0 | DC63: المجموع | DE63: =SUM(DE59:DE62) -> 0 | DF63: =SUM(DF59:DF62) -> 0 | DG63: =SUM(DG59:DG62) -> 0 | DH63: =SUM(DH59:DH62) -> 0 | DI63: =SUM(DI59:DI62) -> 0 | DJ63: =SUM(DJ59:DJ62) -> 0 | DK63: =SUM(DK59:DK62) -> 0 | DL63: =SUM(DL59:DL62) -> 0 | ... DO63: =SUM(DO59:DO62) -> 0 | DR63: المجموع | DT63: =SUM(DT59:DT62) -> 0 | DU63: =SUM(DU59:DU62) -> 0 | DV63: =SUM(DV59:DV62) -> 0 | DW63: =SUM(DW59:DW62) -> 0 | DX63: =SUM(DX59:DX62) -> 0 | DY63: =SUM(DY59:DY62) -> 0 | DZ63: =SUM(DZ59:DZ62) -> 0 | EA63: =SUM(EA59:EA62) -> 0 | ... ED63: =SUM(ED59:ED62) -> 0 | EG63: المجموع | EI63: =SUM(EI59:EI62) -> 0 | EJ63: =SUM(EJ59:EJ62) -> 0 | EK63: =SUM(EK59:EK62) -> 0 | EL63: =SUM(EL59:EL62) -> 0 | EM63: =SUM(EM59:EM62) -> 0 | EN63: =SUM(EN59:EN62) -> 0 | EO63: =SUM(EO59:EO62) -> 0 | EP63: =SUM(EP59:EP62) -> 0 | ... ES63: =SUM(ES59:ES62) -> 0 | EV63: المجموع | EX63: =SUM(EX59:EX62) -> 0 | EY63: =SUM(EY59:EY62) -> 0 | EZ63: =SUM(EZ59:EZ62) -> 0 | FA63: =SUM(FA59:FA62) -> 0 | FB63: =SUM(FB59:FB62) -> 0 | FC63: =SUM(FC59:FC62) -> 0 | FD63: =SUM(FD59:FD62) -> 0 | FE63: =SUM(FE59:FE62) -> 0 | ... FH63: =SUM(FH59:FH62) -> 0 | FK63: المجموع | FM63: =SUM(FM59:FM62) -> 0 | FN63: =SUM(FN59:FN62) -> 0 | FO63: =SUM(FO59:FO62) -> 0 | FP63: =SUM(FP59:FP62) -> 0 | FQ63: =SUM(FQ59:FQ62) -> 0 | FR63: =SUM(FR59:FR62) -> 0 | FS63: =SUM(FS59:FS62) -> 0 | FT63: =SUM(FT59:FT62) -> 0 | ... FW63: =SUM(FW59:FW62) -> 0 | FZ63: المجموع | GB63: =SUM(GB59:GB62) -> 0 | GC63: =SUM(GC59:GC62) -> 0 | GD63: =SUM(GD59:GD62) -> 0 | GE63: =SUM(GE59:GE62) -> 0 | GF63: =SUM(GF59:GF62) -> 0 | GG63: =SUM(GG59:GG62) -> 0 | GH63: =SUM(GH59:GH62) -> 0 | GI63: =SUM(GI59:GI62) -> 0 | ... GL63: =SUM(GL59:GL62) -> 0
B64: عدد الأطفال الذين يقل وزنهم بالنسبة لعمرهم ( تحت المنطقة C في منحنى النمو خلال الشهر | K64: ذكر | L64: 0 | M64: أنثى | N64: 0 | Q64: عدد الأطفال الذين يقل وزنهم بالنسبة لعمرهم ( تحت المنطقة C في منحنى النمو خلال الشهر | Z64: ذكر | AA64: 0 | AB64: أنثى | AC64: 0 | AF64: عدد الأطفال الذين يقل وزنهم بالنسبة لعمرهم ( تحت المنطقة C في منحنى النمو خلال الشهر | AO64: ذكر | AP64: 0 | AQ64: أنثى | AR64: 0 | AU64: عدد الأطفال الذين يقل وزنهم بالنسبة لعمرهم ( تحت المنطقة C في منحنى النمو خلال الشهر | BD64: ذكر | BE64: 0 | BF64: أنثى | BG64: 0 | BJ64: عدد الأطفال الذين يقل وزنهم بالنسبة لعمرهم ( تحت المنطقة C في منحنى النمو خلال الشهر | BS64: ذكر | BT64: 0 | BU64: أنثى | BV64: 0 | BY64: عدد الأطفال الذين يقل وزنهم بالنسبة لعمرهم ( تحت المنطقة C في منحنى النمو خلال الشهر | CH64: ذكر | CI64: 0 | CJ64: أنثى | CK64: 0 | CN64: عدد الأطفال الذين يقل وزنهم بالنسبة لعمرهم ( تحت المنطقة C في منحنى النمو خلال الشهر | CW64: ذكر | CX64: 0 | CY64: أنثى | CZ64: 0 | DC64: عدد الأطفال الذين يقل وزنهم بالنسبة لعمرهم ( تحت المنطقة C في منحنى النمو خلال الشهر | DL64: ذكر | DM64: 0 | DN64: أنثى | DO64: 0 | DR64: عدد الأطفال الذين يقل وزنهم بالنسبة لعمرهم ( تحت المنطقة C في منحنى النمو خلال الشهر | EA64: ذكر | EB64: 0 | EC64: أنثى | ED64: 0 | EG64: عدد الأطفال الذين يقل وزنهم بالنسبة لعمرهم ( تحت المنطقة C في منحنى النمو خلال الشهر | EP64: ذكر | EQ64: 0 | ER64: أنثى | ES64: 0 | EV64: عدد الأطفال الذين يقل وزنهم بالنسبة لعمرهم ( تحت المنطقة C في منحنى النمو خلال الشهر | FE64: ذكر | FF64: 0 | FG64: أنثى | FH64: 0 | FK64: عدد الأطفال الذين يقل وزنهم بالنسبة لعمرهم ( تحت المنطقة C في منحنى النمو خلال الشهر | FT64: ذكر | FU64: 0 | FV64: أنثى | FW64: 0 | FZ64: عدد الأطفال الذين يقل وزنهم بالنسبة لعمرهم ( تحت المنطقة C في منحنى النمو خلال العام | GI64: ذكر | GJ64: =(L64+AA64+AP64+BE64+BT64+CI64+CX64+DM64+EB64+EQ64+FF64+FU64) -> 0 | GK64: أنثى | GL64: =(N64+AC64+AR64+BG64+BV64+CK64+CZ64+DO64+ED64+ES64+FH64+FW64) -> 0
A65: 0 | B65: سعودي | C65: ذكر | D65: 0 | E65: 0 | F65: 0 | G65: 0 | H65: 0 | I65: 0 | J65: 0 | K65: 0 | L65: 0 | M65: 0 | N65: 0 | P65: 0 | Q65: سعودي | R65: ذكر | S65: 0 | T65: 0 | U65: 0 | V65: 0 | W65: 0 | X65: 0 | Y65: 0 | Z65: 0 | AA65: 0 | AB65: 0 | AC65: 0 | AE65: 0 | AF65: سعودي | AG65: ذكر | AH65: 0 | AI65: 0 | AJ65: 0 | AK65: 0 | AL65: 0 | AM65: 0 | AN65: 0 | AO65: 0 | AP65: 0 | AQ65: 0 | AR65: 0 | AT65: 0 | AU65: سعودي | AV65: ذكر | AW65: 0 | AX65: 0 | AY65: 0 | AZ65: 0 | BA65: 0 | BB65: 0 | BC65: 0 | BD65: 0 | BE65: 0 | BF65: 0 | BG65: 0 | BI65: 0 | BJ65: سعودي | BK65: ذكر | BL65: 0 | BM65: 0 | BN65: 0 | BO65: 0 | BP65: 0 | BQ65: 0 | BR65: 0 | BS65: 0 | BT65: 0 | BU65: 0 | BV65: 0 | BX65: 0 | BY65: سعودي | BZ65: ذكر | CA65: 0 | CB65: 0 | CC65: 0 | CD65: 0 | CE65: 0 | CF65: 0 | CG65: 0 | CH65: 0 | CI65: 0 | CJ65: 0 | CK65: 0 | CM65: 0 | CN65: سعودي | CO65: ذكر | CP65: 0 | CQ65: 0 | CR65: 0 | CS65: 0 | CT65: 0 | CU65: 0 | CV65: 0 | CW65: 0 | CX65: 0 | CY65: 0 | CZ65: 0 | DB65: 0 | DC65: سعودي | DD65: ذكر | DE65: 0 | DF65: 0 | DG65: 0 | DH65: 0 | DI65: 0 | DJ65: 0 | DK65: 0 | DL65: 0 | DM65: 0 | DN65: 0 | DO65: 0 | DQ65: 0 | DR65: سعودي | DS65: ذكر | DT65: 0 | DU65: 0 | DV65: 0 | DW65: 0 | DX65: 0 | DY65: 0 | DZ65: 0 | EA65: 0 | EB65: 0 | EC65: 0 | ED65: 0 | EF65: 0 | EG65: سعودي | EH65: ذكر | EI65: 0 | EJ65: 0 | EK65: 0 | EL65: 0 | EM65: 0 | EN65: 0 | EO65: 0 | EP65: 0 | EQ65: 0 | ER65: 0 | ES65: 0 | EU65: 0 | EV65: سعودي | EW65: ذكر | EX65: 0 | EY65: 0 | EZ65: 0 | FA65: 0 | FB65: 0 | FC65: 0 | FD65: 0 | FE65: 0 | FF65: 0 | FG65: 0 | FH65: 0 | FJ65: 0 | FK65: سعودي | FL65: ذكر | FM65: 0 | FN65: 0 | FO65: 0 | FP65: 0 | FQ65: 0 | FR65: 0 | FS65: 0 | FT65: 0 | FU65: 0 | FV65: 0 | FW65: 0 | FY65: =(FJ65) -> 0 | FZ65: سعودي | GA65: ذكر | GB65: =SUM(FM65) -> 0 | GC65: =(E65+T65+AI65+AX65+BM65+CB65+CQ65+DF65+DU65+EJ65+EY65+FN65) -> 0 | GD65: =(F65+U65+AJ65+AY65+BN65+CC65+CR65+DG65+DV65+EK65+EZ65+FO65) -> 0 | GE65: =SUM(FP65) -> 0 | GF65: =SUM(FQ65) -> 0 | GG65: =SUM(FR65) -> 0 | GH65: =(J65+Y65+AN65+BC65+BR65+CG65+CV65+DK65+DZ65+EO65+FD65+FS65) -> 0 | GI65: =(K65+Z65+AO65+BD65+BS65+CH65+CW65+DL65+EA65+EP65+FE65+FT65) -> 0 | GJ65: =(L65+AA65+AP65+BE65+BT65+CI65+CX65+DM65+EB65+EQ65+FF65+FU65) -> 0 | GK65: =(M65+AB65+AQ65+BF65+BU65+CJ65+CY65+DN65+EC65+ER65+FG65+FV65) -> 0 | GL65: =(N65+AC65+AR65+BG65+BV65+CK65+CZ65+DO65+ED65+ES65+FH65+FW65) -> 0
C66: أنثى | D66: 0 | E66: 0 | F66: 0 | G66: 0 | H66: 0 | I66: 0 | J66: 0 | K66: 0 | L66: 0 | M66: 0 | N66: 0 | R66: أنثى | S66: 0 | T66: 0 | U66: 0 | V66: 0 | W66: 0 | X66: 0 | Y66: 0 | Z66: 0 | AA66: 0 | AB66: 0 | AC66: 0 | AG66: أنثى | AH66: 0 | AI66: 0 | AJ66: 0 | AK66: 0 | AL66: 0 | AM66: 0 | AN66: 0 | AO66: 0 | AP66: 0 | AQ66: 0 | AR66: 0 | AV66: أنثى | AW66: 0 | AX66: 0 | AY66: 0 | AZ66: 0 | BA66: 0 | BB66: 0 | BC66: 0 | BD66: 0 | BE66: 0 | BF66: 0 | BG66: 0 | BK66: أنثى | BL66: 0 | BM66: 0 | BN66: 0 | BO66: 0 | BP66: 0 | BQ66: 0 | BR66: 0 | BS66: 0 | BT66: 0 | BU66: 0 | BV66: 0 | BZ66: أنثى | CA66: 0 | CB66: 0 | CC66: 0 | CD66: 0 | CE66: 0 | CF66: 0 | CG66: 0 | CH66: 0 | CI66: 0 | CJ66: 0 | CK66: 0 | CO66: أنثى | CP66: 0 | CQ66: 0 | CR66: 0 | CS66: 0 | CT66: 0 | CU66: 0 | CV66: 0 | CW66: 0 | CX66: 0 | CY66: 0 | CZ66: 0 | DD66: أنثى | DE66: 0 | DF66: 0 | DG66: 0 | DH66: 0 | DI66: 0 | DJ66: 0 | DK66: 0 | DL66: 0 | DM66: 0 | DN66: 0 | DO66: 0 | DS66: أنثى | DT66: 0 | DU66: 0 | DV66: 0 | DW66: 0 | DX66: 0 | DY66: 0 | DZ66: 0 | EA66: 0 | EB66: 0 | EC66: 0 | ED66: 0 | EH66: أنثى | EI66: 0 | EJ66: 0 | EK66: 0 | EL66: 0 | EM66: 0 | EN66: 0 | EO66: 0 | EP66: 0 | EQ66: 0 | ER66: 0 | ES66: 0 | EW66: أنثى | EX66: 0 | EY66: 0 | EZ66: 0 | FA66: 0 | FB66: 0 | FC66: 0 | FD66: 0 | FE66: 0 | FF66: 0 | FG66: 0 | FH66: 0 | FL66: أنثى | FM66: 0 | FN66: 0 | FO66: 0 | FP66: 0 | FQ66: 0 | FR66: 0 | FS66: 0 | FT66: 0 | FU66: 0 | FV66: 0 | FW66: 0 | GA66: أنثى | GB66: =SUM(FM66) -> 0 | GC66: =(E66+T66+AI66+AX66+BM66+CB66+CQ66+DF66+DU66+EJ66+EY66+FN66) -> 0 | GD66: =(F66+U66+AJ66+AY66+BN66+CC66+CR66+DG66+DV66+EK66+EZ66+FO66) -> 0 | GE66: =SUM(FP66) -> 0 | GF66: =SUM(FQ66) -> 0 | GG66: =SUM(FR66) -> 0 | GH66: =(J66+Y66+AN66+BC66+BR66+CG66+CV66+DK66+DZ66+EO66+FD66+FS66) -> 0 | GI66: =(K66+Z66+AO66+BD66+BS66+CH66+CW66+DL66+EA66+EP66+FE66+FT66) -> 0 | GJ66: =(L66+AA66+AP66+BE66+BT66+CI66+CX66+DM66+EB66+EQ66+FF66+FU66) -> 0 | GK66: =(M66+AB66+AQ66+BF66+BU66+CJ66+CY66+DN66+EC66+ER66+FG66+FV66) -> 0 | GL66: =(N66+AC66+AR66+BG66+BV66+CK66+CZ66+DO66+ED66+ES66+FH66+FW66) -> 0
B67: غير | C67: ذكر | D67: 0 | E67: 0 | F67: 0 | G67: 0 | H67: 0 | I67: 0 | J67: 0 | K67: 0 | L67: 0 | M67: 0 | N67: 0 | Q67: غير | R67: ذكر | S67: 0 | T67: 0 | U67: 0 | V67: 0 | W67: 0 | X67: 0 | Y67: 0 | Z67: 0 | AA67: 0 | AB67: 0 | AC67: 0 | AF67: غير | AG67: ذكر | AH67: 0 | AI67: 0 | AJ67: 0 | AK67: 0 | AL67: 0 | AM67: 0 | AN67: 0 | AO67: 0 | AP67: 0 | AQ67: 0 | AR67: 0 | AU67: غير | AV67: ذكر | AW67: 0 | AX67: 0 | AY67: 0 | AZ67: 0 | BA67: 0 | BB67: 0 | BC67: 0 | BD67: 0 | BE67: 0 | BF67: 0 | BG67: 0 | BJ67: غير | BK67: ذكر | BL67: 0 | BM67: 0 | BN67: 0 | BO67: 0 | BP67: 0 | BQ67: 0 | BR67: 0 | BS67: 0 | BT67: 0 | BU67: 0 | BV67: 0 | BY67: غير | BZ67: ذكر | CA67: 0 | CB67: 0 | CC67: 0 | CD67: 0 | CE67: 0 | CF67: 0 | CG67: 0 | CH67: 0 | CI67: 0 | CJ67: 0 | CK67: 0 | CN67: غير | CO67: ذكر | CP67: 0 | CQ67: 0 | CR67: 0 | CS67: 0 | CT67: 0 | CU67: 0 | CV67: 0 | CW67: 0 | CX67: 0 | CY67: 0 | CZ67: 0 | DC67: غير | DD67: ذكر | DE67: 0 | DF67: 0 | DG67: 0 | DH67: 0 | DI67: 0 | DJ67: 0 | DK67: 0 | DL67: 0 | DM67: 0 | DN67: 0 | DO67: 0 | DR67: غير | DS67: ذكر | DT67: 0 | DU67: 0 | DV67: 0 | DW67: 0 | DX67: 0 | DY67: 0 | DZ67: 0 | EA67: 0 | EB67: 0 | EC67: 0 | ED67: 0 | EG67: غير | EH67: ذكر | EI67: 0 | EJ67: 0 | EK67: 0 | EL67: 0 | EM67: 0 | EN67: 0 | EO67: 0 | EP67: 0 | EQ67: 0 | ER67: 0 | ES67: 0 | EV67: غير | EW67: ذكر | EX67: 0 | EY67: 0 | EZ67: 0 | FA67: 0 | FB67: 0 | FC67: 0 | FD67: 0 | FE67: 0 | FF67: 0 | FG67: 0 | FH67: 0 | FK67: غير | FL67: ذكر | FM67: 0 | FN67: 0 | FO67: 0 | FP67: 0 | FQ67: 0 | FR67: 0 | FS67: 0 | FT67: 0 | FU67: 0 | FV67: 0 | FW67: 0 | FZ67: غير | GA67: ذكر | GB67: =SUM(FM67) -> 0 | GC67: =(E67+T67+AI67+AX67+BM67+CB67+CQ67+DF67+DU67+EJ67+EY67+FN67) -> 0 | GD67: =(F67+U67+AJ67+AY67+BN67+CC67+CR67+DG67+DV67+EK67+EZ67+FO67) -> 0 | GE67: =SUM(FP67) -> 0 | GF67: =SUM(FQ67) -> 0 | GG67: =SUM(FR67) -> 0 | GH67: =(J67+Y67+AN67+BC67+BR67+CG67+CV67+DK67+DZ67+EO67+FD67+FS67) -> 0 | GI67: =(K67+Z67+AO67+BD67+BS67+CH67+CW67+DL67+EA67+EP67+FE67+FT67) -> 0 | GJ67: =(L67+AA67+AP67+BE67+BT67+CI67+CX67+DM67+EB67+EQ67+FF67+FU67) -> 0 | GK67: =(M67+AB67+AQ67+BF67+BU67+CJ67+CY67+DN67+EC67+ER67+FG67+FV67) -> 0 | GL67: =(N67+AC67+AR67+BG67+BV67+CK67+CZ67+DO67+ED67+ES67+FH67+FW67) -> 0
B68: سعودي | C68: أنثى | D68: 0 | E68: 0 | F68: 0 | G68: 0 | H68: 0 | I68: 0 | J68: 0 | K68: 0 | L68: 0 | M68: 0 | N68: 0 | Q68: سعودي | R68: أنثى | S68: 0 | T68: 0 | U68: 0 | V68: 0 | W68: 0 | X68: 0 | Y68: 0 | Z68: 0 | AA68: 0 | AB68: 0 | AC68: 0 | AF68: سعودي | AG68: أنثى | AH68: 0 | AI68: 0 | AJ68: 0 | AK68: 0 | AL68: 0 | AM68: 0 | AN68: 0 | AO68: 0 | AP68: 0 | AQ68: 0 | AR68: 0 | AU68: سعودي | AV68: أنثى | AW68: 0 | AX68: 0 | AY68: 0 | AZ68: 0 | BA68: 0 | BB68: 0 | BC68: 0 | BD68: 0 | BE68: 0 | BF68: 0 | BG68: 0 | BJ68: سعودي | BK68: أنثى | BL68: 0 | BM68: 0 | BN68: 0 | BO68: 0 | BP68: 0 | BQ68: 0 | BR68: 0 | BS68: 0 | BT68: 0 | BU68: 0 | BV68: 0 | BY68: سعودي | BZ68: أنثى | CA68: 0 | CB68: 0 | CC68: 0 | CD68: 0 | CE68: 0 | CF68: 0 | CG68: 0 | CH68: 0 | CI68: 0 | CJ68: 0 | CK68: 0 | CN68: سعودي | CO68: أنثى | CP68: 0 | CQ68: 0 | CR68: 0 | CS68: 0 | CT68: 0 | CU68: 0 | CV68: 0 | CW68: 0 | CX68: 0 | CY68: 0 | CZ68: 0 | DC68: سعودي | DD68: أنثى | DE68: 0 | DF68: 0 | DG68: 0 | DH68: 0 | DI68: 0 | DJ68: 0 | DK68: 0 | DL68: 0 | DM68: 0 | DN68: 0 | DO68: 0 | DR68: سعودي | DS68: أنثى | DT68: 0 | DU68: 0 | DV68: 0 | DW68: 0 | DX68: 0 | DY68: 0 | DZ68: 0 | EA68: 0 | EB68: 0 | EC68: 0 | ED68: 0 | EG68: سعودي | EH68: أنثى | EI68: 0 | EJ68: 0 | EK68: 0 | EL68: 0 | EM68: 0 | EN68: 0 | EO68: 0 | EP68: 0 | EQ68: 0 | ER68: 0 | ES68: 0 | EV68: سعودي | EW68: أنثى | EX68: 0 | EY68: 0 | EZ68: 0 | FA68: 0 | FB68: 0 | FC68: 0 | FD68: 0 | FE68: 0 | FF68: 0 | FG68: 0 | FH68: 0 | FK68: سعودي | FL68: أنثى | FM68: 0 | FN68: 0 | FO68: 0 | FP68: 0 | FQ68: 0 | FR68: 0 | FS68: 0 | FT68: 0 | FU68: 0 | FV68: 0 | FW68: 0 | FZ68: سعودي | GA68: أنثى | GB68: =SUM(FM68) -> 0 | GC68: =(E68+T68+AI68+AX68+BM68+CB68+CQ68+DF68+DU68+EJ68+EY68+FN68) -> 0 | GD68: =(F68+U68+AJ68+AY68+BN68+CC68+CR68+DG68+DV68+EK68+EZ68+FO68) -> 0 | GE68: =SUM(FP68) -> 0 | GF68: =SUM(FQ68) -> 0 | GG68: =SUM(FR68) -> 0 | GH68: =(J68+Y68+AN68+BC68+BR68+CG68+CV68+DK68+DZ68+EO68+FD68+FS68) -> 0 | GI68: =(K68+Z68+AO68+BD68+BS68+CH68+CW68+DL68+EA68+EP68+FE68+FT68) -> 0 | GJ68: =(L68+AA68+AP68+BE68+BT68+CI68+CX68+DM68+EB68+EQ68+FF68+FU68) -> 0 | GK68: =(M68+AB68+AQ68+BF68+BU68+CJ68+CY68+DN68+EC68+ER68+FG68+FV68) -> 0 | GL68: =(N68+AC68+AR68+BG68+BV68+CK68+CZ68+DO68+ED68+ES68+FH68+FW68) -> 0
B69: المجموع | D69: =SUM(D65:D68) -> 0 | E69: =SUM(E65:E68) -> 0 | F69: =SUM(F65:F68) -> 0 | G69: =SUM(G65:G68) -> 0 | H69: =SUM(H65:H68) -> 0 | I69: =SUM(I65:I68) -> 0 | J69: =SUM(J65:J68) -> 0 | K69: =SUM(K65:K68) -> 0 | ... N69: =SUM(N65:N68) -> 0 | Q69: المجموع | S69: =SUM(S65:S68) -> 0 | T69: =SUM(T65:T68) -> 0 | U69: =SUM(U65:U68) -> 0 | V69: =SUM(V65:V68) -> 0 | W69: =SUM(W65:W68) -> 0 | X69: =SUM(X65:X68) -> 0 | Y69: =SUM(Y65:Y68) -> 0 | Z69: =SUM(Z65:Z68) -> 0 | ... AC69: =SUM(AC65:AC68) -> 0 | AF69: المجموع | AH69: =SUM(AH65:AH68) -> 0 | AI69: =SUM(AI65:AI68) -> 0 | AJ69: =SUM(AJ65:AJ68) -> 0 | AK69: =SUM(AK65:AK68) -> 0 | AL69: =SUM(AL65:AL68) -> 0 | AM69: =SUM(AM65:AM68) -> 0 | AN69: =SUM(AN65:AN68) -> 0 | AO69: =SUM(AO65:AO68) -> 0 | ... AR69: =SUM(AR65:AR68) -> 0 | AU69: المجموع | AW69: =SUM(AW65:AW68) -> 0 | AX69: =SUM(AX65:AX68) -> 0 | AY69: =SUM(AY65:AY68) -> 0 | AZ69: =SUM(AZ65:AZ68) -> 0 | BA69: =SUM(BA65:BA68) -> 0 | BB69: =SUM(BB65:BB68) -> 0 | BC69: =SUM(BC65:BC68) -> 0 | BD69: =SUM(BD65:BD68) -> 0 | ... BG69: =SUM(BG65:BG68) -> 0 | BJ69: المجموع | BL69: =SUM(BL65:BL68) -> 0 | BM69: =SUM(BM65:BM68) -> 0 | BN69: =SUM(BN65:BN68) -> 0 | BO69: =SUM(BO65:BO68) -> 0 | BP69: =SUM(BP65:BP68) -> 0 | BQ69: =SUM(BQ65:BQ68) -> 0 | BR69: =SUM(BR65:BR68) -> 0 | BS69: =SUM(BS65:BS68) -> 0 | ... BV69: =SUM(BV65:BV68) -> 0 | BY69: المجموع | CA69: =SUM(CA65:CA68) -> 0 | CB69: =SUM(CB65:CB68) -> 0 | CC69: =SUM(CC65:CC68) -> 0 | CD69: =SUM(CD65:CD68) -> 0 | CE69: =SUM(CE65:CE68) -> 0 | CF69: =SUM(CF65:CF68) -> 0 | CG69: =SUM(CG65:CG68) -> 0 | CH69: =SUM(CH65:CH68) -> 0 | ... CK69: =SUM(CK65:CK68) -> 0 | CN69: المجموع | CP69: =SUM(CP65:CP68) -> 0 | CQ69: =SUM(CQ65:CQ68) -> 0 | CR69: =SUM(CR65:CR68) -> 0 | CS69: =SUM(CS65:CS68) -> 0 | CT69: =SUM(CT65:CT68) -> 0 | CU69: =SUM(CU65:CU68) -> 0 | CV69: =SUM(CV65:CV68) -> 0 | CW69: =SUM(CW65:CW68) -> 0 | ... CZ69: =SUM(CZ65:CZ68) -> 0 | DC69: المجموع | DE69: =SUM(DE65:DE68) -> 0 | DF69: =SUM(DF65:DF68) -> 0 | DG69: =SUM(DG65:DG68) -> 0 | DH69: =SUM(DH65:DH68) -> 0 | DI69: =SUM(DI65:DI68) -> 0 | DJ69: =SUM(DJ65:DJ68) -> 0 | DK69: =SUM(DK65:DK68) -> 0 | DL69: =SUM(DL65:DL68) -> 0 | ... DO69: =SUM(DO65:DO68) -> 0 | DR69: المجموع | DT69: =SUM(DT65:DT68) -> 0 | DU69: =SUM(DU65:DU68) -> 0 | DV69: =SUM(DV65:DV68) -> 0 | DW69: =SUM(DW65:DW68) -> 0 | DX69: =SUM(DX65:DX68) -> 0 | DY69: =SUM(DY65:DY68) -> 0 | DZ69: =SUM(DZ65:DZ68) -> 0 | EA69: =SUM(EA65:EA68) -> 0 | ... ED69: =SUM(ED65:ED68) -> 0 | EG69: المجموع | EI69: =SUM(EI65:EI68) -> 0 | EJ69: =SUM(EJ65:EJ68) -> 0 | EK69: =SUM(EK65:EK68) -> 0 | EL69: =SUM(EL65:EL68) -> 0 | EM69: =SUM(EM65:EM68) -> 0 | EN69: =SUM(EN65:EN68) -> 0 | EO69: =SUM(EO65:EO68) -> 0 | EP69: =SUM(EP65:EP68) -> 0 | ... ES69: =SUM(ES65:ES68) -> 0 | EV69: المجموع | EX69: =SUM(EX65:EX68) -> 0 | EY69: =SUM(EY65:EY68) -> 0 | EZ69: =SUM(EZ65:EZ68) -> 0 | FA69: =SUM(FA65:FA68) -> 0 | FB69: =SUM(FB65:FB68) -> 0 | FC69: =SUM(FC65:FC68) -> 0 | FD69: =SUM(FD65:FD68) -> 0 | FE69: =SUM(FE65:FE68) -> 0 | ... FH69: =SUM(FH65:FH68) -> 0 | FK69: المجموع | FM69: =SUM(FM65:FM68) -> 0 | FN69: =SUM(FN65:FN68) -> 0 | FO69: =SUM(FO65:FO68) -> 0 | FP69: =SUM(FP65:FP68) -> 0 | FQ69: =SUM(FQ65:FQ68) -> 0 | FR69: =SUM(FR65:FR68) -> 0 | FS69: =SUM(FS65:FS68) -> 0 | FT69: =SUM(FT65:FT68) -> 0 | ... FW69: =SUM(FW65:FW68) -> 0 | FZ69: المجموع | GB69: =SUM(GB65:GB68) -> 0 | GC69: =SUM(GC65:GC68) -> 0 | GD69: =SUM(GD65:GD68) -> 0 | GE69: =SUM(GE65:GE68) -> 0 | GF69: =SUM(GF65:GF68) -> 0 | GG69: =SUM(GG65:GG68) -> 0 | GH69: =SUM(GH65:GH68) -> 0 | GI69: =SUM(GI65:GI68) -> 0 | ... GL69: =SUM(GL65:GL68) -> 0
B70: عدد الأطفال الذين يقل وزنهم بالنسبة لعمرهم ( تحت المنطقة C في منحنى النمو خلال الشهر | K70: ذكر | L70: 0 | M70: أنثى | N70: 0 | Q70: عدد الأطفال الذين يقل وزنهم بالنسبة لعمرهم ( تحت المنطقة C في منحنى النمو خلال الشهر | Z70: ذكر | AA70: 0 | AB70: أنثى | AC70: 0 | AF70: عدد الأطفال الذين يقل وزنهم بالنسبة لعمرهم ( تحت المنطقة C في منحنى النمو خلال الشهر | AO70: ذكر | AP70: 0 | AQ70: أنثى | AR70: 0 | AU70: عدد الأطفال الذين يقل وزنهم بالنسبة لعمرهم ( تحت المنطقة C في منحنى النمو خلال الشهر | BD70: ذكر | BE70: 0 | BF70: أنثى | BG70: 0 | BJ70: عدد الأطفال الذين يقل وزنهم بالنسبة لعمرهم ( تحت المنطقة C في منحنى النمو خلال الشهر | BS70: ذكر | BT70: 0 | BU70: أنثى | BV70: 0 | BY70: عدد الأطفال الذين يقل وزنهم بالنسبة لعمرهم ( تحت المنطقة C في منحنى النمو خلال الشهر | CH70: ذكر | CI70: 0 | CJ70: أنثى | CK70: 0 | CN70: عدد الأطفال الذين يقل وزنهم بالنسبة لعمرهم ( تحت المنطقة C في منحنى النمو خلال الشهر | CW70: ذكر | CX70: 0 | CY70: أنثى | CZ70: 0 | DC70: عدد الأطفال الذين يقل وزنهم بالنسبة لعمرهم ( تحت المنطقة C في منحنى النمو خلال الشهر | DL70: ذكر | DM70: 0 | DN70: أنثى | DO70: 0 | DR70: عدد الأطفال الذين يقل وزنهم بالنسبة لعمرهم ( تحت المنطقة C في منحنى النمو خلال الشهر | EA70: ذكر | EB70: 0 | EC70: أنثى | ED70: 0 | EG70: عدد الأطفال الذين يقل وزنهم بالنسبة لعمرهم ( تحت المنطقة C في منحنى النمو خلال الشهر | EP70: ذكر | EQ70: 0 | ER70: أنثى | ES70: 0 | EV70: عدد الأطفال الذين يقل وزنهم بالنسبة لعمرهم ( تحت المنطقة C في منحنى النمو خلال الشهر | FE70: ذكر | FF70: 0 | FG70: أنثى | FH70: 0 | FK70: عدد الأطفال الذين يقل وزنهم بالنسبة لعمرهم ( تحت المنطقة C في منحنى النمو خلال الشهر | FT70: ذكر | FU70: 0 | FV70: أنثى | FW70: 0 | FZ70: عدد الأطفال الذين يقل وزنهم بالنسبة لعمرهم ( تحت المنطقة C في منحنى النمو خلال العام | GI70: ذكر | GJ70: =(L70+AA70+AP70+BE70+BT70+CI70+CX70+DM70+EB70+EQ70+FF70+FU70) -> 0 | GK70: أنثى | GL70: =(N70+AC70+AR70+BG70+BV70+CK70+CZ70+DO70+ED70+ES70+FH70+FW70) -> 0
A71: 0 | B71: سعودي | C71: ذكر | D71: 0 | E71: 0 | F71: 0 | G71: 0 | H71: 0 | I71: 0 | J71: 0 | K71: 0 | L71: 0 | M71: 0 | N71: 0 | P71: 0 | Q71: سعودي | R71: ذكر | S71: 0 | T71: 0 | U71: 0 | V71: 0 | W71: 0 | X71: 0 | Y71: 0 | Z71: 0 | AA71: 0 | AB71: 0 | AC71: 0 | AE71: 0 | AF71: سعودي | AG71: ذكر | AH71: 0 | AI71: 0 | AJ71: 0 | AK71: 0 | AL71: 0 | AM71: 0 | AN71: 0 | AO71: 0 | AP71: 0 | AQ71: 0 | AR71: 0 | AT71: 0 | AU71: سعودي | AV71: ذكر | AW71: 0 | AX71: 0 | AY71: 0 | AZ71: 0 | BA71: 0 | BB71: 0 | BC71: 0 | BD71: 0 | BE71: 0 | BF71: 0 | BG71: 0 | BI71: 0 | BJ71: سعودي | BK71: ذكر | BL71: 0 | BM71: 0 | BN71: 0 | BO71: 0 | BP71: 0 | BQ71: 0 | BR71: 0 | BS71: 0 | BT71: 0 | BU71: 0 | BV71: 0 | BX71: 0 | BY71: سعودي | BZ71: ذكر | CA71: 0 | CB71: 0 | CC71: 0 | CD71: 0 | CE71: 0 | CF71: 0 | CG71: 0 | CH71: 0 | CI71: 0 | CJ71: 0 | CK71: 0 | CM71: 0 | CN71: سعودي | CO71: ذكر | CP71: 0 | CQ71: 0 | CR71: 0 | CS71: 0 | CT71: 0 | CU71: 0 | CV71: 0 | CW71: 0 | CX71: 0 | CY71: 0 | CZ71: 0 | DB71: 0 | DC71: سعودي | DD71: ذكر | DE71: 0 | DF71: 0 | DG71: 0 | DH71: 0 | DI71: 0 | DJ71: 0 | DK71: 0 | DL71: 0 | DM71: 0 | DN71: 0 | DO71: 0 | DQ71: 0 | DR71: سعودي | DS71: ذكر | DT71: 0 | DU71: 0 | DV71: 0 | DW71: 0 | DX71: 0 | DY71: 0 | DZ71: 0 | EA71: 0 | EB71: 0 | EC71: 0 | ED71: 0 | EF71: 0 | EG71: سعودي | EH71: ذكر | EI71: 0 | EJ71: 0 | EK71: 0 | EL71: 0 | EM71: 0 | EN71: 0 | EO71: 0 | EP71: 0 | EQ71: 0 | ER71: 0 | ES71: 0 | EU71: 0 | EV71: سعودي | EW71: ذكر | EX71: 0 | EY71: 0 | EZ71: 0 | FA71: 0 | FB71: 0 | FC71: 0 | FD71: 0 | FE71: 0 | FF71: 0 | FG71: 0 | FH71: 0 | FJ71: 0 | FK71: سعودي | FL71: ذكر | FM71: 0 | FN71: 0 | FO71: 0 | FP71: 0 | FQ71: 0 | FR71: 0 | FS71: 0 | FT71: 0 | FU71: 0 | FV71: 0 | FW71: 0 | FY71: =(FJ71) -> 0 | FZ71: سعودي | GA71: ذكر | GB71: =SUM(FM71) -> 0 | GC71: =(E71+T71+AI71+AX71+BM71+CB71+CQ71+DF71+DU71+EJ71+EY71+FN71) -> 0 | GD71: =(F71+U71+AJ71+AY71+BN71+CC71+CR71+DG71+DV71+EK71+EZ71+FO71) -> 0 | GE71: =SUM(FP71) -> 0 | GF71: =SUM(FQ71) -> 0 | GG71: =SUM(FR71) -> 0 | GH71: =(J71+Y71+AN71+BC71+BR71+CG71+CV71+DK71+DZ71+EO71+FD71+FS71) -> 0 | GI71: =(K71+Z71+AO71+BD71+BS71+CH71+CW71+DL71+EA71+EP71+FE71+FT71) -> 0 | GJ71: =(L71+AA71+AP71+BE71+BT71+CI71+CX71+DM71+EB71+EQ71+FF71+FU71) -> 0 | GK71: =(M71+AB71+AQ71+BF71+BU71+CJ71+CY71+DN71+EC71+ER71+FG71+FV71) -> 0 | GL71: =(N71+AC71+AR71+BG71+BV71+CK71+CZ71+DO71+ED71+ES71+FH71+FW71) -> 0
C72: أنثى | D72: 0 | E72: 0 | F72: 0 | G72: 0 | H72: 0 | I72: 0 | J72: 0 | K72: 0 | L72: 0 | M72: 0 | N72: 0 | R72: أنثى | S72: 0 | T72: 0 | U72: 0 | V72: 0 | W72: 0 | X72: 0 | Y72: 0 | Z72: 0 | AA72: 0 | AB72: 0 | AC72: 0 | AG72: أنثى | AH72: 0 | AI72: 0 | AJ72: 0 | AK72: 0 | AL72: 0 | AM72: 0 | AN72: 0 | AO72: 0 | AP72: 0 | AQ72: 0 | AR72: 0 | AV72: أنثى | AW72: 0 | AX72: 0 | AY72: 0 | AZ72: 0 | BA72: 0 | BB72: 0 | BC72: 0 | BD72: 0 | BE72: 0 | BF72: 0 | BG72: 0 | BK72: أنثى | BL72: 0 | BM72: 0 | BN72: 0 | BO72: 0 | BP72: 0 | BQ72: 0 | BR72: 0 | BS72: 0 | BT72: 0 | BU72: 0 | BV72: 0 | BZ72: أنثى | CA72: 0 | CB72: 0 | CC72: 0 | CD72: 0 | CE72: 0 | CF72: 0 | CG72: 0 | CH72: 0 | CI72: 0 | CJ72: 0 | CK72: 0 | CO72: أنثى | CP72: 0 | CQ72: 0 | CR72: 0 | CS72: 0 | CT72: 0 | CU72: 0 | CV72: 0 | CW72: 0 | CX72: 0 | CY72: 0 | CZ72: 0 | DD72: أنثى | DE72: 0 | DF72: 0 | DG72: 0 | DH72: 0 | DI72: 0 | DJ72: 0 | DK72: 0 | DL72: 0 | DM72: 0 | DN72: 0 | DO72: 0 | DS72: أنثى | DT72: 0 | DU72: 0 | DV72: 0 | DW72: 0 | DX72: 0 | DY72: 0 | DZ72: 0 | EA72: 0 | EB72: 0 | EC72: 0 | ED72: 0 | EH72: أنثى | EI72: 0 | EJ72: 0 | EK72: 0 | EL72: 0 | EM72: 0 | EN72: 0 | EO72: 0 | EP72: 0 | EQ72: 0 | ER72: 0 | ES72: 0 | EW72: أنثى | EX72: 0 | EY72: 0 | EZ72: 0 | FA72: 0 | FB72: 0 | FC72: 0 | FD72: 0 | FE72: 0 | FF72: 0 | FG72: 0 | FH72: 0 | FL72: أنثى | FM72: 0 | FN72: 0 | FO72: 0 | FP72: 0 | FQ72: 0 | FR72: 0 | FS72: 0 | FT72: 0 | FU72: 0 | FV72: 0 | FW72: 0 | GA72: أنثى | GB72: =SUM(FM72) -> 0 | GC72: =(E72+T72+AI72+AX72+BM72+CB72+CQ72+DF72+DU72+EJ72+EY72+FN72) -> 0 | GD72: =(F72+U72+AJ72+AY72+BN72+CC72+CR72+DG72+DV72+EK72+EZ72+FO72) -> 0 | GE72: =SUM(FP72) -> 0 | GF72: =SUM(FQ72) -> 0 | GG72: =SUM(FR72) -> 0 | GH72: =(J72+Y72+AN72+BC72+BR72+CG72+CV72+DK72+DZ72+EO72+FD72+FS72) -> 0 | GI72: =(K72+Z72+AO72+BD72+BS72+CH72+CW72+DL72+EA72+EP72+FE72+FT72) -> 0 | GJ72: =(L72+AA72+AP72+BE72+BT72+CI72+CX72+DM72+EB72+EQ72+FF72+FU72) -> 0 | GK72: =(M72+AB72+AQ72+BF72+BU72+CJ72+CY72+DN72+EC72+ER72+FG72+FV72) -> 0 | GL72: =(N72+AC72+AR72+BG72+BV72+CK72+CZ72+DO72+ED72+ES72+FH72+FW72) -> 0
B73: غير | C73: ذكر | D73: 0 | E73: 0 | F73: 0 | G73: 0 | H73: 0 | I73: 0 | J73: 0 | K73: 0 | L73: 0 | M73: 0 | N73: 0 | Q73: غير | R73: ذكر | S73: 0 | T73: 0 | U73: 0 | V73: 0 | W73: 0 | X73: 0 | Y73: 0 | Z73: 0 | AA73: 0 | AB73: 0 | AC73: 0 | AF73: غير | AG73: ذكر | AH73: 0 | AI73: 0 | AJ73: 0 | AK73: 0 | AL73: 0 | AM73: 0 | AN73: 0 | AO73: 0 | AP73: 0 | AQ73: 0 | AR73: 0 | AU73: غير | AV73: ذكر | AW73: 0 | AX73: 0 | AY73: 0 | AZ73: 0 | BA73: 0 | BB73: 0 | BC73: 0 | BD73: 0 | BE73: 0 | BF73: 0 | BG73: 0 | BJ73: غير | BK73: ذكر | BL73: 0 | BM73: 0 | BN73: 0 | BO73: 0 | BP73: 0 | BQ73: 0 | BR73: 0 | BS73: 0 | BT73: 0 | BU73: 0 | BV73: 0 | BY73: غير | BZ73: ذكر | CA73: 0 | CB73: 0 | CC73: 0 | CD73: 0 | CE73: 0 | CF73: 0 | CG73: 0 | CH73: 0 | CI73: 0 | CJ73: 0 | CK73: 0 | CN73: غير | CO73: ذكر | CP73: 0 | CQ73: 0 | CR73: 0 | CS73: 0 | CT73: 0 | CU73: 0 | CV73: 0 | CW73: 0 | CX73: 0 | CY73: 0 | CZ73: 0 | DC73: غير | DD73: ذكر | DE73: 0 | DF73: 0 | DG73: 0 | DH73: 0 | DI73: 0 | DJ73: 0 | DK73: 0 | DL73: 0 | DM73: 0 | DN73: 0 | DO73: 0 | DR73: غير | DS73: ذكر | DT73: 0 | DU73: 0 | DV73: 0 | DW73: 0 | DX73: 0 | DY73: 0 | DZ73: 0 | EA73: 0 | EB73: 0 | EC73: 0 | ED73: 0 | EG73: غير | EH73: ذكر | EI73: 0 | EJ73: 0 | EK73: 0 | EL73: 0 | EM73: 0 | EN73: 0 | EO73: 0 | EP73: 0 | EQ73: 0 | ER73: 0 | ES73: 0 | EV73: غير | EW73: ذكر | EX73: 0 | EY73: 0 | EZ73: 0 | FA73: 0 | FB73: 0 | FC73: 0 | FD73: 0 | FE73: 0 | FF73: 0 | FG73: 0 | FH73: 0 | FK73: غير | FL73: ذكر | FM73: 0 | FN73: 0 | FO73: 0 | FP73: 0 | FQ73: 0 | FR73: 0 | FS73: 0 | FT73: 0 | FU73: 0 | FV73: 0 | FW73: 0 | FZ73: غير | GA73: ذكر | GB73: =SUM(FM73) -> 0 | GC73: =(E73+T73+AI73+AX73+BM73+CB73+CQ73+DF73+DU73+EJ73+EY73+FN73) -> 0 | GD73: =(F73+U73+AJ73+AY73+BN73+CC73+CR73+DG73+DV73+EK73+EZ73+FO73) -> 0 | GE73: =SUM(FP73) -> 0 | GF73: =SUM(FQ73) -> 0 | GG73: =SUM(FR73) -> 0 | GH73: =(J73+Y73+AN73+BC73+BR73+CG73+CV73+DK73+DZ73+EO73+FD73+FS73) -> 0 | GI73: =(K73+Z73+AO73+BD73+BS73+CH73+CW73+DL73+EA73+EP73+FE73+FT73) -> 0 | GJ73: =(L73+AA73+AP73+BE73+BT73+CI73+CX73+DM73+EB73+EQ73+FF73+FU73) -> 0 | GK73: =(M73+AB73+AQ73+BF73+BU73+CJ73+CY73+DN73+EC73+ER73+FG73+FV73) -> 0 | GL73: =(N73+AC73+AR73+BG73+BV73+CK73+CZ73+DO73+ED73+ES73+FH73+FW73) -> 0
B74: سعودي | C74: أنثى | D74: 0 | E74: 0 | F74: 0 | G74: 0 | H74: 0 | I74: 0 | J74: 0 | K74: 0 | L74: 0 | M74: 0 | N74: 0 | Q74: سعودي | R74: أنثى | S74: 0 | T74: 0 | U74: 0 | V74: 0 | W74: 0 | X74: 0 | Y74: 0 | Z74: 0 | AA74: 0 | AB74: 0 | AC74: 0 | AF74: سعودي | AG74: أنثى | AH74: 0 | AI74: 0 | AJ74: 0 | AK74: 0 | AL74: 0 | AM74: 0 | AN74: 0 | AO74: 0 | AP74: 0 | AQ74: 0 | AR74: 0 | AU74: سعودي | AV74: أنثى | AW74: 0 | AX74: 0 | AY74: 0 | AZ74: 0 | BA74: 0 | BB74: 0 | BC74: 0 | BD74: 0 | BE74: 0 | BF74: 0 | BG74: 0 | BJ74: سعودي | BK74: أنثى | BL74: 0 | BM74: 0 | BN74: 0 | BO74: 0 | BP74: 0 | BQ74: 0 | BR74: 0 | BS74: 0 | BT74: 0 | BU74: 0 | BV74: 0 | BY74: سعودي | BZ74: أنثى | CA74: 0 | CB74: 0 | CC74: 0 | CD74: 0 | CE74: 0 | CF74: 0 | CG74: 0 | CH74: 0 | CI74: 0 | CJ74: 0 | CK74: 0 | CN74: سعودي | CO74: أنثى | CP74: 0 | CQ74: 0 | CR74: 0 | CS74: 0 | CT74: 0 | CU74: 0 | CV74: 0 | CW74: 0 | CX74: 0 | CY74: 0 | CZ74: 0 | DC74: سعودي | DD74: أنثى | DE74: 0 | DF74: 0 | DG74: 0 | DH74: 0 | DI74: 0 | DJ74: 0 | DK74: 0 | DL74: 0 | DM74: 0 | DN74: 0 | DO74: 0 | DR74: سعودي | DS74: أنثى | DT74: 0 | DU74: 0 | DV74: 0 | DW74: 0 | DX74: 0 | DY74: 0 | DZ74: 0 | EA74: 0 | EB74: 0 | EC74: 0 | ED74: 0 | EG74: سعودي | EH74: أنثى | EI74: 0 | EJ74: 0 | EK74: 0 | EL74: 0 | EM74: 0 | EN74: 0 | EO74: 0 | EP74: 0 | EQ74: 0 | ER74: 0 | ES74: 0 | EV74: سعودي | EW74: أنثى | EX74: 0 | EY74: 0 | EZ74: 0 | FA74: 0 | FB74: 0 | FC74: 0 | FD74: 0 | FE74: 0 | FF74: 0 | FG74: 0 | FH74: 0 | FK74: سعودي | FL74: أنثى | FM74: 0 | FN74: 0 | FO74: 0 | FP74: 0 | FQ74: 0 | FR74: 0 | FS74: 0 | FT74: 0 | FU74: 0 | FV74: 0 | FW74: 0 | FZ74: سعودي | GA74: أنثى | GB74: =SUM(FM74) -> 0 | GC74: =(E74+T74+AI74+AX74+BM74+CB74+CQ74+DF74+DU74+EJ74+EY74+FN74) -> 0 | GD74: =(F74+U74+AJ74+AY74+BN74+CC74+CR74+DG74+DV74+EK74+EZ74+FO74) -> 0 | GE74: =SUM(FP74) -> 0 | GF74: =SUM(FQ74) -> 0 | GG74: =SUM(FR74) -> 0 | GH74: =(J74+Y74+AN74+BC74+BR74+CG74+CV74+DK74+DZ74+EO74+FD74+FS74) -> 0 | GI74: =(K74+Z74+AO74+BD74+BS74+CH74+CW74+DL74+EA74+EP74+FE74+FT74) -> 0 | GJ74: =(L74+AA74+AP74+BE74+BT74+CI74+CX74+DM74+EB74+EQ74+FF74+FU74) -> 0 | GK74: =(M74+AB74+AQ74+BF74+BU74+CJ74+CY74+DN74+EC74+ER74+FG74+FV74) -> 0 | GL74: =(N74+AC74+AR74+BG74+BV74+CK74+CZ74+DO74+ED74+ES74+FH74+FW74) -> 0
B75: المجموع | D75: =SUM(D71:D74) -> 0 | E75: =SUM(E71:E74) -> 0 | F75: =SUM(F71:F74) -> 0 | G75: =SUM(G71:G74) -> 0 | H75: =SUM(H71:H74) -> 0 | I75: =SUM(I71:I74) -> 0 | J75: =SUM(J71:J74) -> 0 | K75: =SUM(K71:K74) -> 0 | ... N75: =SUM(N71:N74) -> 0 | Q75: المجموع | S75: =SUM(S71:S74) -> 0 | T75: =SUM(T71:T74) -> 0 | U75: =SUM(U71:U74) -> 0 | V75: =SUM(V71:V74) -> 0 | W75: =SUM(W71:W74) -> 0 | X75: =SUM(X71:X74) -> 0 | Y75: =SUM(Y71:Y74) -> 0 | Z75: =SUM(Z71:Z74) -> 0 | ... AC75: =SUM(AC71:AC74) -> 0 | AF75: المجموع | AH75: =SUM(AH71:AH74) -> 0 | AI75: =SUM(AI71:AI74) -> 0 | AJ75: =SUM(AJ71:AJ74) -> 0 | AK75: =SUM(AK71:AK74) -> 0 | AL75: =SUM(AL71:AL74) -> 0 | AM75: =SUM(AM71:AM74) -> 0 | AN75: =SUM(AN71:AN74) -> 0 | AO75: =SUM(AO71:AO74) -> 0 | ... AR75: =SUM(AR71:AR74) -> 0 | AU75: المجموع | AW75: =SUM(AW71:AW74) -> 0 | AX75: =SUM(AX71:AX74) -> 0 | AY75: =SUM(AY71:AY74) -> 0 | AZ75: =SUM(AZ71:AZ74) -> 0 | BA75: =SUM(BA71:BA74) -> 0 | BB75: =SUM(BB71:BB74) -> 0 | BC75: =SUM(BC71:BC74) -> 0 | BD75: =SUM(BD71:BD74) -> 0 | ... BG75: =SUM(BG71:BG74) -> 0 | BJ75: المجموع | BL75: =SUM(BL71:BL74) -> 0 | BM75: =SUM(BM71:BM74) -> 0 | BN75: =SUM(BN71:BN74) -> 0 | BO75: =SUM(BO71:BO74) -> 0 | BP75: =SUM(BP71:BP74) -> 0 | BQ75: =SUM(BQ71:BQ74) -> 0 | BR75: =SUM(BR71:BR74) -> 0 | BS75: =SUM(BS71:BS74) -> 0 | ... BV75: =SUM(BV71:BV74) -> 0 | BY75: المجموع | CA75: =SUM(CA71:CA74) -> 0 | CB75: =SUM(CB71:CB74) -> 0 | CC75: =SUM(CC71:CC74) -> 0 | CD75: =SUM(CD71:CD74) -> 0 | CE75: =SUM(CE71:CE74) -> 0 | CF75: =SUM(CF71:CF74) -> 0 | CG75: =SUM(CG71:CG74) -> 0 | CH75: =SUM(CH71:CH74) -> 0 | ... CK75: =SUM(CK71:CK74) -> 0 | CN75: المجموع | CP75: =SUM(CP71:CP74) -> 0 | CQ75: =SUM(CQ71:CQ74) -> 0 | CR75: =SUM(CR71:CR74) -> 0 | CS75: =SUM(CS71:CS74) -> 0 | CT75: =SUM(CT71:CT74) -> 0 | CU75: =SUM(CU71:CU74) -> 0 | CV75: =SUM(CV71:CV74) -> 0 | CW75: =SUM(CW71:CW74) -> 0 | ... CZ75: =SUM(CZ71:CZ74) -> 0 | DC75: المجموع | DE75: =SUM(DE71:DE74) -> 0 | DF75: =SUM(DF71:DF74) -> 0 | DG75: =SUM(DG71:DG74) -> 0 | DH75: =SUM(DH71:DH74) -> 0 | DI75: =SUM(DI71:DI74) -> 0 | DJ75: =SUM(DJ71:DJ74) -> 0 | DK75: =SUM(DK71:DK74) -> 0 | DL75: =SUM(DL71:DL74) -> 0 | ... DO75: =SUM(DO71:DO74) -> 0 | DR75: المجموع | DT75: =SUM(DT71:DT74) -> 0 | DU75: =SUM(DU71:DU74) -> 0 | DV75: =SUM(DV71:DV74) -> 0 | DW75: =SUM(DW71:DW74) -> 0 | DX75: =SUM(DX71:DX74) -> 0 | DY75: =SUM(DY71:DY74) -> 0 | DZ75: =SUM(DZ71:DZ74) -> 0 | EA75: =SUM(EA71:EA74) -> 0 | ... ED75: =SUM(ED71:ED74) -> 0 | EG75: المجموع | EI75: =SUM(EI71:EI74) -> 0 | EJ75: =SUM(EJ71:EJ74) -> 0 | EK75: =SUM(EK71:EK74) -> 0 | EL75: =SUM(EL71:EL74) -> 0 | EM75: =SUM(EM71:EM74) -> 0 | EN75: =SUM(EN71:EN74) -> 0 | EO75: =SUM(EO71:EO74) -> 0 | EP75: =SUM(EP71:EP74) -> 0 | ... ES75: =SUM(ES71:ES74) -> 0 | EV75: المجموع | EX75: =SUM(EX71:EX74) -> 0 | EY75: =SUM(EY71:EY74) -> 0 | EZ75: =SUM(EZ71:EZ74) -> 0 | FA75: =SUM(FA71:FA74) -> 0 | FB75: =SUM(FB71:FB74) -> 0 | FC75: =SUM(FC71:FC74) -> 0 | FD75: =SUM(FD71:FD74) -> 0 | FE75: =SUM(FE71:FE74) -> 0 | ... FH75: =SUM(FH71:FH74) -> 0 | FK75: المجموع | FM75: =SUM(FM71:FM74) -> 0 | FN75: =SUM(FN71:FN74) -> 0 | FO75: =SUM(FO71:FO74) -> 0 | FP75: =SUM(FP71:FP74) -> 0 | FQ75: =SUM(FQ71:FQ74) -> 0 | FR75: =SUM(FR71:FR74) -> 0 | FS75: =SUM(FS71:FS74) -> 0 | FT75: =SUM(FT71:FT74) -> 0 | ... FW75: =SUM(FW71:FW74) -> 0 | FZ75: المجموع | GB75: =SUM(GB71:GB74) -> 0 | GC75: =SUM(GC71:GC74) -> 0 | GD75: =SUM(GD71:GD74) -> 0 | GE75: =SUM(GE71:GE74) -> 0 | GF75: =SUM(GF71:GF74) -> 0 | GG75: =SUM(GG71:GG74) -> 0 | GH75: =SUM(GH71:GH74) -> 0 | GI75: =SUM(GI71:GI74) -> 0 | ... GL75: =SUM(GL71:GL74) -> 0
B76: عدد الأطفال الذين يقل وزنهم بالنسبة لعمرهم ( تحت المنطقة C في منحنى النمو خلال الشهر | K76: ذكر | L76: 0 | M76: أنثى | N76: 0 | Q76: عدد الأطفال الذين يقل وزنهم بالنسبة لعمرهم ( تحت المنطقة C في منحنى النمو خلال الشهر | Z76: ذكر | AA76: 0 | AB76: أنثى | AC76: 0 | AF76: عدد الأطفال الذين يقل وزنهم بالنسبة لعمرهم ( تحت المنطقة C في منحنى النمو خلال الشهر | AO76: ذكر | AP76: 0 | AQ76: أنثى | AR76: 0 | AU76: عدد الأطفال الذين يقل وزنهم بالنسبة لعمرهم ( تحت المنطقة C في منحنى النمو خلال الشهر | BD76: ذكر | BE76: 0 | BF76: أنثى | BG76: 0 | BJ76: عدد الأطفال الذين يقل وزنهم بالنسبة لعمرهم ( تحت المنطقة C في منحنى النمو خلال الشهر | BS76: ذكر | BT76: 0 | BU76: أنثى | BV76: 0 | BY76: عدد الأطفال الذين يقل وزنهم بالنسبة لعمرهم ( تحت المنطقة C في منحنى النمو خلال الشهر | CH76: ذكر | CI76: 0 | CJ76: أنثى | CK76: 0 | CN76: عدد الأطفال الذين يقل وزنهم بالنسبة لعمرهم ( تحت المنطقة C في منحنى النمو خلال الشهر | CW76: ذكر | CX76: 0 | CY76: أنثى | CZ76: 0 | DC76: عدد الأطفال الذين يقل وزنهم بالنسبة لعمرهم ( تحت المنطقة C في منحنى النمو خلال الشهر | DL76: ذكر | DM76: 0 | DN76: أنثى | DO76: 0 | DR76: عدد الأطفال الذين يقل وزنهم بالنسبة لعمرهم ( تحت المنطقة C في منحنى النمو خلال الشهر | EA76: ذكر | EB76: 0 | EC76: أنثى | ED76: 0 | EG76: عدد الأطفال الذين يقل وزنهم بالنسبة لعمرهم ( تحت المنطقة C في منحنى النمو خلال الشهر | EP76: ذكر | EQ76: 0 | ER76: أنثى | ES76: 0 | EV76: عدد الأطفال الذين يقل وزنهم بالنسبة لعمرهم ( تحت المنطقة C في منحنى النمو خلال الشهر | FE76: ذكر | FF76: 0 | FG76: أنثى | FH76: 0 | FK76: عدد الأطفال الذين يقل وزنهم بالنسبة لعمرهم ( تحت المنطقة C في منحنى النمو خلال الشهر | FT76: ذكر | FU76: 0 | FV76: أنثى | FW76: 0 | FZ76: عدد الأطفال الذين يقل وزنهم بالنسبة لعمرهم ( تحت المنطقة C في منحنى النمو خلال العام | GI76: ذكر | GJ76: =(L76+AA76+AP76+BE76+BT76+CI76+CX76+DM76+EB76+EQ76+FF76+FU76) -> 0 | GK76: أنثى | GL76: =(N76+AC76+AR76+BG76+BV76+CK76+CZ76+DO76+ED76+ES76+FH76+FW76) -> 0
A77: إجمالي مراكزمستشفى شرق جدة | E77: شهر | F77: =SUM(F2) -> 1 | G77: =SUM(H2) -> 1447 | H77: رعاية الطفولة | P77: إجمالي مراكزمستشفى شرق جدة | T77: شهر | U77: =SUM(U2) -> 2 | V77: =SUM(W2) -> 1447 | W77: رعاية الطفولة | AE77: إجمالي مراكزمستشفى شرق جدة | AI77: شهر | AJ77: =SUM(AJ2) -> 3 | AK77: =SUM(AL2) -> 1447 | AL77: رعاية الطفولة | AT77: إجمالي مراكزمستشفى شرق جدة | AX77: شهر | AY77: =SUM(AY2) -> 4 | AZ77: =SUM(BA2) -> 1447 | BA77: رعاية الطفولة | BI77: إجمالي مراكزمستشفى شرق جدة | BM77: شهر | BN77: =SUM(BN2) -> 5 | BO77: =SUM(BP2) -> 1447 | BP77: رعاية الطفولة | BX77: إجمالي مراكزمستشفى شرق جدة | CB77: شهر | CC77: =SUM(CC2) -> 6 | CD77: =SUM(CE2) -> 1447 | CE77: رعاية الطفولة | CM77: إجمالي مراكزمستشفى شرق جدة | CQ77: شهر | CR77: =SUM(CR2) -> 7 | CS77: =SUM(CT2) -> 1447 | CT77: رعاية الطفولة | DB77: إجمالي مراكزمستشفى شرق جدة | DF77: شهر | DG77: =SUM(DG2) -> 8 | DH77: =SUM(DI2) -> 1447 | DI77: رعاية الطفولة | DQ77: إجمالي مراكزمستشفى شرق جدة | DU77: شهر | DV77: =SUM(DV2) -> 9 | DW77: =SUM(DX2) -> 1447 | DX77: رعاية الطفولة | EF77: إجمالي مراكزمستشفى شرق جدة | EJ77: شهر | EK77: =SUM(EK2) -> 10 | EL77: =SUM(EM2) -> 1447 | EM77: رعاية الطفولة | EU77: إجمالي مراكزمستشفى شرق جدة | EY77: شهر | EZ77: =SUM(EZ2) -> 11 | FA77: =SUM(FB2) -> 1447 | FB77: رعاية الطفولة | FJ77: إجمالي مراكزمستشفى شرق جدة | FN77: شهر | FO77: =SUM(FO2) -> 12 | FP77: =SUM(FQ2) -> 1447 | FQ77: رعاية الطفولة | FY77: =(FJ77) -> إجمالي مراكزمستشفى شرق جدة | GD77: عام | GE77: =SUM(GF2) -> 1447 | GH77: رعاية الطفولة
A78: المركز الصحي | B78: الجنسية | C78: الجنس | D78: عدد الأطفال المسجلين أقل من عام | E78: التحصينات الأساسية | G78: عدد الأطفال المسجلين أقل من 5 أعوام | H78: عدد من رضعوا طبيعياً | I78: عدد المعرضين للخطر أقل من 5 سنوات | J78: زيارات عيادة الطفل السليم خلال الشهر | K78: وفيات الأطفال | P78: المركز الصحي | Q78: الجنسية | R78: الجنس | S78: عدد الأطفال المسجلين أقل من عام | T78: التحصينات الأساسية | V78: عدد الأطفال المسجلين أقل من 5 أعوام | W78: عدد من رضعوا طبيعياً | X78: عدد المعرضين للخطر أقل من 5 سنوات | Y78: زيارات عيادة الطفل السليم خلال الشهر | Z78: وفيات الأطفال | AE78: المركز الصحي | AF78: الجنسية | AG78: الجنس | AH78: عدد الأطفال المسجلين أقل من عام | AI78: التحصينات الأساسية | AK78: عدد الأطفال المسجلين أقل من 5 أعوام | AL78: عدد من رضعوا طبيعياً | AM78: عدد المعرضين للخطر أقل من 5 سنوات | AN78: زيارات عيادة الطفل السليم خلال الشهر | AO78: وفيات الأطفال | AT78: المركز الصحي | AU78: الجنسية | AV78: الجنس | AW78: عدد الأطفال المسجلين أقل من عام | AX78: التحصينات الأساسية | AZ78: عدد الأطفال المسجلين أقل من 5 أعوام | BA78: عدد من رضعوا طبيعياً | BB78: عدد المعرضين للخطر أقل من 5 سنوات | BC78: زيارات عيادة الطفل السليم خلال الشهر | BD78: وفيات الأطفال | BI78: المركز الصحي | BJ78: الجنسية | BK78: الجنس | BL78: عدد الأطفال المسجلين أقل من عام | BM78: التحصينات الأساسية | BO78: عدد الأطفال المسجلين أقل من 5 أعوام | BP78: عدد من رضعوا طبيعياً | BQ78: عدد المعرضين للخطر أقل من 5 سنوات | BR78: زيارات عيادة الطفل السليم خلال الشهر | BS78: وفيات الأطفال | BX78: المركز الصحي | BY78: الجنسية | BZ78: الجنس | CA78: عدد الأطفال المسجلين أقل من عام | CB78: التحصينات الأساسية | CD78: عدد الأطفال المسجلين أقل من 5 أعوام | CE78: عدد من رضعوا طبيعياً | CF78: عدد المعرضين للخطر أقل من 5 سنوات | CG78: زيارات عيادة الطفل السليم خلال الشهر | CH78: وفيات الأطفال | CM78: المركز الصحي | CN78: الجنسية | CO78: الجنس | CP78: عدد الأطفال المسجلين أقل من عام | CQ78: التحصينات الأساسية | CS78: عدد الأطفال المسجلين أقل من 5 أعوام | CT78: عدد من رضعوا طبيعياً | CU78: عدد المعرضين للخطر أقل من 5 سنوات | CV78: زيارات عيادة الطفل السليم خلال الشهر | CW78: وفيات الأطفال | DB78: المركز الصحي | DC78: الجنسية | DD78: الجنس | DE78: عدد الأطفال المسجلين أقل من عام | DF78: التحصينات الأساسية | DH78: عدد الأطفال المسجلين أقل من 5 أعوام | DI78: عدد من رضعوا طبيعياً | DJ78: عدد المعرضين للخطر أقل من 5 سنوات | DK78: زيارات عيادة الطفل السليم خلال الشهر | DL78: وفيات الأطفال | DQ78: المركز الصحي | DR78: الجنسية | DS78: الجنس | DT78: عدد الأطفال المسجلين أقل من عام | DU78: التحصينات الأساسية | DW78: عدد الأطفال المسجلين أقل من 5 أعوام | DX78: عدد من رضعوا طبيعياً | DY78: عدد المعرضين للخطر أقل من 5 سنوات | DZ78: زيارات عيادة الطفل السليم خلال الشهر | EA78: وفيات الأطفال | EF78: المركز الصحي | EG78: الجنسية | EH78: الجنس | EI78: عدد الأطفال المسجلين أقل من عام | EJ78: التحصينات الأساسية | EL78: عدد الأطفال المسجلين أقل من 5 أعوام | EM78: عدد من رضعوا طبيعياً | EN78: عدد المعرضين للخطر أقل من 5 سنوات | EO78: زيارات عيادة الطفل السليم خلال الشهر | EP78: وفيات الأطفال | EU78: المركز الصحي | EV78: الجنسية | EW78: الجنس | EX78: عدد الأطفال المسجلين أقل من عام | EY78: التحصينات الأساسية | FA78: عدد الأطفال المسجلين أقل من 5 أعوام | FB78: عدد من رضعوا طبيعياً | FC78: عدد المعرضين للخطر أقل من 5 سنوات | FD78: زيارات عيادة الطفل السليم خلال الشهر | FE78: وفيات الأطفال | FJ78: المركز الصحي | FK78: الجنسية | FL78: الجنس | FM78: عدد الأطفال المسجلين أقل من عام | FN78: التحصينات الأساسية | FP78: عدد الأطفال المسجلين أقل من 5 أعوام | FQ78: عدد من رضعوا طبيعياً | FR78: عدد المعرضين للخطر أقل من 5 سنوات | FS78: زيارات عيادة الطفل السليم خلال الشهر | FT78: وفيات الأطفال | FY78: المركز الصحي | FZ78: الجنسية | GA78: الجنس | GB78: عدد الأطفال المسجلين أقل من عام | GC78: التحصينات الأساسية | GE78: عدد الأطفال المسجلين أقل من 5 أعوام | GF78: عدد من رضعوا طبيعياً | GG78: عدد المعرضين للخطر أقل من 5 سنوات | GH78: زيارات عيادة الطفل السليم خلال الشهر | GI78: وفيات الأطفال
E79: أكلموا التحصينات الأساسية خلال الشهر | F79: بلغ عمرهم 15 شهراً ولم يكملوا التحصينات الأساسية | K79: من الولادة إلى أقل من 7 آيام | L79: من 7 أيام إلى أقل من شهر | M79: من شهر إلى أقل من عام | N79: من عام إلى أقل من 5 سنوات | T79: أكلموا التحصينات الأساسية خلال الشهر | U79: بلغ عمرهم 15 شهراً ولم يكملوا التحصينات الأساسية | Z79: من الولادة إلى أقل من 7 آيام | AA79: من 7 أيام إلى أقل من شهر | AB79: من شهر إلى أقل من عام | AC79: من عام إلى أقل من 5 سنوات | AI79: أكلموا التحصينات الأساسية خلال الشهر | AJ79: بلغ عمرهم 15 شهراً ولم يكملوا التحصينات الأساسية | AO79: من الولادة إلى أقل من 7 آيام | AP79: من 7 أيام إلى أقل من شهر | AQ79: من شهر إلى أقل من عام | AR79: من عام إلى أقل من 5 سنوات | AX79: أكلموا التحصينات الأساسية خلال الشهر | AY79: بلغ عمرهم 15 شهراً ولم يكملوا التحصينات الأساسية | BD79: من الولادة إلى أقل من 7 آيام | BE79: من 7 أيام إلى أقل من شهر | BF79: من شهر إلى أقل من عام | BG79: من عام إلى أقل من 5 سنوات | BM79: أكلموا التحصينات الأساسية خلال الشهر | BN79: بلغ عمرهم 15 شهراً ولم يكملوا التحصينات الأساسية | BS79: من الولادة إلى أقل من 7 آيام | BT79: من 7 أيام إلى أقل من شهر | BU79: من شهر إلى أقل من عام | BV79: من عام إلى أقل من 5 سنوات | CB79: أكلموا التحصينات الأساسية خلال الشهر | CC79: بلغ عمرهم 15 شهراً ولم يكملوا التحصينات الأساسية | CH79: من الولادة إلى أقل من 7 آيام | CI79: من 7 أيام إلى أقل من شهر | CJ79: من شهر إلى أقل من عام | CK79: من عام إلى أقل من 5 سنوات | CQ79: أكلموا التحصينات الأساسية خلال الشهر | CR79: بلغ عمرهم 15 شهراً ولم يكملوا التحصينات الأساسية | CW79: من الولادة إلى أقل من 7 آيام | CX79: من 7 أيام إلى أقل من شهر | CY79: من شهر إلى أقل من عام | CZ79: من عام إلى أقل من 5 سنوات | DF79: أكلموا التحصينات الأساسية خلال الشهر | DG79: بلغ عمرهم 15 شهراً ولم يكملوا التحصينات الأساسية | DL79: من الولادة إلى أقل من 7 آيام | DM79: من 7 أيام إلى أقل من شهر | DN79: من شهر إلى أقل من عام | DO79: من عام إلى أقل من 5 سنوات | DU79: أكلموا التحصينات الأساسية خلال الشهر | DV79: بلغ عمرهم 15 شهراً ولم يكملوا التحصينات الأساسية | EA79: من الولادة إلى أقل من 7 آيام | EB79: من 7 أيام إلى أقل من شهر | EC79: من شهر إلى أقل من عام | ED79: من عام إلى أقل من 5 سنوات | EJ79: أكلموا التحصينات الأساسية خلال الشهر | EK79: بلغ عمرهم 15 شهراً ولم يكملوا التحصينات الأساسية | EP79: من الولادة إلى أقل من 7 آيام | EQ79: من 7 أيام إلى أقل من شهر | ER79: من شهر إلى أقل من عام | ES79: من عام إلى أقل من 5 سنوات | EY79: أكلموا التحصينات الأساسية خلال الشهر | EZ79: بلغ عمرهم 15 شهراً ولم يكملوا التحصينات الأساسية | FE79: من الولادة إلى أقل من 7 آيام | FF79: من 7 أيام إلى أقل من شهر | FG79: من شهر إلى أقل من عام | FH79: من عام إلى أقل من 5 سنوات | FN79: أكلموا التحصينات الأساسية خلال الشهر | FO79: بلغ عمرهم 15 شهراً ولم يكملوا التحصينات الأساسية | FT79: من الولادة إلى أقل من 7 آيام | FU79: من 7 أيام إلى أقل من شهر | FV79: من شهر إلى أقل من عام | FW79: من عام إلى أقل من 5 سنوات | GC79: أكلموا التحصينات الأساسية خلال الشهر | GD79: بلغ عمرهم 15 شهراً ولم يكملوا التحصينات الأساسية | GI79: من الولادة إلى أقل من 7 آيام | GJ79: من 7 أيام إلى أقل من شهر | GK79: من شهر إلى أقل من عام | GL79: من عام إلى أقل من 5 سنوات
A80: إجمالي مراكزمستشفى شرق جدة | C80: ذكر | D80: =D5+D11+D17+D23+D29+D35+D41+D47+D53+D59+D65+D71 -> 168 | E80: =E5+E11+E17+E23+E29+E35+E41+E47+E53+E59+E65+E71 -> 10 | F80: =F5+F11+F17+F23+F29+F35+F41+F47+F53+F59+F65+F71 -> 4 | G80: =G5+G11+G17+G23+G29+G35+G41+G47+G53+G59+G65+G71 -> 2629 | H80: =H5+H11+H17+H23+H29+H35+H41+H47+H53+H59+H65+H71 -> 504 | I80: =I5+I11+I17+I23+I29+I35+I41+I47+I53+I59+I65+I71 -> 304 | J80: =J5+J11+J17+J23+J29+J35+J41+J47+J53+J59+J65+J71 -> 1307 | K80: =K5+K11+K17+K23+K29+K35+K41+K47+K53+K59+K65+K71 -> 0 | ... N80: =N5+N11+N17+N23+N29+N35+N41+N47+N53+N59+N65+N71 -> 0 | P80: إجمالي مراكزمستشفى شرق جدة | R80: ذكر | S80: =S5+S11+S17+S23+S29+S35+S41+S47+S53+S59+S65+S71 -> 339 | T80: =T5+T11+T17+T23+T29+T35+T41+T47+T53+T59+T65+T71 -> 123 | U80: =U5+U11+U17+U23+U29+U35+U41+U47+U53+U59+U65+U71 -> 10 | V80: =V5+V11+V17+V23+V29+V35+V41+V47+V53+V59+V65+V71 -> 2573 | W80: =W5+W11+W17+W23+W29+W35+W41+W47+W53+W59+W65+W71 -> 499 | X80: =X5+X11+X17+X23+X29+X35+X41+X47+X53+X59+X65+X71 -> 393 | Y80: =Y5+Y11+Y17+Y23+Y29+Y35+Y41+Y47+Y53+Y59+Y65+Y71 -> 1425 | Z80: =Z5+Z11+Z17+Z23+Z29+Z35+Z41+Z47+Z53+Z59+Z65+Z71 -> 51 | ... AC80: =AC5+AC11+AC17+AC23+AC29+AC35+AC41+AC47+AC53+AC59+AC65+AC71 -> 0 | AE80: إجمالي مراكزمستشفى شرق جدة | AG80: ذكر | AH80: =AH5+AH11+AH17+AH23+AH29+AH35+AH41+AH47+AH53+AH59+AH65+AH71 -> 100 | AI80: =AI5+AI11+AI17+AI23+AI29+AI35+AI41+AI47+AI53+AI59+AI65+AI71 -> 95 | AJ80: =AJ5+AJ11+AJ17+AJ23+AJ29+AJ35+AJ41+AJ47+AJ53+AJ59+AJ65+AJ71 -> 2 | AK80: =AK5+AK11+AK17+AK23+AK29+AK35+AK41+AK47+AK53+AK59+AK65+AK71 -> 2328 | AL80: =AL5+AL11+AL17+AL23+AL29+AL35+AL41+AL47+AL53+AL59+AL65+AL71 -> 397 | AM80: =AM5+AM11+AM17+AM23+AM29+AM35+AM41+AM47+AM53+AM59+AM65+AM71 -> 337 | AN80: =AN5+AN11+AN17+AN23+AN29+AN35+AN41+AN47+AN53+AN59+AN65+AN71 -> 1002 | AO80: =AO5+AO11+AO17+AO23+AO29+AO35+AO41+AO47+AO53+AO59+AO65+AO71 -> 0 | ... AR80: =AR5+AR11+AR17+AR23+AR29+AR35+AR41+AR47+AR53+AR59+AR65+AR71 -> 0 | AT80: إجمالي مراكزمستشفى شرق جدة | AV80: ذكر | AW80: =AW5+AW11+AW17+AW23+AW29+AW35+AW41+AW47+AW53+AW59+AW65+AW71 -> 231 | AX80: =AX5+AX11+AX17+AX23+AX29+AX35+AX41+AX47+AX53+AX59+AX65+AX71 -> 47 | AY80: =AY5+AY11+AY17+AY23+AY29+AY35+AY41+AY47+AY53+AY59+AY65+AY71 -> 7 | AZ80: =AZ5+AZ11+AZ17+AZ23+AZ29+AZ35+AZ41+AZ47+AZ53+AZ59+AZ65+AZ71 -> 1580 | BA80: =BA5+BA11+BA17+BA23+BA29+BA35+BA41+BA47+BA53+BA59+BA65+BA71 -> 344 | BB80: =BB5+BB11+BB17+BB23+BB29+BB35+BB41+BB47+BB53+BB59+BB65+BB71 -> 218 | BC80: =BC5+BC11+BC17+BC23+BC29+BC35+BC41+BC47+BC53+BC59+BC65+BC71 -> 701 | BD80: =BD5+BD11+BD17+BD23+BD29+BD35+BD41+BD47+BD53+BD59+BD65+BD71 -> 0 | ... BG80: =BG5+BG11+BG17+BG23+BG29+BG35+BG41+BG47+BG53+BG59+BG65+BG71 -> 0 | BI80: إجمالي مراكزمستشفى شرق جدة | BK80: ذكر | BL80: =BL5+BL11+BL17+BL23+BL29+BL35+BL41+BL47+BL53+BL59+BL65+BL71 -> 231 | BM80: =BM5+BM11+BM17+BM23+BM29+BM35+BM41+BM47+BM53+BM59+BM65+BM71 -> 47 | BN80: =BN5+BN11+BN17+BN23+BN29+BN35+BN41+BN47+BN53+BN59+BN65+BN71 -> 7 | BO80: =BO5+BO11+BO17+BO23+BO29+BO35+BO41+BO47+BO53+BO59+BO65+BO71 -> 1580 | BP80: =BP5+BP11+BP17+BP23+BP29+BP35+BP41+BP47+BP53+BP59+BP65+BP71 -> 343 | BQ80: =BQ5+BQ11+BQ17+BQ23+BQ29+BQ35+BQ41+BQ47+BQ53+BQ59+BQ65+BQ71 -> 218 | BR80: =BR5+BR11+BR17+BR23+BR29+BR35+BR41+BR47+BR53+BR59+BR65+BR71 -> 792 | BS80: =BS5+BS11+BS17+BS23+BS29+BS35+BS41+BS47+BS53+BS59+BS65+BS71 -> 0 | ... BV80: =BV5+BV11+BV17+BV23+BV29+BV35+BV41+BV47+BV53+BV59+BV65+BV71 -> 0 | BX80: إجمالي مراكزمستشفى شرق جدة | BZ80: ذكر | CA80: =CA5+CA11+CA17+CA23+CA29+CA35+CA41+CA47+CA53+CA59+CA65+CA71 -> 232 | CB80: =CB5+CB11+CB17+CB23+CB29+CB35+CB41+CB47+CB53+CB59+CB65+CB71 -> 44 | CC80: =CC5+CC11+CC17+CC23+CC29+CC35+CC41+CC47+CC53+CC59+CC65+CC71 -> 0 | CD80: =CD5+CD11+CD17+CD23+CD29+CD35+CD41+CD47+CD53+CD59+CD65+CD71 -> 1419 | CE80: =CE5+CE11+CE17+CE23+CE29+CE35+CE41+CE47+CE53+CE59+CE65+CE71 -> 324 | CF80: =CF5+CF11+CF17+CF23+CF29+CF35+CF41+CF47+CF53+CF59+CF65+CF71 -> 163 | CG80: =CG5+CG11+CG17+CG23+CG29+CG35+CG41+CG47+CG53+CG59+CG65+CG71 -> 468 | CH80: =CH5+CH11+CH17+CH23+CH29+CH35+CH41+CH47+CH53+CH59+CH65+CH71 -> 0 | ... CK80: =CK5+CK11+CK17+CK23+CK29+CK35+CK41+CK47+CK53+CK59+CK65+CK71 -> 0 | CM80: إجمالي مراكزمستشفى شرق جدة | CO80: ذكر | CP80: =CP5+CP11+CP17+CP23+CP29+CP35+CP41+CP47+CP53+CP59+CP65+CP71 -> 66 | CQ80: =CQ5+CQ11+CQ17+CQ23+CQ29+CQ35+CQ41+CQ47+CQ53+CQ59+CQ65+CQ71 -> 33 | CR80: =CR5+CR11+CR17+CR23+CR29+CR35+CR41+CR47+CR53+CR59+CR65+CR71 -> 30 | CS80: =CS5+CS11+CS17+CS23+CS29+CS35+CS41+CS47+CS53+CS59+CS65+CS71 -> 2543 | CT80: =CT5+CT11+CT17+CT23+CT29+CT35+CT41+CT47+CT53+CT59+CT65+CT71 -> 529 | CU80: =CU5+CU11+CU17+CU23+CU29+CU35+CU41+CU47+CU53+CU59+CU65+CU71 -> 276 | CV80: =CV5+CV11+CV17+CV23+CV29+CV35+CV41+CV47+CV53+CV59+CV65+CV71 -> 1876 | CW80: =CW5+CW11+CW17+CW23+CW29+CW35+CW41+CW47+CW53+CW59+CW65+CW71 -> 0 | ... CZ80: =CZ5+CZ11+CZ17+CZ23+CZ29+CZ35+CZ41+CZ47+CZ53+CZ59+CZ65+CZ71 -> 0 | DB80: إجمالي مراكزمستشفى شرق جدة | DD80: ذكر | DE80: =DE5+DE11+DE17+DE23+DE29+DE35+DE41+DE47+DE53+DE59+DE65+DE71 -> 311 | DF80: =DF5+DF11+DF17+DF23+DF29+DF35+DF41+DF47+DF53+DF59+DF65+DF71 -> 73 | DG80: =DG5+DG11+DG17+DG23+DG29+DG35+DG41+DG47+DG53+DG59+DG65+DG71 -> 206 | DH80: =DH5+DH11+DH17+DH23+DH29+DH35+DH41+DH47+DH53+DH59+DH65+DH71 -> 2044 | DI80: =DI5+DI11+DI17+DI23+DI29+DI35+DI41+DI47+DI53+DI59+DI65+DI71 -> 40 | DJ80: =DJ5+DJ11+DJ17+DJ23+DJ29+DJ35+DJ41+DJ47+DJ53+DJ59+DJ65+DJ71 -> 84 | DK80: =DK5+DK11+DK17+DK23+DK29+DK35+DK41+DK47+DK53+DK59+DK65+DK71 -> 569 | DL80: =DL5+DL11+DL17+DL23+DL29+DL35+DL41+DL47+DL53+DL59+DL65+DL71 -> 99 | ... DO80: =DO5+DO11+DO17+DO23+DO29+DO35+DO41+DO47+DO53+DO59+DO65+DO71 -> 0 | DQ80: إجمالي مراكزمستشفى شرق جدة | DS80: ذكر | DT80: =DT5+DT11+DT17+DT23+DT29+DT35+DT41+DT47+DT53+DT59+DT65+DT71 -> 369 | DU80: =DU5+DU11+DU17+DU23+DU29+DU35+DU41+DU47+DU53+DU59+DU65+DU71 -> 103 | DV80: =DV5+DV11+DV17+DV23+DV29+DV35+DV41+DV47+DV53+DV59+DV65+DV71 -> 53 | DW80: =DW5+DW11+DW17+DW23+DW29+DW35+DW41+DW47+DW53+DW59+DW65+DW71 -> 4761 | DX80: =DX5+DX11+DX17+DX23+DX29+DX35+DX41+DX47+DX53+DX59+DX65+DX71 -> 201 | DY80: =DY5+DY11+DY17+DY23+DY29+DY35+DY41+DY47+DY53+DY59+DY65+DY71 -> 254 | DZ80: =DZ5+DZ11+DZ17+DZ23+DZ29+DZ35+DZ41+DZ47+DZ53+DZ59+DZ65+DZ71 -> 541 | EA80: =EA5+EA11+EA17+EA23+EA29+EA35+EA41+EA47+EA53+EA59+EA65+EA71 -> 0 | ... ED80: =ED5+ED11+ED17+ED23+ED29+ED35+ED41+ED47+ED53+ED59+ED65+ED71 -> 0 | EF80: إجمالي مراكزمستشفى شرق جدة | EH80: ذكر | EI80: =EI5+EI11+EI17+EI23+EI29+EI35+EI41+EI47+EI53+EI59+EI65+EI71 -> 354 | EJ80: =EJ5+EJ11+EJ17+EJ23+EJ29+EJ35+EJ41+EJ47+EJ53+EJ59+EJ65+EJ71 -> 97 | EK80: =EK5+EK11+EK17+EK23+EK29+EK35+EK41+EK47+EK53+EK59+EK65+EK71 -> 53 | EL80: =EL5+EL11+EL17+EL23+EL29+EL35+EL41+EL47+EL53+EL59+EL65+EL71 -> 4488 | EM80: =EM5+EM11+EM17+EM23+EM29+EM35+EM41+EM47+EM53+EM59+EM65+EM71 -> 196 | EN80: =EN5+EN11+EN17+EN23+EN29+EN35+EN41+EN47+EN53+EN59+EN65+EN71 -> 254 | EO80: =EO5+EO11+EO17+EO23+EO29+EO35+EO41+EO47+EO53+EO59+EO65+EO71 -> 2052 | EP80: =EP5+EP11+EP17+EP23+EP29+EP35+EP41+EP47+EP53+EP59+EP65+EP71 -> 0 | ... ES80: =ES5+ES11+ES17+ES23+ES29+ES35+ES41+ES47+ES53+ES59+ES65+ES71 -> 0 | EU80: إجمالي مراكزمستشفى شرق جدة | EW80: ذكر | EX80: =EX5+EX11+EX17+EX23+EX29+EX35+EX41+EX47+EX53+EX59+EX65+EX71 -> 0 | EY80: =EY5+EY11+EY17+EY23+EY29+EY35+EY41+EY47+EY53+EY59+EY65+EY71 -> 0 | EZ80: =EZ5+EZ11+EZ17+EZ23+EZ29+EZ35+EZ41+EZ47+EZ53+EZ59+EZ65+EZ71 -> 0 | FA80: =FA5+FA11+FA17+FA23+FA29+FA35+FA41+FA47+FA53+FA59+FA65+FA71 -> 0 | FB80: =FB5+FB11+FB17+FB23+FB29+FB35+FB41+FB47+FB53+FB59+FB65+FB71 -> 0 | FC80: =FC5+FC11+FC17+FC23+FC29+FC35+FC41+FC47+FC53+FC59+FC65+FC71 -> 0 | FD80: =FD5+FD11+FD17+FD23+FD29+FD35+FD41+FD47+FD53+FD59+FD65+FD71 -> 0 | FE80: =FE5+FE11+FE17+FE23+FE29+FE35+FE41+FE47+FE53+FE59+FE65+FE71 -> 0 | ... FH80: =FH5+FH11+FH17+FH23+FH29+FH35+FH41+FH47+FH53+FH59+FH65+FH71 -> 0 | FJ80: إجمالي مراكزمستشفى شرق جدة | FL80: ذكر | FM80: =FM5+FM11+FM17+FM23+FM29+FM35+FM41+FM47+FM53+FM59+FM65+FM71 -> 0 | FN80: =FN5+FN11+FN17+FN23+FN29+FN35+FN41+FN47+FN53+FN59+FN65+FN71 -> 0 | FO80: =FO5+FO11+FO17+FO23+FO29+FO35+FO41+FO47+FO53+FO59+FO65+FO71 -> 0 | FP80: =FP5+FP11+FP17+FP23+FP29+FP35+FP41+FP47+FP53+FP59+FP65+FP71 -> 0 | FQ80: =FQ5+FQ11+FQ17+FQ23+FQ29+FQ35+FQ41+FQ47+FQ53+FQ59+FQ65+FQ71 -> 0 | FR80: =FR5+FR11+FR17+FR23+FR29+FR35+FR41+FR47+FR53+FR59+FR65+FR71 -> 0 | FS80: =FS5+FS11+FS17+FS23+FS29+FS35+FS41+FS47+FS53+FS59+FS65+FS71 -> 0 | FT80: =FT5+FT11+FT17+FT23+FT29+FT35+FT41+FT47+FT53+FT59+FT65+FT71 -> 0 | ... FW80: =FW5+FW11+FW17+FW23+FW29+FW35+FW41+FW47+FW53+FW59+FW65+FW71 -> 0 | FY80: =(FJ80) -> إجمالي مراكزمستشفى شرق جدة | FZ80: سعودي | GA80: ذكر | GB80: =SUM(FM80) -> 0 | GC80: =GC5+GC11+GC17+GC23+GC29+GC35+GC41+GC47+GC53+GC59+GC65+GC71 -> 672 | GD80: =GD5+GD11+GD17+GD23+GD29+GD35+GD41+GD47+GD53+GD59+GD65+GD71 -> 372 | GE80: =GE5+GE11+GE17+GE23+GE29+GE35+GE41+GE47+GE53+GE59+GE65+GE71 -> 0 | GF80: =GF5+GF11+GF17+GF23+GF29+GF35+GF41+GF47+GF53+GF59+GF65+GF71 -> 0 | GG80: =GG5+GG11+GG17+GG23+GG29+GG35+GG41+GG47+GG53+GG59+GG65+GG71 -> 0 | GH80: =GH5+GH11+GH17+GH23+GH29+GH35+GH41+GH47+GH53+GH59+GH65+GH71 -> 10733 | GI80: =GI5+GI11+GI17+GI23+GI29+GI35+GI41+GI47+GI53+GI59+GI65+GI71 -> 150 | GJ80: =GJ5+GJ11+GJ17+GJ23+GJ29+GJ35+GJ41+GJ47+GJ53+GJ59+GJ65+GJ71 -> 160 | ... GL80: =GL5+GL11+GL17+GL23+GL29+GL35+GL41+GL47+GL53+GL59+GL65+GL71 -> 0
