Workbook

Sheet الأمراض المزمنة
F2: شهر | G2: 1 | H2: عام | I2: 1447 | N2: مراجعي الأمراض المزمنة | V2: شهر | W2: 2 | X2: عام | Y2: 1447 | AD2: مراجعي الأمراض المزمنة | AL2: شهر | AM2: 3 | AN2: عام | AO2: 1447 | AT2: مراجعي الأمراض المزمنة | BB2: شهر | BC2: 4 | BD2: عام | BE2: 1447 | BJ2: مراجعي الأمراض المزمنة | BR2: شهر | BS2: 5 | BT2: عام | BU2: 1447 | BZ2: مراجعي الأمراض المزمنة | CH2: شهر | CI2: 6 | CJ2: عام | CK2: 1447 | CP2: مراجعي الأمراض المزمنة | CX2: شهر | CY2: 7 | CZ2: عام | DA2: 1447 | DF2: مراجعي الأمراض المزمنة | DN2: شهر | DO2: 8 | DP2: عام | DQ2: 1447 | DV2: مراجعي الأمراض المزمنة | ED2: شهر | EE2: 9 | EF2: عام | EG2: 1447 | EL2: مراجعي الأمراض المزمنة | ET2: شهر | EU2: 10 | EV2: عام | EW2: 1447 | FB2: مراجعي الأمراض المزمنة | FJ2: شهر | FK2: 11 | FL2: عام | FM2: 1447 | FR2: مراجعي الأمراض المزمنة | FZ2: شهر | GA2: 12 | GB2: عام | GC2: 1447 | GH2: مراجعي الأمراض المزمنة | GS2: عام | GT2: =SUM(GC2) -> 1447 | GX2: مراجعي الأمراض المزمنة
A3: المركز الصحي | B3: الجنسية | C3: الجنس | D3: مرضى السكري | H3: مرضى ضغط الدم | L3: مرضى الربو | Q3: المركز الصحي | R3: الجنسية | S3: الجنس | T3: مرضى السكري | X3: مرضى ضغط الدم | AB3: مرضى الربو | AG3: المركز الصحي | AH3: الجنسية | AI3: الجنس | AJ3: مرضى السكري | AN3: مرضى ضغط الدم | AR3: مرضى الربو | AW3: المركز الصحي | AX3: الجنسية | AY3: الجنس | AZ3: مرضى السكري | BD3: مرضى ضغط الدم | BH3: مرضى الربو | BM3: المركز الصحي | BN3: الجنسية | BO3: الجنس | BP3: مرضى السكري | BT3: مرضى ضغط الدم | BX3: مرضى الربو | CC3: المركز الصحي | CD3: الجنسية | CE3: الجنس | CF3: مرضى السكري | CJ3: مرضى ضغط الدم | CN3: مرضى الربو | CS3: المركز الصحي | CT3: الجنسية | CU3: الجنس | CV3: مرضى السكري | CZ3: مرضى ضغط الدم | DD3: مرضى الربو | DI3: المركز الصحي | DJ3: الجنسية | DK3: الجنس | DL3: مرضى السكري | DP3: مرضى ضغط الدم | DT3: مرضى الربو | DY3: المركز الصحي | DZ3: الجنسية | EA3: الجنس | EB3: مرضى السكري | EF3: مرضى ضغط الدم | EJ3: مرضى الربو | EO3: المركز الصحي | EP3: الجنسية | EQ3: الجنس | ER3: مرضى السكري | EV3: مرضى ضغط الدم | EZ3: مرضى الربو | FE3: المركز الصحي | FF3: الجنسية | FG3: الجنس | FH3: مرضى السكري | FL3: مرضى ضغط الدم | FP3: مرضى الربو | FU3: المركز الصحي | FV3: الجنسية | FW3: الجنس | FX3: مرضى السكري | GB3: مرضى ضغط الدم | GF3: مرضى الربو | GK3: المركز الصحي | GL3: الجنسية | GM3: الجنس | GN3: مرضى السكري | GR3: مرضى ضغط الدم | GV3: مرضى الربو
D4: المسجلين | E4: الجدد | F4: المحالين | G4: عدد الزيارات خلال الشهر | H4: المسجلين | I4: الجدد | J4: المحالين | K4: عدد الزيارات خلال الشهر | L4: المسجلين | M4: الجدد | N4: المحالين | O4: عدد الزيارات خلال الشهر | T4: المسجلين | U4: الجدد | V4: المحالين | W4: عدد الزيارات خلال الشهر | X4: المسجلين | Y4: الجدد | Z4: المحالين | AA4: عدد الزيارات خلال الشهر | AB4: المسجلين | AC4: الجدد | AD4: المحالين | AE4: عدد الزيارات خلال الشهر | AJ4: المسجلين | AK4: الجدد | AL4: المحالين | AM4: عدد الزيارات خلال الشهر | AN4: المسجلين | AO4: الجدد | AP4: المحالين | AQ4: عدد الزيارات خلال الشهر | AR4: المسجلين | AS4: الجدد | AT4: المحالين | AU4: عدد الزيارات خلال الشهر | AZ4: المسجلين | BA4: الجدد | BB4: المحالين | BC4: عدد الزيارات خلال الشهر | BD4: المسجلين | BE4: الجدد | BF4: المحالين | BG4: عدد الزيارات خلال الشهر | BH4: المسجلين | BI4: الجدد | BJ4: المحالين | BK4: عدد الزيارات خلال الشهر | BP4: المسجلين | BQ4: الجدد | BR4: المحالين | BS4: عدد الزيارات خلال الشهر | BT4: المسجلين | BU4: الجدد | BV4: المحالين | BW4: عدد الزيارات خلال الشهر | BX4: المسجلين | BY4: الجدد | BZ4: المحالين | CA4: عدد الزيارات خلال الشهر | CF4: المسجلين | CG4: الجدد | CH4: المحالين | CI4: عدد الزيارات خلال الشهر | CJ4: المسجلين | CK4: الجدد | CL4: المحالين | CM4: عدد الزيارات خلال الشهر | CN4: المسجلين | CO4: الجدد | CP4: المحالين | CQ4: عدد الزيارات خلال الشهر | CV4: المسجلين | CW4: الجدد | CX4: المحالين | CY4: عدد الزيارات خلال الشهر | CZ4: المسجلين | DA4: الجدد | DB4: المحالين | DC4: عدد الزيارات خلال الشهر | DD4: المسجلين | DE4: الجدد | DF4: المحالين | DG4: عدد الزيارات خلال الشهر | DL4: المسجلين | DM4: الجدد | DN4: المحالين | DO4: عدد الزيارات خلال الشهر | DP4: المسجلين | DQ4: الجدد | DR4: المحالين | DS4: عدد الزيارات خلال الشهر | DT4: المسجلين | DU4: الجدد | DV4: المحالين | DW4: عدد الزيارات خلال الشهر | EB4: المسجلين | EC4: الجدد | ED4: المحالين | EE4: عدد الزيارات خلال الشهر | EF4: المسجلين | EG4: الجدد | EH4: المحالين | EI4: عدد الزيارات خلال الشهر | EJ4: المسجلين | EK4: الجدد | EL4: المحالين | EM4: عدد الزيارات خلال الشهر | ER4: المسجلين | ES4: الجدد | ET4: المحالين | EU4: عدد الزيارات خلال الشهر | EV4: المسجلين | EW4: الجدد | EX4: المحالين | EY4: عدد الزيارات خلال الشهر | EZ4: المسجلين | FA4: الجدد | FB4: المحالين | FC4: عدد الزيارات خلال الشهر | FH4: المسجلين | FI4: الجدد | FJ4: المحالين | FK4: عدد الزيارات خلال الشهر | FL4: المسجلين | FM4: الجدد | FN4: المحالين | FO4: عدد الزيارات خلال الشهر | FP4: المسجلين | FQ4: الجدد | FR4: المحالين | FS4: عدد الزيارات خلال الشهر | FX4: المسجلين | FY4: الجدد | FZ4: المحالين | GA4: عدد الزيارات خلال الشهر | GB4: المسجلين | GC4: الجدد | GD4: المحالين | GE4: عدد الزيارات خلال الشهر | GF4: المسجلين | GG4: الجدد | GH4: المحالين | GI4: عدد الزيارات خلال الشهر | GN4: المسجلين | GO4: الجدد | GP4: المحالين | GQ4: عدد الزيارات خلال العام | GR4: المسجلين | GS4: الجدد | GT4: المحالين | GU4: عدد الزيارات خلال العام | GV4: المسجلين | GW4: الجدد | GX4: المحالين | GY4: عدد الزيارات خلال العام
A5: الربيع والتوفيق | C5: ذكر | D5: 270 | E5: 2 | F5: 0 | G5: 150 | H5: 324 | I5: 0 | J5: 0 | K5: 100 | L5: 4 | M5: 0 | N5: 0 | O5: 0 | Q5: الربيع والتوفيق | S5: ذكر | T5: 275 | U5: 2 | V5: 11 | W5: 145 | X5: 239 | Y5: 3 | Z5: 11 | AA5: 108 | AB5: 28 | AC5: 0 | AD5: 0 | AE5: 2 | AG5: الربيع والتوفيق | AI5: ذكر | AJ5: 289 | AK5: 2 | AL5: 7 | AM5: 156 | AN5: 249 | AO5: 1 | AP5: 7 | AQ5: 143 | AR5: 28 | AS5: 0 | AT5: 0 | AU5: 2 | AW5: الربيع والتوفيق | AY5: ذكر | AZ5: 285 | BA5: 2 | BB5: 10 | BC5: 169 | BD5: 248 | BE5: 0 | BF5: 6 | BG5: 110 | BH5: 28 | BI5: 0 | BJ5: 0 | BK5: 0 | BM5: الربيع والتوفيق | BO5: ذكر | BP5: 289 | BQ5: 3 | BR5: 11 | BS5: 46 | BT5: 248 | BU5: 1501 | BV5: 9 | BW5: 33 | BX5: 28 | BY5: 1 | BZ5: 0 | CA5: 0 | CC5: الربيع والتوفيق | CE5: ذكر | CF5: 0 | CG5: 0 | CH5: 0 | CI5: 0 | CJ5: 0 | CK5: 0 | CL5: 0 | CM5: 0 | CN5: 0 | CO5: 0 | CP5: 0 | CQ5: 0 | CS5: الربيع والتوفيق | CU5: ذكر | CV5: 272 | CW5: 3 | CX5: 18 | CY5: 191 | CZ5: 237 | DA5: 2 | DB5: 16 | DC5: 101 | DD5: 4 | DE5: 1 | DF5: 0 | DG5: 2 | DI5: الربيع والتوفيق | DK5: ذكر | DL5: 289 | DM5: 1 | DN5: 5 | DO5: 88 | DP5: 284 | DQ5: 0 | DR5: 5 | DS5: 85 | DT5: 28 | DU5: 0 | DV5: 0 | DW5: 0 | DY5: الربيع والتوفيق | EA5: ذكر | EB5: 387 | EC5: 4 | ED5: 9 | EE5: 199 | EF5: 301 | EG5: 1 | EH5: 19 | EI5: 269 | EJ5: 7 | EK5: 0 | EL5: 0 | EM5: 1 | EO5: الربيع والتوفيق | EQ5: ذكر | ER5: 387 | ES5: 4 | ET5: 9 | EU5: 66 | EV5: 301 | EW5: 1 | EX5: 19 | EY5: 69 | EZ5: 7 | FA5: 0 | FB5: 0 | FC5: 0 | FE5: الربيع والتوفيق | FG5: ذكر | FH5: 0 | FI5: 0 | FJ5: 0 | FK5: 0 | FL5: 0 | FM5: 0 | FN5: 0 | FO5: 0 | FP5: 0 | FQ5: 0 | FR5: 0 | FS5: 0 | FU5: الربيع والتوفيق | FW5: ذكر | FX5: 0 | FY5: 0 | FZ5: 0 | GA5: 0 | GB5: 0 | GC5: 0 | GD5: 0 | GE5: 0 | GF5: 0 | GG5: 0 | GH5: 0 | GI5: 0 | GK5: =FU5 -> الربيع والتوفيق | GM5: ذكر | GN5: =FX5 -> 0 | GO5: =E5+U5+AK5+BA5+BQ5+CG5++CW5+DM5+EC5+ES5+FI5+FY5 -> 23 | GP5: =F5+V5+AL5+BB5+BR5+CH5++CX5+DN5+ED5+ET5+FJ5+FZ5 -> 80 | GQ5: =G5+W5+AM5+BC5+BS5+CI5++CY5+DO5+EE5+EU5+FK5+GA5 -> 1210 | GR5: =GB5 -> 0 | GS5: =I5+Y5+AO5+BE5+BU5+CK5++DA5+DQ5+EG5+EW5+FM5+GC5 -> 1509 | GT5: =J5+Z5+AP5+BF5+BV5+CL5++DB5+DR5+EH5+EX5+FN5+GD5 -> 92 | GU5: =K5+AA5+AQ5+BG5+BW5+CM5++DC5+DS5+EI5+EY5+FO5+GE5 -> 1018 | GV5: =GF5 -> 0 | GW5: =M5+AC5+AS5+BI5+BY5+CO5++DE5+DU5+EK5+FA5+FQ5+GG5 -> 2 | GX5: =N5+AD5+AT5+BJ5+BZ5+CP5++DF5+DV5+EL5+FB5+FR5+GH5 -> 0 | GY5: =O5+AE5+AU5+BK5+CA5+CQ5++DG5+DW5+EM5+FC5+FS5+GI5 -> 7
B6: سعودي | C6: أنثى | D6: 209 | E6: 3 | F6: 0 | G6: 120 | H6: 206 | I6: 0 | J6: 0 | K6: 80 | L6: 4 | M6: 0 | N6: 0 | O6: 0 | R6: سعودي | S6: أنثى | T6: 209 | U6: 0 | V6: 13 | W6: 177 | X6: 206 | Y6: 0 | Z6: 7 | AA6: 148 | AB6: 8 | AC6: 0 | AD6: 0 | AE6: 0 | AH6: سعودي | AI6: أنثى | AJ6: 217 | AK6: 1 | AL6: 8 | AM6: 97 | AN6: 209 | AO6: 0 | AP6: 5 | AQ6: 123 | AR6: 9 | AS6: 0 | AT6: 0 | AU6: 0 | AX6: سعودي | AY6: أنثى | AZ6: 214 | BA6: 2 | BB6: 9 | BC6: 155 | BD6: 208 | BE6: 1 | BF6: 0 | BG6: 133 | BH6: 8 | BI6: 1 | BJ6: 0 | BK6: 1 | BN6: سعودي | BO6: أنثى | BP6: 219 | BQ6: 2 | BR6: 10 | BS6: 56 | BT6: 208 | BU6: 1 | BV6: 6 | BW6: 29 | BX6: 8 | BY6: 0 | BZ6: 0 | CA6: 0 | CD6: سعودي | CE6: أنثى | CF6: 0 | CG6: 0 | CH6: 0 | CI6: 0 | CJ6: 0 | CK6: 0 | CL6: 0 | CM6: 0 | CN6: 0 | CO6: 0 | CP6: 0 | CQ6: 0 | CT6: سعودي | CU6: أنثى | CV6: 209 | CW6: 0 | CX6: 15 | CY6: 219 | CZ6: 206 | DA6: 0 | DB6: 11 | DC6: 94 | DD6: 3 | DE6: 1 | DF6: 0 | DG6: 0 | DJ6: سعودي | DK6: أنثى | DL6: 233 | DM6: 0 | DN6: 3 | DO6: 58 | DP6: 243 | DQ6: 0 | DR6: 4 | DS6: 67 | DT6: 8 | DU6: 0 | DV6: 0 | DW6: 0 | DZ6: سعودي | EA6: أنثى | EB6: 275 | EC6: 3 | ED6: 7 | EE6: 98 | EF6: 266 | EG6: 3 | EH6: 12 | EI6: 132 | EJ6: 13 | EK6: 0 | EL6: 0 | EM6: 0 | EP6: سعودي | EQ6: أنثى | ER6: 275 | ES6: 3 | ET6: 7 | EU6: 90 | EV6: 266 | EW6: 3 | EX6: 12 | EY6: 80 | EZ6: 13 | FA6: 0 | FB6: 0 | FC6: 0 | FF6: سعودي | FG6: أنثى | FH6: 0 | FI6: 0 | FJ6: 0 | FK6: 0 | FL6: 0 | FM6: 0 | FN6: 0 | FO6: 0 | FP6: 0 | FQ6: 0 | FR6: 0 | FS6: 0 | FV6: سعودي | FW6: أنثى | FX6: 0 | FY6: 0 | FZ6: 0 | GA6: 0 | GB6: 0 | GC6: 0 | GD6: 0 | GE6: 0 | GF6: 0 | GG6: 0 | GH6: 0 | GI6: 0 | GL6: سعودي | GM6: أنثى | GN6: =FX6 -> 0 | GO6: =E6+U6+AK6+BA6+BQ6+CG6++CW6+DM6+EC6+ES6+FI6+FY6 -> 14 | GP6: =F6+V6+AL6+BB6+BR6+CH6++CX6+DN6+ED6+ET6+FJ6+FZ6 -> 72 | GQ6: =G6+W6+AM6+BC6+BS6+CI6++CY6+DO6+EE6+EU6+FK6+GA6 -> 1070 | GR6: =GB6 -> 0 | GS6: =I6+Y6+AO6+BE6+BU6+CK6++DA6+DQ6+EG6+EW6+FM6+GC6 -> 8 | GT6: =J6+Z6+AP6+BF6+BV6+CL6++DB6+DR6+EH6+EX6+FN6+GD6 -> 57 | GU6: =K6+AA6+AQ6+BG6+BW6+CM6++DC6+DS6+EI6+EY6+FO6+GE6 -> 886 | GV6: =GF6 -> 0 | GW6: =M6+AC6+AS6+BI6+BY6+CO6++DE6+DU6+EK6+FA6+FQ6+GG6 -> 2 | GX6: =N6+AD6+AT6+BJ6+BZ6+CP6++DF6+DV6+EL6+FB6+FR6+GH6 -> 0 | GY6: =O6+AE6+AU6+BK6+CA6+CQ6++DG6+DW6+EM6+FC6+FS6+GI6 -> 1
B7: غير | C7: ذكر | D7: 0 | E7: 0 | F7: 0 | G7: 0 | H7: 0 | I7: 0 | J7: 0 | K7: 0 | L7: 0 | M7: 0 | N7: 0 | O7: 0 | R7: غير | S7: ذكر | T7: 177 | U7: 0 | V7: 0 | W7: 27 | X7: 114 | Y7: 0 | Z7: 0 | AA7: 19 | AB7: 3 | AC7: 0 | AD7: 0 | AE7: 0 | AH7: غير | AI7: ذكر | AJ7: 177 | AK7: 0 | AL7: 0 | AM7: 31 | AN7: 114 | AO7: 0 | AP7: 0 | AQ7: 12 | AR7: 3 | AS7: 0 | AT7: 0 | AU7: 0 | AX7: غير | AY7: ذكر | AZ7: 177 | BA7: 3 | BB7: 0 | BC7: 28 | BD7: 119 | BE7: 3 | BF7: 1 | BG7: 23 | BH7: 3 | BI7: 0 | BJ7: 0 | BK7: 0 | BN7: غير | BO7: ذكر | BP7: 177 | BQ7: 2 | BR7: 3 | BS7: 8 | BT7: 119 | BU7: 3 | BV7: 1 | BW7: 4 | BX7: 3 | BY7: 0 | BZ7: 0 | CA7: 0 | CD7: غير | CE7: ذكر | CF7: 0 | CG7: 0 | CH7: 0 | CI7: 0 | CJ7: 0 | CK7: 0 | CL7: 0 | CM7: 0 | CN7: 0 | CO7: 0 | CP7: 0 | CQ7: 0 | CT7: غير | CU7: ذكر | CV7: 177 | CW7: 0 | CX7: 0 | CY7: 16 | CZ7: 114 | DA7: 0 | DB7: 2 | DC7: 33 | DD7: 0 | DE7: 0 | DF7: 0 | DG7: 0 | DJ7: غير | DK7: ذكر | DL7: 86 | DM7: 0 | DN7: 0 | DO7: 22 | DP7: 67 | DQ7: 0 | DR7: 0 | DS7: 11 | DT7: 3 | DU7: 0 | DV7: 0 | DW7: 0 | DZ7: غير | EA7: ذكر | EB7: 27 | EC7: 0 | ED7: 0 | EE7: 53 | EF7: 16 | EG7: 0 | EH7: 0 | EI7: 0 | EJ7: 2 | EK7: 0 | EL7: 0 | EM7: 0 | EP7: غير | EQ7: ذكر | ER7: 27 | ES7: 0 | ET7: 0 | EU7: 50 | EV7: 16 | EW7: 0 | EX7: 0 | EY7: 0 | EZ7: 2 | FA7: 0 | FB7: 0 | FC7: 0 | FF7: غير | FG7: ذكر | FH7: 0 | FI7: 0 | FJ7: 0 | FK7: 0 | FL7: 0 | FM7: 0 | FN7: 0 | FO7: 0 | FP7: 0 | FQ7: 0 | FR7: 0 | FS7: 0 | FV7: غير | FW7: ذكر | FX7: 0 | FY7: 0 | FZ7: 0 | GA7: 0 | GB7: 0 | GC7: 0 | GD7: 0 | GE7: 0 | GF7: 0 | GG7: 0 | GH7: 0 | GI7: 0 | GL7: غير | GM7: ذكر | GN7: =FX7 -> 0 | GO7: =E7+U7+AK7+BA7+BQ7+CG7++CW7+DM7+EC7+ES7+FI7+FY7 -> 5 | GP7: =F7+V7+AL7+BB7+BR7+CH7++CX7+DN7+ED7+ET7+FJ7+FZ7 -> 3 | GQ7: =G7+W7+AM7+BC7+BS7+CI7++CY7+DO7+EE7+EU7+FK7+GA7 -> 235 | GR7: =GB7 -> 0 | GS7: =I7+Y7+AO7+BE7+BU7+CK7++DA7+DQ7+EG7+EW7+FM7+GC7 -> 6 | GT7: =J7+Z7+AP7+BF7+BV7+CL7++DB7+DR7+EH7+EX7+FN7+GD7 -> 4 | GU7: =K7+AA7+AQ7+BG7+BW7+CM7++DC7+DS7+EI7+EY7+FO7+GE7 -> 102 | GV7: =GF7 -> 0 | GW7: =M7+AC7+AS7+BI7+BY7+CO7++DE7+DU7+EK7+FA7+FQ7+GG7 -> 0 | GX7: =N7+AD7+AT7+BJ7+BZ7+CP7++DF7+DV7+EL7+FB7+FR7+GH7 -> 0 | GY7: =O7+AE7+AU7+BK7+CA7+CQ7++DG7+DW7+EM7+FC7+FS7+GI7 -> 0
B8: سعودي | C8: أنثى | D8: 0 | E8: 0 | F8: 0 | G8: 0 | H8: 0 | I8: 0 | J8: 0 | K8: 0 | L8: 0 | M8: 0 | N8: 0 | O8: 0 | R8: سعودي | S8: أنثى | T8: 90 | U8: 0 | V8: 0 | W8: 6 | X8: 77 | Y8: 0 | Z8: 0 | AA8: 4 | AB8: 1 | AC8: 0 | AD8: 0 | AE8: 0 | AH8: سعودي | AI8: أنثى | AJ8: 92 | AK8: 0 | AL8: 0 | AM8: 28 | AN8: 77 | AO8: 0 | AP8: 0 | AQ8: 8 | AR8: 2 | AS8: 0 | AT8: 0 | AU8: 0 | AX8: سعودي | AY8: أنثى | AZ8: 92 | BA8: 1 | BB8: 0 | BC8: 9 | BD8: 77 | BE8: 1 | BF8: 0 | BG8: 7 | BH8: 1 | BI8: 0 | BJ8: 0 | BK8: 0 | BN8: سعودي | BO8: أنثى | BP8: 92 | BQ8: 2 | BR8: 1 | BS8: 6 | BT8: 77 | BU8: 1 | BV8: 0 | BW8: 1 | BX8: 1 | BY8: 0 | BZ8: 0 | CA8: 0 | CD8: سعودي | CE8: أنثى | CF8: 0 | CG8: 0 | CH8: 0 | CI8: 0 | CJ8: 0 | CK8: 0 | CL8: 0 | CM8: 0 | CN8: 0 | CO8: 0 | CP8: 0 | CQ8: 0 | CT8: سعودي | CU8: أنثى | CV8: 90 | CW8: 0 | CX8: 1 | CY8: 14 | CZ8: 77 | DA8: 0 | DB8: 0 | DC8: 22 | DD8: 0 | DE8: 0 | DF8: 0 | DG8: 0 | DJ8: سعودي | DK8: أنثى | DL8: 67 | DM8: 0 | DN8: 0 | DO8: 18 | DP8: 57 | DQ8: 0 | DR8: 0 | DS8: 4 | DT8: 1 | DU8: 0 | DV8: 0 | DW8: 0 | DZ8: سعودي | EA8: أنثى | EB8: 186 | EC8: 0 | ED8: 0 | EE8: 48 | EF8: 15 | EG8: 0 | EH8: 0 | EI8: 0 | EJ8: 0 | EK8: 0 | EL8: 0 | EM8: 0 | EP8: سعودي | EQ8: أنثى | ER8: 186 | ES8: 0 | ET8: 0 | EU8: 30 | EV8: 15 | EW8: 0 | EX8: 0 | EY8: 0 | EZ8: 0 | FA8: 0 | FB8: 0 | FC8: 0 | FF8: سعودي | FG8: أنثى | FH8: 0 | FI8: 0 | FJ8: 0 | FK8: 0 | FL8: 0 | FM8: 0 | FN8: 0 | FO8: 0 | FP8: 0 | FQ8: 0 | FR8: 0 | FS8: 0 | FV8: سعودي | FW8: أنثى | FX8: 0 | FY8: 0 | FZ8: 0 | GA8: 0 | GB8: 0 | GC8: 0 | GD8: 0 | GE8: 0 | GF8: 0 | GG8: 0 | GH8: 0 | GI8: 0 | GL8: سعودي | GM8: أنثى | GN8: =FX8 -> 0 | GO8: =E8+U8+AK8+BA8+BQ8+CG8++CW8+DM8+EC8+ES8+FI8+FY8 -> 3 | GP8: =F8+V8+AL8+BB8+BR8+CH8++CX8+DN8+ED8+ET8+FJ8+FZ8 -> 2 | GQ8: =G8+W8+AM8+BC8+BS8+CI8++CY8+DO8+EE8+EU8+FK8+GA8 -> 159 | GR8: =GB8 -> 0 | GS8: =I8+Y8+AO8+BE8+BU8+CK8++DA8+DQ8+EG8+EW8+FM8+GC8 -> 2 | GT8: =J8+Z8+AP8+BF8+BV8+CL8++DB8+DR8+EH8+EX8+FN8+GD8 -> 0 | GU8: =K8+AA8+AQ8+BG8+BW8+CM8++DC8+DS8+EI8+EY8+FO8+GE8 -> 46 | GV8: =GF8 -> 0 | GW8: =M8+AC8+AS8+BI8+BY8+CO8++DE8+DU8+EK8+FA8+FQ8+GG8 -> 0 | GX8: =N8+AD8+AT8+BJ8+BZ8+CP8++DF8+DV8+EL8+FB8+FR8+GH8 -> 0 | GY8: =O8+AE8+AU8+BK8+CA8+CQ8++DG8+DW8+EM8+FC8+FS8+GI8 -> 0
B9: المجموع | D9: =SUM(D5:D8) -> 479 | E9: =SUM(E5:E8) -> 5 | F9: =SUM(F5:F8) -> 0 | G9: =SUM(G5:G8) -> 270 | H9: =SUM(H5:H8) -> 530 | I9: =SUM(I5:I8) -> 0 | J9: =SUM(J5:J8) -> 0 | K9: =SUM(K5:K8) -> 180 | ... O9: =SUM(O5:O8) -> 0 | R9: المجموع | T9: =SUM(T5:T8) -> 751 | U9: =SUM(U5:U8) -> 2 | V9: =SUM(V5:V8) -> 24 | W9: =SUM(W5:W8) -> 355 | X9: =SUM(X5:X8) -> 636 | Y9: =SUM(Y5:Y8) -> 3 | Z9: =SUM(Z5:Z8) -> 18 | AA9: =SUM(AA5:AA8) -> 279 | ... AE9: =SUM(AE5:AE8) -> 2 | AH9: المجموع | AJ9: 775 | AK9: 3 | AL9: 15 | AM9: 312 | AN9: 649 | AO9: 1 | AP9: 12 | AQ9: 286 | AR9: 42 | AS9: 0 | AT9: 0 | AU9: 2 | AX9: المجموع | AZ9: =SUM(AZ5:AZ8) -> 768 | BA9: =SUM(BA5:BA8) -> 8 | BB9: =SUM(BB5:BB8) -> 19 | BC9: =SUM(BC5:BC8) -> 361 | BD9: =SUM(BD5:BD8) -> 652 | BE9: =SUM(BE5:BE8) -> 5 | BF9: =SUM(BF5:BF8) -> 7 | BG9: =SUM(BG5:BG8) -> 273 | ... BK9: =SUM(BK5:BK8) -> 1 | BN9: المجموع | BP9: =SUM(BP5:BP8) -> 777 | BQ9: =SUM(BQ5:BQ8) -> 9 | BR9: =SUM(BR5:BR8) -> 25 | BS9: =SUM(BS5:BS8) -> 116 | BT9: =SUM(BT5:BT8) -> 652 | BU9: =SUM(BU5:BU8) -> 1506 | BV9: =SUM(BV5:BV8) -> 16 | BW9: =SUM(BW5:BW8) -> 67 | ... CA9: =SUM(CA5:CA8) -> 0 | CD9: المجموع | CF9: =SUM(CF5:CF8) -> 0 | CG9: =SUM(CG5:CG8) -> 0 | CH9: =SUM(CH5:CH8) -> 0 | CI9: =SUM(CI5:CI8) -> 0 | CJ9: =SUM(CJ5:CJ8) -> 0 | CK9: =SUM(CK5:CK8) -> 0 | CL9: =SUM(CL5:CL8) -> 0 | CM9: =SUM(CM5:CM8) -> 0 | ... CQ9: =SUM(CQ5:CQ8) -> 0 | CT9: المجموع | CV9: 748 | CW9: 3 | CX9: 34 | CY9: 440 | CZ9: 634 | DA9: 2 | DB9: 29 | DC9: 250 | DD9: 7 | DE9: 2 | DF9: 0 | DG9: 2 | DJ9: المجموع | DL9: =SUM(DL5:DL8) -> 675 | DM9: =SUM(DM5:DM8) -> 1 | DN9: =SUM(DN5:DN8) -> 8 | DO9: =SUM(DO5:DO8) -> 186 | DP9: =SUM(DP5:DP8) -> 651 | DQ9: =SUM(DQ5:DQ8) -> 0 | DR9: =SUM(DR5:DR8) -> 9 | DS9: =SUM(DS5:DS8) -> 167 | ... DW9: =SUM(DW5:DW8) -> 0 | DZ9: المجموع | EB9: =SUM(EB5:EB8) -> 875 | EC9: =SUM(EC5:EC8) -> 7 | ED9: =SUM(ED5:ED8) -> 16 | EE9: =SUM(EE5:EE8) -> 398 | EF9: =SUM(EF5:EF8) -> 598 | EG9: =SUM(EG5:EG8) -> 4 | EH9: =SUM(EH5:EH8) -> 31 | EI9: =SUM(EI5:EI8) -> 401 | ... EM9: =SUM(EM5:EM8) -> 1 | EP9: المجموع | ER9: =SUM(ER5:ER8) -> 875 | ES9: =SUM(ES5:ES8) -> 7 | ET9: =SUM(ET5:ET8) -> 16 | EU9: =SUM(EU5:EU8) -> 236 | EV9: =SUM(EV5:EV8) -> 598 | EW9: =SUM(EW5:EW8) -> 4 | EX9: =SUM(EX5:EX8) -> 31 | EY9: =SUM(EY5:EY8) -> 149 | ... FC9: =SUM(FC5:FC8) -> 0 | FF9: المجموع | FH9: =SUM(FH5:FH8) -> 0 | FI9: =SUM(FI5:FI8) -> 0 | FJ9: =SUM(FJ5:FJ8) -> 0 | FK9: =SUM(FK5:FK8) -> 0 | FL9: =SUM(FL5:FL8) -> 0 | FM9: =SUM(FM5:FM8) -> 0 | FN9: =SUM(FN5:FN8) -> 0 | FO9: =SUM(FO5:FO8) -> 0 | ... FS9: =SUM(FS5:FS8) -> 0 | FV9: المجموع | FX9: =SUM(FX5:FX8) -> 0 | FY9: =SUM(FY5:FY8) -> 0 | FZ9: =SUM(FZ5:FZ8) -> 0 | GA9: =SUM(GA5:GA8) -> 0 | GB9: =SUM(GB5:GB8) -> 0 | GC9: =SUM(GC5:GC8) -> 0 | GD9: =SUM(GD5:GD8) -> 0 | GE9: =SUM(GE5:GE8) -> 0 | ... GI9: =SUM(GI5:GI8) -> 0 | GL9: المجموع | GN9: =SUM(GN5:GN8) -> 0 | GO9: =SUM(GO5:GO8) -> 45 | GP9: =SUM(GP5:GP8) -> 157 | GQ9: =SUM(GQ5:GQ8) -> 2674 | GR9: =SUM(GR5:GR8) -> 0 | GS9: =SUM(GS5:GS8) -> 1525 | GT9: =SUM(GT5:GT8) -> 153 | GU9: =SUM(GU5:GU8) -> 2052 | ... GY9: =SUM(GY5:GY8) -> 8
B10: العدد المتوقع للمصابين : | E10: مرضى السكري | G10: 0 | I10: مرضى الضغط | K10: 0 | M10: م.الربو | N10: 0 | R10: العدد المتوقع للمصابين : | U10: مرضى السكري | W10: 0 | Y10: مرضى الضغط | AA10: 0 | AC10: م.الربو | AD10: 0 | AH10: العدد المتوقع للمصابين : | AK10: مرضى السكري | AM10: 0 | AO10: مرضى الضغط | AQ10: 0 | AS10: م.الربو | AT10: 0 | AX10: العدد المتوقع للمصابين : | BA10: مرضى السكري | BC10: 0 | BE10: مرضى الضغط | BG10: 0 | BI10: م.الربو | BJ10: 0 | BN10: العدد المتوقع للمصابين : | BQ10: مرضى السكري | BS10: 0 | BU10: مرضى الضغط | BW10: 0 | BY10: م.الربو | BZ10: 0 | CD10: العدد المتوقع للمصابين : | CG10: مرضى السكري | CI10: 0 | CK10: مرضى الضغط | CM10: 0 | CO10: م.الربو | CP10: 0 | CT10: العدد المتوقع للمصابين : | CW10: مرضى السكري | CY10: 0 | DA10: مرضى الضغط | DC10: 0 | DE10: م.الربو | DF10: 0 | DJ10: العدد المتوقع للمصابين : | DM10: مرضى السكري | DO10: 0 | DQ10: مرضى الضغط | DS10: 0 | DU10: م.الربو | DV10: 0 | DZ10: العدد المتوقع للمصابين : | EC10: مرضى السكري | EE10: 0 | EG10: مرضى الضغط | EI10: 0 | EK10: م.الربو | EL10: 0 | EP10: العدد المتوقع للمصابين : | ES10: مرضى السكري | EU10: 0 | EW10: مرضى الضغط | EY10: 0 | FA10: م.الربو | FB10: 0 | FF10: العدد المتوقع للمصابين : | FI10: مرضى السكري | FK10: 0 | FM10: مرضى الضغط | FO10: 0 | FQ10: م.الربو | FR10: 0 | FV10: العدد المتوقع للمصابين : | FY10: مرضى السكري | GA10: 0 | GC10: مرضى الضغط | GE10: 0 | GG10: م.الربو | GH10: 0 | GL10: العدد المتوقع للمصابين : | GO10: مرضى السكري | GR10: =G10+W10+AM10+BC10+BS10+CI10+CY10+DO10+EE10+EU10+FK10+GA10 -> 0 | GS10: مرضى الضغط | GV10: =K10+AA10+AQ10+BG10+BW10+CM10+DC10+DS10+EI10+EY10+FO10+GE10 -> 0 | GW10: م.الربو | GY10: =N10+AD10+AT10+BJ10+BZ10+CP10+DF10+DV10+EL10+FB10+FR10+GH10 -> 0
A11: الجامعة | C11: ذكر | D11: 352 | E11: 0 | F11: 0 | G11: 156 | H11: 214 | I11: 0 | J11: 0 | K11: 99 | L11: 12 | M11: 0 | N11: 0 | O11: 0 | Q11: الجامعة | S11: ذكر | T11: 352 | U11: 0 | V11: 0 | W11: 75 | X11: 214 | Y11: 0 | Z11: 0 | AA11: 69 | AB11: 15 | AC11: 0 | AD11: 352 | AE11: 4 | AG11: الجامعة | AI11: ذكر | AJ11: 357 | AK11: 0 | AL11: 0 | AM11: 162 | AN11: 216 | AO11: 0 | AP11: 0 | AQ11: 102 | AR11: 15 | AS11: 0 | AT11: 0 | AU11: 15 | AW11: الجامعة | AY11: ذكر | AZ11: 357 | BA11: 0 | BB11: 0 | BC11: 102 | BD11: 216 | BE11: 0 | BF11: 0 | BG11: 98 | BH11: 15 | BI11: 0 | BJ11: 0 | BK11: 9 | BM11: الجامعة | BO11: ذكر | BP11: 357 | BQ11: 3 | BR11: 0 | BS11: 73 | BT11: 216 | BU11: 1 | BV11: 0 | BW11: 40 | BX11: 12 | BY11: 0 | BZ11: 0 | CA11: 4 | CC11: الجامعة | CE11: ذكر | CF11: 0 | CG11: 0 | CH11: 0 | CI11: 0 | CJ11: 0 | CK11: 0 | CL11: 0 | CM11: 0 | CN11: 0 | CO11: 0 | CP11: 0 | CQ11: 0 | CS11: الجامعة | CU11: ذكر | CV11: 352 | CW11: 0 | CX11: 0 | CY11: 135 | CZ11: 214 | DA11: 0 | DB11: 0 | DC11: 75 | DD11: 18 | DE11: 3 | DF11: 0 | DG11: 4 | DI11: الجامعة | DK11: ذكر | DL11: 357 | DM11: 0 | DN11: 0 | DO11: 176 | DP11: 216 | DQ11: 0 | DR11: 0 | DS11: 96 | DT11: 15 | DU11: 0 | DV11: 0 | DW11: 17 | DY11: الجامعة | EA11: ذكر | EB11: 278 | EC11: 10 | ED11: 0 | EE11: 33 | EF11: 178 | EG11: 5 | EH11: 0 | EI11: 0 | EJ11: 13 | EK11: 0 | EL11: 0 | EM11: 3 | EO11: الجامعة | EQ11: ذكر | ER11: 0 | ES11: 0 | ET11: 0 | EU11: 0 | EV11: 0 | EW11: 0 | EX11: 0 | EY11: 0 | EZ11: 0 | FA11: 0 | FB11: 0 | FC11: 0 | FE11: الجامعة | FG11: ذكر | FH11: 0 | FI11: 0 | FJ11: 0 | FK11: 0 | FL11: 0 | FM11: 0 | FN11: 0 | FO11: 0 | FP11: 0 | FQ11: 0 | FR11: 0 | FS11: 0 | FU11: الجامعة | FW11: ذكر | FX11: 0 | FY11: 0 | FZ11: 0 | GA11: 0 | GB11: 0 | GC11: 0 | GD11: 0 | GE11: 0 | GF11: 0 | GG11: 0 | GH11: 0 | GI11: 0 | GK11: =FU11 -> الجامعة | GM11: ذكر | GN11: =FX11 -> 0 | GO11: =E11+U11+AK11+BA11+BQ11+CG11++CW11+DM11+EC11+ES11+FI11+FY11 -> 13 | GP11: =F11+V11+AL11+BB11+BR11+CH11++CX11+DN11+ED11+ET11+FJ11+FZ11 -> 0 | GQ11: =G11+W11+AM11+BC11+BS11+CI11++CY11+DO11+EE11+EU11+FK11+GA11 -> 912 | GR11: =GB11 -> 0 | GS11: =I11+Y11+AO11+BE11+BU11+CK11++DA11+DQ11+EG11+EW11+FM11+GC11 -> 6 | GT11: =J11+Z11+AP11+BF11+BV11+CL11++DB11+DR11+EH11+EX11+FN11+GD11 -> 0 | GU11: =K11+AA11+AQ11+BG11+BW11+CM11++DC11+DS11+EI11+EY11+FO11+GE11 -> 579 | GV11: =GF11 -> 0 | GW11: =M11+AC11+AS11+BI11+BY11+CO11++DE11+DU11+EK11+FA11+FQ11+GG11 -> 3 | GX11: =N11+AD11+AT11+BJ11+BZ11+CP11++DF11+DV11+EL11+FB11+FR11+GH11 -> 352 | GY11: =O11+AE11+AU11+BK11+CA11+CQ11++DG11+DW11+EM11+FC11+FS11+GI11 -> 56
B12: سعودي | C12: أنثى | D12: 382 | E12: 0 | F12: 0 | G12: 85 | H12: 321 | I12: 0 | J12: 0 | K12: 39 | L12: 23 | M12: 0 | N12: 0 | O12: 0 | R12: سعودي | S12: أنثى | T12: 382 | U12: 0 | V12: 0 | W12: 63 | X12: 321 | Y12: 0 | Z12: 0 | AA12: 43 | AB12: 24 | AC12: 0 | AD12: 0 | AE12: 3 | AH12: سعودي | AI12: أنثى | AJ12: 384 | AK12: 0 | AL12: 0 | AM12: 48 | AN12: 325 | AO12: 0 | AP12: 0 | AQ12: 53 | AR12: 24 | AS12: 0 | AT12: 0 | AU12: 12 | AX12: سعودي | AY12: أنثى | AZ12: 384 | BA12: 0 | BB12: 0 | BC12: 75 | BD12: 325 | BE12: 0 | BF12: 0 | BG12: 30 | BH12: 24 | BI12: 0 | BJ12: 0 | BK12: 4 | BN12: سعودي | BO12: أنثى | BP12: 384 | BQ12: 2 | BR12: 0 | BS12: 53 | BT12: 325 | BU12: 2 | BV12: 0 | BW12: 19 | BX12: 23 | BY12: 0 | BZ12: 0 | CA12: 3 | CD12: سعودي | CE12: أنثى | CF12: 0 | CG12: 0 | CH12: 0 | CI12: 0 | CJ12: 0 | CK12: 0 | CL12: 0 | CM12: 0 | CN12: 0 | CO12: 0 | CP12: 0 | CQ12: 0 | CT12: سعودي | CU12: أنثى | CV12: 382 | CW12: 0 | CX12: 0 | CY12: 72 | CZ12: 321 | DA12: 0 | DB12: 0 | DC12: 33 | DD12: 24 | DE12: 1 | DF12: 0 | DG12: 3 | DJ12: سعودي | DK12: أنثى | DL12: 384 | DM12: 0 | DN12: 0 | DO12: 45 | DP12: 325 | DQ12: 0 | DR12: 0 | DS12: 60 | DT12: 24 | DU12: 0 | DV12: 0 | DW12: 10 | DZ12: سعودي | EA12: أنثى | EB12: 327 | EC12: 5 | ED12: 0 | EE12: 20 | EF12: 291 | EG12: 4 | EH12: 0 | EI12: 0 | EJ12: 20 | EK12: 0 | EL12: 0 | EM12: 4 | EP12: سعودي | EQ12: أنثى | ER12: 0 | ES12: 0 | ET12: 0 | EU12: 0 | EV12: 0 | EW12: 0 | EX12: 0 | EY12: 0 | EZ12: 0 | FA12: 0 | FB12: 0 | FC12: 0 | FF12: سعودي | FG12: أنثى | FH12: 0 | FI12: 0 | FJ12: 0 | FK12: 0 | FL12: 0 | FM12: 0 | FN12: 0 | FO12: 0 | FP12: 0 | FQ12: 0 | FR12: 0 | FS12: 0 | FV12: سعودي | FW12: أنثى | FX12: 0 | FY12: 0 | FZ12: 0 | GA12: 0 | GB12: 0 | GC12: 0 | GD12: 0 | GE12: 0 | GF12: 0 | GG12: 0 | GH12: 0 | GI12: 0 | GL12: سعودي | GM12: أنثى | GN12: =FX12 -> 0 | GO12: =E12+U12+AK12+BA12+BQ12+CG12++CW12+DM12+EC12+ES12+FI12+FY12 -> 7 | GP12: =F12+V12+AL12+BB12+BR12+CH12++CX12+DN12+ED12+ET12+FJ12+FZ12 -> 0 | GQ12: =G12+W12+AM12+BC12+BS12+CI12++CY12+DO12+EE12+EU12+FK12+GA12 -> 461 | GR12: =GB12 -> 0 | GS12: =I12+Y12+AO12+BE12+BU12+CK12++DA12+DQ12+EG12+EW12+FM12+GC12 -> 6 | GT12: =J12+Z12+AP12+BF12+BV12+CL12++DB12+DR12+EH12+EX12+FN12+GD12 -> 0 | GU12: =K12+AA12+AQ12+BG12+BW12+CM12++DC12+DS12+EI12+EY12+FO12+GE12 -> 277 | GV12: =GF12 -> 0 | GW12: =M12+AC12+AS12+BI12+BY12+CO12++DE12+DU12+EK12+FA12+FQ12+GG12 -> 1 | GX12: =N12+AD12+AT12+BJ12+BZ12+CP12++DF12+DV12+EL12+FB12+FR12+GH12 -> 0 | GY12: =O12+AE12+AU12+BK12+CA12+CQ12++DG12+DW12+EM12+FC12+FS12+GI12 -> 39
B13: غير | C13: ذكر | D13: 167 | E13: 0 | F13: 0 | G13: 78 | H13: 99 | I13: 0 | J13: 0 | K13: 75 | L13: 0 | M13: 0 | N13: 0 | O13: 0 | R13: غير | S13: ذكر | T13: 167 | U13: 0 | V13: 0 | W13: 51 | X13: 99 | Y13: 0 | Z13: 0 | AA13: 51 | AB13: 5 | AC13: 0 | AD13: 0 | AE13: 3 | AH13: غير | AI13: ذكر | AJ13: 170 | AK13: 0 | AL13: 0 | AM13: 55 | AN13: 10 | AO13: 0 | AP13: 0 | AQ13: 59 | AR13: 5 | AS13: 0 | AT13: 0 | AU13: 8 | AX13: غير | AY13: ذكر | AZ13: 170 | BA13: 0 | BB13: 0 | BC13: 49 | BD13: 100 | BE13: 0 | BF13: 0 | BG13: 76 | BH13: 5 | BI13: 0 | BJ13: 0 | BK13: 4 | BN13: غير | BO13: ذكر | BP13: 170 | BQ13: 0 | BR13: 0 | BS13: 39 | BT13: 100 | BU13: 2 | BV13: 0 | BW13: 29 | BX13: 0 | BY13: 0 | BZ13: 0 | CA13: 3 | CD13: غير | CE13: ذكر | CF13: 0 | CG13: 0 | CH13: 0 | CI13: 0 | CJ13: 0 | CK13: 0 | CL13: 0 | CM13: 0 | CN13: 0 | CO13: 0 | CP13: 0 | CQ13: 0 | CT13: غير | CU13: ذكر | CV13: 167 | CW13: 0 | CX13: 0 | CY13: 55 | CZ13: 99 | DA13: 0 | DB13: 0 | DC13: 61 | DD13: 5 | DE13: 5 | DF13: 0 | DG13: 3 | DJ13: غير | DK13: ذكر | DL13: 170 | DM13: 0 | DN13: 0 | DO13: 56 | DP13: 100 | DQ13: 0 | DR13: 0 | DS13: 50 | DT13: 5 | DU13: 0 | DV13: 0 | DW13: 7 | DZ13: غير | EA13: ذكر | EB13: 132 | EC13: 2 | ED13: 0 | EE13: 17 | EF13: 52 | EG13: 2 | EH13: 0 | EI13: 0 | EJ13: 0 | EK13: 0 | EL13: 0 | EM13: 4 | EP13: غير | EQ13: ذكر | ER13: 0 | ES13: 0 | ET13: 0 | EU13: 0 | EV13: 0 | EW13: 0 | EX13: 0 | EY13: 0 | EZ13: 0 | FA13: 0 | FB13: 0 | FC13: 0 | FF13: غير | FG13: ذكر | FH13: 0 | FI13: 0 | FJ13: 0 | FK13: 0 | FL13: 0 | FM13: 0 | FN13: 0 | FO13: 0 | FP13: 0 | FQ13: 0 | FR13: 0 | FS13: 0 | FV13: غير | FW13: ذكر | FX13: 0 | FY13: 0 | FZ13: 0 | GA13: 0 | GB13: 0 | GC13: 0 | GD13: 0 | GE13: 0 | GF13: 0 | GG13: 0 | GH13: 0 | GI13: 0 | GL13: غير | GM13: ذكر | GN13: =FX13 -> 0 | GO13: =E13+U13+AK13+BA13+BQ13+CG13++CW13+DM13+EC13+ES13+FI13+FY13 -> 2 | GP13: =F13+V13+AL13+BB13+BR13+CH13++CX13+DN13+ED13+ET13+FJ13+FZ13 -> 0 | GQ13: =G13+W13+AM13+BC13+BS13+CI13++CY13+DO13+EE13+EU13+FK13+GA13 -> 400 | GR13: =GB13 -> 0 | GS13: =I13+Y13+AO13+BE13+BU13+CK13++DA13+DQ13+EG13+EW13+FM13+GC13 -> 4 | GT13: =J13+Z13+AP13+BF13+BV13+CL13++DB13+DR13+EH13+EX13+FN13+GD13 -> 0 | GU13: =K13+AA13+AQ13+BG13+BW13+CM13++DC13+DS13+EI13+EY13+FO13+GE13 -> 401 | GV13: =GF13 -> 0 | GW13: =M13+AC13+AS13+BI13+BY13+CO13++DE13+DU13+EK13+FA13+FQ13+GG13 -> 5 | GX13: =N13+AD13+AT13+BJ13+BZ13+CP13++DF13+DV13+EL13+FB13+FR13+GH13 -> 0 | GY13: =O13+AE13+AU13+BK13+CA13+CQ13++DG13+DW13+EM13+FC13+FS13+GI13 -> 32
B14: سعودي | C14: أنثى | D14: 986 | E14: 0 | F14: 0 | G14: 56 | H14: 77 | I14: 0 | J14: 0 | K14: 52 | L14: 2 | M14: 0 | N14: 0 | O14: 0 | R14: سعودي | S14: أنثى | T14: 986 | U14: 0 | V14: 0 | W14: 46 | X14: 77 | Y14: 0 | Z14: 0 | AA14: 23 | AB14: 4 | AC14: 0 | AD14: 0 | AH14: سعودي | AI14: أنثى | AJ14: 990 | AK14: 0 | AL14: 0 | AM14: 35 | AN14: 77 | AO14: 0 | AP14: 0 | AQ14: 34 | AR14: 4 | AS14: 0 | AT14: 0 | AU14: 5 | AX14: سعودي | AY14: أنثى | AZ14: 990 | BA14: 0 | BB14: 0 | BC14: 40 | BD14: 77 | BE14: 0 | BF14: 0 | BG14: 19 | BH14: 4 | BI14: 0 | BJ14: 0 | BK14: 6 | BN14: سعودي | BO14: أنثى | BP14: 990 | BQ14: 1 | BR14: 0 | BS14: 13 | BT14: 77 | BU14: 0 | BV14: 0 | BW14: 21 | BX14: 2 | BY14: 0 | BZ14: 0 | CA14: 5 | CD14: سعودي | CE14: أنثى | CF14: 0 | CG14: 0 | CH14: 0 | CI14: 0 | CJ14: 0 | CK14: 0 | CL14: 0 | CM14: 0 | CN14: 0 | CO14: 0 | CP14: 0 | CQ14: 0 | CT14: سعودي | CU14: أنثى | CV14: 986 | CW14: 0 | CX14: 0 | CY14: 68 | CZ14: 77 | DA14: 0 | DB14: 0 | DC14: 43 | DD14: 4 | DE14: 2 | DF14: 0 | DG14: 5 | DJ14: سعودي | DK14: أنثى | DL14: 990 | DM14: 0 | DN14: 0 | DO14: 49 | DP14: 77 | DQ14: 0 | DR14: 0 | DS14: 52 | DT14: 4 | DU14: 0 | DV14: 0 | DW14: 4 | DZ14: سعودي | EA14: أنثى | EB14: 84 | EC14: 2 | ED14: 0 | EE14: 15 | EF14: 50 | EG14: 3 | EH14: 0 | EI14: 0 | EJ14: 2 | EK14: 0 | EL14: 0 | EM14: 2 | EP14: سعودي | EQ14: أنثى | ER14: 0 | ES14: 0 | ET14: 0 | EU14: 0 | EV14: 0 | EW14: 0 | EX14: 0 | EY14: 0 | EZ14: 0 | FA14: 0 | FB14: 0 | FC14: 0 | FF14: سعودي | FG14: أنثى | FH14: 0 | FI14: 0 | FJ14: 0 | FK14: 0 | FL14: 0 | FM14: 0 | FN14: 0 | FO14: 0 | FP14: 0 | FQ14: 0 | FR14: 0 | FS14: 0 | FV14: سعودي | FW14: أنثى | FX14: 0 | FY14: 0 | FZ14: 0 | GA14: 0 | GB14: 0 | GC14: 0 | GD14: 0 | GE14: 0 | GF14: 0 | GG14: 0 | GH14: 0 | GI14: 0 | GL14: سعودي | GM14: أنثى | GN14: =FX14 -> 0 | GO14: =E14+U14+AK14+BA14+BQ14+CG14++CW14+DM14+EC14+ES14+FI14+FY14 -> 3 | GP14: =F14+V14+AL14+BB14+BR14+CH14++CX14+DN14+ED14+ET14+FJ14+FZ14 -> 0 | GQ14: =G14+W14+AM14+BC14+BS14+CI14++CY14+DO14+EE14+EU14+FK14+GA14 -> 322 | GR14: =GB14 -> 0 | GS14: =I14+Y14+AO14+BE14+BU14+CK14++DA14+DQ14+EG14+EW14+FM14+GC14 -> 3 | GT14: =J14+Z14+AP14+BF14+BV14+CL14++DB14+DR14+EH14+EX14+FN14+GD14 -> 0 | GU14: =K14+AA14+AQ14+BG14+BW14+CM14++DC14+DS14+EI14+EY14+FO14+GE14 -> 244 | GV14: =GF14 -> 0 | GW14: =M14+AC14+AS14+BI14+BY14+CO14++DE14+DU14+EK14+FA14+FQ14+GG14 -> 2 | GX14: =N14+AD14+AT14+BJ14+BZ14+CP14++DF14+DV14+EL14+FB14+FR14+GH14 -> 0 | GY14: =O14+AE14+AU14+BK14+CA14+CQ14++DG14+DW14+EM14+FC14+FS14+GI14 -> 27
B15: المجموع | D15: =SUM(D11:D14) -> 1887 | E15: =SUM(E11:E14) -> 0 | F15: =SUM(F11:F14) -> 0 | G15: =SUM(G11:G14) -> 375 | H15: =SUM(H11:H14) -> 711 | I15: =SUM(I11:I14) -> 0 | J15: =SUM(J11:J14) -> 0 | K15: =SUM(K11:K14) -> 265 | ... O15: =SUM(O11:O14) -> 0 | R15: المجموع | T15: =SUM(T11:T14) -> 1887 | U15: =SUM(U11:U14) -> 0 | V15: =SUM(V11:V14) -> 0 | W15: =SUM(W11:W14) -> 235 | X15: =SUM(X11:X14) -> 711 | Y15: =SUM(Y11:Y14) -> 0 | Z15: =SUM(Z11:Z14) -> 0 | AA15: =SUM(AA11:AA14) -> 186 | ... AE15: =SUM(AE11:AE14) -> 10 | AH15: المجموع | AJ15: 1901 | AK15: 0 | AL15: 0 | AM15: 300 | AN15: 628 | AO15: 0 | AP15: 0 | AQ15: 248 | AR15: 48 | AS15: 0 | AT15: 0 | AU15: 40 | AX15: المجموع | AZ15: =SUM(AZ11:AZ14) -> 1901 | BA15: =SUM(BA11:BA14) -> 0 | BB15: =SUM(BB11:BB14) -> 0 | BC15: =SUM(BC11:BC14) -> 266 | BD15: =SUM(BD11:BD14) -> 718 | BE15: =SUM(BE11:BE14) -> 0 | BF15: =SUM(BF11:BF14) -> 0 | BG15: =SUM(BG11:BG14) -> 223 | ... BK15: =SUM(BK11:BK14) -> 23 | BN15: المجموع | BP15: =SUM(BP11:BP14) -> 1901 | BQ15: =SUM(BQ11:BQ14) -> 6 | BR15: =SUM(BR11:BR14) -> 0 | BS15: =SUM(BS11:BS14) -> 178 | BT15: =SUM(BT11:BT14) -> 718 | BU15: =SUM(BU11:BU14) -> 5 | BV15: =SUM(BV11:BV14) -> 0 | BW15: =SUM(BW11:BW14) -> 109 | ... CA15: =SUM(CA11:CA14) -> 15 | CD15: المجموع | CF15: =SUM(CF11:CF14) -> 0 | CG15: =SUM(CG11:CG14) -> 0 | CH15: =SUM(CH11:CH14) -> 0 | CI15: =SUM(CI11:CI14) -> 0 | CJ15: =SUM(CJ11:CJ14) -> 0 | CK15: =SUM(CK11:CK14) -> 0 | CL15: =SUM(CL11:CL14) -> 0 | CM15: =SUM(CM11:CM14) -> 0 | ... CQ15: =SUM(CQ11:CQ14) -> 0 | CT15: المجموع | CV15: 1887 | CW15: 0 | CX15: 0 | CY15: 330 | CZ15: 711 | DA15: 0 | DB15: 0 | DC15: 212 | DD15: 51 | DE15: 11 | DF15: 0 | DG15: 15 | DJ15: المجموع | DL15: =SUM(DL11:DL14) -> 1901 | DM15: =SUM(DM11:DM14) -> 0 | DN15: =SUM(DN11:DN14) -> 0 | DO15: =SUM(DO11:DO14) -> 326 | DP15: =SUM(DP11:DP14) -> 718 | DQ15: =SUM(DQ11:DQ14) -> 0 | DR15: =SUM(DR11:DR14) -> 0 | DS15: =SUM(DS11:DS14) -> 258 | ... DW15: =SUM(DW11:DW14) -> 38 | DZ15: المجموع | EB15: =SUM(EB11:EB14) -> 821 | EC15: =SUM(EC11:EC14) -> 19 | ED15: =SUM(ED11:ED14) -> 0 | EE15: =SUM(EE11:EE14) -> 85 | EF15: =SUM(EF11:EF14) -> 571 | EG15: =SUM(EG11:EG14) -> 14 | EH15: =SUM(EH11:EH14) -> 0 | EI15: =SUM(EI11:EI14) -> 0 | ... EM15: =SUM(EM11:EM14) -> 13 | EP15: المجموع | ER15: =SUM(ER11:ER14) -> 0 | ES15: =SUM(ES11:ES14) -> 0 | ET15: =SUM(ET11:ET14) -> 0 | EU15: =SUM(EU11:EU14) -> 0 | EV15: =SUM(EV11:EV14) -> 0 | EW15: =SUM(EW11:EW14) -> 0 | EX15: =SUM(EX11:EX14) -> 0 | EY15: =SUM(EY11:EY14) -> 0 | ... FC15: =SUM(FC11:FC14) -> 0 | FF15: المجموع | FH15: =SUM(FH11:FH14) -> 0 | FI15: =SUM(FI11:FI14) -> 0 | FJ15: =SUM(FJ11:FJ14) -> 0 | FK15: =SUM(FK11:FK14) -> 0 | FL15: =SUM(FL11:FL14) -> 0 | FM15: =SUM(FM11:FM14) -> 0 | FN15: =SUM(FN11:FN14) -> 0 | FO15: =SUM(FO11:FO14) -> 0 | ... FS15: =SUM(FS11:FS14) -> 0 | FV15: المجموع | FX15: =SUM(FX11:FX14) -> 0 | FY15: =SUM(FY11:FY14) -> 0 | FZ15: =SUM(FZ11:FZ14) -> 0 | GA15: =SUM(GA11:GA14) -> 0 | GB15: =SUM(GB11:GB14) -> 0 | GC15: =SUM(GC11:GC14) -> 0 | GD15: =SUM(GD11:GD14) -> 0 | GE15: =SUM(GE11:GE14) -> 0 | ... GI15: =SUM(GI11:GI14) -> 0 | GL15: المجموع | GN15: =SUM(GN11:GN14) -> 0 | GO15: =SUM(GO11:GO14) -> 25 | GP15: =SUM(GP11:GP14) -> 0 | GQ15: =SUM(GQ11:GQ14) -> 2095 | GR15: =SUM(GR11:GR14) -> 0 | GS15: =SUM(GS11:GS14) -> 19 | GT15: =SUM(GT11:GT14) -> 0 | GU15: =SUM(GU11:GU14) -> 1501 | ... GY15: =SUM(GY11:GY14) -> 154
B16: العدد المتوقع للمصابين : | E16: مرضى السكري | G16: 0 | I16: مرضى الضغط | K16: 0 | M16: م.الربو | N16: 0 | R16: العدد المتوقع للمصابين : | U16: مرضى السكري | W16: 0 | Y16: مرضى الضغط | AA16: 0 | AC16: م.الربو | AD16: 0 | AH16: العدد المتوقع للمصابين : | AK16: مرضى السكري | AM16: 0 | AO16: مرضى الضغط | AQ16: 0 | AS16: م.الربو | AT16: 0 | AX16: العدد المتوقع للمصابين : | BA16: مرضى السكري | BC16: 0 | BE16: مرضى الضغط | BG16: 0 | BI16: م.الربو | BJ16: 0 | BN16: العدد المتوقع للمصابين : | BQ16: مرضى السكري | BS16: 0 | BU16: مرضى الضغط | BW16: 0 | BY16: م.الربو | BZ16: 0 | CD16: العدد المتوقع للمصابين : | CG16: مرضى السكري | CI16: 0 | CK16: مرضى الضغط | CM16: 0 | CO16: م.الربو | CP16: 0 | CT16: العدد المتوقع للمصابين : | CW16: مرضى السكري | CY16: 0 | DA16: مرضى الضغط | DC16: 0 | DE16: م.الربو | DF16: 0 | DJ16: العدد المتوقع للمصابين : | DM16: مرضى السكري | DO16: 0 | DQ16: مرضى الضغط | DS16: 0 | DU16: م.الربو | DV16: 0 | DZ16: العدد المتوقع للمصابين : | EC16: مرضى السكري | EE16: 0 | EG16: مرضى الضغط | EI16: 0 | EK16: م.الربو | EL16: 0 | EP16: العدد المتوقع للمصابين : | ES16: مرضى السكري | EU16: 0 | EW16: مرضى الضغط | EY16: 0 | FA16: م.الربو | FB16: 0 | FF16: العدد المتوقع للمصابين : | FI16: مرضى السكري | FK16: 0 | FM16: مرضى الضغط | FO16: 0 | FQ16: م.الربو | FR16: 0 | FV16: العدد المتوقع للمصابين : | FY16: مرضى السكري | GA16: 0 | GC16: مرضى الضغط | GE16: 0 | GG16: م.الربو | GH16: 0 | GL16: العدد المتوقع للمصابين : | GO16: مرضى السكري | GR16: =G16+W16+AM16+BC16+BS16+CI16+CY16+DO16+EE16+EU16+FK16+GA16 -> 0 | GS16: مرضى الضغط | GV16: =K16+AA16+AQ16+BG16+BW16+CM16+DC16+DS16+EI16+EY16+FO16+GE16 -> 0 | GW16: م.الربو | GY16: =N16+AD16+AT16+BJ16+BZ16+CP16+DF16+DV16+EL16+FB16+FR16+GH16 -> 0
A17: السليمانية | C17: ذكر | D17: 90 | E17: 9 | F17: 20 | G17: 152 | H17: 78 | I17: 2 | J17: 25 | K17: 237 | L17: 0 | M17: 0 | N17: 0 | O17: 0 | Q17: السليمانية | S17: ذكر | T17: 0 | U17: 0 | V17: 0 | W17: 0 | X17: 0 | Y17: 0 | Z17: 0 | AA17: 0 | AB17: 0 | AC17: 0 | AD17: 0 | AE17: 0 | AG17: السليمانية | AI17: ذكر | AJ17: 0 | AK17: 0 | AL17: 0 | AM17: 0 | AN17: 0 | AO17: 0 | AP17: 0 | AQ17: 0 | AR17: 0 | AS17: 0 | AT17: 0 | AU17: 0 | AW17: السليمانية | AY17: ذكر | AZ17: 184 | BA17: 10 | BB17: 49 | BC17: 122 | BD17: 254 | BE17: 7 | BF17: 18 | BG17: 135 | BH17: 0 | BI17: 0 | BJ17: 0 | BK17: 1 | BM17: السليمانية | BO17: ذكر | BP17: 184 | BQ17: 2 | BR17: 31 | BS17: 258 | BT17: 259 | BU17: 1 | BV17: 9 | BW17: 214 | BX17: 3 | BY17: 1 | BZ17: 0 | CA17: 1 | CC17: السليمانية | CE17: ذكر | CF17: 125 | CG17: 5 | CH17: 35 | CI17: 122 | CJ17: 158 | CK17: 7 | CL17: 10 | CM17: 135 | CN17: 0 | CO17: 0 | CP17: 0 | CQ17: 1 | CS17: السليمانية | CU17: ذكر | CV17: 180 | CW17: 9 | CX17: 58 | CY17: 0 | CZ17: 190 | DA17: 9000 | DB17: 40 | DC17: 0 | DD17: 0 | DE17: 0 | DF17: 0 | DG17: 0 | DI17: السليمانية | DK17: ذكر | DM17: مرضى السكري | DO17: 0 | DQ17: مرضى الضغط | DS17: 0 | DU17: م.الربو | DV17: 0 | DY17: السليمانية | EA17: ذكر | EB17: 255 | EC17: 4 | ED17: 0 | EE17: 42 | EF17: 185 | EG17: 2 | EH17: 0 | EI17: 0 | EJ17: 5 | EK17: 0 | EL17: 0 | EM17: 0 | EO17: السليمانية | EQ17: ذكر | ER17: 255 | ES17: 4 | ET17: 0 | EU17: 80 | EV17: 185 | EW17: 2 | EX17: 0 | EY17: 0 | EZ17: 5 | FA17: 0 | FB17: 0 | FC17: 0 | FE17: السليمانية | FG17: ذكر | FH17: 0 | FI17: 0 | FJ17: 0 | FK17: 0 | FL17: 0 | FM17: 0 | FN17: 0 | FO17: 0 | FP17: 0 | FQ17: 0 | FR17: 0 | FS17: 0 | FU17: السليمانية | FW17: ذكر | FX17: 0 | FY17: 0 | FZ17: 0 | GA17: 0 | GB17: 0 | GC17: 0 | GD17: 0 | GE17: 0 | GF17: 0 | GG17: 0 | GH17: 0 | GI17: 0 | GK17: =FU17 -> السليمانية | GM17: ذكر | GN17: =FX17 -> 0 | GO17: =E17+U17+AK17+BA17+BQ17+CG17++CW17+DM17+EC17+ES17+FI17+FY17 -> #VALUE! | GP17: =F17+V17+AL17+BB17+BR17+CH17++CX17+DN17+ED17+ET17+FJ17+FZ17 -> 193 | GQ17: =G17+W17+AM17+BC17+BS17+CI17++CY17+DO17+EE17+EU17+FK17+GA17 -> 776 | GR17: =GB17 -> 0 | GS17: =I17+Y17+AO17+BE17+BU17+CK17++DA17+DQ17+EG17+EW17+FM17+GC17 -> #VALUE! | GT17: =J17+Z17+AP17+BF17+BV17+CL17++DB17+DR17+EH17+EX17+FN17+GD17 -> 102 | GU17: =K17+AA17+AQ17+BG17+BW17+CM17++DC17+DS17+EI17+EY17+FO17+GE17 -> 721 | GV17: =GF17 -> 0 | GW17: =M17+AC17+AS17+BI17+BY17+CO17++DE17+DU17+EK17+FA17+FQ17+GG17 -> #VALUE! | GX17: =N17+AD17+AT17+BJ17+BZ17+CP17++DF17+DV17+EL17+FB17+FR17+GH17 -> 0 | GY17: =O17+AE17+AU17+BK17+CA17+CQ17++DG17+DW17+EM17+FC17+FS17+GI17 -> 3
B18: سعودي | C18: أنثى | D18: 75 | E18: 6 | F18: 22 | G18: 120 | H18: 200 | I18: 4 | J18: 20 | K18: 188 | L18: 0 | M18: 0 | N18: 0 | O18: 0 | R18: سعودي | S18: أنثى | T18: 0 | U18: 0 | V18: 0 | W18: 0 | X18: 0 | Y18: 0 | Z18: 0 | AA18: 0 | AB18: 0 | AC18: 0 | AD18: 0 | AE18: 0 | AH18: سعودي | AI18: أنثى | AJ18: 0 | AK18: 0 | AL18: 0 | AM18: 0 | AN18: 0 | AO18: 0 | AP18: 0 | AQ18: 0 | AR18: 0 | AS18: 0 | AT18: 0 | AU18: 0 | AX18: سعودي | AY18: أنثى | AZ18: 129 | BA18: 5 | BB18: 35 | BC18: 135 | BD18: 146 | BE18: 2 | BF18: 4 | BG18: 124 | BH18: 0 | BI18: 0 | BJ18: 0 | BK18: 0 | BN18: سعودي | BO18: أنثى | BP18: 129 | BQ18: 1 | BR18: 12 | BS18: 207 | BT18: 149 | BU18: 0 | BV18: 5 | BW18: 187 | BX18: 2 | BY18: 0 | BZ18: 0 | CA18: 0 | CD18: سعودي | CE18: أنثى | CF18: 125 | CG18: 2 | CH18: 20 | CI18: 135 | CJ18: 163 | CK18: 2 | CL18: 4 | CM18: 124 | CN18: 0 | CO18: 0 | CP18: 0 | CQ18: 0 | CT18: سعودي | CU18: أنثى | CV18: 125 | CW18: 11 | CX18: 56 | CY18: 0 | CZ18: 345 | DA18: 600 | DB18: 25 | DC18: 0 | DD18: 0 | DE18: 0 | DF18: 0 | DG18: 0 | DJ18: سعودي | DK18: أنثى | DL18: 125 | DM18: 5 | DN18: 35 | DO18: 122 | DP18: 158 | DQ18: 7 | DR18: 10 | DS18: 135 | DT18: 0 | DU18: 0 | DV18: 0 | DW18: 1 | DZ18: سعودي | EA18: أنثى | EB18: 240 | EC18: 5 | ED18: 0 | EE18: 40 | EF18: 171 | EG18: 4 | EH18: 0 | EI18: 0 | EJ18: 7 | EK18: 0 | EL18: 0 | EM18: 0 | EP18: سعودي | EQ18: أنثى | ER18: 240 | ES18: 5 | ET18: 0 | EU18: 66 | EV18: 171 | EW18: 4 | EX18: 0 | EY18: 0 | EZ18: 7 | FA18: 0 | FB18: 0 | FC18: 0 | FF18: سعودي | FG18: أنثى | FH18: 0 | FI18: 0 | FJ18: 0 | FK18: 0 | FL18: 0 | FM18: 0 | FN18: 0 | FO18: 0 | FP18: 0 | FQ18: 0 | FR18: 0 | FS18: 0 | FV18: سعودي | FW18: أنثى | FX18: 0 | FY18: 0 | FZ18: 0 | GA18: 0 | GB18: 0 | GC18: 0 | GD18: 0 | GE18: 0 | GF18: 0 | GG18: 0 | GH18: 0 | GI18: 0 | GL18: سعودي | GM18: أنثى | GN18: =FX18 -> 0 | GO18: =E18+U18+AK18+BA18+BQ18+CG18++CW18+DM18+EC18+ES18+FI18+FY18 -> 40 | GP18: =F18+V18+AL18+BB18+BR18+CH18++CX18+DN18+ED18+ET18+FJ18+FZ18 -> 180 | GQ18: =G18+W18+AM18+BC18+BS18+CI18++CY18+DO18+EE18+EU18+FK18+GA18 -> 825 | GR18: =GB18 -> 0 | GS18: =I18+Y18+AO18+BE18+BU18+CK18++DA18+DQ18+EG18+EW18+FM18+GC18 -> 623 | GT18: =J18+Z18+AP18+BF18+BV18+CL18++DB18+DR18+EH18+EX18+FN18+GD18 -> 68 | GU18: =K18+AA18+AQ18+BG18+BW18+CM18++DC18+DS18+EI18+EY18+FO18+GE18 -> 758 | GV18: =GF18 -> 0 | GW18: =M18+AC18+AS18+BI18+BY18+CO18++DE18+DU18+EK18+FA18+FQ18+GG18 -> 0 | GX18: =N18+AD18+AT18+BJ18+BZ18+CP18++DF18+DV18+EL18+FB18+FR18+GH18 -> 0 | GY18: =O18+AE18+AU18+BK18+CA18+CQ18++DG18+DW18+EM18+FC18+FS18+GI18 -> 1
B19: غير | C19: ذكر | D19: 70 | E19: 0 | F19: 10 | G19: 109 | H19: 140 | I19: 0 | J19: 8 | K19: 190 | L19: 0 | M19: 0 | N19: 0 | O19: 0 | R19: غير | S19: ذكر | T19: 0 | U19: 0 | V19: 0 | W19: 0 | X19: 0 | Y19: 0 | Z19: 0 | AA19: 0 | AB19: 0 | AC19: 0 | AD19: 0 | AE19: 0 | AH19: غير | AI19: ذكر | AJ19: 0 | AK19: 0 | AL19: 0 | AM19: 0 | AN19: 0 | AO19: 0 | AP19: 0 | AQ19: 0 | AR19: 0 | AS19: 0 | AT19: 0 | AU19: 0 | AX19: غير | AY19: ذكر | AZ19: 0 | BA19: 3 | BB19: 15 | BC19: 114 | BD19: 44 | BE19: 4 | BF19: 9 | BG19: 95 | BH19: 0 | BI19: 0 | BJ19: 0 | BK19: 0 | BN19: غير | BO19: ذكر | BP19: 0 | BQ19: 0 | BR19: 8 | BS19: 52 | BT19: 44 | BU19: 0 | BV19: 3 | BW19: 42 | BX19: 0 | BY19: 0 | BZ19: 0 | CA19: 0 | CD19: غير | CE19: ذكر | CF19: 0 | CG19: 3 | CH19: 9 | CI19: 114 | CJ19: 44 | CK19: 4 | CL19: 9 | CM19: 95 | CN19: 0 | CO19: 0 | CP19: 0 | CQ19: 0 | CT19: غير | CU19: ذكر | CV19: 52 | CW19: 0 | CX19: 0 | CY19: 0 | CZ19: 45 | DA19: 0 | DB19: 0 | DC19: 0 | DD19: 0 | DE19: 0 | DF19: 0 | DG19: 0 | DJ19: غير | DK19: ذكر | DL19: 125 | DM19: 2 | DN19: 20 | DO19: 135 | DP19: 163 | DQ19: 2 | DR19: 4 | DS19: 124 | DT19: 0 | DU19: 0 | DV19: 0 | DW19: 0 | DZ19: غير | EA19: ذكر | EB19: 56 | EC19: 1 | ED19: 0 | EE19: 5 | EF19: 32 | EG19: 0 | EH19: 0 | EI19: 0 | EJ19: 2 | EK19: 0 | EL19: 0 | EM19: 0 | EP19: غير | EQ19: ذكر | ER19: 56 | ES19: 1 | ET19: 0 | EU19: 9 | EV19: 32 | EW19: 0 | EX19: 0 | EY19: 0 | EZ19: 2 | FA19: 0 | FB19: 0 | FC19: 0 | FF19: غير | FG19: ذكر | FH19: 0 | FI19: 0 | FJ19: 0 | FK19: 0 | FL19: 0 | FM19: 0 | FN19: 0 | FO19: 0 | FP19: 0 | FQ19: 0 | FR19: 0 | FS19: 0 | FV19: غير | FW19: ذكر | FX19: 0 | FY19: 0 | FZ19: 0 | GA19: 0 | GB19: 0 | GC19: 0 | GD19: 0 | GE19: 0 | GF19: 0 | GG19: 0 | GH19: 0 | GI19: 0 | GL19: غير | GM19: ذكر | GN19: =FX19 -> 0 | GO19: =E19+U19+AK19+BA19+BQ19+CG19++CW19+DM19+EC19+ES19+FI19+FY19 -> 10 | GP19: =F19+V19+AL19+BB19+BR19+CH19++CX19+DN19+ED19+ET19+FJ19+FZ19 -> 62 | GQ19: =G19+W19+AM19+BC19+BS19+CI19++CY19+DO19+EE19+EU19+FK19+GA19 -> 538 | GR19: =GB19 -> 0 | GS19: =I19+Y19+AO19+BE19+BU19+CK19++DA19+DQ19+EG19+EW19+FM19+GC19 -> 10 | GT19: =J19+Z19+AP19+BF19+BV19+CL19++DB19+DR19+EH19+EX19+FN19+GD19 -> 33 | GU19: =K19+AA19+AQ19+BG19+BW19+CM19++DC19+DS19+EI19+EY19+FO19+GE19 -> 546 | GV19: =GF19 -> 0 | GW19: =M19+AC19+AS19+BI19+BY19+CO19++DE19+DU19+EK19+FA19+FQ19+GG19 -> 0 | GX19: =N19+AD19+AT19+BJ19+BZ19+CP19++DF19+DV19+EL19+FB19+FR19+GH19 -> 0 | GY19: =O19+AE19+AU19+BK19+CA19+CQ19++DG19+DW19+EM19+FC19+FS19+GI19 -> 0
B20: سعودي | C20: أنثى | D20: 45 | E20: 0 | F20: 2 | G20: 30 | H20: 100 | I20: 0 | J20: 5 | K20: 26 | L20: 0 | M20: 0 | N20: 0 | O20: 0 | R20: سعودي | S20: أنثى | T20: 0 | U20: 0 | V20: 0 | W20: 0 | X20: 0 | Y20: 0 | Z20: 0 | AA20: 0 | AB20: 0 | AC20: 0 | AD20: 0 | AE20: 0 | AH20: سعودي | AI20: أنثى | AJ20: 0 | AK20: 0 | AL20: 0 | AM20: 0 | AN20: 0 | AO20: 0 | AP20: 0 | AQ20: 0 | AR20: 0 | AS20: 0 | AT20: 0 | AU20: 0 | AX20: سعودي | AY20: أنثى | AZ20: 0 | BA20: 7 | BB20: 17 | BC20: 50 | BD20: 98 | BE20: 1 | BF20: 11 | BG20: 60 | BH20: 0 | BI20: 0 | BJ20: 0 | BK20: 0 | BN20: سعودي | BO20: أنثى | BP20: 0 | BQ20: 0 | BR20: 4 | BS20: 39 | BT20: 98 | BU20: 0 | BV20: 0 | BW20: 29 | BX20: 0 | BY20: 0 | BZ20: 0 | CA20: 0 | CD20: سعودي | CE20: أنثى | CF20: 0 | CG20: 7 | CH20: 10 | CI20: 50 | CJ20: 98 | CK20: 1 | CL20: 11 | CM20: 60 | CN20: 0 | CO20: 0 | CP20: 0 | CQ20: 0 | CT20: سعودي | CU20: أنثى | CV20: 66 | CW20: 0 | CX20: 0 | CY20: 0 | CZ20: 200 | DA20: 0 | DB20: 0 | DC20: 0 | DD20: 0 | DE20: 0 | DF20: 0 | DG20: 0 | DJ20: سعودي | DK20: أنثى | DL20: 0 | DM20: 3 | DN20: 9 | DO20: 114 | DP20: 44 | DQ20: 4 | DR20: 9 | DS20: 95 | DT20: 0 | DU20: 0 | DV20: 0 | DW20: 0 | DZ20: سعودي | EA20: أنثى | EB20: 45 | EC20: 2 | ED20: 0 | EE20: 4 | EF20: 15 | EG20: 0 | EH20: 0 | EI20: 0 | EJ20: 1 | EK20: 0 | EL20: 0 | EM20: 0 | EP20: سعودي | EQ20: أنثى | ER20: 45 | ES20: 2 | ET20: 0 | EU20: 10 | EV20: 15 | EW20: 0 | EX20: 0 | EY20: 0 | EZ20: 1 | FA20: 0 | FB20: 0 | FC20: 0 | FF20: سعودي | FG20: أنثى | FH20: 0 | FI20: 0 | FJ20: 0 | FK20: 0 | FL20: 0 | FM20: 0 | FN20: 0 | FO20: 0 | FP20: 0 | FQ20: 0 | FR20: 0 | FS20: 0 | FV20: سعودي | FW20: أنثى | FX20: 0 | FY20: 0 | FZ20: 0 | GA20: 0 | GB20: 0 | GC20: 0 | GD20: 0 | GE20: 0 | GF20: 0 | GG20: 0 | GH20: 0 | GI20: 0 | GL20: سعودي | GM20: أنثى | GN20: =FX20 -> 0 | GO20: =E20+U20+AK20+BA20+BQ20+CG20++CW20+DM20+EC20+ES20+FI20+FY20 -> 21 | GP20: =F20+V20+AL20+BB20+BR20+CH20++CX20+DN20+ED20+ET20+FJ20+FZ20 -> 42 | GQ20: =G20+W20+AM20+BC20+BS20+CI20++CY20+DO20+EE20+EU20+FK20+GA20 -> 297 | GR20: =GB20 -> 0 | GS20: =I20+Y20+AO20+BE20+BU20+CK20++DA20+DQ20+EG20+EW20+FM20+GC20 -> 6 | GT20: =J20+Z20+AP20+BF20+BV20+CL20++DB20+DR20+EH20+EX20+FN20+GD20 -> 36 | GU20: =K20+AA20+AQ20+BG20+BW20+CM20++DC20+DS20+EI20+EY20+FO20+GE20 -> 270 | GV20: =GF20 -> 0 | GW20: =M20+AC20+AS20+BI20+BY20+CO20++DE20+DU20+EK20+FA20+FQ20+GG20 -> 0 | GX20: =N20+AD20+AT20+BJ20+BZ20+CP20++DF20+DV20+EL20+FB20+FR20+GH20 -> 0 | GY20: =O20+AE20+AU20+BK20+CA20+CQ20++DG20+DW20+EM20+FC20+FS20+GI20 -> 0
B21: المجموع | D21: =SUM(D17:D20) -> 280 | E21: =SUM(E17:E20) -> 15 | F21: =SUM(F17:F20) -> 54 | G21: =SUM(G17:G20) -> 411 | H21: =SUM(H17:H20) -> 518 | I21: =SUM(I17:I20) -> 6 | J21: =SUM(J17:J20) -> 58 | K21: =SUM(K17:K20) -> 641 | ... O21: =SUM(O17:O20) -> 0 | R21: المجموع | T21: =SUM(T17:T20) -> 0 | U21: =SUM(U17:U20) -> 0 | V21: =SUM(V17:V20) -> 0 | W21: =SUM(W17:W20) -> 0 | X21: =SUM(X17:X20) -> 0 | Y21: =SUM(Y17:Y20) -> 0 | Z21: =SUM(Z17:Z20) -> 0 | AA21: =SUM(AA17:AA20) -> 0 | ... AE21: =SUM(AE17:AE20) -> 0 | AH21: المجموع | AJ21: 0 | AK21: 0 | AL21: 0 | AM21: 0 | AN21: 0 | AO21: 0 | AP21: 0 | AQ21: 0 | AR21: 0 | AS21: 0 | AT21: 0 | AU21: 0 | AX21: المجموع | AZ21: =SUM(AZ17:AZ20) -> 313 | BA21: =SUM(BA17:BA20) -> 25 | BB21: =SUM(BB17:BB20) -> 116 | BC21: =SUM(BC17:BC20) -> 421 | BD21: =SUM(BD17:BD20) -> 542 | BE21: =SUM(BE17:BE20) -> 14 | BF21: =SUM(BF17:BF20) -> 42 | BG21: =SUM(BG17:BG20) -> 414 | ... BK21: =SUM(BK17:BK20) -> 1 | BN21: المجموع | BP21: =SUM(BP17:BP20) -> 313 | BQ21: =SUM(BQ17:BQ20) -> 3 | BR21: =SUM(BR17:BR20) -> 55 | BS21: =SUM(BS17:BS20) -> 556 | BT21: =SUM(BT17:BT20) -> 550 | BU21: =SUM(BU17:BU20) -> 1 | BV21: =SUM(BV17:BV20) -> 17 | BW21: =SUM(BW17:BW20) -> 472 | ... CA21: =SUM(CA17:CA20) -> 1 | CD21: المجموع | CF21: 250 | CG21: 17 | CH21: 74 | CI21: 421 | CJ21: 463 | CK21: 14 | CL21: 34 | CM21: 414 | CN21: 0 | CO21: 0 | CP21: 0 | CQ21: 1 | CT21: المجموع | CV21: 423 | CW21: 20 | CX21: 114 | CY21: 0 | CZ21: 557 | DA21: 9600 | DB21: 65 | DC21: 0 | DD21: 0 | DE21: 0 | DF21: 0 | DG21: 0 | DJ21: المجموع | DL21: 0 | DM21: 7 | DN21: 10 | DO21: 50 | DP21: 98 | DQ21: 1 | DR21: 11 | DS21: 60 | DT21: 0 | DU21: 0 | DV21: 0 | DW21: 0 | DZ21: المجموع | EB21: =SUM(EB17:EB20) -> 596 | EC21: =SUM(EC17:EC20) -> 12 | ED21: =SUM(ED17:ED20) -> 0 | EE21: =SUM(EE17:EE20) -> 91 | EF21: =SUM(EF17:EF20) -> 403 | EG21: =SUM(EG17:EG20) -> 6 | EH21: =SUM(EH17:EH20) -> 0 | EI21: =SUM(EI17:EI20) -> 0 | ... EM21: =SUM(EM17:EM20) -> 0 | EP21: المجموع | ER21: =SUM(ER17:ER20) -> 596 | ES21: =SUM(ES17:ES20) -> 12 | ET21: =SUM(ET17:ET20) -> 0 | EU21: =SUM(EU17:EU20) -> 165 | EV21: =SUM(EV17:EV20) -> 403 | EW21: =SUM(EW17:EW20) -> 6 | EX21: =SUM(EX17:EX20) -> 0 | EY21: =SUM(EY17:EY20) -> 0 | ... FC21: =SUM(FC17:FC20) -> 0 | FF21: المجموع | FH21: =SUM(FH17:FH20) -> 0 | FI21: =SUM(FI17:FI20) -> 0 | FJ21: =SUM(FJ17:FJ20) -> 0 | FK21: =SUM(FK17:FK20) -> 0 | FL21: =SUM(FL17:FL20) -> 0 | FM21: =SUM(FM17:FM20) -> 0 | FN21: =SUM(FN17:FN20) -> 0 | FO21: =SUM(FO17:FO20) -> 0 | ... FS21: =SUM(FS17:FS20) -> 0 | FV21: المجموع | FX21: =SUM(FX17:FX20) -> 0 | FY21: =SUM(FY17:FY20) -> 0 | FZ21: =SUM(FZ17:FZ20) -> 0 | GA21: =SUM(GA17:GA20) -> 0 | GB21: =SUM(GB17:GB20) -> 0 | GC21: =SUM(GC17:GC20) -> 0 | GD21: =SUM(GD17:GD20) -> 0 | GE21: =SUM(GE17:GE20) -> 0 | ... GI21: =SUM(GI17:GI20) -> 0 | GL21: المجموع | GN21: =SUM(GN17:GN20) -> 0 | GO21: =SUM(GO17:GO20) -> #VALUE! | GP21: =SUM(GP17:GP20) -> 477 | GQ21: =SUM(GQ17:GQ20) -> 2436 | GR21: =SUM(GR17:GR20) -> 0 | GS21: =SUM(GS17:GS20) -> #VALUE! | GT21: =SUM(GT17:GT20) -> 239 | GU21: =SUM(GU17:GU20) -> 2295 | ... GY21: =SUM(GY17:GY20) -> 4
B22: العدد المتوقع للمصابين : | E22: مرضى السكري | G22: 0 | I22: مرضى الضغط | K22: 0 | M22: م.الربو | N22: 0 | R22: العدد المتوقع للمصابين : | U22: مرضى السكري | W22: 0 | Y22: مرضى الضغط | AA22: 0 | AC22: م.الربو | AD22: 0 | AH22: العدد المتوقع للمصابين : | AK22: مرضى السكري | AM22: 0 | AO22: مرضى الضغط | AQ22: 0 | AS22: م.الربو | AT22: 0 | AX22: العدد المتوقع للمصابين : | BA22: مرضى السكري | BC22: 0 | BE22: مرضى الضغط | BG22: 0 | BI22: م.الربو | BJ22: 0 | BN22: العدد المتوقع للمصابين : | BQ22: مرضى السكري | BS22: 0 | BU22: مرضى الضغط | BW22: 0 | BY22: م.الربو | BZ22: 0 | CD22: العدد المتوقع للمصابين : | CG22: مرضى السكري | CI22: 0 | CK22: مرضى الضغط | CM22: 0 | CO22: م.الربو | CP22: 0 | CT22: العدد المتوقع للمصابين : | CW22: مرضى السكري | CY22: 0 | DA22: مرضى الضغط | DC22: 0 | DE22: م.الربو | DF22: 0 | DJ22: العدد المتوقع للمصابين : | DM22: مرضى السكري | DO22: 0 | DQ22: مرضى الضغط | DS22: 0 | DU22: م.الربو | DV22: 0 | DZ22: العدد المتوقع للمصابين : | EC22: مرضى السكري | EE22: 0 | EG22: مرضى الضغط | EI22: 0 | EK22: م.الربو | EL22: 0 | EP22: العدد المتوقع للمصابين : | ES22: مرضى السكري | EU22: 0 | EW22: مرضى الضغط | EY22: 0 | FA22: م.الربو | FB22: 0 | FF22: العدد المتوقع للمصابين : | FI22: مرضى السكري | FK22: 0 | FM22: مرضى الضغط | FO22: 0 | FQ22: م.الربو | FR22: 0 | FV22: العدد المتوقع للمصابين : | FY22: مرضى السكري | GA22: 0 | GC22: مرضى الضغط | GE22: 0 | GG22: م.الربو | GH22: 0 | GL22: العدد المتوقع للمصابين : | GO22: مرضى السكري | GR22: =G22+W22+AM22+BC22+BS22+CI22+CY22+DO22+EE22+EU22+FK22+GA22 -> 0 | GS22: مرضى الضغط | GV22: =K22+AA22+AQ22+BG22+BW22+CM22+DC22+DS22+EI22+EY22+FO22+GE22 -> 0 | GW22: م.الربو | GY22: =N22+AD22+AT22+BJ22+BZ22+CP22+DF22+DV22+EL22+FB22+FR22+GH22 -> 0
A23: المطار القديم | C23: ذكر | D23: 310 | E23: 11 | F23: 15 | G23: 0 | H23: 287 | I23: 1 | J23: 6 | K23: 0 | L23: 8 | M23: 0 | N23: 0 | O23: 0 | Q23: المطار القديم | S23: ذكر | T23: 310 | U23: 14 | V23: 15 | W23: 110 | X23: 287 | Y23: 1 | Z23: 6 | AA23: 98 | AB23: 8 | AC23: 0 | AD23: 0 | AE23: 0 | AG23: المطار القديم | AI23: ذكر | AJ23: 157 | AK23: 2 | AL23: 0 | AM23: 0 | AN23: 110 | AO23: 1 | AP23: 0 | AQ23: 0 | AR23: 42 | AS23: 2 | AT23: 0 | AU23: 0 | AW23: المطار القديم | AY23: ذكر | AZ23: 310 | BA23: 11 | BB23: 15 | BC23: 115 | BD23: 287 | BE23: 1 | BF23: 6 | BG23: 100 | BH23: 8 | BI23: 0 | BJ23: 0 | BK23: 0 | BM23: المطار القديم | BO23: ذكر | BP23: 410 | BQ23: 0 | BR23: 1 | BS23: 60 | BT23: 397 | BU23: 0 | BV23: 6 | BW23: 60 | BX23: 61 | BY23: 0 | BZ23: 0 | CA23: 6 | CC23: المطار القديم | CE23: ذكر | CF23: 263 | CG23: 0 | CH23: 1 | CI23: 18 | CJ23: 133 | CK23: 0 | CL23: 1 | CM23: 11 | CN23: 33 | CO23: 0 | CP23: 0 | CQ23: 0 | CS23: المطار القديم | CU23: ذكر | CV23: 310 | CW23: 14 | CX23: 15 | CY23: 110 | CZ23: 287 | DA23: 1 | DB23: 6 | DC23: 98 | DD23: 8 | DE23: 0 | DF23: 0 | DG23: 1 | DI23: المطار القديم | DK23: ذكر | DL23: 320 | DM23: 0 | DN23: 1 | DO23: 50 | DP23: 21 | DQ23: 0 | DR23: 0 | DS23: 72 | DT23: 40 | DU23: 0 | DV23: 0 | DW23: 0 | DY23: المطار القديم | EA23: ذكر | EB23: 1343 | EC23: 4 | ED23: 0 | EE23: 48 | EF23: 968 | EG23: 12 | EH23: 0 | EI23: 23 | EJ23: 23 | EK23: 2 | EL23: 0 | EM23: 3 | EO23: المطار القديم | EQ23: ذكر | ER23: 1343 | ES23: 4 | ET23: 0 | EU23: 30 | EV23: 968 | EW23: 12 | EX23: 0 | EY23: 20 | EZ23: 23 | FA23: 2 | FB23: 0 | FC23: 0 | FE23: المطار القديم | FG23: ذكر | FH23: 0 | FI23: 0 | FJ23: 0 | FK23: 0 | FL23: 0 | FM23: 0 | FN23: 0 | FO23: 0 | FP23: 0 | FQ23: 0 | FR23: 0 | FS23: 0 | FU23: المطار القديم | FW23: ذكر | FX23: 0 | FY23: 0 | FZ23: 0 | GA23: 0 | GB23: 0 | GC23: 0 | GD23: 0 | GE23: 0 | GF23: 0 | GG23: 0 | GH23: 0 | GI23: 0 | GK23: =FU23 -> المطار القديم | GM23: ذكر | GN23: =FX23 -> 0 | GO23: =E23+U23+AK23+BA23+BQ23+CG23++CW23+DM23+EC23+ES23+FI23+FY23 -> 60 | GP23: =F23+V23+AL23+BB23+BR23+CH23++CX23+DN23+ED23+ET23+FJ23+FZ23 -> 63 | GQ23: =G23+W23+AM23+BC23+BS23+CI23++CY23+DO23+EE23+EU23+FK23+GA23 -> 541 | GR23: =GB23 -> 0 | GS23: =I23+Y23+AO23+BE23+BU23+CK23++DA23+DQ23+EG23+EW23+FM23+GC23 -> 29 | GT23: =J23+Z23+AP23+BF23+BV23+CL23++DB23+DR23+EH23+EX23+FN23+GD23 -> 31 | GU23: =K23+AA23+AQ23+BG23+BW23+CM23++DC23+DS23+EI23+EY23+FO23+GE23 -> 482 | GV23: =GF23 -> 0 | GW23: =M23+AC23+AS23+BI23+BY23+CO23++DE23+DU23+EK23+FA23+FQ23+GG23 -> 6 | GX23: =N23+AD23+AT23+BJ23+BZ23+CP23++DF23+DV23+EL23+FB23+FR23+GH23 -> 0 | GY23: =O23+AE23+AU23+BK23+CA23+CQ23++DG23+DW23+EM23+FC23+FS23+GI23 -> 10
B24: سعودي | C24: أنثى | D24: 298 | E24: 7 | F24: 7 | G24: 0 | H24: 108 | I24: 0 | J24: 0 | K24: 0 | L24: 0 | M24: 0 | N24: 0 | O24: 0 | R24: سعودي | S24: أنثى | T24: 298 | U24: 9 | V24: 8 | W24: 95 | X24: 108 | Y24: 0 | Z24: 0 | AA24: 96 | AB24: 0 | AC24: 0 | AD24: 0 | AE24: 0 | AH24: سعودي | AI24: أنثى | AJ24: 110 | AK24: 10 | AL24: 0 | AM24: 0 | AN24: 130 | AO24: 7 | AP24: 0 | AQ24: 0 | AR24: 3 | AS24: 0 | AT24: 0 | AU24: 0 | AX24: سعودي | AY24: أنثى | AZ24: 298 | BA24: 7 | BB24: 8 | BC24: 80 | BD24: 108 | BE24: 0 | BF24: 0 | BG24: 91 | BH24: 0 | BI24: 0 | BJ24: 0 | BK24: 0 | BN24: سعودي | BO24: أنثى | BP24: 308 | BQ24: 0 | BR24: 30 | BS24: 45 | BT24: 206 | BU24: 0 | BV24: 5 | BW24: 61 | BX24: 62 | BY24: 0 | BZ24: 0 | CA24: 2 | CD24: سعودي | CE24: أنثى | CF24: 315 | CG24: 0 | CH24: 1 | CI24: 22 | CJ24: 216 | CK24: 0 | CL24: 0 | CM24: 20 | CN24: 36 | CO24: 0 | CP24: 0 | CQ24: 0 | CT24: سعودي | CU24: أنثى | CV24: 298 | CW24: 9 | CX24: 8 | CY24: 95 | CZ24: 108 | DA24: 0 | DB24: 0 | DC24: 96 | DD24: 0 | DE24: 0 | DF24: 0 | DG24: 0 | DJ24: سعودي | DK24: أنثى | DL24: 100 | DM24: 0 | DN24: 1 | DO24: 46 | DP24: 7 | DQ24: 0 | DR24: 0 | DS24: 44 | DT24: 30 | DU24: 0 | DV24: 0 | DW24: 0 | DZ24: سعودي | EA24: أنثى | EB24: 0 | EC24: 3 | ED24: 0 | EE24: 29 | EF24: 755 | EG24: 11 | EH24: 0 | EI24: 11 | EJ24: 20 | EK24: 1 | EL24: 0 | EM24: 3 | EP24: سعودي | EQ24: أنثى | ER24: 0 | ES24: 3 | ET24: 0 | EU24: 20 | EV24: 755 | EW24: 11 | EX24: 0 | EY24: 10 | EZ24: 20 | FA24: 1 | FB24: 0 | FC24: 0 | FF24: سعودي | FG24: أنثى | FH24: 0 | FI24: 0 | FJ24: 0 | FK24: 0 | FL24: 0 | FM24: 0 | FN24: 0 | FO24: 0 | FP24: 0 | FQ24: 0 | FR24: 0 | FS24: 0 | FV24: سعودي | FW24: أنثى | FX24: 0 | FY24: 0 | FZ24: 0 | GA24: 0 | GB24: 0 | GC24: 0 | GD24: 0 | GE24: 0 | GF24: 0 | GG24: 0 | GH24: 0 | GI24: 0 | GL24: سعودي | GM24: أنثى | GN24: =FX24 -> 0 | GO24: =E24+U24+AK24+BA24+BQ24+CG24++CW24+DM24+EC24+ES24+FI24+FY24 -> 48 | GP24: =F24+V24+AL24+BB24+BR24+CH24++CX24+DN24+ED24+ET24+FJ24+FZ24 -> 63 | GQ24: =G24+W24+AM24+BC24+BS24+CI24++CY24+DO24+EE24+EU24+FK24+GA24 -> 432 | GR24: =GB24 -> 0 | GS24: =I24+Y24+AO24+BE24+BU24+CK24++DA24+DQ24+EG24+EW24+FM24+GC24 -> 29 | GT24: =J24+Z24+AP24+BF24+BV24+CL24++DB24+DR24+EH24+EX24+FN24+GD24 -> 5 | GU24: =K24+AA24+AQ24+BG24+BW24+CM24++DC24+DS24+EI24+EY24+FO24+GE24 -> 429 | GV24: =GF24 -> 0 | GW24: =M24+AC24+AS24+BI24+BY24+CO24++DE24+DU24+EK24+FA24+FQ24+GG24 -> 2 | GX24: =N24+AD24+AT24+BJ24+BZ24+CP24++DF24+DV24+EL24+FB24+FR24+GH24 -> 0 | GY24: =O24+AE24+AU24+BK24+CA24+CQ24++DG24+DW24+EM24+FC24+FS24+GI24 -> 5
B25: غير | C25: ذكر | D25: 189 | E25: 7 | F25: 2 | G25: 0 | H25: 87 | I25: 0 | J25: 1 | K25: 0 | L25: 0 | M25: 0 | N25: 0 | O25: 0 | R25: غير | S25: ذكر | T25: 189 | U25: 8 | V25: 2 | W25: 69 | X25: 87 | Y25: 0 | Z25: 1 | AA25: 8 | AB25: 0 | AC25: 0 | AD25: 0 | AE25: 0 | AH25: غير | AI25: ذكر | AJ25: 9 | AK25: 0 | AL25: 0 | AM25: 0 | AN25: 14 | AO25: 0 | AP25: 0 | AQ25: 0 | AR25: 0 | AS25: 0 | AT25: 0 | AU25: 0 | AX25: غير | AY25: ذكر | AZ25: 189 | BA25: 7 | BB25: 2 | BC25: 40 | BD25: 77 | BE25: 0 | BF25: 1 | BG25: 10 | BH25: 0 | BI25: 0 | BJ25: 0 | BK25: 0 | BN25: غير | BO25: ذكر | BP25: 100 | BQ25: 0 | BR25: 1 | BS25: 1 | BT25: 61 | BU25: 0 | BV25: 3 | BW25: 13 | BX25: 13 | BY25: 0 | BZ25: 0 | CA25: 4 | CD25: غير | CE25: ذكر | CF25: 31 | CG25: 0 | CH25: 0 | CI25: 2 | CJ25: 22 | CK25: 0 | CL25: 0 | CM25: 0 | CN25: 1 | CO25: 0 | CP25: 0 | CQ25: 0 | CT25: غير | CU25: ذكر | CV25: 189 | CW25: 8 | CX25: 2 | CY25: 69 | CZ25: 87 | DA25: 0 | DB25: 1 | DC25: 8 | DD25: 0 | DE25: 0 | DF25: 0 | DG25: 0 | DJ25: غير | DK25: ذكر | DL25: 29 | DM25: 0 | DN25: 2 | DO25: 12 | DP25: 10 | DQ25: 0 | DR25: 0 | DS25: 23 | DT25: 6 | DU25: 0 | DV25: 0 | DW25: 0 | DZ25: غير | EA25: ذكر | EB25: 0 | EC25: 1 | ED25: 0 | EE25: 17 | EF25: 721 | EG25: 2 | EH25: 0 | EI25: 2 | EJ25: 5 | EK25: 0 | EL25: 0 | EM25: 1 | EP25: غير | EQ25: ذكر | ER25: 0 | ES25: 1 | ET25: 0 | EU25: 10 | EV25: 721 | EW25: 2 | EX25: 0 | EY25: 0 | EZ25: 5 | FA25: 0 | FB25: 0 | FC25: 0 | FF25: غير | FG25: ذكر | FH25: 0 | FI25: 0 | FJ25: 0 | FK25: 0 | FL25: 0 | FM25: 0 | FN25: 0 | FO25: 0 | FP25: 0 | FQ25: 0 | FR25: 0 | FS25: 0 | FV25: غير | FW25: ذكر | FX25: 0 | FY25: 0 | FZ25: 0 | GA25: 0 | GB25: 0 | GC25: 0 | GD25: 0 | GE25: 0 | GF25: 0 | GG25: 0 | GH25: 0 | GI25: 0 | GL25: غير | GM25: ذكر | GN25: =FX25 -> 0 | GO25: =E25+U25+AK25+BA25+BQ25+CG25++CW25+DM25+EC25+ES25+FI25+FY25 -> 32 | GP25: =F25+V25+AL25+BB25+BR25+CH25++CX25+DN25+ED25+ET25+FJ25+FZ25 -> 11 | GQ25: =G25+W25+AM25+BC25+BS25+CI25++CY25+DO25+EE25+EU25+FK25+GA25 -> 220 | GR25: =GB25 -> 0 | GS25: =I25+Y25+AO25+BE25+BU25+CK25++DA25+DQ25+EG25+EW25+FM25+GC25 -> 4 | GT25: =J25+Z25+AP25+BF25+BV25+CL25++DB25+DR25+EH25+EX25+FN25+GD25 -> 7 | GU25: =K25+AA25+AQ25+BG25+BW25+CM25++DC25+DS25+EI25+EY25+FO25+GE25 -> 64 | GV25: =GF25 -> 0 | GW25: =M25+AC25+AS25+BI25+BY25+CO25++DE25+DU25+EK25+FA25+FQ25+GG25 -> 0 | GX25: =N25+AD25+AT25+BJ25+BZ25+CP25++DF25+DV25+EL25+FB25+FR25+GH25 -> 0 | GY25: =O25+AE25+AU25+BK25+CA25+CQ25++DG25+DW25+EM25+FC25+FS25+GI25 -> 5
B26: سعودي | C26: أنثى | D26: 110 | E26: 0 | F26: 0 | G26: 0 | H26: 30 | I26: 0 | J26: 0 | K26: 0 | L26: 0 | M26: 0 | N26: 0 | O26: 0 | R26: سعودي | S26: أنثى | T26: 110 | U26: 0 | V26: 0 | W26: 40 | X26: 30 | Y26: 0 | Z26: 0 | AA26: 14 | AB26: 0 | AC26: 0 | AD26: 0 | AE26: 0 | AH26: سعودي | AI26: أنثى | AJ26: 16 | AK26: 3 | AL26: 0 | AM26: 0 | AN26: 10 | AO26: 2 | AP26: 0 | AQ26: 0 | AR26: 0 | AS26: 0 | AT26: 0 | AU26: 0 | AX26: سعودي | AY26: أنثى | AZ26: 100 | BA26: 0 | BB26: 0 | BC26: 20 | BD26: 35 | BE26: 0 | BF26: 0 | BG26: 19 | BH26: 0 | BI26: 0 | BJ26: 0 | BK26: 0 | BN26: سعودي | BO26: أنثى | BP26: 110 | BQ26: 0 | BR26: 0 | BS26: 0 | BT26: 109 | BU26: 0 | BV26: 0 | BW26: 0 | BX26: 6 | BY26: 0 | BZ26: 0 | CA26: 0 | CD26: سعودي | CE26: أنثى | CF26: 25 | CG26: 0 | CH26: 0 | CI26: 3 | CJ26: 25 | CK26: 0 | CL26: 0 | CM26: 0 | CN26: 2 | CO26: 0 | CP26: 0 | CQ26: 0 | CT26: سعودي | CU26: أنثى | CV26: 110 | CW26: 0 | CX26: 0 | CY26: 40 | CZ26: 30 | DA26: 0 | DB26: 0 | DC26: 14 | DD26: 0 | DE26: 0 | DF26: 0 | DG26: 0 | DJ26: سعودي | DK26: أنثى | DL26: 7 | DM26: 0 | DN26: 0 | DO26: 27 | DP26: 5 | DQ26: 0 | DR26: 0 | DS26: 9 | DT26: 0 | DU26: 0 | DV26: 0 | DW26: 0 | DZ26: سعودي | EA26: أنثى | EB26: 0 | EC26: 0 | ED26: 0 | EE26: 12 | EF26: 90 | EG26: 3 | EH26: 0 | EI26: 2 | EJ26: 5 | EK26: 1 | EL26: 0 | EM26: 2 | EP26: سعودي | EQ26: أنثى | ER26: 0 | ES26: 0 | ET26: 0 | EU26: 8 | EV26: 90 | EW26: 3 | EX26: 0 | EY26: 0 | EZ26: 5 | FA26: 1 | FB26: 0 | FC26: 0 | FF26: سعودي | FG26: أنثى | FH26: 0 | FI26: 0 | FJ26: 0 | FK26: 0 | FL26: 0 | FM26: 0 | FN26: 0 | FO26: 0 | FP26: 0 | FQ26: 0 | FR26: 0 | FS26: 0 | FV26: سعودي | FW26: أنثى | FX26: 0 | FY26: 0 | FZ26: 0 | GA26: 0 | GB26: 0 | GC26: 0 | GD26: 0 | GE26: 0 | GF26: 0 | GG26: 0 | GH26: 0 | GI26: 0 | GL26: سعودي | GM26: أنثى | GN26: =FX26 -> 0 | GO26: =E26+U26+AK26+BA26+BQ26+CG26++CW26+DM26+EC26+ES26+FI26+FY26 -> 3 | GP26: =F26+V26+AL26+BB26+BR26+CH26++CX26+DN26+ED26+ET26+FJ26+FZ26 -> 0 | GQ26: =G26+W26+AM26+BC26+BS26+CI26++CY26+DO26+EE26+EU26+FK26+GA26 -> 150 | GR26: =GB26 -> 0 | GS26: =I26+Y26+AO26+BE26+BU26+CK26++DA26+DQ26+EG26+EW26+FM26+GC26 -> 8 | GT26: =J26+Z26+AP26+BF26+BV26+CL26++DB26+DR26+EH26+EX26+FN26+GD26 -> 0 | GU26: =K26+AA26+AQ26+BG26+BW26+CM26++DC26+DS26+EI26+EY26+FO26+GE26 -> 58 | GV26: =GF26 -> 0 | GW26: =M26+AC26+AS26+BI26+BY26+CO26++DE26+DU26+EK26+FA26+FQ26+GG26 -> 2 | GX26: =N26+AD26+AT26+BJ26+BZ26+CP26++DF26+DV26+EL26+FB26+FR26+GH26 -> 0 | GY26: =O26+AE26+AU26+BK26+CA26+CQ26++DG26+DW26+EM26+FC26+FS26+GI26 -> 2
B27: المجموع | D27: =SUM(D23:D26) -> 907 | E27: =SUM(E23:E26) -> 25 | F27: =SUM(F23:F26) -> 24 | G27: =SUM(G23:G26) -> 0 | H27: =SUM(H23:H26) -> 512 | I27: =SUM(I23:I26) -> 1 | J27: =SUM(J23:J26) -> 7 | K27: =SUM(K23:K26) -> 0 | ... O27: =SUM(O23:O26) -> 0 | R27: المجموع | T27: =SUM(T23:T26) -> 907 | U27: =SUM(U23:U26) -> 31 | V27: =SUM(V23:V26) -> 25 | W27: =SUM(W23:W26) -> 314 | X27: =SUM(X23:X26) -> 512 | Y27: =SUM(Y23:Y26) -> 1 | Z27: =SUM(Z23:Z26) -> 7 | AA27: =SUM(AA23:AA26) -> 216 | ... AE27: =SUM(AE23:AE26) -> 0 | AH27: المجموع | AJ27: 0 | AK27: 0 | AL27: 0 | AM27: 0 | AN27: 0 | AO27: 0 | AP27: 0 | AQ27: 0 | AR27: 0 | AS27: 0 | AT27: 0 | AU27: 0 | AX27: المجموع | AZ27: =SUM(AZ23:AZ26) -> 897 | BA27: =SUM(BA23:BA26) -> 25 | BB27: =SUM(BB23:BB26) -> 25 | BC27: =SUM(BC23:BC26) -> 255 | BD27: =SUM(BD23:BD26) -> 507 | BE27: =SUM(BE23:BE26) -> 1 | BF27: =SUM(BF23:BF26) -> 7 | BG27: =SUM(BG23:BG26) -> 220 | ... BK27: =SUM(BK23:BK26) -> 0 | BN27: المجموع | BP27: =SUM(BP23:BP26) -> 928 | BQ27: =SUM(BQ23:BQ26) -> 0 | BR27: =SUM(BR23:BR26) -> 32 | BS27: =SUM(BS23:BS26) -> 106 | BT27: =SUM(BT23:BT26) -> 773 | BU27: =SUM(BU23:BU26) -> 0 | BV27: =SUM(BV23:BV26) -> 14 | BW27: =SUM(BW23:BW26) -> 134 | ... CA27: =SUM(CA23:CA26) -> 12 | CD27: المجموع | CF27: 0 | CG27: 0 | CH27: 0 | CI27: 45 | CJ27: 0 | CK27: 0 | CL27: 0 | CM27: 31 | CN27: 0 | CO27: 0 | CP27: 0 | CQ27: 0 | CT27: المجموع | CV27: 907 | CW27: 31 | CX27: 25 | CY27: 314 | CZ27: 512 | DA27: 1 | DB27: 7 | DC27: 216 | DD27: 8 | DE27: 0 | DF27: 0 | DG27: 1 | DJ27: المجموع | DL27: =SUM(DL23:DL26) -> 456 | DM27: =SUM(DM23:DM26) -> 0 | DN27: =SUM(DN23:DN26) -> 4 | DO27: =SUM(DO23:DO26) -> 135 | DP27: =SUM(DP23:DP26) -> 43 | DQ27: =SUM(DQ23:DQ26) -> 0 | DR27: =SUM(DR23:DR26) -> 0 | DS27: =SUM(DS23:DS26) -> 148 | ... DW27: =SUM(DW23:DW26) -> 0 | DZ27: المجموع | EB27: =SUM(EB23:EB26) -> 1343 | EC27: =SUM(EC23:EC26) -> 8 | ED27: =SUM(ED23:ED26) -> 0 | EE27: =SUM(EE23:EE26) -> 106 | EF27: =SUM(EF23:EF26) -> 2534 | EG27: =SUM(EG23:EG26) -> 28 | EH27: =SUM(EH23:EH26) -> 0 | EI27: =SUM(EI23:EI26) -> 38 | ... EM27: =SUM(EM23:EM26) -> 9 | EP27: المجموع | ER27: =SUM(ER23:ER26) -> 1343 | ES27: =SUM(ES23:ES26) -> 8 | ET27: =SUM(ET23:ET26) -> 0 | EU27: =SUM(EU23:EU26) -> 68 | EV27: =SUM(EV23:EV26) -> 2534 | EW27: =SUM(EW23:EW26) -> 28 | EX27: =SUM(EX23:EX26) -> 0 | EY27: =SUM(EY23:EY26) -> 30 | ... FC27: =SUM(FC23:FC26) -> 0 | FF27: المجموع | FH27: =SUM(FH23:FH26) -> 0 | FI27: =SUM(FI23:FI26) -> 0 | FJ27: =SUM(FJ23:FJ26) -> 0 | FK27: =SUM(FK23:FK26) -> 0 | FL27: =SUM(FL23:FL26) -> 0 | FM27: =SUM(FM23:FM26) -> 0 | FN27: =SUM(FN23:FN26) -> 0 | FO27: =SUM(FO23:FO26) -> 0 | ... FS27: =SUM(FS23:FS26) -> 0 | FV27: المجموع | FX27: =SUM(FX23:FX26) -> 0 | FY27: =SUM(FY23:FY26) -> 0 | FZ27: =SUM(FZ23:FZ26) -> 0 | GA27: =SUM(GA23:GA26) -> 0 | GB27: =SUM(GB23:GB26) -> 0 | GC27: =SUM(GC23:GC26) -> 0 | GD27: =SUM(GD23:GD26) -> 0 | GE27: =SUM(GE23:GE26) -> 0 | ... GI27: =SUM(GI23:GI26) -> 0 | GL27: المجموع | GN27: =SUM(GN23:GN26) -> 0 | GO27: =SUM(GO23:GO26) -> 143 | GP27: =SUM(GP23:GP26) -> 137 | GQ27: =SUM(GQ23:GQ26) -> 1343 | GR27: =SUM(GR23:GR26) -> 0 | GS27: =SUM(GS23:GS26) -> 70 | GT27: =SUM(GT23:GT26) -> 43 | GU27: =SUM(GU23:GU26) -> 1033 | ... GY27: =SUM(GY23:GY26) -> 22
B28: العدد المتوقع للمصابين : | E28: مرضى السكري | G28: 0 | I28: مرضى الضغط | K28: 0 | M28: م.الربو | N28: 0 | R28: العدد المتوقع للمصابين : | U28: مرضى السكري | W28: 0 | Y28: مرضى الضغط | AA28: 0 | AC28: م.الربو | AD28: 0 | AH28: العدد المتوقع للمصابين : | AK28: مرضى السكري | AM28: 0 | AO28: مرضى الضغط | AQ28: 0 | AS28: م.الربو | AT28: 0 | AX28: العدد المتوقع للمصابين : | BA28: مرضى السكري | BC28: 0 | BE28: مرضى الضغط | BG28: 0 | BI28: م.الربو | BJ28: 0 | BN28: العدد المتوقع للمصابين : | BQ28: مرضى السكري | BS28: 0 | BU28: مرضى الضغط | BW28: 0 | BY28: م.الربو | BZ28: 0 | CD28: العدد المتوقع للمصابين : | CG28: مرضى السكري | CI28: 0 | CK28: مرضى الضغط | CM28: 0 | CO28: م.الربو | CP28: 0 | CT28: العدد المتوقع للمصابين : | CW28: مرضى السكري | CY28: 0 | DA28: مرضى الضغط | DC28: 0 | DE28: م.الربو | DF28: 0 | DJ28: العدد المتوقع للمصابين : | DM28: مرضى السكري | DO28: 0 | DQ28: مرضى الضغط | DS28: 0 | DU28: م.الربو | DV28: 0 | DZ28: العدد المتوقع للمصابين : | EC28: مرضى السكري | EE28: 0 | EG28: مرضى الضغط | EI28: 0 | EK28: م.الربو | EL28: 0 | EP28: العدد المتوقع للمصابين : | ES28: مرضى السكري | EU28: 0 | EW28: مرضى الضغط | EY28: 0 | FA28: م.الربو | FB28: 0 | FF28: العدد المتوقع للمصابين : | FI28: مرضى السكري | FK28: 0 | FM28: مرضى الضغط | FO28: 0 | FQ28: م.الربو | FR28: 0 | FV28: العدد المتوقع للمصابين : | FY28: مرضى السكري | GA28: 0 | GC28: مرضى الضغط | GE28: 0 | GG28: م.الربو | GH28: 0 | GL28: العدد المتوقع للمصابين : | GO28: مرضى السكري | GR28: =G28+W28+AM28+BC28+BS28+CI28+CY28+DO28+EE28+EU28+FK28+GA28 -> 0 | GS28: مرضى الضغط | GV28: =K28+AA28+AQ28+BG28+BW28+CM28+DC28+DS28+EI28+EY28+FO28+GE28 -> 0 | GW28: م.الربو | GY28: =N28+AD28+AT28+BJ28+BZ28+CP28+DF28+DV28+EL28+FB28+FR28+GH28 -> 0
A29: الروابي | C29: ذكر | D29: 0 | E29: 0 | F29: 0 | G29: 0 | H29: 0 | I29: 0 | J29: 0 | K29: 0 | L29: 0 | M29: 0 | N29: 0 | O29: 0 | Q29: الروابي | S29: ذكر | T29: 0 | U29: 0 | V29: 0 | W29: 0 | X29: 0 | Y29: 0 | Z29: 0 | AA29: 0 | AB29: 0 | AC29: 0 | AD29: 0 | AE29: 0 | AG29: الروابي | AI29: ذكر | AJ29: 0 | AK29: 0 | AL29: 0 | AM29: 0 | AN29: 0 | AO29: 0 | AP29: 0 | AQ29: 0 | AR29: 0 | AS29: 0 | AT29: 0 | AU29: 0 | AW29: الروابي | AY29: ذكر | AZ29: 0 | BA29: 0 | BB29: 0 | BC29: 0 | BD29: 0 | BE29: 0 | BF29: 0 | BG29: 0 | BH29: 0 | BI29: 0 | BJ29: 0 | BK29: 0 | BM29: الروابي | BO29: ذكر | BP29: 0 | BQ29: 0 | BR29: 0 | BS29: 0 | BT29: 0 | BU29: 0 | BV29: 0 | BW29: 0 | BX29: 0 | BY29: 0 | BZ29: 0 | CA29: 0 | CC29: الروابي | CE29: ذكر | CF29: 0 | CG29: 0 | CH29: 0 | CI29: 0 | CJ29: 0 | CK29: 0 | CL29: 0 | CM29: 0 | CN29: 0 | CO29: 0 | CP29: 0 | CQ29: 0 | CS29: الروابي | CU29: ذكر | CV29: 0 | CW29: 0 | CX29: 0 | CY29: 0 | CZ29: 0 | DA29: 0 | DB29: 0 | DC29: 0 | DD29: 0 | DE29: 0 | DF29: 0 | DG29: 0 | DI29: الروابي | DK29: ذكر | DL29: 0 | DM29: 0 | DN29: 0 | DO29: 0 | DP29: 0 | DQ29: 0 | DR29: 0 | DS29: 0 | DT29: 0 | DU29: 0 | DV29: 0 | DW29: 0 | DY29: الروابي | EA29: ذكر | EB29: 0 | EC29: 0 | ED29: 0 | EE29: 0 | EF29: 0 | EG29: 0 | EH29: 0 | EI29: 0 | EJ29: 0 | EK29: 0 | EL29: 0 | EM29: 0 | EO29: الروابي | EQ29: ذكر | ER29: 0 | ES29: 0 | ET29: 0 | EU29: 0 | EV29: 0 | EW29: 0 | EX29: 0 | EY29: 0 | EZ29: 0 | FA29: 0 | FB29: 0 | FC29: 0 | FE29: الروابي | FG29: ذكر | FH29: 0 | FI29: 0 | FJ29: 0 | FK29: 0 | FL29: 0 | FM29: 0 | FN29: 0 | FO29: 0 | FP29: 0 | FQ29: 0 | FR29: 0 | FS29: 0 | FU29: الروابي | FW29: ذكر | FX29: 0 | FY29: 0 | FZ29: 0 | GA29: 0 | GB29: 0 | GC29: 0 | GD29: 0 | GE29: 0 | GF29: 0 | GG29: 0 | GH29: 0 | GI29: 0 | GK29: =FU29 -> الروابي | GM29: ذكر | GN29: =FX29 -> 0 | GO29: =E29+U29+AK29+BA29+BQ29+CG29++CW29+DM29+EC29+ES29+FI29+FY29 -> 0 | GP29: =F29+V29+AL29+BB29+BR29+CH29++CX29+DN29+ED29+ET29+FJ29+FZ29 -> 0 | GQ29: =G29+W29+AM29+BC29+BS29+CI29++CY29+DO29+EE29+EU29+FK29+GA29 -> 0 | GR29: =GB29 -> 0 | GS29: =I29+Y29+AO29+BE29+BU29+CK29++DA29+DQ29+EG29+EW29+FM29+GC29 -> 0 | GT29: =J29+Z29+AP29+BF29+BV29+CL29++DB29+DR29+EH29+EX29+FN29+GD29 -> 0 | GU29: =K29+AA29+AQ29+BG29+BW29+CM29++DC29+DS29+EI29+EY29+FO29+GE29 -> 0 | GV29: =GF29 -> 0 | GW29: =M29+AC29+AS29+BI29+BY29+CO29++DE29+DU29+EK29+FA29+FQ29+GG29 -> 0 | GX29: =N29+AD29+AT29+BJ29+BZ29+CP29++DF29+DV29+EL29+FB29+FR29+GH29 -> 0 | GY29: =O29+AE29+AU29+BK29+CA29+CQ29++DG29+DW29+EM29+FC29+FS29+GI29 -> 0
B30: سعودي | C30: أنثى | D30: 0 | E30: 0 | F30: 0 | G30: 0 | H30: 0 | I30: 0 | J30: 0 | K30: 0 | L30: 0 | M30: 0 | N30: 0 | O30: 0 | R30: سعودي | S30: أنثى | T30: 0 | U30: 0 | V30: 0 | W30: 0 | X30: 0 | Y30: 0 | Z30: 0 | AA30: 0 | AB30: 0 | AC30: 0 | AD30: 0 | AE30: 0 | AH30: سعودي | AI30: أنثى | AJ30: 0 | AK30: 0 | AL30: 0 | AM30: 0 | AN30: 0 | AO30: 0 | AP30: 0 | AQ30: 0 | AR30: 0 | AS30: 0 | AT30: 0 | AU30: 0 | AX30: سعودي | AY30: أنثى | AZ30: 0 | BA30: 0 | BB30: 0 | BC30: 0 | BD30: 0 | BE30: 0 | BF30: 0 | BG30: 0 | BH30: 0 | BI30: 0 | BJ30: 0 | BK30: 0 | BN30: سعودي | BO30: أنثى | BP30: 0 | BQ30: 0 | BR30: 0 | BS30: 0 | BT30: 0 | BU30: 0 | BV30: 0 | BW30: 0 | BX30: 0 | BY30: 0 | BZ30: 0 | CA30: 0 | CD30: سعودي | CE30: أنثى | CF30: 0 | CG30: 0 | CH30: 0 | CI30: 0 | CJ30: 0 | CK30: 0 | CL30: 0 | CM30: 0 | CN30: 0 | CO30: 0 | CP30: 0 | CQ30: 0 | CT30: سعودي | CU30: أنثى | CV30: 0 | CW30: 0 | CX30: 0 | CY30: 0 | CZ30: 0 | DA30: 0 | DB30: 0 | DC30: 0 | DD30: 0 | DE30: 0 | DF30: 0 | DG30: 0 | DJ30: سعودي | DK30: أنثى | DL30: 0 | DM30: 0 | DN30: 0 | DO30: 0 | DP30: 0 | DQ30: 0 | DR30: 0 | DS30: 0 | DT30: 0 | DU30: 0 | DV30: 0 | DW30: 0 | DZ30: سعودي | EA30: أنثى | EB30: 0 | EC30: 0 | ED30: 0 | EE30: 0 | EF30: 0 | EG30: 0 | EH30: 0 | EI30: 0 | EJ30: 0 | EK30: 0 | EL30: 0 | EM30: 0 | EP30: سعودي | EQ30: أنثى | ER30: 0 | ES30: 0 | ET30: 0 | EU30: 0 | EV30: 0 | EW30: 0 | EX30: 0 | EY30: 0 | EZ30: 0 | FA30: 0 | FB30: 0 | FC30: 0 | FF30: سعودي | FG30: أنثى | FH30: 0 | FI30: 0 | FJ30: 0 | FK30: 0 | FL30: 0 | FM30: 0 | FN30: 0 | FO30: 0 | FP30: 0 | FQ30: 0 | FR30: 0 | FS30: 0 | FV30: سعودي | FW30: أنثى | FX30: 0 | FY30: 0 | FZ30: 0 | GA30: 0 | GB30: 0 | GC30: 0 | GD30: 0 | GE30: 0 | GF30: 0 | GG30: 0 | GH30: 0 | GI30: 0 | GL30: سعودي | GM30: أنثى | GN30: =FX30 -> 0 | GO30: =E30+U30+AK30+BA30+BQ30+CG30++CW30+DM30+EC30+ES30+FI30+FY30 -> 0 | GP30: =F30+V30+AL30+BB30+BR30+CH30++CX30+DN30+ED30+ET30+FJ30+FZ30 -> 0 | GQ30: =G30+W30+AM30+BC30+BS30+CI30++CY30+DO30+EE30+EU30+FK30+GA30 -> 0 | GR30: =GB30 -> 0 | GS30: =I30+Y30+AO30+BE30+BU30+CK30++DA30+DQ30+EG30+EW30+FM30+GC30 -> 0 | GT30: =J30+Z30+AP30+BF30+BV30+CL30++DB30+DR30+EH30+EX30+FN30+GD30 -> 0 | GU30: =K30+AA30+AQ30+BG30+BW30+CM30++DC30+DS30+EI30+EY30+FO30+GE30 -> 0 | GV30: =GF30 -> 0 | GW30: =M30+AC30+AS30+BI30+BY30+CO30++DE30+DU30+EK30+FA30+FQ30+GG30 -> 0 | GX30: =N30+AD30+AT30+BJ30+BZ30+CP30++DF30+DV30+EL30+FB30+FR30+GH30 -> 0 | GY30: =O30+AE30+AU30+BK30+CA30+CQ30++DG30+DW30+EM30+FC30+FS30+GI30 -> 0
B31: غير | C31: ذكر | D31: 0 | E31: 0 | F31: 0 | G31: 0 | H31: 0 | I31: 0 | J31: 0 | K31: 0 | L31: 0 | M31: 0 | N31: 0 | O31: 0 | R31: غير | S31: ذكر | T31: 0 | U31: 0 | V31: 0 | W31: 0 | X31: 0 | Y31: 0 | Z31: 0 | AA31: 0 | AB31: 0 | AC31: 0 | AD31: 0 | AE31: 0 | AH31: غير | AI31: ذكر | AJ31: 0 | AK31: 0 | AL31: 0 | AM31: 0 | AN31: 0 | AO31: 0 | AP31: 0 | AQ31: 0 | AR31: 0 | AS31: 0 | AT31: 0 | AU31: 0 | AX31: غير | AY31: ذكر | AZ31: 0 | BA31: 0 | BB31: 0 | BC31: 0 | BD31: 0 | BE31: 0 | BF31: 0 | BG31: 0 | BH31: 0 | BI31: 0 | BJ31: 0 | BK31: 0 | BN31: غير | BO31: ذكر | BP31: 0 | BQ31: 0 | BR31: 0 | BS31: 0 | BT31: 0 | BU31: 0 | BV31: 0 | BW31: 0 | BX31: 0 | BY31: 0 | BZ31: 0 | CA31: 0 | CD31: غير | CE31: ذكر | CF31: 0 | CG31: 0 | CH31: 0 | CI31: 0 | CJ31: 0 | CK31: 0 | CL31: 0 | CM31: 0 | CN31: 0 | CO31: 0 | CP31: 0 | CQ31: 0 | CT31: غير | CU31: ذكر | CV31: 0 | CW31: 0 | CX31: 0 | CY31: 0 | CZ31: 0 | DA31: 0 | DB31: 0 | DC31: 0 | DD31: 0 | DE31: 0 | DF31: 0 | DG31: 0 | DJ31: غير | DK31: ذكر | DL31: 0 | DM31: 0 | DN31: 0 | DO31: 0 | DP31: 0 | DQ31: 0 | DR31: 0 | DS31: 0 | DT31: 0 | DU31: 0 | DV31: 0 | DW31: 0 | DZ31: غير | EA31: ذكر | EB31: 0 | EC31: 0 | ED31: 0 | EE31: 0 | EF31: 0 | EG31: 0 | EH31: 0 | EI31: 0 | EJ31: 0 | EK31: 0 | EL31: 0 | EM31: 0 | EP31: غير | EQ31: ذكر | ER31: 0 | ES31: 0 | ET31: 0 | EU31: 0 | EV31: 0 | EW31: 0 | EX31: 0 | EY31: 0 | EZ31: 0 | FA31: 0 | FB31: 0 | FC31: 0 | FF31: غير | FG31: ذكر | FH31: 0 | FI31: 0 | FJ31: 0 | FK31: 0 | FL31: 0 | FM31: 0 | FN31: 0 | FO31: 0 | FP31: 0 | FQ31: 0 | FR31: 0 | FS31: 0 | FV31: غير | FW31: ذكر | FX31: 0 | FY31: 0 | FZ31: 0 | GA31: 0 | GB31: 0 | GC31: 0 | GD31: 0 | GE31: 0 | GF31: 0 | GG31: 0 | GH31: 0 | GI31: 0 | GL31: غير | GM31: ذكر | GN31: =FX31 -> 0 | GO31: =E31+U31+AK31+BA31+BQ31+CG31++CW31+DM31+EC31+ES31+FI31+FY31 -> 0 | GP31: =F31+V31+AL31+BB31+BR31+CH31++CX31+DN31+ED31+ET31+FJ31+FZ31 -> 0 | GQ31: =G31+W31+AM31+BC31+BS31+CI31++CY31+DO31+EE31+EU31+FK31+GA31 -> 0 | GR31: =GB31 -> 0 | GS31: =I31+Y31+AO31+BE31+BU31+CK31++DA31+DQ31+EG31+EW31+FM31+GC31 -> 0 | GT31: =J31+Z31+AP31+BF31+BV31+CL31++DB31+DR31+EH31+EX31+FN31+GD31 -> 0 | GU31: =K31+AA31+AQ31+BG31+BW31+CM31++DC31+DS31+EI31+EY31+FO31+GE31 -> 0 | GV31: =GF31 -> 0 | GW31: =M31+AC31+AS31+BI31+BY31+CO31++DE31+DU31+EK31+FA31+FQ31+GG31 -> 0 | GX31: =N31+AD31+AT31+BJ31+BZ31+CP31++DF31+DV31+EL31+FB31+FR31+GH31 -> 0 | GY31: =O31+AE31+AU31+BK31+CA31+CQ31++DG31+DW31+EM31+FC31+FS31+GI31 -> 0
B32: سعودي | C32: أنثى | D32: 0 | E32: 0 | F32: 0 | G32: 0 | H32: 0 | I32: 0 | J32: 0 | K32: 0 | L32: 0 | M32: 0 | N32: 0 | O32: 0 | R32: سعودي | S32: أنثى | T32: 0 | U32: 0 | V32: 0 | W32: 0 | X32: 0 | Y32: 0 | Z32: 0 | AA32: 0 | AB32: 0 | AC32: 0 | AD32: 0 | AE32: 0 | AH32: سعودي | AI32: أنثى | AJ32: 0 | AK32: 0 | AL32: 0 | AM32: 0 | AN32: 0 | AO32: 0 | AP32: 0 | AQ32: 0 | AR32: 0 | AS32: 0 | AT32: 0 | AU32: 0 | AX32: سعودي | AY32: أنثى | AZ32: 0 | BA32: 0 | BB32: 0 | BC32: 0 | BD32: 0 | BE32: 0 | BF32: 0 | BG32: 0 | BH32: 0 | BI32: 0 | BJ32: 0 | BK32: 0 | BN32: سعودي | BO32: أنثى | BP32: 0 | BQ32: 0 | BR32: 0 | BS32: 0 | BT32: 0 | BU32: 0 | BV32: 0 | BW32: 0 | BX32: 0 | BY32: 0 | BZ32: 0 | CA32: 0 | CD32: سعودي | CE32: أنثى | CF32: 0 | CG32: 0 | CH32: 0 | CI32: 0 | CJ32: 0 | CK32: 0 | CL32: 0 | CM32: 0 | CN32: 0 | CO32: 0 | CP32: 0 | CQ32: 0 | CT32: سعودي | CU32: أنثى | CV32: 0 | CW32: 0 | CX32: 0 | CY32: 0 | CZ32: 0 | DA32: 0 | DB32: 0 | DC32: 0 | DD32: 0 | DE32: 0 | DF32: 0 | DG32: 0 | DJ32: سعودي | DK32: أنثى | DL32: 0 | DM32: 0 | DN32: 0 | DO32: 0 | DP32: 0 | DQ32: 0 | DR32: 0 | DS32: 0 | DT32: 0 | DU32: 0 | DV32: 0 | DW32: 0 | DZ32: سعودي | EA32: أنثى | EB32: 0 | EC32: 0 | ED32: 0 | EE32: 0 | EF32: 0 | EG32: 0 | EH32: 0 | EI32: 0 | EJ32: 0 | EK32: 0 | EL32: 0 | EM32: 0 | EP32: سعودي | EQ32: أنثى | ER32: 0 | ES32: 0 | ET32: 0 | EU32: 0 | EV32: 0 | EW32: 0 | EX32: 0 | EY32: 0 | EZ32: 0 | FA32: 0 | FB32: 0 | FC32: 0 | FF32: سعودي | FG32: أنثى | FH32: 0 | FI32: 0 | FJ32: 0 | FK32: 0 | FL32: 0 | FM32: 0 | FN32: 0 | FO32: 0 | FP32: 0 | FQ32: 0 | FR32: 0 | FS32: 0 | FV32: سعودي | FW32: أنثى | FX32: 0 | FY32: 0 | FZ32: 0 | GA32: 0 | GB32: 0 | GC32: 0 | GD32: 0 | GE32: 0 | GF32: 0 | GG32: 0 | GH32: 0 | GI32: 0 | GL32: سعودي | GM32: أنثى | GN32: =FX32 -> 0 | GO32: =E32+U32+AK32+BA32+BQ32+CG32++CW32+DM32+EC32+ES32+FI32+FY32 -> 0 | GP32: =F32+V32+AL32+BB32+BR32+CH32++CX32+DN32+ED32+ET32+FJ32+FZ32 -> 0 | GQ32: =G32+W32+AM32+BC32+BS32+CI32++CY32+DO32+EE32+EU32+FK32+GA32 -> 0 | GR32: =GB32 -> 0 | GS32: =I32+Y32+AO32+BE32+BU32+CK32++DA32+DQ32+EG32+EW32+FM32+GC32 -> 0 | GT32: =J32+Z32+AP32+BF32+BV32+CL32++DB32+DR32+EH32+EX32+FN32+GD32 -> 0 | GU32: =K32+AA32+AQ32+BG32+BW32+CM32++DC32+DS32+EI32+EY32+FO32+GE32 -> 0 | GV32: =GF32 -> 0 | GW32: =M32+AC32+AS32+BI32+BY32+CO32++DE32+DU32+EK32+FA32+FQ32+GG32 -> 0 | GX32: =N32+AD32+AT32+BJ32+BZ32+CP32++DF32+DV32+EL32+FB32+FR32+GH32 -> 0 | GY32: =O32+AE32+AU32+BK32+CA32+CQ32++DG32+DW32+EM32+FC32+FS32+GI32 -> 0
B33: المجموع | D33: =SUM(D29:D32) -> 0 | E33: =SUM(E29:E32) -> 0 | F33: =SUM(F29:F32) -> 0 | G33: =SUM(G29:G32) -> 0 | H33: =SUM(H29:H32) -> 0 | I33: =SUM(I29:I32) -> 0 | J33: =SUM(J29:J32) -> 0 | K33: =SUM(K29:K32) -> 0 | ... O33: =SUM(O29:O32) -> 0 | R33: المجموع | T33: =SUM(T29:T32) -> 0 | U33: =SUM(U29:U32) -> 0 | V33: =SUM(V29:V32) -> 0 | W33: =SUM(W29:W32) -> 0 | X33: =SUM(X29:X32) -> 0 | Y33: =SUM(Y29:Y32) -> 0 | Z33: =SUM(Z29:Z32) -> 0 | AA33: =SUM(AA29:AA32) -> 0 | ... AE33: =SUM(AE29:AE32) -> 0 | AH33: المجموع | AJ33: 0 | AK33: 0 | AL33: 0 | AM33: 0 | AN33: 0 | AO33: 0 | AP33: 0 | AQ33: 0 | AR33: 0 | AS33: 0 | AT33: 0 | AU33: 0 | AX33: المجموع | AZ33: =SUM(AZ29:AZ32) -> 0 | BA33: =SUM(BA29:BA32) -> 0 | BB33: =SUM(BB29:BB32) -> 0 | BC33: =SUM(BC29:BC32) -> 0 | BD33: =SUM(BD29:BD32) -> 0 | BE33: =SUM(BE29:BE32) -> 0 | BF33: =SUM(BF29:BF32) -> 0 | BG33: =SUM(BG29:BG32) -> 0 | ... BK33: =SUM(BK29:BK32) -> 0 | BN33: المجموع | BP33: =SUM(BP29:BP32) -> 0 | BQ33: =SUM(BQ29:BQ32) -> 0 | BR33: =SUM(BR29:BR32) -> 0 | BS33: =SUM(BS29:BS32) -> 0 | BT33: =SUM(BT29:BT32) -> 0 | BU33: =SUM(BU29:BU32) -> 0 | BV33: =SUM(BV29:BV32) -> 0 | BW33: =SUM(BW29:BW32) -> 0 | ... CA33: =SUM(CA29:CA32) -> 0 | CD33: المجموع | CF33: 0 | CG33: 0 | CH33: 0 | CI33: 0 | CJ33: 0 | CK33: 0 | CL33: 0 | CM33: 0 | CN33: 0 | CO33: 0 | CP33: 0 | CQ33: 0 | CT33: المجموع | CV33: 0 | CW33: 0 | CX33: 0 | CY33: 0 | CZ33: 0 | DA33: 0 | DB33: 0 | DC33: 0 | DD33: 0 | DE33: 0 | DF33: 0 | DG33: 0 | DJ33: المجموع | DL33: =SUM(DL29:DL32) -> 0 | DM33: =SUM(DM29:DM32) -> 0 | DN33: =SUM(DN29:DN32) -> 0 | DO33: =SUM(DO29:DO32) -> 0 | DP33: =SUM(DP29:DP32) -> 0 | DQ33: =SUM(DQ29:DQ32) -> 0 | DR33: =SUM(DR29:DR32) -> 0 | DS33: =SUM(DS29:DS32) -> 0 | ... DW33: =SUM(DW29:DW32) -> 0 | DZ33: المجموع | EB33: =SUM(EB29:EB32) -> 0 | EC33: =SUM(EC29:EC32) -> 0 | ED33: =SUM(ED29:ED32) -> 0 | EE33: =SUM(EE29:EE32) -> 0 | EF33: =SUM(EF29:EF32) -> 0 | EG33: =SUM(EG29:EG32) -> 0 | EH33: =SUM(EH29:EH32) -> 0 | EI33: =SUM(EI29:EI32) -> 0 | ... EM33: =SUM(EM29:EM32) -> 0 | EP33: المجموع | ER33: =SUM(ER29:ER32) -> 0 | ES33: =SUM(ES29:ES32) -> 0 | ET33: =SUM(ET29:ET32) -> 0 | EU33: =SUM(EU29:EU32) -> 0 | EV33: =SUM(EV29:EV32) -> 0 | EW33: =SUM(EW29:EW32) -> 0 | EX33: =SUM(EX29:EX32) -> 0 | EY33: =SUM(EY29:EY32) -> 0 | ... FC33: =SUM(FC29:FC32) -> 0 | FF33: المجموع | FH33: =SUM(FH29:FH32) -> 0 | FI33: =SUM(FI29:FI32) -> 0 | FJ33: =SUM(FJ29:FJ32) -> 0 | FK33: =SUM(FK29:FK32) -> 0 | FL33: =SUM(FL29:FL32) -> 0 | FM33: =SUM(FM29:FM32) -> 0 | FN33: =SUM(FN29:FN32) -> 0 | FO33: =SUM(FO29:FO32) -> 0 | ... FS33: =SUM(FS29:FS32) -> 0 | FV33: المجموع | FX33: =SUM(FX29:FX32) -> 0 | FY33: =SUM(FY29:FY32) -> 0 | FZ33: =SUM(FZ29:FZ32) -> 0 | GA33: =SUM(GA29:GA32) -> 0 | GB33: =SUM(GB29:GB32) -> 0 | GC33: =SUM(GC29:GC32) -> 0 | GD33: =SUM(GD29:GD32) -> 0 | GE33: =SUM(GE29:GE32) -> 0 | ... GI33: =SUM(GI29:GI32) -> 0 | GL33: المجموع | GN33: =SUM(GN29:GN32) -> 0 | GO33: =SUM(GO29:GO32) -> 0 | GP33: =SUM(GP29:GP32) -> 0 | GQ33: =SUM(GQ29:GQ32) -> 0 | GR33: =SUM(GR29:GR32) -> 0 | GS33: =SUM(GS29:GS32) -> 0 | GT33: =SUM(GT29:GT32) -> 0 | GU33: =SUM(GU29:GU32) -> 0 | ... GY33: =SUM(GY29:GY32) -> 0
B34: العدد المتوقع للمصابين : | E34: مرضى السكري | G34: 0 | I34: مرضى الضغط | K34: 0 | M34: م.الربو | N34: 0 | R34: العدد المتوقع للمصابين : | U34: مرضى السكري | W34: 0 | Y34: مرضى الضغط | AA34: 0 | AC34: م.الربو | AD34: 0 | AH34: العدد المتوقع للمصابين : | AK34: مرضى السكري | AM34: 0 | AO34: مرضى الضغط | AQ34: 0 | AS34: م.الربو | AT34: 0 | AX34: العدد المتوقع للمصابين : | BA34: مرضى السكري | BC34: 0 | BE34: مرضى الضغط | BG34: 0 | BI34: م.الربو | BJ34: 0 | BN34: العدد المتوقع للمصابين : | BQ34: مرضى السكري | BS34: 0 | BU34: مرضى الضغط | BW34: 0 | BY34: م.الربو | BZ34: 0 | CD34: العدد المتوقع للمصابين : | CG34: مرضى السكري | CI34: 0 | CK34: مرضى الضغط | CM34: 0 | CO34: م.الربو | CP34: 0 | CT34: العدد المتوقع للمصابين : | CW34: مرضى السكري | CY34: 0 | DA34: مرضى الضغط | DC34: 0 | DE34: م.الربو | DF34: 0 | DJ34: العدد المتوقع للمصابين : | DM34: مرضى السكري | DO34: 0 | DQ34: مرضى الضغط | DS34: 0 | DU34: م.الربو | DV34: 0 | DZ34: العدد المتوقع للمصابين : | EC34: مرضى السكري | EE34: 0 | EG34: مرضى الضغط | EI34: 0 | EK34: م.الربو | EL34: 0 | EP34: العدد المتوقع للمصابين : | ES34: مرضى السكري | EU34: 0 | EW34: مرضى الضغط | EY34: 0 | FA34: م.الربو | FB34: 0 | FF34: العدد المتوقع للمصابين : | FI34: مرضى السكري | FK34: 0 | FM34: مرضى الضغط | FO34: 0 | FQ34: م.الربو | FR34: 0 | FV34: العدد المتوقع للمصابين : | FY34: مرضى السكري | GA34: 0 | GC34: مرضى الضغط | GE34: 0 | GG34: م.الربو | GH34: 0 | GL34: العدد المتوقع للمصابين : | GO34: مرضى السكري | GR34: =G34+W34+AM34+BC34+BS34+CI34+CY34+DO34+EE34+EU34+FK34+GA34 -> 0 | GS34: مرضى الضغط | GV34: =K34+AA34+AQ34+BG34+BW34+CM34+DC34+DS34+EI34+EY34+FO34+GE34 -> 0 | GW34: م.الربو | GY34: =N34+AD34+AT34+BJ34+BZ34+CP34+DF34+DV34+EL34+FB34+FR34+GH34 -> 0
A35: قويزة | C35: ذكر | D35: 651 | E35: 1 | F35: 0 | G35: 151 | H35: 456 | I35: 1 | J35: 0 | K35: 94 | L35: 5 | M35: 0 | N35: 0 | O35: 0 | Q35: قويزة | S35: ذكر | T35: 653 | U35: 1 | V35: 0 | W35: 159 | X35: 457 | Y35: 2 | Z35: 0 | AA35: 97 | AB35: 5 | AC35: 0 | AD35: 0 | AE35: 5 | AG35: قويزة | AI35: ذكر | AJ35: 658 | AK35: 0 | AL35: 0 | AM35: 128 | AN35: 462 | AO35: 0 | AP35: 0 | AQ35: 109 | AR35: 5 | AS35: 0 | AT35: 0 | AU35: 2 | AW35: قويزة | AY35: ذكر | AZ35: 658 | BA35: 0 | BB35: 0 | BC35: 133 | BD35: 462 | BE35: 0 | BF35: 0 | BG35: 92 | BH35: 5 | BI35: 0 | BJ35: 0 | BK35: 2 | BM35: قويزة | BO35: ذكر | BP35: 647 | BQ35: 0 | BR35: 0 | BS35: 30 | BT35: 453 | BU35: 0 | BV35: 0 | BW35: 22 | BX35: 5 | BY35: 0 | BZ35: 0 | CA35: 1 | CC35: قويزة | CE35: ذكر | CF35: 658 | CG35: 1 | CH35: 0 | CI35: 98 | CJ35: 462 | CK35: 1 | CL35: 0 | CM35: 87 | CN35: 5 | CO35: 0 | CP35: 0 | CQ35: 1 | CS35: قويزة | CU35: ذكر | CV35: 651 | CW35: 2 | CX35: 0 | CY35: 158 | CZ35: 456 | DA35: 1 | DB35: 0 | DC35: 96 | DD35: 5 | DE35: 0 | DF35: 0 | DG35: 7 | DI35: قويزة | DK35: ذكر | DL35: 658 | DM35: 1 | DN35: 0 | DO35: 98 | DP35: 462 | DQ35: 1 | DR35: 0 | DS35: 87 | DT35: 5 | DU35: 0 | DV35: 0 | DW35: 0 | DY35: قويزة | EA35: ذكر | EB35: 643 | EC35: 0 | ED35: 0 | EE35: 127 | EF35: 422 | EG35: 0 | EH35: 0 | EI35: 72 | EJ35: 5 | EK35: 0 | EL35: 0 | EM35: 0 | EO35: قويزة | EQ35: ذكر | ER35: 643 | ES35: 0 | ET35: 0 | EU35: 90 | EV35: 422 | EW35: 0 | EX35: 0 | EY35: 50 | EZ35: 5 | FA35: 0 | FB35: 0 | FC35: 0 | FE35: قويزة | FG35: ذكر | FH35: 0 | FI35: 0 | FJ35: 0 | FK35: 0 | FL35: 0 | FM35: 0 | FN35: 0 | FO35: 0 | FP35: 0 | FQ35: 0 | FR35: 0 | FS35: 0 | FU35: قويزة | FW35: ذكر | FX35: 0 | FY35: 0 | FZ35: 0 | GA35: 0 | GB35: 0 | GC35: 0 | GD35: 0 | GE35: 0 | GF35: 0 | GG35: 0 | GH35: 0 | GI35: 0 | GK35: =FU35 -> قويزة | GM35: ذكر | GN35: =FX35 -> 0 | GO35: =E35+U35+AK35+BA35+BQ35+CG35++CW35+DM35+EC35+ES35+FI35+FY35 -> 6 | GP35: =F35+V35+AL35+BB35+BR35+CH35++CX35+DN35+ED35+ET35+FJ35+FZ35 -> 0 | GQ35: =G35+W35+AM35+BC35+BS35+CI35++CY35+DO35+EE35+EU35+FK35+GA35 -> 1172 | GR35: =GB35 -> 0 | GS35: =I35+Y35+AO35+BE35+BU35+CK35++DA35+DQ35+EG35+EW35+FM35+GC35 -> 6 | GT35: =J35+Z35+AP35+BF35+BV35+CL35++DB35+DR35+EH35+EX35+FN35+GD35 -> 0 | GU35: =K35+AA35+AQ35+BG35+BW35+CM35++DC35+DS35+EI35+EY35+FO35+GE35 -> 806 | GV35: =GF35 -> 0 | GW35: =M35+AC35+AS35+BI35+BY35+CO35++DE35+DU35+EK35+FA35+FQ35+GG35 -> 0 | GX35: =N35+AD35+AT35+BJ35+BZ35+CP35++DF35+DV35+EL35+FB35+FR35+GH35 -> 0 | GY35: =O35+AE35+AU35+BK35+CA35+CQ35++DG35+DW35+EM35+FC35+FS35+GI35 -> 18
B36: سعودي | C36: أنثى | D36: 227 | E36: 2 | F36: 0 | G36: 123 | H36: 343 | I36: 1 | J36: 0 | K36: 91 | L36: 35 | M36: 0 | N36: 0 | O36: 0 | R36: سعودي | S36: أنثى | T36: 228 | U36: 1 | V36: 0 | W36: 141 | X36: 345 | Y36: 1 | Z36: 0 | AA36: 95 | AB36: 35 | AC36: 0 | AD36: 0 | AE36: 4 | AH36: سعودي | AI36: أنثى | AJ36: 234 | AK36: 0 | AL36: 0 | AM36: 125 | AN36: 350 | AO36: 0 | AP36: 0 | AQ36: 99 | AR36: 35 | AS36: 0 | AT36: 0 | AU36: 1 | AX36: سعودي | AY36: أنثى | AZ36: 233 | BA36: 1 | BB36: 0 | BC36: 127 | BD36: 350 | BE36: 0 | BF36: 0 | BG36: 91 | BH36: 35 | BI36: 0 | BJ36: 0 | BK36: 2 | BN36: سعودي | BO36: أنثى | BP36: 223 | BQ36: 0 | BR36: 0 | BS36: 31 | BT36: 341 | BU36: 0 | BV36: 0 | BW36: 24 | BX36: 35 | BY36: 0 | BZ36: 0 | CA36: 1 | CD36: سعودي | CE36: أنثى | CF36: 234 | CG36: 1 | CH36: 0 | CI36: 91 | CJ36: 350 | CK36: 1 | CL36: 0 | CM36: 84 | CN36: 35 | CO36: 0 | CP36: 0 | CQ36: 1 | CT36: سعودي | CU36: أنثى | CV36: 227 | CW36: 1 | CX36: 0 | CY36: 133 | CZ36: 343 | DA36: 2 | DB36: 0 | DC36: 94 | DD36: 35 | DE36: 0 | DF36: 0 | DG36: 6 | DJ36: سعودي | DK36: أنثى | DL36: 234 | DM36: 1 | DN36: 0 | DO36: 91 | DP36: 350 | DQ36: 1 | DR36: 0 | DS36: 84 | DT36: 35 | DU36: 0 | DV36: 0 | DW36: 0 | DZ36: سعودي | EA36: أنثى | EB36: 548 | EC36: 0 | ED36: 0 | EE36: 111 | EF36: 336 | EG36: 0 | EH36: 0 | EI36: 68 | EJ36: 35 | EK36: 0 | EL36: 0 | EM36: 0 | EP36: سعودي | EQ36: أنثى | ER36: 548 | ES36: 0 | ET36: 0 | EU36: 20 | EV36: 336 | EW36: 0 | EX36: 0 | EY36: 44 | EZ36: 35 | FA36: 0 | FB36: 0 | FC36: 0 | FF36: سعودي | FG36: أنثى | FH36: 0 | FI36: 0 | FJ36: 0 | FK36: 0 | FL36: 0 | FM36: 0 | FN36: 0 | FO36: 0 | FP36: 0 | FQ36: 0 | FR36: 0 | FS36: 0 | FV36: سعودي | FW36: أنثى | FX36: 0 | FY36: 0 | FZ36: 0 | GA36: 0 | GB36: 0 | GC36: 0 | GD36: 0 | GE36: 0 | GF36: 0 | GG36: 0 | GH36: 0 | GI36: 0 | GL36: سعودي | GM36: أنثى | GN36: =FX36 -> 0 | GO36: =E36+U36+AK36+BA36+BQ36+CG36++CW36+DM36+EC36+ES36+FI36+FY36 -> 7 | GP36: =F36+V36+AL36+BB36+BR36+CH36++CX36+DN36+ED36+ET36+FJ36+FZ36 -> 0 | GQ36: =G36+W36+AM36+BC36+BS36+CI36++CY36+DO36+EE36+EU36+FK36+GA36 -> 993 | GR36: =GB36 -> 0 | GS36: =I36+Y36+AO36+BE36+BU36+CK36++DA36+DQ36+EG36+EW36+FM36+GC36 -> 6 | GT36: =J36+Z36+AP36+BF36+BV36+CL36++DB36+DR36+EH36+EX36+FN36+GD36 -> 0 | GU36: =K36+AA36+AQ36+BG36+BW36+CM36++DC36+DS36+EI36+EY36+FO36+GE36 -> 774 | GV36: =GF36 -> 0 | GW36: =M36+AC36+AS36+BI36+BY36+CO36++DE36+DU36+EK36+FA36+FQ36+GG36 -> 0 | GX36: =N36+AD36+AT36+BJ36+BZ36+CP36++DF36+DV36+EL36+FB36+FR36+GH36 -> 0 | GY36: =O36+AE36+AU36+BK36+CA36+CQ36++DG36+DW36+EM36+FC36+FS36+GI36 -> 15
B37: غير | C37: ذكر | D37: 11 | E37: 0 | F37: 0 | G37: 0 | H37: 0 | I37: 0 | J37: 0 | K37: 0 | L37: 0 | M37: 0 | N37: 0 | O37: 0 | R37: غير | S37: ذكر | T37: 0 | U37: 0 | V37: 0 | W37: 0 | X37: 0 | Y37: 0 | Z37: 0 | AA37: 0 | AB37: 0 | AC37: 0 | AD37: 0 | AE37: 0 | AH37: غير | AI37: ذكر | AJ37: 0 | AK37: 0 | AL37: 0 | AM37: 0 | AN37: 0 | AO37: 0 | AP37: 0 | AQ37: 0 | AR37: 0 | AS37: 0 | AT37: 0 | AU37: 0 | AX37: غير | AY37: ذكر | AZ37: 0 | BA37: 0 | BB37: 0 | BC37: 0 | BD37: 0 | BE37: 0 | BF37: 0 | BG37: 0 | BH37: 0 | BI37: 0 | BJ37: 0 | BK37: 0 | BN37: غير | BO37: ذكر | BP37: 11 | BQ37: 0 | BR37: 0 | BS37: 0 | BT37: 0 | BU37: 0 | BV37: 0 | BW37: 0 | BX37: 0 | BY37: 0 | BZ37: 0 | CA37: 0 | CD37: غير | CE37: ذكر | CF37: 0 | CG37: 0 | CH37: 0 | CI37: 0 | CJ37: 0 | CK37: 0 | CL37: 0 | CM37: 0 | CN37: 0 | CO37: 0 | CP37: 0 | CQ37: 0 | CT37: غير | CU37: ذكر | CV37: 0 | CW37: 0 | CX37: 0 | CY37: 0 | CZ37: 0 | DA37: 0 | DB37: 0 | DC37: 0 | DD37: 0 | DE37: 0 | DF37: 0 | DG37: 0 | DJ37: غير | DK37: ذكر | DL37: 0 | DM37: 0 | DN37: 0 | DO37: 0 | DP37: 0 | DQ37: 0 | DR37: 0 | DS37: 0 | DT37: 0 | DU37: 0 | DV37: 0 | DW37: 0 | DZ37: غير | EA37: ذكر | EB37: 47 | EC37: 0 | ED37: 0 | EE37: 0 | EF37: 35 | EG37: 0 | EH37: 0 | EI37: 0 | EJ37: 0 | EK37: 0 | EL37: 0 | EM37: 0 | EP37: غير | EQ37: ذكر | ER37: 47 | ES37: 0 | ET37: 0 | EU37: 0 | EV37: 35 | EW37: 0 | EX37: 0 | EY37: 0 | EZ37: 0 | FA37: 0 | FB37: 0 | FC37: 0 | FF37: غير | FG37: ذكر | FH37: 0 | FI37: 0 | FJ37: 0 | FK37: 0 | FL37: 0 | FM37: 0 | FN37: 0 | FO37: 0 | FP37: 0 | FQ37: 0 | FR37: 0 | FS37: 0 | FV37: غير | FW37: ذكر | FX37: 0 | FY37: 0 | FZ37: 0 | GA37: 0 | GB37: 0 | GC37: 0 | GD37: 0 | GE37: 0 | GF37: 0 | GG37: 0 | GH37: 0 | GI37: 0 | GL37: غير | GM37: ذكر | GN37: =FX37 -> 0 | GO37: =E37+U37+AK37+BA37+BQ37+CG37++CW37+DM37+EC37+ES37+FI37+FY37 -> 0 | GP37: =F37+V37+AL37+BB37+BR37+CH37++CX37+DN37+ED37+ET37+FJ37+FZ37 -> 0 | GQ37: =G37+W37+AM37+BC37+BS37+CI37++CY37+DO37+EE37+EU37+FK37+GA37 -> 0 | GR37: =GB37 -> 0 | GS37: =I37+Y37+AO37+BE37+BU37+CK37++DA37+DQ37+EG37+EW37+FM37+GC37 -> 0 | GT37: =J37+Z37+AP37+BF37+BV37+CL37++DB37+DR37+EH37+EX37+FN37+GD37 -> 0 | GU37: =K37+AA37+AQ37+BG37+BW37+CM37++DC37+DS37+EI37+EY37+FO37+GE37 -> 0 | GV37: =GF37 -> 0 | GW37: =M37+AC37+AS37+BI37+BY37+CO37++DE37+DU37+EK37+FA37+FQ37+GG37 -> 0 | GX37: =N37+AD37+AT37+BJ37+BZ37+CP37++DF37+DV37+EL37+FB37+FR37+GH37 -> 0 | GY37: =O37+AE37+AU37+BK37+CA37+CQ37++DG37+DW37+EM37+FC37+FS37+GI37 -> 0
B38: سعودي | C38: أنثى | D38: 12 | E38: 0 | F38: 0 | G38: 0 | H38: 0 | I38: 0 | J38: 0 | K38: 0 | L38: 0 | M38: 0 | N38: 0 | O38: 0 | R38: سعودي | S38: أنثى | T38: 0 | U38: 0 | V38: 0 | W38: 0 | X38: 0 | Y38: 0 | Z38: 0 | AA38: 0 | AB38: 0 | AC38: 0 | AD38: 0 | AE38: 0 | AH38: سعودي | AI38: أنثى | AJ38: 0 | AK38: 0 | AL38: 0 | AM38: 0 | AN38: 0 | AO38: 0 | AP38: 0 | AQ38: 0 | AR38: 0 | AS38: 0 | AT38: 0 | AU38: 0 | AX38: سعودي | AY38: أنثى | AZ38: 0 | BA38: 0 | BB38: 0 | BC38: 0 | BD38: 0 | BE38: 0 | BF38: 0 | BG38: 0 | BH38: 0 | BI38: 0 | BJ38: 0 | BK38: 0 | BN38: سعودي | BO38: أنثى | BP38: 12 | BQ38: 0 | BR38: 0 | BS38: 0 | BT38: 0 | BU38: 0 | BV38: 0 | BW38: 0 | BX38: 0 | BY38: 0 | BZ38: 0 | CA38: 0 | CD38: سعودي | CE38: أنثى | CF38: 0 | CG38: 0 | CH38: 0 | CI38: 0 | CJ38: 0 | CK38: 0 | CL38: 0 | CM38: 0 | CN38: 0 | CO38: 0 | CP38: 0 | CQ38: 0 | CT38: سعودي | CU38: أنثى | CV38: 0 | CW38: 0 | CX38: 0 | CY38: 0 | CZ38: 0 | DA38: 0 | DB38: 0 | DC38: 0 | DD38: 0 | DE38: 0 | DF38: 0 | DG38: 0 | DJ38: سعودي | DK38: أنثى | DL38: 0 | DM38: 0 | DN38: 0 | DO38: 0 | DP38: 0 | DQ38: 0 | DR38: 0 | DS38: 0 | DT38: 0 | DU38: 0 | DV38: 0 | DW38: 0 | DZ38: سعودي | EA38: أنثى | EB38: 24 | EC38: 0 | ED38: 0 | EE38: 0 | EF38: 17 | EG38: 0 | EH38: 0 | EI38: 0 | EJ38: 0 | EK38: 0 | EL38: 0 | EM38: 0 | EP38: سعودي | EQ38: أنثى | ER38: 24 | ES38: 0 | ET38: 0 | EU38: 0 | EV38: 17 | EW38: 0 | EX38: 0 | EY38: 0 | EZ38: 0 | FA38: 0 | FB38: 0 | FC38: 0 | FF38: سعودي | FG38: أنثى | FH38: 0 | FI38: 0 | FJ38: 0 | FK38: 0 | FL38: 0 | FM38: 0 | FN38: 0 | FO38: 0 | FP38: 0 | FQ38: 0 | FR38: 0 | FS38: 0 | FV38: سعودي | FW38: أنثى | FX38: 0 | FY38: 0 | FZ38: 0 | GA38: 0 | GB38: 0 | GC38: 0 | GD38: 0 | GE38: 0 | GF38: 0 | GG38: 0 | GH38: 0 | GI38: 0 | GL38: سعودي | GM38: أنثى | GN38: =FX38 -> 0 | GO38: =E38+U38+AK38+BA38+BQ38+CG38++CW38+DM38+EC38+ES38+FI38+FY38 -> 0 | GP38: =F38+V38+AL38+BB38+BR38+CH38++CX38+DN38+ED38+ET38+FJ38+FZ38 -> 0 | GQ38: =G38+W38+AM38+BC38+BS38+CI38++CY38+DO38+EE38+EU38+FK38+GA38 -> 0 | GR38: =GB38 -> 0 | GS38: =I38+Y38+AO38+BE38+BU38+CK38++DA38+DQ38+EG38+EW38+FM38+GC38 -> 0 | GT38: =J38+Z38+AP38+BF38+BV38+CL38++DB38+DR38+EH38+EX38+FN38+GD38 -> 0 | GU38: =K38+AA38+AQ38+BG38+BW38+CM38++DC38+DS38+EI38+EY38+FO38+GE38 -> 0 | GV38: =GF38 -> 0 | GW38: =M38+AC38+AS38+BI38+BY38+CO38++DE38+DU38+EK38+FA38+FQ38+GG38 -> 0 | GX38: =N38+AD38+AT38+BJ38+BZ38+CP38++DF38+DV38+EL38+FB38+FR38+GH38 -> 0 | GY38: =O38+AE38+AU38+BK38+CA38+CQ38++DG38+DW38+EM38+FC38+FS38+GI38 -> 0
B39: المجموع | D39: =SUM(D35:D38) -> 901 | E39: =SUM(E35:E38) -> 3 | F39: =SUM(F35:F38) -> 0 | G39: =SUM(G35:G38) -> 274 | H39: =SUM(H35:H38) -> 799 | I39: =SUM(I35:I38) -> 2 | J39: =SUM(J35:J38) -> 0 | K39: =SUM(K35:K38) -> 185 | ... O39: =SUM(O35:O38) -> 0 | R39: المجموع | T39: =SUM(T35:T38) -> 881 | U39: =SUM(U35:U38) -> 2 | V39: =SUM(V35:V38) -> 0 | W39: =SUM(W35:W38) -> 300 | X39: =SUM(X35:X38) -> 802 | Y39: =SUM(Y35:Y38) -> 3 | Z39: =SUM(Z35:Z38) -> 0 | AA39: =SUM(AA35:AA38) -> 192 | ... AE39: =SUM(AE35:AE38) -> 9 | AH39: المجموع | AJ39: 892 | AK39: 0 | AL39: 0 | AM39: 253 | AN39: 812 | AO39: 0 | AP39: 0 | AQ39: 208 | AR39: 40 | AS39: 0 | AT39: 0 | AU39: 3 | AX39: المجموع | AZ39: =SUM(AZ35:AZ38) -> 891 | BA39: =SUM(BA35:BA38) -> 1 | BB39: =SUM(BB35:BB38) -> 0 | BC39: =SUM(BC35:BC38) -> 260 | BD39: =SUM(BD35:BD38) -> 812 | BE39: =SUM(BE35:BE38) -> 0 | BF39: =SUM(BF35:BF38) -> 0 | BG39: =SUM(BG35:BG38) -> 183 | ... BK39: =SUM(BK35:BK38) -> 4 | BN39: المجموع | BP39: =SUM(BP35:BP38) -> 893 | BQ39: =SUM(BQ35:BQ38) -> 0 | BR39: =SUM(BR35:BR38) -> 0 | BS39: =SUM(BS35:BS38) -> 61 | BT39: =SUM(BT35:BT38) -> 794 | BU39: =SUM(BU35:BU38) -> 0 | BV39: =SUM(BV35:BV38) -> 0 | BW39: =SUM(BW35:BW38) -> 46 | ... CA39: =SUM(CA35:CA38) -> 2 | CD39: المجموع | CF39: 892 | CG39: 2 | CH39: 0 | CI39: 189 | CJ39: 812 | CK39: 2 | CL39: 0 | CM39: 171 | CN39: 40 | CO39: 0 | CP39: 0 | CQ39: 2 | CT39: المجموع | CV39: 878 | CW39: 3 | CX39: 0 | CY39: 291 | CZ39: 799 | DA39: 3 | DB39: 0 | DC39: 190 | DD39: 40 | DE39: 0 | DF39: 0 | DG39: 13 | DJ39: المجموع | DL39: =SUM(DL35:DL38) -> 892 | DM39: =SUM(DM35:DM38) -> 2 | DN39: =SUM(DN35:DN38) -> 0 | DO39: =SUM(DO35:DO38) -> 189 | DP39: =SUM(DP35:DP38) -> 812 | DQ39: =SUM(DQ35:DQ38) -> 2 | DR39: =SUM(DR35:DR38) -> 0 | DS39: =SUM(DS35:DS38) -> 171 | ... DW39: =SUM(DW35:DW38) -> 0 | DZ39: المجموع | EB39: 1262 | EC39: 0 | ED39: 0 | EE39: 238 | EF39: 810 | EG39: 0 | EH39: 0 | EI39: 140 | EJ39: 40 | EK39: 0 | EL39: 0 | EM39: 0 | EP39: المجموع | ER39: 1262 | ES39: 0 | ET39: 0 | EU39: 238 | EV39: 810 | EW39: 0 | EX39: 0 | EY39: 140 | EZ39: 40 | FA39: 0 | FB39: 0 | FC39: 0 | FF39: المجموع | FH39: =SUM(FH35:FH38) -> 0 | FI39: =SUM(FI35:FI38) -> 0 | FJ39: =SUM(FJ35:FJ38) -> 0 | FK39: =SUM(FK35:FK38) -> 0 | FL39: =SUM(FL35:FL38) -> 0 | FM39: =SUM(FM35:FM38) -> 0 | FN39: =SUM(FN35:FN38) -> 0 | FO39: =SUM(FO35:FO38) -> 0 | ... FS39: =SUM(FS35:FS38) -> 0 | FV39: المجموع | FX39: =SUM(FX35:FX38) -> 0 | FY39: =SUM(FY35:FY38) -> 0 | FZ39: =SUM(FZ35:FZ38) -> 0 | GA39: =SUM(GA35:GA38) -> 0 | GB39: =SUM(GB35:GB38) -> 0 | GC39: =SUM(GC35:GC38) -> 0 | GD39: =SUM(GD35:GD38) -> 0 | GE39: =SUM(GE35:GE38) -> 0 | ... GI39: =SUM(GI35:GI38) -> 0 | GL39: المجموع | GN39: =SUM(GN35:GN38) -> 0 | GO39: =SUM(GO35:GO38) -> 13 | GP39: =SUM(GP35:GP38) -> 0 | GQ39: =SUM(GQ35:GQ38) -> 2165 | GR39: =SUM(GR35:GR38) -> 0 | GS39: =SUM(GS35:GS38) -> 12 | GT39: =SUM(GT35:GT38) -> 0 | GU39: =SUM(GU35:GU38) -> 1580 | ... GY39: =SUM(GY35:GY38) -> 33
B40: العدد المتوقع للمصابين : | E40: مرضى السكري | G40: 0 | I40: مرضى الضغط | K40: 0 | M40: م.الربو | N40: 0 | R40: العدد المتوقع للمصابين : | U40: مرضى السكري | W40: 0 | Y40: مرضى الضغط | AA40: 0 | AC40: م.الربو | AD40: 0 | AH40: العدد المتوقع للمصابين : | AK40: مرضى السكري | AM40: 0 | AO40: مرضى الضغط | AQ40: 0 | AS40: م.الربو | AT40: 0 | AX40: العدد المتوقع للمصابين : | BA40: مرضى السكري | BC40: 0 | BE40: مرضى الضغط | BG40: 0 | BI40: م.الربو | BJ40: 0 | BN40: العدد المتوقع للمصابين : | BQ40: مرضى السكري | BS40: 0 | BU40: مرضى الضغط | BW40: 0 | BY40: م.الربو | BZ40: 0 | CD40: العدد المتوقع للمصابين : | CG40: مرضى السكري | CI40: 0 | CK40: مرضى الضغط | CM40: 0 | CO40: م.الربو | CP40: 0 | CT40: العدد المتوقع للمصابين : | CW40: مرضى السكري | CY40: 0 | DA40: مرضى الضغط | DC40: 0 | DE40: م.الربو | DF40: 0 | DJ40: العدد المتوقع للمصابين : | DM40: مرضى السكري | DO40: 0 | DQ40: مرضى الضغط | DS40: 0 | DU40: م.الربو | DV40: 0 | DZ40: العدد المتوقع للمصابين : | EC40: مرضى السكري | EE40: 0 | EG40: مرضى الضغط | EI40: 0 | EK40: م.الربو | EL40: 0 | EP40: العدد المتوقع للمصابين : | ES40: مرضى السكري | EU40: 0 | EW40: مرضى الضغط | EY40: 0 | FA40: م.الربو | FB40: 0 | FF40: العدد المتوقع للمصابين : | FI40: مرضى السكري | FK40: 0 | FM40: مرضى الضغط | FO40: 0 | FQ40: م.الربو | FR40: 0 | FV40: العدد المتوقع للمصابين : | FY40: مرضى السكري | GA40: 0 | GC40: مرضى الضغط | GE40: 0 | GG40: م.الربو | GH40: 0 | GL40: العدد المتوقع للمصابين : | GO40: مرضى السكري | GR40: =G40+W40+AM40+BC40+BS40+CI40+CY40+DO40+EE40+EU40+FK40+GA40 -> 0 | GS40: مرضى الضغط | GV40: =K40+AA40+AQ40+BG40+BW40+CM40+DC40+DS40+EI40+EY40+FO40+GE40 -> 0 | GW40: م.الربو | GY40: =N40+AD40+AT40+BJ40+BZ40+CP40+DF40+DV40+EL40+FB40+FR40+GH40 -> 0
A41: الرغامة | C41: ذكر | D41: 0 | E41: 15 | F41: 36 | G41: 328 | H41: 0 | I41: 12 | J41: 9 | K41: 121 | L41: 0 | M41: 21 | N41: 0 | O41: 0 | Q41: الرغامة | S41: ذكر | U41: 0 | V41: 20 | W41: 72 | X41: 0 | Y41: 0 | Z41: 36 | AA41: 50 | AB41: 0 | AC41: 1 | AD41: 0 | AE41: 0 | AG41: الرغامة | AI41: ذكر | AJ41: 0 | AK41: 3 | AL41: 12 | AM41: 198 | AN41: 0 | AO41: 0 | AP41: 16 | AQ41: 112 | AR41: 0 | AS41: 0 | AT41: 0 | AU41: 16 | AW41: الرغامة | AY41: ذكر | AZ41: 198 | BA41: 13 | BB41: 47 | BC41: 198 | BD41: 138 | BE41: 5 | BF41: 22 | BG41: 138 | BH41: 4 | BI41: 0 | BJ41: 0 | BK41: 4 | BM41: الرغامة | BO41: ذكر | BP41: 446 | BQ41: 2 | BR41: 0 | BS41: 98 | BT41: 239 | BU41: 3 | BV41: 0 | BW41: 87 | BX41: 59 | BY41: 0 | BZ41: 0 | CA41: 17 | CC41: الرغامة | CE41: ذكر | CF41: 0 | CG41: 0 | CH41: 23 | CI41: 99 | CJ41: 0 | CK41: 0 | CL41: 5 | CM41: 57 | CN41: 0 | CO41: 0 | CP41: 0 | CQ41: 0 | CS41: الرغامة | CU41: ذكر | CV41: 0 | CW41: 8 | CX41: 43 | CY41: 197 | CZ41: 0 | DA41: 21 | DB41: 24 | DC41: 156 | DD41: 0 | DE41: 0 | DF41: 0 | DG41: 6 | DI41: الرغامة | DK41: ذكر | DL41: 0 | DM41: 0 | DN41: 23 | DO41: 99 | DP41: 0 | DQ41: 0 | DR41: 5 | DS41: 57 | DT41: 0 | DU41: 0 | DV41: 0 | DW41: 0 | DY41: الرغامة | EA41: ذكر | EB41: 427 | EC41: 4 | ED41: 0 | EE41: 52 | EF41: 213 | EG41: 7 | EH41: 0 | EI41: 32 | EJ41: 59 | EK41: 0 | EL41: 0 | EM41: 3 | EO41: الرغامة | EQ41: ذكر | ER41: 427 | ES41: 4 | ET41: 0 | EU41: 55 | EV41: 213 | EW41: 7 | EX41: 0 | EY41: 33 | EZ41: 59 | FA41: 0 | FB41: 0 | FC41: 0 | FE41: الرغامة | FG41: ذكر | FH41: 0 | FI41: 0 | FJ41: 0 | FK41: 0 | FL41: 0 | FM41: 0 | FN41: 0 | FO41: 0 | FP41: 0 | FQ41: 0 | FR41: 0 | FS41: 0 | FU41: الرغامة | FW41: ذكر | FX41: 0 | FY41: 0 | FZ41: 0 | GA41: 0 | GB41: 0 | GC41: 0 | GD41: 0 | GE41: 0 | GF41: 0 | GG41: 0 | GH41: 0 | GI41: 0 | GK41: =FU41 -> الرغامة | GM41: ذكر | GN41: =FX41 -> 0 | GO41: =E41+U41+AK41+BA41+BQ41+CG41++CW41+DM41+EC41+ES41+FI41+FY41 -> 49 | GP41: =F41+V41+AL41+BB41+BR41+CH41++CX41+DN41+ED41+ET41+FJ41+FZ41 -> 204 | GQ41: =G41+W41+AM41+BC41+BS41+CI41++CY41+DO41+EE41+EU41+FK41+GA41 -> 1396 | GR41: =GB41 -> 0 | GS41: =I41+Y41+AO41+BE41+BU41+CK41++DA41+DQ41+EG41+EW41+FM41+GC41 -> 55 | GT41: =J41+Z41+AP41+BF41+BV41+CL41++DB41+DR41+EH41+EX41+FN41+GD41 -> 117 | GU41: =K41+AA41+AQ41+BG41+BW41+CM41++DC41+DS41+EI41+EY41+FO41+GE41 -> 843 | GV41: =GF41 -> 0 | GW41: =M41+AC41+AS41+BI41+BY41+CO41++DE41+DU41+EK41+FA41+FQ41+GG41 -> 22 | GX41: =N41+AD41+AT41+BJ41+BZ41+CP41++DF41+DV41+EL41+FB41+FR41+GH41 -> 0 | GY41: =O41+AE41+AU41+BK41+CA41+CQ41++DG41+DW41+EM41+FC41+FS41+GI41 -> 46
B42: سعودي | C42: أنثى | D42: 0 | E42: 9 | F42: 40 | G42: 238 | H42: 0 | I42: 14 | J42: 14 | K42: 201 | L42: 0 | M42: 7 | N42: 0 | O42: 0 | R42: سعودي | S42: أنثى | T42: 0 | U42: 1 | V42: 53 | W42: 57 | X42: 0 | Y42: 0 | Z42: 28 | AA42: 52 | AB42: 0 | AC42: 2 | AD42: 1 | AE42: 0 | AH42: سعودي | AI42: أنثى | AJ42: 0 | AK42: 4 | AL42: 14 | AM42: 224 | AN42: 0 | AO42: 0 | AP42: 18 | AQ42: 98 | AR42: 0 | AS42: 0 | AT42: 0 | AU42: 23 | AX42: سعودي | AY42: أنثى | AZ42: 173 | BA42: 6 | BB42: 18 | BC42: 173 | BD42: 153 | BE42: 3 | BF42: 17 | BG42: 153 | BH42: 1 | BI42: 0 | BJ42: 0 | BK42: 1 | BN42: سعودي | BO42: أنثى | BP42: 483 | BQ42: 3 | BR42: 0 | BS42: 102 | BT42: 267 | BU42: 4 | BV42: 0 | BW42: 78 | BX42: 89 | BY42: 0 | BZ42: 0 | CA42: 19 | CD42: سعودي | CE42: أنثى | CF42: 0 | CG42: 3 | CH42: 20 | CI42: 104 | CJ42: 0 | CK42: 2 | CL42: 6 | CM42: 78 | CN42: 0 | CO42: 2 | CP42: 0 | CQ42: 2 | CT42: سعودي | CU42: أنثى | CV42: 0 | CW42: 9 | CX42: 21 | CY42: 235 | CZ42: 0 | DA42: 18 | DB42: 7 | DC42: 189 | DD42: 0 | DE42: 0 | DF42: 0 | DG42: 12 | DJ42: سعودي | DK42: أنثى | DL42: 0 | DM42: 3 | DN42: 20 | DO42: 104 | DP42: 0 | DQ42: 2 | DR42: 6 | DS42: 78 | DT42: 0 | DU42: 2 | DV42: 0 | DW42: 0 | DZ42: سعودي | EA42: أنثى | EB42: 467 | EC42: 2 | ED42: 0 | EE42: 55 | EF42: 349 | EG42: 5 | EH42: 0 | EI42: 60 | EJ42: 81 | EK42: 0 | EL42: 0 | EM42: 6 | EP42: سعودي | EQ42: أنثى | ER42: 467 | ES42: 2 | ET42: 0 | EU42: 49 | EV42: 349 | EW42: 5 | EX42: 0 | EY42: 55 | EZ42: 81 | FA42: 0 | FB42: 0 | FC42: 0 | FF42: سعودي | FG42: أنثى | FH42: 0 | FI42: 0 | FJ42: 0 | FK42: 0 | FL42: 0 | FM42: 0 | FN42: 0 | FO42: 0 | FP42: 0 | FQ42: 0 | FR42: 0 | FS42: 0 | FV42: سعودي | FW42: أنثى | FX42: 0 | FY42: 0 | FZ42: 0 | GA42: 0 | GB42: 0 | GC42: 0 | GD42: 0 | GE42: 0 | GF42: 0 | GG42: 0 | GH42: 0 | GI42: 0 | GL42: سعودي | GM42: أنثى | GN42: =FX42 -> 0 | GO42: =E42+U42+AK42+BA42+BQ42+CG42++CW42+DM42+EC42+ES42+FI42+FY42 -> 42 | GP42: =F42+V42+AL42+BB42+BR42+CH42++CX42+DN42+ED42+ET42+FJ42+FZ42 -> 186 | GQ42: =G42+W42+AM42+BC42+BS42+CI42++CY42+DO42+EE42+EU42+FK42+GA42 -> 1341 | GR42: =GB42 -> 0 | GS42: =I42+Y42+AO42+BE42+BU42+CK42++DA42+DQ42+EG42+EW42+FM42+GC42 -> 53 | GT42: =J42+Z42+AP42+BF42+BV42+CL42++DB42+DR42+EH42+EX42+FN42+GD42 -> 96 | GU42: =K42+AA42+AQ42+BG42+BW42+CM42++DC42+DS42+EI42+EY42+FO42+GE42 -> 1042 | GV42: =GF42 -> 0 | GW42: =M42+AC42+AS42+BI42+BY42+CO42++DE42+DU42+EK42+FA42+FQ42+GG42 -> 13 | GX42: =N42+AD42+AT42+BJ42+BZ42+CP42++DF42+DV42+EL42+FB42+FR42+GH42 -> 1 | GY42: =O42+AE42+AU42+BK42+CA42+CQ42++DG42+DW42+EM42+FC42+FS42+GI42 -> 63
B43: غير | C43: ذكر | D43: 0 | E43: 22 | F43: 2 | G43: 22 | H43: 0 | I43: 19 | J43: 3 | K43: 19 | L43: 0 | M43: 0 | N43: 0 | O43: 0 | R43: غير | S43: ذكر | T43: 0 | U43: 0 | V43: 10 | W43: 14 | X43: 0 | Y43: 0 | Z43: 5 | AA43: 23 | AB43: 0 | AC43: 0 | AD43: 0 | AE43: 0 | AH43: غير | AI43: ذكر | AJ43: 0 | AK43: 0 | AL43: 3 | AM43: 22 | AN43: 0 | AO43: 0 | AP43: 5 | AQ43: 11 | AR43: 0 | AS43: 0 | AT43: 0 | AU43: 0 | AX43: غير | AY43: ذكر | AZ43: 27 | BA43: 2 | BB43: 6 | BC43: 27 | BD43: 18 | BE43: 1 | BF43: 9 | BG43: 18 | BH43: 0 | BI43: 0 | BJ43: 0 | BK43: 0 | BN43: غير | BO43: ذكر | BP43: 43 | BQ43: 0 | BR43: 0 | BS43: 2 | BT43: 20 | BU43: 0 | BV43: 0 | BW43: 2 | BX43: 4 | BY43: 0 | BZ43: 0 | CA43: 0 | CD43: غير | CE43: ذكر | CF43: 0 | CG43: 2 | CH43: 18 | CI43: 15 | CJ43: 0 | CK43: 0 | CL43: 3 | CM43: 18 | CN43: 0 | CO43: 0 | CP43: 0 | CQ43: 0 | CT43: غير | CU43: ذكر | CV43: 0 | CW43: 0 | CX43: 0 | CY43: 21 | CZ43: 0 | DA43: 0 | DB43: 0 | DC43: 12 | DD43: 0 | DE43: 0 | DF43: 0 | DG43: 0 | DJ43: غير | DK43: ذكر | DL43: 0 | DM43: 2 | DN43: 18 | DO43: 15 | DP43: 0 | DQ43: 0 | DR43: 3 | DS43: 18 | DT43: 0 | DU43: 0 | DV43: 0 | DW43: 0 | DZ43: غير | EA43: ذكر | EB43: 43 | EC43: 0 | ED43: 0 | EE43: 9 | EF43: 18 | EG43: 2 | EH43: 0 | EI43: 2 | EJ43: 4 | EK43: 0 | EL43: 0 | EM43: 0 | EP43: غير | EQ43: ذكر | ER43: 43 | ES43: 0 | ET43: 0 | EU43: 10 | EV43: 18 | EW43: 2 | EX43: 0 | EY43: 1 | EZ43: 4 | FA43: 0 | FB43: 0 | FC43: 0 | FF43: غير | FG43: ذكر | FH43: 0 | FI43: 0 | FJ43: 0 | FK43: 0 | FL43: 0 | FM43: 0 | FN43: 0 | FO43: 0 | FP43: 0 | FQ43: 0 | FR43: 0 | FS43: 0 | FV43: غير | FW43: ذكر | FX43: 0 | FY43: 0 | FZ43: 0 | GA43: 0 | GB43: 0 | GC43: 0 | GD43: 0 | GE43: 0 | GF43: 0 | GG43: 0 | GH43: 0 | GI43: 0 | GL43: غير | GM43: ذكر | GN43: =FX43 -> 0 | GO43: =E43+U43+AK43+BA43+BQ43+CG43++CW43+DM43+EC43+ES43+FI43+FY43 -> 28 | GP43: =F43+V43+AL43+BB43+BR43+CH43++CX43+DN43+ED43+ET43+FJ43+FZ43 -> 57 | GQ43: =G43+W43+AM43+BC43+BS43+CI43++CY43+DO43+EE43+EU43+FK43+GA43 -> 157 | GR43: =GB43 -> 0 | GS43: =I43+Y43+AO43+BE43+BU43+CK43++DA43+DQ43+EG43+EW43+FM43+GC43 -> 24 | GT43: =J43+Z43+AP43+BF43+BV43+CL43++DB43+DR43+EH43+EX43+FN43+GD43 -> 28 | GU43: =K43+AA43+AQ43+BG43+BW43+CM43++DC43+DS43+EI43+EY43+FO43+GE43 -> 124 | GV43: =GF43 -> 0 | GW43: =M43+AC43+AS43+BI43+BY43+CO43++DE43+DU43+EK43+FA43+FQ43+GG43 -> 0 | GX43: =N43+AD43+AT43+BJ43+BZ43+CP43++DF43+DV43+EL43+FB43+FR43+GH43 -> 0 | GY43: =O43+AE43+AU43+BK43+CA43+CQ43++DG43+DW43+EM43+FC43+FS43+GI43 -> 0
B44: سعودي | C44: أنثى | D44: 0 | E44: 6 | F44: 0 | G44: 6 | H44: 0 | I44: 4 | J44: 1 | K44: 4 | L44: 0 | M44: 0 | N44: 0 | O44: 0 | R44: سعودي | S44: أنثى | T44: 0 | U44: 0 | V44: 4 | W44: 0 | X44: 0 | Y44: 0 | Z44: 4 | AA44: 4 | AB44: 0 | AC44: 0 | AD44: 0 | AE44: 0 | AH44: سعودي | AI44: أنثى | AJ44: 0 | AK44: 0 | AL44: 6 | AM44: 27 | AN44: 0 | AO44: 0 | AP44: 6 | AQ44: 14 | AR44: 0 | AS44: 0 | AT44: 0 | AU44: 0 | AX44: سعودي | AY44: أنثى | AZ44: 4 | BA44: 0 | BB44: 0 | BC44: 4 | BD44: 6 | BE44: 0 | BF44: 4 | BG44: 6 | BH44: 0 | BI44: 0 | BJ44: 0 | BK44: 0 | BN44: سعودي | BO44: أنثى | BP44: 30 | BQ44: 0 | BR44: 0 | BS44: 0 | BT44: 19 | BU44: 0 | BV44: 0 | BW44: 1 | BX44: 1 | BY44: 0 | BZ44: 0 | CA44: 0 | CD44: سعودي | CE44: أنثى | CF44: 0 | CG44: 0 | CH44: 3 | CI44: 12 | CJ44: 0 | CK44: 0 | CL44: 1 | CM44: 6 | CN44: 0 | CO44: 0 | CP44: 0 | CQ44: 0 | CT44: سعودي | CU44: أنثى | CV44: 0 | CW44: 0 | CX44: 0 | CY44: 2 | CZ44: 0 | DA44: 0 | DB44: 0 | DC44: 4 | DD44: 0 | DE44: 0 | DF44: 0 | DG44: 0 | DJ44: سعودي | DK44: أنثى | DL44: 0 | DM44: 0 | DN44: 3 | DO44: 12 | DP44: 0 | DQ44: 0 | DR44: 1 | DS44: 6 | DT44: 0 | DU44: 0 | DV44: 0 | DW44: 0 | DZ44: سعودي | EA44: أنثى | EB44: 30 | EC44: 0 | ED44: 0 | EE44: 7 | EF44: 17 | EG44: 0 | EH44: 0 | EI44: 4 | EJ44: 8 | EK44: 0 | EL44: 0 | EM44: 0 | EP44: سعودي | EQ44: أنثى | ER44: 30 | ES44: 0 | ET44: 0 | EU44: 8 | EV44: 17 | EW44: 0 | EX44: 0 | EY44: 3 | EZ44: 8 | FA44: 0 | FB44: 0 | FC44: 0 | FF44: سعودي | FG44: أنثى | FH44: 0 | FI44: 0 | FJ44: 0 | FK44: 0 | FL44: 0 | FM44: 0 | FN44: 0 | FO44: 0 | FP44: 0 | FQ44: 0 | FR44: 0 | FS44: 0 | FV44: سعودي | FW44: أنثى | FX44: 0 | FY44: 0 | FZ44: 0 | GA44: 0 | GB44: 0 | GC44: 0 | GD44: 0 | GE44: 0 | GF44: 0 | GG44: 0 | GH44: 0 | GI44: 0 | GL44: سعودي | GM44: أنثى | GN44: =FX44 -> 0 | GO44: =E44+U44+AK44+BA44+BQ44+CG44++CW44+DM44+EC44+ES44+FI44+FY44 -> 6 | GP44: =F44+V44+AL44+BB44+BR44+CH44++CX44+DN44+ED44+ET44+FJ44+FZ44 -> 16 | GQ44: =G44+W44+AM44+BC44+BS44+CI44++CY44+DO44+EE44+EU44+FK44+GA44 -> 78 | GR44: =GB44 -> 0 | GS44: =I44+Y44+AO44+BE44+BU44+CK44++DA44+DQ44+EG44+EW44+FM44+GC44 -> 4 | GT44: =J44+Z44+AP44+BF44+BV44+CL44++DB44+DR44+EH44+EX44+FN44+GD44 -> 17 | GU44: =K44+AA44+AQ44+BG44+BW44+CM44++DC44+DS44+EI44+EY44+FO44+GE44 -> 52 | GV44: =GF44 -> 0 | GW44: =M44+AC44+AS44+BI44+BY44+CO44++DE44+DU44+EK44+FA44+FQ44+GG44 -> 0 | GX44: =N44+AD44+AT44+BJ44+BZ44+CP44++DF44+DV44+EL44+FB44+FR44+GH44 -> 0 | GY44: =O44+AE44+AU44+BK44+CA44+CQ44++DG44+DW44+EM44+FC44+FS44+GI44 -> 0
B45: المجموع | D45: =SUM(D41:D44) -> 0 | E45: =SUM(E41:E44) -> 52 | F45: =SUM(F41:F44) -> 78 | G45: =SUM(G41:G44) -> 594 | H45: =SUM(H41:H44) -> 0 | I45: =SUM(I41:I44) -> 49 | J45: =SUM(J41:J44) -> 27 | K45: =SUM(K41:K44) -> 345 | ... O45: =SUM(O41:O44) -> 0 | R45: المجموع | T45: =SUM(T41:T44) -> 0 | U45: =SUM(U41:U44) -> 1 | V45: =SUM(V41:V44) -> 87 | W45: =SUM(W41:W44) -> 143 | X45: =SUM(X41:X44) -> 0 | Y45: =SUM(Y41:Y44) -> 0 | Z45: =SUM(Z41:Z44) -> 73 | AA45: =SUM(AA41:AA44) -> 129 | ... AE45: =SUM(AE41:AE44) -> 0 | AH45: المجموع | AJ45: 0 | AK45: 7 | AL45: 35 | AM45: 471 | AN45: 0 | AO45: 0 | AP45: 45 | AQ45: 235 | AR45: 0 | AS45: 0 | AT45: 0 | AU45: 39 | AX45: المجموع | AZ45: =SUM(AZ41:AZ44) -> 402 | BA45: =SUM(BA41:BA44) -> 21 | BB45: =SUM(BB41:BB44) -> 71 | BC45: =SUM(BC41:BC44) -> 402 | BD45: =SUM(BD41:BD44) -> 315 | BE45: =SUM(BE41:BE44) -> 9 | BF45: =SUM(BF41:BF44) -> 52 | BG45: =SUM(BG41:BG44) -> 315 | ... BK45: =SUM(BK41:BK44) -> 5 | BN45: المجموع | BP45: =SUM(BP41:BP44) -> 1002 | BQ45: =SUM(BQ41:BQ44) -> 5 | BR45: =SUM(BR41:BR44) -> 0 | BS45: =SUM(BS41:BS44) -> 202 | BT45: =SUM(BT41:BT44) -> 545 | BU45: =SUM(BU41:BU44) -> 7 | BV45: =SUM(BV41:BV44) -> 0 | BW45: =SUM(BW41:BW44) -> 168 | ... CA45: =SUM(CA41:CA44) -> 36 | CD45: المجموع | CF45: 0 | CG45: 5 | CH45: 64 | CI45: 230 | CJ45: 0 | CK45: 2 | CL45: 15 | CM45: 159 | CN45: 0 | CO45: 2 | CP45: 0 | CQ45: 2 | CT45: المجموع | CV45: 0 | CW45: 17 | CX45: 64 | CY45: 455 | CZ45: 0 | DA45: 39 | DB45: 31 | DC45: 361 | DD45: 0 | DE45: 0 | DF45: 0 | DG45: 18 | DJ45: المجموع | DL45: =SUM(DL41:DL44) -> 0 | DM45: =SUM(DM41:DM44) -> 5 | DN45: =SUM(DN41:DN44) -> 64 | DO45: =SUM(DO41:DO44) -> 230 | DP45: =SUM(DP41:DP44) -> 0 | DQ45: =SUM(DQ41:DQ44) -> 2 | DR45: =SUM(DR41:DR44) -> 15 | DS45: =SUM(DS41:DS44) -> 159 | ... DW45: =SUM(DW41:DW44) -> 0 | DZ45: المجموع | EB45: =SUM(EB41:EB44) -> 967 | EC45: =SUM(EC41:EC44) -> 6 | ED45: =SUM(ED41:ED44) -> 0 | EE45: =SUM(EE41:EE44) -> 123 | EF45: =SUM(EF41:EF44) -> 597 | EG45: =SUM(EG41:EG44) -> 14 | EH45: =SUM(EH41:EH44) -> 0 | EI45: =SUM(EI41:EI44) -> 98 | ... EM45: =SUM(EM41:EM44) -> 9 | EP45: المجموع | ER45: =SUM(ER41:ER44) -> 967 | ES45: =SUM(ES41:ES44) -> 6 | ET45: =SUM(ET41:ET44) -> 0 | EU45: =SUM(EU41:EU44) -> 122 | EV45: =SUM(EV41:EV44) -> 597 | EW45: =SUM(EW41:EW44) -> 14 | EX45: =SUM(EX41:EX44) -> 0 | EY45: =SUM(EY41:EY44) -> 92 | ... FC45: =SUM(FC41:FC44) -> 0 | FF45: المجموع | FH45: =SUM(FH41:FH44) -> 0 | FI45: =SUM(FI41:FI44) -> 0 | FJ45: =SUM(FJ41:FJ44) -> 0 | FK45: =SUM(FK41:FK44) -> 0 | FL45: =SUM(FL41:FL44) -> 0 | FM45: =SUM(FM41:FM44) -> 0 | FN45: =SUM(FN41:FN44) -> 0 | FO45: =SUM(FO41:FO44) -> 0 | ... FS45: =SUM(FS41:FS44) -> 0 | FV45: المجموع | FX45: =SUM(FX41:FX44) -> 0 | FY45: =SUM(FY41:FY44) -> 0 | FZ45: =SUM(FZ41:FZ44) -> 0 | GA45: =SUM(GA41:GA44) -> 0 | GB45: =SUM(GB41:GB44) -> 0 | GC45: =SUM(GC41:GC44) -> 0 | GD45: =SUM(GD41:GD44) -> 0 | GE45: =SUM(GE41:GE44) -> 0 | ... GI45: =SUM(GI41:GI44) -> 0 | GL45: المجموع | GN45: =SUM(GN41:GN44) -> 0 | GO45: =SUM(GO41:GO44) -> 125 | GP45: =SUM(GP41:GP44) -> 463 | GQ45: =SUM(GQ41:GQ44) -> 2972 | GR45: =SUM(GR41:GR44) -> 0 | GS45: =SUM(GS41:GS44) -> 136 | GT45: =SUM(GT41:GT44) -> 258 | GU45: =SUM(GU41:GU44) -> 2061 | ... GY45: =SUM(GY41:GY44) -> 109
B46: العدد المتوقع للمصابين : | E46: مرضى السكري | G46: 0 | I46: مرضى الضغط | K46: 0 | M46: م.الربو | N46: 0 | R46: العدد المتوقع للمصابين : | U46: مرضى السكري | W46: 0 | Y46: مرضى الضغط | AA46: 0 | AC46: م.الربو | AD46: 0 | AH46: العدد المتوقع للمصابين : | AK46: مرضى السكري | AM46: 0 | AO46: مرضى الضغط | AQ46: 0 | AS46: م.الربو | AT46: 0 | AX46: العدد المتوقع للمصابين : | BA46: مرضى السكري | BC46: 0 | BE46: مرضى الضغط | BG46: 0 | BI46: م.الربو | BJ46: 0 | BN46: العدد المتوقع للمصابين : | BQ46: مرضى السكري | BS46: 0 | BU46: مرضى الضغط | BW46: 0 | BY46: م.الربو | BZ46: 0 | CD46: العدد المتوقع للمصابين : | CG46: مرضى السكري | CI46: 0 | CK46: مرضى الضغط | CM46: 0 | CO46: م.الربو | CP46: 0 | CT46: العدد المتوقع للمصابين : | CW46: مرضى السكري | CY46: 0 | DA46: مرضى الضغط | DC46: 0 | DE46: م.الربو | DF46: 0 | DJ46: العدد المتوقع للمصابين : | DM46: مرضى السكري | DO46: 0 | DQ46: مرضى الضغط | DS46: 0 | DU46: م.الربو | DV46: 0 | DZ46: العدد المتوقع للمصابين : | EC46: مرضى السكري | EE46: 0 | EG46: مرضى الضغط | EI46: 0 | EK46: م.الربو | EL46: 0 | EP46: العدد المتوقع للمصابين : | ES46: مرضى السكري | EU46: 0 | EW46: مرضى الضغط | EY46: 0 | FA46: م.الربو | FB46: 0 | FF46: العدد المتوقع للمصابين : | FI46: مرضى السكري | FK46: 0 | FM46: مرضى الضغط | FO46: 0 | FQ46: م.الربو | FR46: 0 | FV46: العدد المتوقع للمصابين : | FY46: مرضى السكري | GA46: 0 | GC46: مرضى الضغط | GE46: 0 | GG46: م.الربو | GH46: 0 | GL46: العدد المتوقع للمصابين : | GO46: مرضى السكري | GR46: =G46+W46+AM46+BC46+BS46+CI46+CY46+DO46+EE46+EU46+FK46+GA46 -> 0 | GS46: مرضى الضغط | GV46: =K46+AA46+AQ46+BG46+BW46+CM46+DC46+DS46+EI46+EY46+FO46+GE46 -> 0 | GW46: م.الربو | GY46: =N46+AD46+AT46+BJ46+BZ46+CP46+DF46+DV46+EL46+FB46+FR46+GH46 -> 0
A47: الواحة | C47: ذكر | D47: 298 | E47: 0 | F47: 6 | G47: 44 | H47: 623 | I47: 1 | J47: 4 | K47: 31 | L47: 0 | M47: 0 | N47: 0 | O47: 0 | Q47: الواحة | S47: ذكر | T47: 298 | U47: 2 | V47: 6 | W47: 44 | X47: 624 | Y47: 3 | Z47: 4 | AA47: 31 | AB47: 3 | AC47: 0 | AD47: 0 | AE47: 18 | AG47: الواحة | AI47: ذكر | AJ47: 331 | AK47: 0 | AL47: 1 | AM47: 67 | AN47: 302 | AO47: 0 | AP47: 2 | AQ47: 64 | AR47: 0 | AS47: 0 | AT47: 0 | AU47: 0 | AW47: الواحة | AY47: ذكر | AZ47: 322 | BA47: 2 | BB47: 20 | BC47: 190 | BD47: 292 | BE47: 3 | BF47: 5 | BG47: 170 | BH47: 0 | BI47: 0 | BJ47: 0 | BK47: 0 | BM47: الواحة | BO47: ذكر | BP47: 291 | BQ47: 0 | BR47: 12 | BS47: 75 | BT47: 620 | BU47: 0 | BV47: 13 | BW47: 59 | BX47: 0 | BY47: 0 | BZ47: 0 | CA47: 0 | CC47: الواحة | CE47: ذكر | CF47: 332 | CG47: 2 | CH47: 9 | CI47: 142 | CJ47: 304 | CK47: 0 | CL47: 7 | CM47: 170 | CN47: 0 | CO47: 0 | CP47: 0 | CQ47: 0 | CS47: الواحة | CU47: ذكر | CV47: 298 | CW47: 0 | CX47: 6 | CY47: 44 | CZ47: 624 | DA47: 1 | DB47: 4 | DC47: 31 | DD47: 0 | DE47: 0 | DF47: 0 | DG47: 0 | DI47: الواحة | DK47: ذكر | DL47: 332 | DM47: 2 | DN47: 9 | DO47: 142 | DP47: 304 | DQ47: 0 | DR47: 7 | DS47: 170 | DT47: 0 | DU47: 0 | DV47: 0 | DW47: 0 | DY47: الواحة | EA47: ذكر | EB47: 648 | EC47: 0 | ED47: 9 | EE47: 87 | EF47: 311 | EG47: 0 | EH47: 6 | EI47: 58 | EJ47: 36 | EK47: 0 | EL47: 0 | EM47: 0 | EO47: الواحة | EQ47: ذكر | ER47: 648 | ES47: 0 | ET47: 9 | EU47: 77 | EV47: 311 | EW47: 0 | EX47: 6 | EY47: 50 | EZ47: 36 | FA47: 0 | FB47: 0 | FC47: 0 | FE47: الواحة | FG47: ذكر | FH47: 0 | FI47: 0 | FJ47: 0 | FK47: 0 | FL47: 0 | FM47: 0 | FN47: 0 | FO47: 0 | FP47: 0 | FQ47: 0 | FR47: 0 | FS47: 0 | FU47: الواحة | FW47: ذكر | FX47: 0 | FY47: 0 | FZ47: 0 | GA47: 0 | GB47: 0 | GC47: 0 | GD47: 0 | GE47: 0 | GF47: 0 | GG47: 0 | GH47: 0 | GI47: 0 | GK47: =FU47 -> الواحة | GM47: ذكر | GN47: =FX47 -> 0 | GO47: =E47+U47+AK47+BA47+BQ47+CG47++CW47+DM47+EC47+ES47+FI47+FY47 -> 8 | GP47: =F47+V47+AL47+BB47+BR47+CH47++CX47+DN47+ED47+ET47+FJ47+FZ47 -> 87 | GQ47: =G47+W47+AM47+BC47+BS47+CI47++CY47+DO47+EE47+EU47+FK47+GA47 -> 912 | GR47: =GB47 -> 0 | GS47: =I47+Y47+AO47+BE47+BU47+CK47++DA47+DQ47+EG47+EW47+FM47+GC47 -> 8 | GT47: =J47+Z47+AP47+BF47+BV47+CL47++DB47+DR47+EH47+EX47+FN47+GD47 -> 58 | GU47: =K47+AA47+AQ47+BG47+BW47+CM47++DC47+DS47+EI47+EY47+FO47+GE47 -> 834 | GV47: =GF47 -> 0 | GW47: =M47+AC47+AS47+BI47+BY47+CO47++DE47+DU47+EK47+FA47+FQ47+GG47 -> 0 | GX47: =N47+AD47+AT47+BJ47+BZ47+CP47++DF47+DV47+EL47+FB47+FR47+GH47 -> 0 | GY47: =O47+AE47+AU47+BK47+CA47+CQ47++DG47+DW47+EM47+FC47+FS47+GI47 -> 18
B48: سعودي | C48: أنثى | D48: 539 | E48: 2 | F48: 12 | G48: 58 | H48: 678 | I48: 2 | J48: 9 | K48: 44 | L48: 0 | M48: 0 | N48: 0 | O48: 0 | R48: سعودي | S48: أنثى | T48: 541 | U48: 2 | V48: 12 | W48: 58 | X48: 700 | Y48: 2 | Z48: 9 | AA48: 44 | AB48: 7 | AC48: 0 | AD48: 0 | AE48: 9 | AH48: سعودي | AI48: أنثى | AJ48: 311 | AK48: 0 | AL48: 2 | AM48: 61 | AN48: 117 | AO48: 0 | AP48: 1 | AQ48: 67 | AR48: 0 | AS48: 0 | AT48: 0 | AU48: 0 | AX48: سعودي | AY48: أنثى | AZ48: 305 | BA48: 0 | BB48: 18 | BC48: 200 | BD48: 110 | BE48: 3 | BF48: 5 | BG48: 140 | BH48: 0 | BI48: 0 | BJ48: 0 | BK48: 0 | BN48: سعودي | BO48: أنثى | BP48: 537 | BQ48: 0 | BR48: 9 | BS48: 68 | BT48: 674 | BU48: 0 | BV48: 8 | BW48: 57 | BX48: 0 | BY48: 0 | BZ48: 0 | CA48: 0 | CD48: سعودي | CE48: أنثى | CF48: 313 | CG48: 0 | CH48: 7 | CI48: 163 | CJ48: 118 | CK48: 0 | CL48: 6 | CM48: 155 | CN48: 0 | CO48: 0 | CP48: 0 | CQ48: 0 | CT48: سعودي | CU48: أنثى | CV48: 541 | CW48: 2 | CX48: 12 | CY48: 58 | CZ48: 700 | DA48: 2 | DB48: 9 | DC48: 44 | DD48: 0 | DE48: 0 | DF48: 0 | DG48: 0 | DJ48: سعودي | DK48: أنثى | DL48: 313 | DM48: 0 | DN48: 7 | DO48: 163 | DP48: 118 | DQ48: 0 | DR48: 6 | DS48: 155 | DT48: 0 | DU48: 0 | DV48: 0 | DW48: 0 | DZ48: سعودي | EA48: أنثى | EB48: 795 | EC48: 0 | ED48: 11 | EE48: 70 | EF48: 562 | EG48: 0 | EH48: 8 | EI48: 67 | EJ48: 93 | EK48: 0 | EL48: 0 | EM48: 0 | EP48: سعودي | EQ48: أنثى | ER48: 795 | ES48: 0 | ET48: 11 | EU48: 52 | EV48: 562 | EW48: 0 | EX48: 8 | EY48: 44 | EZ48: 93 | FA48: 0 | FB48: 0 | FC48: 0 | FF48: سعودي | FG48: أنثى | FH48: 0 | FI48: 0 | FJ48: 0 | FK48: 0 | FL48: 0 | FM48: 0 | FN48: 0 | FO48: 0 | FP48: 0 | FQ48: 0 | FR48: 0 | FS48: 0 | FV48: سعودي | FW48: أنثى | FX48: 0 | FY48: 0 | FZ48: 0 | GA48: 0 | GB48: 0 | GC48: 0 | GD48: 0 | GE48: 0 | GF48: 0 | GG48: 0 | GH48: 0 | GI48: 0 | GL48: سعودي | GM48: أنثى | GN48: =FX48 -> 0 | GO48: =E48+U48+AK48+BA48+BQ48+CG48++CW48+DM48+EC48+ES48+FI48+FY48 -> 6 | GP48: =F48+V48+AL48+BB48+BR48+CH48++CX48+DN48+ED48+ET48+FJ48+FZ48 -> 101 | GQ48: =G48+W48+AM48+BC48+BS48+CI48++CY48+DO48+EE48+EU48+FK48+GA48 -> 951 | GR48: =GB48 -> 0 | GS48: =I48+Y48+AO48+BE48+BU48+CK48++DA48+DQ48+EG48+EW48+FM48+GC48 -> 9 | GT48: =J48+Z48+AP48+BF48+BV48+CL48++DB48+DR48+EH48+EX48+FN48+GD48 -> 69 | GU48: =K48+AA48+AQ48+BG48+BW48+CM48++DC48+DS48+EI48+EY48+FO48+GE48 -> 817 | GV48: =GF48 -> 0 | GW48: =M48+AC48+AS48+BI48+BY48+CO48++DE48+DU48+EK48+FA48+FQ48+GG48 -> 0 | GX48: =N48+AD48+AT48+BJ48+BZ48+CP48++DF48+DV48+EL48+FB48+FR48+GH48 -> 0 | GY48: =O48+AE48+AU48+BK48+CA48+CQ48++DG48+DW48+EM48+FC48+FS48+GI48 -> 9
B49: غير | C49: ذكر | D49: 27 | E49: 0 | F49: 1 | G49: 21 | H49: 39 | I49: 0 | J49: 1 | K49: 12 | L49: 0 | M49: 0 | N49: 0 | O49: 0 | R49: غير | S49: ذكر | T49: 27 | U49: 0 | V49: 1 | W49: 21 | X49: 39 | Y49: 0 | Z49: 1 | AA49: 12 | AB49: 0 | AC49: 0 | AD49: 0 | AE49: 0 | AH49: غير | AI49: ذكر | AJ49: 196 | AK49: 0 | AL49: 0 | AM49: 6 | AN49: 77 | AO49: 0 | AP49: 0 | AQ49: 7 | AR49: 0 | AS49: 0 | AT49: 0 | AU49: 0 | AX49: غير | AY49: ذكر | AZ49: 196 | BA49: 0 | BB49: 0 | BC49: 20 | BD49: 77 | BE49: 0 | BF49: 0 | BG49: 19 | BH49: 0 | BI49: 0 | BJ49: 0 | BK49: 0 | BN49: غير | BO49: ذكر | BP49: 25 | BQ49: 0 | BR49: 1 | BS49: 8 | BT49: 39 | BU49: 0 | BV49: 0 | BW49: 9 | BX49: 0 | BY49: 0 | BZ49: 0 | CA49: 0 | CD49: غير | CE49: ذكر | CF49: 196 | CG49: 0 | CH49: 0 | CI49: 7 | CJ49: 77 | CK49: 0 | CL49: 1 | CM49: 8 | CN49: 0 | CO49: 0 | CP49: 0 | CQ49: 0 | CT49: غير | CU49: ذكر | CV49: 27 | CW49: 0 | CX49: 1 | CY49: 21 | CZ49: 39 | DA49: 0 | DB49: 1 | DC49: 12 | DD49: 0 | DE49: 0 | DF49: 0 | DG49: 0 | DJ49: غير | DK49: ذكر | DL49: 196 | DM49: 0 | DN49: 0 | DO49: 7 | DP49: 77 | DQ49: 0 | DR49: 1 | DS49: 8 | DT49: 0 | DU49: 0 | DV49: 0 | DW49: 0 | DZ49: غير | EA49: ذكر | EB49: 38 | EC49: 0 | ED49: 0 | EE49: 3 | EF49: 23 | EG49: 0 | EH49: 0 | EI49: 3 | EJ49: 0 | EK49: 0 | EL49: 0 | EM49: 0 | EP49: غير | EQ49: ذكر | ER49: 38 | ES49: 0 | ET49: 0 | EU49: 1 | EV49: 23 | EW49: 0 | EX49: 0 | EY49: 1 | EZ49: 0 | FA49: 0 | FB49: 0 | FC49: 0 | FF49: غير | FG49: ذكر | FH49: 0 | FI49: 0 | FJ49: 0 | FK49: 0 | FL49: 0 | FM49: 0 | FN49: 0 | FO49: 0 | FP49: 0 | FQ49: 0 | FR49: 0 | FS49: 0 | FV49: غير | FW49: ذكر | FX49: 0 | FY49: 0 | FZ49: 0 | GA49: 0 | GB49: 0 | GC49: 0 | GD49: 0 | GE49: 0 | GF49: 0 | GG49: 0 | GH49: 0 | GI49: 0 | GL49: غير | GM49: ذكر | GN49: =FX49 -> 0 | GO49: =E49+U49+AK49+BA49+BQ49+CG49++CW49+DM49+EC49+ES49+FI49+FY49 -> 0 | GP49: =F49+V49+AL49+BB49+BR49+CH49++CX49+DN49+ED49+ET49+FJ49+FZ49 -> 4 | GQ49: =G49+W49+AM49+BC49+BS49+CI49++CY49+DO49+EE49+EU49+FK49+GA49 -> 115 | GR49: =GB49 -> 0 | GS49: =I49+Y49+AO49+BE49+BU49+CK49++DA49+DQ49+EG49+EW49+FM49+GC49 -> 0 | GT49: =J49+Z49+AP49+BF49+BV49+CL49++DB49+DR49+EH49+EX49+FN49+GD49 -> 5 | GU49: =K49+AA49+AQ49+BG49+BW49+CM49++DC49+DS49+EI49+EY49+FO49+GE49 -> 91 | GV49: =GF49 -> 0 | GW49: =M49+AC49+AS49+BI49+BY49+CO49++DE49+DU49+EK49+FA49+FQ49+GG49 -> 0 | GX49: =N49+AD49+AT49+BJ49+BZ49+CP49++DF49+DV49+EL49+FB49+FR49+GH49 -> 0 | GY49: =O49+AE49+AU49+BK49+CA49+CQ49++DG49+DW49+EM49+FC49+FS49+GI49 -> 0
B50: سعودي | C50: أنثى | D50: 27 | E50: 0 | F50: 0 | G50: 3 | H50: 19 | I50: 0 | J50: 1 | K50: 5 | L50: 0 | M50: 0 | N50: 0 | O50: 0 | R50: سعودي | S50: أنثى | T50: 27 | U50: 0 | V50: 0 | W50: 3 | X50: 19 | Y50: 0 | Z50: 1 | AA50: 5 | AB50: 0 | AC50: 0 | AD50: 0 | AE50: 0 | AH50: سعودي | AI50: أنثى | AJ50: 100 | AK50: 0 | AL50: 0 | AM50: 4 | AN50: 35 | AO50: 0 | AP50: 0 | AQ50: 5 | AR50: 0 | AS50: 0 | AT50: 0 | AU50: 0 | AX50: سعودي | AY50: أنثى | AZ50: 100 | BA50: 0 | BB50: 0 | BC50: 17 | BD50: 35 | BE50: 0 | BF50: 0 | BG50: 20 | BH50: 0 | BI50: 0 | BJ50: 0 | BK50: 0 | BN50: سعودي | BO50: أنثى | BP50: 26 | BQ50: 0 | BR50: 0 | BS50: 6 | BT50: 19 | BU50: 0 | BV50: 3 | BW50: 6 | BX50: 0 | BY50: 0 | BZ50: 0 | CA50: 0 | CD50: سعودي | CE50: أنثى | CF50: 111 | CG50: 0 | CH50: 0 | CI50: 6 | CJ50: 35 | CK50: 0 | CL50: 2 | CM50: 8 | CN50: 0 | CO50: 0 | CP50: 0 | CQ50: 0 | CT50: سعودي | CU50: أنثى | CV50: 27 | CW50: 0 | CX50: 0 | CY50: 3 | CZ50: 19 | DA50: 0 | DB50: 1 | DC50: 5 | DD50: 0 | DE50: 0 | DF50: 0 | DG50: 0 | DJ50: سعودي | DK50: أنثى | DL50: 111 | DM50: 0 | DN50: 0 | DO50: 6 | DP50: 35 | DQ50: 0 | DR50: 2 | DS50: 8 | DT50: 0 | DU50: 0 | DV50: 0 | DW50: 0 | DZ50: سعودي | EA50: أنثى | EB50: 19 | EC50: 0 | ED50: 0 | EE50: 3 | EF50: 27 | EG50: 0 | EH50: 0 | EI50: 5 | EJ50: 0 | EK50: 0 | EL50: 0 | EM50: 0 | EP50: سعودي | EQ50: أنثى | ER50: 19 | ES50: 0 | ET50: 0 | EU50: 3 | EV50: 27 | EW50: 0 | EX50: 0 | EY50: 2 | EZ50: 0 | FA50: 0 | FB50: 0 | FC50: 0 | FF50: سعودي | FG50: أنثى | FH50: 0 | FI50: 0 | FJ50: 0 | FK50: 0 | FL50: 0 | FM50: 0 | FN50: 0 | FO50: 0 | FP50: 0 | FQ50: 0 | FR50: 0 | FS50: 0 | FV50: سعودي | FW50: أنثى | FX50: 0 | FY50: 0 | FZ50: 0 | GA50: 0 | GB50: 0 | GC50: 0 | GD50: 0 | GE50: 0 | GF50: 0 | GG50: 0 | GH50: 0 | GI50: 0 | GL50: سعودي | GM50: أنثى | GN50: =FX50 -> 0 | GO50: =E50+U50+AK50+BA50+BQ50+CG50++CW50+DM50+EC50+ES50+FI50+FY50 -> 0 | GP50: =F50+V50+AL50+BB50+BR50+CH50++CX50+DN50+ED50+ET50+FJ50+FZ50 -> 0 | GQ50: =G50+W50+AM50+BC50+BS50+CI50++CY50+DO50+EE50+EU50+FK50+GA50 -> 54 | GR50: =GB50 -> 0 | GS50: =I50+Y50+AO50+BE50+BU50+CK50++DA50+DQ50+EG50+EW50+FM50+GC50 -> 0 | GT50: =J50+Z50+AP50+BF50+BV50+CL50++DB50+DR50+EH50+EX50+FN50+GD50 -> 10 | GU50: =K50+AA50+AQ50+BG50+BW50+CM50++DC50+DS50+EI50+EY50+FO50+GE50 -> 69 | GV50: =GF50 -> 0 | GW50: =M50+AC50+AS50+BI50+BY50+CO50++DE50+DU50+EK50+FA50+FQ50+GG50 -> 0 | GX50: =N50+AD50+AT50+BJ50+BZ50+CP50++DF50+DV50+EL50+FB50+FR50+GH50 -> 0 | GY50: =O50+AE50+AU50+BK50+CA50+CQ50++DG50+DW50+EM50+FC50+FS50+GI50 -> 0
B51: المجموع | D51: =SUM(D47:D50) -> 891 | E51: =SUM(E47:E50) -> 2 | F51: =SUM(F47:F50) -> 19 | G51: =SUM(G47:G50) -> 126 | H51: =SUM(H47:H50) -> 1359 | I51: =SUM(I47:I50) -> 3 | J51: =SUM(J47:J50) -> 15 | K51: =SUM(K47:K50) -> 92 | ... O51: =SUM(O47:O50) -> 0 | R51: المجموع | T51: =SUM(T47:T50) -> 893 | U51: =SUM(U47:U50) -> 4 | V51: =SUM(V47:V50) -> 19 | W51: =SUM(W47:W50) -> 126 | X51: =SUM(X47:X50) -> 1382 | Y51: =SUM(Y47:Y50) -> 5 | Z51: =SUM(Z47:Z50) -> 15 | AA51: =SUM(AA47:AA50) -> 92 | ... AE51: =SUM(AE47:AE50) -> 27 | AH51: المجموع | AJ51: 938 | AK51: 0 | AL51: 3 | AM51: 138 | AN51: 531 | AO51: 0 | AP51: 3 | AQ51: 143 | AR51: 0 | AS51: 0 | AT51: 0 | AU51: 0 | AX51: المجموع | AZ51: =SUM(AZ47:AZ50) -> 923 | BA51: =SUM(BA47:BA50) -> 2 | BB51: =SUM(BB47:BB50) -> 38 | BC51: =SUM(BC47:BC50) -> 427 | BD51: =SUM(BD47:BD50) -> 514 | BE51: =SUM(BE47:BE50) -> 6 | BF51: =SUM(BF47:BF50) -> 10 | BG51: =SUM(BG47:BG50) -> 349 | ... BK51: =SUM(BK47:BK50) -> 0 | BN51: المجموع | BP51: =SUM(BP47:BP50) -> 879 | BQ51: =SUM(BQ47:BQ50) -> 0 | BR51: =SUM(BR47:BR50) -> 22 | BS51: =SUM(BS47:BS50) -> 157 | BT51: =SUM(BT47:BT50) -> 1352 | BU51: =SUM(BU47:BU50) -> 0 | BV51: =SUM(BV47:BV50) -> 24 | BW51: =SUM(BW47:BW50) -> 131 | ... CA51: =SUM(CA47:CA50) -> 0 | CD51: المجموع | CF51: 952 | CG51: 2 | CH51: 16 | CI51: 318 | CJ51: 534 | CK51: 0 | CL51: 16 | CM51: 341 | CN51: 0 | CO51: 0 | CP51: 0 | CQ51: 0 | CT51: المجموع | CV51: 893 | CW51: 2 | CX51: 19 | CY51: 126 | CZ51: 1382 | DA51: 3 | DB51: 15 | DC51: 92 | DD51: 0 | DE51: 0 | DF51: 0 | DG51: 0 | DJ51: المجموع | DL51: =SUM(DL47:DL50) -> 952 | DM51: =SUM(DM47:DM50) -> 2 | DN51: =SUM(DN47:DN50) -> 16 | DO51: =SUM(DO47:DO50) -> 318 | DP51: =SUM(DP47:DP50) -> 534 | DQ51: =SUM(DQ47:DQ50) -> 0 | DR51: =SUM(DR47:DR50) -> 16 | DS51: =SUM(DS47:DS50) -> 341 | ... DW51: =SUM(DW47:DW50) -> 0 | DZ51: المجموع | EB51: =SUM(EB47:EB50) -> 1500 | EC51: =SUM(EC47:EC50) -> 0 | ED51: =SUM(ED47:ED50) -> 20 | EE51: =SUM(EE47:EE50) -> 163 | EF51: =SUM(EF47:EF50) -> 923 | EG51: =SUM(EG47:EG50) -> 0 | EH51: =SUM(EH47:EH50) -> 14 | EI51: =SUM(EI47:EI50) -> 133 | ... EM51: =SUM(EM47:EM50) -> 0 | EP51: المجموع | ER51: =SUM(ER47:ER50) -> 1500 | ES51: =SUM(ES47:ES50) -> 0 | ET51: =SUM(ET47:ET50) -> 20 | EU51: 0 | EV51: =SUM(EV47:EV50) -> 923 | EW51: =SUM(EW47:EW50) -> 0 | EX51: =SUM(EX47:EX50) -> 14 | EY51: =SUM(EY47:EY50) -> 97 | EZ51: =SUM(EZ47:EZ50) -> 129 | FA51: =SUM(FA47:FA50) -> 0 | FB51: =SUM(FB47:FB50) -> 0 | FC51: =SUM(FC47:FC50) -> 0 | FF51: المجموع | FH51: =SUM(FH47:FH50) -> 0 | FI51: =SUM(FI47:FI50) -> 0 | FJ51: =SUM(FJ47:FJ50) -> 0 | FK51: =SUM(FK47:FK50) -> 0 | FL51: =SUM(FL47:FL50) -> 0 | FM51: =SUM(FM47:FM50) -> 0 | FN51: =SUM(FN47:FN50) -> 0 | FO51: =SUM(FO47:FO50) -> 0 | ... FS51: =SUM(FS47:FS50) -> 0 | FV51: المجموع | FX51: =SUM(FX47:FX50) -> 0 | FY51: =SUM(FY47:FY50) -> 0 | FZ51: =SUM(FZ47:FZ50) -> 0 | GA51: =SUM(GA47:GA50) -> 0 | GB51: =SUM(GB47:GB50) -> 0 | GC51: =SUM(GC47:GC50) -> 0 | GD51: =SUM(GD47:GD50) -> 0 | GE51: =SUM(GE47:GE50) -> 0 | ... GI51: =SUM(GI47:GI50) -> 0 | GL51: المجموع | GN51: =SUM(GN47:GN50) -> 0 | GO51: =SUM(GO47:GO50) -> 14 | GP51: =SUM(GP47:GP50) -> 192 | GQ51: =SUM(GQ47:GQ50) -> 2032 | GR51: =SUM(GR47:GR50) -> 0 | GS51: =SUM(GS47:GS50) -> 17 | GT51: =SUM(GT47:GT50) -> 142 | GU51: =SUM(GU47:GU50) -> 1811 | ... GY51: =SUM(GY47:GY50) -> 27
B52: العدد المتوقع للمصابين : | E52: مرضى السكري | G52: 0 | I52: مرضى الضغط | K52: 0 | M52: م.الربو | N52: 0 | R52: العدد المتوقع للمصابين : | U52: مرضى السكري | W52: 0 | Y52: مرضى الضغط | AA52: 0 | AC52: م.الربو | AD52: 0 | AH52: العدد المتوقع للمصابين : | AK52: مرضى السكري | AM52: 0 | AO52: مرضى الضغط | AQ52: 0 | AS52: م.الربو | AT52: 0 | AX52: العدد المتوقع للمصابين : | BA52: مرضى السكري | BC52: 0 | BE52: مرضى الضغط | BG52: 0 | BI52: م.الربو | BJ52: 0 | BN52: العدد المتوقع للمصابين : | BQ52: مرضى السكري | BS52: 0 | BU52: مرضى الضغط | BW52: 0 | BY52: م.الربو | BZ52: 0 | CD52: العدد المتوقع للمصابين : | CG52: مرضى السكري | CI52: 0 | CK52: مرضى الضغط | CM52: 0 | CO52: م.الربو | CP52: 0 | CT52: العدد المتوقع للمصابين : | CW52: مرضى السكري | CY52: 0 | DA52: مرضى الضغط | DC52: 0 | DE52: م.الربو | DF52: 0 | DJ52: العدد المتوقع للمصابين : | DM52: مرضى السكري | DO52: 0 | DQ52: مرضى الضغط | DS52: 0 | DU52: م.الربو | DV52: 0 | DZ52: العدد المتوقع للمصابين : | EC52: مرضى السكري | EE52: 0 | EG52: مرضى الضغط | EI52: 0 | EK52: م.الربو | EL52: 0 | EP52: العدد المتوقع للمصابين : | ES52: مرضى السكري | EU52: 0 | EW52: مرضى الضغط | EY52: 0 | FA52: م.الربو | FB52: 0 | FF52: العدد المتوقع للمصابين : | FI52: مرضى السكري | FK52: 0 | FM52: مرضى الضغط | FO52: 0 | FQ52: م.الربو | FR52: 0 | FV52: العدد المتوقع للمصابين : | FY52: مرضى السكري | GA52: 0 | GC52: مرضى الضغط | GE52: 0 | GG52: م.الربو | GH52: 0 | GL52: العدد المتوقع للمصابين : | GO52: مرضى السكري | GR52: =G52+W52+AM52+BC52+BS52+CI52+CY52+DO52+EE52+EU52+FK52+GA52 -> 0 | GS52: مرضى الضغط | GV52: =K52+AA52+AQ52+BG52+BW52+CM52+DC52+DS52+EI52+EY52+FO52+GE52 -> 0 | GW52: م.الربو | GY52: =N52+AD52+AT52+BJ52+BZ52+CP52+DF52+DV52+EL52+FB52+FR52+GH52 -> 0
A53: 0 | C53: ذكر | D53: 0 | E53: 0 | F53: 0 | G53: 0 | H53: 0 | I53: 0 | J53: 0 | K53: 0 | L53: 0 | M53: 0 | N53: 0 | O53: 0 | Q53: 0 | S53: ذكر | T53: 0 | U53: 0 | V53: 0 | W53: 0 | X53: 0 | Y53: 0 | Z53: 0 | AA53: 0 | AB53: 0 | AC53: 0 | AD53: 0 | AE53: 0 | AG53: 0 | AI53: ذكر | AJ53: 0 | AK53: 0 | AL53: 0 | AM53: 0 | AN53: 0 | AO53: 0 | AP53: 0 | AQ53: 0 | AR53: 0 | AS53: 0 | AT53: 0 | AU53: 0 | AW53: 0 | AY53: ذكر | AZ53: 0 | BA53: 0 | BB53: 0 | BC53: 0 | BD53: 0 | BE53: 0 | BF53: 0 | BG53: 0 | BH53: 0 | BI53: 0 | BJ53: 0 | BK53: 0 | BM53: 0 | BO53: ذكر | BP53: 0 | BQ53: 0 | BR53: 0 | BS53: 0 | BT53: 0 | BU53: 0 | BV53: 0 | BW53: 0 | BX53: 0 | BY53: 0 | BZ53: 0 | CA53: 0 | CC53: 0 | CE53: ذكر | CF53: 0 | CG53: 0 | CH53: 0 | CI53: 0 | CJ53: 0 | CK53: 0 | CL53: 0 | CM53: 0 | CN53: 0 | CO53: 0 | CP53: 0 | CQ53: 0 | CS53: 0 | CU53: ذكر | CV53: 0 | CW53: 0 | CX53: 0 | CY53: 0 | CZ53: 0 | DA53: 0 | DB53: 0 | DC53: 0 | DD53: 0 | DE53: 0 | DF53: 0 | DG53: 0 | DI53: 0 | DK53: ذكر | DL53: 0 | DM53: 0 | DN53: 0 | DO53: 0 | DP53: 0 | DQ53: 0 | DR53: 0 | DS53: 0 | DT53: 0 | DU53: 0 | DV53: 0 | DW53: 0 | DY53: 0 | EA53: ذكر | EB53: 0 | EC53: 0 | ED53: 0 | EE53: 0 | EF53: 0 | EG53: 0 | EH53: 0 | EI53: 0 | EJ53: 0 | EK53: 0 | EL53: 0 | EM53: 0 | EO53: 0 | EQ53: ذكر | ER53: 0 | ES53: 0 | ET53: 0 | EU53: 0 | EV53: 0 | EW53: 0 | EX53: 0 | EY53: 0 | EZ53: 0 | FA53: 0 | FB53: 0 | FC53: 0 | FE53: 0 | FG53: ذكر | FH53: 0 | FI53: 0 | FJ53: 0 | FK53: 0 | FL53: 0 | FM53: 0 | FN53: 0 | FO53: 0 | FP53: 0 | FQ53: 0 | FR53: 0 | FS53: 0 | FU53: 0 | FW53: ذكر | FX53: 0 | FY53: 0 | FZ53: 0 | GA53: 0 | GB53: 0 | GC53: 0 | GD53: 0 | GE53: 0 | GF53: 0 | GG53: 0 | GH53: 0 | GI53: 0 | GK53: =FU53 -> 0 | GM53: ذكر | GN53: =FX53 -> 0 | GO53: =E53+U53+AK53+BA53+BQ53+CG53++CW53+DM53+EC53+ES53+FI53+FY53 -> 0 | GP53: =F53+V53+AL53+BB53+BR53+CH53++CX53+DN53+ED53+ET53+FJ53+FZ53 -> 0 | GQ53: =G53+W53+AM53+BC53+BS53+CI53++CY53+DO53+EE53+EU53+FK53+GA53 -> 0 | GR53: =GB53 -> 0 | GS53: =I53+Y53+AO53+BE53+BU53+CK53++DA53+DQ53+EG53+EW53+FM53+GC53 -> 0 | GT53: =J53+Z53+AP53+BF53+BV53+CL53++DB53+DR53+EH53+EX53+FN53+GD53 -> 0 | GU53: =K53+AA53+AQ53+BG53+BW53+CM53++DC53+DS53+EI53+EY53+FO53+GE53 -> 0 | GV53: =GF53 -> 0 | GW53: =M53+AC53+AS53+BI53+BY53+CO53++DE53+DU53+EK53+FA53+FQ53+GG53 -> 0 | GX53: =N53+AD53+AT53+BJ53+BZ53+CP53++DF53+DV53+EL53+FB53+FR53+GH53 -> 0 | GY53: =O53+AE53+AU53+BK53+CA53+CQ53++DG53+DW53+EM53+FC53+FS53+GI53 -> 0
B54: سعودي | C54: أنثى | D54: 0 | E54: 0 | F54: 0 | G54: 0 | H54: 0 | I54: 0 | J54: 0 | K54: 0 | L54: 0 | M54: 0 | N54: 0 | O54: 0 | R54: سعودي | S54: أنثى | T54: 0 | U54: 0 | V54: 0 | W54: 0 | X54: 0 | Y54: 0 | Z54: 0 | AA54: 0 | AB54: 0 | AC54: 0 | AD54: 0 | AE54: 0 | AH54: سعودي | AI54: أنثى | AJ54: 0 | AK54: 0 | AL54: 0 | AM54: 0 | AN54: 0 | AO54: 0 | AP54: 0 | AQ54: 0 | AR54: 0 | AS54: 0 | AT54: 0 | AU54: 0 | AX54: سعودي | AY54: أنثى | AZ54: 0 | BA54: 0 | BB54: 0 | BC54: 0 | BD54: 0 | BE54: 0 | BF54: 0 | BG54: 0 | BH54: 0 | BI54: 0 | BJ54: 0 | BK54: 0 | BN54: سعودي | BO54: أنثى | BP54: 0 | BQ54: 0 | BR54: 0 | BS54: 0 | BT54: 0 | BU54: 0 | BV54: 0 | BW54: 0 | BX54: 0 | BY54: 0 | BZ54: 0 | CA54: 0 | CD54: سعودي | CE54: أنثى | CF54: 0 | CG54: 0 | CH54: 0 | CI54: 0 | CJ54: 0 | CK54: 0 | CL54: 0 | CM54: 0 | CN54: 0 | CO54: 0 | CP54: 0 | CQ54: 0 | CT54: سعودي | CU54: أنثى | CV54: 0 | CW54: 0 | CX54: 0 | CY54: 0 | CZ54: 0 | DA54: 0 | DB54: 0 | DC54: 0 | DD54: 0 | DE54: 0 | DF54: 0 | DG54: 0 | DJ54: سعودي | DK54: أنثى | DL54: 0 | DM54: 0 | DN54: 0 | DO54: 0 | DP54: 0 | DQ54: 0 | DR54: 0 | DS54: 0 | DT54: 0 | DU54: 0 | DV54: 0 | DW54: 0 | DZ54: سعودي | EA54: أنثى | EB54: 0 | EC54: 0 | ED54: 0 | EE54: 0 | EF54: 0 | EG54: 0 | EH54: 0 | EI54: 0 | EJ54: 0 | EK54: 0 | EL54: 0 | EM54: 0 | EP54: سعودي | EQ54: أنثى | ER54: 0 | ES54: 0 | ET54: 0 | EU54: 0 | EV54: 0 | EW54: 0 | EX54: 0 | EY54: 0 | EZ54: 0 | FA54: 0 | FB54: 0 | FC54: 0 | FF54: سعودي | FG54: أنثى | FH54: 0 | FI54: 0 | FJ54: 0 | FK54: 0 | FL54: 0 | FM54: 0 | FN54: 0 | FO54: 0 | FP54: 0 | FQ54: 0 | FR54: 0 | FS54: 0 | FV54: سعودي | FW54: أنثى | FX54: 0 | FY54: 0 | FZ54: 0 | GA54: 0 | GB54: 0 | GC54: 0 | GD54: 0 | GE54: 0 | GF54: 0 | GG54: 0 | GH54: 0 | GI54: 0 | GL54: سعودي | GM54: أنثى | GN54: =FX54 -> 0 | GO54: =E54+U54+AK54+BA54+BQ54+CG54++CW54+DM54+EC54+ES54+FI54+FY54 -> 0 | GP54: =F54+V54+AL54+BB54+BR54+CH54++CX54+DN54+ED54+ET54+FJ54+FZ54 -> 0 | GQ54: =G54+W54+AM54+BC54+BS54+CI54++CY54+DO54+EE54+EU54+FK54+GA54 -> 0 | GR54: =GB54 -> 0 | GS54: =I54+Y54+AO54+BE54+BU54+CK54++DA54+DQ54+EG54+EW54+FM54+GC54 -> 0 | GT54: =J54+Z54+AP54+BF54+BV54+CL54++DB54+DR54+EH54+EX54+FN54+GD54 -> 0 | GU54: =K54+AA54+AQ54+BG54+BW54+CM54++DC54+DS54+EI54+EY54+FO54+GE54 -> 0 | GV54: =GF54 -> 0 | GW54: =M54+AC54+AS54+BI54+BY54+CO54++DE54+DU54+EK54+FA54+FQ54+GG54 -> 0 | GX54: =N54+AD54+AT54+BJ54+BZ54+CP54++DF54+DV54+EL54+FB54+FR54+GH54 -> 0 | GY54: =O54+AE54+AU54+BK54+CA54+CQ54++DG54+DW54+EM54+FC54+FS54+GI54 -> 0
B55: غير | C55: ذكر | D55: 0 | E55: 0 | F55: 0 | G55: 0 | H55: 0 | I55: 0 | J55: 0 | K55: 0 | L55: 0 | M55: 0 | N55: 0 | O55: 0 | R55: غير | S55: ذكر | T55: 0 | U55: 0 | V55: 0 | W55: 0 | X55: 0 | Y55: 0 | Z55: 0 | AA55: 0 | AB55: 0 | AC55: 0 | AD55: 0 | AE55: 0 | AH55: غير | AI55: ذكر | AJ55: 0 | AK55: 0 | AL55: 0 | AM55: 0 | AN55: 0 | AO55: 0 | AP55: 0 | AQ55: 0 | AR55: 0 | AS55: 0 | AT55: 0 | AU55: 0 | AX55: غير | AY55: ذكر | AZ55: 0 | BA55: 0 | BB55: 0 | BC55: 0 | BD55: 0 | BE55: 0 | BF55: 0 | BG55: 0 | BH55: 0 | BI55: 0 | BJ55: 0 | BK55: 0 | BN55: غير | BO55: ذكر | BP55: 0 | BQ55: 0 | BR55: 0 | BS55: 0 | BT55: 0 | BU55: 0 | BV55: 0 | BW55: 0 | BX55: 0 | BY55: 0 | BZ55: 0 | CA55: 0 | CD55: غير | CE55: ذكر | CF55: 0 | CG55: 0 | CH55: 0 | CI55: 0 | CJ55: 0 | CK55: 0 | CL55: 0 | CM55: 0 | CN55: 0 | CO55: 0 | CP55: 0 | CQ55: 0 | CT55: غير | CU55: ذكر | CV55: 0 | CW55: 0 | CX55: 0 | CY55: 0 | CZ55: 0 | DA55: 0 | DB55: 0 | DC55: 0 | DD55: 0 | DE55: 0 | DF55: 0 | DG55: 0 | DJ55: غير | DK55: ذكر | DL55: 0 | DM55: 0 | DN55: 0 | DO55: 0 | DP55: 0 | DQ55: 0 | DR55: 0 | DS55: 0 | DT55: 0 | DU55: 0 | DV55: 0 | DW55: 0 | DZ55: غير | EA55: ذكر | EB55: 0 | EC55: 0 | ED55: 0 | EE55: 0 | EF55: 0 | EG55: 0 | EH55: 0 | EI55: 0 | EJ55: 0 | EK55: 0 | EL55: 0 | EM55: 0 | EP55: غير | EQ55: ذكر | ER55: 0 | ES55: 0 | ET55: 0 | EU55: 0 | EV55: 0 | EW55: 0 | EX55: 0 | EY55: 0 | EZ55: 0 | FA55: 0 | FB55: 0 | FC55: 0 | FF55: غير | FG55: ذكر | FH55: 0 | FI55: 0 | FJ55: 0 | FK55: 0 | FL55: 0 | FM55: 0 | FN55: 0 | FO55: 0 | FP55: 0 | FQ55: 0 | FR55: 0 | FS55: 0 | FV55: غير | FW55: ذكر | FX55: 0 | FY55: 0 | FZ55: 0 | GA55: 0 | GB55: 0 | GC55: 0 | GD55: 0 | GE55: 0 | GF55: 0 | GG55: 0 | GH55: 0 | GI55: 0 | GL55: غير | GM55: ذكر | GN55: =FX55 -> 0 | GO55: =E55+U55+AK55+BA55+BQ55+CG55++CW55+DM55+EC55+ES55+FI55+FY55 -> 0 | GP55: =F55+V55+AL55+BB55+BR55+CH55++CX55+DN55+ED55+ET55+FJ55+FZ55 -> 0 | GQ55: =G55+W55+AM55+BC55+BS55+CI55++CY55+DO55+EE55+EU55+FK55+GA55 -> 0 | GR55: =GB55 -> 0 | GS55: =I55+Y55+AO55+BE55+BU55+CK55++DA55+DQ55+EG55+EW55+FM55+GC55 -> 0 | GT55: =J55+Z55+AP55+BF55+BV55+CL55++DB55+DR55+EH55+EX55+FN55+GD55 -> 0 | GU55: =K55+AA55+AQ55+BG55+BW55+CM55++DC55+DS55+EI55+EY55+FO55+GE55 -> 0 | GV55: =GF55 -> 0 | GW55: =M55+AC55+AS55+BI55+BY55+CO55++DE55+DU55+EK55+FA55+FQ55+GG55 -> 0 | GX55: =N55+AD55+AT55+BJ55+BZ55+CP55++DF55+DV55+EL55+FB55+FR55+GH55 -> 0 | GY55: =O55+AE55+AU55+BK55+CA55+CQ55++DG55+DW55+EM55+FC55+FS55+GI55 -> 0
B56: سعودي | C56: أنثى | D56: 0 | E56: 0 | F56: 0 | G56: 0 | H56: 0 | I56: 0 | J56: 0 | K56: 0 | L56: 0 | M56: 0 | N56: 0 | O56: 0 | R56: سعودي | S56: أنثى | T56: 0 | U56: 0 | V56: 0 | W56: 0 | X56: 0 | Y56: 0 | Z56: 0 | AA56: 0 | AB56: 0 | AC56: 0 | AD56: 0 | AE56: 0 | AH56: سعودي | AI56: أنثى | AJ56: 0 | AK56: 0 | AL56: 0 | AM56: 0 | AN56: 0 | AO56: 0 | AP56: 0 | AQ56: 0 | AR56: 0 | AS56: 0 | AT56: 0 | AU56: 0 | AX56: سعودي | AY56: أنثى | AZ56: 0 | BA56: 0 | BB56: 0 | BC56: 0 | BD56: 0 | BE56: 0 | BF56: 0 | BG56: 0 | BH56: 0 | BI56: 0 | BJ56: 0 | BK56: 0 | BN56: سعودي | BO56: أنثى | BP56: 0 | BQ56: 0 | BR56: 0 | BS56: 0 | BT56: 0 | BU56: 0 | BV56: 0 | BW56: 0 | BX56: 0 | BY56: 0 | BZ56: 0 | CA56: 0 | CD56: سعودي | CE56: أنثى | CF56: 0 | CG56: 0 | CH56: 0 | CI56: 0 | CJ56: 0 | CK56: 0 | CL56: 0 | CM56: 0 | CN56: 0 | CO56: 0 | CP56: 0 | CQ56: 0 | CT56: سعودي | CU56: أنثى | CV56: 0 | CW56: 0 | CX56: 0 | CY56: 0 | CZ56: 0 | DA56: 0 | DB56: 0 | DC56: 0 | DD56: 0 | DE56: 0 | DF56: 0 | DG56: 0 | DJ56: سعودي | DK56: أنثى | DL56: 0 | DM56: 0 | DN56: 0 | DO56: 0 | DP56: 0 | DQ56: 0 | DR56: 0 | DS56: 0 | DT56: 0 | DU56: 0 | DV56: 0 | DW56: 0 | DZ56: سعودي | EA56: أنثى | EB56: 0 | EC56: 0 | ED56: 0 | EE56: 0 | EF56: 0 | EG56: 0 | EH56: 0 | EI56: 0 | EJ56: 0 | EK56: 0 | EL56: 0 | EM56: 0 | EP56: سعودي | EQ56: أنثى | ER56: 0 | ES56: 0 | ET56: 0 | EU56: 0 | EV56: 0 | EW56: 0 | EX56: 0 | EY56: 0 | EZ56: 0 | FA56: 0 | FB56: 0 | FC56: 0 | FF56: سعودي | FG56: أنثى | FH56: 0 | FI56: 0 | FJ56: 0 | FK56: 0 | FL56: 0 | FM56: 0 | FN56: 0 | FO56: 0 | FP56: 0 | FQ56: 0 | FR56: 0 | FS56: 0 | FV56: سعودي | FW56: أنثى | FX56: 0 | FY56: 0 | FZ56: 0 | GA56: 0 | GB56: 0 | GC56: 0 | GD56: 0 | GE56: 0 | GF56: 0 | GG56: 0 | GH56: 0 | GI56: 0 | GL56: سعودي | GM56: أنثى | GN56: =FX56 -> 0 | GO56: =E56+U56+AK56+BA56+BQ56+CG56++CW56+DM56+EC56+ES56+FI56+FY56 -> 0 | GP56: =F56+V56+AL56+BB56+BR56+CH56++CX56+DN56+ED56+ET56+FJ56+FZ56 -> 0 | GQ56: =G56+W56+AM56+BC56+BS56+CI56++CY56+DO56+EE56+EU56+FK56+GA56 -> 0 | GR56: =GB56 -> 0 | GS56: =I56+Y56+AO56+BE56+BU56+CK56++DA56+DQ56+EG56+EW56+FM56+GC56 -> 0 | GT56: =J56+Z56+AP56+BF56+BV56+CL56++DB56+DR56+EH56+EX56+FN56+GD56 -> 0 | GU56: =K56+AA56+AQ56+BG56+BW56+CM56++DC56+DS56+EI56+EY56+FO56+GE56 -> 0 | GV56: =GF56 -> 0 | GW56: =M56+AC56+AS56+BI56+BY56+CO56++DE56+DU56+EK56+FA56+FQ56+GG56 -> 0 | GX56: =N56+AD56+AT56+BJ56+BZ56+CP56++DF56+DV56+EL56+FB56+FR56+GH56 -> 0 | GY56: =O56+AE56+AU56+BK56+CA56+CQ56++DG56+DW56+EM56+FC56+FS56+GI56 -> 0
B57: المجموع | D57: =SUM(D53:D56) -> 0 | E57: =SUM(E53:E56) -> 0 | F57: =SUM(F53:F56) -> 0 | G57: =SUM(G53:G56) -> 0 | H57: =SUM(H53:H56) -> 0 | I57: =SUM(I53:I56) -> 0 | J57: =SUM(J53:J56) -> 0 | K57: =SUM(K53:K56) -> 0 | ... O57: =SUM(O53:O56) -> 0 | R57: المجموع | T57: =SUM(T53:T56) -> 0 | U57: =SUM(U53:U56) -> 0 | V57: =SUM(V53:V56) -> 0 | W57: =SUM(W53:W56) -> 0 | X57: =SUM(X53:X56) -> 0 | Y57: =SUM(Y53:Y56) -> 0 | Z57: =SUM(Z53:Z56) -> 0 | AA57: =SUM(AA53:AA56) -> 0 | ... AE57: =SUM(AE53:AE56) -> 0 | AH57: المجموع | AJ57: =SUM(AJ53:AJ56) -> 0 | AK57: =SUM(AK53:AK56) -> 0 | AL57: =SUM(AL53:AL56) -> 0 | AM57: =SUM(AM53:AM56) -> 0 | AN57: =SUM(AN53:AN56) -> 0 | AO57: =SUM(AO53:AO56) -> 0 | AP57: =SUM(AP53:AP56) -> 0 | AQ57: =SUM(AQ53:AQ56) -> 0 | ... AU57: =SUM(AU53:AU56) -> 0 | AX57: المجموع | AZ57: =SUM(AZ53:AZ56) -> 0 | BA57: =SUM(BA53:BA56) -> 0 | BB57: =SUM(BB53:BB56) -> 0 | BC57: =SUM(BC53:BC56) -> 0 | BD57: =SUM(BD53:BD56) -> 0 | BE57: =SUM(BE53:BE56) -> 0 | BF57: =SUM(BF53:BF56) -> 0 | BG57: =SUM(BG53:BG56) -> 0 | ... BK57: =SUM(BK53:BK56) -> 0 | BN57: المجموع | BP57: =SUM(BP53:BP56) -> 0 | BQ57: =SUM(BQ53:BQ56) -> 0 | BR57: =SUM(BR53:BR56) -> 0 | BS57: =SUM(BS53:BS56) -> 0 | BT57: =SUM(BT53:BT56) -> 0 | BU57: =SUM(BU53:BU56) -> 0 | BV57: =SUM(BV53:BV56) -> 0 | BW57: =SUM(BW53:BW56) -> 0 | ... CA57: =SUM(CA53:CA56) -> 0 | CD57: المجموع | CF57: =SUM(CF53:CF56) -> 0 | CG57: =SUM(CG53:CG56) -> 0 | CH57: =SUM(CH53:CH56) -> 0 | CI57: =SUM(CI23:CI27) -> 90 | CJ57: =SUM(CJ53:CJ56) -> 0 | CK57: =SUM(CK53:CK56) -> 0 | CL57: =SUM(CL53:CL56) -> 0 | CM57: =SUM(CM53:CM56) -> 0 | CN57: =SUM(CN53:CN56) -> 0 | CO57: =SUM(CO53:CO56) -> 0 | CP57: =SUM(CP53:CP56) -> 0 | CQ57: =SUM(CQ53:CQ56) -> 0 | CT57: المجموع | CV57: 0 | CW57: 0 | CX57: 0 | CY57: 0 | CZ57: 0 | DA57: 0 | DB57: 0 | DC57: 0 | DD57: 0 | DE57: 0 | DF57: 0 | DG57: 0 | DJ57: المجموع | DL57: =SUM(DL53:DL56) -> 0 | DM57: =SUM(DM53:DM56) -> 0 | DN57: =SUM(DN53:DN56) -> 0 | DO57: =SUM(DO53:DO56) -> 0 | DP57: =SUM(DP53:DP56) -> 0 | DQ57: =SUM(DQ53:DQ56) -> 0 | DR57: =SUM(DR53:DR56) -> 0 | DS57: =SUM(DS53:DS56) -> 0 | ... DW57: =SUM(DW53:DW56) -> 0 | DZ57: المجموع | EB57: =SUM(EB53:EB56) -> 0 | EC57: =SUM(EC53:EC56) -> 0 | ED57: =SUM(ED53:ED56) -> 0 | EE57: =SUM(EE53:EE56) -> 0 | EF57: =SUM(EF53:EF56) -> 0 | EG57: =SUM(EG53:EG56) -> 0 | EH57: =SUM(EH53:EH56) -> 0 | EI57: =SUM(EI53:EI56) -> 0 | ... EM57: =SUM(EM53:EM56) -> 0 | EP57: المجموع | ER57: =SUM(ER53:ER56) -> 0 | ES57: =SUM(ES53:ES56) -> 0 | ET57: =SUM(ET53:ET56) -> 0 | EU57: =SUM(EU53:EU56) -> 0 | EV57: =SUM(EV53:EV56) -> 0 | EW57: =SUM(EW53:EW56) -> 0 | EX57: =SUM(EX53:EX56) -> 0 | EY57: =SUM(EY53:EY56) -> 0 | ... FC57: =SUM(FC53:FC56) -> 0 | FF57: المجموع | FH57: =SUM(FH53:FH56) -> 0 | FI57: =SUM(FI53:FI56) -> 0 | FJ57: =SUM(FJ53:FJ56) -> 0 | FK57: =SUM(FK53:FK56) -> 0 | FL57: =SUM(FL53:FL56) -> 0 | FM57: =SUM(FM53:FM56) -> 0 | FN57: =SUM(FN53:FN56) -> 0 | FO57: =SUM(FO53:FO56) -> 0 | ... FS57: =SUM(FS53:FS56) -> 0 | FV57: المجموع | FX57: =SUM(FX53:FX56) -> 0 | FY57: =SUM(FY53:FY56) -> 0 | FZ57: =SUM(FZ53:FZ56) -> 0 | GA57: =SUM(GA53:GA56) -> 0 | GB57: =SUM(GB53:GB56) -> 0 | GC57: =SUM(GC53:GC56) -> 0 | GD57: =SUM(GD53:GD56) -> 0 | GE57: =SUM(GE53:GE56) -> 0 | ... GI57: =SUM(GI53:GI56) -> 0 | GL57: المجموع | GN57: =SUM(GN53:GN56) -> 0 | GO57: =SUM(GO53:GO56) -> 0 | GP57: =SUM(GP53:GP56) -> 0 | GQ57: =SUM(GQ53:GQ56) -> 0 | GR57: =SUM(GR53:GR56) -> 0 | GS57: =SUM(GS53:GS56) -> 0 | GT57: =SUM(GT53:GT56) -> 0 | GU57: =SUM(GU53:GU56) -> 0 | ... GY57: =SUM(GY53:GY56) -> 0
B58: العدد المتوقع للمصابين : | E58: مرضى السكري | G58: 0 | I58: مرضى الضغط | K58: 0 | M58: م.الربو | N58: 0 | R58: العدد المتوقع للمصابين : | U58: مرضى السكري | W58: 0 | Y58: مرضى الضغط | AA58: 0 | AC58: م.الربو | AD58: 0 | AH58: العدد المتوقع للمصابين : | AK58: مرضى السكري | AM58: 0 | AO58: مرضى الضغط | AQ58: 0 | AS58: م.الربو | AT58: 0 | AX58: العدد المتوقع للمصابين : | BA58: مرضى السكري | BC58: 0 | BE58: مرضى الضغط | BG58: 0 | BI58: م.الربو | BJ58: 0 | BN58: العدد المتوقع للمصابين : | BQ58: مرضى السكري | BS58: 0 | BU58: مرضى الضغط | BW58: 0 | BY58: م.الربو | BZ58: 0 | CD58: العدد المتوقع للمصابين : | CG58: مرضى السكري | CI58: 0 | CK58: مرضى الضغط | CM58: 0 | CO58: م.الربو | CP58: 0 | CT58: العدد المتوقع للمصابين : | CW58: مرضى السكري | CY58: 0 | DA58: مرضى الضغط | DC58: 0 | DE58: م.الربو | DF58: 0 | DJ58: العدد المتوقع للمصابين : | DM58: مرضى السكري | DO58: 0 | DQ58: مرضى الضغط | DS58: 0 | DU58: م.الربو | DV58: 0 | DZ58: العدد المتوقع للمصابين : | EC58: مرضى السكري | EE58: 0 | EG58: مرضى الضغط | EI58: 0 | EK58: م.الربو | EL58: 0 | EP58: العدد المتوقع للمصابين : | ES58: مرضى السكري | EU58: 0 | EW58: مرضى الضغط | EY58: 0 | FA58: م.الربو | FB58: 0 | FF58: العدد المتوقع للمصابين : | FI58: مرضى السكري | FK58: 0 | FM58: مرضى الضغط | FO58: 0 | FQ58: م.الربو | FR58: 0 | FV58: العدد المتوقع للمصابين : | FY58: مرضى السكري | GA58: 0 | GC58: مرضى الضغط | GE58: 0 | GG58: م.الربو | GH58: 0 | GL58: العدد المتوقع للمصابين : | GO58: مرضى السكري | GR58: =G58+W58+AM58+BC58+BS58+CI58+CY58+DO58+EE58+EU58+FK58+GA58 -> 0 | GS58: مرضى الضغط | GV58: =K58+AA58+AQ58+BG58+BW58+CM58+DC58+DS58+EI58+EY58+FO58+GE58 -> 0 | GW58: م.الربو | GY58: =N58+AD58+AT58+BJ58+BZ58+CP58+DF58+DV58+EL58+FB58+FR58+GH58 -> 0
A59: 0 | C59: ذكر | D59: 0 | E59: 0 | F59: 0 | G59: 0 | H59: 0 | I59: 0 | J59: 0 | K59: 0 | L59: 0 | M59: 0 | N59: 0 | O59: 0 | Q59: 0 | S59: ذكر | T59: 0 | U59: 0 | V59: 0 | W59: 0 | X59: 0 | Y59: 0 | Z59: 0 | AA59: 0 | AB59: 0 | AC59: 0 | AD59: 0 | AE59: 0 | AG59: 0 | AI59: ذكر | AJ59: 0 | AK59: 0 | AL59: 0 | AM59: 0 | AN59: 0 | AO59: 0 | AP59: 0 | AQ59: 0 | AR59: 0 | AS59: 0 | AT59: 0 | AU59: 0 | AW59: 0 | AY59: ذكر | AZ59: 0 | BA59: 0 | BB59: 0 | BC59: 0 | BD59: 0 | BE59: 0 | BF59: 0 | BG59: 0 | BH59: 0 | BI59: 0 | BJ59: 0 | BK59: 0 | BM59: 0 | BO59: ذكر | BP59: 0 | BQ59: 0 | BR59: 0 | BS59: 0 | BT59: 0 | BU59: 0 | BV59: 0 | BW59: 0 | BX59: 0 | BY59: 0 | BZ59: 0 | CA59: 0 | CC59: 0 | CE59: ذكر | CF59: 0 | CG59: 0 | CH59: 0 | CI59: 0 | CJ59: 0 | CK59: 0 | CL59: 0 | CM59: 0 | CN59: 0 | CO59: 0 | CP59: 0 | CQ59: 0 | CS59: 0 | CU59: ذكر | CV59: 0 | CW59: 0 | CX59: 0 | CY59: 0 | CZ59: 0 | DA59: 0 | DB59: 0 | DC59: 0 | DD59: 0 | DE59: 0 | DF59: 0 | DG59: 0 | DI59: 0 | DK59: ذكر | DL59: 0 | DM59: 0 | DN59: 0 | DO59: 0 | DP59: 0 | DQ59: 0 | DR59: 0 | DS59: 0 | DT59: 0 | DU59: 0 | DV59: 0 | DW59: 0 | DY59: 0 | EA59: ذكر | EB59: 0 | EC59: 0 | ED59: 0 | EE59: 0 | EF59: 0 | EG59: 0 | EH59: 0 | EI59: 0 | EJ59: 0 | EK59: 0 | EL59: 0 | EM59: 0 | EO59: 0 | EQ59: ذكر | ER59: 0 | ES59: 0 | ET59: 0 | EU59: 0 | EV59: 0 | EW59: 0 | EX59: 0 | EY59: 0 | EZ59: 0 | FA59: 0 | FB59: 0 | FC59: 0 | FE59: 0 | FG59: ذكر | FH59: 0 | FI59: 0 | FJ59: 0 | FK59: 0 | FL59: 0 | FM59: 0 | FN59: 0 | FO59: 0 | FP59: 0 | FQ59: 0 | FR59: 0 | FS59: 0 | FU59: 0 | FW59: ذكر | FX59: 0 | FY59: 0 | FZ59: 0 | GA59: 0 | GB59: 0 | GC59: 0 | GD59: 0 | GE59: 0 | GF59: 0 | GG59: 0 | GH59: 0 | GI59: 0 | GK59: =FU59 -> 0 | GM59: ذكر | GN59: =FX59 -> 0 | GO59: =E59+U59+AK59+BA59+BQ59+CG59++CW59+DM59+EC59+ES59+FI59+FY59 -> 0 | GP59: =F59+V59+AL59+BB59+BR59+CH59++CX59+DN59+ED59+ET59+FJ59+FZ59 -> 0 | GQ59: =G59+W59+AM59+BC59+BS59+CI59++CY59+DO59+EE59+EU59+FK59+GA59 -> 0 | GR59: =GB59 -> 0 | GS59: =I59+Y59+AO59+BE59+BU59+CK59++DA59+DQ59+EG59+EW59+FM59+GC59 -> 0 | GT59: =J59+Z59+AP59+BF59+BV59+CL59++DB59+DR59+EH59+EX59+FN59+GD59 -> 0 | GU59: =K59+AA59+AQ59+BG59+BW59+CM59++DC59+DS59+EI59+EY59+FO59+GE59 -> 0 | GV59: =GF59 -> 0 | GW59: =M59+AC59+AS59+BI59+BY59+CO59++DE59+DU59+EK59+FA59+FQ59+GG59 -> 0 | GX59: =N59+AD59+AT59+BJ59+BZ59+CP59++DF59+DV59+EL59+FB59+FR59+GH59 -> 0 | GY59: =O59+AE59+AU59+BK59+CA59+CQ59++DG59+DW59+EM59+FC59+FS59+GI59 -> 0
B60: سعودي | C60: أنثى | D60: 0 | E60: 0 | F60: 0 | G60: 0 | H60: 0 | I60: 0 | J60: 0 | K60: 0 | L60: 0 | M60: 0 | N60: 0 | O60: 0 | R60: سعودي | S60: أنثى | T60: 0 | U60: 0 | V60: 0 | W60: 0 | X60: 0 | Y60: 0 | Z60: 0 | AA60: 0 | AB60: 0 | AC60: 0 | AD60: 0 | AE60: 0 | AH60: سعودي | AI60: أنثى | AJ60: 0 | AK60: 0 | AL60: 0 | AM60: 0 | AN60: 0 | AO60: 0 | AP60: 0 | AQ60: 0 | AR60: 0 | AS60: 0 | AT60: 0 | AU60: 0 | AX60: سعودي | AY60: أنثى | AZ60: 0 | BA60: 0 | BB60: 0 | BC60: 0 | BD60: 0 | BE60: 0 | BF60: 0 | BG60: 0 | BH60: 0 | BI60: 0 | BJ60: 0 | BK60: 0 | BN60: سعودي | BO60: أنثى | BP60: 0 | BQ60: 0 | BR60: 0 | BS60: 0 | BT60: 0 | BU60: 0 | BV60: 0 | BW60: 0 | BX60: 0 | BY60: 0 | BZ60: 0 | CA60: 0 | CD60: سعودي | CE60: أنثى | CF60: 0 | CG60: 0 | CH60: 0 | CI60: 0 | CJ60: 0 | CK60: 0 | CL60: 0 | CM60: 0 | CN60: 0 | CO60: 0 | CP60: 0 | CQ60: 0 | CT60: سعودي | CU60: أنثى | CV60: 0 | CW60: 0 | CX60: 0 | CY60: 0 | CZ60: 0 | DA60: 0 | DB60: 0 | DC60: 0 | DD60: 0 | DE60: 0 | DF60: 0 | DG60: 0 | DJ60: سعودي | DK60: أنثى | DL60: 0 | DM60: 0 | DN60: 0 | DO60: 0 | DP60: 0 | DQ60: 0 | DR60: 0 | DS60: 0 | DT60: 0 | DU60: 0 | DV60: 0 | DW60: 0 | DZ60: سعودي | EA60: أنثى | EB60: 0 | EC60: 0 | ED60: 0 | EE60: 0 | EF60: 0 | EG60: 0 | EH60: 0 | EI60: 0 | EJ60: 0 | EK60: 0 | EL60: 0 | EM60: 0 | EP60: سعودي | EQ60: أنثى | ER60: 0 | ES60: 0 | ET60: 0 | EU60: 0 | EV60: 0 | EW60: 0 | EX60: 0 | EY60: 0 | EZ60: 0 | FA60: 0 | FB60: 0 | FC60: 0 | FF60: سعودي | FG60: أنثى | FH60: 0 | FI60: 0 | FJ60: 0 | FK60: 0 | FL60: 0 | FM60: 0 | FN60: 0 | FO60: 0 | FP60: 0 | FQ60: 0 | FR60: 0 | FS60: 0 | FV60: سعودي | FW60: أنثى | FX60: 0 | FY60: 0 | FZ60: 0 | GA60: 0 | GB60: 0 | GC60: 0 | GD60: 0 | GE60: 0 | GF60: 0 | GG60: 0 | GH60: 0 | GI60: 0 | GL60: سعودي | GM60: أنثى | GN60: =FX60 -> 0 | GO60: =E60+U60+AK60+BA60+BQ60+CG60++CW60+DM60+EC60+ES60+FI60+FY60 -> 0 | GP60: =F60+V60+AL60+BB60+BR60+CH60++CX60+DN60+ED60+ET60+FJ60+FZ60 -> 0 | GQ60: =G60+W60+AM60+BC60+BS60+CI60++CY60+DO60+EE60+EU60+FK60+GA60 -> 0 | GR60: =GB60 -> 0 | GS60: =I60+Y60+AO60+BE60+BU60+CK60++DA60+DQ60+EG60+EW60+FM60+GC60 -> 0 | GT60: =J60+Z60+AP60+BF60+BV60+CL60++DB60+DR60+EH60+EX60+FN60+GD60 -> 0 | GU60: =K60+AA60+AQ60+BG60+BW60+CM60++DC60+DS60+EI60+EY60+FO60+GE60 -> 0 | GV60: =GF60 -> 0 | GW60: =M60+AC60+AS60+BI60+BY60+CO60++DE60+DU60+EK60+FA60+FQ60+GG60 -> 0 | GX60: =N60+AD60+AT60+BJ60+BZ60+CP60++DF60+DV60+EL60+FB60+FR60+GH60 -> 0 | GY60: =O60+AE60+AU60+BK60+CA60+CQ60++DG60+DW60+EM60+FC60+FS60+GI60 -> 0
B61: غير | C61: ذكر | D61: 0 | E61: 0 | F61: 0 | G61: 0 | H61: 0 | I61: 0 | J61: 0 | K61: 0 | L61: 0 | M61: 0 | N61: 0 | O61: 0 | R61: غير | S61: ذكر | T61: 0 | U61: 0 | V61: 0 | W61: 0 | X61: 0 | Y61: 0 | Z61: 0 | AA61: 0 | AB61: 0 | AC61: 0 | AD61: 0 | AE61: 0 | AH61: غير | AI61: ذكر | AJ61: 0 | AK61: 0 | AL61: 0 | AM61: 0 | AN61: 0 | AO61: 0 | AP61: 0 | AQ61: 0 | AR61: 0 | AS61: 0 | AT61: 0 | AU61: 0 | AX61: غير | AY61: ذكر | AZ61: 0 | BA61: 0 | BB61: 0 | BC61: 0 | BD61: 0 | BE61: 0 | BF61: 0 | BG61: 0 | BH61: 0 | BI61: 0 | BJ61: 0 | BK61: 0 | BN61: غير | BO61: ذكر | BP61: 0 | BQ61: 0 | BR61: 0 | BS61: 0 | BT61: 0 | BU61: 0 | BV61: 0 | BW61: 0 | BX61: 0 | BY61: 0 | BZ61: 0 | CA61: 0 | CD61: غير | CE61: ذكر | CF61: 0 | CG61: 0 | CH61: 0 | CI61: 0 | CJ61: 0 | CK61: 0 | CL61: 0 | CM61: 0 | CN61: 0 | CO61: 0 | CP61: 0 | CQ61: 0 | CT61: غير | CU61: ذكر | CV61: 0 | CW61: 0 | CX61: 0 | CY61: 0 | CZ61: 0 | DA61: 0 | DB61: 0 | DC61: 0 | DD61: 0 | DE61: 0 | DF61: 0 | DG61: 0 | DJ61: غير | DK61: ذكر | DL61: 0 | DM61: 0 | DN61: 0 | DO61: 0 | DP61: 0 | DQ61: 0 | DR61: 0 | DS61: 0 | DT61: 0 | DU61: 0 | DV61: 0 | DW61: 0 | DZ61: غير | EA61: ذكر | EB61: 0 | EC61: 0 | ED61: 0 | EE61: 0 | EF61: 0 | EG61: 0 | EH61: 0 | EI61: 0 | EJ61: 0 | EK61: 0 | EL61: 0 | EM61: 0 | EP61: غير | EQ61: ذكر | ER61: 0 | ES61: 0 | ET61: 0 | EU61: 0 | EV61: 0 | EW61: 0 | EX61: 0 | EY61: 0 | EZ61: 0 | FA61: 0 | FB61: 0 | FC61: 0 | FF61: غير | FG61: ذكر | FH61: 0 | FI61: 0 | FJ61: 0 | FK61: 0 | FL61: 0 | FM61: 0 | FN61: 0 | FO61: 0 | FP61: 0 | FQ61: 0 | FR61: 0 | FS61: 0 | FV61: غير | FW61: ذكر | FX61: 0 | FY61: 0 | FZ61: 0 | GA61: 0 | GB61: 0 | GC61: 0 | GD61: 0 | GE61: 0 | GF61: 0 | GG61: 0 | GH61: 0 | GI61: 0 | GL61: غير | GM61: ذكر | GN61: =FX61 -> 0 | GO61: =E61+U61+AK61+BA61+BQ61+CG61++CW61+DM61+EC61+ES61+FI61+FY61 -> 0 | GP61: =F61+V61+AL61+BB61+BR61+CH61++CX61+DN61+ED61+ET61+FJ61+FZ61 -> 0 | GQ61: =G61+W61+AM61+BC61+BS61+CI61++CY61+DO61+EE61+EU61+FK61+GA61 -> 0 | GR61: =GB61 -> 0 | GS61: =I61+Y61+AO61+BE61+BU61+CK61++DA61+DQ61+EG61+EW61+FM61+GC61 -> 0 | GT61: =J61+Z61+AP61+BF61+BV61+CL61++DB61+DR61+EH61+EX61+FN61+GD61 -> 0 | GU61: =K61+AA61+AQ61+BG61+BW61+CM61++DC61+DS61+EI61+EY61+FO61+GE61 -> 0 | GV61: =GF61 -> 0 | GW61: =M61+AC61+AS61+BI61+BY61+CO61++DE61+DU61+EK61+FA61+FQ61+GG61 -> 0 | GX61: =N61+AD61+AT61+BJ61+BZ61+CP61++DF61+DV61+EL61+FB61+FR61+GH61 -> 0 | GY61: =O61+AE61+AU61+BK61+CA61+CQ61++DG61+DW61+EM61+FC61+FS61+GI61 -> 0
B62: سعودي | C62: أنثى | D62: 0 | E62: 0 | F62: 0 | G62: 0 | H62: 0 | I62: 0 | J62: 0 | K62: 0 | L62: 0 | M62: 0 | N62: 0 | O62: 0 | R62: سعودي | S62: أنثى | T62: 0 | U62: 0 | V62: 0 | W62: 0 | X62: 0 | Y62: 0 | Z62: 0 | AA62: 0 | AB62: 0 | AC62: 0 | AD62: 0 | AE62: 0 | AH62: سعودي | AI62: أنثى | AJ62: 0 | AK62: 0 | AL62: 0 | AM62: 0 | AN62: 0 | AO62: 0 | AP62: 0 | AQ62: 0 | AR62: 0 | AS62: 0 | AT62: 0 | AU62: 0 | AX62: سعودي | AY62: أنثى | AZ62: 0 | BA62: 0 | BB62: 0 | BC62: 0 | BD62: 0 | BE62: 0 | BF62: 0 | BG62: 0 | BH62: 0 | BI62: 0 | BJ62: 0 | BK62: 0 | BN62: سعودي | BO62: أنثى | BP62: 0 | BQ62: 0 | BR62: 0 | BS62: 0 | BT62: 0 | BU62: 0 | BV62: 0 | BW62: 0 | BX62: 0 | BY62: 0 | BZ62: 0 | CA62: 0 | CD62: سعودي | CE62: أنثى | CF62: 0 | CG62: 0 | CH62: 0 | CI62: 0 | CJ62: 0 | CK62: 0 | CL62: 0 | CM62: 0 | CN62: 0 | CO62: 0 | CP62: 0 | CQ62: 0 | CT62: سعودي | CU62: أنثى | CV62: 0 | CW62: 0 | CX62: 0 | CY62: 0 | CZ62: 0 | DA62: 0 | DB62: 0 | DC62: 0 | DD62: 0 | DE62: 0 | DF62: 0 | DG62: 0 | DJ62: سعودي | DK62: أنثى | DL62: 0 | DM62: 0 | DN62: 0 | DO62: 0 | DP62: 0 | DQ62: 0 | DR62: 0 | DS62: 0 | DT62: 0 | DU62: 0 | DV62: 0 | DW62: 0 | DZ62: سعودي | EA62: أنثى | EB62: 0 | EC62: 0 | ED62: 0 | EE62: 0 | EF62: 0 | EG62: 0 | EH62: 0 | EI62: 0 | EJ62: 0 | EK62: 0 | EL62: 0 | EM62: 0 | EP62: سعودي | EQ62: أنثى | ER62: 0 | ES62: 0 | ET62: 0 | EU62: 0 | EV62: 0 | EW62: 0 | EX62: 0 | EY62: 0 | EZ62: 0 | FA62: 0 | FB62: 0 | FC62: 0 | FF62: سعودي | FG62: أنثى | FH62: 0 | FI62: 0 | FJ62: 0 | FK62: 0 | FL62: 0 | FM62: 0 | FN62: 0 | FO62: 0 | FP62: 0 | FQ62: 0 | FR62: 0 | FS62: 0 | FV62: سعودي | FW62: أنثى | FX62: 0 | FY62: 0 | FZ62: 0 | GA62: 0 | GB62: 0 | GC62: 0 | GD62: 0 | GE62: 0 | GF62: 0 | GG62: 0 | GH62: 0 | GI62: 0 | GL62: سعودي | GM62: أنثى | GN62: =FX62 -> 0 | GO62: =E62+U62+AK62+BA62+BQ62+CG62++CW62+DM62+EC62+ES62+FI62+FY62 -> 0 | GP62: =F62+V62+AL62+BB62+BR62+CH62++CX62+DN62+ED62+ET62+FJ62+FZ62 -> 0 | GQ62: =G62+W62+AM62+BC62+BS62+CI62++CY62+DO62+EE62+EU62+FK62+GA62 -> 0 | GR62: =GB62 -> 0 | GS62: =I62+Y62+AO62+BE62+BU62+CK62++DA62+DQ62+EG62+EW62+FM62+GC62 -> 0 | GT62: =J62+Z62+AP62+BF62+BV62+CL62++DB62+DR62+EH62+EX62+FN62+GD62 -> 0 | GU62: =K62+AA62+AQ62+BG62+BW62+CM62++DC62+DS62+EI62+EY62+FO62+GE62 -> 0 | GV62: =GF62 -> 0 | GW62: =M62+AC62+AS62+BI62+BY62+CO62++DE62+DU62+EK62+FA62+FQ62+GG62 -> 0 | GX62: =N62+AD62+AT62+BJ62+BZ62+CP62++DF62+DV62+EL62+FB62+FR62+GH62 -> 0 | GY62: =O62+AE62+AU62+BK62+CA62+CQ62++DG62+DW62+EM62+FC62+FS62+GI62 -> 0
B63: المجموع | D63: =SUM(D59:D62) -> 0 | E63: =SUM(E59:E62) -> 0 | F63: =SUM(F59:F62) -> 0 | G63: =SUM(G59:G62) -> 0 | H63: =SUM(H59:H62) -> 0 | I63: =SUM(I59:I62) -> 0 | J63: =SUM(J59:J62) -> 0 | K63: =SUM(K59:K62) -> 0 | ... O63: =SUM(O59:O62) -> 0 | R63: المجموع | T63: =SUM(T59:T62) -> 0 | U63: =SUM(U59:U62) -> 0 | V63: =SUM(V59:V62) -> 0 | W63: =SUM(W59:W62) -> 0 | X63: =SUM(X59:X62) -> 0 | Y63: =SUM(Y59:Y62) -> 0 | Z63: =SUM(Z59:Z62) -> 0 | AA63: =SUM(AA59:AA62) -> 0 | ... AE63: =SUM(AE59:AE62) -> 0 | AH63: المجموع | AJ63: =SUM(AJ59:AJ62) -> 0 | AK63: =SUM(AK59:AK62) -> 0 | AL63: =SUM(AL59:AL62) -> 0 | AM63: =SUM(AM59:AM62) -> 0 | AN63: =SUM(AN59:AN62) -> 0 | AO63: =SUM(AO59:AO62) -> 0 | AP63: =SUM(AP59:AP62) -> 0 | AQ63: =SUM(AQ59:AQ62) -> 0 | ... AU63: =SUM(AU59:AU62) -> 0 | AX63: المجموع | AZ63: =SUM(AZ59:AZ62) -> 0 | BA63: =SUM(BA59:BA62) -> 0 | BB63: =SUM(BB59:BB62) -> 0 | BC63: =SUM(BC59:BC62) -> 0 | BD63: =SUM(BD59:BD62) -> 0 | BE63: =SUM(BE59:BE62) -> 0 | BF63: =SUM(BF59:BF62) -> 0 | BG63: =SUM(BG59:BG62) -> 0 | ... BK63: =SUM(BK59:BK62) -> 0 | BN63: المجموع | BP63: =SUM(BP59:BP62) -> 0 | BQ63: =SUM(BQ59:BQ62) -> 0 | BR63: =SUM(BR59:BR62) -> 0 | BS63: =SUM(BS59:BS62) -> 0 | BT63: =SUM(BT59:BT62) -> 0 | BU63: =SUM(BU59:BU62) -> 0 | BV63: =SUM(BV59:BV62) -> 0 | BW63: =SUM(BW59:BW62) -> 0 | ... CA63: =SUM(CA59:CA62) -> 0 | CD63: المجموع | CF63: =SUM(CF59:CF62) -> 0 | CG63: =SUM(CG59:CG62) -> 0 | CH63: =SUM(CH59:CH62) -> 0 | CI63: =SUM(CI59:CI62) -> 0 | CJ63: =SUM(CJ59:CJ62) -> 0 | CK63: =SUM(CK59:CK62) -> 0 | CL63: =SUM(CL59:CL62) -> 0 | CM63: =SUM(CM59:CM62) -> 0 | ... CQ63: =SUM(CQ59:CQ62) -> 0 | CT63: المجموع | CV63: 0 | CW63: 0 | CX63: 0 | CY63: 0 | CZ63: 0 | DA63: 0 | DB63: 0 | DC63: 0 | DD63: 0 | DE63: 0 | DF63: 0 | DG63: 0 | DJ63: المجموع | DL63: =SUM(DL59:DL62) -> 0 | DM63: =SUM(DM59:DM62) -> 0 | DN63: =SUM(DN59:DN62) -> 0 | DO63: =SUM(DO59:DO62) -> 0 | DP63: =SUM(DP59:DP62) -> 0 | DQ63: =SUM(DQ59:DQ62) -> 0 | DR63: =SUM(DR59:DR62) -> 0 | DS63: =SUM(DS59:DS62) -> 0 | ... DW63: =SUM(DW59:DW62) -> 0 | DZ63: المجموع | EB63: =SUM(EB59:EB62) -> 0 | EC63: =SUM(EC59:EC62) -> 0 | ED63: =SUM(ED59:ED62) -> 0 | EE63: =SUM(EE59:EE62) -> 0 | EF63: =SUM(EF59:EF62) -> 0 | EG63: =SUM(EG59:EG62) -> 0 | EH63: =SUM(EH59:EH62) -> 0 | EI63: =SUM(EI59:EI62) -> 0 | ... EM63: =SUM(EM59:EM62) -> 0 | EP63: المجموع | ER63: =SUM(ER59:ER62) -> 0 | ES63: =SUM(ES59:ES62) -> 0 | ET63: =SUM(ET59:ET62) -> 0 | EU63: =SUM(EU59:EU62) -> 0 | EV63: =SUM(EV59:EV62) -> 0 | EW63: =SUM(EW59:EW62) -> 0 | EX63: =SUM(EX59:EX62) -> 0 | EY63: =SUM(EY59:EY62) -> 0 | ... FC63: =SUM(FC59:FC62) -> 0 | FF63: المجموع | FH63: =SUM(FH59:FH62) -> 0 | FI63: =SUM(FI59:FI62) -> 0 | FJ63: =SUM(FJ59:FJ62) -> 0 | FK63: =SUM(FK59:FK62) -> 0 | FL63: =SUM(FL59:FL62) -> 0 | FM63: =SUM(FM59:FM62) -> 0 | FN63: =SUM(FN59:FN62) -> 0 | FO63: =SUM(FO59:FO62) -> 0 | ... FS63: =SUM(FS59:FS62) -> 0 | FV63: المجموع | FX63: =SUM(FX59:FX62) -> 0 | FY63: =SUM(FY59:FY62) -> 0 | FZ63: =SUM(FZ59:FZ62) -> 0 | GA63: =SUM(GA59:GA62) -> 0 | GB63: =SUM(GB59:GB62) -> 0 | GC63: =SUM(GC59:GC62) -> 0 | GD63: =SUM(GD59:GD62) -> 0 | GE63: =SUM(GE59:GE62) -> 0 | ... GI63: =SUM(GI59:GI62) -> 0 | GL63: المجموع | GN63: =SUM(GN59:GN62) -> 0 | GO63: =SUM(GO59:GO62) -> 0 | GP63: =SUM(GP59:GP62) -> 0 | GQ63: =SUM(GQ59:GQ62) -> 0 | GR63: =SUM(GR59:GR62) -> 0 | GS63: =SUM(GS59:GS62) -> 0 | GT63: =SUM(GT59:GT62) -> 0 | GU63: =SUM(GU59:GU62) -> 0 | ... GY63: =SUM(GY59:GY62) -> 0
B64: العدد المتوقع للمصابين : | E64: مرضى السكري | G64: 0 | I64: مرضى الضغط | K64: 0 | M64: م.الربو | N64: 0 | R64: العدد المتوقع للمصابين : | U64: مرضى السكري | W64: 0 | Y64: مرضى الضغط | AA64: 0 | AC64: م.الربو | AD64: 0 | AH64: العدد المتوقع للمصابين : | AK64: مرضى السكري | AM64: 0 | AO64: مرضى الضغط | AQ64: 0 | AS64: م.الربو | AT64: 0 | AX64: العدد المتوقع للمصابين : | BA64: مرضى السكري | BC64: 0 | BE64: مرضى الضغط | BG64: 0 | BI64: م.الربو | BJ64: 0 | BN64: العدد المتوقع للمصابين : | BQ64: مرضى السكري | BS64: 0 | BU64: مرضى الضغط | BW64: 0 | BY64: م.الربو | BZ64: 0 | CD64: العدد المتوقع للمصابين : | CG64: مرضى السكري | CI64: 0 | CK64: مرضى الضغط | CM64: 0 | CO64: م.الربو | CP64: 0 | CT64: العدد المتوقع للمصابين : | CW64: مرضى السكري | CY64: 0 | DA64: مرضى الضغط | DC64: 0 | DE64: م.الربو | DF64: 0 | DJ64: العدد المتوقع للمصابين : | DM64: مرضى السكري | DO64: 0 | DQ64: مرضى الضغط | DS64: 0 | DU64: م.الربو | DV64: 0 | DZ64: العدد المتوقع للمصابين : | EC64: مرضى السكري | EE64: 0 | EG64: مرضى الضغط | EI64: 0 | EK64: م.الربو | EL64: 0 | EP64: العدد المتوقع للمصابين : | ES64: مرضى السكري | EU64: 0 | EW64: مرضى الضغط | EY64: 0 | FA64: م.الربو | FB64: 0 | FF64: العدد المتوقع للمصابين : | FI64: مرضى السكري | FK64: 0 | FM64: مرضى الضغط | FO64: 0 | FQ64: م.الربو | FR64: 0 | FV64: العدد المتوقع للمصابين : | FY64: مرضى السكري | GA64: 0 | GC64: مرضى الضغط | GE64: 0 | GG64: م.الربو | GH64: 0 | GL64: العدد المتوقع للمصابين : | GO64: مرضى السكري | GR64: =G64+W64+AM64+BC64+BS64+CI64+CY64+DO64+EE64+EU64+FK64+GA64 -> 0 | GS64: مرضى الضغط | GV64: =K64+AA64+AQ64+BG64+BW64+CM64+DC64+DS64+EI64+EY64+FO64+GE64 -> 0 | GW64: م.الربو | GY64: =N64+AD64+AT64+BJ64+BZ64+CP64+DF64+DV64+EL64+FB64+FR64+GH64 -> 0
A65: 0 | C65: ذكر | D65: 0 | E65: 0 | F65: 0 | G65: 0 | H65: 0 | I65: 0 | J65: 0 | K65: 0 | L65: 0 | M65: 0 | N65: 0 | O65: 0 | Q65: 0 | S65: ذكر | T65: 0 | U65: 0 | V65: 0 | W65: 0 | X65: 0 | Y65: 0 | Z65: 0 | AA65: 0 | AB65: 0 | AC65: 0 | AD65: 0 | AE65: 0 | AG65: 0 | AI65: ذكر | AJ65: 0 | AK65: 0 | AL65: 0 | AM65: 0 | AN65: 0 | AO65: 0 | AP65: 0 | AQ65: 0 | AR65: 0 | AS65: 0 | AT65: 0 | AU65: 0 | AW65: 0 | AY65: ذكر | AZ65: 0 | BA65: 0 | BB65: 0 | BC65: 0 | BD65: 0 | BE65: 0 | BF65: 0 | BG65: 0 | BH65: 0 | BI65: 0 | BJ65: 0 | BK65: 0 | BM65: 0 | BO65: ذكر | BP65: 0 | BQ65: 0 | BR65: 0 | BS65: 0 | BT65: 0 | BU65: 0 | BV65: 0 | BW65: 0 | BX65: 0 | BY65: 0 | BZ65: 0 | CA65: 0 | CC65: 0 | CE65: ذكر | CF65: 0 | CG65: 0 | CH65: 0 | CI65: 0 | CJ65: 0 | CK65: 0 | CL65: 0 | CM65: 0 | CN65: 0 | CO65: 0 | CP65: 0 | CQ65: 0 | CS65: 0 | CU65: ذكر | CV65: 0 | CW65: 0 | CX65: 0 | CY65: 0 | CZ65: 0 | DA65: 0 | DB65: 0 | DC65: 0 | DD65: 0 | DE65: 0 | DF65: 0 | DG65: 0 | DI65: 0 | DK65: ذكر | DL65: 0 | DM65: 0 | DN65: 0 | DO65: 0 | DP65: 0 | DQ65: 0 | DR65: 0 | DS65: 0 | DT65: 0 | DU65: 0 | DV65: 0 | DW65: 0 | DY65: 0 | EA65: ذكر | EB65: 0 | EC65: 0 | ED65: 0 | EE65: 0 | EF65: 0 | EG65: 0 | EH65: 0 | EI65: 0 | EJ65: 0 | EK65: 0 | EL65: 0 | EM65: 0 | EO65: 0 | EQ65: ذكر | ER65: 0 | ES65: 0 | ET65: 0 | EU65: 0 | EV65: 0 | EW65: 0 | EX65: 0 | EY65: 0 | EZ65: 0 | FA65: 0 | FB65: 0 | FC65: 0 | FE65: 0 | FG65: ذكر | FH65: 0 | FI65: 0 | FJ65: 0 | FK65: 0 | FL65: 0 | FM65: 0 | FN65: 0 | FO65: 0 | FP65: 0 | FQ65: 0 | FR65: 0 | FS65: 0 | FU65: 0 | FW65: ذكر | FX65: 0 | FY65: 0 | FZ65: 0 | GA65: 0 | GB65: 0 | GC65: 0 | GD65: 0 | GE65: 0 | GF65: 0 | GG65: 0 | GH65: 0 | GI65: 0 | GK65: =FU65 -> 0 | GM65: ذكر | GN65: =FX65 -> 0 | GO65: =E65+U65+AK65+BA65+BQ65+CG65++CW65+DM65+EC65+ES65+FI65+FY65 -> 0 | GP65: =F65+V65+AL65+BB65+BR65+CH65++CX65+DN65+ED65+ET65+FJ65+FZ65 -> 0 | GQ65: =G65+W65+AM65+BC65+BS65+CI65++CY65+DO65+EE65+EU65+FK65+GA65 -> 0 | GR65: =GB65 -> 0 | GS65: =I65+Y65+AO65+BE65+BU65+CK65++DA65+DQ65+EG65+EW65+FM65+GC65 -> 0 | GT65: =J65+Z65+AP65+BF65+BV65+CL65++DB65+DR65+EH65+EX65+FN65+GD65 -> 0 | GU65: =K65+AA65+AQ65+BG65+BW65+CM65++DC65+DS65+EI65+EY65+FO65+GE65 -> 0 | GV65: =GF65 -> 0 | GW65: =M65+AC65+AS65+BI65+BY65+CO65++DE65+DU65+EK65+FA65+FQ65+GG65 -> 0 | GX65: =N65+AD65+AT65+BJ65+BZ65+CP65++DF65+DV65+EL65+FB65+FR65+GH65 -> 0 | GY65: =O65+AE65+AU65+BK65+CA65+CQ65++DG65+DW65+EM65+FC65+FS65+GI65 -> 0
B66: سعودي | C66: أنثى | D66: 0 | E66: 0 | F66: 0 | G66: 0 | H66: 0 | I66: 0 | J66: 0 | K66: 0 | L66: 0 | M66: 0 | N66: 0 | O66: 0 | R66: سعودي | S66: أنثى | T66: 0 | U66: 0 | V66: 0 | W66: 0 | X66: 0 | Y66: 0 | Z66: 0 | AA66: 0 | AB66: 0 | AC66: 0 | AD66: 0 | AE66: 0 | AH66: سعودي | AI66: أنثى | AJ66: 0 | AK66: 0 | AL66: 0 | AM66: 0 | AN66: 0 | AO66: 0 | AP66: 0 | AQ66: 0 | AR66: 0 | AS66: 0 | AT66: 0 | AU66: 0 | AX66: سعودي | AY66: أنثى | AZ66: 0 | BA66: 0 | BB66: 0 | BC66: 0 | BD66: 0 | BE66: 0 | BF66: 0 | BG66: 0 | BH66: 0 | BI66: 0 | BJ66: 0 | BK66: 0 | BN66: سعودي | BO66: أنثى | BP66: 0 | BQ66: 0 | BR66: 0 | BS66: 0 | BT66: 0 | BU66: 0 | BV66: 0 | BW66: 0 | BX66: 0 | BY66: 0 | BZ66: 0 | CA66: 0 | CD66: سعودي | CE66: أنثى | CF66: 0 | CG66: 0 | CH66: 0 | CI66: 0 | CJ66: 0 | CK66: 0 | CL66: 0 | CM66: 0 | CN66: 0 | CO66: 0 | CP66: 0 | CQ66: 0 | CT66: سعودي | CU66: أنثى | CV66: 0 | CW66: 0 | CX66: 0 | CY66: 0 | CZ66: 0 | DA66: 0 | DB66: 0 | DC66: 0 | DD66: 0 | DE66: 0 | DF66: 0 | DG66: 0 | DJ66: سعودي | DK66: أنثى | DL66: 0 | DM66: 0 | DN66: 0 | DO66: 0 | DP66: 0 | DQ66: 0 | DR66: 0 | DS66: 0 | DT66: 0 | DU66: 0 | DV66: 0 | DW66: 0 | DZ66: سعودي | EA66: أنثى | EB66: 0 | EC66: 0 | ED66: 0 | EE66: 0 | EF66: 0 | EG66: 0 | EH66: 0 | EI66: 0 | EJ66: 0 | EK66: 0 | EL66: 0 | EM66: 0 | EP66: سعودي | EQ66: أنثى | ER66: 0 | ES66: 0 | ET66: 0 | EU66: 0 | EV66: 0 | EW66: 0 | EX66: 0 | EY66: 0 | EZ66: 0 | FA66: 0 | FB66: 0 | FC66: 0 | FF66: سعودي | FG66: أنثى | FH66: 0 | FI66: 0 | FJ66: 0 | FK66: 0 | FL66: 0 | FM66: 0 | FN66: 0 | FO66: 0 | FP66: 0 | FQ66: 0 | FR66: 0 | FS66: 0 | FV66: سعودي | FW66: أنثى | FX66: 0 | FY66: 0 | FZ66: 0 | GA66: 0 | GB66: 0 | GC66: 0 | GD66: 0 | GE66: 0 | GF66: 0 | GG66: 0 | GH66: 0 | GI66: 0 | GL66: سعودي | GM66: أنثى | GN66: =FX66 -> 0 | GO66: =E66+U66+AK66+BA66+BQ66+CG66++CW66+DM66+EC66+ES66+FI66+FY66 -> 0 | GP66: =F66+V66+AL66+BB66+BR66+CH66++CX66+DN66+ED66+ET66+FJ66+FZ66 -> 0 | GQ66: =G66+W66+AM66+BC66+BS66+CI66++CY66+DO66+EE66+EU66+FK66+GA66 -> 0 | GR66: =GB66 -> 0 | GS66: =I66+Y66+AO66+BE66+BU66+CK66++DA66+DQ66+EG66+EW66+FM66+GC66 -> 0 | GT66: =J66+Z66+AP66+BF66+BV66+CL66++DB66+DR66+EH66+EX66+FN66+GD66 -> 0 | GU66: =K66+AA66+AQ66+BG66+BW66+CM66++DC66+DS66+EI66+EY66+FO66+GE66 -> 0 | GV66: =GF66 -> 0 | GW66: =M66+AC66+AS66+BI66+BY66+CO66++DE66+DU66+EK66+FA66+FQ66+GG66 -> 0 | GX66: =N66+AD66+AT66+BJ66+BZ66+CP66++DF66+DV66+EL66+FB66+FR66+GH66 -> 0 | GY66: =O66+AE66+AU66+BK66+CA66+CQ66++DG66+DW66+EM66+FC66+FS66+GI66 -> 0
B67: غير | C67: ذكر | D67: 0 | E67: 0 | F67: 0 | G67: 0 | H67: 0 | I67: 0 | J67: 0 | K67: 0 | L67: 0 | M67: 0 | N67: 0 | O67: 0 | R67: غير | S67: ذكر | T67: 0 | U67: 0 | V67: 0 | W67: 0 | X67: 0 | Y67: 0 | Z67: 0 | AA67: 0 | AB67: 0 | AC67: 0 | AD67: 0 | AE67: 0 | AH67: غير | AI67: ذكر | AJ67: 0 | AK67: 0 | AL67: 0 | AM67: 0 | AN67: 0 | AO67: 0 | AP67: 0 | AQ67: 0 | AR67: 0 | AS67: 0 | AT67: 0 | AU67: 0 | AX67: غير | AY67: ذكر | AZ67: 0 | BA67: 0 | BB67: 0 | BC67: 0 | BD67: 0 | BE67: 0 | BF67: 0 | BG67: 0 | BH67: 0 | BI67: 0 | BJ67: 0 | BK67: 0 | BN67: غير | BO67: ذكر | BP67: 0 | BQ67: 0 | BR67: 0 | BS67: 0 | BT67: 0 | BU67: 0 | BV67: 0 | BW67: 0 | BX67: 0 | BY67: 0 | BZ67: 0 | CA67: 0 | CD67: غير | CE67: ذكر | CF67: 0 | CG67: 0 | CH67: 0 | CI67: 0 | CJ67: 0 | CK67: 0 | CL67: 0 | CM67: 0 | CN67: 0 | CO67: 0 | CP67: 0 | CQ67: 0 | CT67: غير | CU67: ذكر | CV67: 0 | CW67: 0 | CX67: 0 | CY67: 0 | CZ67: 0 | DA67: 0 | DB67: 0 | DC67: 0 | DD67: 0 | DE67: 0 | DF67: 0 | DG67: 0 | DJ67: غير | DK67: ذكر | DL67: 0 | DM67: 0 | DN67: 0 | DO67: 0 | DP67: 0 | DQ67: 0 | DR67: 0 | DS67: 0 | DT67: 0 | DU67: 0 | DV67: 0 | DW67: 0 | DZ67: غير | EA67: ذكر | EB67: 0 | EC67: 0 | ED67: 0 | EE67: 0 | EF67: 0 | EG67: 0 | EH67: 0 | EI67: 0 | EJ67: 0 | EK67: 0 | EL67: 0 | EM67: 0 | EP67: غير | EQ67: ذكر | ER67: 0 | ES67: 0 | ET67: 0 | EU67: 0 | EV67: 0 | EW67: 0 | EX67: 0 | EY67: 0 | EZ67: 0 | FA67: 0 | FB67: 0 | FC67: 0 | FF67: غير | FG67: ذكر | FH67: 0 | FI67: 0 | FJ67: 0 | FK67: 0 | FL67: 0 | FM67: 0 | FN67: 0 | FO67: 0 | FP67: 0 | FQ67: 0 | FR67: 0 | FS67: 0 | FV67: غير | FW67: ذكر | FX67: 0 | FY67: 0 | FZ67: 0 | GA67: 0 | GB67: 0 | GC67: 0 | GD67: 0 | GE67: 0 | GF67: 0 | GG67: 0 | GH67: 0 | GI67: 0 | GL67: غير | GM67: ذكر | GN67: =FX67 -> 0 | GO67: =E67+U67+AK67+BA67+BQ67+CG67++CW67+DM67+EC67+ES67+FI67+FY67 -> 0 | GP67: =F67+V67+AL67+BB67+BR67+CH67++CX67+DN67+ED67+ET67+FJ67+FZ67 -> 0 | GQ67: =G67+W67+AM67+BC67+BS67+CI67++CY67+DO67+EE67+EU67+FK67+GA67 -> 0 | GR67: =GB67 -> 0 | GS67: =I67+Y67+AO67+BE67+BU67+CK67++DA67+DQ67+EG67+EW67+FM67+GC67 -> 0 | GT67: =J67+Z67+AP67+BF67+BV67+CL67++DB67+DR67+EH67+EX67+FN67+GD67 -> 0 | GU67: =K67+AA67+AQ67+BG67+BW67+CM67++DC67+DS67+EI67+EY67+FO67+GE67 -> 0 | GV67: =GF67 -> 0 | GW67: =M67+AC67+AS67+BI67+BY67+CO67++DE67+DU67+EK67+FA67+FQ67+GG67 -> 0 | GX67: =N67+AD67+AT67+BJ67+BZ67+CP67++DF67+DV67+EL67+FB67+FR67+GH67 -> 0 | GY67: =O67+AE67+AU67+BK67+CA67+CQ67++DG67+DW67+EM67+FC67+FS67+GI67 -> 0
B68: سعودي | C68: أنثى | D68: 0 | E68: 0 | F68: 0 | G68: 0 | H68: 0 | I68: 0 | J68: 0 | K68: 0 | L68: 0 | M68: 0 | N68: 0 | O68: 0 | R68: سعودي | S68: أنثى | T68: 0 | U68: 0 | V68: 0 | W68: 0 | X68: 0 | Y68: 0 | Z68: 0 | AA68: 0 | AB68: 0 | AC68: 0 | AD68: 0 | AE68: 0 | AH68: سعودي | AI68: أنثى | AJ68: 0 | AK68: 0 | AL68: 0 | AM68: 0 | AN68: 0 | AO68: 0 | AP68: 0 | AQ68: 0 | AR68: 0 | AS68: 0 | AT68: 0 | AU68: 0 | AX68: سعودي | AY68: أنثى | AZ68: 0 | BA68: 0 | BB68: 0 | BC68: 0 | BD68: 0 | BE68: 0 | BF68: 0 | BG68: 0 | BH68: 0 | BI68: 0 | BJ68: 0 | BK68: 0 | BN68: سعودي | BO68: أنثى | BP68: 0 | BQ68: 0 | BR68: 0 | BS68: 0 | BT68: 0 | BU68: 0 | BV68: 0 | BW68: 0 | BX68: 0 | BY68: 0 | BZ68: 0 | CA68: 0 | CD68: سعودي | CE68: أنثى | CF68: 0 | CG68: 0 | CH68: 0 | CI68: 0 | CJ68: 0 | CK68: 0 | CL68: 0 | CM68: 0 | CN68: 0 | CO68: 0 | CP68: 0 | CQ68: 0 | CT68: سعودي | CU68: أنثى | CV68: 0 | CW68: 0 | CX68: 0 | CY68: 0 | CZ68: 0 | DA68: 0 | DB68: 0 | DC68: 0 | DD68: 0 | DE68: 0 | DF68: 0 | DG68: 0 | DJ68: سعودي | DK68: أنثى | DL68: 0 | DM68: 0 | DN68: 0 | DO68: 0 | DP68: 0 | DQ68: 0 | DR68: 0 | DS68: 0 | DT68: 0 | DU68: 0 | DV68: 0 | DW68: 0 | DZ68: سعودي | EA68: أنثى | EB68: 0 | EC68: 0 | ED68: 0 | EE68: 0 | EF68: 0 | EG68: 0 | EH68: 0 | EI68: 0 | EJ68: 0 | EK68: 0 | EL68: 0 | EM68: 0 | EP68: سعودي | EQ68: أنثى | ER68: 0 | ES68: 0 | ET68: 0 | EU68: 0 | EV68: 0 | EW68: 0 | EX68: 0 | EY68: 0 | EZ68: 0 | FA68: 0 | FB68: 0 | FC68: 0 | FF68: سعودي | FG68: أنثى | FH68: 0 | FI68: 0 | FJ68: 0 | FK68: 0 | FL68: 0 | FM68: 0 | FN68: 0 | FO68: 0 | FP68: 0 | FQ68: 0 | FR68: 0 | FS68: 0 | FV68: سعودي | FW68: أنثى | FX68: 0 | FY68: 0 | FZ68: 0 | GA68: 0 | GB68: 0 | GC68: 0 | GD68: 0 | GE68: 0 | GF68: 0 | GG68: 0 | GH68: 0 | GI68: 0 | GL68: سعودي | GM68: أنثى | GN68: =FX68 -> 0 | GO68: =E68+U68+AK68+BA68+BQ68+CG68++CW68+DM68+EC68+ES68+FI68+FY68 -> 0 | GP68: =F68+V68+AL68+BB68+BR68+CH68++CX68+DN68+ED68+ET68+FJ68+FZ68 -> 0 | GQ68: =G68+W68+AM68+BC68+BS68+CI68++CY68+DO68+EE68+EU68+FK68+GA68 -> 0 | GR68: =GB68 -> 0 | GS68: =I68+Y68+AO68+BE68+BU68+CK68++DA68+DQ68+EG68+EW68+FM68+GC68 -> 0 | GT68: =J68+Z68+AP68+BF68+BV68+CL68++DB68+DR68+EH68+EX68+FN68+GD68 -> 0 | GU68: =K68+AA68+AQ68+BG68+BW68+CM68++DC68+DS68+EI68+EY68+FO68+GE68 -> 0 | GV68: =GF68 -> 0 | GW68: =M68+AC68+AS68+BI68+BY68+CO68++DE68+DU68+EK68+FA68+FQ68+GG68 -> 0 | GX68: =N68+AD68+AT68+BJ68+BZ68+CP68++DF68+DV68+EL68+FB68+FR68+GH68 -> 0 | GY68: =O68+AE68+AU68+BK68+CA68+CQ68++DG68+DW68+EM68+FC68+FS68+GI68 -> 0
B69: المجموع | D69: =SUM(D65:D68) -> 0 | E69: =SUM(E65:E68) -> 0 | F69: =SUM(F65:F68) -> 0 | G69: =SUM(G65:G68) -> 0 | H69: =SUM(H65:H68) -> 0 | I69: =SUM(I65:I68) -> 0 | J69: =SUM(J65:J68) -> 0 | K69: =SUM(K65:K68) -> 0 | ... O69: =SUM(O65:O68) -> 0 | R69: المجموع | T69: =SUM(T65:T68) -> 0 | U69: =SUM(U65:U68) -> 0 | V69: =SUM(V65:V68) -> 0 | W69: =SUM(W65:W68) -> 0 | X69: =SUM(X65:X68) -> 0 | Y69: =SUM(Y65:Y68) -> 0 | Z69: =SUM(Z65:Z68) -> 0 | AA69: =SUM(AA65:AA68) -> 0 | ... AE69: =SUM(AE65:AE68) -> 0 | AH69: المجموع | AJ69: =SUM(AJ65:AJ68) -> 0 | AK69: =SUM(AK65:AK68) -> 0 | AL69: =SUM(AL65:AL68) -> 0 | AM69: =SUM(AM65:AM68) -> 0 | AN69: =SUM(AN65:AN68) -> 0 | AO69: =SUM(AO65:AO68) -> 0 | AP69: =SUM(AP65:AP68) -> 0 | AQ69: =SUM(AQ65:AQ68) -> 0 | ... AU69: =SUM(AU65:AU68) -> 0 | AX69: المجموع | AZ69: =SUM(AZ65:AZ68) -> 0 | BA69: =SUM(BA65:BA68) -> 0 | BB69: =SUM(BB65:BB68) -> 0 | BC69: =SUM(BC65:BC68) -> 0 | BD69: =SUM(BD65:BD68) -> 0 | BE69: =SUM(BE65:BE68) -> 0 | BF69: =SUM(BF65:BF68) -> 0 | BG69: =SUM(BG65:BG68) -> 0 | ... BK69: =SUM(BK65:BK68) -> 0 | BN69: المجموع | BP69: =SUM(BP65:BP68) -> 0 | BQ69: =SUM(BQ65:BQ68) -> 0 | BR69: =SUM(BR65:BR68) -> 0 | BS69: =SUM(BS65:BS68) -> 0 | BT69: =SUM(BT65:BT68) -> 0 | BU69: =SUM(BU65:BU68) -> 0 | BV69: =SUM(BV65:BV68) -> 0 | BW69: =SUM(BW65:BW68) -> 0 | ... CA69: =SUM(CA65:CA68) -> 0 | CD69: المجموع | CF69: =SUM(CF65:CF68) -> 0 | CG69: =SUM(CG65:CG68) -> 0 | CH69: =SUM(CH65:CH68) -> 0 | CI69: =SUM(CI65:CI68) -> 0 | CJ69: =SUM(CJ65:CJ68) -> 0 | CK69: =SUM(CK65:CK68) -> 0 | CL69: =SUM(CL65:CL68) -> 0 | CM69: =SUM(CM65:CM68) -> 0 | ... CQ69: =SUM(CQ65:CQ68) -> 0 | CT69: المجموع | CV69: 0 | CW69: 0 | CX69: 0 | CY69: 0 | CZ69: 0 | DA69: 0 | DB69: 0 | DC69: 0 | DD69: 0 | DE69: 0 | DF69: 0 | DG69: 0 | DJ69: المجموع | DL69: =SUM(DL65:DL68) -> 0 | DM69: =SUM(DM65:DM68) -> 0 | DN69: =SUM(DN65:DN68) -> 0 | DO69: =SUM(DO65:DO68) -> 0 | DP69: =SUM(DP65:DP68) -> 0 | DQ69: =SUM(DQ65:DQ68) -> 0 | DR69: =SUM(DR65:DR68) -> 0 | DS69: =SUM(DS65:DS68) -> 0 | ... DW69: =SUM(DW65:DW68) -> 0 | DZ69: المجموع | EB69: =SUM(EB65:EB68) -> 0 | EC69: =SUM(EC65:EC68) -> 0 | ED69: =SUM(ED65:ED68) -> 0 | EE69: =SUM(EE65:EE68) -> 0 | EF69: =SUM(EF65:EF68) -> 0 | EG69: =SUM(EG65:EG68) -> 0 | EH69: =SUM(EH65:EH68) -> 0 | EI69: =SUM(EI65:EI68) -> 0 | ... EM69: =SUM(EM65:EM68) -> 0 | EP69: المجموع | ER69: =SUM(ER65:ER68) -> 0 | ES69: =SUM(ES65:ES68) -> 0 | ET69: =SUM(ET65:ET68) -> 0 | EU69: =SUM(EU65:EU68) -> 0 | EV69: =SUM(EV65:EV68) -> 0 | EW69: =SUM(EW65:EW68) -> 0 | EX69: =SUM(EX65:EX68) -> 0 | EY69: =SUM(EY65:EY68) -> 0 | ... FC69: =SUM(FC65:FC68) -> 0 | FF69: المجموع | FH69: =SUM(FH65:FH68) -> 0 | FI69: =SUM(FI65:FI68) -> 0 | FJ69: =SUM(FJ65:FJ68) -> 0 | FK69: =SUM(FK65:FK68) -> 0 | FL69: =SUM(FL65:FL68) -> 0 | FM69: =SUM(FM65:FM68) -> 0 | FN69: =SUM(FN65:FN68) -> 0 | FO69: =SUM(FO65:FO68) -> 0 | ... FS69: =SUM(FS65:FS68) -> 0 | FV69: المجموع | FX69: =SUM(FX65:FX68) -> 0 | FY69: =SUM(FY65:FY68) -> 0 | FZ69: =SUM(FZ65:FZ68) -> 0 | GA69: =SUM(GA65:GA68) -> 0 | GB69: =SUM(GB65:GB68) -> 0 | GC69: =SUM(GC65:GC68) -> 0 | GD69: =SUM(GD65:GD68) -> 0 | GE69: =SUM(GE65:GE68) -> 0 | ... GI69: =SUM(GI65:GI68) -> 0 | GL69: المجموع | GN69: =SUM(GN65:GN68) -> 0 | GO69: =SUM(GO65:GO68) -> 0 | GP69: =SUM(GP65:GP68) -> 0 | GQ69: =SUM(GQ65:GQ68) -> 0 | GR69: =SUM(GR65:GR68) -> 0 | GS69: =SUM(GS65:GS68) -> 0 | GT69: =SUM(GT65:GT68) -> 0 | GU69: =SUM(GU65:GU68) -> 0 | ... GY69: =SUM(GY65:GY68) -> 0
B70: العدد المتوقع للمصابين : | E70: مرضى السكري | G70: 0 | I70: مرضى الضغط | K70: 0 | M70: م.الربو | N70: 0 | R70: العدد المتوقع للمصابين : | U70: مرضى السكري | W70: 0 | Y70: مرضى الضغط | AA70: 0 | AC70: م.الربو | AD70: 0 | AH70: العدد المتوقع للمصابين : | AK70: مرضى السكري | AM70: 0 | AO70: مرضى الضغط | AQ70: 0 | AS70: م.الربو | AT70: 0 | AX70: العدد المتوقع للمصابين : | BA70: مرضى السكري | BC70: 0 | BE70: مرضى الضغط | BG70: 0 | BI70: م.الربو | BJ70: 0 | BN70: العدد المتوقع للمصابين : | BQ70: مرضى السكري | BS70: 0 | BU70: مرضى الضغط | BW70: 0 | BY70: م.الربو | BZ70: 0 | CD70: العدد المتوقع للمصابين : | CG70: مرضى السكري | CI70: 0 | CK70: مرضى الضغط | CM70: 0 | CO70: م.الربو | CP70: 0 | CT70: العدد المتوقع للمصابين : | CW70: مرضى السكري | CY70: 0 | DA70: مرضى الضغط | DC70: 0 | DE70: م.الربو | DF70: 0 | DJ70: العدد المتوقع للمصابين : | DM70: مرضى السكري | DO70: 0 | DQ70: مرضى الضغط | DS70: 0 | DU70: م.الربو | DV70: 0 | DZ70: العدد المتوقع للمصابين : | EC70: مرضى السكري | EE70: 0 | EG70: مرضى الضغط | EI70: 0 | EK70: م.الربو | EL70: 0 | EP70: العدد المتوقع للمصابين : | ES70: مرضى السكري | EU70: 0 | EW70: مرضى الضغط | EY70: 0 | FA70: م.الربو | FB70: 0 | FF70: العدد المتوقع للمصابين : | FI70: مرضى السكري | FK70: 0 | FM70: مرضى الضغط | FO70: 0 | FQ70: م.الربو | FR70: 0 | FV70: العدد المتوقع للمصابين : | FY70: مرضى السكري | GA70: 0 | GC70: مرضى الضغط | GE70: 0 | GG70: م.الربو | GH70: 0 | GL70: العدد المتوقع للمصابين : | GO70: مرضى السكري | GR70: =G70+W70+AM70+BC70+BS70+CI70+CY70+DO70+EE70+EU70+FK70+GA70 -> 0 | GS70: مرضى الضغط | GV70: =K70+AA70+AQ70+BG70+BW70+CM70+DC70+DS70+EI70+EY70+FO70+GE70 -> 0 | GW70: م.الربو | GY70: =N70+AD70+AT70+BJ70+BZ70+CP70+DF70+DV70+EL70+FB70+FR70+GH70 -> 0
A71: 0 | C71: ذكر | D71: 0 | E71: 0 | F71: 0 | G71: 0 | H71: 0 | I71: 0 | J71: 0 | K71: 0 | L71: 0 | M71: 0 | N71: 0 | O71: 0 | Q71: 0 | S71: ذكر | T71: 0 | U71: 0 | V71: 0 | W71: 0 | X71: 0 | Y71: 0 | Z71: 0 | AA71: 0 | AB71: 0 | AC71: 0 | AD71: 0 | AE71: 0 | AG71: 0 | AI71: ذكر | AJ71: 0 | AK71: 0 | AL71: 0 | AM71: 0 | AN71: 0 | AO71: 0 | AP71: 0 | AQ71: 0 | AR71: 0 | AS71: 0 | AT71: 0 | AU71: 0 | AW71: 0 | AY71: ذكر | AZ71: 0 | BA71: 0 | BB71: 0 | BC71: 0 | BD71: 0 | BE71: 0 | BF71: 0 | BG71: 0 | BH71: 0 | BI71: 0 | BJ71: 0 | BK71: 0 | BM71: 0 | BO71: ذكر | BP71: 0 | BQ71: 0 | BR71: 0 | BS71: 0 | BT71: 0 | BU71: 0 | BV71: 0 | BW71: 0 | BX71: 0 | BY71: 0 | BZ71: 0 | CA71: 0 | CC71: 0 | CE71: ذكر | CF71: 0 | CG71: 0 | CH71: 0 | CI71: 0 | CJ71: 0 | CK71: 0 | CL71: 0 | CM71: 0 | CN71: 0 | CO71: 0 | CP71: 0 | CQ71: 0 | CS71: 0 | CU71: ذكر | CV71: 0 | CW71: 0 | CX71: 0 | CY71: 0 | CZ71: 0 | DA71: 0 | DB71: 0 | DC71: 0 | DD71: 0 | DE71: 0 | DF71: 0 | DG71: 0 | DI71: 0 | DK71: ذكر | DL71: 0 | DM71: 0 | DN71: 0 | DO71: 0 | DP71: 0 | DQ71: 0 | DR71: 0 | DS71: 0 | DT71: 0 | DU71: 0 | DV71: 0 | DW71: 0 | DY71: 0 | EA71: ذكر | EB71: 0 | EC71: 0 | ED71: 0 | EE71: 0 | EF71: 0 | EG71: 0 | EH71: 0 | EI71: 0 | EJ71: 0 | EK71: 0 | EL71: 0 | EM71: 0 | EO71: 0 | EQ71: ذكر | ER71: 0 | ES71: 0 | ET71: 0 | EU71: 0 | EV71: 0 | EW71: 0 | EX71: 0 | EY71: 0 | EZ71: 0 | FA71: 0 | FB71: 0 | FC71: 0 | FE71: 0 | FG71: ذكر | FH71: 0 | FI71: 0 | FJ71: 0 | FK71: 0 | FL71: 0 | FM71: 0 | FN71: 0 | FO71: 0 | FP71: 0 | FQ71: 0 | FR71: 0 | FS71: 0 | FU71: 0 | FW71: ذكر | FX71: 0 | FY71: 0 | FZ71: 0 | GA71: 0 | GB71: 0 | GC71: 0 | GD71: 0 | GE71: 0 | GF71: 0 | GG71: 0 | GH71: 0 | GI71: 0 | GK71: =FU71 -> 0 | GM71: ذكر | GN71: =FX71 -> 0 | GO71: =E71+U71+AK71+BA71+BQ71+CG71++CW71+DM71+EC71+ES71+FI71+FY71 -> 0 | GP71: =F71+V71+AL71+BB71+BR71+CH71++CX71+DN71+ED71+ET71+FJ71+FZ71 -> 0 | GQ71: =G71+W71+AM71+BC71+BS71+CI71++CY71+DO71+EE71+EU71+FK71+GA71 -> 0 | GR71: =GB71 -> 0 | GS71: =I71+Y71+AO71+BE71+BU71+CK71++DA71+DQ71+EG71+EW71+FM71+GC71 -> 0 | GT71: =J71+Z71+AP71+BF71+BV71+CL71++DB71+DR71+EH71+EX71+FN71+GD71 -> 0 | GU71: =K71+AA71+AQ71+BG71+BW71+CM71++DC71+DS71+EI71+EY71+FO71+GE71 -> 0 | GV71: =GF71 -> 0 | GW71: =M71+AC71+AS71+BI71+BY71+CO71++DE71+DU71+EK71+FA71+FQ71+GG71 -> 0 | GX71: =N71+AD71+AT71+BJ71+BZ71+CP71++DF71+DV71+EL71+FB71+FR71+GH71 -> 0 | GY71: =O71+AE71+AU71+BK71+CA71+CQ71++DG71+DW71+EM71+FC71+FS71+GI71 -> 0
B72: سعودي | C72: أنثى | D72: 0 | E72: 0 | F72: 0 | G72: 0 | H72: 0 | I72: 0 | J72: 0 | K72: 0 | L72: 0 | M72: 0 | N72: 0 | O72: 0 | R72: سعودي | S72: أنثى | T72: 0 | U72: 0 | V72: 0 | W72: 0 | X72: 0 | Y72: 0 | Z72: 0 | AA72: 0 | AB72: 0 | AC72: 0 | AD72: 0 | AE72: 0 | AH72: سعودي | AI72: أنثى | AJ72: 0 | AK72: 0 | AL72: 0 | AM72: 0 | AN72: 0 | AO72: 0 | AP72: 0 | AQ72: 0 | AR72: 0 | AS72: 0 | AT72: 0 | AU72: 0 | AX72: سعودي | AY72: أنثى | AZ72: 0 | BA72: 0 | BB72: 0 | BC72: 0 | BD72: 0 | BE72: 0 | BF72: 0 | BG72: 0 | BH72: 0 | BI72: 0 | BJ72: 0 | BK72: 0 | BN72: سعودي | BO72: أنثى | BP72: 0 | BQ72: 0 | BR72: 0 | BS72: 0 | BT72: 0 | BU72: 0 | BV72: 0 | BW72: 0 | BX72: 0 | BY72: 0 | BZ72: 0 | CA72: 0 | CD72: سعودي | CE72: أنثى | CF72: 0 | CG72: 0 | CH72: 0 | CI72: 0 | CJ72: 0 | CK72: 0 | CL72: 0 | CM72: 0 | CN72: 0 | CO72: 0 | CP72: 0 | CQ72: 0 | CT72: سعودي | CU72: أنثى | CV72: 0 | CW72: 0 | CX72: 0 | CY72: 0 | CZ72: 0 | DA72: 0 | DB72: 0 | DC72: 0 | DD72: 0 | DE72: 0 | DF72: 0 | DG72: 0 | DJ72: سعودي | DK72: أنثى | DL72: 0 | DM72: 0 | DN72: 0 | DO72: 0 | DP72: 0 | DQ72: 0 | DR72: 0 | DS72: 0 | DT72: 0 | DU72: 0 | DV72: 0 | DW72: 0 | DZ72: سعودي | EA72: أنثى | EB72: 0 | EC72: 0 | ED72: 0 | EE72: 0 | EF72: 0 | EG72: 0 | EH72: 0 | EI72: 0 | EJ72: 0 | EK72: 0 | EL72: 0 | EM72: 0 | EP72: سعودي | EQ72: أنثى | ER72: 0 | ES72: 0 | ET72: 0 | EU72: 0 | EV72: 0 | EW72: 0 | EX72: 0 | EY72: 0 | EZ72: 0 | FA72: 0 | FB72: 0 | FC72: 0 | FF72: سعودي | FG72: أنثى | FH72: 0 | FI72: 0 | FJ72: 0 | FK72: 0 | FL72: 0 | FM72: 0 | FN72: 0 | FO72: 0 | FP72: 0 | FQ72: 0 | FR72: 0 | FS72: 0 | FV72: سعودي | FW72: أنثى | FX72: 0 | FY72: 0 | FZ72: 0 | GA72: 0 | GB72: 0 | GC72: 0 | GD72: 0 | GE72: 0 | GF72: 0 | GG72: 0 | GH72: 0 | GI72: 0 | GL72: سعودي | GM72: أنثى | GN72: =FX72 -> 0 | GO72: =E72+U72+AK72+BA72+BQ72+CG72++CW72+DM72+EC72+ES72+FI72+FY72 -> 0 | GP72: =F72+V72+AL72+BB72+BR72+CH72++CX72+DN72+ED72+ET72+FJ72+FZ72 -> 0 | GQ72: =G72+W72+AM72+BC72+BS72+CI72++CY72+DO72+EE72+EU72+FK72+GA72 -> 0 | GR72: =GB72 -> 0 | GS72: =I72+Y72+AO72+BE72+BU72+CK72++DA72+DQ72+EG72+EW72+FM72+GC72 -> 0 | GT72: =J72+Z72+AP72+BF72+BV72+CL72++DB72+DR72+EH72+EX72+FN72+GD72 -> 0 | GU72: =K72+AA72+AQ72+BG72+BW72+CM72++DC72+DS72+EI72+EY72+FO72+GE72 -> 0 | GV72: =GF72 -> 0 | GW72: =M72+AC72+AS72+BI72+BY72+CO72++DE72+DU72+EK72+FA72+FQ72+GG72 -> 0 | GX72: =N72+AD72+AT72+BJ72+BZ72+CP72++DF72+DV72+EL72+FB72+FR72+GH72 -> 0 | GY72: =O72+AE72+AU72+BK72+CA72+CQ72++DG72+DW72+EM72+FC72+FS72+GI72 -> 0
B73: غير | C73: ذكر | D73: 0 | E73: 0 | F73: 0 | G73: 0 | H73: 0 | I73: 0 | J73: 0 | K73: 0 | L73: 0 | M73: 0 | N73: 0 | O73: 0 | R73: غير | S73: ذكر | T73: 0 | U73: 0 | V73: 0 | W73: 0 | X73: 0 | Y73: 0 | Z73: 0 | AA73: 0 | AB73: 0 | AC73: 0 | AD73: 0 | AE73: 0 | AH73: غير | AI73: ذكر | AJ73: 0 | AK73: 0 | AL73: 0 | AM73: 0 | AN73: 0 | AO73: 0 | AP73: 0 | AQ73: 0 | AR73: 0 | AS73: 0 | AT73: 0 | AU73: 0 | AX73: غير | AY73: ذكر | AZ73: 0 | BA73: 0 | BB73: 0 | BC73: 0 | BD73: 0 | BE73: 0 | BF73: 0 | BG73: 0 | BH73: 0 | BI73: 0 | BJ73: 0 | BK73: 0 | BN73: غير | BO73: ذكر | BP73: 0 | BQ73: 0 | BR73: 0 | BS73: 0 | BT73: 0 | BU73: 0 | BV73: 0 | BW73: 0 | BX73: 0 | BY73: 0 | BZ73: 0 | CA73: 0 | CD73: غير | CE73: ذكر | CF73: 0 | CG73: 0 | CH73: 0 | CI73: 0 | CJ73: 0 | CK73: 0 | CL73: 0 | CM73: 0 | CN73: 0 | CO73: 0 | CP73: 0 | CQ73: 0 | CT73: غير | CU73: ذكر | CV73: 0 | CW73: 0 | CX73: 0 | CY73: 0 | CZ73: 0 | DA73: 0 | DB73: 0 | DC73: 0 | DD73: 0 | DE73: 0 | DF73: 0 | DG73: 0 | DJ73: غير | DK73: ذكر | DL73: 0 | DM73: 0 | DN73: 0 | DO73: 0 | DP73: 0 | DQ73: 0 | DR73: 0 | DS73: 0 | DT73: 0 | DU73: 0 | DV73: 0 | DW73: 0 | DZ73: غير | EA73: ذكر | EB73: 0 | EC73: 0 | ED73: 0 | EE73: 0 | EF73: 0 | EG73: 0 | EH73: 0 | EI73: 0 | EJ73: 0 | EK73: 0 | EL73: 0 | EM73: 0 | EP73: غير | EQ73: ذكر | ER73: 0 | ES73: 0 | ET73: 0 | EU73: 0 | EV73: 0 | EW73: 0 | EX73: 0 | EY73: 0 | EZ73: 0 | FA73: 0 | FB73: 0 | FC73: 0 | FF73: غير | FG73: ذكر | FH73: 0 | FI73: 0 | FJ73: 0 | FK73: 0 | FL73: 0 | FM73: 0 | FN73: 0 | FO73: 0 | FP73: 0 | FQ73: 0 | FR73: 0 | FS73: 0 | FV73: غير | FW73: ذكر | FX73: 0 | FY73: 0 | FZ73: 0 | GA73: 0 | GB73: 0 | GC73: 0 | GD73: 0 | GE73: 0 | GF73: 0 | GG73: 0 | GH73: 0 | GI73: 0 | GL73: غير | GM73: ذكر | GN73: =FX73 -> 0 | GO73: =E73+U73+AK73+BA73+BQ73+CG73++CW73+DM73+EC73+ES73+FI73+FY73 -> 0 | GP73: =F73+V73+AL73+BB73+BR73+CH73++CX73+DN73+ED73+ET73+FJ73+FZ73 -> 0 | GQ73: =G73+W73+AM73+BC73+BS73+CI73++CY73+DO73+EE73+EU73+FK73+GA73 -> 0 | GR73: =GB73 -> 0 | GS73: =I73+Y73+AO73+BE73+BU73+CK73++DA73+DQ73+EG73+EW73+FM73+GC73 -> 0 | GT73: =J73+Z73+AP73+BF73+BV73+CL73++DB73+DR73+EH73+EX73+FN73+GD73 -> 0 | GU73: =K73+AA73+AQ73+BG73+BW73+CM73++DC73+DS73+EI73+EY73+FO73+GE73 -> 0 | GV73: =GF73 -> 0 | GW73: =M73+AC73+AS73+BI73+BY73+CO73++DE73+DU73+EK73+FA73+FQ73+GG73 -> 0 | GX73: =N73+AD73+AT73+BJ73+BZ73+CP73++DF73+DV73+EL73+FB73+FR73+GH73 -> 0 | GY73: =O73+AE73+AU73+BK73+CA73+CQ73++DG73+DW73+EM73+FC73+FS73+GI73 -> 0
B74: سعودي | C74: 0 | D74: 0 | E74: 0 | F74: 0 | G74: 0 | H74: 0 | I74: 0 | J74: 0 | K74: 0 | L74: 0 | M74: 0 | N74: 0 | O74: 0 | R74: سعودي | S74: 0 | T74: 0 | U74: 0 | V74: 0 | W74: 0 | X74: 0 | Y74: 0 | Z74: 0 | AA74: 0 | AB74: 0 | AC74: 0 | AD74: 0 | AE74: 0 | AH74: سعودي | AI74: 0 | AJ74: 0 | AK74: 0 | AL74: 0 | AM74: 0 | AN74: 0 | AO74: 0 | AP74: 0 | AQ74: 0 | AR74: 0 | AS74: 0 | AT74: 0 | AU74: 0 | AX74: سعودي | AY74: 0 | AZ74: 0 | BA74: 0 | BB74: 0 | BC74: 0 | BD74: 0 | BE74: 0 | BF74: 0 | BG74: 0 | BH74: 0 | BI74: 0 | BJ74: 0 | BK74: 0 | BN74: سعودي | BO74: 0 | BP74: 0 | BQ74: 0 | BR74: 0 | BS74: 0 | BT74: 0 | BU74: 0 | BV74: 0 | BW74: 0 | BX74: 0 | BY74: 0 | BZ74: 0 | CA74: 0 | CD74: سعودي | CE74: 0 | CF74: 0 | CG74: 0 | CH74: 0 | CI74: 0 | CJ74: 0 | CK74: 0 | CL74: 0 | CM74: 0 | CN74: 0 | CO74: 0 | CP74: 0 | CQ74: 0 | CT74: سعودي | CU74: 0 | CV74: 0 | CW74: 0 | CX74: 0 | CY74: 0 | CZ74: 0 | DA74: 0 | DB74: 0 | DC74: 0 | DD74: 0 | DE74: 0 | DF74: 0 | DG74: 0 | DJ74: سعودي | DK74: 0 | DL74: 0 | DM74: 0 | DN74: 0 | DO74: 0 | DP74: 0 | DQ74: 0 | DR74: 0 | DS74: 0 | DT74: 0 | DU74: 0 | DV74: 0 | DW74: 0 | DZ74: سعودي | EA74: 0 | EB74: 0 | EC74: 0 | ED74: 0 | EE74: 0 | EF74: 0 | EG74: 0 | EH74: 0 | EI74: 0 | EJ74: 0 | EK74: 0 | EL74: 0 | EM74: 0 | EP74: سعودي | EQ74: 0 | ER74: 0 | ES74: 0 | ET74: 0 | EU74: 0 | EV74: 0 | EW74: 0 | EX74: 0 | EY74: 0 | EZ74: 0 | FA74: 0 | FB74: 0 | FC74: 0 | FF74: سعودي | FG74: 0 | FH74: 0 | FI74: 0 | FJ74: 0 | FK74: 0 | FL74: 0 | FM74: 0 | FN74: 0 | FO74: 0 | FP74: 0 | FQ74: 0 | FR74: 0 | FS74: 0 | FV74: سعودي | FW74: 0 | FX74: 0 | FY74: 0 | FZ74: 0 | GA74: 0 | GB74: 0 | GC74: 0 | GD74: 0 | GE74: 0 | GF74: 0 | GG74: 0 | GH74: 0 | GI74: 0 | GL74: سعودي | GM74: 0 | GN74: =FX74 -> 0 | GO74: =E74+U74+AK74+BA74+BQ74+CG74++CW74+DM74+EC74+ES74+FI74+FY74 -> 0 | GP74: =F74+V74+AL74+BB74+BR74+CH74++CX74+DN74+ED74+ET74+FJ74+FZ74 -> 0 | GQ74: =G74+W74+AM74+BC74+BS74+CI74++CY74+DO74+EE74+EU74+FK74+GA74 -> 0 | GR74: =GB74 -> 0 | GS74: =I74+Y74+AO74+BE74+BU74+CK74++DA74+DQ74+EG74+EW74+FM74+GC74 -> 0 | GT74: =J74+Z74+AP74+BF74+BV74+CL74++DB74+DR74+EH74+EX74+FN74+GD74 -> 0 | GU74: =K74+AA74+AQ74+BG74+BW74+CM74++DC74+DS74+EI74+EY74+FO74+GE74 -> 0 | GV74: =GF74 -> 0 | GW74: =M74+AC74+AS74+BI74+BY74+CO74++DE74+DU74+EK74+FA74+FQ74+GG74 -> 0 | GX74: =N74+AD74+AT74+BJ74+BZ74+CP74++DF74+DV74+EL74+FB74+FR74+GH74 -> 0 | GY74: =O74+AE74+AU74+BK74+CA74+CQ74++DG74+DW74+EM74+FC74+FS74+GI74 -> 0
B75: المجموع | D75: =SUM(D71:D74) -> 0 | E75: =SUM(E71:E74) -> 0 | F75: =SUM(F71:F74) -> 0 | G75: =SUM(G71:G74) -> 0 | H75: =SUM(H71:H74) -> 0 | I75: =SUM(I71:I74) -> 0 | J75: =SUM(J71:J74) -> 0 | K75: =SUM(K71:K74) -> 0 | ... O75: =SUM(O71:O74) -> 0 | R75: المجموع | T75: =SUM(T71:T74) -> 0 | U75: =SUM(U71:U74) -> 0 | V75: =SUM(V71:V74) -> 0 | W75: =SUM(W71:W74) -> 0 | X75: =SUM(X71:X74) -> 0 | Y75: =SUM(Y71:Y74) -> 0 | Z75: =SUM(Z71:Z74) -> 0 | AA75: =SUM(AA71:AA74) -> 0 | ... AE75: =SUM(AE71:AE74) -> 0 | AH75: المجموع | AJ75: =SUM(AJ71:AJ74) -> 0 | AK75: =SUM(AK71:AK74) -> 0 | AL75: =SUM(AL71:AL74) -> 0 | AM75: =SUM(AM71:AM74) -> 0 | AN75: =SUM(AN71:AN74) -> 0 | AO75: =SUM(AO71:AO74) -> 0 | AP75: =SUM(AP71:AP74) -> 0 | AQ75: =SUM(AQ71:AQ74) -> 0 | ... AU75: =SUM(AU71:AU74) -> 0 | AX75: المجموع | AZ75: =SUM(AZ71:AZ74) -> 0 | BA75: =SUM(BA71:BA74) -> 0 | BB75: =SUM(BB71:BB74) -> 0 | BC75: =SUM(BC71:BC74) -> 0 | BD75: =SUM(BD71:BD74) -> 0 | BE75: =SUM(BE71:BE74) -> 0 | BF75: =SUM(BF71:BF74) -> 0 | BG75: =SUM(BG71:BG74) -> 0 | ... BK75: =SUM(BK71:BK74) -> 0 | BN75: المجموع | BP75: =SUM(BP71:BP74) -> 0 | BQ75: =SUM(BQ71:BQ74) -> 0 | BR75: =SUM(BR71:BR74) -> 0 | BS75: =SUM(BS71:BS74) -> 0 | BT75: =SUM(BT71:BT74) -> 0 | BU75: =SUM(BU71:BU74) -> 0 | BV75: =SUM(BV71:BV74) -> 0 | BW75: =SUM(BW71:BW74) -> 0 | ... CA75: =SUM(CA71:CA74) -> 0 | CD75: المجموع | CF75: =SUM(CF71:CF74) -> 0 | CG75: =SUM(CG71:CG74) -> 0 | CH75: =SUM(CH71:CH74) -> 0 | CI75: =SUM(CI71:CI74) -> 0 | CJ75: =SUM(CJ71:CJ74) -> 0 | CK75: =SUM(CK71:CK74) -> 0 | CL75: =SUM(CL71:CL74) -> 0 | CM75: =SUM(CM71:CM74) -> 0 | ... CQ75: =SUM(CQ71:CQ74) -> 0 | CT75: المجموع | CV75: =SUM(CV71:CV74) -> 0 | CW75: =SUM(CW71:CW74) -> 0 | CX75: =SUM(CX71:CX74) -> 0 | CY75: =SUM(CY71:CY74) -> 0 | CZ75: =SUM(CZ71:CZ74) -> 0 | DA75: =SUM(DA71:DA74) -> 0 | DB75: =SUM(DB71:DB74) -> 0 | DC75: =SUM(DC71:DC74) -> 0 | ... DG75: =SUM(DG71:DG74) -> 0 | DJ75: المجموع | DL75: =SUM(DL71:DL74) -> 0 | DM75: =SUM(DM71:DM74) -> 0 | DN75: =SUM(DN71:DN74) -> 0 | DO75: =SUM(DO71:DO74) -> 0 | DP75: =SUM(DP71:DP74) -> 0 | DQ75: =SUM(DQ71:DQ74) -> 0 | DR75: =SUM(DR71:DR74) -> 0 | DS75: =SUM(DS71:DS74) -> 0 | ... DW75: =SUM(DW71:DW74) -> 0 | DZ75: المجموع | EB75: =SUM(EB71:EB74) -> 0 | EC75: =SUM(EC71:EC74) -> 0 | ED75: =SUM(ED71:ED74) -> 0 | EE75: =SUM(EE71:EE74) -> 0 | EF75: =SUM(EF71:EF74) -> 0 | EG75: =SUM(EG71:EG74) -> 0 | EH75: =SUM(EH71:EH74) -> 0 | EI75: =SUM(EI71:EI74) -> 0 | ... EM75: =SUM(EM71:EM74) -> 0 | EP75: المجموع | ER75: =SUM(ER71:ER74) -> 0 | ES75: =SUM(ES71:ES74) -> 0 | ET75: =SUM(ET71:ET74) -> 0 | EU75: =SUM(EU71:EU74) -> 0 | EV75: =SUM(EV71:EV74) -> 0 | EW75: =SUM(EW71:EW74) -> 0 | EX75: =SUM(EX71:EX74) -> 0 | EY75: =SUM(EY71:EY74) -> 0 | ... FC75: =SUM(FC71:FC74) -> 0 | FF75: المجموع | FH75: =SUM(FH71:FH74) -> 0 | FI75: =SUM(FI71:FI74) -> 0 | FJ75: =SUM(FJ71:FJ74) -> 0 | FK75: =SUM(FK71:FK74) -> 0 | FL75: =SUM(FL71:FL74) -> 0 | FM75: =SUM(FM71:FM74) -> 0 | FN75: =SUM(FN71:FN74) -> 0 | FO75: =SUM(FO71:FO74) -> 0 | ... FS75: =SUM(FS71:FS74) -> 0 | FV75: المجموع | FX75: =SUM(FX71:FX74) -> 0 | FY75: =SUM(FY71:FY74) -> 0 | FZ75: =SUM(FZ71:FZ74) -> 0 | GA75: =SUM(GA71:GA74) -> 0 | GB75: =SUM(GB71:GB74) -> 0 | GC75: =SUM(GC71:GC74) -> 0 | GD75: =SUM(GD71:GD74) -> 0 | GE75: =SUM(GE71:GE74) -> 0 | ... GI75: =SUM(GI71:GI74) -> 0 | GL75: المجموع | GN75: =SUM(GN71:GN74) -> 0 | GO75: =SUM(GO71:GO74) -> 0 | GP75: =SUM(GP71:GP74) -> 0 | GQ75: =SUM(GQ71:GQ74) -> 0 | GR75: =SUM(GR71:GR74) -> 0 | GS75: =SUM(GS71:GS74) -> 0 | GT75: =SUM(GT71:GT74) -> 0 | GU75: =SUM(GU71:GU74) -> 0 | ... GY75: =SUM(GY71:GY74) -> 0
B76: العدد المتوقع للمصابين : | E76: مرضى السكري | G76: 0 | I76: مرضى الضغط | K76: 0 | M76: م.الربو | N76: 0 | R76: العدد المتوقع للمصابين : | U76: مرضى السكري | W76: 0 | Y76: مرضى الضغط | AA76: 0 | AC76: م.الربو | AD76: 0 | AH76: العدد المتوقع للمصابين : | AK76: مرضى السكري | AM76: 0 | AO76: مرضى الضغط | AQ76: 0 | AS76: م.الربو | AT76: 0 | AX76: العدد المتوقع للمصابين : | BA76: مرضى السكري | BC76: 0 | BE76: مرضى الضغط | BG76: 0 | BI76: م.الربو | BJ76: 0 | BN76: العدد المتوقع للمصابين : | BQ76: مرضى السكري | BS76: 0 | BU76: مرضى الضغط | BW76: 0 | BY76: م.الربو | BZ76: 0 | CD76: العدد المتوقع للمصابين : | CG76: مرضى السكري | CI76: 0 | CK76: مرضى الضغط | CM76: 0 | CO76: م.الربو | CP76: 0 | CT76: العدد المتوقع للمصابين : | CW76: مرضى السكري | CY76: 0 | DA76: مرضى الضغط | DC76: 0 | DE76: م.الربو | DF76: 0 | DJ76: العدد المتوقع للمصابين : | DM76: مرضى السكري | DO76: 0 | DQ76: مرضى الضغط | DS76: 0 | DU76: م.الربو | DV76: 0 | DZ76: العدد المتوقع للمصابين : | EC76: مرضى السكري | EE76: 0 | EG76: مرضى الضغط | EI76: 0 | EK76: م.الربو | EL76: 0 | EP76: العدد المتوقع للمصابين : | ES76: مرضى السكري | EU76: 0 | EW76: مرضى الضغط | EY76: 0 | FA76: م.الربو | FB76: 0 | FF76: العدد المتوقع للمصابين : | FI76: مرضى السكري | FK76: 0 | FM76: مرضى الضغط | FO76: 0 | FQ76: م.الربو | FR76: 0 | FV76: العدد المتوقع للمصابين : | FY76: مرضى السكري | GA76: 0 | GC76: مرضى الضغط | GE76: 0 | GG76: م.الربو | GH76: 0 | GL76: العدد المتوقع للمصابين : | GO76: مرضى السكري | GR76: =G76+W76+AM76+BC76+BS76+CI76+CY76+DO76+EE76+EU76+FK76+GA76 -> 0 | GS76: مرضى الضغط | GV76: =K76+AA76+AQ76+BG76+BW76+CM76+DC76+DS76+EI76+EY76+FO76+GE76 -> 0 | GW76: م.الربو | GY76: =N76+AD76+AT76+BJ76+BZ76+CP76+DF76+DV76+EL76+FB76+FR76+GH76 -> 0
A78: إجمالي مراكز شرق جدة | D78: شهر | E78: =SUM(G2) -> 1 | F78: عام | G78: =SUM(I2) -> 1447 | L78: مراجعي الأمراض المزمنة | Q78: إجمالي مراكز شرق جدة | T78: شهر | U78: =SUM(W2) -> 2 | V78: عام | W78: =SUM(Y2) -> 1447 | AB78: مراجعي الأمراض المزمنة | AG78: إجمالي مراكز شرق جدة | AJ78: شهر | AK78: =SUM(AM2) -> 3 | AL78: عام | AM78: =SUM(AO2) -> 1447 | AR78: مراجعي الأمراض المزمنة | AW78: إجمالي مراكز شرق جدة | AZ78: شهر | BA78: =SUM(BC2) -> 4 | BB78: عام | BC78: =SUM(BE2) -> 1447 | BH78: مراجعي الأمراض المزمنة | BM78: إجمالي مراكز شرق جدة | BP78: شهر | BQ78: =SUM(BS2) -> 5 | BR78: عام | BS78: =SUM(BU2) -> 1447 | BX78: مراجعي الأمراض المزمنة | CC78: إجمالي مراكز شرق جدة | CF78: شهر | CG78: =SUM(CI2) -> 6 | CH78: عام | CI78: =SUM(CK2) -> 1447 | CN78: مراجعي الأمراض المزمنة | CS78: إجمالي مراكز شرق جدة | CV78: شهر | CW78: =SUM(CY2) -> 7 | CX78: عام | CY78: =SUM(DA2) -> 1447 | DD78: مراجعي الأمراض المزمنة | DI78: إجمالي مراكز شرق جدة | DL78: شهر | DM78: =SUM(DO2) -> 8 | DN78: عام | DO78: =SUM(DQ2) -> 1447 | DT78: مراجعي الأمراض المزمنة | DY78: إجمالي مراكز شرق جدة | EB78: شهر | EC78: =SUM(EE2) -> 9 | ED78: عام | EE78: =SUM(EG2) -> 1447 | EJ78: مراجعي الأمراض المزمنة | EO78: إجمالي مراكز شرق جدة | ER78: شهر | ES78: =SUM(EU2) -> 10 | ET78: عام | EU78: =SUM(EW2) -> 1447 | EZ78: مراجعي الأمراض المزمنة | FE78: إجمالي مراكز شرق جدة | FH78: شهر | FI78: =SUM(FK2) -> 11 | FJ78: عام | FK78: =SUM(FM2) -> 1447 | FP78: مراجعي الأمراض المزمنة | FU78: إجمالي مراكز شرق جدة | FX78: شهر | FY78: =SUM(GA2) -> 12 | FZ78: عام | GA78: =SUM(GC2) -> 1447 | GF78: مراجعي الأمراض المزمنة | GK78: إجمالي مراكز شرق جدة | GQ78: عام | GR78: =SUM(GT2) -> 1447 | GW78: مراجعي الأمراض المزمنة
A79: المركز الصحي | D79: مرضى السكري | H79: مرضى ضغط الدم | L79: مرضى الربو | Q79: المركز الصحي | T79: مرضى السكري | X79: مرضى ضغط الدم | AB79: مرضى الربو | AG79: المركز الصحي | AJ79: مرضى السكري | AN79: مرضى ضغط الدم | AR79: مرضى الربو | AW79: المركز الصحي | AZ79: مرضى السكري | BD79: مرضى ضغط الدم | BH79: مرضى الربو | BM79: المركز الصحي | BP79: مرضى السكري | BT79: مرضى ضغط الدم | BX79: مرضى الربو | CC79: المركز الصحي | CF79: مرضى السكري | CJ79: مرضى ضغط الدم | CN79: مرضى الربو | CS79: المركز الصحي | CV79: مرضى السكري | CZ79: مرضى ضغط الدم | DD79: مرضى الربو | DI79: المركز الصحي | DL79: مرضى السكري | DP79: مرضى ضغط الدم | DT79: مرضى الربو | DY79: المركز الصحي | EB79: مرضى السكري | EF79: مرضى ضغط الدم | EJ79: مرضى الربو | EO79: المركز الصحي | ER79: مرضى السكري | EV79: مرضى ضغط الدم | EZ79: مرضى الربو | FE79: المركز الصحي | FH79: مرضى السكري | FL79: مرضى ضغط الدم | FP79: مرضى الربو | FU79: المركز الصحي | FX79: مرضى السكري | GB79: مرضى ضغط الدم | GF79: مرضى الربو | GK79: المركز الصحي | GN79: مرضى السكري | GR79: مرضى ضغط الدم | GV79: مرضى الربو
B80: الجنسية | C80: الجنس | D80: المسجلين | E80: الجدد | F80: المحالين | G80: عدد الزيارات | H80: المسجلين | I80: الجدد | J80: المحالين | K80: عدد الزيارات | L80: المسجلين | M80: الجدد | N80: المحالين | O80: عدد الزيارات | R80: الجنسية | S80: الجنس | T80: المسجلين | U80: الجدد | V80: المحالين | W80: عدد الزيارات | X80: المسجلين | Y80: الجدد | Z80: المحالين | AA80: عدد الزيارات | AB80: المسجلين | AC80: الجدد | AD80: المحالين | AE80: عدد الزيارات | AH80: الجنسية | AI80: الجنس | AJ80: المسجلين | AK80: الجدد | AL80: المحالين | AM80: عدد الزيارات | AN80: المسجلين | AO80: الجدد | AP80: المحالين | AQ80: عدد الزيارات | AR80: المسجلين | AS80: الجدد | AT80: المحالين | AU80: عدد الزيارات | AX80: الجنسية | AY80: الجنس | AZ80: المسجلين | BA80: الجدد | BB80: المحالين | BC80: عدد الزيارات | BD80: المسجلين | BE80: الجدد | BF80: المحالين | BG80: عدد الزيارات | BH80: المسجلين | BI80: الجدد | BJ80: المحالين | BK80: عدد الزيارات | BN80: الجنسية | BO80: الجنس | BP80: المسجلين | BQ80: الجدد | BR80: المحالين | BS80: عدد الزيارات | BT80: المسجلين | BU80: الجدد | BV80: المحالين | BW80: عدد الزيارات | BX80: المسجلين | BY80: الجدد | BZ80: المحالين | CA80: عدد الزيارات | CD80: الجنسية | CE80: الجنس | CF80: المسجلين | CG80: الجدد | CH80: المحالين | CI80: عدد الزيارات | CJ80: المسجلين | CK80: الجدد | CL80: المحالين | CM80: عدد الزيارات | CN80: المسجلين | CO80: الجدد | CP80: المحالين | CQ80: عدد الزيارات | CT80: الجنسية | CU80: الجنس | CV80: المسجلين | CW80: الجدد | CX80: المحالين | CY80: عدد الزيارات | CZ80: المسجلين | DA80: الجدد | DB80: المحالين | DC80: عدد الزيارات | DD80: المسجلين | DE80: الجدد | DF80: المحالين | DG80: عدد الزيارات | DJ80: الجنسية | DK80: الجنس | DL80: المسجلين | DM80: الجدد | DN80: المحالين | DO80: عدد الزيارات | DP80: المسجلين | DQ80: الجدد | DR80: المحالين | DS80: عدد الزيارات | DT80: المسجلين | DU80: الجدد | DV80: المحالين | DW80: عدد الزيارات | DZ80: الجنسية | EA80: الجنس | EB80: المسجلين | EC80: الجدد | ED80: المحالين | EE80: عدد الزيارات | EF80: المسجلين | EG80: الجدد | EH80: المحالين | EI80: عدد الزيارات | EJ80: المسجلين | EK80: الجدد | EL80: المحالين | EM80: عدد الزيارات | EP80: الجنسية | EQ80: الجنس | ER80: المسجلين | ES80: الجدد | ET80: المحالين | EU80: عدد الزيارات | EV80: المسجلين | EW80: الجدد | EX80: المحالين | EY80: عدد الزيارات | EZ80: المسجلين | FA80: الجدد | FB80: المحالين | FC80: عدد الزيارات | FF80: الجنسية | FG80: الجنس | FH80: المسجلين | FI80: الجدد | FJ80: المحالين | FK80: عدد الزيارات | FL80: المسجلين | FM80: الجدد | FN80: المحالين | FO80: عدد الزيارات | FP80: المسجلين | FQ80: الجدد | FR80: المحالين | FS80: عدد الزيارات | FV80: الجنسية | FW80: الجنس | FX80: المسجلين | FY80: الجدد | FZ80: المحالين | GA80: عدد الزيارات | GB80: المسجلين | GC80: الجدد | GD80: المحالين | GE80: عدد الزيارات | GF80: المسجلين | GG80: الجدد | GH80: المحالين | GI80: عدد الزيارات | GL80: الجنسية | GM80: الجنس | GN80: المسجلين | GO80: الجدد | GP80: المحالين | GQ80: عدد الزيارات | GR80: المسجلين | GS80: الجدد | GT80: المحالين | GU80: عدد الزيارات | GV80: المسجلين | GW80: الجدد | GX80: المحالين | GY80: عدد الزيارات
A81: إجمالي مراكز شرق جدة | C81: ذكر | D81: =D5+D11+D17+D23+D29+D35+D41+D47+D53+D59+D65+D71 -> 1971 | E81: =E5+E11+E17+E23+E29+E35+E41+E47+E53+E59+E65+E71 -> 38 | F81: =F5+F11+F17+F23+F29+F35+F41+F47+F53+F59+F65+F71 -> 77 | G81: =G5+G11+G17+G23+G29+G35+G41+G47+G53+G59+G65+G71 -> 981 | H81: =H5+H11+H17+H23+H29+H35+H41+H47+H53+H59+H65+H71 -> 1982 | I81: =I5+I11+I17+I23+I29+I35+I41+I47+I53+I59+I65+I71 -> 17 | J81: =J5+J11+J17+J23+J29+J35+J41+J47+J53+J59+J65+J71 -> 44 | K81: =K5+K11+K17+K23+K29+K35+K41+K47+K53+K59+K65+K71 -> 682 | ... O81: =O5+O11+O17+O23+O29+O35+O41+O47+O53+O59+O65+O71 -> 0 | Q81: إجمالي مراكز شرق جدة | S81: ذكر | T81: =T5+T11+T17+T23+T29+T35+T41+T47+T53+T59+T65+T71 -> 1888 | U81: =U5+U11+U17+U23+U29+U35+U41+U47+U53+U59+U65+U71 -> 19 | V81: =V5+V11+V17+V23+V29+V35+V41+V47+V53+V59+V65+V71 -> 52 | W81: =W5+W11+W17+W23+W29+W35+W41+W47+W53+W59+W65+W71 -> 605 | X81: =X5+X11+X17+X23+X29+X35+X41+X47+X53+X59+X65+X71 -> 1821 | Y81: =Y5+Y11+Y17+Y23+Y29+Y35+Y41+Y47+Y53+Y59+Y65+Y71 -> 9 | Z81: =Z5+Z11+Z17+Z23+Z29+Z35+Z41+Z47+Z53+Z59+Z65+Z71 -> 57 | AA81: =AA5+AA11+AA17+AA23+AA29+AA35+AA41+AA47+AA53+AA59+AA65+AA71 -> 453 | ... AE81: =AE5+AE11+AE17+AE23+AE29+AE35+AE41+AE47+AE53+AE59+AE65+AE71 -> 29 | AG81: إجمالي مراكز شرق جدة | AI81: ذكر | AJ81: =AJ5+AJ11+AJ17+AJ23+AJ29+AJ35+AJ41+AJ47+AJ53+AJ59+AJ65+AJ71 -> 1792 | AK81: =AK5+AK11+AK17+AK23+AK29+AK35+AK41+AK47+AK53+AK59+AK65+AK71 -> 7 | AL81: =AL5+AL11+AL17+AL23+AL29+AL35+AL41+AL47+AL53+AL59+AL65+AL71 -> 20 | AM81: =AM5+AM11+AM17+AM23+AM29+AM35+AM41+AM47+AM53+AM59+AM65+AM71 -> 711 | AN81: =AN5+AN11+AN17+AN23+AN29+AN35+AN41+AN47+AN53+AN59+AN65+AN71 -> 1339 | AO81: =AO5+AO11+AO17+AO23+AO29+AO35+AO41+AO47+AO53+AO59+AO65+AO71 -> 2 | AP81: =AP5+AP11+AP17+AP23+AP29+AP35+AP41+AP47+AP53+AP59+AP65+AP71 -> 25 | AQ81: =AQ5+AQ11+AQ17+AQ23+AQ29+AQ35+AQ41+AQ47+AQ53+AQ59+AQ65+AQ71 -> 530 | ... AU81: =AU5+AU11+AU17+AU23+AU29+AU35+AU41+AU47+AU53+AU59+AU65+AU71 -> 35 | AW81: إجمالي مراكز شرق جدة | AY81: ذكر | AZ81: =AZ5+AZ11+AZ17+AZ23+AZ29+AZ35+AZ41+AZ47+AZ53+AZ59+AZ65+AZ71 -> 2314 | BA81: =BA5+BA11+BA17+BA23+BA29+BA35+BA41+BA47+BA53+BA59+BA65+BA71 -> 38 | BB81: =BB5+BB11+BB17+BB23+BB29+BB35+BB41+BB47+BB53+BB59+BB65+BB71 -> 141 | BC81: =BC5+BC11+BC17+BC23+BC29+BC35+BC41+BC47+BC53+BC59+BC65+BC71 -> 1029 | BD81: =BD5+BD11+BD17+BD23+BD29+BD35+BD41+BD47+BD53+BD59+BD65+BD71 -> 1897 | BE81: =BE5+BE11+BE17+BE23+BE29+BE35+BE41+BE47+BE53+BE59+BE65+BE71 -> 16 | BF81: =BF5+BF11+BF17+BF23+BF29+BF35+BF41+BF47+BF53+BF59+BF65+BF71 -> 57 | BG81: =BG5+BG11+BG17+BG23+BG29+BG35+BG41+BG47+BG53+BG59+BG65+BG71 -> 843 | ... BK81: =BK5+BK11+BK17+BK23+BK29+BK35+BK41+BK47+BK53+BK59+BK65+BK71 -> 16 | BM81: إجمالي مراكز شرق جدة | BO81: ذكر | BP81: =BP5+BP11+BP17+BP23+BP29+BP35+BP41+BP47+BP53+BP59+BP65+BP71 -> 2624 | BQ81: =BQ5+BQ11+BQ17+BQ23+BQ29+BQ35+BQ41+BQ47+BQ53+BQ59+BQ65+BQ71 -> 10 | BR81: =BR5+BR11+BR17+BR23+BR29+BR35+BR41+BR47+BR53+BR59+BR65+BR71 -> 55 | BS81: =BS5+BS11+BS17+BS23+BS29+BS35+BS41+BS47+BS53+BS59+BS65+BS71 -> 640 | BT81: =BT5+BT11+BT17+BT23+BT29+BT35+BT41+BT47+BT53+BT59+BT65+BT71 -> 2432 | BU81: =BU5+BU11+BU17+BU23+BU29+BU35+BU41+BU47+BU53+BU59+BU65+BU71 -> 1506 | BV81: =BV5+BV11+BV17+BV23+BV29+BV35+BV41+BV47+BV53+BV59+BV65+BV71 -> 37 | BW81: =BW5+BW11+BW17+BW23+BW29+BW35+BW41+BW47+BW53+BW59+BW65+BW71 -> 515 | ... CA81: =CA5+CA11+CA17+CA23+CA29+CA35+CA41+CA47+CA53+CA59+CA65+CA71 -> 29 | CC81: إجمالي مراكز شرق جدة | CE81: ذكر | CF81: =CF5+CF11+CF17+CF23+CF29+CF35+CF41+CF47+CF53+CF59+CF65+CF71 -> 1378 | CG81: =CG5+CG11+CG17+CG23+CG29+CG35+CG41+CG47+CG53+CG59+CG65+CG71 -> 8 | CH81: =CH5+CH11+CH17+CH23+CH29+CH35+CH41+CH47+CH53+CH59+CH65+CH71 -> 68 | CI81: =CI5+CI11+CI17+CI23+CI29+CI35+CI41+CI47+CI53+CI59+CI65+CI71 -> 479 | CJ81: =CJ5+CJ11+CJ17+CJ23+CJ29+CJ35+CJ41+CJ47+CJ53+CJ59+CJ65+CJ71 -> 1057 | CK81: =CK5+CK11+CK17+CK23+CK29+CK35+CK41+CK47+CK53+CK59+CK65+CK71 -> 8 | CL81: =CL5+CL11+CL17+CL23+CL29+CL35+CL41+CL47+CL53+CL59+CL65+CL71 -> 23 | CM81: =CM5+CM11+CM17+CM23+CM29+CM35+CM41+CM47+CM53+CM59+CM65+CM71 -> 460 | ... CQ81: =CQ5+CQ11+CQ17+CQ23+CQ29+CQ35+CQ41+CQ47+CQ53+CQ59+CQ65+CQ71 -> 2 | CS81: إجمالي مراكز شرق جدة | CU81: ذكر | CV81: =CV5+CV11+CV17+CV23+CV29+CV35+CV41+CV47+CV53+CV59+CV65+CV71 -> 2063 | CW81: =CW5+CW11+CW17+CW23+CW29+CW35+CW41+CW47+CW53+CW59+CW65+CW71 -> 36 | CX81: =CX5+CX11+CX17+CX23+CX29+CX35+CX41+CX47+CX53+CX59+CX65+CX71 -> 140 | CY81: =CY5+CY11+CY17+CY23+CY29+CY35+CY41+CY47+CY53+CY59+CY65+CY71 -> 835 | CZ81: =CZ5+CZ11+CZ17+CZ23+CZ29+CZ35+CZ41+CZ47+CZ53+CZ59+CZ65+CZ71 -> 2008 | DA81: =DA5+DA11+DA17+DA23+DA29+DA35+DA41+DA47+DA53+DA59+DA65+DA71 -> 9026 | DB81: =DB5+DB11+DB17+DB23+DB29+DB35+DB41+DB47+DB53+DB59+DB65+DB71 -> 90 | DC81: =DC5+DC11+DC17+DC23+DC29+DC35+DC41+DC47+DC53+DC59+DC65+DC71 -> 557 | ... DG81: =DG5+DG11+DG17+DG23+DG29+DG35+DG41+DG47+DG53+DG59+DG65+DG71 -> 20 | DI81: إجمالي مراكز شرق جدة | DK81: ذكر | DL81: =DL5+DL11+DL17+DL23+DL29+DL35+DL41+DL47+DL53+DL59+DL65+DL71 -> 1956 | DM81: =DM5+DM11+DM17+DM23+DM29+DM35+DM41+DM47+DM53+DM59+DM65+DM71 -> #VALUE! | DN81: =DN5+DN11+DN17+DN23+DN29+DN35+DN41+DN47+DN53+DN59+DN65+DN71 -> 38 | DO81: =DO5+DO11+DO17+DO23+DO29+DO35+DO41+DO47+DO53+DO59+DO65+DO71 -> 653 | DP81: =DP5+DP11+DP17+DP23+DP29+DP35+DP41+DP47+DP53+DP59+DP65+DP71 -> 1287 | DQ81: =DQ5+DQ11+DQ17+DQ23+DQ29+DQ35+DQ41+DQ47+DQ53+DQ59+DQ65+DQ71 -> #VALUE! | DR81: =DR5+DR11+DR17+DR23+DR29+DR35+DR41+DR47+DR53+DR59+DR65+DR71 -> 17 | DS81: =DS5+DS11+DS17+DS23+DS29+DS35+DS41+DS47+DS53+DS59+DS65+DS71 -> 567 | ... DW81: =DW5+DW11+DW17+DW23+DW29+DW35+DW41+DW47+DW53+DW59+DW65+DW71 -> 17 | DY81: إجمالي مراكز شرق جدة | EA81: ذكر | EB81: =EB5+EB11+EB17+EB23+EB29+EB35+EB41+EB47+EB53+EB59+EB65+EB71 -> 3981 | EC81: =EC5+EC11+EC17+EC23+EC29+EC35+EC41+EC47+EC53+EC59+EC65+EC71 -> 26 | ED81: =ED5+ED11+ED17+ED23+ED29+ED35+ED41+ED47+ED53+ED59+ED65+ED71 -> 18 | EE81: =EE5+EE11+EE17+EE23+EE29+EE35+EE41+EE47+EE53+EE59+EE65+EE71 -> 588 | EF81: =EF5+EF11+EF17+EF23+EF29+EF35+EF41+EF47+EF53+EF59+EF65+EF71 -> 2578 | EG81: =EG5+EG11+EG17+EG23+EG29+EG35+EG41+EG47+EG53+EG59+EG65+EG71 -> 27 | EH81: =EH5+EH11+EH17+EH23+EH29+EH35+EH41+EH47+EH53+EH59+EH65+EH71 -> 25 | EI81: =EI5+EI11+EI17+EI23+EI29+EI35+EI41+EI47+EI53+EI59+EI65+EI71 -> 454 | ... EM81: =EM5+EM11+EM17+EM23+EM29+EM35+EM41+EM47+EM53+EM59+EM65+EM71 -> 10 | EO81: إجمالي مراكز شرق جدة | EQ81: ذكر | ER81: =ER5+ER11+ER17+ER23+ER29+ER35+ER41+ER47+ER53+ER59+ER65+ER71 -> 3703 | ES81: =ES5+ES11+ES17+ES23+ES29+ES35+ES41+ES47+ES53+ES59+ES65+ES71 -> 16 | ET81: =ET5+ET11+ET17+ET23+ET29+ET35+ET41+ET47+ET53+ET59+ET65+ET71 -> 18 | EU81: =EU5+EU11+EU17+EU23+EU29+EU35+EU41+EU47+EU53+EU59+EU65+EU71 -> 398 | EV81: =EV5+EV11+EV17+EV23+EV29+EV35+EV41+EV47+EV53+EV59+EV65+EV71 -> 2400 | EW81: =EW5+EW11+EW17+EW23+EW29+EW35+EW41+EW47+EW53+EW59+EW65+EW71 -> 22 | EX81: =EX5+EX11+EX17+EX23+EX29+EX35+EX41+EX47+EX53+EX59+EX65+EX71 -> 25 | EY81: =EY5+EY11+EY17+EY23+EY29+EY35+EY41+EY47+EY53+EY59+EY65+EY71 -> 222 | ... FC81: =FC5+FC11+FC17+FC23+FC29+FC35+FC41+FC47+FC53+FC59+FC65+FC71 -> 0 | FE81: إجمالي مراكز شرق جدة | FG81: ذكر | FH81: =FH5+FH11+FH17+FH23+FH29+FH35+FH41+FH47+FH53+FH59+FH65+FH71 -> 0 | FI81: =FI5+FI11+FI17+FI23+FI29+FI35+FI41+FI47+FI53+FI59+FI65+FI71 -> 0 | FJ81: =FJ5+FJ11+FJ17+FJ23+FJ29+FJ35+FJ41+FJ47+FJ53+FJ59+FJ65+FJ71 -> 0 | FK81: =FK5+FK11+FK17+FK23+FK29+FK35+FK41+FK47+FK53+FK59+FK65+FK71 -> 0 | FL81: =FL5+FL11+FL17+FL23+FL29+FL35+FL41+FL47+FL53+FL59+FL65+FL71 -> 0 | FM81: =FM5+FM11+FM17+FM23+FM29+FM35+FM41+FM47+FM53+FM59+FM65+FM71 -> 0 | FN81: =FN5+FN11+FN17+FN23+FN29+FN35+FN41+FN47+FN53+FN59+FN65+FN71 -> 0 | FO81: =FO5+FO11+FO17+FO23+FO29+FO35+FO41+FO47+FO53+FO59+FO65+FO71 -> 0 | ... FS81: =FS5+FS11+FS17+FS23+FS29+FS35+FS41+FS47+FS53+FS59+FS65+FS71 -> 0 | FU81: إجمالي مراكز شرق جدة | FW81: ذكر | FX81: =FX5+FX11+FX17+FX23+FX29+FX35+FX41+FX47+FX53+FX59+FX65+FX71 -> 0 | FY81: =FY5+FY11+FY17+FY23+FY29+FY35+FY41+FY47+FY53+FY59+FY65+FY71 -> 0 | FZ81: =FZ5+FZ11+FZ17+FZ23+FZ29+FZ35+FZ41+FZ47+FZ53+FZ59+FZ65+FZ71 -> 0 | GA81: =GA5+GA11+GA17+GA23+GA29+GA35+GA41+GA47+GA53+GA59+GA65+GA71 -> 0 | GB81: =GB5+GB11+GB17+GB23+GB29+GB35+GB41+GB47+GB53+GB59+GB65+GB71 -> 0 | GC81: =GC5+GC11+GC17+GC23+GC29+GC35+GC41+GC47+GC53+GC59+GC65+GC71 -> 0 | GD81: =GD5+GD11+GD17+GD23+GD29+GD35+GD41+GD47+GD53+GD59+GD65+GD71 -> 0 | GE81: =GE5+GE11+GE17+GE23+GE29+GE35+GE41+GE47+GE53+GE59+GE65+GE71 -> 0 | ... GI81: =GI5+GI11+GI17+GI23+GI29+GI35+GI41+GI47+GI53+GI59+GI65+GI71 -> 0 | GK81: =(FU81) -> إجمالي مراكز شرق جدة | GM81: ذكر | GN81: =GN5+GN11+GN17+GN23+GN29+GN35+GN41+GN47+GN53+GN59+GN65+GN71 -> 0 | GO81: =GO5+GO11+GO17+GO23+GO29+GO35+GO41+GO47+GO53+GO59+GO65+GO71 -> #VALUE! | GP81: =GP5+GP11+GP17+GP23+GP29+GP35+GP41+GP47+GP53+GP59+GP65+GP71 -> 627 | GQ81: =GQ5+GQ11+GQ17+GQ23+GQ29+GQ35+GQ41+GQ47+GQ53+GQ59+GQ65+GQ71 -> 6919 | GR81: =GR5+GR11+GR17+GR23+GR29+GR35+GR41+GR47+GR53+GR59+GR65+GR71 -> 0 | GS81: =GS5+GS11+GS17+GS23+GS29+GS35+GS41+GS47+GS53+GS59+GS65+GS71 -> #VALUE! | GT81: =GT5+GT11+GT17+GT23+GT29+GT35+GT41+GT47+GT53+GT59+GT65+GT71 -> 400 | GU81: =GU5+GU11+GU17+GU23+GU29+GU35+GU41+GU47+GU53+GU59+GU65+GU71 -> 5283 | ... GY81: =GY5+GY11+GY17+GY23+GY29+GY35+GY41+GY47+GY53+GY59+GY65+GY71 -> 158
