Workbook

Sheet شرق جدة
C1: الأمراض الشائعة في الرعاية الصحية الأولية | P1: الأمراض الشائعة في الرعاية الصحية الأولية | AC1: الأمراض الشائعة في الرعاية الصحية الأولية | AP1: الأمراض الشائعة في الرعاية الصحية الأولية | BC1: الأمراض الشائعة في الرعاية الصحية الأولية | BP1: الأمراض الشائعة في الرعاية الصحية الأولية | CC1: الأمراض الشائعة في الرعاية الصحية الأولية | CP1: الأمراض الشائعة في الرعاية الصحية الأولية | DC1: الأمراض الشائعة في الرعاية الصحية الأولية | DP1: الأمراض الشائعة في الرعاية الصحية الأولية | EC1: الأمراض الشائعة في الرعاية الصحية الأولية | EP1: الأمراض الشائعة في الرعاية الصحية الأولية
B2: الربيع والتوفيق | F2: شهر | G2: 1 | H2: عام | I2: 1447 | K2: هـ | O2: =B2 -> الربيع والتوفيق | S2: شهر | T2: 2 | U2: عام | V2: 1447 | X2: هـ | AB2: =O2 -> الربيع والتوفيق | AF2: شهر | AG2: 3 | AH2: عام | AI2: 1447 | AK2: هـ | AO2: =AB2 -> الربيع والتوفيق | AS2: شهر | AT2: 4 | AU2: عام | AV2: 1447 | AX2: هـ | BB2: =AO2 -> الربيع والتوفيق | BF2: شهر | BG2: 5 | BH2: عام | BI2: 1447 | BK2: هـ | BO2: =BB2 -> الربيع والتوفيق | BS2: شهر | BT2: 6 | BU2: عام | BV2: 1447 | BX2: هـ | CB2: =BO2 -> الربيع والتوفيق | CF2: شهر | CG2: 7 | CH2: عام | CI2: 1447 | CK2: هـ | CO2: =CB2 -> الربيع والتوفيق | CS2: شهر | CT2: 8 | CU2: عام | CV2: 1447 | CX2: هـ | DB2: =CO2 -> الربيع والتوفيق | DF2: شهر | DG2: 9 | DH2: عام | DI2: 1447 | DK2: هـ | DO2: =DB2 -> الربيع والتوفيق | DS2: شهر | DT2: 10 | DU2: عام | DV2: 1447 | DX2: هـ | EB2: =DO2 -> الربيع والتوفيق | EF2: شهر | EG2: 11 | EH2: عام | EI2: 1447 | EK2: هـ | EO2: =EB2 -> الربيع والتوفيق | ES2: شهر | ET2: 12 | EU2: عام | EV2: 1447 | EX2: هـ | FC2: =(EO2) -> الربيع والتوفيق | FE2: الأمراض الشائعة في الرعاية الصحية الأولية ( ترددات ) | FK2: إجمالي عام | FM2: =SUM(EV2) -> 1447
A3: الرقم | B3: الجنسية والجنس | F3: المجموع | G3: العمر بالسنين | N3: الرقم | O3: الجنسية والجنس | S3: المجموع | T3: العمر بالسنين | AA3: الرقم | AB3: الجنسية والجنس | AF3: المجموع | AG3: العمر بالسنين | AN3: الرقم | AO3: الجنسية والجنس | AS3: المجموع | AT3: العمر بالسنين | BA3: الرقم | BB3: الجنسية والجنس | BF3: المجموع | BG3: العمر بالسنين | BN3: الرقم | BO3: الجنسية والجنس | BS3: المجموع | BT3: العمر بالسنين | CA3: الرقم | CB3: الجنسية والجنس | CF3: المجموع | CG3: العمر بالسنين | CN3: الرقم | CO3: الجنسية والجنس | CS3: المجموع | CT3: العمر بالسنين | DA3: الرقم | DB3: الجنسية والجنس | DF3: المجموع | DG3: العمر بالسنين | DN3: الرقم | DO3: الجنسية والجنس | DS3: المجموع | DT3: العمر بالسنين | EA3: الرقم | EB3: الجنسية والجنس | EF3: المجموع | EG3: العمر بالسنين | EN3: الرقم | EO3: الجنسية والجنس | ES3: المجموع | ET3: العمر بالسنين | FA3: المرض | FB3: الرقم | FC3: الجنسية والجنس | FG3: المجموع | FH3: العمر بالسنين
A4: الكودي | B4: سعودي | D4: غير سعودي | G4: 1< | H4: 5<:1 | I4: 15<:5 | J4: 45<15 | K4: 60<:45 | L4: أكثر من60 | N4: الكودي | O4: سعودي | Q4: غير سعودي | T4: 1< | U4: 5<:1 | V4: 15<:5 | W4: 45<15 | X4: 60<:45 | Y4: أكثر من60 | AA4: الكودي | AB4: سعودي | AD4: غير سعودي | AG4: 1< | AH4: 5<:1 | AI4: 15<:5 | AJ4: 45<15 | AK4: 60<:45 | AL4: أكثر من60 | AN4: الكودي | AO4: سعودي | AQ4: غير سعودي | AT4: 1< | AU4: 5<:1 | AV4: 15<:5 | AW4: 45<15 | AX4: 60<:45 | AY4: أكثر من60 | BA4: الكودي | BB4: سعودي | BD4: غير سعودي | BG4: 1< | BH4: 5<:1 | BI4: 15<:5 | BJ4: 45<15 | BK4: 60<:45 | BL4: أكثر من60 | BN4: الكودي | BO4: سعودي | BQ4: غير سعودي | BT4: 1< | BU4: 5<:1 | BV4: 15<:5 | BW4: 45<15 | BX4: 60<:45 | BY4: أكثر من60 | CA4: الكودي | CB4: سعودي | CD4: غير سعودي | CG4: 1< | CH4: 5<:1 | CI4: 15<:5 | CJ4: 45<15 | CK4: 60<:45 | CL4: أكثر من60 | CN4: الكودي | CO4: سعودي | CQ4: غير سعودي | CT4: 1< | CU4: 5<:1 | CV4: 15<:5 | CW4: 45<15 | CX4: 60<:45 | CY4: أكثر من60 | DA4: الكودي | DB4: سعودي | DD4: غير سعودي | DG4: 1< | DH4: 5<:1 | DI4: 15<:5 | DJ4: 45<15 | DK4: 60<:45 | DL4: أكثر من60 | DN4: الكودي | DO4: سعودي | DQ4: غير سعودي | DT4: 1< | DU4: 5<:1 | DV4: 15<:5 | DW4: 45<15 | DX4: 60<:45 | DY4: أكثر من60 | EA4: الكودي | EB4: سعودي | ED4: غير سعودي | EG4: 1< | EH4: 5<:1 | EI4: 15<:5 | EJ4: 45<15 | EK4: 60<:45 | EL4: أكثر من60 | EN4: الكودي | EO4: سعودي | EQ4: غير سعودي | ET4: 1< | EU4: 5<:1 | EV4: 15<:5 | EW4: 45<15 | EX4: 60<:45 | EY4: أكثر من60 | FB4: الكودي | FC4: سعودي | FE4: غير سعودي | FH4: 1< | FI4: 5<:1 | FJ4: 15<:5 | FK4: 45<15 | FL4: 60<:45 | FM4: أكثر من60
B5: ذكر | C5: أنثى | D5: ذكر | E5: أنثى | O5: ذكر | P5: أنثى | Q5: ذكر | R5: أنثى | AB5: ذكر | AC5: أنثى | AD5: ذكر | AE5: أنثى | AO5: ذكر | AP5: أنثى | AQ5: ذكر | AR5: أنثى | BB5: ذكر | BC5: أنثى | BD5: ذكر | BE5: أنثى | BO5: ذكر | BP5: أنثى | BQ5: ذكر | BR5: أنثى | CB5: ذكر | CC5: أنثى | CD5: ذكر | CE5: أنثى | CO5: ذكر | CP5: أنثى | CQ5: ذكر | CR5: أنثى | DB5: ذكر | DC5: أنثى | DD5: ذكر | DE5: أنثى | DO5: ذكر | DP5: أنثى | DQ5: ذكر | DR5: أنثى | EB5: ذكر | EC5: أنثى | ED5: ذكر | EE5: أنثى | EO5: ذكر | EP5: أنثى | EQ5: ذكر | ER5: أنثى | FC5: ذكر | FD5: أنثى | FE5: ذكر | FF5: أنثى
A6: 11 | B6: 5 | C6: 4 | D6: 0 | E6: 0 | F6: =SUM(B6:E6) -> 9 | G6: 0 | H6: 0 | I6: 0 | J6: 9 | K6: 0 | L6: 0 | M6: =SUM(G6:L6) -> 9 | N6: 11 | O6: 7 | P6: 5 | Q6: 0 | R6: 0 | S6: 9 | T6: 0 | U6: 0 | V6: 0 | W6: 9 | X6: 0 | Y6: 0 | Z6: =SUM(T6:Y6) -> 9 | AA6: 11 | AB6: 0 | AC6: 0 | AD6: 0 | AE6: 0 | AF6: =SUM(AB6:AE6) -> 0 | AG6: 0 | AH6: 0 | AI6: 0 | AJ6: 0 | AK6: 0 | AL6: 0 | AM6: =SUM(AG6:AL6) -> 0 | AN6: 11 | AO6: 0 | AP6: 0 | AQ6: 0 | AR6: 0 | AS6: =SUM(AO6:AR6) -> 0 | AT6: 0 | AU6: 0 | AV6: 0 | AW6: 0 | AX6: 0 | AZ6: =SUM(AT6:AY6) -> 0 | BA6: 11 | BB6: 0 | BC6: 0 | BD6: 0 | BE6: 0 | BF6: =SUM(BB6:BE6) -> 0 | BG6: 0 | BH6: 0 | BI6: 0 | BJ6: 0 | BK6: 0 | BL6: 0 | BM6: =SUM(BG6:BL6) -> 0 | BN6: 11 | BO6: 73 | BP6: 66 | BQ6: 29 | BR6: 36 | BS6: 204 | BT6: 23 | BU6: 56 | BV6: 62 | BW6: 33 | BX6: 21 | BY6: 9 | BZ6: =SUM(BT6:BY6) -> 204 | CA6: 11 | CB6: 0 | CC6: 0 | CD6: 0 | CE6: 0 | CF6: =SUM(CB6:CE6) -> 0 | CG6: 0 | CH6: 0 | CI6: 0 | CJ6: 0 | CK6: 0 | CL6: 0 | CM6: =SUM(CG6:CL6) -> 0 | CN6: 11 | CO6: 5 | CP6: 4 | CQ6: 0 | CR6: 0 | CS6: 9 | CT6: 0 | CU6: 0 | CV6: 0 | CW6: 9 | CX6: 0 | CY6: 0 | CZ6: =SUM(CT6:CY6) -> 9 | DA6: 11 | DB6: 9 | DC6: 3 | DD6: 1 | DE6: 0 | DF6: =SUM(DB6:DE6) -> 13 | DG6: 0 | DH6: 0 | DI6: 4 | DJ6: 4 | DK6: 5 | DL6: 0 | DM6: =SUM(DG6:DL6) -> 13 | DN6: 11 | DO6: 5 | DP6: 4 | DQ6: 0 | DR6: 0 | DS6: 9 | DT6: 0 | DU6: 0 | DV6: 0 | DW6: 9 | DX6: 0 | DY6: 0 | DZ6: =SUM(DT6:DY6) -> 9 | EA6: 11 | EB6: 0 | EC6: 0 | ED6: 0 | EE6: 0 | EF6: =SUM(EB6:EE6) -> 0 | EG6: 0 | EH6: 0 | EI6: 0 | EJ6: 0 | EK6: 0 | EL6: 0 | EM6: =SUM(EG6:EL6) -> 0 | EN6: 11 | EO6: 0 | EP6: 0 | EQ6: 0 | ER6: 0 | ES6: =SUM(EO6:ER6) -> 0 | ET6: 0 | EU6: 0 | EV6: 0 | EW6: 0 | EX6: 0 | EY6: 0 | EZ6: =SUM(ET6:EY6) -> 0 | FA6: الأمراض الطفيلية والمعدية | FB6: 11 | FC6: =B6+O6+AB6+AO6+BB6+BO6+CB6+CO6+DB6+DO6+EB6+EO6 -> 104 | FD6: =C6+P6+AC6+AP6+BC6+BP6+CC6+CP6+DC6+DP6+EC6+EP6 -> 86 | FE6: =D6+Q6+AD6+AQ6+BD6+BQ6+CD6+CQ6+DD6+DQ6+ED6+EQ6 -> 30 | FF6: =E6+R6+AE6+AR6+BE6+BR6+CE6+CR6+DE6+DR6+EE6+ER6 -> 36 | FG6: =SUM(FC6:FF6) -> 256 | FH6: =G6+T6+AG6+AT6+BG6+BT6+CG6+CT6+DG6+DT6+EG6+ET6 -> 23 | FI6: =H6+U6+AH6+AU6+BH6+BU6+CH6+CU6+DH6+DU6+EH6+EU6 -> 56 | FJ6: =I6+V6+AI6+AV6+BI6+BV6+CI6+CV6+DI6+DV6+EI6+EV6 -> 66 | FK6: =J6+W6+AJ6+AW6+BJ6+BW6+CJ6+CW6+DJ6+DW6+EJ6+EW6 -> 73 | FL6: =K6+X6+AK6+AX6+BK6+BX6+CK6+CX6+DK6+DX6+EK6+EX6 -> 26 | FM6: =L6+Y6+AL6+AY6+BL6+BY6+CL6+CY6+DL6+DY6+EL6+EY6 -> 9 | FN6: =SUM(FH6:FM6) -> 253
A7: 12 | B7: 9 | C7: 8 | D7: 0 | E7: 0 | F7: =SUM(B7:E7) -> 17 | G7: 0 | H7: 0 | I7: 0 | J7: 17 | K7: 0 | L7: 0 | M7: =SUM(G7:L7) -> 17 | N7: 12 | O7: 10 | P7: 7 | Q7: 0 | R7: 0 | S7: 17 | T7: 0 | U7: 0 | V7: 0 | W7: 17 | X7: 0 | Y7: 0 | Z7: =SUM(T7:Y7) -> 17 | AA7: 12 | AB7: 0 | AC7: 0 | AD7: 0 | AE7: 0 | AF7: =SUM(AB7:AE7) -> 0 | AG7: 0 | AH7: 0 | AI7: 0 | AJ7: 0 | AK7: 0 | AL7: 0 | AM7: =SUM(AG7:AL7) -> 0 | AN7: 12 | AO7: 0 | AP7: 1 | AQ7: 0 | AR7: 0 | AS7: =SUM(AO7:AR7) -> 1 | AT7: 0 | AU7: 0 | AV7: 1 | AW7: 0 | AX7: 0 | AY7: 0 | AZ7: =SUM(AT7:AY7) -> 1 | BA7: 12 | BB7: 5 | BC7: 11 | BD7: 2 | BE7: 2 | BF7: =SUM(BB7:BE7) -> 20 | BG7: 0 | BH7: 0 | BI7: 10 | BJ7: 10 | BK7: 0 | BL7: 0 | BM7: =SUM(BG7:BL7) -> 20 | BN7: 12 | BO7: 142 | BP7: 198 | BQ7: 24 | BR7: 44 | BS7: 408 | BT7: 32 | BU7: 64 | BV7: 54 | BW7: 87 | BX7: 107 | BY7: 64 | BZ7: =SUM(BT7:BY7) -> 408 | CA7: 12 | CB7: 0 | CC7: 1 | CD7: 0 | CE7: 0 | CF7: =SUM(CB7:CE7) -> 1 | CG7: 0 | CH7: 0 | CI7: 1 | CJ7: 0 | CK7: 0 | CL7: 0 | CM7: =SUM(CG7:CL7) -> 1 | CN7: 12 | CO7: 9 | CP7: 8 | CQ7: 0 | CR7: 0 | CS7: 17 | CT7: 0 | CU7: 0 | CV7: 0 | CW7: 17 | CX7: 0 | CY7: 0 | CZ7: =SUM(CT7:CY7) -> 17 | DA7: 12 | DB7: 10 | DC7: 4 | DD7: 0 | DE7: 0 | DF7: =SUM(DB7:DE7) -> 14 | DG7: 0 | DH7: 0 | DI7: 0 | DJ7: 4 | DK7: 10 | DL7: 0 | DM7: =SUM(DG7:DL7) -> 14 | DN7: 12 | DO7: 9 | DP7: 8 | DQ7: 0 | DR7: 0 | DS7: 17 | DT7: 0 | DU7: 0 | DV7: 0 | DW7: 17 | DX7: 0 | DY7: 0 | DZ7: =SUM(DT7:DY7) -> 17 | EA7: 12 | EB7: 0 | EC7: 0 | ED7: 0 | EE7: 0 | EF7: =SUM(EB7:EE7) -> 0 | EG7: 0 | EH7: 0 | EI7: 0 | EJ7: 0 | EK7: 0 | EL7: 0 | EM7: =SUM(EG7:EL7) -> 0 | EN7: 12 | EO7: 0 | EP7: 0 | EQ7: 0 | ER7: 0 | ES7: =SUM(EO7:ER7) -> 0 | ET7: 0 | EU7: 0 | EV7: 0 | EW7: 0 | EX7: 0 | EY7: 0 | EZ7: =SUM(ET7:EY7) -> 0 | FA7: الديدان المعوية | FB7: 12 | FC7: =B7+O7+AB7+AO7+BB7+BO7+CB7+CO7+DB7+DO7+EB7+EO7 -> 194 | FD7: =C7+P7+AC7+AP7+BC7+BP7+CC7+CP7+DC7+DP7+EC7+EP7 -> 246 | FE7: =D7+Q7+AD7+AQ7+BD7+BQ7+CD7+CQ7+DD7+DQ7+ED7+EQ7 -> 26 | FF7: =E7+R7+AE7+AR7+BE7+BR7+CE7+CR7+DE7+DR7+EE7+ER7 -> 46 | FG7: =SUM(FC7:FF7) -> 512 | FH7: =G7+T7+AG7+AT7+BG7+BT7+CG7+CT7+DG7+DT7+EG7+ET7 -> 32 | FI7: =H7+U7+AH7+AU7+BH7+BU7+CH7+CU7+DH7+DU7+EH7+EU7 -> 64 | FJ7: =I7+V7+AI7+AV7+BI7+BV7+CI7+CV7+DI7+DV7+EI7+EV7 -> 66 | FK7: =J7+W7+AJ7+AW7+BJ7+BW7+CJ7+CW7+DJ7+DW7+EJ7+EW7 -> 169 | FL7: =K7+X7+AK7+AX7+BK7+BX7+CK7+CX7+DK7+DX7+EK7+EX7 -> 117 | FM7: =L7+Y7+AL7+AY7+BL7+BY7+CL7+CY7+DL7+DY7+EL7+EY7 -> 64 | FN7: =SUM(FH7:FM7) -> 512
A8: 13 | B8: 0 | C8: 0 | D8: 0 | E8: 0 | F8: =SUM(B8:E8) -> 0 | G8: 0 | H8: 0 | I8: 0 | J8: 0 | K8: 0 | L8: 0 | M8: =SUM(G8:L8) -> 0 | N8: 13 | O8: 0 | P8: 0 | Q8: 0 | R8: 0 | S8: 0 | T8: 0 | U8: 0 | V8: 0 | W8: 0 | X8: 0 | Y8: 0 | Z8: =SUM(T8:Y8) -> 0 | AA8: 13 | AB8: 0 | AC8: 0 | AD8: 0 | AE8: 0 | AF8: =SUM(AB8:AE8) -> 0 | AG8: 0 | AH8: 0 | AI8: 0 | AJ8: 0 | AK8: 0 | AL8: 0 | AM8: =SUM(AG8:AL8) -> 0 | AN8: 13 | AO8: 205 | AP8: 136 | AQ8: 72 | AR8: 14 | AS8: =SUM(AO8:AR8) -> 427 | AT8: 0 | AU8: 1 | AV8: 12 | AW8: 88 | AX8: 132 | AY8: 194 | AZ8: =SUM(AT8:AY8) -> 427 | BA8: 13 | BB8: 122 | BC8: 230 | BD8: 52 | BE8: 11 | BF8: =SUM(BB8:BE8) -> 415 | BG8: 0 | BH8: 5 | BI8: 20 | BJ8: 220 | BK8: 100 | BL8: 70 | BM8: =SUM(BG8:BL8) -> 415 | BN8: 13 | BO8: 157 | BP8: 153 | BQ8: 7 | BR8: 11 | BS8: 328 | BT8: 0 | BU8: 0 | BV8: 0 | BW8: 93 | BX8: 146 | BY8: 89 | BZ8: =SUM(BT8:BY8) -> 328 | CA8: 13 | CB8: 205 | CC8: 136 | CD8: 72 | CE8: 14 | CF8: =SUM(CB8:CE8) -> 427 | CG8: 0 | CH8: 1 | CI8: 12 | CJ8: 88 | CK8: 132 | CL8: 194 | CM8: =SUM(CG8:CL8) -> 427 | CN8: 13 | CO8: 0 | CP8: 0 | CQ8: 0 | CR8: 0 | CS8: 0 | CT8: 0 | CU8: 0 | CV8: 0 | CW8: 0 | CX8: 0 | CY8: 0 | CZ8: =SUM(CT8:CY8) -> 0 | DA8: 13 | DB8: 130 | DC8: 110 | DD8: 98 | DE8: 60 | DF8: =SUM(DB8:DE8) -> 398 | DG8: 0 | DH8: 0 | DI8: 2 | DJ8: 105 | DK8: 235 | DL8: 56 | DM8: =SUM(DG8:DL8) -> 398 | DN8: 13 | DO8: 0 | DP8: 0 | DQ8: 0 | DR8: 0 | DS8: 0 | DT8: 0 | DU8: 0 | DV8: 0 | DW8: 0 | DX8: 0 | DY8: 0 | DZ8: =SUM(DT8:DY8) -> 0 | EA8: 13 | EB8: 0 | EC8: 0 | ED8: 0 | EE8: 0 | EF8: =SUM(EB8:EE8) -> 0 | EG8: 0 | EH8: 0 | EI8: 0 | EJ8: 0 | EK8: 0 | EL8: 0 | EM8: =SUM(EG8:EL8) -> 0 | EN8: 13 | EO8: 0 | EP8: 0 | EQ8: 0 | ER8: 0 | ES8: =SUM(EO8:ER8) -> 0 | ET8: 0 | EU8: 0 | EV8: 0 | EW8: 0 | EX8: 0 | EY8: 0 | EZ8: =SUM(ET8:EY8) -> 0 | FA8: مرض السكري | FB8: 13 | FC8: =B8+O8+AB8+AO8+BB8+BO8+CB8+CO8+DB8+DO8+EB8+EO8 -> 819 | FD8: =C8+P8+AC8+AP8+BC8+BP8+CC8+CP8+DC8+DP8+EC8+EP8 -> 765 | FE8: =D8+Q8+AD8+AQ8+BD8+BQ8+CD8+CQ8+DD8+DQ8+ED8+EQ8 -> 301 | FF8: =E8+R8+AE8+AR8+BE8+BR8+CE8+CR8+DE8+DR8+EE8+ER8 -> 110 | FG8: =SUM(FC8:FF8) -> 1995 | FH8: =G8+T8+AG8+AT8+BG8+BT8+CG8+CT8+DG8+DT8+EG8+ET8 -> 0 | FI8: =H8+U8+AH8+AU8+BH8+BU8+CH8+CU8+DH8+DU8+EH8+EU8 -> 7 | FJ8: =I8+V8+AI8+AV8+BI8+BV8+CI8+CV8+DI8+DV8+EI8+EV8 -> 46 | FK8: =J8+W8+AJ8+AW8+BJ8+BW8+CJ8+CW8+DJ8+DW8+EJ8+EW8 -> 594 | FL8: =K8+X8+AK8+AX8+BK8+BX8+CK8+CX8+DK8+DX8+EK8+EX8 -> 745 | FM8: =L8+Y8+AL8+AY8+BL8+BY8+CL8+CY8+DL8+DY8+EL8+EY8 -> 603 | FN8: =SUM(FH8:FM8) -> 1995
A9: 14 | B9: 0 | C9: 0 | D9: 0 | E9: 0 | F9: =SUM(B9:E9) -> 0 | G9: 0 | H9: 0 | I9: 0 | J9: 0 | K9: 0 | L9: 0 | M9: =SUM(G9:L9) -> 0 | N9: 14 | O9: 0 | P9: 0 | Q9: 0 | R9: 0 | S9: 0 | T9: 0 | U9: 0 | V9: 0 | W9: 0 | X9: 0 | Y9: 0 | Z9: =SUM(T9:Y9) -> 0 | AA9: 14 | AB9: 0 | AC9: 0 | AD9: 0 | AE9: 0 | AF9: =SUM(AB9:AE9) -> 0 | AG9: 0 | AH9: 0 | AI9: 0 | AJ9: 0 | AK9: 0 | AL9: 0 | AM9: =SUM(AG9:AL9) -> 0 | AN9: 14 | AO9: 1 | AP9: 30 | AQ9: 0 | AR9: 2 | AS9: =SUM(AO9:AR9) -> 33 | AT9: 0 | AU9: 0 | AV9: 2 | AW9: 29 | AX9: 2 | AY9: 0 | AZ9: =SUM(AT9:AY9) -> 33 | BA9: 14 | BB9: 0 | BC9: 0 | BD9: 0 | BE9: 0 | BF9: =SUM(BB9:BE9) -> 0 | BG9: 0 | BH9: 0 | BI9: 0 | BJ9: 0 | BK9: 0 | BL9: 0 | BM9: =SUM(BG9:BL9) -> 0 | BN9: 14 | BO9: 139 | BP9: 168 | BQ9: 27 | BR9: 25 | BS9: 359 | BT9: 40 | BU9: 68 | BV9: 92 | BW9: 61 | BX9: 78 | BY9: 20 | BZ9: =SUM(BT9:BY9) -> 359 | CA9: 14 | CB9: 1 | CC9: 30 | CD9: 0 | CE9: 2 | CF9: =SUM(CB9:CE9) -> 33 | CG9: 0 | CH9: 0 | CI9: 2 | CJ9: 29 | CK9: 2 | CL9: 0 | CM9: =SUM(CG9:CL9) -> 33 | CN9: 14 | CO9: 0 | CP9: 0 | CQ9: 0 | CR9: 0 | CS9: 0 | CT9: 0 | CU9: 0 | CV9: 0 | CW9: 0 | CX9: 0 | CY9: 0 | CZ9: =SUM(CT9:CY9) -> 0 | DA9: 14 | DB9: 6 | DC9: 4 | DD9: 6 | DE9: 0 | DF9: =SUM(DB9:DE9) -> 16 | DG9: 0 | DH9: 0 | DI9: 0 | DJ9: 10 | DK9: 6 | DL9: 0 | DM9: =SUM(DG9:DL9) -> 16 | DN9: 14 | DO9: 0 | DP9: 0 | DQ9: 0 | DR9: 0 | DS9: 0 | DT9: 0 | DU9: 0 | DV9: 0 | DW9: 0 | DX9: 0 | DY9: 0 | DZ9: =SUM(DT9:DY9) -> 0 | EA9: 14 | EB9: 0 | EC9: 0 | ED9: 0 | EE9: 0 | EF9: =SUM(EB9:EE9) -> 0 | EG9: 0 | EH9: 0 | EI9: 0 | EJ9: 0 | EK9: 0 | EL9: 0 | EM9: =SUM(EG9:EL9) -> 0 | EN9: 14 | EO9: 0 | EP9: 0 | EQ9: 0 | ER9: 0 | ES9: =SUM(EO9:ER9) -> 0 | ET9: 0 | EU9: 0 | EV9: 0 | EW9: 0 | EX9: 0 | EY9: 0 | EZ9: =SUM(ET9:EY9) -> 0 | FA9: أمراض الدم والجهاز المناعي | FB9: 14 | FC9: =B9+O9+AB9+AO9+BB9+BO9+CB9+CO9+DB9+DO9+EB9+EO9 -> 147 | FD9: =C9+P9+AC9+AP9+BC9+BP9+CC9+CP9+DC9+DP9+EC9+EP9 -> 232 | FE9: =D9+Q9+AD9+AQ9+BD9+BQ9+CD9+CQ9+DD9+DQ9+ED9+EQ9 -> 33 | FF9: =E9+R9+AE9+AR9+BE9+BR9+CE9+CR9+DE9+DR9+EE9+ER9 -> 29 | FG9: =SUM(FC9:FF9) -> 441 | FH9: =G9+T9+AG9+AT9+BG9+BT9+CG9+CT9+DG9+DT9+EG9+ET9 -> 40 | FI9: =H9+U9+AH9+AU9+BH9+BU9+CH9+CU9+DH9+DU9+EH9+EU9 -> 68 | FJ9: =I9+V9+AI9+AV9+BI9+BV9+CI9+CV9+DI9+DV9+EI9+EV9 -> 96 | FK9: =J9+W9+AJ9+AW9+BJ9+BW9+CJ9+CW9+DJ9+DW9+EJ9+EW9 -> 129 | FL9: =K9+X9+AK9+AX9+BK9+BX9+CK9+CX9+DK9+DX9+EK9+EX9 -> 88 | FM9: =L9+Y9+AL9+AY9+BL9+BY9+CL9+CY9+DL9+DY9+EL9+EY9 -> 20 | FN9: =SUM(FH9:FM9) -> 441
A10: 15 | B10: 0 | C10: 0 | D10: 0 | E10: 0 | F10: =SUM(B10:E10) -> 0 | G10: 0 | H10: 0 | I10: 0 | J10: 0 | K10: 0 | L10: 0 | M10: =SUM(G10:L10) -> 0 | N10: 15 | O10: 0 | P10: 0 | Q10: 0 | R10: 0 | S10: 0 | T10: 0 | U10: 0 | V10: 0 | W10: 0 | X10: 0 | Y10: 0 | Z10: =SUM(T10:Y10) -> 0 | AA10: 15 | AB10: 0 | AC10: 0 | AD10: 0 | AE10: 0 | AF10: =SUM(AB10:AE10) -> 0 | AG10: 0 | AH10: 0 | AI10: 0 | AJ10: 0 | AK10: 0 | AL10: 0 | AM10: =SUM(AG10:AL10) -> 0 | AN10: 15 | AO10: 223 | AP10: 115 | AQ10: 53 | AR10: 21 | AS10: =SUM(AO10:AR10) -> 412 | AT10: 0 | AU10: 0 | AV10: 0 | AW10: 102 | AX10: 191 | AY10: 119 | AZ10: =SUM(AT10:AY10) -> 412 | BA10: 15 | BB10: 201 | BC10: 74 | BD10: 30 | BE10: 25 | BF10: =SUM(BB10:BE10) -> 330 | BG10: 0 | BH10: 0 | BI10: 16 | BJ10: 130 | BK10: 104 | BL10: 80 | BM10: =SUM(BG10:BL10) -> 330 | BN10: 15 | BO10: 138 | BP10: 139 | BQ10: 9 | BR10: 13 | BS10: 299 | BV10: 0 | BW10: 82 | BX10: 134 | BY10: 83 | BZ10: =SUM(BT10:BY10) -> 299 | CA10: 15 | CB10: 223 | CC10: 115 | CD10: 53 | CE10: 21 | CF10: =SUM(CB10:CE10) -> 412 | CG10: 0 | CH10: 0 | CI10: 0 | CJ10: 102 | CK10: 191 | CL10: 119 | CM10: =SUM(CG10:CL10) -> 412 | CN10: 15 | CO10: 0 | CP10: 0 | CQ10: 0 | CR10: 0 | CS10: 0 | CT10: 0 | CU10: 0 | CV10: 0 | CW10: 0 | CX10: 0 | CY10: 0 | CZ10: =SUM(CT10:CY10) -> 0 | DA10: 15 | DB10: 120 | DC10: 125 | DD10: 50 | DE10: 0 | DF10: =SUM(DB10:DE10) -> 295 | DG10: 0 | DH10: 0 | DI10: 0 | DJ10: 97 | DK10: 198 | DL10: 0 | DM10: =SUM(DG10:DL10) -> 295 | DN10: 15 | DO10: 0 | DP10: 0 | DQ10: 0 | DR10: 0 | DS10: 0 | DT10: 0 | DU10: 0 | DV10: 0 | DW10: 0 | DX10: 0 | DY10: 0 | DZ10: =SUM(DT10:DY10) -> 0 | EA10: 15 | EB10: 0 | EC10: 0 | ED10: 0 | EE10: 0 | EF10: =SUM(EB10:EE10) -> 0 | EG10: 0 | EH10: 0 | EI10: 0 | EJ10: 0 | EK10: 0 | EL10: 0 | EM10: =SUM(EG10:EL10) -> 0 | EN10: 15 | EO10: 0 | EP10: 0 | EQ10: 0 | ER10: 0 | ES10: =SUM(EO10:ER10) -> 0 | ET10: 0 | EU10: 0 | EV10: 0 | EW10: 0 | EX10: 0 | EY10: 0 | EZ10: =SUM(ET10:EY10) -> 0 | FA10: ضغط الدم المرتفع | FB10: 15 | FC10: =B10+O10+AB10+AO10+BB10+BO10+CB10+CO10+DB10+DO10+EB10+EO10 -> 905 | FD10: =C10+P10+AC10+AP10+BC10+BP10+CC10+CP10+DC10+DP10+EC10+EP10 -> 568 | FE10: =D10+Q10+AD10+AQ10+BD10+BQ10+CD10+CQ10+DD10+DQ10+ED10+EQ10 -> 195 | FF10: =E10+R10+AE10+AR10+BE10+BR10+CE10+CR10+DE10+DR10+EE10+ER10 -> 80 | FG10: =SUM(FC10:FF10) -> 1748 | FH10: =G10+T10+AG10+AT10+BG10+BT10+CG10+CT10+DG10+DT10+EG10+ET10 -> 0 | FI10: =H10+U10+AH10+AU10+BH10+BU10+CH10+CU10+DH10+DU10+EH10+EU10 -> 0 | FJ10: =I10+V10+AI10+AV10+BI10+BV10+CI10+CV10+DI10+DV10+EI10+EV10 -> 16 | FK10: =J10+W10+AJ10+AW10+BJ10+BW10+CJ10+CW10+DJ10+DW10+EJ10+EW10 -> 513 | FL10: =K10+X10+AK10+AX10+BK10+BX10+CK10+CX10+DK10+DX10+EK10+EX10 -> 818 | FM10: =L10+Y10+AL10+AY10+BL10+BY10+CL10+CY10+DL10+DY10+EL10+EY10 -> 401 | FN10: =SUM(FH10:FM10) -> 1748
A11: 16 | B11: 0 | C11: 0 | D11: 0 | E11: 0 | F11: =SUM(B11:E11) -> 0 | G11: 0 | H11: 0 | I11: 0 | J11: 0 | K11: 0 | L11: 0 | M11: =SUM(G11:L11) -> 0 | N11: 16 | O11: 0 | P11: 0 | Q11: 0 | R11: 0 | S11: 0 | T11: 0 | U11: 0 | V11: 0 | W11: 0 | X11: 0 | Y11: 0 | Z11: =SUM(T11:Y11) -> 0 | AA11: 16 | AB11: 0 | AC11: 0 | AD11: 0 | AE11: 0 | AF11: =SUM(AB11:AE11) -> 0 | AG11: 0 | AH11: 0 | AI11: 0 | AJ11: 0 | AK11: 0 | AL11: 0 | AM11: =SUM(AG11:AL11) -> 0 | AN11: 16 | AO11: 11 | AP11: 16 | AQ11: 0 | AR11: 1 | AS11: =SUM(AO11:AR11) -> 28 | AT11: 0 | AU11: 0 | AV11: 0 | AW11: 13 | AX11: 15 | AY11: 0 | AZ11: =SUM(AT11:AY11) -> 28 | BA11: 16 | BB11: 80 | BC11: 70 | BD11: 10 | BE11: 5 | BF11: =SUM(BB11:BE11) -> 165 | BG11: 0 | BH11: 0 | BI11: 50 | BJ11: 50 | BK11: 60 | BL11: 5 | BM11: =SUM(BG11:BL11) -> 165 | BN11: 16 | BO11: 123 | BP11: 174 | BQ11: 10 | BR11: 17 | BS11: 324 | BT11: 8 | BU11: 16 | BV11: 13 | BW11: 98 | BX11: 84 | BY11: 105 | BZ11: =SUM(BT11:BY11) -> 324 | CA11: 16 | CB11: 11 | CC11: 16 | CD11: 0 | CE11: 1 | CF11: =SUM(CB11:CE11) -> 28 | CG11: 0 | CH11: 0 | CI11: 0 | CJ11: 13 | CK11: 15 | CL11: 0 | CM11: =SUM(CG11:CL11) -> 28 | CN11: 16 | CO11: 0 | CP11: 0 | CQ11: 0 | CR11: 0 | CS11: 0 | CT11: 0 | CU11: 0 | CV11: 0 | CW11: 0 | CX11: 0 | CY11: 0 | CZ11: =SUM(CT11:CY11) -> 0 | DA11: 16 | DB11: 31 | DC11: 29 | DD11: 1 | DE11: 0 | DF11: =SUM(DB11:DE11) -> 61 | DG11: 0 | DH11: 0 | DI11: 0 | DJ11: 1 | DK11: 60 | DL11: 0 | DM11: =SUM(DG11:DL11) -> 61 | DN11: 16 | DO11: 0 | DP11: 0 | DQ11: 0 | DR11: 0 | DS11: 0 | DT11: 0 | DU11: 0 | DV11: 0 | DW11: 0 | DX11: 0 | DY11: 0 | DZ11: =SUM(DT11:DY11) -> 0 | EA11: 16 | EB11: 0 | EC11: 0 | ED11: 0 | EE11: 0 | EF11: =SUM(EB11:EE11) -> 0 | EG11: 0 | EH11: 0 | EI11: 0 | EJ11: 0 | EK11: 0 | EL11: 0 | EM11: =SUM(EG11:EL11) -> 0 | EN11: 16 | EO11: 0 | EP11: 0 | EQ11: 0 | ER11: 0 | ES11: =SUM(EO11:ER11) -> 0 | ET11: 0 | EU11: 0 | EV11: 0 | EW11: 0 | EX11: 0 | EY11: 0 | EZ11: =SUM(ET11:EY11) -> 0 | FA11: أمراض القلب والأوعية الدموية | FB11: 16 | FC11: =B11+O11+AB11+AO11+BB11+BO11+CB11+CO11+DB11+DO11+EB11+EO11 -> 256 | FD11: =C11+P11+AC11+AP11+BC11+BP11+CC11+CP11+DC11+DP11+EC11+EP11 -> 305 | FE11: =D11+Q11+AD11+AQ11+BD11+BQ11+CD11+CQ11+DD11+DQ11+ED11+EQ11 -> 21 | FF11: =E11+R11+AE11+AR11+BE11+BR11+CE11+CR11+DE11+DR11+EE11+ER11 -> 24 | FG11: =SUM(FC11:FF11) -> 606 | FH11: =G11+T11+AG11+AT11+BG11+BT11+CG11+CT11+DG11+DT11+EG11+ET11 -> 8 | FI11: =H11+U11+AH11+AU11+BH11+BU11+CH11+CU11+DH11+DU11+EH11+EU11 -> 16 | FJ11: =I11+V11+AI11+AV11+BI11+BV11+CI11+CV11+DI11+DV11+EI11+EV11 -> 63 | FK11: =J11+W11+AJ11+AW11+BJ11+BW11+CJ11+CW11+DJ11+DW11+EJ11+EW11 -> 175 | FL11: =K11+X11+AK11+AX11+BK11+BX11+CK11+CX11+DK11+DX11+EK11+EX11 -> 234 | FM11: =L11+Y11+AL11+AY11+BL11+BY11+CL11+CY11+DL11+DY11+EL11+EY11 -> 110 | FN11: =SUM(FH11:FM11) -> 606
A12: 17 | B12: 0 | C12: 0 | D12: 0 | E12: 0 | F12: =SUM(B12:E12) -> 0 | G12: 0 | H12: 0 | I12: 0 | J12: 0 | K12: 0 | L12: 0 | M12: =SUM(G12:L12) -> 0 | N12: 17 | O12: 0 | P12: 0 | Q12: 0 | R12: 0 | S12: 0 | T12: 0 | U12: 0 | V12: 0 | W12: 0 | X12: 0 | Y12: 0 | Z12: =SUM(T12:Y12) -> 0 | AA12: 17 | AB12: 0 | AC12: 0 | AD12: 0 | AE12: 0 | AF12: =SUM(AB12:AE12) -> 0 | AG12: 0 | AH12: 0 | AI12: 0 | AJ12: 0 | AK12: 0 | AL12: 0 | AM12: =SUM(AG12:AL12) -> 0 | AN12: 17 | AO12: 28 | AP12: 22 | AQ12: 2 | AR12: 4 | AS12: =SUM(AO12:AR12) -> 56 | AT12: 0 | AU12: 1 | AV12: 3 | AW12: 46 | AX12: 1 | AY12: 5 | AZ12: =SUM(AT12:AY12) -> 56 | BA12: 17 | BB12: 36 | BC12: 50 | BD12: 20 | BE12: 30 | BF12: =SUM(BB12:BE12) -> 136 | BG12: 0 | BH12: 0 | BI12: 39 | BJ12: 47 | BK12: 50 | BL12: 0 | BM12: =SUM(BG12:BL12) -> 136 | BN12: 17 | BO12: 123 | BP12: 136 | BQ12: 32 | BR12: 35 | BS12: 326 | BT12: 36 | BU12: 49 | BV12: 52 | BW12: 69 | BX12: 67 | BY12: 53 | BZ12: =SUM(BT12:BY12) -> 326 | CA12: 17 | CB12: 28 | CC12: 22 | CD12: 2 | CE12: 4 | CF12: =SUM(CB12:CE12) -> 56 | CG12: 0 | CH12: 1 | CI12: 3 | CJ12: 46 | CK12: 1 | CL12: 5 | CM12: =SUM(CG12:CL12) -> 56 | CN12: 17 | CO12: 0 | CP12: 0 | CQ12: 0 | CR12: 0 | CS12: 0 | CT12: 0 | CU12: 0 | CV12: 0 | CW12: 0 | CX12: 0 | CY12: 0 | CZ12: =SUM(CT12:CY12) -> 0 | DA12: 17 | DB12: 45 | DC12: 29 | DD12: 0 | DE12: 0 | DF12: =SUM(DB12:DE12) -> 74 | DG12: 0 | DH12: 5 | DI12: 5 | DJ12: 40 | DK12: 24 | DL12: 0 | DM12: =SUM(DG12:DL12) -> 74 | DN12: 17 | DO12: 0 | DP12: 0 | DQ12: 0 | DR12: 0 | DS12: 0 | DT12: 0 | DU12: 0 | DV12: 0 | DW12: 0 | DX12: 0 | DY12: 0 | DZ12: =SUM(DT12:DY12) -> 0 | EA12: 17 | EB12: 0 | EC12: 0 | ED12: 0 | EE12: 0 | EF12: =SUM(EB12:EE12) -> 0 | EG12: 0 | EH12: 0 | EI12: 0 | EJ12: 0 | EK12: 0 | EL12: 0 | EM12: =SUM(EG12:EL12) -> 0 | EN12: 17 | EO12: 0 | EP12: 0 | EQ12: 0 | ER12: 0 | ES12: =SUM(EO12:ER12) -> 0 | ET12: 0 | EU12: 0 | EV12: 0 | EW12: 0 | EX12: 0 | EY12: 0 | EZ12: =SUM(ET12:EY12) -> 0 | FA12: أمراض العين | FB12: 17 | FC12: =B12+O12+AB12+AO12+BB12+BO12+CB12+CO12+DB12+DO12+EB12+EO12 -> 260 | FD12: =C12+P12+AC12+AP12+BC12+BP12+CC12+CP12+DC12+DP12+EC12+EP12 -> 259 | FE12: =D12+Q12+AD12+AQ12+BD12+BQ12+CD12+CQ12+DD12+DQ12+ED12+EQ12 -> 56 | FF12: =E12+R12+AE12+AR12+BE12+BR12+CE12+CR12+DE12+DR12+EE12+ER12 -> 73 | FG12: =SUM(FC12:FF12) -> 648 | FH12: =G12+T12+AG12+AT12+BG12+BT12+CG12+CT12+DG12+DT12+EG12+ET12 -> 36 | FI12: =H12+U12+AH12+AU12+BH12+BU12+CH12+CU12+DH12+DU12+EH12+EU12 -> 56 | FJ12: =I12+V12+AI12+AV12+BI12+BV12+CI12+CV12+DI12+DV12+EI12+EV12 -> 102 | FK12: =J12+W12+AJ12+AW12+BJ12+BW12+CJ12+CW12+DJ12+DW12+EJ12+EW12 -> 248 | FL12: =K12+X12+AK12+AX12+BK12+BX12+CK12+CX12+DK12+DX12+EK12+EX12 -> 143 | FM12: =L12+Y12+AL12+AY12+BL12+BY12+CL12+CY12+DL12+DY12+EL12+EY12 -> 63 | FN12: =SUM(FH12:FM12) -> 648
A13: 18 | B13: 85 | C13: 87 | D13: 0 | E13: 0 | F13: =SUM(B13:E13) -> 172 | G13: 0 | H13: 2 | I13: 10 | J13: 160 | K13: 0 | L13: 0 | M13: =SUM(G13:L13) -> 172 | N13: 18 | O13: 91 | P13: 85 | Q13: 0 | R13: 0 | S13: 172 | T13: 0 | U13: 2 | V13: 10 | W13: 160 | X13: 0 | Y13: 0 | Z13: =SUM(T13:Y13) -> 172 | AA13: 18 | AB13: 0 | AC13: 0 | AD13: 0 | AE13: 0 | AF13: =SUM(AB13:AE13) -> 0 | AG13: 0 | AH13: 0 | AI13: 0 | AJ13: 0 | AK13: 0 | AL13: 0 | AM13: =SUM(AG13:AL13) -> 0 | AN13: 18 | AO13: 16 | AP13: 43 | AQ13: 5 | AR13: 2 | AS13: =SUM(AO13:AR13) -> 66 | AT13: 0 | AU13: 6 | AV13: 13 | AW13: 44 | AX13: 3 | AY13: 0 | AZ13: =SUM(AT13:AY13) -> 66 | BA13: 18 | BB13: 33 | BC13: 54 | BD13: 11 | BE13: 20 | BF13: =SUM(BB13:BE13) -> 118 | BG13: 0 | BH13: 0 | BI13: 56 | BJ13: 33 | BK13: 21 | BL13: 8 | BM13: =SUM(BG13:BL13) -> 118 | BN13: 18 | BO13: 167 | BP13: 170 | BQ13: 41 | BR13: 38 | BS13: 416 | BT13: 58 | BU13: 78 | BV13: 72 | BW13: 90 | BX13: 79 | BY13: 39 | BZ13: =SUM(BT13:BY13) -> 416 | CA13: 18 | CB13: 16 | CC13: 43 | CD13: 5 | CE13: 2 | CF13: =SUM(CB13:CE13) -> 66 | CG13: 0 | CH13: 6 | CI13: 13 | CJ13: 44 | CK13: 3 | CL13: 0 | CM13: =SUM(CG13:CL13) -> 66 | CN13: 18 | CO13: 80 | CP13: 87 | CQ13: 0 | CR13: 0 | CS13: 172 | CT13: 0 | CU13: 2 | CV13: 10 | CW13: 160 | CX13: 0 | CY13: 0 | CZ13: =SUM(CT13:CY13) -> 172 | DA13: 18 | DB13: 29 | DC13: 29 | DD13: 0 | DE13: 0 | DF13: =SUM(DB13:DE13) -> 58 | DG13: 0 | DH13: 0 | DI13: 10 | DJ13: 20 | DK13: 28 | DL13: 0 | DM13: =SUM(DG13:DL13) -> 58 | DN13: 18 | DO13: 85 | DP13: 87 | DQ13: 0 | DR13: 0 | DS13: 172 | DT13: 0 | DU13: 2 | DV13: 10 | DW13: 160 | DX13: 0 | DY13: 0 | DZ13: =SUM(DT13:DY13) -> 172 | EA13: 18 | EB13: 0 | EC13: 0 | ED13: 0 | EE13: 0 | EF13: =SUM(EB13:EE13) -> 0 | EG13: 0 | EH13: 0 | EI13: 0 | EJ13: 0 | EK13: 0 | EL13: 0 | EM13: =SUM(EG13:EL13) -> 0 | EN13: 18 | EO13: 0 | EP13: 0 | EQ13: 0 | ER13: 0 | ES13: =SUM(EO13:ER13) -> 0 | ET13: 0 | EU13: 0 | EV13: 0 | EW13: 0 | EX13: 0 | EY13: 0 | EZ13: =SUM(ET13:EY13) -> 0 | FA13: أمراض الأذن والماستويد | FB13: 18 | FC13: =B13+O13+AB13+AO13+BB13+BO13+CB13+CO13+DB13+DO13+EB13+EO13 -> 602 | FD13: =C13+P13+AC13+AP13+BC13+BP13+CC13+CP13+DC13+DP13+EC13+EP13 -> 685 | FE13: =D13+Q13+AD13+AQ13+BD13+BQ13+CD13+CQ13+DD13+DQ13+ED13+EQ13 -> 62 | FF13: =E13+R13+AE13+AR13+BE13+BR13+CE13+CR13+DE13+DR13+EE13+ER13 -> 62 | FG13: =SUM(FC13:FF13) -> 1411 | FH13: =G13+T13+AG13+AT13+BG13+BT13+CG13+CT13+DG13+DT13+EG13+ET13 -> 58 | FI13: =H13+U13+AH13+AU13+BH13+BU13+CH13+CU13+DH13+DU13+EH13+EU13 -> 98 | FJ13: =I13+V13+AI13+AV13+BI13+BV13+CI13+CV13+DI13+DV13+EI13+EV13 -> 204 | FK13: =J13+W13+AJ13+AW13+BJ13+BW13+CJ13+CW13+DJ13+DW13+EJ13+EW13 -> 871 | FL13: =K13+X13+AK13+AX13+BK13+BX13+CK13+CX13+DK13+DX13+EK13+EX13 -> 134 | FM13: =L13+Y13+AL13+AY13+BL13+BY13+CL13+CY13+DL13+DY13+EL13+EY13 -> 47 | FN13: =SUM(FH13:FM13) -> 1412
A14: 19 | B14: 70 | C14: 79 | D14: 0 | E14: 0 | F14: =SUM(B14:E14) -> 149 | G14: 0 | H14: 7 | I14: 11 | J14: 120 | K14: 11 | L14: 0 | M14: =SUM(G14:L14) -> 149 | N14: 19 | O14: 80 | P14: 71 | Q14: 0 | R14: 0 | S14: 149 | T14: 0 | U14: 7 | V14: 11 | W14: 120 | X14: 11 | Y14: 0 | Z14: =SUM(T14:Y14) -> 149 | AA14: 19 | AB14: 0 | AC14: 0 | AD14: 0 | AE14: 0 | AF14: =SUM(AB14:AE14) -> 0 | AG14: 0 | AH14: 0 | AI14: 0 | AJ14: 0 | AK14: 0 | AL14: 0 | AM14: =SUM(AG14:AL14) -> 0 | AN14: 19 | AO14: 656 | AP14: 748 | AQ14: 31 | AR14: 21 | AS14: =SUM(AO14:AR14) -> 1456 | AT14: 16 | AU14: 169 | AV14: 426 | AW14: 721 | AX14: 124 | AY14: 0 | AZ14: =SUM(AT14:AY14) -> 1456 | BA14: 19 | BB14: 410 | BC14: 350 | BD14: 100 | BE14: 61 | BF14: =SUM(BB14:BE14) -> 921 | BG14: 0 | BH14: 0 | BI14: 252 | BJ14: 300 | BK14: 340 | BL14: 29 | BM14: =SUM(BG14:BL14) -> 921 | BN14: 19 | BO14: 696 | BP14: 792 | BQ14: 56 | BR14: 51 | BS14: 1595 | BT14: 155 | BU14: 508 | BV14: 399 | BW14: 294 | BX14: 190 | BY14: 49 | BZ14: =SUM(BT14:BY14) -> 1595 | CA14: 19 | CB14: 656 | CC14: 748 | CD14: 31 | CE14: 21 | CF14: =SUM(CB14:CE14) -> 1456 | CG14: 16 | CH14: 169 | CI14: 426 | CJ14: 721 | CK14: 124 | CL14: 0 | CM14: =SUM(CG14:CL14) -> 1456 | CN14: 19 | CO14: 70 | CP14: 79 | CQ14: 0 | CR14: 0 | CS14: 149 | CT14: 0 | CU14: 7 | CV14: 11 | CW14: 120 | CX14: 11 | CY14: 0 | CZ14: =SUM(CT14:CY14) -> 149 | DA14: 19 | DB14: 115 | DC14: 95 | DD14: 35 | DE14: 29 | DF14: =SUM(DB14:DE14) -> 274 | DG14: 0 | DH14: 0 | DI14: 20 | DJ14: 154 | DK14: 100 | DL14: 0 | DM14: =SUM(DG14:DL14) -> 274 | DN14: 19 | DO14: 70 | DP14: 79 | DQ14: 0 | DR14: 0 | DS14: 149 | DT14: 0 | DU14: 7 | DV14: 11 | DW14: 120 | DX14: 11 | DY14: 0 | DZ14: =SUM(DT14:DY14) -> 149 | EA14: 19 | EB14: 0 | EC14: 0 | ED14: 0 | EE14: 0 | EF14: =SUM(EB14:EE14) -> 0 | EG14: 0 | EH14: 0 | EI14: 0 | EJ14: 0 | EK14: 0 | EL14: 0 | EM14: =SUM(EG14:EL14) -> 0 | EN14: 19 | EO14: 0 | EP14: 0 | EQ14: 0 | ER14: 0 | ES14: =SUM(EO14:ER14) -> 0 | ET14: 0 | EU14: 0 | EV14: 0 | EW14: 0 | EX14: 0 | EY14: 0 | EZ14: =SUM(ET14:EY14) -> 0 | FA14: إلتهاب الجهاز التنفسي العلوي | FB14: 19 | FC14: =B14+O14+AB14+AO14+BB14+BO14+CB14+CO14+DB14+DO14+EB14+EO14 -> 2823 | FD14: =C14+P14+AC14+AP14+BC14+BP14+CC14+CP14+DC14+DP14+EC14+EP14 -> 3041 | FE14: =D14+Q14+AD14+AQ14+BD14+BQ14+CD14+CQ14+DD14+DQ14+ED14+EQ14 -> 253 | FF14: =E14+R14+AE14+AR14+BE14+BR14+CE14+CR14+DE14+DR14+EE14+ER14 -> 183 | FG14: =SUM(FC14:FF14) -> 6300 | FH14: =G14+T14+AG14+AT14+BG14+BT14+CG14+CT14+DG14+DT14+EG14+ET14 -> 187 | FI14: =H14+U14+AH14+AU14+BH14+BU14+CH14+CU14+DH14+DU14+EH14+EU14 -> 874 | FJ14: =I14+V14+AI14+AV14+BI14+BV14+CI14+CV14+DI14+DV14+EI14+EV14 -> 1567 | FK14: =J14+W14+AJ14+AW14+BJ14+BW14+CJ14+CW14+DJ14+DW14+EJ14+EW14 -> 2670 | FL14: =K14+X14+AK14+AX14+BK14+BX14+CK14+CX14+DK14+DX14+EK14+EX14 -> 922 | FM14: =L14+Y14+AL14+AY14+BL14+BY14+CL14+CY14+DL14+DY14+EL14+EY14 -> 78 | FN14: =SUM(FH14:FM14) -> 6298
A15: 20 | B15: 78 | C15: 71 | D15: 0 | E15: 0 | F15: =SUM(B15:E15) -> 149 | G15: 2 | H15: 5 | I15: 9 | J15: 130 | K15: 3 | L15: 0 | M15: =SUM(G15:L15) -> 149 | N15: 20 | O15: 70 | P15: 75 | Q15: 0 | R15: 0 | S15: 149 | T15: 2 | U15: 5 | V15: 9 | W15: 130 | X15: 3 | Y15: 0 | Z15: =SUM(T15:Y15) -> 149 | AA15: 20 | AB15: 0 | AC15: 0 | AD15: 0 | AE15: 0 | AF15: =SUM(AB15:AE15) -> 0 | AG15: 0 | AH15: 0 | AI15: 0 | AJ15: 0 | AK15: 0 | AL15: 0 | AM15: =SUM(AG15:AL15) -> 0 | AN15: 20 | AO15: 11 | AP15: 7 | AQ15: 2 | AR15: 0 | AS15: =SUM(AO15:AR15) -> 20 | AT15: 0 | AU15: 0 | AV15: 2 | AW15: 7 | AX15: 11 | AY15: 0 | AZ15: =SUM(AT15:AY15) -> 20 | BA15: 20 | BB15: 10 | BC15: 5 | BD15: 0 | BE15: 0 | BF15: =SUM(BB15:BE15) -> 15 | BG15: 0 | BH15: 0 | BI15: 5 | BJ15: 10 | BK15: 0 | BL15: 0 | BM15: =SUM(BG15:BL15) -> 15 | BN15: 20 | BO15: 104 | BP15: 164 | BQ15: 34 | BR15: 24 | BS15: 326 | BT15: 38 | BU15: 71 | BV15: 77 | BW15: 64 | BX15: 61 | BY15: 15 | BZ15: =SUM(BT15:BY15) -> 326 | CA15: 20 | CB15: 11 | CC15: 7 | CD15: 2 | CE15: 0 | CF15: =SUM(CB15:CE15) -> 20 | CG15: 0 | CH15: 0 | CI15: 2 | CJ15: 7 | CK15: 11 | CL15: 0 | CM15: =SUM(CG15:CL15) -> 20 | CN15: 20 | CO15: 70 | CP15: 71 | CQ15: 0 | CR15: 0 | CS15: 149 | CT15: 2 | CU15: 5 | CV15: 9 | CW15: 130 | CX15: 3 | CY15: 0 | CZ15: =SUM(CT15:CY15) -> 149 | DA15: 20 | DB15: 40 | DC15: 4 | DD15: 19 | DE15: 10 | DF15: =SUM(DB15:DE15) -> 73 | DG15: 0 | DH15: 0 | DI15: 0 | DJ15: 40 | DK15: 33 | DL15: 0 | DM15: =SUM(DG15:DL15) -> 73 | DN15: 20 | DO15: 78 | DP15: 71 | DQ15: 0 | DR15: 0 | DS15: 149 | DT15: 2 | DU15: 5 | DV15: 9 | DW15: 130 | DX15: 3 | DY15: 0 | DZ15: =SUM(DT15:DY15) -> 149 | EA15: 20 | EB15: 0 | EC15: 0 | ED15: 0 | EE15: 0 | EF15: =SUM(EB15:EE15) -> 0 | EG15: 0 | EH15: 0 | EI15: 0 | EJ15: 0 | EK15: 0 | EL15: 0 | EM15: =SUM(EG15:EL15) -> 0 | EN15: 20 | EO15: 0 | EP15: 0 | EQ15: 0 | ER15: 0 | ES15: =SUM(EO15:ER15) -> 0 | ET15: 0 | EU15: 0 | EV15: 0 | EW15: 0 | EX15: 0 | EY15: 0 | EZ15: =SUM(ET15:EY15) -> 0 | FA15: الإلتهابات الرئوية | FB15: 20 | FC15: =B15+O15+AB15+AO15+BB15+BO15+CB15+CO15+DB15+DO15+EB15+EO15 -> 472 | FD15: =C15+P15+AC15+AP15+BC15+BP15+CC15+CP15+DC15+DP15+EC15+EP15 -> 475 | FE15: =D15+Q15+AD15+AQ15+BD15+BQ15+CD15+CQ15+DD15+DQ15+ED15+EQ15 -> 57 | FF15: =E15+R15+AE15+AR15+BE15+BR15+CE15+CR15+DE15+DR15+EE15+ER15 -> 34 | FG15: =SUM(FC15:FF15) -> 1038 | FH15: =G15+T15+AG15+AT15+BG15+BT15+CG15+CT15+DG15+DT15+EG15+ET15 -> 46 | FI15: =H15+U15+AH15+AU15+BH15+BU15+CH15+CU15+DH15+DU15+EH15+EU15 -> 91 | FJ15: =I15+V15+AI15+AV15+BI15+BV15+CI15+CV15+DI15+DV15+EI15+EV15 -> 122 | FK15: =J15+W15+AJ15+AW15+BJ15+BW15+CJ15+CW15+DJ15+DW15+EJ15+EW15 -> 648 | FL15: =K15+X15+AK15+AX15+BK15+BX15+CK15+CX15+DK15+DX15+EK15+EX15 -> 128 | FM15: =L15+Y15+AL15+AY15+BL15+BY15+CL15+CY15+DL15+DY15+EL15+EY15 -> 15 | FN15: =SUM(FH15:FM15) -> 1050
A16: 21 | B16: 0 | C16: 0 | D16: 0 | E16: 0 | F16: =SUM(B16:E16) -> 0 | G16: 0 | H16: 0 | I16: 0 | J16: 0 | K16: 0 | L16: 0 | M16: =SUM(G16:L16) -> 0 | N16: 21 | O16: 0 | P16: 0 | Q16: 0 | R16: 0 | S16: 0 | T16: 0 | U16: 0 | V16: 0 | W16: 0 | X16: 0 | Y16: 0 | Z16: =SUM(T16:Y16) -> 0 | AA16: 21 | AB16: 0 | AC16: 0 | AD16: 0 | AE16: 0 | AF16: =SUM(AB16:AE16) -> 0 | AG16: 0 | AH16: 0 | AI16: 0 | AJ16: 0 | AK16: 0 | AL16: 0 | AM16: =SUM(AG16:AL16) -> 0 | AN16: 21 | AO16: 29 | AP16: 38 | AQ16: 6 | AR16: 11 | AS16: =SUM(AO16:AR16) -> 84 | AT16: 0 | AU16: 7 | AV16: 38 | AW16: 37 | AX16: 2 | AY16: 0 | AZ16: =SUM(AT16:AY16) -> 84 | BA16: 21 | BB16: 11 | BC16: 15 | BD16: 30 | BE16: 10 | BF16: =SUM(BB16:BE16) -> 66 | BG16: 0 | BH16: 1 | BI16: 12 | BJ16: 27 | BK16: 15 | BL16: 11 | BM16: =SUM(BG16:BL16) -> 66 | BN16: 21 | BO16: 0 | BP16: 0 | BQ16: 0 | BR16: 0 | BS16: 0 | BT16: 0 | BU16: 0 | BV16: 0 | BW16: 0 | BX16: 0 | BY16: 0 | BZ16: =SUM(BT16:BY16) -> 0 | CA16: 21 | CB16: 29 | CC16: 38 | CD16: 6 | CE16: 11 | CF16: =SUM(CB16:CE16) -> 84 | CG16: 0 | CH16: 7 | CI16: 38 | CJ16: 37 | CK16: 2 | CL16: 0 | CM16: =SUM(CG16:CL16) -> 84 | CN16: 21 | CO16: 0 | CP16: 0 | CQ16: 0 | CR16: 0 | CS16: 0 | CT16: 0 | CU16: 0 | CV16: 0 | CW16: 0 | CX16: 0 | CY16: 0 | CZ16: =SUM(CT16:CY16) -> 0 | DA16: 21 | DB16: 22 | DC16: 19 | DD16: 0 | DE16: 0 | DF16: =SUM(DB16:DE16) -> 41 | DG16: 0 | DH16: 0 | DI16: 0 | DJ16: 11 | DK16: 30 | DL16: 0 | DM16: =SUM(DG16:DL16) -> 41 | DN16: 21 | DO16: 0 | DP16: 0 | DQ16: 0 | DR16: 0 | DS16: 0 | DT16: 0 | DU16: 0 | DV16: 0 | DW16: 0 | DX16: 0 | DY16: 0 | DZ16: =SUM(DT16:DY16) -> 0 | EA16: 21 | EB16: 0 | EC16: 0 | ED16: 0 | EE16: 0 | EF16: =SUM(EB16:EE16) -> 0 | EG16: 0 | EH16: 0 | EI16: 0 | EJ16: 0 | EK16: 0 | EL16: 0 | EM16: =SUM(EG16:EL16) -> 0 | EN16: 21 | EO16: 0 | EP16: 0 | EQ16: 0 | ER16: 0 | ES16: =SUM(EO16:ER16) -> 0 | ET16: 0 | EU16: 0 | EV16: 0 | EW16: 0 | EX16: 0 | EY16: 0 | EZ16: =SUM(ET16:EY16) -> 0 | FA16: الربو | FB16: 21 | FC16: =B16+O16+AB16+AO16+BB16+BO16+CB16+CO16+DB16+DO16+EB16+EO16 -> 91 | FD16: =C16+P16+AC16+AP16+BC16+BP16+CC16+CP16+DC16+DP16+EC16+EP16 -> 110 | FE16: =D16+Q16+AD16+AQ16+BD16+BQ16+CD16+CQ16+DD16+DQ16+ED16+EQ16 -> 42 | FF16: =E16+R16+AE16+AR16+BE16+BR16+CE16+CR16+DE16+DR16+EE16+ER16 -> 32 | FG16: =SUM(FC16:FF16) -> 275 | FH16: =G16+T16+AG16+AT16+BG16+BT16+CG16+CT16+DG16+DT16+EG16+ET16 -> 0 | FI16: =H16+U16+AH16+AU16+BH16+BU16+CH16+CU16+DH16+DU16+EH16+EU16 -> 15 | FJ16: =I16+V16+AI16+AV16+BI16+BV16+CI16+CV16+DI16+DV16+EI16+EV16 -> 88 | FK16: =J16+W16+AJ16+AW16+BJ16+BW16+CJ16+CW16+DJ16+DW16+EJ16+EW16 -> 112 | FL16: =K16+X16+AK16+AX16+BK16+BX16+CK16+CX16+DK16+DX16+EK16+EX16 -> 49 | FM16: =L16+Y16+AL16+AY16+BL16+BY16+CL16+CY16+DL16+DY16+EL16+EY16 -> 11 | FN16: =SUM(FH16:FM16) -> 275
A17: 22 | B17: 0 | C17: 0 | D17: 0 | E17: 0 | F17: =SUM(B17:E17) -> 0 | G17: 0 | H17: 0 | I17: 0 | J17: 0 | K17: 0 | L17: 0 | M17: =SUM(G17:L17) -> 0 | N17: 22 | O17: 0 | P17: 0 | Q17: 0 | R17: 0 | S17: 0 | T17: 0 | U17: 0 | V17: 0 | W17: 0 | X17: 0 | Y17: 0 | Z17: =SUM(T17:Y17) -> 0 | AA17: 22 | AB17: 0 | AC17: 0 | AD17: 0 | AE17: 0 | AF17: =SUM(AB17:AE17) -> 0 | AG17: 0 | AH17: 0 | AI17: 0 | AJ17: 0 | AK17: 0 | AL17: 0 | AM17: =SUM(AG17:AL17) -> 0 | AN17: 22 | AO17: 49 | AP17: 56 | AQ17: 1 | AR17: 0 | AS17: =SUM(AO17:AR17) -> 106 | AT17: 0 | AU17: 0 | AV17: 67 | AW17: 23 | AX17: 16 | AY17: 0 | AZ17: =SUM(AT17:AY17) -> 106 | BA17: 22 | BB17: 20 | BC17: 20 | BD17: 4 | BE17: 1 | BF17: =SUM(BB17:BE17) -> 45 | BG17: 0 | BH17: 0 | BI17: 11 | BJ17: 14 | BK17: 17 | BL17: 3 | BM17: =SUM(BG17:BL17) -> 45 | BN17: 22 | BO17: 126 | BP17: 99 | BQ17: 0 | BR17: 0 | BS17: 225 | BT17: 0 | BU17: 45 | BV17: 50 | BW17: 55 | BX17: 55 | BY17: 20 | BZ17: =SUM(BT17:BY17) -> 225 | CA17: 22 | CB17: 49 | CC17: 56 | CD17: 1 | CE17: 0 | CF17: =SUM(CB17:CE17) -> 106 | CG17: 0 | CH17: 0 | CI17: 67 | CJ17: 23 | CK17: 16 | CL17: 0 | CM17: =SUM(CG17:CL17) -> 106 | CN17: 22 | CO17: 0 | CP17: 0 | CQ17: 0 | CR17: 0 | CS17: 0 | CT17: 0 | CU17: 0 | CV17: 0 | CW17: 0 | CX17: 0 | CY17: 0 | CZ17: =SUM(CT17:CY17) -> 0 | DA17: 22 | DB17: 16 | DC17: 45 | DD17: 0 | DE17: 0 | DF17: =SUM(DB17:DE17) -> 61 | DG17: 0 | DH17: 0 | DI17: 10 | DJ17: 20 | DK17: 31 | DL17: 0 | DM17: =SUM(DG17:DL17) -> 61 | DN17: 22 | DO17: 0 | DP17: 0 | DQ17: 0 | DR17: 0 | DS17: 0 | DT17: 0 | DU17: 0 | DV17: 0 | DW17: 0 | DX17: 0 | DY17: 0 | DZ17: =SUM(DT17:DY17) -> 0 | EA17: 22 | EB17: 0 | EC17: 0 | ED17: 0 | EE17: 0 | EF17: =SUM(EB17:EE17) -> 0 | EG17: 0 | EH17: 0 | EI17: 0 | EJ17: 0 | EK17: 0 | EL17: 0 | EM17: =SUM(EG17:EL17) -> 0 | EN17: 22 | EO17: 0 | EP17: 0 | EQ17: 0 | ER17: 0 | ES17: =SUM(EO17:ER17) -> 0 | ET17: 0 | EU17: 0 | EV17: 0 | EW17: 0 | EX17: 0 | EY17: 0 | EZ17: =SUM(ET17:EY17) -> 0 | FA17: أمراض الفم والأسنان | FB17: 22 | FC17: =B17+O17+AB17+AO17+BB17+BO17+CB17+CO17+DB17+DO17+EB17+EO17 -> 260 | FD17: =C17+P17+AC17+AP17+BC17+BP17+CC17+CP17+DC17+DP17+EC17+EP17 -> 276 | FE17: =D17+Q17+AD17+AQ17+BD17+BQ17+CD17+CQ17+DD17+DQ17+ED17+EQ17 -> 6 | FF17: =E17+R17+AE17+AR17+BE17+BR17+CE17+CR17+DE17+DR17+EE17+ER17 -> 1 | FG17: =SUM(FC17:FF17) -> 543 | FH17: =G17+T17+AG17+AT17+BG17+BT17+CG17+CT17+DG17+DT17+EG17+ET17 -> 0 | FI17: =H17+U17+AH17+AU17+BH17+BU17+CH17+CU17+DH17+DU17+EH17+EU17 -> 45 | FJ17: =I17+V17+AI17+AV17+BI17+BV17+CI17+CV17+DI17+DV17+EI17+EV17 -> 205 | FK17: =J17+W17+AJ17+AW17+BJ17+BW17+CJ17+CW17+DJ17+DW17+EJ17+EW17 -> 135 | FL17: =K17+X17+AK17+AX17+BK17+BX17+CK17+CX17+DK17+DX17+EK17+EX17 -> 135 | FM17: =L17+Y17+AL17+AY17+BL17+BY17+CL17+CY17+DL17+DY17+EL17+EY17 -> 23 | FN17: =SUM(FH17:FM17) -> 543
A18: 23 | B18: 0 | C18: 0 | D18: 0 | E18: 0 | F18: =SUM(B18:E18) -> 0 | G18: 0 | H18: 0 | I18: 0 | J18: 0 | K18: 0 | L18: 0 | M18: =SUM(G18:L18) -> 0 | N18: 23 | O18: 0 | P18: 0 | Q18: 0 | R18: 0 | S18: 0 | T18: 0 | U18: 0 | V18: 0 | W18: 0 | X18: 0 | Y18: 0 | Z18: =SUM(T18:Y18) -> 0 | AA18: 23 | AB18: 0 | AC18: 0 | AD18: 0 | AE18: 0 | AF18: =SUM(AB18:AE18) -> 0 | AG18: 0 | AH18: 0 | AI18: 0 | AJ18: 0 | AK18: 0 | AL18: 0 | AM18: =SUM(AG18:AL18) -> 0 | AN18: 23 | AO18: 123 | AP18: 196 | AQ18: 59 | AR18: 6 | AS18: =SUM(AO18:AR18) -> 384 | AT18: 0 | AU18: 7 | AV18: 27 | AW18: 256 | AX18: 94 | AY18: 0 | AZ18: =SUM(AT18:AY18) -> 384 | BA18: 23 | BB18: 90 | BC18: 74 | BD18: 11 | BE18: 11 | BF18: =SUM(BB18:BE18) -> 186 | BG18: 0 | BH18: 0 | BI18: 6 | BJ18: 22 | BK18: 88 | BL18: 70 | BM18: =SUM(BG18:BL18) -> 186 | BN18: 23 | BO18: 59 | BP18: 21 | BQ18: 32 | BR18: 31 | BS18: 143 | BT18: 25 | BU18: 13 | BV18: 10 | BW18: 11 | BX18: 55 | BY18: 29 | BZ18: =SUM(BT18:BY18) -> 143 | CA18: 23 | CB18: 123 | CC18: 196 | CD18: 59 | CE18: 6 | CF18: =SUM(CB18:CE18) -> 384 | CG18: 0 | CH18: 7 | CI18: 27 | CJ18: 256 | CK18: 94 | CL18: 0 | CM18: =SUM(CG18:CL18) -> 384 | CN18: 23 | CO18: 0 | CP18: 0 | CQ18: 0 | CR18: 0 | CS18: 0 | CT18: 0 | CU18: 0 | CV18: 0 | CW18: 0 | CX18: 0 | CY18: 0 | CZ18: =SUM(CT18:CY18) -> 0 | DA18: 23 | DB18: 9 | DC18: 4 | DD18: 0 | DE18: 0 | DF18: =SUM(DB18:DE18) -> 13 | DG18: 0 | DH18: 0 | DI18: 3 | DJ18: 0 | DK18: 10 | DL18: 0 | DM18: =SUM(DG18:DL18) -> 13 | DN18: 23 | DO18: 0 | DP18: 0 | DQ18: 0 | DR18: 0 | DS18: 0 | DT18: 0 | DU18: 0 | DV18: 0 | DW18: 0 | DX18: 0 | DY18: 0 | DZ18: =SUM(DT18:DY18) -> 0 | EA18: 23 | EB18: 0 | EC18: 0 | ED18: 0 | EE18: 0 | EF18: =SUM(EB18:EE18) -> 0 | EG18: 0 | EH18: 0 | EI18: 0 | EJ18: 0 | EK18: 0 | EL18: 0 | EM18: =SUM(EG18:EL18) -> 0 | EN18: 23 | EO18: 0 | EP18: 0 | EQ18: 0 | ER18: 0 | ES18: =SUM(EO18:ER18) -> 0 | ET18: 0 | EU18: 0 | EV18: 0 | EW18: 0 | EX18: 0 | EY18: 0 | EZ18: =SUM(ET18:EY18) -> 0 | FA18: أمراض المعدة والمريء والأمعاء الدقيقة | FB18: 23 | FC18: =B18+O18+AB18+AO18+BB18+BO18+CB18+CO18+DB18+DO18+EB18+EO18 -> 404 | FD18: =C18+P18+AC18+AP18+BC18+BP18+CC18+CP18+DC18+DP18+EC18+EP18 -> 491 | FE18: =D18+Q18+AD18+AQ18+BD18+BQ18+CD18+CQ18+DD18+DQ18+ED18+EQ18 -> 161 | FF18: =E18+R18+AE18+AR18+BE18+BR18+CE18+CR18+DE18+DR18+EE18+ER18 -> 54 | FG18: =SUM(FC18:FF18) -> 1110 | FH18: =G18+T18+AG18+AT18+BG18+BT18+CG18+CT18+DG18+DT18+EG18+ET18 -> 25 | FI18: =H18+U18+AH18+AU18+BH18+BU18+CH18+CU18+DH18+DU18+EH18+EU18 -> 27 | FJ18: =I18+V18+AI18+AV18+BI18+BV18+CI18+CV18+DI18+DV18+EI18+EV18 -> 73 | FK18: =J18+W18+AJ18+AW18+BJ18+BW18+CJ18+CW18+DJ18+DW18+EJ18+EW18 -> 545 | FL18: =K18+X18+AK18+AX18+BK18+BX18+CK18+CX18+DK18+DX18+EK18+EX18 -> 341 | FM18: =L18+Y18+AL18+AY18+BL18+BY18+CL18+CY18+DL18+DY18+EL18+EY18 -> 99 | FN18: =SUM(FH18:FM18) -> 1110
A19: 24 | B19: 0 | C19: 0 | D19: 0 | E19: 0 | F19: =SUM(B19:E19) -> 0 | G19: 0 | H19: 0 | I19: 0 | J19: 0 | K19: 0 | L19: 0 | M19: =SUM(G19:L19) -> 0 | N19: 24 | O19: 0 | P19: 0 | Q19: 0 | R19: 0 | S19: 0 | T19: 0 | U19: 0 | V19: 0 | W19: 0 | X19: 0 | Y19: 0 | Z19: =SUM(T19:Y19) -> 0 | AA19: 24 | AB19: 0 | AC19: 0 | AD19: 0 | AE19: 0 | AF19: =SUM(AB19:AE19) -> 0 | AG19: 0 | AH19: 0 | AI19: 0 | AJ19: 0 | AK19: 0 | AL19: 0 | AM19: =SUM(AG19:AL19) -> 0 | AN19: 24 | AO19: 87 | AP19: 106 | AQ19: 43 | AR19: 5 | AS19: =SUM(AO19:AR19) -> 241 | AT19: 0 | AU19: 0 | AV19: 0 | AW19: 204 | AX19: 31 | AY19: 6 | AZ19: =SUM(AT19:AY19) -> 241 | BA19: 24 | BB19: 0 | BC19: 0 | BD19: 0 | BE19: 0 | BF19: =SUM(BB19:BE19) -> 0 | BG19: 0 | BH19: 0 | BI19: 0 | BJ19: 0 | BK19: 0 | BL19: 0 | BM19: =SUM(BG19:BL19) -> 0 | BN19: 24 | BO19: 96 | BP19: 71 | BQ19: 19 | BR19: 23 | BS19: 209 | BT19: 27 | BU19: 34 | BV19: 46 | BW19: 44 | BX19: 26 | BY19: 32 | BZ19: =SUM(BT19:BY19) -> 209 | CA19: 24 | CB19: 87 | CC19: 106 | CD19: 43 | CE19: 5 | CF19: =SUM(CB19:CE19) -> 241 | CG19: 0 | CH19: 0 | CI19: 0 | CJ19: 204 | CK19: 31 | CL19: 6 | CM19: =SUM(CG19:CL19) -> 241 | CN19: 24 | CO19: 0 | CP19: 0 | CQ19: 0 | CR19: 0 | CS19: 0 | CT19: 0 | CU19: 0 | CV19: 0 | CW19: 0 | CX19: 0 | CY19: 0 | CZ19: =SUM(CT19:CY19) -> 0 | DA19: 24 | DB19: 20 | DC19: 11 | DD19: 0 | DE19: 0 | DF19: =SUM(DB19:DE19) -> 31 | DG19: 0 | DH19: 0 | DI19: 0 | DJ19: 31 | DK19: 0 | DL19: 0 | DM19: =SUM(DG19:DL19) -> 31 | DN19: 24 | DO19: 0 | DP19: 0 | DQ19: 0 | DR19: 0 | DS19: 0 | DT19: 0 | DU19: 0 | DV19: 0 | DW19: 0 | DX19: 0 | DY19: 0 | DZ19: =SUM(DT19:DY19) -> 0 | EA19: 24 | EB19: 0 | EC19: 0 | ED19: 0 | EE19: 0 | EF19: =SUM(EB19:EE19) -> 0 | EG19: 0 | EH19: 0 | EI19: 0 | EJ19: 0 | EK19: 0 | EL19: 0 | EM19: =SUM(EG19:EL19) -> 0 | EN19: 24 | EO19: 0 | EP19: 0 | EQ19: 0 | ER19: 0 | ES19: =SUM(EO19:ER19) -> 0 | ET19: 0 | EU19: 0 | EV19: 0 | EW19: 0 | EX19: 0 | EY19: 0 | EZ19: =SUM(ET19:EY19) -> 0 | FA19: أمراض القالون والمستقيم والشرج | FB19: 24 | FC19: =B19+O19+AB19+AO19+BB19+BO19+CB19+CO19+DB19+DO19+EB19+EO19 -> 290 | FD19: =C19+P19+AC19+AP19+BC19+BP19+CC19+CP19+DC19+DP19+EC19+EP19 -> 294 | FE19: =D19+Q19+AD19+AQ19+BD19+BQ19+CD19+CQ19+DD19+DQ19+ED19+EQ19 -> 105 | FF19: =E19+R19+AE19+AR19+BE19+BR19+CE19+CR19+DE19+DR19+EE19+ER19 -> 33 | FG19: =SUM(FC19:FF19) -> 722 | FH19: =G19+T19+AG19+AT19+BG19+BT19+CG19+CT19+DG19+DT19+EG19+ET19 -> 27 | FI19: =H19+U19+AH19+AU19+BH19+BU19+CH19+CU19+DH19+DU19+EH19+EU19 -> 34 | FJ19: =I19+V19+AI19+AV19+BI19+BV19+CI19+CV19+DI19+DV19+EI19+EV19 -> 46 | FK19: =J19+W19+AJ19+AW19+BJ19+BW19+CJ19+CW19+DJ19+DW19+EJ19+EW19 -> 483 | FL19: =K19+X19+AK19+AX19+BK19+BX19+CK19+CX19+DK19+DX19+EK19+EX19 -> 88 | FM19: =L19+Y19+AL19+AY19+BL19+BY19+CL19+CY19+DL19+DY19+EL19+EY19 -> 44 | FN19: =SUM(FH19:FM19) -> 722
A20: 25 | B20: 0 | C20: 0 | D20: 0 | E20: 0 | F20: =SUM(B20:E20) -> 0 | G20: 0 | H20: 0 | I20: 0 | J20: 0 | K20: 0 | L20: 0 | M20: =SUM(G20:L20) -> 0 | N20: 25 | O20: 0 | P20: 0 | Q20: 0 | R20: 0 | S20: 0 | T20: 0 | U20: 0 | V20: 0 | W20: 0 | X20: 0 | Y20: 0 | Z20: =SUM(T20:Y20) -> 0 | AA20: 25 | AB20: 0 | AC20: 0 | AD20: 0 | AE20: 0 | AF20: =SUM(AB20:AE20) -> 0 | AG20: 0 | AH20: 0 | AI20: 0 | AJ20: 0 | AK20: 0 | AL20: 0 | AM20: =SUM(AG20:AL20) -> 0 | AN20: 25 | AO20: 76 | AP20: 51 | AQ20: 22 | AR20: 6 | AS20: =SUM(AO20:AR20) -> 155 | AT20: 0 | AU20: 0 | AV20: 14 | AW20: 26 | AX20: 91 | AY20: 24 | AZ20: =SUM(AT20:AY20) -> 155 | BA20: 25 | BB20: 20 | BC20: 25 | BD20: 8 | BE20: 0 | BF20: =SUM(BB20:BE20) -> 53 | BG20: 0 | BH20: 0 | BI20: 1 | BJ20: 24 | BK20: 22 | BL20: 6 | BM20: =SUM(BG20:BL20) -> 53 | BN20: 25 | BO20: 118 | BP20: 117 | BQ20: 34 | BR20: 25 | BS20: 294 | BT20: 26 | BU20: 76 | BV20: 58 | BW20: 33 | BX20: 58 | BY20: 43 | BZ20: =SUM(BT20:BY20) -> 294 | CA20: 25 | CB20: 76 | CC20: 51 | CD20: 22 | CE20: 6 | CF20: =SUM(CB20:CE20) -> 155 | CG20: 0 | CH20: 0 | CI20: 14 | CJ20: 26 | CK20: 91 | CL20: 24 | CM20: =SUM(CG20:CL20) -> 155 | CN20: 25 | CO20: 0 | CP20: 0 | CQ20: 0 | CR20: 0 | CS20: 0 | CT20: 0 | CU20: 0 | CV20: 0 | CW20: 0 | CX20: 0 | CY20: 0 | CZ20: =SUM(CT20:CY20) -> 0 | DA20: 25 | DB20: 16 | DC20: 12 | DD20: 0 | DE20: 0 | DF20: =SUM(DB20:DE20) -> 28 | DG20: 0 | DH20: 0 | DI20: 8 | DJ20: 10 | DK20: 10 | DL20: 0 | DM20: =SUM(DG20:DL20) -> 28 | DN20: 25 | DO20: 0 | DP20: 0 | DQ20: 0 | DR20: 0 | DS20: 0 | DT20: 0 | DU20: 0 | DV20: 0 | DW20: 0 | DX20: 0 | DY20: 0 | DZ20: =SUM(DT20:DY20) -> 0 | EA20: 25 | EB20: 0 | EC20: 0 | ED20: 0 | EE20: 0 | EF20: =SUM(EB20:EE20) -> 0 | EG20: 0 | EH20: 0 | EI20: 0 | EJ20: 0 | EK20: 0 | EL20: 0 | EM20: =SUM(EG20:EL20) -> 0 | EN20: 25 | EO20: 0 | EP20: 0 | EQ20: 0 | ER20: 0 | ES20: =SUM(EO20:ER20) -> 0 | ET20: 0 | EU20: 0 | EV20: 0 | EW20: 0 | EX20: 0 | EY20: 0 | EZ20: =SUM(ET20:EY20) -> 0 | FA20: أمراض الجهاز البولي | FB20: 25 | FC20: =B20+O20+AB20+AO20+BB20+BO20+CB20+CO20+DB20+DO20+EB20+EO20 -> 306 | FD20: =C20+P20+AC20+AP20+BC20+BP20+CC20+CP20+DC20+DP20+EC20+EP20 -> 256 | FE20: =D20+Q20+AD20+AQ20+BD20+BQ20+CD20+CQ20+DD20+DQ20+ED20+EQ20 -> 86 | FF20: =E20+R20+AE20+AR20+BE20+BR20+CE20+CR20+DE20+DR20+EE20+ER20 -> 37 | FG20: =SUM(FC20:FF20) -> 685 | FH20: =G20+T20+AG20+AT20+BG20+BT20+CG20+CT20+DG20+DT20+EG20+ET20 -> 26 | FI20: =H20+U20+AH20+AU20+BH20+BU20+CH20+CU20+DH20+DU20+EH20+EU20 -> 76 | FJ20: =I20+V20+AI20+AV20+BI20+BV20+CI20+CV20+DI20+DV20+EI20+EV20 -> 95 | FK20: =J20+W20+AJ20+AW20+BJ20+BW20+CJ20+CW20+DJ20+DW20+EJ20+EW20 -> 119 | FL20: =K20+X20+AK20+AX20+BK20+BX20+CK20+CX20+DK20+DX20+EK20+EX20 -> 272 | FM20: =L20+Y20+AL20+AY20+BL20+BY20+CL20+CY20+DL20+DY20+EL20+EY20 -> 97 | FN20: =SUM(FH20:FM20) -> 685
A21: 26 | B21: 0 | C21: 0 | D21: 0 | E21: 0 | F21: =SUM(B21:E21) -> 0 | G21: 0 | H21: 0 | I21: 0 | J21: 0 | K21: 0 | L21: 0 | M21: =SUM(G21:L21) -> 0 | N21: 26 | O21: 0 | P21: 0 | Q21: 0 | R21: 0 | S21: 0 | T21: 0 | U21: 0 | V21: 0 | W21: 0 | X21: 0 | Y21: 0 | Z21: =SUM(T21:Y21) -> 0 | AA21: 26 | AB21: 0 | AC21: 0 | AD21: 0 | AE21: 0 | AF21: =SUM(AB21:AE21) -> 0 | AG21: 0 | AH21: 0 | AI21: 0 | AJ21: 0 | AK21: 0 | AL21: 0 | AM21: =SUM(AG21:AL21) -> 0 | AN21: 26 | AO21: 0 | AP21: 8 | AQ21: 0 | AR21: 1 | AS21: =SUM(AO21:AR21) -> 9 | AT21: 0 | AU21: 0 | AV21: 0 | AW21: 9 | AX21: 0 | AY21: 0 | AZ21: =SUM(AT21:AY21) -> 9 | BA21: 26 | BB21: 0 | BC21: 4 | BD21: 0 | BE21: 4 | BF21: =SUM(BB21:BE21) -> 8 | BG21: 0 | BH21: 0 | BI21: 0 | BJ21: 2 | BK21: 6 | BL21: 0 | BM21: =SUM(BG21:BL21) -> 8 | BN21: 26 | BP21: 22 | BR21: 8 | BS21: 30 | BV21: 1 | BW21: 13 | BX21: 16 | BY21: 0 | BZ21: =SUM(BT21:BY21) -> 30 | CA21: 26 | CB21: 0 | CC21: 8 | CD21: 0 | CE21: 1 | CF21: =SUM(CB21:CE21) -> 9 | CG21: 0 | CH21: 0 | CI21: 0 | CJ21: 9 | CK21: 0 | CL21: 0 | CM21: =SUM(CG21:CL21) -> 9 | CN21: 26 | CO21: 0 | CP21: 0 | CQ21: 0 | CR21: 0 | CS21: 0 | CT21: 0 | CU21: 0 | CV21: 0 | CW21: 0 | CX21: 0 | CY21: 0 | CZ21: =SUM(CT21:CY21) -> 0 | DA21: 26 | DB21: 0 | DC21: 9 | DD21: 0 | DE21: 0 | DF21: =SUM(DB21:DE21) -> 9 | DG21: 0 | DH21: 0 | DI21: 0 | DJ21: 0 | DK21: 9 | DL21: 0 | DM21: =SUM(DG21:DL21) -> 9 | DN21: 26 | DO21: 0 | DP21: 0 | DQ21: 0 | DR21: 0 | DS21: 0 | DT21: 0 | DU21: 0 | DV21: 0 | DW21: 0 | DX21: 0 | DY21: 0 | DZ21: =SUM(DT21:DY21) -> 0 | EA21: 26 | EB21: 0 | EC21: 0 | ED21: 0 | EE21: 0 | EF21: =SUM(EB21:EE21) -> 0 | EG21: 0 | EH21: 0 | EI21: 0 | EJ21: 0 | EK21: 0 | EL21: 0 | EM21: =SUM(EG21:EL21) -> 0 | EN21: 26 | EO21: 0 | EP21: 0 | EQ21: 0 | ER21: 0 | ES21: =SUM(EO21:ER21) -> 0 | ET21: 0 | EU21: 0 | EV21: 0 | EW21: 0 | EX21: 0 | EY21: 0 | EZ21: =SUM(ET21:EY21) -> 0 | FA21: أمراض الثدي | FB21: 26 | FC21: =B21+O21+AB21+AO21+BB21+BO21+CB21+CO21+DB21+DO21+EB21+EO21 -> 0 | FD21: =C21+P21+AC21+AP21+BC21+BP21+CC21+CP21+DC21+DP21+EC21+EP21 -> 51 | FE21: =D21+Q21+AD21+AQ21+BD21+BQ21+CD21+CQ21+DD21+DQ21+ED21+EQ21 -> 0 | FF21: =E21+R21+AE21+AR21+BE21+BR21+CE21+CR21+DE21+DR21+EE21+ER21 -> 14 | FG21: =SUM(FC21:FF21) -> 65 | FH21: =G21+T21+AG21+AT21+BG21+BT21+CG21+CT21+DG21+DT21+EG21+ET21 -> 0 | FI21: =H21+U21+AH21+AU21+BH21+BU21+CH21+CU21+DH21+DU21+EH21+EU21 -> 0 | FJ21: =I21+V21+AI21+AV21+BI21+BV21+CI21+CV21+DI21+DV21+EI21+EV21 -> 1 | FK21: =J21+W21+AJ21+AW21+BJ21+BW21+CJ21+CW21+DJ21+DW21+EJ21+EW21 -> 33 | FL21: =K21+X21+AK21+AX21+BK21+BX21+CK21+CX21+DK21+DX21+EK21+EX21 -> 31 | FM21: =L21+Y21+AL21+AY21+BL21+BY21+CL21+CY21+DL21+DY21+EL21+EY21 -> 0 | FN21: =SUM(FH21:FM21) -> 65
A22: 27 | B22: 0 | C22: 0 | D22: 0 | E22: 0 | F22: =SUM(B22:E22) -> 0 | G22: 0 | H22: 0 | I22: 0 | J22: 0 | K22: 0 | L22: 0 | M22: =SUM(G22:L22) -> 0 | N22: 27 | O22: 0 | P22: 0 | Q22: 0 | R22: 0 | S22: 0 | T22: 0 | U22: 0 | V22: 0 | W22: 0 | X22: 0 | Y22: 0 | Z22: =SUM(T22:Y22) -> 0 | AA22: 27 | AB22: 0 | AC22: 0 | AD22: 0 | AE22: 0 | AF22: =SUM(AB22:AE22) -> 0 | AG22: 0 | AH22: 0 | AI22: 0 | AJ22: 0 | AK22: 0 | AL22: 0 | AM22: =SUM(AG22:AL22) -> 0 | AN22: 27 | AO22: 0 | AP22: 0 | AQ22: 0 | AR22: 0 | AS22: =SUM(AO22:AR22) -> 0 | AT22: 0 | AU22: 0 | AV22: 0 | AW22: 0 | AX22: 0 | AY22: 0 | AZ22: =SUM(AT22:AY22) -> 0 | BA22: 27 | BB22: 0 | BC22: 0 | BD22: 0 | BE22: 0 | BF22: =SUM(BB22:BE22) -> 0 | BG22: 0 | BH22: 0 | BI22: 0 | BJ22: 0 | BK22: 0 | BL22: 0 | BM22: =SUM(BG22:BL22) -> 0 | BN22: 27 | BP22: 89 | BR22: 32 | BS22: 121 | BV22: 6 | BW22: 59 | BX22: 53 | BY22: 3 | BZ22: =SUM(BT22:BY22) -> 121 | CA22: 27 | CB22: 0 | CC22: 0 | CD22: 0 | CE22: 0 | CF22: =SUM(CB22:CE22) -> 0 | CG22: 0 | CH22: 0 | CI22: 0 | CJ22: 0 | CK22: 0 | CL22: 0 | CM22: =SUM(CG22:CL22) -> 0 | CN22: 27 | CO22: 0 | CP22: 0 | CQ22: 0 | CR22: 0 | CS22: 0 | CT22: 0 | CU22: 0 | CV22: 0 | CW22: 0 | CX22: 0 | CY22: 0 | CZ22: =SUM(CT22:CY22) -> 0 | DA22: 27 | DB22: 0 | DC22: 2 | DD22: 0 | DE22: 0 | DF22: =SUM(DB22:DE22) -> 2 | DG22: 0 | DH22: 0 | DI22: 0 | DJ22: 0 | DK22: 2 | DL22: 0 | DM22: =SUM(DG22:DL22) -> 2 | DN22: 27 | DO22: 0 | DP22: 0 | DQ22: 0 | DR22: 0 | DS22: 0 | DT22: 0 | DU22: 0 | DV22: 0 | DW22: 0 | DX22: 0 | DY22: 0 | DZ22: =SUM(DT22:DY22) -> 0 | EA22: 27 | EB22: 0 | EC22: 0 | ED22: 0 | EE22: 0 | EF22: =SUM(EB22:EE22) -> 0 | EG22: 0 | EH22: 0 | EI22: 0 | EJ22: 0 | EK22: 0 | EL22: 0 | EM22: =SUM(EG22:EL22) -> 0 | EN22: 27 | EO22: 0 | EP22: 0 | EQ22: 0 | ER22: 0 | ES22: =SUM(EO22:ER22) -> 0 | ET22: 0 | EU22: 0 | EV22: 0 | EW22: 0 | EX22: 0 | EY22: 0 | EZ22: =SUM(ET22:EY22) -> 0 | FA22: أمراض أعضاء الحوض عند النساء | FB22: 27 | FC22: =B22+O22+AB22+AO22+BB22+BO22+CB22+CO22+DB22+DO22+EB22+EO22 -> 0 | FD22: =C22+P22+AC22+AP22+BC22+BP22+CC22+CP22+DC22+DP22+EC22+EP22 -> 91 | FE22: =D22+Q22+AD22+AQ22+BD22+BQ22+CD22+CQ22+DD22+DQ22+ED22+EQ22 -> 0 | FF22: =E22+R22+AE22+AR22+BE22+BR22+CE22+CR22+DE22+DR22+EE22+ER22 -> 32 | FG22: =SUM(FC22:FF22) -> 123 | FH22: =G22+T22+AG22+AT22+BG22+BT22+CG22+CT22+DG22+DT22+EG22+ET22 -> 0 | FI22: =H22+U22+AH22+AU22+BH22+BU22+CH22+CU22+DH22+DU22+EH22+EU22 -> 0 | FJ22: =I22+V22+AI22+AV22+BI22+BV22+CI22+CV22+DI22+DV22+EI22+EV22 -> 6 | FK22: =J22+W22+AJ22+AW22+BJ22+BW22+CJ22+CW22+DJ22+DW22+EJ22+EW22 -> 59 | FL22: =K22+X22+AK22+AX22+BK22+BX22+CK22+CX22+DK22+DX22+EK22+EX22 -> 55 | FM22: =L22+Y22+AL22+AY22+BL22+BY22+CL22+CY22+DL22+DY22+EL22+EY22 -> 3 | FN22: =SUM(FH22:FM22) -> 123
A23: 28 | B23: 0 | C23: 0 | D23: 0 | E23: 0 | F23: =SUM(B23:E23) -> 0 | G23: 0 | H23: 0 | I23: 0 | J23: 0 | K23: 0 | L23: 0 | M23: =SUM(G23:L23) -> 0 | N23: 28 | O23: 0 | P23: 0 | Q23: 0 | R23: 0 | S23: 0 | T23: 0 | U23: 0 | V23: 0 | W23: 0 | X23: 0 | Y23: 0 | Z23: =SUM(T23:Y23) -> 0 | AA23: 28 | AB23: 0 | AC23: 0 | AD23: 0 | AE23: 0 | AF23: =SUM(AB23:AE23) -> 0 | AG23: 0 | AH23: 0 | AI23: 0 | AJ23: 0 | AK23: 0 | AL23: 0 | AM23: =SUM(AG23:AL23) -> 0 | AN23: 28 | AO23: 0 | AP23: 2 | AQ23: 0 | AR23: 0 | AS23: =SUM(AO23:AR23) -> 2 | AT23: 0 | AU23: 0 | AV23: 0 | AW23: 2 | AX23: 0 | AY23: 0 | AZ23: =SUM(AT23:AY23) -> 2 | BA23: 28 | BB23: 0 | BC23: 2 | BD23: 0 | BE23: 0 | BF23: =SUM(BB23:BE23) -> 2 | BG23: 0 | BH23: 0 | BI23: 0 | BJ23: 1 | BK23: 1 | BL23: 0 | BM23: =SUM(BG23:BL23) -> 2 | BN23: 28 | BP23: 79 | BR23: 26 | BS23: 105 | BV23: 0 | BW23: 56 | BX23: 49 | BZ23: =SUM(BT23:BY23) -> 105 | CA23: 28 | CB23: 0 | CC23: 2 | CD23: 0 | CE23: 0 | CF23: =SUM(CB23:CE23) -> 2 | CG23: 0 | CH23: 0 | CI23: 0 | CJ23: 2 | CK23: 0 | CL23: 0 | CM23: =SUM(CG23:CL23) -> 2 | CN23: 28 | CO23: 0 | CP23: 0 | CQ23: 0 | CR23: 0 | CS23: 0 | CT23: 0 | CU23: 0 | CV23: 0 | CW23: 0 | CX23: 0 | CY23: 0 | CZ23: =SUM(CT23:CY23) -> 0 | DA23: 28 | DB23: 0 | DC23: 1 | DD23: 0 | DE23: 0 | DF23: =SUM(DB23:DE23) -> 1 | DG23: 0 | DH23: 0 | DI23: 0 | DJ23: 0 | DK23: 1 | DL23: 0 | DM23: =SUM(DG23:DL23) -> 1 | DN23: 28 | DO23: 0 | DP23: 0 | DQ23: 0 | DR23: 0 | DS23: 0 | DT23: 0 | DU23: 0 | DV23: 0 | DW23: 0 | DX23: 0 | DY23: 0 | DZ23: =SUM(DT23:DY23) -> 0 | EA23: 28 | EB23: 0 | EC23: 0 | ED23: 0 | EE23: 0 | EF23: =SUM(EB23:EE23) -> 0 | EG23: 0 | EH23: 0 | EI23: 0 | EJ23: 0 | EK23: 0 | EL23: 0 | EM23: =SUM(EG23:EL23) -> 0 | EN23: 28 | EO23: 0 | EP23: 0 | EQ23: 0 | ER23: 0 | ES23: =SUM(EO23:ER23) -> 0 | ET23: 0 | EU23: 0 | EV23: 0 | EW23: 0 | EX23: 0 | EY23: 0 | EZ23: =SUM(ET23:EY23) -> 0 | FA23: مضاعفات الحمل | FB23: 28 | FC23: =B23+O23+AB23+AO23+BB23+BO23+CB23+CO23+DB23+DO23+EB23+EO23 -> 0 | FD23: =C23+P23+AC23+AP23+BC23+BP23+CC23+CP23+DC23+DP23+EC23+EP23 -> 86 | FE23: =D23+Q23+AD23+AQ23+BD23+BQ23+CD23+CQ23+DD23+DQ23+ED23+EQ23 -> 0 | FF23: =E23+R23+AE23+AR23+BE23+BR23+CE23+CR23+DE23+DR23+EE23+ER23 -> 26 | FG23: =SUM(FC23:FF23) -> 112 | FH23: =G23+T23+AG23+AT23+BG23+BT23+CG23+CT23+DG23+DT23+EG23+ET23 -> 0 | FI23: =H23+U23+AH23+AU23+BH23+BU23+CH23+CU23+DH23+DU23+EH23+EU23 -> 0 | FJ23: =I23+V23+AI23+AV23+BI23+BV23+CI23+CV23+DI23+DV23+EI23+EV23 -> 0 | FK23: =J23+W23+AJ23+AW23+BJ23+BW23+CJ23+CW23+DJ23+DW23+EJ23+EW23 -> 61 | FL23: =K23+X23+AK23+AX23+BK23+BX23+CK23+CX23+DK23+DX23+EK23+EX23 -> 51 | FM23: =L23+Y23+AL23+AY23+BL23+BY23+CL23+CY23+DL23+DY23+EL23+EY23 -> 0 | FN23: =SUM(FH23:FM23) -> 112
A24: 29 | B24: 0 | C24: 0 | D24: 0 | E24: 0 | F24: =SUM(B24:E24) -> 0 | G24: 0 | H24: 0 | I24: 0 | J24: 0 | K24: 0 | L24: 0 | M24: =SUM(G24:L24) -> 0 | N24: 29 | O24: 0 | P24: 0 | Q24: 0 | R24: 0 | S24: 0 | T24: 0 | U24: 0 | V24: 0 | W24: 0 | X24: 0 | Y24: 0 | Z24: =SUM(T24:Y24) -> 0 | AA24: 29 | AB24: 0 | AC24: 0 | AD24: 0 | AE24: 0 | AF24: =SUM(AB24:AE24) -> 0 | AG24: 0 | AH24: 0 | AI24: 0 | AJ24: 0 | AK24: 0 | AL24: 0 | AM24: =SUM(AG24:AL24) -> 0 | AN24: 29 | AO24: 14 | AP24: 0 | AQ24: 0 | AR24: 0 | AS24: =SUM(AO24:AR24) -> 14 | AT24: 0 | AU24: 0 | AV24: 0 | AW24: 9 | AX24: 3 | AY24: 2 | AZ24: =SUM(AT24:AY24) -> 14 | BA24: 29 | BB24: 0 | BC24: 0 | BD24: 0 | BE24: 0 | BF24: =SUM(BB24:BE24) -> 0 | BG24: 0 | BH24: 0 | BI24: 0 | BJ24: 0 | BK24: 0 | BL24: 0 | BM24: =SUM(BG24:BL24) -> 0 | BN24: 29 | BO24: 53 | BQ24: 16 | BS24: 69 | BV24: 0 | BW24: 27 | BX24: 38 | BY24: 4 | BZ24: =SUM(BT24:BY24) -> 69 | CA24: 29 | CB24: 14 | CC24: 0 | CD24: 0 | CE24: 0 | CF24: =SUM(CB24:CE24) -> 14 | CG24: 0 | CH24: 0 | CI24: 0 | CJ24: 9 | CK24: 3 | CL24: 2 | CM24: =SUM(CG24:CL24) -> 14 | CN24: 29 | CO24: 0 | CP24: 0 | CQ24: 0 | CR24: 0 | CS24: 0 | CT24: 0 | CU24: 0 | CV24: 0 | CW24: 0 | CX24: 0 | CY24: 0 | CZ24: =SUM(CT24:CY24) -> 0 | DA24: 29 | DB24: 23 | DC24: 0 | DD24: 0 | DE24: 0 | DF24: =SUM(DB24:DE24) -> 23 | DG24: 0 | DH24: 0 | DI24: 0 | DJ24: 0 | DK24: 23 | DL24: 0 | DM24: =SUM(DG24:DL24) -> 23 | DN24: 29 | DO24: 0 | DP24: 0 | DQ24: 0 | DR24: 0 | DS24: 0 | DT24: 0 | DU24: 0 | DV24: 0 | DW24: 0 | DX24: 0 | DY24: 0 | DZ24: =SUM(DT24:DY24) -> 0 | EA24: 29 | EB24: 0 | EC24: 0 | ED24: 0 | EE24: 0 | EF24: =SUM(EB24:EE24) -> 0 | EG24: 0 | EH24: 0 | EI24: 0 | EJ24: 0 | EK24: 0 | EL24: 0 | EM24: =SUM(EG24:EL24) -> 0 | EN24: 29 | EO24: 0 | EP24: 0 | EQ24: 0 | ER24: 0 | ES24: =SUM(EO24:ER24) -> 0 | ET24: 0 | EU24: 0 | EV24: 0 | EW24: 0 | EX24: 0 | EY24: 0 | EZ24: =SUM(ET24:EY24) -> 0 | FA24: أمراض الجهاز التناسلي عند الرجال | FB24: 29 | FC24: =B24+O24+AB24+AO24+BB24+BO24+CB24+CO24+DB24+DO24+EB24+EO24 -> 104 | FD24: =C24+P24+AC24+AP24+BC24+BP24+CC24+CP24+DC24+DP24+EC24+EP24 -> 0 | FE24: =D24+Q24+AD24+AQ24+BD24+BQ24+CD24+CQ24+DD24+DQ24+ED24+EQ24 -> 16 | FF24: =E24+R24+AE24+AR24+BE24+BR24+CE24+CR24+DE24+DR24+EE24+ER24 -> 0 | FG24: =SUM(FC24:FF24) -> 120 | FH24: =G24+T24+AG24+AT24+BG24+BT24+CG24+CT24+DG24+DT24+EG24+ET24 -> 0 | FI24: =H24+U24+AH24+AU24+BH24+BU24+CH24+CU24+DH24+DU24+EH24+EU24 -> 0 | FJ24: =I24+V24+AI24+AV24+BI24+BV24+CI24+CV24+DI24+DV24+EI24+EV24 -> 0 | FK24: =J24+W24+AJ24+AW24+BJ24+BW24+CJ24+CW24+DJ24+DW24+EJ24+EW24 -> 45 | FL24: =K24+X24+AK24+AX24+BK24+BX24+CK24+CX24+DK24+DX24+EK24+EX24 -> 67 | FM24: =L24+Y24+AL24+AY24+BL24+BY24+CL24+CY24+DL24+DY24+EL24+EY24 -> 8 | FN24: =SUM(FH24:FM24) -> 120
A25: 30 | B25: 0 | C25: 0 | D25: 0 | E25: 0 | F25: =SUM(B25:E25) -> 0 | G25: 0 | H25: 0 | I25: 0 | J25: 0 | K25: 0 | L25: 0 | M25: =SUM(G25:L25) -> 0 | N25: 30 | O25: 0 | P25: 0 | Q25: 0 | R25: 0 | S25: 0 | T25: 0 | U25: 0 | V25: 0 | W25: 0 | X25: 0 | Y25: 0 | Z25: =SUM(T25:Y25) -> 0 | AA25: 30 | AB25: 0 | AC25: 0 | AD25: 0 | AE25: 0 | AF25: =SUM(AB25:AE25) -> 0 | AG25: 0 | AH25: 0 | AI25: 0 | AJ25: 0 | AK25: 0 | AL25: 0 | AM25: =SUM(AG25:AL25) -> 0 | AN25: 30 | AO25: 121 | AP25: 174 | AQ25: 49 | AR25: 24 | AS25: =SUM(AO25:AR25) -> 368 | AT25: 0 | AU25: 6 | AV25: 23 | AW25: 206 | AX25: 92 | AY25: 41 | AZ25: =SUM(AT25:AY25) -> 368 | BA25: 30 | BB25: 36 | BC25: 20 | BD25: 8 | BE25: 10 | BF25: =SUM(BB25:BE25) -> 74 | BG25: 0 | BH25: 0 | BI25: 21 | BJ25: 23 | BK25: 30 | BL25: 0 | BM25: =SUM(BG25:BL25) -> 74 | BN25: 30 | BO25: 69 | BP25: 84 | BQ25: 23 | BR25: 19 | BS25: 195 | BT25: 6 | BU25: 38 | BV25: 44 | BW25: 57 | BX25: 43 | BY25: 7 | BZ25: =SUM(BT25:BY25) -> 195 | CA25: 30 | CB25: 121 | CC25: 174 | CD25: 49 | CE25: 24 | CF25: =SUM(CB25:CE25) -> 368 | CG25: 0 | CH25: 6 | CI25: 23 | CJ25: 206 | CK25: 92 | CL25: 41 | CM25: =SUM(CG25:CL25) -> 368 | CN25: 30 | CO25: 0 | CP25: 0 | CQ25: 0 | CR25: 0 | CS25: 0 | CT25: 0 | CU25: 0 | CV25: 0 | CW25: 0 | CX25: 0 | CY25: 0 | CZ25: =SUM(CT25:CY25) -> 0 | DA25: 30 | DB25: 11 | DC25: 40 | DD25: 0 | DE25: 0 | DF25: =SUM(DB25:DE25) -> 51 | DG25: 0 | DH25: 0 | DI25: 9 | DJ25: 5 | DK25: 37 | DL25: 0 | DM25: =SUM(DG25:DL25) -> 51 | DN25: 30 | DO25: 0 | DP25: 0 | DQ25: 0 | DR25: 0 | DS25: 0 | DT25: 0 | DU25: 0 | DV25: 0 | DW25: 0 | DX25: 0 | DY25: 0 | DZ25: =SUM(DT25:DY25) -> 0 | EA25: 30 | EB25: 0 | EC25: 0 | ED25: 0 | EE25: 0 | EF25: =SUM(EB25:EE25) -> 0 | EG25: 0 | EH25: 0 | EI25: 0 | EJ25: 0 | EK25: 0 | EL25: 0 | EM25: =SUM(EG25:EL25) -> 0 | EN25: 30 | EO25: 0 | EP25: 0 | EQ25: 0 | ER25: 0 | ES25: =SUM(EO25:ER25) -> 0 | ET25: 0 | EU25: 0 | EV25: 0 | EW25: 0 | EX25: 0 | EY25: 0 | EZ25: =SUM(ET25:EY25) -> 0 | FA25: أمراض الجلد والنسيج الخلوي | FB25: 30 | FC25: =B25+O25+AB25+AO25+BB25+BO25+CB25+CO25+DB25+DO25+EB25+EO25 -> 358 | FD25: =C25+P25+AC25+AP25+BC25+BP25+CC25+CP25+DC25+DP25+EC25+EP25 -> 492 | FE25: =D25+Q25+AD25+AQ25+BD25+BQ25+CD25+CQ25+DD25+DQ25+ED25+EQ25 -> 129 | FF25: =E25+R25+AE25+AR25+BE25+BR25+CE25+CR25+DE25+DR25+EE25+ER25 -> 77 | FG25: =SUM(FC25:FF25) -> 1056 | FH25: =G25+T25+AG25+AT25+BG25+BT25+CG25+CT25+DG25+DT25+EG25+ET25 -> 6 | FI25: =H25+U25+AH25+AU25+BH25+BU25+CH25+CU25+DH25+DU25+EH25+EU25 -> 50 | FJ25: =I25+V25+AI25+AV25+BI25+BV25+CI25+CV25+DI25+DV25+EI25+EV25 -> 120 | FK25: =J25+W25+AJ25+AW25+BJ25+BW25+CJ25+CW25+DJ25+DW25+EJ25+EW25 -> 497 | FL25: =K25+X25+AK25+AX25+BK25+BX25+CK25+CX25+DK25+DX25+EK25+EX25 -> 294 | FM25: =L25+Y25+AL25+AY25+BL25+BY25+CL25+CY25+DL25+DY25+EL25+EY25 -> 89 | FN25: =SUM(FH25:FM25) -> 1056
A26: 31 | B26: 0 | C26: 0 | D26: 0 | E26: 0 | F26: =SUM(B26:E26) -> 0 | G26: 0 | H26: 0 | I26: 0 | J26: 0 | K26: 0 | L26: 0 | M26: =SUM(G26:L26) -> 0 | N26: 31 | O26: 0 | P26: 0 | Q26: 0 | R26: 0 | S26: 0 | T26: 0 | U26: 0 | V26: 0 | W26: 0 | X26: 0 | Y26: 0 | Z26: =SUM(T26:Y26) -> 0 | AA26: 31 | AB26: 0 | AC26: 0 | AD26: 0 | AE26: 0 | AF26: =SUM(AB26:AE26) -> 0 | AG26: 0 | AH26: 0 | AI26: 0 | AJ26: 0 | AK26: 0 | AL26: 0 | AM26: =SUM(AG26:AL26) -> 0 | AN26: 31 | AO26: 264 | AP26: 291 | AQ26: 81 | AR26: 7 | AS26: =SUM(AO26:AR26) -> 643 | AT26: 0 | AU26: 0 | AV26: 44 | AW26: 207 | AX26: 275 | AY26: 117 | AZ26: =SUM(AT26:AY26) -> 643 | BA26: 31 | BB26: 35 | BC26: 72 | BD26: 32 | BE26: 7 | BF26: =SUM(BB26:BE26) -> 146 | BG26: 0 | BH26: 0 | BI26: 23 | BJ26: 83 | BK26: 40 | BL26: 0 | BM26: =SUM(BG26:BL26) -> 146 | BN26: 31 | BO26: 98 | BP26: 154 | BQ26: 48 | BR26: 49 | BS26: 349 | BT26: 46 | BU26: 82 | BV26: 38 | BW26: 84 | BX26: 58 | BY26: 41 | BZ26: =SUM(BT26:BY26) -> 349 | CA26: 31 | CB26: 264 | CC26: 291 | CD26: 81 | CE26: 7 | CF26: =SUM(CB26:CE26) -> 643 | CG26: 0 | CH26: 0 | CI26: 44 | CJ26: 207 | CK26: 275 | CL26: 117 | CM26: =SUM(CG26:CL26) -> 643 | CN26: 31 | CO26: 0 | CP26: 0 | CQ26: 0 | CR26: 0 | CS26: 0 | CT26: 0 | CU26: 0 | CV26: 0 | CW26: 0 | CX26: 0 | CY26: 0 | CZ26: =SUM(CT26:CY26) -> 0 | DA26: 31 | DB26: 14 | DC26: 9 | DD26: 0 | DE26: 0 | DF26: =SUM(DB26:DE26) -> 23 | DG26: 0 | DH26: 0 | DI26: 0 | DJ26: 23 | DK26: 0 | DL26: 0 | DM26: =SUM(DG26:DL26) -> 23 | DN26: 31 | DO26: 0 | DP26: 0 | DQ26: 0 | DR26: 0 | DS26: 0 | DT26: 0 | DU26: 0 | DV26: 0 | DW26: 0 | DX26: 0 | DY26: 0 | DZ26: =SUM(DT26:DY26) -> 0 | EA26: 31 | EB26: 0 | EC26: 0 | ED26: 0 | EE26: 0 | EF26: =SUM(EB26:EE26) -> 0 | EG26: 0 | EH26: 0 | EI26: 0 | EJ26: 0 | EK26: 0 | EL26: 0 | EM26: =SUM(EG26:EL26) -> 0 | EN26: 31 | EO26: 0 | EP26: 0 | EQ26: 0 | ER26: 0 | ES26: =SUM(EO26:ER26) -> 0 | ET26: 0 | EU26: 0 | EV26: 0 | EW26: 0 | EX26: 0 | EY26: 0 | EZ26: =SUM(ET26:EY26) -> 0 | FA26: أمراض الجهاز العضلي والعظمي | FB26: 31 | FC26: =B26+O26+AB26+AO26+BB26+BO26+CB26+CO26+DB26+DO26+EB26+EO26 -> 675 | FD26: =C26+P26+AC26+AP26+BC26+BP26+CC26+CP26+DC26+DP26+EC26+EP26 -> 817 | FE26: =D26+Q26+AD26+AQ26+BD26+BQ26+CD26+CQ26+DD26+DQ26+ED26+EQ26 -> 242 | FF26: =E26+R26+AE26+AR26+BE26+BR26+CE26+CR26+DE26+DR26+EE26+ER26 -> 70 | FG26: =SUM(FC26:FF26) -> 1804 | FH26: =G26+T26+AG26+AT26+BG26+BT26+CG26+CT26+DG26+DT26+EG26+ET26 -> 46 | FI26: =H26+U26+AH26+AU26+BH26+BU26+CH26+CU26+DH26+DU26+EH26+EU26 -> 82 | FJ26: =I26+V26+AI26+AV26+BI26+BV26+CI26+CV26+DI26+DV26+EI26+EV26 -> 149 | FK26: =J26+W26+AJ26+AW26+BJ26+BW26+CJ26+CW26+DJ26+DW26+EJ26+EW26 -> 604 | FL26: =K26+X26+AK26+AX26+BK26+BX26+CK26+CX26+DK26+DX26+EK26+EX26 -> 648 | FM26: =L26+Y26+AL26+AY26+BL26+BY26+CL26+CY26+DL26+DY26+EL26+EY26 -> 275 | FN26: =SUM(FH26:FM26) -> 1804
A27: 32 | B27: 5 | C27: 6 | D27: 0 | E27: 0 | F27: =SUM(B27:E27) -> 11 | G27: 0 | H27: 0 | I27: 11 | J27: 0 | K27: 0 | L27: 0 | M27: =SUM(G27:L27) -> 11 | N27: 32 | O27: 5 | P27: 6 | Q27: 0 | R27: 0 | S27: 13 | T27: 0 | U27: 0 | V27: 12 | W27: 0 | X27: 0 | Y27: 0 | Z27: =SUM(T27:Y27) -> 12 | AA27: 32 | AB27: 0 | AC27: 0 | AD27: 0 | AE27: 0 | AF27: =SUM(AB27:AE27) -> 0 | AG27: 0 | AH27: 0 | AI27: 0 | AJ27: 0 | AK27: 0 | AL27: 0 | AM27: =SUM(AG27:AL27) -> 0 | AN27: 32 | AO27: 18 | AP27: 27 | AQ27: 0 | AR27: 0 | AS27: =SUM(AO27:AR27) -> 45 | AT27: 0 | AU27: 0 | AV27: 13 | AW27: 26 | AX27: 6 | AY27: 0 | AZ27: =SUM(AT27:AY27) -> 45 | BA27: 32 | BB27: 34 | BC27: 54 | BD27: 16 | BE27: 22 | BF27: =SUM(BB27:BE27) -> 126 | BG27: 0 | BH27: 0 | BI27: 10 | BJ27: 75 | BK27: 41 | BL27: 0 | BM27: =SUM(BG27:BL27) -> 126 | BN27: 32 | BO27: 18 | BP27: 47 | BQ27: 0 | BR27: 5 | BS27: 70 | BT27: 0 | BU27: 1 | BV27: 4 | BW27: 38 | BX27: 21 | BY27: 6 | BZ27: =SUM(BT27:BY27) -> 70 | CA27: 32 | CB27: 18 | CC27: 27 | CD27: 0 | CE27: 0 | CF27: =SUM(CB27:CE27) -> 45 | CG27: 0 | CH27: 0 | CI27: 13 | CJ27: 26 | CK27: 6 | CL27: 0 | CM27: =SUM(CG27:CL27) -> 45 | CN27: 32 | CO27: 5 | CP27: 6 | CQ27: 0 | CR27: 0 | CS27: 13 | CT27: 0 | CU27: 0 | CV27: 12 | CW27: 0 | CX27: 0 | CY27: 0 | CZ27: =SUM(CT27:CY27) -> 12 | DA27: 32 | DB27: 19 | DC27: 10 | DD27: 0 | DE27: 0 | DF27: =SUM(DB27:DE27) -> 29 | DG27: 0 | DH27: 0 | DI27: 0 | DJ27: 20 | DK27: 9 | DL27: 0 | DM27: =SUM(DG27:DL27) -> 29 | DN27: 32 | DO27: 5 | DP27: 6 | DQ27: 0 | DR27: 0 | DS27: 11 | DT27: 0 | DU27: 0 | DV27: 11 | DW27: 0 | DX27: 0 | DY27: 0 | DZ27: =SUM(DT27:DY27) -> 11 | EA27: 32 | EB27: 0 | EC27: 0 | ED27: 0 | EE27: 0 | EF27: =SUM(EB27:EE27) -> 0 | EG27: 0 | EH27: 0 | EI27: 0 | EJ27: 0 | EK27: 0 | EL27: 0 | EM27: =SUM(EG27:EL27) -> 0 | EN27: 32 | EO27: 0 | EP27: 0 | EQ27: 0 | ER27: 0 | ES27: =SUM(EO27:ER27) -> 0 | ET27: 0 | EU27: 0 | EV27: 0 | EW27: 0 | EX27: 0 | EY27: 0 | EZ27: =SUM(ET27:EY27) -> 0 | FA27: الأمراض النفسية والعصبية | FB27: 32 | FC27: =B27+O27+AB27+AO27+BB27+BO27+CB27+CO27+DB27+DO27+EB27+EO27 -> 127 | FD27: =C27+P27+AC27+AP27+BC27+BP27+CC27+CP27+DC27+DP27+EC27+EP27 -> 189 | FE27: =D27+Q27+AD27+AQ27+BD27+BQ27+CD27+CQ27+DD27+DQ27+ED27+EQ27 -> 16 | FF27: =E27+R27+AE27+AR27+BE27+BR27+CE27+CR27+DE27+DR27+EE27+ER27 -> 27 | FG27: =SUM(FC27:FF27) -> 359 | FH27: =G27+T27+AG27+AT27+BG27+BT27+CG27+CT27+DG27+DT27+EG27+ET27 -> 0 | FI27: =H27+U27+AH27+AU27+BH27+BU27+CH27+CU27+DH27+DU27+EH27+EU27 -> 1 | FJ27: =I27+V27+AI27+AV27+BI27+BV27+CI27+CV27+DI27+DV27+EI27+EV27 -> 86 | FK27: =J27+W27+AJ27+AW27+BJ27+BW27+CJ27+CW27+DJ27+DW27+EJ27+EW27 -> 185 | FL27: =K27+X27+AK27+AX27+BK27+BX27+CK27+CX27+DK27+DX27+EK27+EX27 -> 83 | FM27: =L27+Y27+AL27+AY27+BL27+BY27+CL27+CY27+DL27+DY27+EL27+EY27 -> 6 | FN27: =SUM(FH27:FM27) -> 361
A28: 33 | B28: 17 | C28: 18 | D28: 0 | E28: 0 | F28: =SUM(B28:E28) -> 35 | G28: 0 | H28: 0 | I28: 30 | J28: 5 | K28: 0 | L28: 0 | M28: =SUM(G28:L28) -> 35 | N28: 33 | O28: 17 | P28: 18 | Q28: 0 | R28: 0 | S28: 30 | T28: 0 | U28: 0 | V28: 25 | W28: 5 | X28: 0 | Y28: 0 | Z28: =SUM(T28:Y28) -> 30 | AA28: 33 | AB28: 0 | AC28: 0 | AD28: 0 | AE28: 0 | AF28: =SUM(AB28:AE28) -> 0 | AG28: 0 | AH28: 0 | AI28: 0 | AJ28: 0 | AK28: 0 | AL28: 0 | AM28: =SUM(AG28:AL28) -> 0 | AN28: 33 | AO28: 6 | AP28: 2 | AQ28: 6 | AR28: 0 | AS28: =SUM(AO28:AR28) -> 14 | AT28: 0 | AU28: 0 | AV28: 2 | AW28: 12 | AX28: 0 | AY28: 0 | AZ28: =SUM(AT28:AY28) -> 14 | BA28: 33 | BB28: 10 | BC28: 7 | BD28: 1 | BE28: 0 | BF28: =SUM(BB28:BE28) -> 18 | BG28: 0 | BH28: 0 | BI28: 0 | BJ28: 15 | BK28: 3 | BL28: 0 | BM28: =SUM(BG28:BL28) -> 18 | BN28: 33 | BO28: 97 | BP28: 96 | BQ28: 23 | BR28: 14 | BS28: 230 | BT28: 2 | BU28: 4 | BV28: 30 | BW28: 97 | BX28: 95 | BY28: 2 | BZ28: =SUM(BT28:BY28) -> 230 | CA28: 33 | CB28: 6 | CC28: 2 | CD28: 6 | CE28: 0 | CF28: =SUM(CB28:CE28) -> 14 | CG28: 0 | CH28: 0 | CI28: 2 | CJ28: 12 | CK28: 0 | CL28: 0 | CM28: =SUM(CG28:CL28) -> 14 | CN28: 33 | CO28: 17 | CP28: 18 | CQ28: 0 | CR28: 0 | CS28: 30 | CT28: 0 | CU28: 0 | CV28: 25 | CW28: 5 | CX28: 0 | CY28: 0 | CZ28: =SUM(CT28:CY28) -> 30 | DA28: 33 | DB28: 10 | DC28: 9 | DD28: 29 | DE28: 10 | DF28: =SUM(DB28:DE28) -> 58 | DG28: 0 | DH28: 0 | DI28: 0 | DJ28: 14 | DK28: 44 | DL28: 0 | DM28: =SUM(DG28:DL28) -> 58 | DN28: 33 | DO28: 17 | DP28: 18 | DQ28: 0 | DR28: 0 | DS28: 35 | DT28: 0 | DU28: 0 | DV28: 30 | DW28: 5 | DX28: 0 | DY28: 0 | DZ28: =SUM(DT28:DY28) -> 35 | EA28: 33 | EB28: 0 | EC28: 0 | ED28: 0 | EE28: 0 | EF28: =SUM(EB28:EE28) -> 0 | EG28: 0 | EH28: 0 | EI28: 0 | EJ28: 0 | EK28: 0 | EL28: 0 | EM28: =SUM(EG28:EL28) -> 0 | EN28: 33 | EO28: 0 | EP28: 0 | EQ28: 0 | ER28: 0 | ES28: =SUM(EO28:ER28) -> 0 | ET28: 0 | EU28: 0 | EV28: 0 | EW28: 0 | EX28: 0 | EY28: 0 | EZ28: =SUM(ET28:EY28) -> 0 | FA28: الإصابات والحوادث والتسممات | FB28: 33 | FC28: =B28+O28+AB28+AO28+BB28+BO28+CB28+CO28+DB28+DO28+EB28+EO28 -> 197 | FD28: =C28+P28+AC28+AP28+BC28+BP28+CC28+CP28+DC28+DP28+EC28+EP28 -> 188 | FE28: =D28+Q28+AD28+AQ28+BD28+BQ28+CD28+CQ28+DD28+DQ28+ED28+EQ28 -> 65 | FF28: =E28+R28+AE28+AR28+BE28+BR28+CE28+CR28+DE28+DR28+EE28+ER28 -> 24 | FG28: =SUM(FC28:FF28) -> 474 | FH28: =G28+T28+AG28+AT28+BG28+BT28+CG28+CT28+DG28+DT28+EG28+ET28 -> 2 | FI28: =H28+U28+AH28+AU28+BH28+BU28+CH28+CU28+DH28+DU28+EH28+EU28 -> 4 | FJ28: =I28+V28+AI28+AV28+BI28+BV28+CI28+CV28+DI28+DV28+EI28+EV28 -> 144 | FK28: =J28+W28+AJ28+AW28+BJ28+BW28+CJ28+CW28+DJ28+DW28+EJ28+EW28 -> 170 | FL28: =K28+X28+AK28+AX28+BK28+BX28+CK28+CX28+DK28+DX28+EK28+EX28 -> 142 | FM28: =L28+Y28+AL28+AY28+BL28+BY28+CL28+CY28+DL28+DY28+EL28+EY28 -> 2 | FN28: =SUM(FH28:FM28) -> 464
A29: 34 | B29: 0 | C29: 0 | D29: 0 | E29: 0 | F29: =SUM(B29:E29) -> 0 | G29: 0 | H29: 0 | I29: 0 | J29: 0 | K29: 0 | L29: 0 | M29: =SUM(G29:L29) -> 0 | N29: 34 | O29: 0 | P29: 0 | Q29: 0 | R29: 0 | S29: 0 | T29: 0 | U29: 0 | V29: 0 | W29: 0 | X29: 0 | Y29: 0 | Z29: =SUM(T29:Y29) -> 0 | AA29: 34 | AB29: 0 | AC29: 0 | AD29: 0 | AE29: 0 | AF29: =SUM(AB29:AE29) -> 0 | AG29: 0 | AH29: 0 | AI29: 0 | AJ29: 0 | AK29: 0 | AL29: 0 | AM29: =SUM(AG29:AL29) -> 0 | AN29: 34 | AO29: 9 | AP29: 18 | AQ29: 0 | AR29: 12 | AS29: =SUM(AO29:AR29) -> 39 | AT29: 0 | AU29: 0 | AV29: 6 | AW29: 29 | AX29: 4 | AY29: 0 | AZ29: =SUM(AT29:AY29) -> 39 | BA29: 34 | BB29: 0 | BC29: 0 | BD29: 0 | BE29: 0 | BF29: =SUM(BB29:BE29) -> 0 | BG29: 0 | BH29: 0 | BI29: 0 | BJ29: 0 | BK29: 0 | BL29: 0 | BM29: =SUM(BG29:BL29) -> 0 | BN29: 34 | BO29: 23 | BP29: 26 | BQ29: 16 | BR29: 19 | BS29: 84 | BT29: 3 | BU29: 15 | BV29: 16 | BW29: 21 | BX29: 27 | BY29: 2 | BZ29: =SUM(BT29:BY29) -> 84 | CA29: 34 | CB29: 9 | CC29: 18 | CD29: 0 | CE29: 12 | CF29: =SUM(CB29:CE29) -> 39 | CG29: 0 | CH29: 0 | CI29: 6 | CJ29: 29 | CK29: 4 | CL29: 0 | CM29: =SUM(CG29:CL29) -> 39 | CN29: 34 | CO29: 0 | CP29: 0 | CQ29: 0 | CR29: 0 | CS29: 0 | CT29: 0 | CU29: 0 | CV29: 0 | CW29: 0 | CX29: 0 | CY29: 0 | CZ29: =SUM(CT29:CY29) -> 0 | DA29: 34 | DB29: 95 | DC29: 85 | DD29: 10 | DE29: 9 | DF29: =SUM(DB29:DE29) -> 199 | DG29: 0 | DH29: 0 | DI29: 9 | DJ29: 81 | DK29: 109 | DL29: 0 | DM29: =SUM(DG29:DL29) -> 199 | DN29: 34 | DO29: 0 | DP29: 0 | DQ29: 0 | DR29: 0 | DS29: 0 | DT29: 0 | DU29: 0 | DV29: 0 | DW29: 0 | DX29: 0 | DY29: 0 | DZ29: =SUM(DT29:DY29) -> 0 | EA29: 34 | EB29: 0 | EC29: 0 | ED29: 0 | EE29: 0 | EF29: =SUM(EB29:EE29) -> 0 | EG29: 0 | EH29: 0 | EI29: 0 | EJ29: 0 | EK29: 0 | EL29: 0 | EM29: =SUM(EG29:EL29) -> 0 | EN29: 34 | EO29: 0 | EP29: 0 | EQ29: 0 | ER29: 0 | ES29: =SUM(EO29:ER29) -> 0 | ET29: 0 | EU29: 0 | EV29: 0 | EW29: 0 | EX29: 0 | EY29: 0 | EZ29: =SUM(ET29:EY29) -> 0 | FA29: الحروق | FB29: 34 | FC29: =B29+O29+AB29+AO29+BB29+BO29+CB29+CO29+DB29+DO29+EB29+EO29 -> 136 | FD29: =C29+P29+AC29+AP29+BC29+BP29+CC29+CP29+DC29+DP29+EC29+EP29 -> 147 | FE29: =D29+Q29+AD29+AQ29+BD29+BQ29+CD29+CQ29+DD29+DQ29+ED29+EQ29 -> 26 | FF29: =E29+R29+AE29+AR29+BE29+BR29+CE29+CR29+DE29+DR29+EE29+ER29 -> 52 | FG29: =SUM(FC29:FF29) -> 361 | FH29: =G29+T29+AG29+AT29+BG29+BT29+CG29+CT29+DG29+DT29+EG29+ET29 -> 3 | FI29: =H29+U29+AH29+AU29+BH29+BU29+CH29+CU29+DH29+DU29+EH29+EU29 -> 15 | FJ29: =I29+V29+AI29+AV29+BI29+BV29+CI29+CV29+DI29+DV29+EI29+EV29 -> 37 | FK29: =J29+W29+AJ29+AW29+BJ29+BW29+CJ29+CW29+DJ29+DW29+EJ29+EW29 -> 160 | FL29: =K29+X29+AK29+AX29+BK29+BX29+CK29+CX29+DK29+DX29+EK29+EX29 -> 144 | FM29: =L29+Y29+AL29+AY29+BL29+BY29+CL29+CY29+DL29+DY29+EL29+EY29 -> 2 | FN29: =SUM(FH29:FM29) -> 361
A30: 35 | B30: 680 | C30: 702 | D30: 0 | E30: 0 | F30: =SUM(B30:E30) -> 1382 | G30: 50 | H30: 90 | I30: 154 | J30: 888 | K30: 200 | L30: 0 | M30: =SUM(G30:L30) -> 1382 | N30: 35 | O30: 680 | P30: 690 | Q30: 0 | R30: 0 | S30: 1382 | T30: 50 | U30: 90 | V30: 150 | W30: 820 | X30: 200 | Y30: 0 | Z30: =SUM(T30:Y30) -> 1310 | AA30: 35 | AB30: 0 | AC30: 0 | AD30: 0 | AE30: 0 | AF30: =SUM(AB30:AE30) -> 0 | AG30: 0 | AH30: 0 | AI30: 0 | AJ30: 0 | AK30: 0 | AL30: 0 | AM30: =SUM(AG30:AL30) -> 0 | AN30: 35 | AO30: 42 | AP30: 61 | AQ30: 4 | AR30: 1 | AS30: =SUM(AO30:AR30) -> 108 | AT30: 0 | AU30: 12 | AV30: 52 | AW30: 37 | AX30: 7 | AY30: 0 | AZ30: =SUM(AT30:AY30) -> 108 | BA30: 35 | BB30: 25 | BC30: 25 | BD30: 70 | BE30: 0 | BF30: =SUM(BB30:BE30) -> 120 | BG30: 1 | BH30: 10 | BI30: 0 | BJ30: 63 | BK30: 46 | BL30: 0 | BM30: =SUM(BG30:BL30) -> 120 | BN30: 35 | BO30: 46 | BP30: 98 | BQ30: 47 | BR30: 33 | BS30: 224 | BT30: 73 | BU30: 20 | BV30: 14 | BW30: 39 | BX30: 59 | BY30: 19 | BZ30: =SUM(BT30:BY30) -> 224 | CA30: 35 | CB30: 42 | CC30: 61 | CD30: 4 | CE30: 1 | CF30: =SUM(CB30:CE30) -> 108 | CG30: 0 | CH30: 12 | CI30: 52 | CJ30: 37 | CK30: 7 | CL30: 0 | CM30: =SUM(CG30:CL30) -> 108 | CN30: 35 | CO30: 680 | CP30: 690 | CQ30: 0 | CR30: 0 | CS30: 1382 | CT30: 50 | CU30: 90 | CV30: 150 | CW30: 820 | CX30: 200 | CY30: 0 | CZ30: =SUM(CT30:CY30) -> 1310 | DA30: 35 | DB30: 100 | DC30: 196 | DD30: 25 | DE30: 14 | DF30: =SUM(DB30:DE30) -> 335 | DG30: 0 | DH30: 0 | DI30: 0 | DJ30: 200 | DK30: 135 | DL30: 0 | DM30: =SUM(DG30:DL30) -> 335 | DN30: 35 | DO30: 680 | DP30: 702 | DQ30: 0 | DR30: 0 | DS30: 1382 | DT30: 50 | DU30: 90 | DV30: 154 | DW30: 888 | DX30: 200 | DY30: 0 | DZ30: =SUM(DT30:DY30) -> 1382 | EA30: 35 | EB30: 0 | EC30: 0 | ED30: 0 | EE30: 0 | EF30: =SUM(EB30:EE30) -> 0 | EG30: 0 | EH30: 0 | EI30: 0 | EJ30: 0 | EK30: 0 | EL30: 0 | EM30: =SUM(EG30:EL30) -> 0 | EN30: 35 | EO30: 0 | EP30: 0 | EQ30: 0 | ER30: 0 | ES30: =SUM(EO30:ER30) -> 0 | ET30: 0 | EU30: 0 | EV30: 0 | EW30: 0 | EX30: 0 | EY30: 0 | EZ30: =SUM(ET30:EY30) -> 0 | FA30: أمراض الإسهال | FB30: 35 | FC30: =B30+O30+AB30+AO30+BB30+BO30+CB30+CO30+DB30+DO30+EB30+EO30 -> 2975 | FD30: =C30+P30+AC30+AP30+BC30+BP30+CC30+CP30+DC30+DP30+EC30+EP30 -> 3225 | FE30: =D30+Q30+AD30+AQ30+BD30+BQ30+CD30+CQ30+DD30+DQ30+ED30+EQ30 -> 150 | FF30: =E30+R30+AE30+AR30+BE30+BR30+CE30+CR30+DE30+DR30+EE30+ER30 -> 49 | FG30: =SUM(FC30:FF30) -> 6399 | FH30: =G30+T30+AG30+AT30+BG30+BT30+CG30+CT30+DG30+DT30+EG30+ET30 -> 274 | FI30: =H30+U30+AH30+AU30+BH30+BU30+CH30+CU30+DH30+DU30+EH30+EU30 -> 414 | FJ30: =I30+V30+AI30+AV30+BI30+BV30+CI30+CV30+DI30+DV30+EI30+EV30 -> 726 | FK30: =J30+W30+AJ30+AW30+BJ30+BW30+CJ30+CW30+DJ30+DW30+EJ30+EW30 -> 3792 | FL30: =K30+X30+AK30+AX30+BK30+BX30+CK30+CX30+DK30+DX30+EK30+EX30 -> 1054 | FM30: =L30+Y30+AL30+AY30+BL30+BY30+CL30+CY30+DL30+DY30+EL30+EY30 -> 19 | FN30: =SUM(FH30:FM30) -> 6279
A31: 36 | B31: 1162 | C31: 1723 | D31: 308 | E31: 301 | F31: =SUM(B31:E31) -> 3494 | G31: 90 | H31: 902 | I31: 1489 | J31: 1000 | K31: 13 | L31: 0 | M31: =SUM(G31:L31) -> 3494 | N31: 36 | O31: 1162 | P31: 1723 | Q31: 308 | R31: 301 | S31: 3494 | T31: 90 | U31: 902 | V31: 1489 | W31: 1000 | X31: 13 | Y31: 0 | Z31: =SUM(T31:Y31) -> 3494 | AA31: 36 | AB31: 0 | AC31: 0 | AD31: 0 | AE31: 0 | AF31: =SUM(AB31:AE31) -> 0 | AG31: 0 | AH31: 0 | AI31: 0 | AJ31: 0 | AK31: 0 | AL31: 0 | AM31: =SUM(AG31:AL31) -> 0 | AN31: 36 | AO31: 840 | AP31: 763 | AQ31: 421 | AR31: 239 | AS31: =SUM(AO31:AR31) -> 2263 | AT31: 92 | AU31: 613 | AV31: 371 | AW31: 883 | AX31: 199 | AY31: 105 | AZ31: =SUM(AT31:AY31) -> 2263 | BA31: 36 | BB31: 10 | BC31: 12 | BD31: 3 | BE31: 4 | BF31: =SUM(BB31:BE31) -> 29 | BG31: 15 | BH31: 2 | BI31: 7 | BJ31: 5 | BK31: 0 | BL31: 0 | BM31: =SUM(BG31:BL31) -> 29 | BN31: 36 | BO31: 192 | BP31: 186 | BQ31: 108 | BR31: 117 | BS31: 603 | BT31: 34 | BU31: 106 | BV31: 165 | BW31: 147 | BX31: 152 | BY31: 18 | BZ31: =SUM(BT31:BY31) -> 622 | CA31: 36 | CB31: 840 | CC31: 763 | CD31: 421 | CE31: 239 | CF31: =SUM(CB31:CE31) -> 2263 | CG31: 92 | CH31: 613 | CI31: 371 | CJ31: 883 | CK31: 199 | CL31: 105 | CM31: =SUM(CG31:CL31) -> 2263 | CN31: 36 | CO31: 1162 | CP31: 1723 | CQ31: 308 | CR31: 301 | CS31: 3494 | CT31: 90 | CU31: 902 | CV31: 1489 | CW31: 1000 | CX31: 13 | CY31: 0 | CZ31: =SUM(CT31:CY31) -> 3494 | DA31: 36 | DB31: 400 | DC31: 340 | DD31: 39 | DE31: 49 | DF31: =SUM(DB31:DE31) -> 828 | DG31: 0 | DH31: 2 | DI31: 122 | DJ31: 384 | DK31: 320 | DL31: 0 | DM31: =SUM(DG31:DL31) -> 828 | DN31: 36 | DO31: 1162 | DP31: 1723 | DQ31: 308 | DR31: 301 | DS31: 3494 | DT31: 90 | DU31: 902 | DV31: 1489 | DW31: 1000 | DX31: 13 | DY31: 0 | DZ31: =SUM(DT31:DY31) -> 3494 | EA31: 36 | EB31: 0 | EC31: 0 | ED31: 0 | EE31: 0 | EF31: =SUM(EB31:EE31) -> 0 | EG31: 0 | EH31: 0 | EI31: 0 | EJ31: 0 | EK31: 0 | EL31: 0 | EM31: =SUM(EG31:EL31) -> 0 | EN31: 36 | EO31: 0 | EP31: 0 | EQ31: 0 | ER31: 0 | ES31: =SUM(EO31:ER31) -> 0 | ET31: 0 | EU31: 0 | EV31: 0 | EW31: 0 | EX31: 0 | EY31: 0 | EZ31: =SUM(ET31:EY31) -> 0 | FA31: أخرى | FB31: 36 | FC31: =B31+O31+AB31+AO31+BB31+BO31+CB31+CO31+DB31+DO31+EB31+EO31 -> 6930 | FD31: =C31+P31+AC31+AP31+BC31+BP31+CC31+CP31+DC31+DP31+EC31+EP31 -> 8956 | FE31: =D31+Q31+AD31+AQ31+BD31+BQ31+CD31+CQ31+DD31+DQ31+ED31+EQ31 -> 2224 | FF31: =E31+R31+AE31+AR31+BE31+BR31+CE31+CR31+DE31+DR31+EE31+ER31 -> 1852 | FG31: =SUM(FC31:FF31) -> 19962 | FH31: =G31+T31+AG31+AT31+BG31+BT31+CG31+CT31+DG31+DT31+EG31+ET31 -> 593 | FI31: =H31+U31+AH31+AU31+BH31+BU31+CH31+CU31+DH31+DU31+EH31+EU31 -> 4944 | FJ31: =I31+V31+AI31+AV31+BI31+BV31+CI31+CV31+DI31+DV31+EI31+EV31 -> 6992 | FK31: =J31+W31+AJ31+AW31+BJ31+BW31+CJ31+CW31+DJ31+DW31+EJ31+EW31 -> 6302 | FL31: =K31+X31+AK31+AX31+BK31+BX31+CK31+CX31+DK31+DX31+EK31+EX31 -> 922 | FM31: =L31+Y31+AL31+AY31+BL31+BY31+CL31+CY31+DL31+DY31+EL31+EY31 -> 228 | FN31: =SUM(FH31:FM31) -> 19981
A32: المجموع | B32: =SUM(B6:B31) -> 2111 | C32: =SUM(C6:C31) -> 2698 | D32: =SUM(D6:D31) -> 308 | E32: =SUM(E6:E31) -> 301 | F32: =SUM(F6:F31) -> 5418 | G32: =SUM(G6:G31) -> 142 | H32: =SUM(H6:H31) -> 1006 | I32: =SUM(I6:I31) -> 1714 | ... L32: =SUM(L6:L31) -> 0 | N32: المجموع | O32: =SUM(O6:O31) -> 2122 | P32: =SUM(P6:P31) -> 2680 | Q32: =SUM(Q6:Q31) -> 308 | R32: =SUM(R6:R31) -> 301 | S32: =SUM(S6:S31) -> 5415 | T32: =SUM(T6:T31) -> 142 | U32: =SUM(U6:U31) -> 1006 | V32: =SUM(V6:V31) -> 1706 | ... Y32: =SUM(Y6:Y31) -> 0 | AA32: المجموع | AB32: =SUM(AB6:AB31) -> 0 | AC32: =SUM(AC6:AC31) -> 0 | AD32: =SUM(AD6:AD31) -> 0 | AE32: =SUM(AE6:AE31) -> 0 | AF32: =SUM(AF6:AF31) -> 0 | AG32: =SUM(AG6:AG31) -> 0 | AH32: =SUM(AH6:AH31) -> 0 | AI32: =SUM(AI6:AI31) -> 0 | ... AL32: =SUM(AL6:AL31) -> 0 | AN32: المجموع | AO32: =SUM(AO6:AO31) -> 2829 | AP32: =SUM(AP6:AP31) -> 2911 | AQ32: =SUM(AQ6:AQ31) -> 857 | AR32: =SUM(AR6:AR31) -> 377 | AS32: =SUM(AS6:AS31) -> 6974 | AT32: =SUM(AT6:AT31) -> 108 | AU32: =SUM(AU6:AU31) -> 822 | AV32: =SUM(AV6:AV31) -> 1116 | ... AY32: =SUM(AY6:AY31) -> 613 | BA32: المجموع | BB32: =SUM(BB6:BB31) -> 1188 | BC32: =SUM(BC6:BC31) -> 1174 | BD32: =SUM(BD6:BD31) -> 408 | BE32: =SUM(BE6:BE31) -> 223 | BF32: =SUM(BF6:BF31) -> 2993 | BG32: =SUM(BG6:BG31) -> 16 | BH32: =SUM(BH6:BH31) -> 18 | BI32: =SUM(BI6:BI31) -> 539 | ... BL32: =SUM(BL6:BL31) -> 282 | BN32: المجموع | BO32: =SUM(BO6:BO31) -> 2857 | BP32: =SUM(BP6:BP31) -> 3349 | BQ32: =SUM(BQ6:BQ31) -> 635 | BR32: =SUM(BR6:BR31) -> 695 | BS32: =SUM(BS6:BS31) -> 7536 | BT32: =SUM(BT6:BT31) -> 632 | BU32: =SUM(BU6:BU31) -> 1344 | BV32: =SUM(BV6:BV31) -> 1303 | ... BY32: =SUM(BY6:BY31) -> 752 | CA32: المجموع | CB32: =SUM(CB6:CB31) -> 2829 | CC32: =SUM(CC6:CC31) -> 2911 | CD32: =SUM(CD6:CD31) -> 857 | CE32: =SUM(CE6:CE31) -> 377 | CF32: =SUM(CF6:CF31) -> 6974 | CG32: =SUM(CG6:CG31) -> 108 | CH32: =SUM(CH6:CH31) -> 822 | CI32: =SUM(CI6:CI31) -> 1116 | ... CL32: =SUM(CL6:CL31) -> 613 | CN32: المجموع | CO32: =SUM(CO6:CO31) -> 2098 | CP32: =SUM(CP6:CP31) -> 2686 | CQ32: =SUM(CQ6:CQ31) -> 308 | CR32: =SUM(CR6:CR31) -> 301 | CS32: =SUM(CS6:CS31) -> 5415 | CT32: =SUM(CT6:CT31) -> 142 | CU32: =SUM(CU6:CU31) -> 1006 | CV32: =SUM(CV6:CV31) -> 1706 | ... CY32: =SUM(CY6:CY31) -> 0 | DA32: المجموع | DB32: =SUM(DB6:DB31) -> 1290 | DC32: =SUM(DC6:DC31) -> 1224 | DD32: =SUM(DD6:DD31) -> 313 | DE32: =SUM(DE6:DE31) -> 181 | DF32: =SUM(DF6:DF31) -> 3008 | DG32: =SUM(DG6:DG31) -> 0 | DH32: =SUM(DH6:DH31) -> 7 | DI32: =SUM(DI6:DI31) -> 202 | ... DL32: =SUM(DL6:DL31) -> 56 | DN32: المجموع | DO32: =SUM(DO6:DO31) -> 2111 | DP32: =SUM(DP6:DP31) -> 2698 | DQ32: =SUM(DQ6:DQ31) -> 308 | DR32: =SUM(DR6:DR31) -> 301 | DS32: =SUM(DS6:DS31) -> 5418 | DT32: =SUM(DT6:DT31) -> 142 | DU32: =SUM(DU6:DU31) -> 1006 | DV32: =SUM(DV6:DV31) -> 1714 | ... DY32: =SUM(DY6:DY31) -> 0 | EA32: المجموع | EB32: =SUM(EB6:EB31) -> 0 | EC32: =SUM(EC6:EC31) -> 0 | ED32: =SUM(ED6:ED31) -> 0 | EE32: =SUM(EE6:EE31) -> 0 | EF32: =SUM(EF6:EF31) -> 0 | EG32: =SUM(EG6:EG31) -> 0 | EH32: =SUM(EH6:EH31) -> 0 | EI32: =SUM(EI6:EI31) -> 0 | ... EL32: =SUM(EL6:EL31) -> 0 | EN32: المجموع | EO32: =SUM(EO6:EO31) -> 0 | EP32: =SUM(EP6:EP31) -> 0 | EQ32: =SUM(EQ6:EQ31) -> 0 | ER32: =SUM(ER6:ER31) -> 0 | ES32: =SUM(ES6:ES31) -> 0 | ET32: =SUM(ET6:ET31) -> 0 | EU32: =SUM(EU6:EU31) -> 0 | EV32: =SUM(EV6:EV31) -> 0 | ... EY32: =SUM(EY6:EY31) -> 0 | FA32: المجموع | FC32: =SUM(FC6:FC31) -> 19435 | FD32: =SUM(FD6:FD31) -> 22331 | FE32: =SUM(FE6:FE31) -> 4302 | FF32: =SUM(FF6:FF31) -> 3057 | FG32: =SUM(FG6:FG31) -> 49125 | FH32: =SUM(FH6:FH31) -> 1432 | FI32: =SUM(FI6:FI31) -> 7037 | FJ32: =SUM(FJ6:FJ31) -> 11116 | ... FM32: =SUM(FM6:FM31) -> 2316
B33: =SUM(B32:C32) -> 4809 | D33: =SUM(D32:E32) -> 609 | G33: =SUM(G32:I32) -> 2862 | J33: =SUM(J32:L32) -> 2556 | O33: =SUM(O32:P32) -> 4802 | Q33: =SUM(Q32:R32) -> 609 | T33: =SUM(T32:V32) -> 2854 | W33: =SUM(W32:Y32) -> 2488 | AB33: =SUM(AB32:AC32) -> 0 | AD33: =SUM(AD32:AE32) -> 0 | AG33: =SUM(AG32:AI32) -> 0 | AJ33: =SUM(AJ32:AL32) -> 0 | AO33: =SUM(AO32:AP32) -> 5740 | AQ33: =SUM(AQ32:AR32) -> 1234 | AT33: =SUM(AT32:AV32) -> 2046 | AW33: =SUM(AW32:AY32) -> 4928 | BB33: =SUM(BB32:BC32) -> 2362 | BD33: =SUM(BD32:BE32) -> 631 | BG33: =SUM(BG32:BI32) -> 573 | BJ33: =SUM(BJ32:BL32) -> 2420 | BO33: =SUM(BO32:BP32) -> 6206 | BQ33: =SUM(BQ32:BR32) -> 1330 | BT33: =SUM(BT32:BV32) -> 3279 | BW33: =SUM(BW32:BY32) -> 4276 | CB33: =SUM(CB32:CC32) -> 5740 | CD33: =SUM(CD32:CE32) -> 1234 | CG33: =SUM(CG32:CI32) -> 2046 | CJ33: =SUM(CJ32:CL32) -> 4928 | CO33: =SUM(CO32:CP32) -> 4784 | CQ33: =SUM(CQ32:CR32) -> 609 | CT33: =SUM(CT32:CV32) -> 2854 | CW33: =SUM(CW32:CY32) -> 2488 | DB33: =SUM(DB32:DC32) -> 2514 | DD33: =SUM(DD32:DE32) -> 494 | DG33: =SUM(DG32:DI32) -> 209 | DJ33: =SUM(DJ32:DL32) -> 2799 | DO33: =SUM(DO32:DP32) -> 4809 | DQ33: =SUM(DQ32:DR32) -> 609 | DT33: =SUM(DT32:DV32) -> 2862 | DW33: =SUM(DW32:DY32) -> 2556 | EB33: =SUM(EB32:EC32) -> 0 | ED33: =SUM(ED32:EE32) -> 0 | EG33: =SUM(EG32:EI32) -> 0 | EJ33: =SUM(EJ32:EL32) -> 0 | EO33: =SUM(EO32:EP32) -> 0 | EQ33: =SUM(EQ32:ER32) -> 0 | ET33: =SUM(ET32:EV32) -> 0 | EW33: =SUM(EW32:EY32) -> 0 | FC33: =SUM(FC32:FF32) -> 49125 | FH33: =SUM(FH32:FM32) -> 49024
B34: =SUM(B33:E33) -> 5418 | G34: =SUM(G32:L32) -> 5418 | O34: =SUM(O33:R33) -> 5411 | T34: =SUM(T32:Y32) -> 5342 | AB34: =SUM(AB33:AE33) -> 0 | AG34: =SUM(AG32:AL32) -> 0 | AO34: =SUM(AO33:AR33) -> 6974 | AT34: =SUM(AT32:AY32) -> 6974 | BB34: =SUM(BB33:BE33) -> 2993 | BG34: =SUM(BG32:BL32) -> 2993 | BO34: =SUM(BO33:BR33) -> 7536 | BT34: =SUM(BT32:BY32) -> 7555 | CB34: =SUM(CB33:CE33) -> 6974 | CG34: =SUM(CG32:CL32) -> 6974 | CO34: =SUM(CO33:CR33) -> 5393 | CT34: =SUM(CT32:CY32) -> 5342 | DB34: =SUM(DB33:DE33) -> 3008 | DG34: =SUM(DG32:DL32) -> 3008 | DO34: =SUM(DO33:DR33) -> 5418 | DT34: =SUM(DT32:DY32) -> 5418 | EB34: =SUM(EB33:EE33) -> 0 | EG34: =SUM(EG32:EL32) -> 0 | EO34: =SUM(EO33:ER33) -> 0 | ET34: =SUM(ET32:EY32) -> 0 | FA34: محمد الزهراني | FC34: ذكور | FD34: =SUM(FC32+FE32) -> 23737 | FE34: إناث | FF34: =SUM(FD32+FF32) -> 25388 | FM34: مركز المعلومات والاحصاء الطبي بإدارة الرعاية الصحية الأولية
B35: الجامعة | I35: =SUM(I2) -> 1447 | K35: هـ | O35: الجامعة | V35: =SUM(V2) -> 1447 | X35: هـ | AB35: الجامعة | AI35: =SUM(AI2) -> 1447 | AK35: هـ | AO35: الجامعة | AV35: =SUM(AV2) -> 1447 | AX35: هـ | BB35: الجامعة | BI35: =SUM(BI2) -> 1447 | BK35: هـ | BO35: الجامعة | BV35: =SUM(BV2) -> 1447 | BX35: هـ | CB35: الجامعة | CI35: =SUM(CI2) -> 1447 | CK35: هـ | CO35: الجامعة | CV35: =SUM(CV2) -> 1447 | CX35: هـ | DB35: الجامعة | DI35: =SUM(DI2) -> 1447 | DK35: هـ | DO35: الجامعة | DV35: =SUM(DV2) -> 1447 | DX35: هـ | EB35: الجامعة | EI35: =SUM(EI2) -> 1447 | EK35: هـ | EO35: الجامعة | EV35: =SUM(EV2) -> 1447 | EX35: هـ | FB35: =AN35 -> 0 | FC35: =(EO35) -> الجامعة | FE35: الأمراض الشائعة في الرعاية الصحية الأولية ( ترددات ) | FK35: إجمالي عام | FM35: =SUM(EV35) -> 1447
A36: الرقم | B36: الجنسية والجنس | F36: المجموع | G36: العمر بالسنين | N36: الرقم | O36: الجنسية والجنس | S36: المجموع | T36: العمر بالسنين | AA36: الرقم | AB36: الجنسية والجنس | AF36: المجموع | AG36: العمر بالسنين | AN36: الرقم | AO36: الجنسية والجنس | AS36: المجموع | AT36: العمر بالسنين | BA36: الرقم | BB36: الجنسية والجنس | BF36: المجموع | BG36: العمر بالسنين | BN36: الرقم | BO36: الجنسية والجنس | BS36: المجموع | BT36: العمر بالسنين | CA36: الرقم | CB36: الجنسية والجنس | CF36: المجموع | CG36: العمر بالسنين | CN36: الرقم | CO36: الجنسية والجنس | CS36: المجموع | CT36: العمر بالسنين | DA36: الرقم | DB36: الجنسية والجنس | DF36: المجموع | DG36: العمر بالسنين | DN36: الرقم | DO36: الجنسية والجنس | DS36: المجموع | DT36: العمر بالسنين | EA36: الرقم | EB36: الجنسية والجنس | EF36: المجموع | EG36: العمر بالسنين | EN36: الرقم | EO36: الجنسية والجنس | ES36: المجموع | ET36: العمر بالسنين | FA36: المرض | FB36: الرقم | FC36: الجنسية والجنس | FG36: المجموع | FH36: العمر بالسنين
A37: الكودي | B37: سعودي | D37: غير سعودي | G37: 1< | H37: 5<:1 | I37: 15<:5 | J37: 45<15 | K37: 60<:45 | L37: أكثر من60 | N37: الكودي | O37: سعودي | Q37: غير سعودي | T37: 1< | U37: 5<:1 | V37: 15<:5 | W37: 45<15 | X37: 60<:45 | Y37: أكثر من60 | AA37: الكودي | AB37: سعودي | AD37: غير سعودي | AG37: 1< | AH37: 5<:1 | AI37: 15<:5 | AJ37: 45<15 | AK37: 60<:45 | AL37: أكثر من60 | AN37: الكودي | AO37: سعودي | AQ37: غير سعودي | AT37: 1< | AU37: 5<:1 | AV37: 15<:5 | AW37: 45<15 | AX37: 60<:45 | AY37: أكثر من60 | BA37: الكودي | BB37: سعودي | BD37: غير سعودي | BG37: 1< | BH37: 5<:1 | BI37: 15<:5 | BJ37: 45<15 | BK37: 60<:45 | BL37: أكثر من60 | BN37: الكودي | BO37: سعودي | BQ37: غير سعودي | BT37: 1< | BU37: 5<:1 | BV37: 15<:5 | BW37: 45<15 | BX37: 60<:45 | BY37: أكثر من60 | CA37: الكودي | CB37: سعودي | CD37: غير سعودي | CG37: 1< | CH37: 5<:1 | CI37: 15<:5 | CJ37: 45<15 | CK37: 60<:45 | CL37: أكثر من60 | CN37: الكودي | CO37: سعودي | CQ37: غير سعودي | CT37: 1< | CU37: 5<:1 | CV37: 15<:5 | CW37: 45<15 | CX37: 60<:45 | CY37: أكثر من60 | DA37: الكودي | DB37: سعودي | DD37: غير سعودي | DG37: 1< | DH37: 5<:1 | DI37: 15<:5 | DJ37: 45<15 | DK37: 60<:45 | DL37: أكثر من60 | DN37: الكودي | DO37: سعودي | DQ37: غير سعودي | DT37: 1< | DU37: 5<:1 | DV37: 15<:5 | DW37: 45<15 | DX37: 60<:45 | DY37: أكثر من60 | EA37: الكودي | EB37: سعودي | ED37: غير سعودي | EG37: 1< | EH37: 5<:1 | EI37: 15<:5 | EJ37: 45<15 | EK37: 60<:45 | EL37: أكثر من60 | EN37: الكودي | EO37: سعودي | EQ37: غير سعودي | ET37: 1< | EU37: 5<:1 | EV37: 15<:5 | EW37: 45<15 | EX37: 60<:45 | EY37: أكثر من60 | FB37: الكودي | FC37: سعودي | FE37: غير سعودي | FH37: 1< | FI37: 5<:1 | FJ37: 15<:5 | FK37: 45<15 | FL37: 60<:45 | FM37: أكثر من60
B38: ذكر | C38: أنثى | D38: ذكر | E38: أنثى | O38: ذكر | P38: أنثى | Q38: ذكر | R38: أنثى | AB38: ذكر | AC38: أنثى | AD38: ذكر | AE38: أنثى | AO38: ذكر | AP38: أنثى | AQ38: ذكر | AR38: أنثى | BB38: ذكر | BC38: أنثى | BD38: ذكر | BE38: أنثى | BO38: ذكر | BP38: أنثى | BQ38: ذكر | BR38: أنثى | CB38: ذكر | CC38: أنثى | CD38: ذكر | CE38: أنثى | CO38: ذكر | CP38: أنثى | CQ38: ذكر | CR38: أنثى | DB38: ذكر | DC38: أنثى | DD38: ذكر | DE38: أنثى | DO38: ذكر | DP38: أنثى | DQ38: ذكر | DR38: أنثى | EB38: ذكر | EC38: أنثى | ED38: ذكر | EE38: أنثى | EO38: ذكر | EP38: أنثى | EQ38: ذكر | ER38: أنثى | FC38: ذكر | FD38: أنثى | FE38: ذكر | FF38: أنثى
A39: 11 | B39: 2 | C39: 2 | D39: 0 | E39: 0 | F39: =SUM(B39:E39) -> 4 | G39: 1 | H39: 2 | I39: 1 | J39: 0 | K39: 0 | L39: 0 | M39: =SUM(G39:L39) -> 4 | N39: 11 | O39: 2 | P39: 1 | Q39: 0 | R39: 0 | S39: 3 | T39: 0 | U39: 3 | V39: 0 | W39: 0 | X39: 0 | Y39: 0 | Z39: =SUM(T39:Y39) -> 3 | AA39: 11 | AB39: 7 | AC39: 7 | AD39: 0 | AE39: 0 | AF39: 14 | AG39: 0 | AH39: 0 | AI39: 10 | AJ39: 4 | AK39: 0 | AL39: 0 | AM39: =SUM(AG39:AL39) -> 14 | AN39: 11 | AO39: 6 | AP39: 5 | AQ39: 1 | AR39: 0 | AS39: =SUM(AO39:AR39) -> 12 | AT39: 1 | AU39: 6 | AV39: 5 | AW39: 0 | AX39: 0 | AY39: 0 | AZ39: =SUM(AT39:AY39) -> 12 | BA39: 11 | BB39: 2 | BC39: 1 | BD39: 0 | BE39: 0 | BF39: =SUM(BB39:BE39) -> 3 | BG39: 0 | BH39: 0 | BI39: 3 | BJ39: 0 | BK39: 0 | BL39: 0 | BM39: =SUM(BG39:BL39) -> 3 | BN39: 11 | BO39: 0 | BP39: 0 | BQ39: 0 | BR39: 0 | BS39: =SUM(BO39:BR39) -> 0 | BT39: 0 | BU39: 0 | BV39: 0 | BW39: 0 | BX39: 0 | BY39: 0 | BZ39: =SUM(BT39:BY39) -> 0 | CA39: 11 | CB39: 6 | CC39: 5 | CD39: 1 | CE39: 0 | CF39: =SUM(CB39:CE39) -> 12 | CG39: 1 | CH39: 6 | CI39: 5 | CJ39: 0 | CK39: 0 | CL39: 0 | CM39: =SUM(CG39:CL39) -> 12 | CN39: 11 | CO39: 3 | CP39: 1 | CQ39: 0 | CR39: 0 | CS39: =SUM(CO39:CR39) -> 4 | CT39: 0 | CU39: 4 | CV39: 0 | CW39: 0 | CX39: 0 | CY39: 0 | CZ39: =SUM(CT39:CY39) -> 4 | DA39: 11 | DB39: 0 | DC39: 1 | DD39: 0 | DE39: 0 | DF39: =SUM(DB39:DE39) -> 1 | DG39: 0 | DH39: 1 | DI39: 0 | DJ39: 0 | DK39: 0 | DL39: 0 | DM39: =SUM(DG39:DL39) -> 1 | DN39: 11 | DO39: 0 | DP39: 0 | DQ39: 0 | DR39: 0 | DS39: =SUM(DO39:DR39) -> 0 | DT39: 0 | DU39: 0 | DV39: 0 | DW39: 0 | DX39: 0 | DY39: 0 | DZ39: =SUM(DT39:DY39) -> 0 | EA39: 11 | EB39: 0 | EC39: 0 | ED39: 0 | EE39: 0 | EF39: =SUM(EB39:EE39) -> 0 | EG39: 0 | EH39: 0 | EI39: 0 | EJ39: 0 | EK39: 0 | EL39: 0 | EM39: =SUM(EG39:EL39) -> 0 | EN39: 11 | EO39: 0 | EP39: 0 | EQ39: 0 | ER39: 0 | ES39: =SUM(EO39:ER39) -> 0 | ET39: 0 | EU39: 0 | EV39: 0 | EW39: 0 | EX39: 0 | EY39: 0 | EZ39: =SUM(ET39:EY39) -> 0 | FA39: الأمراض الطفيلية والمعدية | FB39: 11 | FC39: =B39+O39+AB39+AO39+BB39+BO39+CB39+CO39+DB39+DO39+EB39+EO39 -> 28 | FD39: =C39+P39+AC39+AP39+BC39+BP39+CC39+CP39+DC39+DP39+EC39+EP39 -> 23 | FE39: =D39+Q39+AD39+AQ39+BD39+BQ39+CD39+CQ39+DD39+DQ39+ED39+EQ39 -> 2 | FF39: =E39+R39+AE39+AR39+BE39+BR39+CE39+CR39+DE39+DR39+EE39+ER39 -> 0 | FG39: =SUM(FC39:FF39) -> 53 | FH39: =G39+T39+AG39+AT39+BG39+BT39+CG39+CT39+DG39+DT39+EG39+ET39 -> 3 | FI39: =H39+U39+AH39+AU39+BH39+BU39+CH39+CU39+DH39+DU39+EH39+EU39 -> 22 | FJ39: =I39+V39+AI39+AV39+BI39+BV39+CI39+CV39+DI39+DV39+EI39+EV39 -> 24 | FK39: =J39+W39+AJ39+AW39+BJ39+BW39+CJ39+CW39+DJ39+DW39+EJ39+EW39 -> 4 | FL39: =K39+X39+AK39+AX39+BK39+BX39+CK39+CX39+DK39+DX39+EK39+EX39 -> 0 | FM39: =L39+Y39+AL39+AY39+BL39+BY39+CL39+CY39+DL39+DY39+EL39+EY39 -> 0 | FN39: =SUM(FH39:FM39) -> 53
A40: 12 | B40: 2 | C40: 3 | D40: 0 | E40: 0 | F40: =SUM(B40:E40) -> 5 | G40: 0 | H40: 3 | I40: 2 | J40: 0 | K40: 0 | L40: 0 | M40: =SUM(G40:L40) -> 5 | N40: 12 | O40: 0 | P40: 3 | Q40: 0 | R40: 1 | S40: 4 | T40: 0 | U40: 0 | V40: 1 | W40: 2 | X40: 1 | Y40: 0 | Z40: =SUM(T40:Y40) -> 4 | AA40: 12 | AB40: 5 | AC40: 11 | AD40: 5 | AE40: 0 | AF40: 21 | AG40: 0 | AH40: 10 | AI40: 0 | AJ40: 8 | AK40: 3 | AL40: 0 | AM40: =SUM(AG40:AL40) -> 21 | AN40: 12 | AO40: 3 | AP40: 1 | AQ40: 0 | AR40: 2 | AS40: =SUM(AO40:AR40) -> 6 | AT40: 0 | AU40: 6 | AV40: 0 | AW40: 0 | AX40: 0 | AY40: 0 | AZ40: =SUM(AT40:AY40) -> 6 | BA40: 12 | BB40: 1 | BC40: 5 | BD40: 0 | BE40: 1 | BF40: =SUM(BB40:BE40) -> 7 | BG40: 0 | BH40: 5 | BI40: 2 | BJ40: 0 | BK40: 0 | BL40: 0 | BM40: =SUM(BG40:BL40) -> 7 | BN40: 12 | BO40: 0 | BP40: 0 | BQ40: 0 | BR40: 0 | BS40: =SUM(BO40:BR40) -> 0 | BT40: 0 | BU40: 0 | BV40: 0 | BW40: 0 | BX40: 0 | BY40: 0 | BZ40: =SUM(BT40:BY40) -> 0 | CA40: 12 | CB40: 3 | CC40: 1 | CD40: 0 | CE40: 2 | CF40: =SUM(CB40:CE40) -> 6 | CG40: 0 | CH40: 6 | CI40: 0 | CJ40: 0 | CK40: 0 | CL40: 0 | CM40: =SUM(CG40:CL40) -> 6 | CN40: 12 | CO40: 2 | CP40: 3 | CQ40: 1 | CR40: 0 | CS40: =SUM(CO40:CR40) -> 6 | CT40: 1 | CU40: 4 | CV40: 1 | CW40: 0 | CX40: 0 | CY40: 0 | CZ40: =SUM(CT40:CY40) -> 6 | DA40: 12 | DB40: 0 | DC40: 1 | DD40: 0 | DE40: 0 | DF40: =SUM(DB40:DE40) -> 1 | DG40: 0 | DH40: 1 | DI40: 0 | DJ40: 0 | DK40: 0 | DL40: 0 | DM40: =SUM(DG40:DL40) -> 1 | DN40: 12 | DO40: 0 | DP40: 0 | DQ40: 0 | DR40: 0 | DS40: =SUM(DO40:DR40) -> 0 | DT40: 0 | DU40: 0 | DV40: 0 | DW40: 0 | DX40: 0 | DY40: 0 | DZ40: =SUM(DT40:DY40) -> 0 | EA40: 12 | EB40: 0 | EC40: 0 | ED40: 0 | EE40: 0 | EF40: =SUM(EB40:EE40) -> 0 | EG40: 0 | EH40: 0 | EI40: 0 | EJ40: 0 | EK40: 0 | EL40: 0 | EM40: =SUM(EG40:EL40) -> 0 | EN40: 12 | EO40: 0 | EP40: 0 | EQ40: 0 | ER40: 0 | ES40: =SUM(EO40:ER40) -> 0 | ET40: 0 | EU40: 0 | EV40: 0 | EW40: 0 | EX40: 0 | EY40: 0 | EZ40: =SUM(ET40:EY40) -> 0 | FA40: الديدان المعوية | FB40: 12 | FC40: =B40+O40+AB40+AO40+BB40+BO40+CB40+CO40+DB40+DO40+EB40+EO40 -> 16 | FD40: =C40+P40+AC40+AP40+BC40+BP40+CC40+CP40+DC40+DP40+EC40+EP40 -> 28 | FE40: =D40+Q40+AD40+AQ40+BD40+BQ40+CD40+CQ40+DD40+DQ40+ED40+EQ40 -> 6 | FF40: =E40+R40+AE40+AR40+BE40+BR40+CE40+CR40+DE40+DR40+EE40+ER40 -> 6 | FG40: =SUM(FC40:FF40) -> 56 | FH40: =G40+T40+AG40+AT40+BG40+BT40+CG40+CT40+DG40+DT40+EG40+ET40 -> 1 | FI40: =H40+U40+AH40+AU40+BH40+BU40+CH40+CU40+DH40+DU40+EH40+EU40 -> 35 | FJ40: =I40+V40+AI40+AV40+BI40+BV40+CI40+CV40+DI40+DV40+EI40+EV40 -> 6 | FK40: =J40+W40+AJ40+AW40+BJ40+BW40+CJ40+CW40+DJ40+DW40+EJ40+EW40 -> 10 | FL40: =K40+X40+AK40+AX40+BK40+BX40+CK40+CX40+DK40+DX40+EK40+EX40 -> 4 | FM40: =L40+Y40+AL40+AY40+BL40+BY40+CL40+CY40+DL40+DY40+EL40+EY40 -> 0 | FN40: =SUM(FH40:FM40) -> 56
A41: 13 | B41: 156 | C41: 85 | D41: 78 | E41: 56 | F41: =SUM(B41:E41) -> 375 | G41: 0 | H41: 0 | I41: 0 | J41: 94 | K41: 142 | L41: 139 | M41: =SUM(G41:L41) -> 375 | N41: 13 | O41: 75 | P41: 63 | Q41: 51 | R41: 46 | S41: 235 | T41: 0 | U41: 0 | V41: 30 | W41: 104 | X41: 95 | Y41: 6 | Z41: =SUM(T41:Y41) -> 235 | AA41: 13 | AB41: 162 | AC41: 48 | AD41: 55 | AE41: 35 | AF41: 300 | AG41: 0 | AH41: 0 | AI41: 0 | AJ41: 102 | AK41: 125 | AL41: 73 | AM41: =SUM(AG41:AL41) -> 300 | AN41: 13 | AO41: 135 | AP41: 72 | AQ41: 55 | AR41: 68 | AS41: =SUM(AO41:AR41) -> 330 | AT41: 0 | AU41: 0 | AV41: 3 | AW41: 105 | AX41: 119 | AY41: 103 | AZ41: =SUM(AT41:AY41) -> 330 | BA41: 13 | BB41: 76 | BC41: 68 | BD41: 56 | BE41: 45 | BF41: =SUM(BB41:BE41) -> 245 | BG41: 0 | BH41: 0 | BI41: 0 | BJ41: 105 | BK41: 97 | BL41: 43 | BM41: =SUM(BG41:BL41) -> 245 | BN41: 13 | BO41: 0 | BP41: 0 | BQ41: 0 | BR41: 0 | BS41: =SUM(BO41:BR41) -> 0 | BT41: 0 | BU41: 0 | BV41: 0 | BW41: 0 | BX41: 0 | BY41: 0 | BZ41: =SUM(BT41:BY41) -> 0 | CA41: 13 | CB41: 135 | CC41: 72 | CD41: 55 | CE41: 68 | CF41: =SUM(CB41:CE41) -> 330 | CG41: 0 | CH41: 0 | CI41: 3 | CJ41: 105 | CK41: 119 | CL41: 103 | CM41: =SUM(CG41:CL41) -> 330 | CN41: 13 | CO41: 135 | CP41: 72 | CQ41: 55 | CR41: 68 | CS41: =SUM(CO41:CR41) -> 330 | CT41: 0 | CU41: 0 | CV41: 5 | CW41: 43 | CX41: 185 | CY41: 97 | CZ41: =SUM(CT41:CY41) -> 330 | DA41: 13 | DB41: 85 | DC41: 93 | DD41: 9 | DE41: 5 | DF41: =SUM(DB41:DE41) -> 192 | DG41: 0 | DH41: 0 | DI41: 0 | DJ41: 40 | DK41: 99 | DL41: 53 | DM41: =SUM(DG41:DL41) -> 192 | DN41: 13 | DO41: 0 | DP41: 0 | DQ41: 0 | DR41: 0 | DS41: =SUM(DO41:DR41) -> 0 | DT41: 0 | DU41: 0 | DV41: 0 | DW41: 0 | DX41: 0 | DY41: 0 | DZ41: =SUM(DT41:DY41) -> 0 | EA41: 13 | EB41: 0 | EC41: 0 | ED41: 0 | EE41: 0 | EF41: =SUM(EB41:EE41) -> 0 | EG41: 0 | EH41: 0 | EI41: 0 | EJ41: 0 | EK41: 0 | EL41: 0 | EM41: =SUM(EG41:EL41) -> 0 | EN41: 13 | EO41: 0 | EP41: 0 | EQ41: 0 | ER41: 0 | ES41: =SUM(EO41:ER41) -> 0 | ET41: 0 | EU41: 0 | EV41: 0 | EW41: 0 | EX41: 0 | EY41: 0 | EZ41: =SUM(ET41:EY41) -> 0 | FA41: مرض السكري | FB41: 13 | FC41: =B41+O41+AB41+AO41+BB41+BO41+CB41+CO41+DB41+DO41+EB41+EO41 -> 959 | FD41: =C41+P41+AC41+AP41+BC41+BP41+CC41+CP41+DC41+DP41+EC41+EP41 -> 573 | FE41: =D41+Q41+AD41+AQ41+BD41+BQ41+CD41+CQ41+DD41+DQ41+ED41+EQ41 -> 414 | FF41: =E41+R41+AE41+AR41+BE41+BR41+CE41+CR41+DE41+DR41+EE41+ER41 -> 391 | FG41: =SUM(FC41:FF41) -> 2337 | FH41: =G41+T41+AG41+AT41+BG41+BT41+CG41+CT41+DG41+DT41+EG41+ET41 -> 0 | FI41: =H41+U41+AH41+AU41+BH41+BU41+CH41+CU41+DH41+DU41+EH41+EU41 -> 0 | FJ41: =I41+V41+AI41+AV41+BI41+BV41+CI41+CV41+DI41+DV41+EI41+EV41 -> 41 | FK41: =J41+W41+AJ41+AW41+BJ41+BW41+CJ41+CW41+DJ41+DW41+EJ41+EW41 -> 698 | FL41: =K41+X41+AK41+AX41+BK41+BX41+CK41+CX41+DK41+DX41+EK41+EX41 -> 981 | FM41: =L41+Y41+AL41+AY41+BL41+BY41+CL41+CY41+DL41+DY41+EL41+EY41 -> 617 | FN41: =SUM(FH41:FM41) -> 2337
A42: 14 | B42: 2 | C42: 1 | D42: 0 | E42: 0 | F42: =SUM(B42:E42) -> 3 | G42: 0 | H42: 0 | I42: 0 | J42: 0 | K42: 0 | L42: 3 | M42: =SUM(G42:L42) -> 3 | N42: 14 | O42: 23 | P42: 12 | Q42: 9 | R42: 3 | S42: 47 | T42: 0 | U42: 0 | V42: 0 | W42: 19 | X42: 18 | Y42: 10 | Z42: =SUM(T42:Y42) -> 47 | AA42: 14 | AB42: 4 | AC42: 5 | AD42: 2 | AE42: 3 | AF42: 14 | AG42: 0 | AH42: 0 | AI42: 0 | AJ42: 14 | AK42: 0 | AL42: 0 | AM42: =SUM(AG42:AL42) -> 14 | AN42: 14 | AO42: 2 | AP42: 4 | AQ42: 0 | AR42: 0 | AS42: =SUM(AO42:AR42) -> 6 | AT42: 0 | AU42: 0 | AV42: 0 | AW42: 4 | AX42: 2 | AY42: 0 | AZ42: =SUM(AT42:AY42) -> 6 | BA42: 14 | BB42: 5 | BC42: 14 | BD42: 2 | BE42: 0 | BF42: =SUM(BB42:BE42) -> 21 | BG42: 0 | BH42: 0 | BI42: 0 | BJ42: 9 | BK42: 3 | BL42: 9 | BM42: =SUM(BG42:BL42) -> 21 | BN42: 14 | BO42: 0 | BP42: 0 | BQ42: 0 | BR42: 0 | BS42: =SUM(BO42:BR42) -> 0 | BT42: 0 | BU42: 0 | BV42: 0 | BW42: 0 | BX42: 0 | BY42: 0 | BZ42: =SUM(BT42:BY42) -> 0 | CA42: 14 | CB42: 2 | CC42: 4 | CD42: 0 | CE42: 0 | CF42: =SUM(CB42:CE42) -> 6 | CG42: 0 | CH42: 0 | CI42: 0 | CJ42: 4 | CK42: 2 | CL42: 0 | CM42: =SUM(CG42:CL42) -> 6 | CN42: 14 | CO42: 2 | CP42: 0 | CQ42: 0 | CR42: 0 | CS42: =SUM(CO42:CR42) -> 2 | CT42: 0 | CU42: 0 | CV42: 0 | CW42: 1 | CX42: 1 | CY42: 0 | CZ42: =SUM(CT42:CY42) -> 2 | DA42: 14 | DB42: 1 | DC42: 3 | DD42: 2 | DE42: 1 | DF42: =SUM(DB42:DE42) -> 7 | DG42: 0 | DH42: 0 | DI42: 0 | DJ42: 5 | DK42: 1 | DL42: 1 | DM42: =SUM(DG42:DL42) -> 7 | DN42: 14 | DO42: 0 | DP42: 0 | DQ42: 0 | DR42: 0 | DS42: =SUM(DO42:DR42) -> 0 | DT42: 0 | DU42: 0 | DV42: 0 | DW42: 0 | DX42: 0 | DY42: 0 | DZ42: =SUM(DT42:DY42) -> 0 | EA42: 14 | EB42: 0 | EC42: 0 | ED42: 0 | EE42: 0 | EF42: =SUM(EB42:EE42) -> 0 | EG42: 0 | EH42: 0 | EI42: 0 | EJ42: 0 | EK42: 0 | EL42: 0 | EM42: =SUM(EG42:EL42) -> 0 | EN42: 14 | EO42: 0 | EP42: 0 | EQ42: 0 | ER42: 0 | ES42: =SUM(EO42:ER42) -> 0 | ET42: 0 | EU42: 0 | EV42: 0 | EW42: 0 | EX42: 0 | EY42: 0 | EZ42: =SUM(ET42:EY42) -> 0 | FA42: أمراض الدم والجهاز المناعي | FB42: 14 | FC42: =B42+O42+AB42+AO42+BB42+BO42+CB42+CO42+DB42+DO42+EB42+EO42 -> 41 | FD42: =C42+P42+AC42+AP42+BC42+BP42+CC42+CP42+DC42+DP42+EC42+EP42 -> 43 | FE42: =D42+Q42+AD42+AQ42+BD42+BQ42+CD42+CQ42+DD42+DQ42+ED42+EQ42 -> 15 | FF42: =E42+R42+AE42+AR42+BE42+BR42+CE42+CR42+DE42+DR42+EE42+ER42 -> 7 | FG42: =SUM(FC42:FF42) -> 106 | FH42: =G42+T42+AG42+AT42+BG42+BT42+CG42+CT42+DG42+DT42+EG42+ET42 -> 0 | FI42: =H42+U42+AH42+AU42+BH42+BU42+CH42+CU42+DH42+DU42+EH42+EU42 -> 0 | FJ42: =I42+V42+AI42+AV42+BI42+BV42+CI42+CV42+DI42+DV42+EI42+EV42 -> 0 | FK42: =J42+W42+AJ42+AW42+BJ42+BW42+CJ42+CW42+DJ42+DW42+EJ42+EW42 -> 56 | FL42: =K42+X42+AK42+AX42+BK42+BX42+CK42+CX42+DK42+DX42+EK42+EX42 -> 27 | FM42: =L42+Y42+AL42+AY42+BL42+BY42+CL42+CY42+DL42+DY42+EL42+EY42 -> 23 | FN42: =SUM(FH42:FM42) -> 106
A43: 15 | B43: 99 | C43: 39 | D43: 75 | E43: 52 | F43: =SUM(B43:E43) -> 265 | G43: 0 | H43: 0 | I43: 2 | J43: 22 | K43: 148 | L43: 93 | M43: =SUM(G43:L43) -> 265 | N43: 15 | O43: 69 | P43: 43 | Q43: 51 | R43: 23 | S43: 186 | T43: 0 | U43: 0 | V43: 0 | W43: 64 | X43: 105 | Y43: 17 | Z43: =SUM(T43:Y43) -> 186 | AA43: 15 | AB43: 102 | AC43: 53 | AD43: 59 | AE43: 34 | AF43: 248 | AG43: 0 | AH43: 0 | AI43: 0 | AJ43: 30 | AK43: 116 | AL43: 102 | AM43: =SUM(AG43:AL43) -> 248 | AN43: 15 | AO43: 75 | AP43: 33 | AQ43: 61 | AR43: 43 | AS43: =SUM(AO43:AR43) -> 212 | AT43: 0 | AU43: 0 | AV43: 0 | AW43: 59 | AX43: 87 | AY43: 66 | AZ43: =SUM(AT43:AY43) -> 212 | BA43: 15 | BB43: 61 | BC43: 58 | BD43: 42 | BE43: 27 | BF43: =SUM(BB43:BE43) -> 188 | BG43: 0 | BH43: 0 | BI43: 0 | BJ43: 85 | BK43: 45 | BL43: 58 | BM43: =SUM(BG43:BL43) -> 188 | BN43: 15 | BO43: 0 | BP43: 0 | BQ43: 0 | BR43: 0 | BS43: =SUM(BO43:BR43) -> 0 | BT43: 0 | BU43: 0 | BV43: 0 | BW43: 0 | BX43: 0 | BY43: 0 | BZ43: =SUM(BT43:BY43) -> 0 | CA43: 15 | CB43: 75 | CC43: 33 | CD43: 61 | CE43: 43 | CF43: =SUM(CB43:CE43) -> 212 | CG43: 0 | CH43: 0 | CI43: 0 | CJ43: 59 | CK43: 87 | CL43: 66 | CM43: =SUM(CG43:CL43) -> 212 | CN43: 15 | CO43: 75 | CP43: 33 | CQ43: 61 | CR43: 34 | CS43: =SUM(CO43:CR43) -> 203 | CT43: 0 | CU43: 0 | CV43: 0 | CW43: 8 | CX43: 89 | CY43: 106 | CZ43: =SUM(CT43:CY43) -> 203 | DA43: 15 | DB43: 49 | DC43: 38 | DD43: 13 | DE43: 8 | DF43: =SUM(DB43:DE43) -> 108 | DG43: 0 | DH43: 0 | DI43: 0 | DJ43: 47 | DK43: 40 | DL43: 21 | DM43: =SUM(DG43:DL43) -> 108 | DN43: 15 | DO43: 0 | DP43: 0 | DQ43: 0 | DR43: 0 | DS43: =SUM(DO43:DR43) -> 0 | DT43: 0 | DU43: 0 | DV43: 0 | DW43: 0 | DX43: 0 | DY43: 0 | DZ43: =SUM(DT43:DY43) -> 0 | EA43: 15 | EB43: 0 | EC43: 0 | ED43: 0 | EE43: 0 | EF43: =SUM(EB43:EE43) -> 0 | EG43: 0 | EH43: 0 | EI43: 0 | EJ43: 0 | EK43: 0 | EL43: 0 | EM43: =SUM(EG43:EL43) -> 0 | EN43: 15 | EO43: 0 | EP43: 0 | EQ43: 0 | ER43: 0 | ES43: =SUM(EO43:ER43) -> 0 | ET43: 0 | EU43: 0 | EV43: 0 | EW43: 0 | EX43: 0 | EY43: 0 | EZ43: =SUM(ET43:EY43) -> 0 | FA43: ضغط الدم المرتفع | FB43: 15 | FC43: =B43+O43+AB43+AO43+BB43+BO43+CB43+CO43+DB43+DO43+EB43+EO43 -> 605 | FD43: =C43+P43+AC43+AP43+BC43+BP43+CC43+CP43+DC43+DP43+EC43+EP43 -> 330 | FE43: =D43+Q43+AD43+AQ43+BD43+BQ43+CD43+CQ43+DD43+DQ43+ED43+EQ43 -> 423 | FF43: =E43+R43+AE43+AR43+BE43+BR43+CE43+CR43+DE43+DR43+EE43+ER43 -> 264 | FG43: =SUM(FC43:FF43) -> 1622 | FH43: =G43+T43+AG43+AT43+BG43+BT43+CG43+CT43+DG43+DT43+EG43+ET43 -> 0 | FI43: =H43+U43+AH43+AU43+BH43+BU43+CH43+CU43+DH43+DU43+EH43+EU43 -> 0 | FJ43: =I43+V43+AI43+AV43+BI43+BV43+CI43+CV43+DI43+DV43+EI43+EV43 -> 2 | FK43: =J43+W43+AJ43+AW43+BJ43+BW43+CJ43+CW43+DJ43+DW43+EJ43+EW43 -> 374 | FL43: =K43+X43+AK43+AX43+BK43+BX43+CK43+CX43+DK43+DX43+EK43+EX43 -> 717 | FM43: =L43+Y43+AL43+AY43+BL43+BY43+CL43+CY43+DL43+DY43+EL43+EY43 -> 529 | FN43: =SUM(FH43:FM43) -> 1622
A44: 16 | B44: 32 | C44: 29 | D44: 5 | E44: 1 | F44: =SUM(B44:E44) -> 67 | G44: 0 | H44: 0 | I44: 0 | J44: 1 | K44: 21 | L44: 45 | M44: =SUM(G44:L44) -> 67 | N44: 16 | O44: 19 | P44: 27 | Q44: 3 | R44: 5 | S44: 54 | T44: 0 | U44: 0 | V44: 0 | W44: 25 | X44: 18 | Y44: 11 | Z44: =SUM(T44:Y44) -> 54 | AA44: 16 | AB44: 88 | AC44: 81 | AD44: 2 | AE44: 6 | AF44: 177 | AG44: 4 | AH44: 40 | AI44: 89 | AJ44: 31 | AK44: 11 | AL44: 2 | AM44: =SUM(AG44:AL44) -> 177 | AN44: 16 | AO44: 24 | AP44: 36 | AQ44: 5 | AR44: 4 | AS44: =SUM(AO44:AR44) -> 69 | AT44: 0 | AU44: 0 | AV44: 0 | AW44: 0 | AX44: 53 | AY44: 16 | AZ44: =SUM(AT44:AY44) -> 69 | BA44: 16 | BB44: 5 | BC44: 6 | BD44: 2 | BE44: 3 | BF44: =SUM(BB44:BE44) -> 16 | BG44: 0 | BH44: 0 | BI44: 0 | BJ44: 0 | BK44: 6 | BL44: 10 | BM44: =SUM(BG44:BL44) -> 16 | BN44: 16 | BO44: 0 | BP44: 0 | BQ44: 0 | BR44: 0 | BS44: =SUM(BO44:BR44) -> 0 | BT44: 0 | BU44: 0 | BV44: 0 | BW44: 0 | BX44: 0 | BY44: 0 | BZ44: =SUM(BT44:BY44) -> 0 | CA44: 16 | CB44: 24 | CC44: 36 | CD44: 5 | CE44: 4 | CF44: =SUM(CB44:CE44) -> 69 | CG44: 0 | CH44: 0 | CI44: 0 | CJ44: 0 | CK44: 53 | CL44: 16 | CM44: =SUM(CG44:CL44) -> 69 | CN44: 16 | CO44: 3 | CP44: 9 | CQ44: 0 | CR44: 0 | CS44: =SUM(CO44:CR44) -> 12 | CT44: 0 | CU44: 0 | CV44: 0 | CW44: 0 | CX44: 0 | CY44: 12 | CZ44: =SUM(CT44:CY44) -> 12 | DA44: 16 | DB44: 2 | DC44: 4 | DD44: 0 | DE44: 2 | DF44: =SUM(DB44:DE44) -> 8 | DG44: 0 | DH44: 0 | DI44: 0 | DJ44: 0 | DK44: 8 | DL44: 0 | DM44: =SUM(DG44:DL44) -> 8 | DN44: 16 | DO44: 0 | DP44: 0 | DQ44: 0 | DR44: 0 | DS44: =SUM(DO44:DR44) -> 0 | DT44: 0 | DU44: 0 | DV44: 0 | DW44: 0 | DX44: 0 | DY44: 0 | DZ44: =SUM(DT44:DY44) -> 0 | EA44: 16 | EB44: 0 | EC44: 0 | ED44: 0 | EE44: 0 | EF44: =SUM(EB44:EE44) -> 0 | EG44: 0 | EH44: 0 | EI44: 0 | EJ44: 0 | EK44: 0 | EL44: 0 | EM44: =SUM(EG44:EL44) -> 0 | EN44: 16 | EO44: 0 | EP44: 0 | EQ44: 0 | ER44: 0 | ES44: =SUM(EO44:ER44) -> 0 | ET44: 0 | EU44: 0 | EV44: 0 | EW44: 0 | EX44: 0 | EY44: 0 | EZ44: =SUM(ET44:EY44) -> 0 | FA44: أمراض القلب والأوعية الدموية | FB44: 16 | FC44: =B44+O44+AB44+AO44+BB44+BO44+CB44+CO44+DB44+DO44+EB44+EO44 -> 197 | FD44: =C44+P44+AC44+AP44+BC44+BP44+CC44+CP44+DC44+DP44+EC44+EP44 -> 228 | FE44: =D44+Q44+AD44+AQ44+BD44+BQ44+CD44+CQ44+DD44+DQ44+ED44+EQ44 -> 22 | FF44: =E44+R44+AE44+AR44+BE44+BR44+CE44+CR44+DE44+DR44+EE44+ER44 -> 25 | FG44: =SUM(FC44:FF44) -> 472 | FH44: =G44+T44+AG44+AT44+BG44+BT44+CG44+CT44+DG44+DT44+EG44+ET44 -> 4 | FI44: =H44+U44+AH44+AU44+BH44+BU44+CH44+CU44+DH44+DU44+EH44+EU44 -> 40 | FJ44: =I44+V44+AI44+AV44+BI44+BV44+CI44+CV44+DI44+DV44+EI44+EV44 -> 89 | FK44: =J44+W44+AJ44+AW44+BJ44+BW44+CJ44+CW44+DJ44+DW44+EJ44+EW44 -> 57 | FL44: =K44+X44+AK44+AX44+BK44+BX44+CK44+CX44+DK44+DX44+EK44+EX44 -> 170 | FM44: =L44+Y44+AL44+AY44+BL44+BY44+CL44+CY44+DL44+DY44+EL44+EY44 -> 112 | FN44: =SUM(FH44:FM44) -> 472
A45: 17 | B45: 54 | C45: 37 | D45: 3 | E45: 0 | F45: =SUM(B45:E45) -> 94 | G45: 2 | H45: 4 | I45: 13 | J45: 16 | K45: 39 | L45: 20 | M45: =SUM(G45:L45) -> 94 | N45: 17 | O45: 32 | P45: 54 | Q45: 9 | R45: 8 | S45: 103 | T45: 0 | U45: 3 | V45: 12 | W45: 49 | X45: 27 | Y45: 12 | Z45: =SUM(T45:Y45) -> 103 | AA45: 17 | AB45: 50 | AC45: 37 | AD45: 3 | AE45: 1 | AF45: 91 | AG45: 11 | AH45: 14 | AI45: 35 | AJ45: 3 | AK45: 25 | AL45: 0 | AM45: =SUM(AG45:AL45) -> 88 | AN45: 17 | AO45: 51 | AP45: 96 | AQ45: 3 | AR45: 2 | AS45: =SUM(AO45:AR45) -> 152 | AT45: 4 | AU45: 9 | AV45: 15 | AW45: 52 | AX45: 64 | AY45: 8 | AZ45: =SUM(AT45:AY45) -> 152 | BA45: 17 | BB45: 56 | BC45: 42 | BD45: 2 | BE45: 1 | BF45: =SUM(BB45:BE45) -> 101 | BG45: 9 | BH45: 25 | BI45: 17 | BJ45: 19 | BK45: 15 | BL45: 16 | BM45: =SUM(BG45:BL45) -> 101 | BN45: 17 | BO45: 0 | BP45: 0 | BQ45: 0 | BR45: 0 | BS45: =SUM(BO45:BR45) -> 0 | BT45: 0 | BU45: 0 | BV45: 0 | BW45: 0 | BX45: 0 | BY45: 0 | BZ45: =SUM(BT45:BY45) -> 0 | CA45: 17 | CB45: 51 | CC45: 96 | CD45: 3 | CE45: 2 | CF45: =SUM(CB45:CE45) -> 152 | CG45: 4 | CH45: 9 | CI45: 15 | CJ45: 52 | CK45: 64 | CL45: 8 | CM45: =SUM(CG45:CL45) -> 152 | CN45: 17 | CO45: 48 | CP45: 26 | CQ45: 2 | CR45: 1 | CS45: =SUM(CO45:CR45) -> 77 | CT45: 1 | CU45: 2 | CV45: 1 | CW45: 51 | CX45: 14 | CY45: 8 | CZ45: =SUM(CT45:CY45) -> 77 | DA45: 17 | DB45: 31 | DC45: 14 | DD45: 2 | DE45: 2 | DF45: =SUM(DB45:DE45) -> 49 | DG45: 1 | DH45: 3 | DI45: 0 | DJ45: 9 | DK45: 36 | DL45: 0 | DM45: =SUM(DG45:DL45) -> 49 | DN45: 17 | DO45: 0 | DP45: 0 | DQ45: 0 | DR45: 0 | DS45: =SUM(DO45:DR45) -> 0 | DT45: 0 | DU45: 0 | DV45: 0 | DW45: 0 | DX45: 0 | DY45: 0 | DZ45: =SUM(DT45:DY45) -> 0 | EA45: 17 | EB45: 0 | EC45: 0 | ED45: 0 | EE45: 0 | EF45: =SUM(EB45:EE45) -> 0 | EG45: 0 | EH45: 0 | EI45: 0 | EJ45: 0 | EK45: 0 | EL45: 0 | EM45: =SUM(EG45:EL45) -> 0 | EN45: 17 | EO45: 0 | EP45: 0 | EQ45: 0 | ER45: 0 | ES45: =SUM(EO45:ER45) -> 0 | ET45: 0 | EU45: 0 | EV45: 0 | EW45: 0 | EX45: 0 | EY45: 0 | EZ45: =SUM(ET45:EY45) -> 0 | FA45: أمراض العين | FB45: 17 | FC45: =B45+O45+AB45+AO45+BB45+BO45+CB45+CO45+DB45+DO45+EB45+EO45 -> 373 | FD45: =C45+P45+AC45+AP45+BC45+BP45+CC45+CP45+DC45+DP45+EC45+EP45 -> 402 | FE45: =D45+Q45+AD45+AQ45+BD45+BQ45+CD45+CQ45+DD45+DQ45+ED45+EQ45 -> 27 | FF45: =E45+R45+AE45+AR45+BE45+BR45+CE45+CR45+DE45+DR45+EE45+ER45 -> 17 | FG45: =SUM(FC45:FF45) -> 819 | FH45: =G45+T45+AG45+AT45+BG45+BT45+CG45+CT45+DG45+DT45+EG45+ET45 -> 32 | FI45: =H45+U45+AH45+AU45+BH45+BU45+CH45+CU45+DH45+DU45+EH45+EU45 -> 69 | FJ45: =I45+V45+AI45+AV45+BI45+BV45+CI45+CV45+DI45+DV45+EI45+EV45 -> 108 | FK45: =J45+W45+AJ45+AW45+BJ45+BW45+CJ45+CW45+DJ45+DW45+EJ45+EW45 -> 251 | FL45: =K45+X45+AK45+AX45+BK45+BX45+CK45+CX45+DK45+DX45+EK45+EX45 -> 284 | FM45: =L45+Y45+AL45+AY45+BL45+BY45+CL45+CY45+DL45+DY45+EL45+EY45 -> 72 | FN45: =SUM(FH45:FM45) -> 816
A46: 18 | B46: 5 | C46: 0 | D46: 3 | E46: 0 | F46: =SUM(B46:E46) -> 8 | G46: 2 | H46: 5 | I46: 0 | J46: 1 | K46: 0 | L46: 0 | M46: =SUM(G46:L46) -> 8 | N46: 18 | O46: 95 | P46: 45 | Q46: 2 | R46: 1 | S46: 143 | T46: 17 | U46: 22 | V46: 26 | W46: 32 | X46: 27 | Y46: 19 | Z46: =SUM(T46:Y46) -> 143 | AA46: 18 | AB46: 29 | AC46: 59 | AD46: 0 | AE46: 0 | AF46: 88 | AG46: 0 | AH46: 25 | AI46: 35 | AJ46: 26 | AK46: 1 | AL46: 1 | AM46: =SUM(AG46:AL46) -> 88 | AN46: 18 | AO46: 30 | AP46: 45 | AQ46: 2 | AR46: 4 | AS46: =SUM(AO46:AR46) -> 81 | AT46: 2 | AU46: 9 | AV46: 24 | AW46: 13 | AX46: 33 | AY46: 0 | AZ46: =SUM(AT46:AY46) -> 81 | BA46: 18 | BB46: 95 | BC46: 45 | BD46: 2 | BE46: 1 | BF46: =SUM(BB46:BE46) -> 143 | BG46: 17 | BH46: 22 | BI46: 26 | BJ46: 32 | BK46: 27 | BL46: 19 | BM46: =SUM(BG46:BL46) -> 143 | BN46: 18 | BO46: 0 | BP46: 0 | BQ46: 0 | BR46: 0 | BS46: =SUM(BO46:BR46) -> 0 | BT46: 0 | BU46: 0 | BV46: 0 | BW46: 0 | BX46: 0 | BY46: 0 | BZ46: =SUM(BT46:BY46) -> 0 | CA46: 18 | CB46: 30 | CC46: 45 | CD46: 2 | CE46: 4 | CF46: =SUM(CB46:CE46) -> 81 | CG46: 2 | CH46: 9 | CI46: 24 | CJ46: 13 | CK46: 33 | CL46: 0 | CM46: =SUM(CG46:CL46) -> 81 | CN46: 18 | CO46: 2 | CP46: 8 | CQ46: 1 | CR46: 0 | CS46: =SUM(CO46:CR46) -> 11 | CT46: 2 | CU46: 9 | CV46: 0 | CW46: 0 | CX46: 0 | CY46: 0 | CZ46: =SUM(CT46:CY46) -> 11 | DA46: 18 | DB46: 14 | DC46: 11 | DD46: 0 | DE46: 3 | DF46: =SUM(DB46:DE46) -> 28 | DG46: 0 | DH46: 1 | DI46: 13 | DJ46: 12 | DK46: 2 | DL46: 0 | DM46: =SUM(DG46:DL46) -> 28 | DN46: 18 | DO46: 0 | DP46: 0 | DQ46: 0 | DR46: 0 | DS46: =SUM(DO46:DR46) -> 0 | DT46: 0 | DU46: 0 | DV46: 0 | DW46: 0 | DX46: 0 | DY46: 0 | DZ46: =SUM(DT46:DY46) -> 0 | EA46: 18 | EB46: 0 | EC46: 0 | ED46: 0 | EE46: 0 | EF46: =SUM(EB46:EE46) -> 0 | EG46: 0 | EH46: 0 | EI46: 0 | EJ46: 0 | EK46: 0 | EL46: 0 | EM46: =SUM(EG46:EL46) -> 0 | EN46: 18 | EO46: 0 | EP46: 0 | EQ46: 0 | ER46: 0 | ES46: =SUM(EO46:ER46) -> 0 | ET46: 0 | EU46: 0 | EV46: 0 | EW46: 0 | EX46: 0 | EY46: 0 | EZ46: =SUM(ET46:EY46) -> 0 | FA46: أمراض الأذن والماستويد | FB46: 18 | FC46: =B46+O46+AB46+AO46+BB46+BO46+CB46+CO46+DB46+DO46+EB46+EO46 -> 300 | FD46: =C46+P46+AC46+AP46+BC46+BP46+CC46+CP46+DC46+DP46+EC46+EP46 -> 258 | FE46: =D46+Q46+AD46+AQ46+BD46+BQ46+CD46+CQ46+DD46+DQ46+ED46+EQ46 -> 12 | FF46: =E46+R46+AE46+AR46+BE46+BR46+CE46+CR46+DE46+DR46+EE46+ER46 -> 13 | FG46: =SUM(FC46:FF46) -> 583 | FH46: =G46+T46+AG46+AT46+BG46+BT46+CG46+CT46+DG46+DT46+EG46+ET46 -> 42 | FI46: =H46+U46+AH46+AU46+BH46+BU46+CH46+CU46+DH46+DU46+EH46+EU46 -> 102 | FJ46: =I46+V46+AI46+AV46+BI46+BV46+CI46+CV46+DI46+DV46+EI46+EV46 -> 148 | FK46: =J46+W46+AJ46+AW46+BJ46+BW46+CJ46+CW46+DJ46+DW46+EJ46+EW46 -> 129 | FL46: =K46+X46+AK46+AX46+BK46+BX46+CK46+CX46+DK46+DX46+EK46+EX46 -> 123 | FM46: =L46+Y46+AL46+AY46+BL46+BY46+CL46+CY46+DL46+DY46+EL46+EY46 -> 39 | FN46: =SUM(FH46:FM46) -> 583
A47: 19 | B47: 201 | C47: 319 | D47: 3 | E47: 9 | F47: =SUM(B47:E47) -> 532 | G47: 98 | H47: 89 | I47: 120 | J47: 124 | K47: 85 | L47: 16 | M47: =SUM(G47:L47) -> 532 | N47: 19 | O47: 199 | P47: 321 | Q47: 23 | R47: 19 | S47: 562 | T47: 0 | U47: 0 | V47: 54 | W47: 210 | X47: 178 | Y47: 120 | Z47: =SUM(T47:Y47) -> 562 | AA47: 19 | AB47: 619 | AC47: 798 | AD47: 201 | AE47: 210 | AF47: 1828 | AG47: 98 | AH47: 201 | AI47: 520 | AJ47: 221 | AK47: 487 | AL47: 301 | AM47: =SUM(AG47:AL47) -> 1828 | AN47: 19 | AO47: 304 | AP47: 329 | AQ47: 121 | AR47: 91 | AS47: =SUM(AO47:AR47) -> 845 | AT47: 6 | AU47: 54 | AV47: 295 | AW47: 269 | AX47: 221 | AY47: 0 | AZ47: =SUM(AT47:AY47) -> 845 | BA47: 19 | BB47: 199 | BC47: 321 | BD47: 4 | BE47: 2 | BF47: =SUM(BB47:BE47) -> 526 | BG47: 99 | BH47: 89 | BI47: 115 | BJ47: 81 | BK47: 77 | BL47: 65 | BM47: =SUM(BG47:BL47) -> 526 | BN47: 19 | BO47: 0 | BP47: 0 | BQ47: 0 | BR47: 0 | BS47: =SUM(BO47:BR47) -> 0 | BT47: 0 | BU47: 0 | BV47: 0 | BW47: 0 | BX47: 0 | BY47: 0 | BZ47: =SUM(BT47:BY47) -> 0 | CA47: 19 | CB47: 304 | CC47: 329 | CD47: 121 | CE47: 91 | CF47: =SUM(CB47:CE47) -> 845 | CG47: 6 | CH47: 54 | CI47: 295 | CJ47: 269 | CK47: 221 | CL47: 0 | CM47: =SUM(CG47:CL47) -> 845 | CN47: 19 | CO47: 199 | CP47: 321 | CQ47: 15 | CR47: 23 | CS47: =SUM(CO47:CR47) -> 558 | CT47: 5 | CU47: 2 | CV47: 115 | CW47: 87 | CX47: 295 | CY47: 54 | CZ47: =SUM(CT47:CY47) -> 558 | DA47: 19 | DB47: 52 | DC47: 76 | DD47: 4 | DE47: 8 | DF47: =SUM(DB47:DE47) -> 140 | DG47: 0 | DH47: 5 | DI47: 9 | DJ47: 126 | DK47: 0 | DL47: 0 | DM47: =SUM(DG47:DL47) -> 140 | DN47: 19 | DO47: 0 | DP47: 0 | DQ47: 0 | DR47: 0 | DS47: =SUM(DO47:DR47) -> 0 | DT47: 0 | DU47: 0 | DV47: 0 | DW47: 0 | DX47: 0 | DY47: 0 | DZ47: =SUM(DT47:DY47) -> 0 | EA47: 19 | EB47: 0 | EC47: 0 | ED47: 0 | EE47: 0 | EF47: =SUM(EB47:EE47) -> 0 | EG47: 0 | EH47: 0 | EI47: 0 | EJ47: 0 | EK47: 0 | EL47: 0 | EM47: =SUM(EG47:EL47) -> 0 | EN47: 19 | EO47: 0 | EP47: 0 | EQ47: 0 | ER47: 0 | ES47: =SUM(EO47:ER47) -> 0 | ET47: 0 | EU47: 0 | EV47: 0 | EW47: 0 | EX47: 0 | EY47: 0 | EZ47: =SUM(ET47:EY47) -> 0 | FA47: إلتهاب الجهاز التنفسي العلوي | FB47: 19 | FC47: =B47+O47+AB47+AO47+BB47+BO47+CB47+CO47+DB47+DO47+EB47+EO47 -> 2077 | FD47: =C47+P47+AC47+AP47+BC47+BP47+CC47+CP47+DC47+DP47+EC47+EP47 -> 2814 | FE47: =D47+Q47+AD47+AQ47+BD47+BQ47+CD47+CQ47+DD47+DQ47+ED47+EQ47 -> 492 | FF47: =E47+R47+AE47+AR47+BE47+BR47+CE47+CR47+DE47+DR47+EE47+ER47 -> 453 | FG47: =SUM(FC47:FF47) -> 5836 | FH47: =G47+T47+AG47+AT47+BG47+BT47+CG47+CT47+DG47+DT47+EG47+ET47 -> 312 | FI47: =H47+U47+AH47+AU47+BH47+BU47+CH47+CU47+DH47+DU47+EH47+EU47 -> 494 | FJ47: =I47+V47+AI47+AV47+BI47+BV47+CI47+CV47+DI47+DV47+EI47+EV47 -> 1523 | FK47: =J47+W47+AJ47+AW47+BJ47+BW47+CJ47+CW47+DJ47+DW47+EJ47+EW47 -> 1387 | FL47: =K47+X47+AK47+AX47+BK47+BX47+CK47+CX47+DK47+DX47+EK47+EX47 -> 1564 | FM47: =L47+Y47+AL47+AY47+BL47+BY47+CL47+CY47+DL47+DY47+EL47+EY47 -> 556 | FN47: =SUM(FH47:FM47) -> 5836
A48: 20 | B48: 4 | C48: 3 | D48: 3 | E48: 1 | F48: =SUM(B48:E48) -> 11 | G48: 0 | H48: 2 | I48: 0 | J48: 5 | K48: 4 | L48: 0 | M48: =SUM(G48:L48) -> 11 | N48: 20 | O48: 21 | P48: 28 | Q48: 7 | R48: 11 | S48: 67 | T48: 0 | U48: 0 | V48: 2 | W48: 19 | X48: 23 | Y48: 23 | Z48: =SUM(T48:Y48) -> 67 | AA48: 20 | AB48: 10 | AC48: 5 | AD48: 1 | AE48: 2 | AF48: 18 | AG48: 0 | AH48: 10 | AI48: 16 | AJ48: 5 | AK48: 0 | AL48: 0 | AM48: =SUM(AG48:AL48) -> 31 | AN48: 20 | AO48: 25 | AP48: 15 | AQ48: 0 | AR48: 3 | AS48: =SUM(AO48:AR48) -> 43 | AT48: 0 | AU48: 2 | AV48: 0 | AW48: 19 | AX48: 18 | AY48: 4 | AZ48: =SUM(AT48:AY48) -> 43 | BA48: 20 | BB48: 4 | BC48: 3 | BD48: 2 | BE48: 5 | BF48: =SUM(BB48:BE48) -> 14 | BG48: 1 | BH48: 2 | BI48: 5 | BJ48: 4 | BK48: 2 | BL48: 0 | BM48: =SUM(BG48:BL48) -> 14 | BN48: 20 | BO48: 0 | BP48: 0 | BQ48: 0 | BR48: 0 | BS48: =SUM(BO48:BR48) -> 0 | BT48: 0 | BU48: 0 | BV48: 0 | BW48: 0 | BX48: 0 | BY48: 0 | BZ48: =SUM(BT48:BY48) -> 0 | CA48: 20 | CB48: 25 | CC48: 15 | CD48: 0 | CE48: 3 | CF48: =SUM(CB48:CE48) -> 43 | CG48: 0 | CH48: 2 | CI48: 0 | CJ48: 19 | CK48: 18 | CL48: 4 | CM48: =SUM(CG48:CL48) -> 43 | CN48: 20 | CO48: 3 | CP48: 6 | CQ48: 0 | CR48: 0 | CS48: =SUM(CO48:CR48) -> 9 | CT48: 0 | CU48: 0 | CV48: 0 | CW48: 0 | CX48: 0 | CY48: 9 | CZ48: =SUM(CT48:CY48) -> 9 | DA48: 20 | DB48: 13 | DC48: 11 | DD48: 2 | DE48: 0 | DF48: =SUM(DB48:DE48) -> 26 | DG48: 0 | DH48: 0 | DI48: 0 | DJ48: 19 | DK48: 5 | DL48: 2 | DM48: =SUM(DG48:DL48) -> 26 | DN48: 20 | DO48: 0 | DP48: 0 | DQ48: 0 | DR48: 0 | DS48: =SUM(DO48:DR48) -> 0 | DT48: 0 | DU48: 0 | DV48: 0 | DW48: 0 | DX48: 0 | DY48: 0 | DZ48: =SUM(DT48:DY48) -> 0 | EA48: 20 | EB48: 0 | EC48: 0 | ED48: 0 | EE48: 0 | EF48: =SUM(EB48:EE48) -> 0 | EG48: 0 | EH48: 0 | EI48: 0 | EJ48: 0 | EK48: 0 | EL48: 0 | EM48: =SUM(EG48:EL48) -> 0 | EN48: 20 | EO48: 0 | EP48: 0 | EQ48: 0 | ER48: 0 | ES48: =SUM(EO48:ER48) -> 0 | ET48: 0 | EU48: 0 | EV48: 0 | EW48: 0 | EX48: 0 | EY48: 0 | EZ48: =SUM(ET48:EY48) -> 0 | FA48: الإلتهابات الرئوية | FB48: 20 | FC48: =B48+O48+AB48+AO48+BB48+BO48+CB48+CO48+DB48+DO48+EB48+EO48 -> 105 | FD48: =C48+P48+AC48+AP48+BC48+BP48+CC48+CP48+DC48+DP48+EC48+EP48 -> 86 | FE48: =D48+Q48+AD48+AQ48+BD48+BQ48+CD48+CQ48+DD48+DQ48+ED48+EQ48 -> 15 | FF48: =E48+R48+AE48+AR48+BE48+BR48+CE48+CR48+DE48+DR48+EE48+ER48 -> 25 | FG48: =SUM(FC48:FF48) -> 231 | FH48: =G48+T48+AG48+AT48+BG48+BT48+CG48+CT48+DG48+DT48+EG48+ET48 -> 1 | FI48: =H48+U48+AH48+AU48+BH48+BU48+CH48+CU48+DH48+DU48+EH48+EU48 -> 18 | FJ48: =I48+V48+AI48+AV48+BI48+BV48+CI48+CV48+DI48+DV48+EI48+EV48 -> 23 | FK48: =J48+W48+AJ48+AW48+BJ48+BW48+CJ48+CW48+DJ48+DW48+EJ48+EW48 -> 90 | FL48: =K48+X48+AK48+AX48+BK48+BX48+CK48+CX48+DK48+DX48+EK48+EX48 -> 70 | FM48: =L48+Y48+AL48+AY48+BL48+BY48+CL48+CY48+DL48+DY48+EL48+EY48 -> 42 | FN48: =SUM(FH48:FM48) -> 244
A49: 21 | B49: 5 | C49: 2 | D49: 3 | E49: 5 | F49: =SUM(B49:E49) -> 15 | G49: 0 | H49: 3 | I49: 0 | J49: 9 | K49: 3 | L49: 0 | M49: =SUM(G49:L49) -> 15 | N49: 21 | O49: 14 | P49: 21 | Q49: 9 | R49: 14 | S49: 58 | T49: 0 | U49: 12 | V49: 0 | W49: 33 | X49: 9 | Y49: 4 | Z49: =SUM(T49:Y49) -> 58 | AA49: 21 | AB49: 18 | AC49: 12 | AD49: 1 | AE49: 0 | AF49: 31 | AG49: 0 | AH49: 10 | AI49: 16 | AJ49: 5 | AK49: 0 | AL49: 0 | AM49: =SUM(AG49:AL49) -> 31 | AN49: 21 | AO49: 11 | AP49: 2 | AQ49: 0 | AR49: 5 | AS49: =SUM(AO49:AR49) -> 18 | AT49: 0 | AU49: 5 | AV49: 11 | AW49: 0 | AX49: 1 | AY49: 1 | AZ49: =SUM(AT49:AY49) -> 18 | BA49: 21 | BB49: 5 | BC49: 3 | BD49: 5 | BE49: 2 | BF49: =SUM(BB49:BE49) -> 15 | BG49: 1 | BH49: 5 | BI49: 4 | BJ49: 2 | BK49: 2 | BL49: 1 | BM49: =SUM(BG49:BL49) -> 15 | BN49: 21 | BO49: 0 | BP49: 0 | BQ49: 0 | BR49: 0 | BS49: =SUM(BO49:BR49) -> 0 | BT49: 0 | BU49: 0 | BV49: 0 | BW49: 0 | BX49: 0 | BY49: 0 | BZ49: =SUM(BT49:BY49) -> 0 | CA49: 21 | CB49: 11 | CC49: 2 | CD49: 0 | CE49: 5 | CF49: =SUM(CB49:CE49) -> 18 | CG49: 0 | CH49: 5 | CI49: 11 | CJ49: 0 | CK49: 1 | CL49: 1 | CM49: =SUM(CG49:CL49) -> 18 | CN49: 21 | CO49: 14 | CP49: 9 | CQ49: 3 | CR49: 5 | CS49: =SUM(CO49:CR49) -> 31 | CT49: 2 | CU49: 0 | CV49: 5 | CW49: 22 | CX49: 2 | CY49: 0 | CZ49: =SUM(CT49:CY49) -> 31 | DA49: 21 | DB49: 5 | DC49: 7 | DD49: 3 | DE49: 4 | DF49: =SUM(DB49:DE49) -> 19 | DG49: 0 | DH49: 0 | DI49: 4 | DJ49: 10 | DK49: 3 | DL49: 2 | DM49: =SUM(DG49:DL49) -> 19 | DN49: 21 | DO49: 0 | DP49: 0 | DQ49: 0 | DR49: 0 | DS49: =SUM(DO49:DR49) -> 0 | DT49: 0 | DU49: 0 | DV49: 0 | DW49: 0 | DX49: 0 | DY49: 0 | DZ49: =SUM(DT49:DY49) -> 0 | EA49: 21 | EB49: 0 | EC49: 0 | ED49: 0 | EE49: 0 | EF49: =SUM(EB49:EE49) -> 0 | EG49: 0 | EH49: 0 | EI49: 0 | EJ49: 0 | EK49: 0 | EL49: 0 | EM49: =SUM(EG49:EL49) -> 0 | EN49: 21 | EO49: 0 | EP49: 0 | EQ49: 0 | ER49: 0 | ES49: =SUM(EO49:ER49) -> 0 | ET49: 0 | EU49: 0 | EV49: 0 | EW49: 0 | EX49: 0 | EY49: 0 | EZ49: =SUM(ET49:EY49) -> 0 | FA49: الربو | FB49: 21 | FC49: =B49+O49+AB49+AO49+BB49+BO49+CB49+CO49+DB49+DO49+EB49+EO49 -> 83 | FD49: =C49+P49+AC49+AP49+BC49+BP49+CC49+CP49+DC49+DP49+EC49+EP49 -> 58 | FE49: =D49+Q49+AD49+AQ49+BD49+BQ49+CD49+CQ49+DD49+DQ49+ED49+EQ49 -> 24 | FF49: =E49+R49+AE49+AR49+BE49+BR49+CE49+CR49+DE49+DR49+EE49+ER49 -> 40 | FG49: =SUM(FC49:FF49) -> 205 | FH49: =G49+T49+AG49+AT49+BG49+BT49+CG49+CT49+DG49+DT49+EG49+ET49 -> 3 | FI49: =H49+U49+AH49+AU49+BH49+BU49+CH49+CU49+DH49+DU49+EH49+EU49 -> 40 | FJ49: =I49+V49+AI49+AV49+BI49+BV49+CI49+CV49+DI49+DV49+EI49+EV49 -> 51 | FK49: =J49+W49+AJ49+AW49+BJ49+BW49+CJ49+CW49+DJ49+DW49+EJ49+EW49 -> 81 | FL49: =K49+X49+AK49+AX49+BK49+BX49+CK49+CX49+DK49+DX49+EK49+EX49 -> 21 | FM49: =L49+Y49+AL49+AY49+BL49+BY49+CL49+CY49+DL49+DY49+EL49+EY49 -> 9 | FN49: =SUM(FH49:FM49) -> 205
A50: 22 | B50: 107 | C50: 183 | D50: 0 | E50: 0 | F50: =SUM(B50:E50) -> 290 | G50: 0 | H50: 2 | I50: 31 | J50: 79 | K50: 108 | L50: 70 | M50: =SUM(G50:L50) -> 290 | N50: 22 | O50: 113 | P50: 186 | Q50: 0 | R50: 0 | S50: 299 | T50: 0 | U50: 26 | V50: 34 | W50: 87 | X50: 152 | Y50: 0 | Z50: =SUM(T50:Y50) -> 299 | AA50: 22 | AB50: 83 | AC50: 125 | AD50: 0 | AE50: 0 | AF50: 208 | AG50: 0 | AH50: 0 | AI50: 23 | AJ50: 27 | AK50: 60 | AL50: 23 | AM50: =SUM(AG50:AL50) -> 133 | AN50: 22 | AO50: 170 | AP50: 307 | AQ50: 0 | AR50: 0 | AS50: =SUM(AO50:AR50) -> 477 | AT50: 0 | AU50: 43 | AV50: 79 | AW50: 127 | AX50: 228 | AY50: 0 | AZ50: =SUM(AT50:AY50) -> 477 | BA50: 22 | BB50: 77 | BC50: 98 | BD50: 0 | BE50: 0 | BF50: =SUM(BB50:BE50) -> 175 | BG50: 0 | BH50: 5 | BI50: 7 | BJ50: 120 | BK50: 15 | BL50: 28 | BM50: =SUM(BG50:BL50) -> 175 | BN50: 22 | BO50: 0 | BP50: 0 | BQ50: 0 | BR50: 0 | BS50: =SUM(BO50:BR50) -> 0 | BT50: 0 | BU50: 0 | BV50: 0 | BW50: 0 | BX50: 0 | BY50: 0 | BZ50: =SUM(BT50:BY50) -> 0 | CA50: 22 | CB50: 170 | CC50: 307 | CD50: 0 | CE50: 0 | CF50: =SUM(CB50:CE50) -> 477 | CG50: 0 | CH50: 43 | CI50: 79 | CJ50: 127 | CK50: 228 | CL50: 0 | CM50: =SUM(CG50:CL50) -> 477 | CN50: 22 | CO50: 129 | CP50: 213 | CQ50: 0 | CR50: 0 | CS50: =SUM(CO50:CR50) -> 342 | CT50: 0 | CU50: 0 | CV50: 84 | CW50: 85 | CX50: 173 | CY50: 0 | CZ50: =SUM(CT50:CY50) -> 342 | DA50: 22 | DB50: 14 | DC50: 17 | DD50: 0 | DE50: 0 | DF50: =SUM(DB50:DE50) -> 31 | DG50: 0 | DH50: 12 | DI50: 8 | DJ50: 11 | DK50: 0 | DL50: 0 | DM50: =SUM(DG50:DL50) -> 31 | DN50: 22 | DO50: 0 | DP50: 0 | DQ50: 0 | DR50: 0 | DS50: =SUM(DO50:DR50) -> 0 | DT50: 0 | DU50: 0 | DV50: 0 | DW50: 0 | DX50: 0 | DY50: 0 | DZ50: =SUM(DT50:DY50) -> 0 | EA50: 22 | EB50: 0 | EC50: 0 | ED50: 0 | EE50: 0 | EF50: =SUM(EB50:EE50) -> 0 | EG50: 0 | EH50: 0 | EI50: 0 | EJ50: 0 | EK50: 0 | EL50: 0 | EM50: =SUM(EG50:EL50) -> 0 | EN50: 22 | EO50: 0 | EP50: 0 | EQ50: 0 | ER50: 0 | ES50: =SUM(EO50:ER50) -> 0 | ET50: 0 | EU50: 0 | EV50: 0 | EW50: 0 | EX50: 0 | EY50: 0 | EZ50: =SUM(ET50:EY50) -> 0 | FA50: أمراض الفم والأسنان | FB50: 22 | FC50: =B50+O50+AB50+AO50+BB50+BO50+CB50+CO50+DB50+DO50+EB50+EO50 -> 863 | FD50: =C50+P50+AC50+AP50+BC50+BP50+CC50+CP50+DC50+DP50+EC50+EP50 -> 1436 | FE50: =D50+Q50+AD50+AQ50+BD50+BQ50+CD50+CQ50+DD50+DQ50+ED50+EQ50 -> 0 | FF50: =E50+R50+AE50+AR50+BE50+BR50+CE50+CR50+DE50+DR50+EE50+ER50 -> 0 | FG50: =SUM(FC50:FF50) -> 2299 | FH50: =G50+T50+AG50+AT50+BG50+BT50+CG50+CT50+DG50+DT50+EG50+ET50 -> 0 | FI50: =H50+U50+AH50+AU50+BH50+BU50+CH50+CU50+DH50+DU50+EH50+EU50 -> 131 | FJ50: =I50+V50+AI50+AV50+BI50+BV50+CI50+CV50+DI50+DV50+EI50+EV50 -> 345 | FK50: =J50+W50+AJ50+AW50+BJ50+BW50+CJ50+CW50+DJ50+DW50+EJ50+EW50 -> 663 | FL50: =K50+X50+AK50+AX50+BK50+BX50+CK50+CX50+DK50+DX50+EK50+EX50 -> 964 | FM50: =L50+Y50+AL50+AY50+BL50+BY50+CL50+CY50+DL50+DY50+EL50+EY50 -> 121 | FN50: =SUM(FH50:FM50) -> 2224
... A64: 36 | B64: 239 | C64: 265 | D64: 325 | E64: 539 | F64: =SUM(B64:E64) -> 1368 | G64: 45 | H64: 110 | I64: 501 | J64: 315 | K64: 116 | L64: 281 | M64: =SUM(G64:L64) -> 1368 | N64: 36 | O64: 2095 | P64: 2186 | Q64: 507 | R64: 419 | S64: 5207 | T64: 311 | U64: 730 | V64: 850 | W64: 1300 | X64: 1002 | Y64: 1014 | Z64: =SUM(T64:Y64) -> 5207 | AA64: 36 | AB64: 1832 | AC64: 1802 | AD64: 99 | AE64: 183 | AF64: 3916 | AG64: 701 | AH64: 1034 | AI64: 525 | AJ64: 889 | AK64: 421 | AL64: 411 | AM64: =SUM(AG64:AL64) -> 3981 | AN64: 36 | AO64: 1125 | AP64: 1245 | AQ64: 197 | AR64: 194 | AS64: =SUM(AO64:AR64) -> 2761 | AT64: 220 | AU64: 217 | AV64: 354 | AW64: 1076 | AX64: 894 | AY64: 0 | AZ64: =SUM(AT64:AY64) -> 2761 | BA64: 36 | BB64: 1022 | BC64: 199 | BD64: 90 | BE64: 63 | BF64: =SUM(BB64:BE64) -> 1374 | BG64: 50 | BH64: 456 | BI64: 147 | BJ64: 500 | BK64: 98 | BL64: 123 | BM64: =SUM(BG64:BL64) -> 1374 | BN64: 36 | BO64: 0 | BP64: 0 | BQ64: 0 | BR64: 0 | BS64: =SUM(BO64:BR64) -> 0 | BT64: 0 | BU64: 0 | BV64: 0 | BW64: 0 | BX64: 0 | BY64: 0 | BZ64: =SUM(BT64:BY64) -> 0 | CA64: 36 | CB64: 1125 | CC64: 1245 | CD64: 197 | CE64: 194 | CF64: =SUM(CB64:CE64) -> 2761 | CG64: 220 | CH64: 217 | CI64: 354 | CJ64: 1076 | CK64: 894 | CL64: 0 | CM64: =SUM(CG64:CL64) -> 2761 | CN64: 36 | CO64: 566 | CP64: 592 | CQ64: 487 | CR64: 591 | CS64: =SUM(CO64:CR64) -> 2236 | CT64: 366 | CU64: 339 | CV64: 448 | CW64: 492 | CX64: 299 | CY64: 292 | CZ64: =SUM(CT64:CY64) -> 2236 | DA64: 36 | DB64: 688 | DC64: 562 | DD64: 389 | DE64: 366 | DF64: =SUM(DB64:DE64) -> 2005 | DG64: 215 | DH64: 182 | DI64: 342 | DJ64: 559 | DK64: 418 | DL64: 289 | DM64: =SUM(DG64:DL64) -> 2005 | DN64: 36 | DO64: 0 | DP64: 0 | DQ64: 0 | DR64: 0 | DS64: =SUM(DO64:DR64) -> 0 | DT64: 0 | DU64: 0 | DV64: 0 | DW64: 0 | DX64: 0 | DY64: 0 | DZ64: =SUM(DT64:DY64) -> 0 | EA64: 36 | EB64: 0 | EC64: 0 | ED64: 0 | EE64: 0 | EF64: =SUM(EB64:EE64) -> 0 | EG64: 0 | EH64: 0 | EI64: 0 | EJ64: 0 | EK64: 0 | EL64: 0 | EM64: =SUM(EG64:EL64) -> 0 | EN64: 36 | EO64: 0 | EP64: 0 | EQ64: 0 | ER64: 0 | ES64: =SUM(EO64:ER64) -> 0 | ET64: 0 | EU64: 0 | EV64: 0 | EW64: 0 | EX64: 0 | EY64: 0 | EZ64: =SUM(ET64:EY64) -> 0 | FA64: أخرى | FB64: 36 | FC64: =B64+O64+AB64+AO64+BB64+BO64+CB64+CO64+DB64+DO64+EB64+EO64 -> 8692 | FD64: =C64+P64+AC64+AP64+BC64+BP64+CC64+CP64+DC64+DP64+EC64+EP64 -> 8096 | FE64: =D64+Q64+AD64+AQ64+BD64+BQ64+CD64+CQ64+DD64+DQ64+ED64+EQ64 -> 2291 | FF64: =E64+R64+AE64+AR64+BE64+BR64+CE64+CR64+DE64+DR64+EE64+ER64 -> 2549 | FG64: =SUM(FC64:FF64) -> 21628 | FH64: =G64+T64+AG64+AT64+BG64+BT64+CG64+CT64+DG64+DT64+EG64+ET64 -> 2128 | FI64: =H64+U64+AH64+AU64+BH64+BU64+CH64+CU64+DH64+DU64+EH64+EU64 -> 3285 | FJ64: =I64+V64+AI64+AV64+BI64+BV64+CI64+CV64+DI64+DV64+EI64+EV64 -> 3521 | FK64: =J64+W64+AJ64+AW64+BJ64+BW64+CJ64+CW64+DJ64+DW64+EJ64+EW64 -> 6207 | FL64: =K64+X64+AK64+AX64+BK64+BX64+CK64+CX64+DK64+DX64+EK64+EX64 -> 4142 | FM64: =L64+Y64+AL64+AY64+BL64+BY64+CL64+CY64+DL64+DY64+EL64+EY64 -> 2410 | FN64: =SUM(FH64:FM64) -> 21693
A65: المجموع | B65: =SUM(B39:B64) -> 1163 | C65: =SUM(C39:C64) -> 1180 | D65: =SUM(D39:D64) -> 536 | E65: =SUM(E39:E64) -> 690 | F65: =SUM(F39:F64) -> 3569 | G65: =SUM(G39:G64) -> 152 | H65: =SUM(H39:H64) -> 226 | I65: =SUM(I39:I64) -> 721 | ... L65: =SUM(L39:L64) -> 776 | N65: المجموع | O65: =SUM(O39:O64) -> 3159 | P65: =SUM(P39:P64) -> 3724 | Q65: =SUM(Q39:Q64) -> 724 | R65: =SUM(R39:R64) -> 611 | S65: =SUM(S39:S64) -> 8218 | T65: =SUM(T39:T64) -> 333 | U65: =SUM(U39:U64) -> 824 | V65: =SUM(V39:V64) -> 1088 | ... Y65: =SUM(Y39:Y64) -> 1546 | AA65: المجموع | AB65: =SUM(AB39:AB64) -> 3197 | AC65: =SUM(AC39:AC64) -> 3224 | AD65: =SUM(AD39:AD64) -> 461 | AE65: =SUM(AE39:AE64) -> 528 | AF65: =SUM(AF39:AF64) -> 7410 | AG65: =SUM(AG39:AG64) -> 832 | AH65: =SUM(AH39:AH64) -> 1395 | AI65: =SUM(AI39:AI64) -> 1377 | ... AL65: =SUM(AL39:AL64) -> 959 | AN65: المجموع | AO65: =SUM(AO39:AO64) -> 2585 | AP65: =SUM(AP39:AP64) -> 2957 | AQ65: =SUM(AQ39:AQ64) -> 470 | AR65: =SUM(AR39:AR64) -> 448 | AS65: =SUM(AS39:AS64) -> 6460 | AT65: =SUM(AT39:AT64) -> 256 | AU65: =SUM(AU39:AU64) -> 365 | AV65: =SUM(AV39:AV64) -> 907 | ... AY65: =SUM(AY39:AY64) -> 296 | BA65: المجموع | BB65: =SUM(BB39:BB64) -> 1840 | BC65: =SUM(BC39:BC64) -> 1086 | BD65: =SUM(BD39:BD64) -> 215 | BE65: =SUM(BE39:BE64) -> 158 | BF65: =SUM(BF39:BF64) -> 3299 | BG65: =SUM(BG39:BG64) -> 178 | BH65: =SUM(BH39:BH64) -> 632 | BI65: =SUM(BI39:BI64) -> 389 | ... BL65: =SUM(BL39:BL64) -> 460 | BN65: المجموع | BO65: =SUM(BO39:BO64) -> 0 | BP65: =SUM(BP39:BP64) -> 0 | BQ65: =SUM(BQ39:BQ64) -> 0 | BR65: =SUM(BR39:BR64) -> 0 | BS65: =SUM(BS39:BS64) -> 0 | BT65: =SUM(BT39:BT64) -> 0 | BU65: =SUM(BU39:BU64) -> 0 | BV65: =SUM(BV39:BV64) -> 0 | ... BY65: =SUM(BY39:BY64) -> 0 | CA65: المجموع | CB65: =SUM(CB39:CB64) -> 2585 | CC65: =SUM(CC39:CC64) -> 2957 | CD65: =SUM(CD39:CD64) -> 470 | CE65: =SUM(CE39:CE64) -> 448 | CF65: =SUM(CF39:CF64) -> 6460 | CG65: =SUM(CG39:CG64) -> 256 | CH65: =SUM(CH39:CH64) -> 365 | CI65: =SUM(CI39:CI64) -> 907 | ... CL65: =SUM(CL39:CL64) -> 296 | CN65: المجموع | CO65: =SUM(CO39:CO64) -> 1375 | CP65: =SUM(CP39:CP64) -> 1526 | CQ65: =SUM(CQ39:CQ64) -> 656 | CR65: =SUM(CR39:CR64) -> 734 | CS65: =SUM(CS39:CS64) -> 4291 | CT65: =SUM(CT39:CT64) -> 383 | CU65: =SUM(CU39:CU64) -> 364 | CV65: =SUM(CV39:CV64) -> 683 | ... CY65: =SUM(CY39:CY64) -> 660 | DA65: المجموع | DB65: =SUM(DB39:DB64) -> 1065 | DC65: =SUM(DC39:DC64) -> 968 | DD65: =SUM(DD39:DD64) -> 447 | DE65: =SUM(DE39:DE64) -> 430 | DF65: =SUM(DF39:DF64) -> 2910 | DG65: =SUM(DG39:DG64) -> 217 | DH65: =SUM(DH39:DH64) -> 208 | DI65: =SUM(DI39:DI64) -> 379 | ... DL65: =SUM(DL39:DL64) -> 392 | DN65: المجموع | DO65: =SUM(DO39:DO64) -> 0 | DP65: =SUM(DP39:DP64) -> 0 | DQ65: =SUM(DQ39:DQ64) -> 0 | DR65: =SUM(DR39:DR64) -> 0 | DS65: =SUM(DS39:DS64) -> 0 | DT65: =SUM(DT39:DT64) -> 0 | DU65: =SUM(DU39:DU64) -> 0 | DV65: =SUM(DV39:DV64) -> 0 | ... DY65: =SUM(DY39:DY64) -> 0 | EA65: المجموع | EB65: =SUM(EB39:EB64) -> 0 | EC65: =SUM(EC39:EC64) -> 0 | ED65: =SUM(ED39:ED64) -> 0 | EE65: =SUM(EE39:EE64) -> 0 | EF65: =SUM(EF39:EF64) -> 0 | EG65: =SUM(EG39:EG64) -> 0 | EH65: =SUM(EH39:EH64) -> 0 | EI65: =SUM(EI39:EI64) -> 0 | ... EL65: =SUM(EL39:EL64) -> 0 | EN65: المجموع | EO65: =SUM(EO39:EO64) -> 0 | EP65: =SUM(EP39:EP64) -> 0 | EQ65: =SUM(EQ39:EQ64) -> 0 | ER65: =SUM(ER39:ER64) -> 0 | ES65: =SUM(ES39:ES64) -> 0 | ET65: =SUM(ET39:ET64) -> 0 | EU65: =SUM(EU39:EU64) -> 0 | EV65: =SUM(EV39:EV64) -> 0 | ... EY65: =SUM(EY39:EY64) -> 0 | FA65: المجموع | FC65: =SUM(FC39:FC64) -> 16969 | FD65: =SUM(FD39:FD64) -> 17622 | FE65: =SUM(FE39:FE64) -> 3979 | FF65: =SUM(FF39:FF64) -> 4047 | FG65: =SUM(FG39:FG64) -> 42617 | FH65: =SUM(FH39:FH64) -> 2607 | FI65: =SUM(FI39:FI64) -> 4379 | FJ65: =SUM(FJ39:FJ64) -> 6451 | ... FM65: =SUM(FM39:FM64) -> 5385
B66: =SUM(B65:C65) -> 2343 | D66: =SUM(D65:E65) -> 1226 | G66: =SUM(G65:I65) -> 1099 | J66: =SUM(J65:L65) -> 2470 | O66: =SUM(O65:P65) -> 6883 | Q66: =SUM(Q65:R65) -> 1335 | T66: =SUM(T65:V65) -> 2245 | W66: =SUM(W65:Y65) -> 5973 | AB66: =SUM(AB65:AC65) -> 6421 | AD66: =SUM(AD65:AE65) -> 989 | AG66: =SUM(AG65:AI65) -> 3604 | AJ66: =SUM(AJ65:AL65) -> 3806 | AO66: =SUM(AO65:AP65) -> 5542 | AQ66: =SUM(AQ65:AR65) -> 918 | AT66: =SUM(AT65:AV65) -> 1528 | AW66: =SUM(AW65:AY65) -> 4932 | BB66: =SUM(BB65:BC65) -> 2926 | BD66: =SUM(BD65:BE65) -> 373 | BG66: =SUM(BG65:BI65) -> 1199 | BJ66: =SUM(BJ65:BL65) -> 2100 | BO66: =SUM(BO65:BP65) -> 0 | BQ66: =SUM(BQ65:BR65) -> 0 | BT66: =SUM(BT65:BV65) -> 0 | BW66: =SUM(BW65:BY65) -> 0 | CB66: =SUM(CB65:CC65) -> 5542 | CD66: =SUM(CD65:CE65) -> 918 | CG66: =SUM(CG65:CI65) -> 1528 | CJ66: =SUM(CJ65:CL65) -> 4932 | CO66: =SUM(CO65:CP65) -> 2901 | CQ66: =SUM(CQ65:CR65) -> 1390 | CT66: =SUM(CT65:CV65) -> 1430 | CW66: =SUM(CW65:CY65) -> 2861 | DB66: =SUM(DB65:DC65) -> 2033 | DD66: =SUM(DD65:DE65) -> 877 | DG66: =SUM(DG65:DI65) -> 804 | DJ66: =SUM(DJ65:DL65) -> 2106 | DO66: =SUM(DO65:DP65) -> 0 | DQ66: =SUM(DQ65:DR65) -> 0 | DT66: =SUM(DT65:DV65) -> 0 | DW66: =SUM(DW65:DY65) -> 0 | EB66: =SUM(EB65:EC65) -> 0 | ED66: =SUM(ED65:EE65) -> 0 | EG66: =SUM(EG65:EI65) -> 0 | EJ66: =SUM(EJ65:EL65) -> 0 | EO66: =SUM(EO65:EP65) -> 0 | EQ66: =SUM(EQ65:ER65) -> 0 | ET66: =SUM(ET65:EV65) -> 0 | EW66: =SUM(EW65:EY65) -> 0 | FC66: =SUM(FC65:FF65) -> 42617 | FH66: =SUM(FH65:FM65) -> 42617
B67: =SUM(B66:E66) -> 3569 | G67: =SUM(G65:L65) -> 3569 | O67: =SUM(O66:R66) -> 8218 | T67: =SUM(T65:Y65) -> 8218 | AB67: =SUM(AB66:AE66) -> 7410 | AG67: =SUM(AG65:AL65) -> 7410 | AO67: =SUM(AO66:AR66) -> 6460 | AT67: =SUM(AT65:AY65) -> 6460 | BB67: =SUM(BB66:BE66) -> 3299 | BG67: =SUM(BG65:BL65) -> 3299 | BO67: =SUM(BO66:BR66) -> 0 | BT67: =SUM(BT65:BY65) -> 0 | CB67: =SUM(CB66:CE66) -> 6460 | CG67: =SUM(CG65:CL65) -> 6460 | CO67: =SUM(CO66:CR66) -> 4291 | CT67: =SUM(CT65:CY65) -> 4291 | DB67: =SUM(DB66:DE66) -> 2910 | DG67: =SUM(DG65:DL65) -> 2910 | DO67: =SUM(DO66:DR66) -> 0 | DT67: =SUM(DT65:DY65) -> 0 | EB67: =SUM(EB66:EE66) -> 0 | EG67: =SUM(EG65:EL65) -> 0 | EO67: =SUM(EO66:ER66) -> 0 | ET67: =SUM(ET65:EY65) -> 0 | FA67: محمد الزهراني | FC67: ذكور | FD67: =SUM(FC65+FE65) -> 20948 | FE67: إناث | FF67: =SUM(FD65+FF65) -> 21669 | FM67: مركز المعلومات والاحصاء الطبي بإدارة الرعاية الصحية الأولية
B68: السليمانية | I68: =SUM(I35) -> 1447 | K68: هـ | O68: السليمانية | V68: =SUM(V35) -> 1447 | X68: هـ | AB68: السليمانية | AI68: =SUM(AI35) -> 1447 | AK68: هـ | AO68: السليمانية | AV68: =SUM(AV35) -> 1447 | AX68: هـ | BB68: السليمانية | BI68: =SUM(BI35) -> 1447 | BK68: هـ | BO68: السليمانية | BV68: =SUM(BV35) -> 1447 | BX68: هـ | CB68: السليمانية | CI68: =SUM(CI35) -> 1447 | CK68: هـ | CO68: السليمانية | CV68: =SUM(CV35) -> 1447 | CX68: هـ | DB68: السليمانية | DI68: =SUM(DI35) -> 1447 | DK68: هـ | DO68: السليمانية | DV68: =SUM(DV35) -> 1447 | DX68: هـ | EB68: السليمانية | EI68: =SUM(EI35) -> 1447 | EK68: هـ | EO68: السليمانية | EV68: =SUM(EV35) -> 1447 | EX68: هـ | FB68: =AN68 -> 0 | FC68: =(EO68) -> السليمانية | FE68: الأمراض الشائعة في الرعاية الصحية الأولية ( ترددات ) | FK68: إجمالي عام | FM68: =SUM(EV68) -> 1447
A69: الرقم | B69: الجنسية والجنس | F69: المجموع | G69: العمر بالسنين | N69: الرقم | O69: الجنسية والجنس | S69: المجموع | T69: العمر بالسنين | AA69: الرقم | AB69: الجنسية والجنس | AF69: المجموع | AG69: العمر بالسنين | AN69: الرقم | AO69: الجنسية والجنس | AS69: المجموع | AT69: العمر بالسنين | BA69: الرقم | BB69: الجنسية والجنس | BF69: المجموع | BG69: العمر بالسنين | BN69: الرقم | BO69: الجنسية والجنس | BS69: المجموع | BT69: العمر بالسنين | CA69: الرقم | CB69: الجنسية والجنس | CF69: المجموع | CG69: العمر بالسنين | CN69: الرقم | CO69: الجنسية والجنس | CS69: المجموع | CT69: العمر بالسنين | DA69: الرقم | DB69: الجنسية والجنس | DF69: المجموع | DG69: العمر بالسنين | DN69: الرقم | DO69: الجنسية والجنس | DS69: المجموع | DT69: العمر بالسنين | EA69: الرقم | EB69: الجنسية والجنس | EF69: المجموع | EG69: العمر بالسنين | EN69: الرقم | EO69: الجنسية والجنس | ES69: المجموع | ET69: العمر بالسنين | FA69: المرض | FB69: الرقم | FC69: الجنسية والجنس | FG69: المجموع | FH69: العمر بالسنين
A70: الكودي | B70: سعودي | D70: غير سعودي | G70: 1< | H70: 5<:1 | I70: 15<:5 | J70: 45<15 | K70: 60<:45 | L70: أكثر من60 | N70: الكودي | O70: سعودي | Q70: غير سعودي | T70: 1< | U70: 5<:1 | V70: 15<:5 | W70: 45<15 | X70: 60<:45 | Y70: أكثر من60 | AA70: الكودي | AB70: سعودي | AD70: غير سعودي | AG70: 1< | AH70: 5<:1 | AI70: 15<:5 | AJ70: 45<15 | AK70: 60<:45 | AL70: أكثر من60 | AN70: الكودي | AO70: سعودي | AQ70: غير سعودي | AT70: 1< | AU70: 5<:1 | AV70: 15<:5 | AW70: 45<15 | AX70: 60<:45 | AY70: أكثر من60 | BA70: الكودي | BB70: سعودي | BD70: غير سعودي | BG70: 1< | BH70: 5<:1 | BI70: 15<:5 | BJ70: 45<15 | BK70: 60<:45 | BL70: أكثر من60 | BN70: الكودي | BO70: سعودي | BQ70: غير سعودي | BT70: 1< | BU70: 5<:1 | BV70: 15<:5 | BW70: 45<15 | BX70: 60<:45 | BY70: أكثر من60 | CA70: الكودي | CB70: سعودي | CD70: غير سعودي | CG70: 1< | CH70: 5<:1 | CI70: 15<:5 | CJ70: 45<15 | CK70: 60<:45 | CL70: أكثر من60 | CN70: الكودي | CO70: سعودي | CQ70: غير سعودي | CT70: 1< | CU70: 5<:1 | CV70: 15<:5 | CW70: 45<15 | CX70: 60<:45 | CY70: أكثر من60 | DA70: الكودي | DB70: سعودي | DD70: غير سعودي | DG70: 1< | DH70: 5<:1 | DI70: 15<:5 | DJ70: 45<15 | DK70: 60<:45 | DL70: أكثر من60 | DN70: الكودي | DO70: سعودي | DQ70: غير سعودي | DT70: 1< | DU70: 5<:1 | DV70: 15<:5 | DW70: 45<15 | DX70: 60<:45 | DY70: أكثر من60 | EA70: الكودي | EB70: سعودي | ED70: غير سعودي | EG70: 1< | EH70: 5<:1 | EI70: 15<:5 | EJ70: 45<15 | EK70: 60<:45 | EL70: أكثر من60 | EN70: الكودي | EO70: سعودي | EQ70: غير سعودي | ET70: 1< | EU70: 5<:1 | EV70: 15<:5 | EW70: 45<15 | EX70: 60<:45 | EY70: أكثر من60 | FB70: الكودي | FC70: سعودي | FE70: غير سعودي | FH70: 1< | FI70: 5<:1 | FJ70: 15<:5 | FK70: 45<15 | FL70: 60<:45 | FM70: أكثر من60
B71: ذكر | C71: أنثى | D71: ذكر | E71: أنثى | O71: ذكر | P71: أنثى | Q71: ذكر | R71: أنثى | AB71: ذكر | AC71: أنثى | AD71: ذكر | AE71: أنثى | AO71: ذكر | AP71: أنثى | AQ71: ذكر | AR71: أنثى | BB71: ذكر | BC71: أنثى | BD71: ذكر | BE71: أنثى | BO71: ذكر | BP71: أنثى | BQ71: ذكر | BR71: أنثى | CB71: ذكر | CC71: أنثى | CD71: ذكر | CE71: أنثى | CO71: ذكر | CP71: أنثى | CQ71: ذكر | CR71: أنثى | DB71: ذكر | DC71: أنثى | DD71: ذكر | DE71: أنثى | DO71: ذكر | DP71: أنثى | DQ71: ذكر | DR71: أنثى | EB71: ذكر | EC71: أنثى | ED71: ذكر | EE71: أنثى | EO71: ذكر | EP71: أنثى | EQ71: ذكر | ER71: أنثى | FC71: ذكر | FD71: أنثى | FE71: ذكر | FF71: أنثى
A72: 11 | B72: 206 | C72: 100 | D72: 190 | E72: 19 | F72: =SUM(B72:E72) -> 515 | G72: 0 | H72: 104 | I72: 140 | J72: 120 | K72: 65 | L72: 86 | M72: =SUM(G72:L72) -> 515 | N72: 11 | O72: 52 | P72: 95 | Q72: 55 | R72: 32 | S72: 234 | T72: 0 | U72: 11 | V72: 14 | W72: 69 | X72: 88 | Y72: 52 | Z72: =SUM(T72:Y72) -> 234 | AA72: 11 | AB72: 0 | AC72: 0 | AD72: 0 | AE72: 0 | AF72: =SUM(AB72:AE72) -> 0 | AG72: 0 | AH72: 0 | AI72: 0 | AJ72: 0 | AK72: 0 | AL72: 0 | AM72: =SUM(AG72:AL72) -> 0 | AN72: 11 | AO72: 206 | AP72: 100 | AQ72: 190 | AR72: 19 | AS72: =SUM(AO72:AR72) -> 515 | AT72: 0 | AU72: 104 | AV72: 140 | AW72: 120 | AX72: 65 | AY72: 86 | AZ72: =SUM(AT72:AY72) -> 515 | BA72: 11 | BB72: 10 | BC72: 0 | BD72: 0 | BE72: 2 | BF72: =SUM(BB72:BE72) -> 12 | BG72: 0 | BH72: 0 | BI72: 1 | BJ72: 5 | BK72: 5 | BL72: 1 | BM72: =SUM(BG72:BL72) -> 12 | BN72: 11 | BO72: 4 | BP72: 2 | BQ72: 0 | BR72: 0 | BS72: 6 | BT72: 0 | BU72: 3 | BV72: 2 | BW72: 1 | BX72: 0 | BY72: 0 | BZ72: =SUM(BT72:BY72) -> 6 | CA72: 11 | CB72: 0 | CC72: 0 | CD72: 0 | CE72: 0 | CF72: =SUM(CB72:CE72) -> 0 | CG72: 0 | CH72: 0 | CI72: 0 | CJ72: 0 | CK72: 0 | CL72: 0 | CM72: =SUM(CG72:CL72) -> 0 | CN72: 11 | CO72: 258 | CP72: 210 | CQ72: 204 | CR72: 208 | CS72: =SUM(CO72:CR72) -> 880 | CT72: 0 | CU72: 102 | CV72: 102 | CW72: 120 | CX72: 147 | CY72: 144 | CZ72: =SUM(CT72:CY72) -> 615 | DA72: 11 | DB72: 0 | DC72: 2 | DD72: 0 | DE72: 0 | DF72: =SUM(DB72:DE72) -> 2 | DG72: 0 | DH72: 2 | DI72: 0 | DJ72: 0 | DK72: 0 | DL72: 0 | DM72: =SUM(DG72:DL72) -> 2 | DN72: 11 | DO72: 206 | DP72: 100 | DQ72: 190 | DR72: 19 | DS72: 515 | DT72: 0 | DU72: 0 | DV72: 15 | DW72: 350 | DX72: 64 | DY72: 86 | DZ72: =SUM(DT72:DY72) -> 515 | EA72: 11 | EB72: 0 | EC72: 0 | ED72: 0 | EE72: 0 | EF72: =SUM(EB72:EE72) -> 0 | EG72: 0 | EH72: 0 | EI72: 0 | EJ72: 0 | EK72: 0 | EL72: 0 | EM72: =SUM(EG72:EL72) -> 0 | EN72: 11 | EO72: 0 | EP72: 0 | EQ72: 0 | ER72: 0 | ES72: =SUM(EO72:ER72) -> 0 | ET72: 0 | EU72: 0 | EV72: 0 | EW72: 0 | EX72: 0 | EY72: 0 | EZ72: =SUM(ET72:EY72) -> 0 | FA72: الأمراض الطفيلية والمعدية | FB72: 11 | FC72: =B72+O72+AB72+AO72+BB72+BO72+CB72+CO72+DB72+DO72+EB72+EO72 -> 942 | FD72: =C72+P72+AC72+AP72+BC72+BP72+CC72+CP72+DC72+DP72+EC72+EP72 -> 609 | FE72: =D72+Q72+AD72+AQ72+BD72+BQ72+CD72+CQ72+DD72+DQ72+ED72+EQ72 -> 829 | FF72: =E72+R72+AE72+AR72+BE72+BR72+CE72+CR72+DE72+DR72+EE72+ER72 -> 299 | FG72: =SUM(FC72:FF72) -> 2679 | FH72: =G72+T72+AG72+AT72+BG72+BT72+CG72+CT72+DG72+DT72+EG72+ET72 -> 0 | FI72: =H72+U72+AH72+AU72+BH72+BU72+CH72+CU72+DH72+DU72+EH72+EU72 -> 326 | FJ72: =I72+V72+AI72+AV72+BI72+BV72+CI72+CV72+DI72+DV72+EI72+EV72 -> 414 | FK72: =J72+W72+AJ72+AW72+BJ72+BW72+CJ72+CW72+DJ72+DW72+EJ72+EW72 -> 785 | FL72: =K72+X72+AK72+AX72+BK72+BX72+CK72+CX72+DK72+DX72+EK72+EX72 -> 434 | FM72: =L72+Y72+AL72+AY72+BL72+BY72+CL72+CY72+DL72+DY72+EL72+EY72 -> 455 | FN72: =SUM(FH72:FM72) -> 2414
A73: 12 | B73: 59 | C73: 56 | D73: 63 | E73: 35 | F73: =SUM(B73:E73) -> 213 | G73: 0 | H73: 26 | I73: 45 | J73: 66 | K73: 56 | L73: 20 | M73: =SUM(G73:L73) -> 213 | N73: 12 | O73: 74 | P73: 65 | Q73: 85 | R73: 54 | S73: 278 | T73: 0 | U73: 7 | V73: 28 | W73: 98 | X73: 85 | Y73: 60 | Z73: =SUM(T73:Y73) -> 278 | AA73: 12 | AB73: 0 | AC73: 0 | AD73: 0 | AE73: 0 | AF73: =SUM(AB73:AE73) -> 0 | AG73: 0 | AH73: 0 | AI73: 0 | AJ73: 0 | AK73: 0 | AL73: 0 | AM73: =SUM(AG73:AL73) -> 0 | AN73: 12 | AO73: 59 | AP73: 56 | AQ73: 63 | AR73: 35 | AS73: =SUM(AO73:AR73) -> 213 | AT73: 0 | AU73: 26 | AV73: 45 | AW73: 66 | AX73: 56 | AY73: 20 | AZ73: =SUM(AT73:AY73) -> 213 | BA73: 12 | BB73: 52 | BC73: 44 | BD73: 25 | BE73: 17 | BF73: =SUM(BB73:BE73) -> 138 | BG73: 0 | BH73: 14 | BI73: 25 | BJ73: 41 | BK73: 44 | BL73: 14 | BM73: =SUM(BG73:BL73) -> 138 | BN73: 12 | BO73: 0 | BP73: 3 | BQ73: 0 | BR73: 1 | BS73: 4 | BT73: 0 | BU73: 0 | BV73: 1 | BW73: 2 | BX73: 1 | BY73: 0 | BZ73: =SUM(BT73:BY73) -> 4 | CA73: 12 | CB73: 0 | CC73: 0 | CD73: 0 | CE73: 0 | CF73: =SUM(CB73:CE73) -> 0 | CG73: 0 | CH73: 0 | CI73: 0 | CJ73: 0 | CK73: 0 | CL73: 0 | CM73: =SUM(CG73:CL73) -> 0 | CN73: 12 | CO73: 154 | CP73: 231 | CQ73: 170 | CR73: 204 | CS73: =SUM(CO73:CR73) -> 759 | CT73: 0 | CU73: 95 | CV73: 136 | CW73: 114 | CX73: 98 | CY73: 152 | CZ73: =SUM(CT73:CY73) -> 595 | DA73: 12 | DB73: 0 | DC73: 1 | DD73: 0 | DE73: 0 | DF73: =SUM(DB73:DE73) -> 1 | DG73: 0 | DH73: 1 | DI73: 0 | DJ73: 0 | DK73: 0 | DL73: 0 | DM73: =SUM(DG73:DL73) -> 1 | DN73: 12 | DO73: 59 | DP73: 56 | DQ73: 63 | DR73: 35 | DS73: 213 | DT73: 0 | DU73: 26 | DV73: 45 | DW73: 66 | DX73: 56 | DY73: 20 | DZ73: =SUM(DT73:DY73) -> 213 | EA73: 12 | EB73: 0 | EC73: 0 | ED73: 0 | EE73: 0 | EF73: =SUM(EB73:EE73) -> 0 | EG73: 0 | EH73: 0 | EI73: 0 | EJ73: 0 | EK73: 0 | EL73: 0 | EM73: =SUM(EG73:EL73) -> 0 | EN73: 12 | EO73: 0 | EP73: 0 | EQ73: 0 | ER73: 0 | ES73: =SUM(EO73:ER73) -> 0 | ET73: 0 | EU73: 0 | EV73: 0 | EW73: 0 | EX73: 0 | EY73: 0 | EZ73: =SUM(ET73:EY73) -> 0 | FA73: الديدان المعوية | FB73: 12 | FC73: =B73+O73+AB73+AO73+BB73+BO73+CB73+CO73+DB73+DO73+EB73+EO73 -> 457 | FD73: =C73+P73+AC73+AP73+BC73+BP73+CC73+CP73+DC73+DP73+EC73+EP73 -> 512 | FE73: =D73+Q73+AD73+AQ73+BD73+BQ73+CD73+CQ73+DD73+DQ73+ED73+EQ73 -> 469 | FF73: =E73+R73+AE73+AR73+BE73+BR73+CE73+CR73+DE73+DR73+EE73+ER73 -> 381 | FG73: =SUM(FC73:FF73) -> 1819 | FH73: =G73+T73+AG73+AT73+BG73+BT73+CG73+CT73+DG73+DT73+EG73+ET73 -> 0 | FI73: =H73+U73+AH73+AU73+BH73+BU73+CH73+CU73+DH73+DU73+EH73+EU73 -> 195 | FJ73: =I73+V73+AI73+AV73+BI73+BV73+CI73+CV73+DI73+DV73+EI73+EV73 -> 325 | FK73: =J73+W73+AJ73+AW73+BJ73+BW73+CJ73+CW73+DJ73+DW73+EJ73+EW73 -> 453 | FL73: =K73+X73+AK73+AX73+BK73+BX73+CK73+CX73+DK73+DX73+EK73+EX73 -> 396 | FM73: =L73+Y73+AL73+AY73+BL73+BY73+CL73+CY73+DL73+DY73+EL73+EY73 -> 286 | FN73: =SUM(FH73:FM73) -> 1655
A74: 13 | B74: 156 | C74: 201 | D74: 150 | E74: 111 | F74: =SUM(B74:E74) -> 618 | G74: 0 | H74: 164 | I74: 105 | J74: 114 | K74: 106 | L74: 129 | M74: =SUM(G74:L74) -> 618 | N74: 13 | O74: 41 | P74: 145 | Q74: 142 | R74: 122 | S74: 450 | T74: 0 | U74: 41 | V74: 83 | W74: 100 | X74: 120 | Y74: 106 | Z74: =SUM(T74:Y74) -> 450 | AA74: 13 | AB74: 0 | AC74: 0 | AD74: 0 | AE74: 0 | AF74: =SUM(AB74:AE74) -> 0 | AG74: 0 | AH74: 0 | AI74: 0 | AJ74: 0 | AK74: 0 | AL74: 0 | AM74: =SUM(AG74:AL74) -> 0 | AN74: 13 | AO74: 156 | AP74: 201 | AQ74: 150 | AR74: 111 | AS74: =SUM(AO74:AR74) -> 618 | AT74: 0 | AU74: 164 | AV74: 105 | AW74: 114 | AX74: 106 | AY74: 129 | AZ74: =SUM(AT74:AY74) -> 618 | BA74: 13 | BB74: 58 | BC74: 47 | BD74: 74 | BE74: 25 | BF74: =SUM(BB74:BE74) -> 204 | BG74: 0 | BH74: 21 | BI74: 34 | BJ74: 45 | BK74: 57 | BL74: 47 | BM74: =SUM(BG74:BL74) -> 204 | BN74: 13 | BO74: 75 | BP74: 63 | BQ74: 51 | BR74: 46 | BS74: 235 | BT74: 0 | BU74: 0 | BV74: 30 | BW74: 104 | BX74: 95 | BY74: 6 | BZ74: =SUM(BT74:BY74) -> 235 | CA74: 13 | CB74: 0 | CC74: 0 | CD74: 0 | CE74: 0 | CF74: =SUM(CB74:CE74) -> 0 | CG74: 0 | CH74: 0 | CI74: 0 | CJ74: 0 | CK74: 0 | CL74: 0 | CM74: =SUM(CG74:CL74) -> 0 | CN74: 13 | CO74: 203 | CP74: 150 | CQ74: 198 | CR74: 178 | CS74: =SUM(CO74:CR74) -> 729 | CT74: 0 | CU74: 68 | CV74: 154 | CW74: 136 | CX74: 125 | CY74: 111 | CZ74: =SUM(CT74:CY74) -> 594 | DA74: 13 | DB74: 95 | DC74: 101 | DD74: 12 | DE74: 13 | DF74: =SUM(DB74:DE74) -> 221 | DG74: 0 | DH74: 0 | DI74: 0 | DJ74: 95 | DK74: 68 | DL74: 58 | DM74: =SUM(DG74:DL74) -> 221 | DN74: 13 | DO74: 156 | DP74: 201 | DQ74: 150 | DR74: 111 | DS74: 618 | DT74: 0 | DU74: 164 | DV74: 105 | DW74: 114 | DX74: 106 | DY74: 129 | DZ74: =SUM(DT74:DY74) -> 618 | EA74: 13 | EB74: 0 | EC74: 0 | ED74: 0 | EE74: 0 | EF74: =SUM(EB74:EE74) -> 0 | EG74: 0 | EH74: 0 | EI74: 0 | EJ74: 0 | EK74: 0 | EL74: 0 | EM74: =SUM(EG74:EL74) -> 0 | EN74: 13 | EO74: 0 | EP74: 0 | EQ74: 0 | ER74: 0 | ES74: =SUM(EO74:ER74) -> 0 | ET74: 0 | EU74: 0 | EV74: 0 | EW74: 0 | EX74: 0 | EY74: 0 | EZ74: =SUM(ET74:EY74) -> 0 | FA74: مرض السكري | FB74: 13 | FC74: =B74+O74+AB74+AO74+BB74+BO74+CB74+CO74+DB74+DO74+EB74+EO74 -> 940 | FD74: =C74+P74+AC74+AP74+BC74+BP74+CC74+CP74+DC74+DP74+EC74+EP74 -> 1109 | FE74: =D74+Q74+AD74+AQ74+BD74+BQ74+CD74+CQ74+DD74+DQ74+ED74+EQ74 -> 927 | FF74: =E74+R74+AE74+AR74+BE74+BR74+CE74+CR74+DE74+DR74+EE74+ER74 -> 717 | FG74: =SUM(FC74:FF74) -> 3693 | FH74: =G74+T74+AG74+AT74+BG74+BT74+CG74+CT74+DG74+DT74+EG74+ET74 -> 0 | FI74: =H74+U74+AH74+AU74+BH74+BU74+CH74+CU74+DH74+DU74+EH74+EU74 -> 622 | FJ74: =I74+V74+AI74+AV74+BI74+BV74+CI74+CV74+DI74+DV74+EI74+EV74 -> 616 | FK74: =J74+W74+AJ74+AW74+BJ74+BW74+CJ74+CW74+DJ74+DW74+EJ74+EW74 -> 822 | FL74: =K74+X74+AK74+AX74+BK74+BX74+CK74+CX74+DK74+DX74+EK74+EX74 -> 783 | FM74: =L74+Y74+AL74+AY74+BL74+BY74+CL74+CY74+DL74+DY74+EL74+EY74 -> 715 | FN74: =SUM(FH74:FM74) -> 3558
A75: 14 | B75: 132 | C75: 164 | D75: 88 | E75: 199 | F75: =SUM(B75:E75) -> 583 | G75: 0 | H75: 155 | I75: 169 | J75: 84 | K75: 102 | L75: 73 | M75: =SUM(G75:L75) -> 583 | N75: 14 | O75: 100 | P75: 100 | Q75: 120 | R75: 152 | S75: 472 | T75: 0 | U75: 52 | V75: 65 | W75: 103 | X75: 142 | Y75: 110 | Z75: =SUM(T75:Y75) -> 472 | AA75: 14 | AB75: 0 | AC75: 0 | AD75: 0 | AE75: 0 | AF75: =SUM(AB75:AE75) -> 0 | AG75: 0 | AH75: 0 | AI75: 0 | AJ75: 0 | AK75: 0 | AL75: 0 | AM75: =SUM(AG75:AL75) -> 0 | AN75: 14 | AO75: 132 | AP75: 164 | AQ75: 88 | AR75: 199 | AS75: =SUM(AO75:AR75) -> 583 | AT75: 0 | AU75: 155 | AV75: 169 | AW75: 84 | AX75: 102 | AY75: 73 | AZ75: =SUM(AT75:AY75) -> 583 | BA75: 14 | BB75: 100 | BC75: 102 | BD75: 111 | BE75: 104 | BF75: =SUM(BB75:BE75) -> 417 | BG75: 0 | BH75: 41 | BI75: 95 | BJ75: 100 | BK75: 109 | BL75: 72 | BM75: =SUM(BG75:BL75) -> 417 | BN75: 14 | BO75: 23 | BP75: 12 | BQ75: 9 | BR75: 3 | BS75: 47 | BT75: 0 | BU75: 0 | BV75: 0 | BW75: 19 | BX75: 18 | BY75: 10 | BZ75: =SUM(BT75:BY75) -> 47 | CA75: 14 | CB75: 0 | CC75: 0 | CD75: 0 | CE75: 0 | CF75: =SUM(CB75:CE75) -> 0 | CG75: 0 | CH75: 0 | CI75: 0 | CJ75: 0 | CK75: 0 | CL75: 0 | CM75: =SUM(CG75:CL75) -> 0 | CN75: 14 | CO75: 152 | CP75: 163 | CQ75: 79 | CR75: 158 | CS75: =SUM(CO75:CR75) -> 552 | CT75: 0 | CU75: 140 | CV75: 122 | CW75: 147 | CX75: 98 | CY75: 102 | CZ75: =SUM(CT75:CY75) -> 609 | DA75: 14 | DB75: 2 | DC75: 1 | DD75: 1 | DE75: 0 | DF75: =SUM(DB75:DE75) -> 4 | DG75: 0 | DH75: 0 | DI75: 0 | DJ75: 2 | DK75: 2 | DM75: =SUM(DG75:DL75) -> 4 | DN75: 14 | DO75: 132 | DP75: 164 | DQ75: 88 | DR75: 199 | DS75: 583 | DT75: 0 | DU75: 155 | DV75: 169 | DW75: 84 | DX75: 102 | DY75: 73 | DZ75: =SUM(DT75:DY75) -> 583 | EA75: 14 | EB75: 0 | EC75: 0 | ED75: 0 | EE75: 0 | EF75: =SUM(EB75:EE75) -> 0 | EG75: 0 | EH75: 0 | EI75: 0 | EJ75: 0 | EK75: 0 | EL75: 0 | EM75: =SUM(EG75:EL75) -> 0 | EN75: 14 | EO75: 0 | EP75: 0 | EQ75: 0 | ER75: 0 | ES75: =SUM(EO75:ER75) -> 0 | ET75: 0 | EU75: 0 | EV75: 0 | EW75: 0 | EX75: 0 | EY75: 0 | EZ75: =SUM(ET75:EY75) -> 0 | FA75: أمراض الدم والجهاز المناعي | FB75: 14 | FC75: =B75+O75+AB75+AO75+BB75+BO75+CB75+CO75+DB75+DO75+EB75+EO75 -> 773 | FD75: =C75+P75+AC75+AP75+BC75+BP75+CC75+CP75+DC75+DP75+EC75+EP75 -> 870 | FE75: =D75+Q75+AD75+AQ75+BD75+BQ75+CD75+CQ75+DD75+DQ75+ED75+EQ75 -> 584 | FF75: =E75+R75+AE75+AR75+BE75+BR75+CE75+CR75+DE75+DR75+EE75+ER75 -> 1014 | FG75: =SUM(FC75:FF75) -> 3241 | FH75: =G75+T75+AG75+AT75+BG75+BT75+CG75+CT75+DG75+DT75+EG75+ET75 -> 0 | FI75: =H75+U75+AH75+AU75+BH75+BU75+CH75+CU75+DH75+DU75+EH75+EU75 -> 698 | FJ75: =I75+V75+AI75+AV75+BI75+BV75+CI75+CV75+DI75+DV75+EI75+EV75 -> 789 | FK75: =J75+W75+AJ75+AW75+BJ75+BW75+CJ75+CW75+DJ75+DW75+EJ75+EW75 -> 623 | FL75: =K75+X75+AK75+AX75+BK75+BX75+CK75+CX75+DK75+DX75+EK75+EX75 -> 675 | FM75: =L75+Y75+AL75+AY75+BL75+BY75+CL75+CY75+DL75+DY75+EL75+EY75 -> 513 | FN75: =SUM(FH75:FM75) -> 3298
A76: 15 | B76: 301 | C76: 169 | D76: 106 | E76: 144 | F76: =SUM(B76:E76) -> 720 | G76: 0 | H76: 0 | I76: 206 | J76: 189 | K76: 136 | L76: 189 | M76: =SUM(G76:L76) -> 720 | N76: 15 | O76: 147 | P76: 115 | Q76: 85 | R76: 132 | S76: 479 | T76: 0 | U76: 0 | V76: 118 | W76: 128 | X76: 125 | Y76: 108 | Z76: =SUM(T76:Y76) -> 479 | AA76: 15 | AB76: 0 | AC76: 0 | AD76: 0 | AE76: 0 | AF76: =SUM(AB76:AE76) -> 0 | AG76: 0 | AH76: 0 | AI76: 0 | AJ76: 0 | AK76: 0 | AL76: 0 | AM76: =SUM(AG76:AL76) -> 0 | AN76: 15 | AO76: 301 | AP76: 169 | AQ76: 106 | AR76: 144 | AS76: =SUM(AO76:AR76) -> 720 | AT76: 0 | AU76: 0 | AV76: 206 | AW76: 189 | AX76: 136 | AY76: 189 | AZ76: =SUM(AT76:AY76) -> 720 | BA76: 15 | BB76: 298 | BC76: 210 | BD76: 142 | BE76: 174 | BF76: =SUM(BB76:BE76) -> 824 | BG76: 0 | BH76: 0 | BI76: 212 | BJ76: 213 | BK76: 299 | BL76: 100 | BM76: =SUM(BG76:BL76) -> 824 | BN76: 15 | BO76: 69 | BP76: 43 | BQ76: 51 | BR76: 23 | BS76: 186 | BT76: 0 | BU76: 0 | BV76: 0 | BW76: 64 | BX76: 105 | BY76: 17 | BZ76: =SUM(BT76:BY76) -> 186 | CA76: 15 | CB76: 0 | CC76: 0 | CD76: 0 | CE76: 0 | CF76: =SUM(CB76:CE76) -> 0 | CG76: 0 | CH76: 0 | CI76: 0 | CJ76: 0 | CK76: 0 | CL76: 0 | CM76: =SUM(CG76:CL76) -> 0 | CN76: 15 | CO76: 165 | CP76: 122 | CQ76: 140 | CR76: 140 | CS76: =SUM(CO76:CR76) -> 567 | CT76: 0 | CV76: 98 | CW76: 89 | CX76: 136 | CY76: 97 | CZ76: =SUM(CT76:CY76) -> 420 | DA76: 15 | DB76: 50 | DC76: 66 | DD76: 12 | DE76: 17 | DF76: =SUM(DB76:DE76) -> 145 | DG76: 0 | DH76: 0 | DI76: 0 | DJ76: 58 | DK76: 46 | DL76: 41 | DM76: =SUM(DG76:DL76) -> 145 | DN76: 15 | DO76: 301 | DP76: 169 | DQ76: 106 | DR76: 144 | DS76: 720 | DT76: 0 | DU76: 0 | DV76: 206 | DW76: 189 | DX76: 136 | DY76: 189 | DZ76: =SUM(DT76:DY76) -> 720 | EA76: 15 | EB76: 0 | EC76: 0 | ED76: 0 | EE76: 0 | EF76: =SUM(EB76:EE76) -> 0 | EG76: 0 | EH76: 0 | EI76: 0 | EJ76: 0 | EK76: 0 | EL76: 0 | EM76: =SUM(EG76:EL76) -> 0 | EN76: 15 | EO76: 0 | EP76: 0 | EQ76: 0 | ER76: 0 | ES76: =SUM(EO76:ER76) -> 0 | ET76: 0 | EU76: 0 | EV76: 0 | EW76: 0 | EX76: 0 | EY76: 0 | EZ76: =SUM(ET76:EY76) -> 0 | FA76: ضغط الدم المرتفع | FB76: 15 | FC76: =B76+O76+AB76+AO76+BB76+BO76+CB76+CO76+DB76+DO76+EB76+EO76 -> 1632 | FD76: =C76+P76+AC76+AP76+BC76+BP76+CC76+CP76+DC76+DP76+EC76+EP76 -> 1063 | FE76: =D76+Q76+AD76+AQ76+BD76+BQ76+CD76+CQ76+DD76+DQ76+ED76+EQ76 -> 748 | FF76: =E76+R76+AE76+AR76+BE76+BR76+CE76+CR76+DE76+DR76+EE76+ER76 -> 918 | FG76: =SUM(FC76:FF76) -> 4361 | FH76: =G76+T76+AG76+AT76+BG76+BT76+CG76+CT76+DG76+DT76+EG76+ET76 -> 0 | FI76: =H76+U76+AH76+AU76+BH76+BU76+CH76+CU76+DH76+DU76+EH76+EU76 -> 0 | FJ76: =I76+V76+AI76+AV76+BI76+BV76+CI76+CV76+DI76+DV76+EI76+EV76 -> 1046 | FK76: =J76+W76+AJ76+AW76+BJ76+BW76+CJ76+CW76+DJ76+DW76+EJ76+EW76 -> 1119 | FL76: =K76+X76+AK76+AX76+BK76+BX76+CK76+CX76+DK76+DX76+EK76+EX76 -> 1119 | FM76: =L76+Y76+AL76+AY76+BL76+BY76+CL76+CY76+DL76+DY76+EL76+EY76 -> 930 | FN76: =SUM(FH76:FM76) -> 4214
A77: 16 | B77: 213 | C77: 116 | D77: 111 | E77: 65 | F77: =SUM(B77:E77) -> 505 | G77: 0 | H77: 156 | I77: 145 | J77: 111 | K77: 80 | L77: 13 | M77: =SUM(G77:L77) -> 505 | N77: 16 | O77: 140 | P77: 132 | Q77: 99 | R77: 165 | S77: 536 | T77: 0 | U77: 28 | V77: 142 | W77: 141 | X77: 165 | Y77: 60 | Z77: =SUM(T77:Y77) -> 536 | AA77: 16 | AB77: 0 | AC77: 0 | AD77: 0 | AE77: 0 | AF77: =SUM(AB77:AE77) -> 0 | AG77: 0 | AH77: 0 | AI77: 0 | AJ77: 0 | AK77: 0 | AL77: 0 | AM77: =SUM(AG77:AL77) -> 0 | AN77: 16 | AO77: 213 | AP77: 116 | AQ77: 111 | AR77: 65 | AS77: =SUM(AO77:AR77) -> 505 | AT77: 0 | AU77: 156 | AV77: 145 | AW77: 111 | AX77: 80 | AY77: 13 | AZ77: =SUM(AT77:AY77) -> 505 | BA77: 16 | BB77: 184 | BC77: 147 | BD77: 124 | BE77: 110 | BF77: =SUM(BB77:BE77) -> 565 | BG77: 0 | BH77: 8 | BI77: 157 | BJ77: 190 | BK77: 190 | BL77: 20 | BM77: =SUM(BG77:BL77) -> 565 | BN77: 16 | BO77: 19 | BP77: 27 | BQ77: 3 | BR77: 5 | BS77: 54 | BT77: 0 | BU77: 0 | BV77: 0 | BW77: 25 | BX77: 18 | BY77: 11 | BZ77: =SUM(BT77:BY77) -> 54 | CA77: 16 | CB77: 0 | CC77: 0 | CD77: 0 | CE77: 0 | CF77: =SUM(CB77:CE77) -> 0 | CG77: 0 | CH77: 0 | CI77: 0 | CJ77: 0 | CK77: 0 | CL77: 0 | CM77: =SUM(CG77:CL77) -> 0 | CN77: 16 | CO77: 148 | CP77: 148 | CQ77: 156 | CR77: 123 | CS77: =SUM(CO77:CR77) -> 575 | CT77: 0 | CU77: 112 | CV77: 89 | CW77: 158 | CX77: 145 | CY77: 78 | CZ77: =SUM(CT77:CY77) -> 582 | DA77: 16 | DB77: 1 | DC77: 1 | DD77: 0 | DE77: 0 | DF77: =SUM(DB77:DE77) -> 2 | DG77: 0 | DH77: 0 | DI77: 0 | DJ77: 2 | DK77: 0 | DL77: 0 | DM77: =SUM(DG77:DL77) -> 2 | DN77: 16 | DO77: 213 | DP77: 116 | DQ77: 111 | DR77: 65 | DS77: 505 | DT77: 0 | DU77: 156 | DV77: 145 | DW77: 111 | DX77: 80 | DY77: 13 | DZ77: =SUM(DT77:DY77) -> 505 | EA77: 16 | EB77: 0 | EC77: 0 | ED77: 0 | EE77: 0 | EF77: =SUM(EB77:EE77) -> 0 | EG77: 0 | EH77: 0 | EI77: 0 | EJ77: 0 | EK77: 0 | EL77: 0 | EM77: =SUM(EG77:EL77) -> 0 | EN77: 16 | EO77: 0 | EP77: 0 | EQ77: 0 | ER77: 0 | ES77: =SUM(EO77:ER77) -> 0 | ET77: 0 | EU77: 0 | EV77: 0 | EW77: 0 | EX77: 0 | EY77: 0 | EZ77: =SUM(ET77:EY77) -> 0 | FA77: أمراض القلب والأوعية الدموية | FB77: 16 | FC77: =B77+O77+AB77+AO77+BB77+BO77+CB77+CO77+DB77+DO77+EB77+EO77 -> 1131 | FD77: =C77+P77+AC77+AP77+BC77+BP77+CC77+CP77+DC77+DP77+EC77+EP77 -> 803 | FE77: =D77+Q77+AD77+AQ77+BD77+BQ77+CD77+CQ77+DD77+DQ77+ED77+EQ77 -> 715 | FF77: =E77+R77+AE77+AR77+BE77+BR77+CE77+CR77+DE77+DR77+EE77+ER77 -> 598 | FG77: =SUM(FC77:FF77) -> 3247 | FH77: =G77+T77+AG77+AT77+BG77+BT77+CG77+CT77+DG77+DT77+EG77+ET77 -> 0 | FI77: =H77+U77+AH77+AU77+BH77+BU77+CH77+CU77+DH77+DU77+EH77+EU77 -> 616 | FJ77: =I77+V77+AI77+AV77+BI77+BV77+CI77+CV77+DI77+DV77+EI77+EV77 -> 823 | FK77: =J77+W77+AJ77+AW77+BJ77+BW77+CJ77+CW77+DJ77+DW77+EJ77+EW77 -> 849 | FL77: =K77+X77+AK77+AX77+BK77+BX77+CK77+CX77+DK77+DX77+EK77+EX77 -> 758 | FM77: =L77+Y77+AL77+AY77+BL77+BY77+CL77+CY77+DL77+DY77+EL77+EY77 -> 208 | FN77: =SUM(FH77:FM77) -> 3254
A78: 17 | B78: 148 | C78: 103 | D78: 123 | E78: 222 | F78: =SUM(B78:E78) -> 596 | G78: 0 | H78: 201 | I78: 102 | J78: 115 | K78: 103 | L78: 75 | M78: =SUM(G78:L78) -> 596 | N78: 17 | O78: 154 | P78: 170 | Q78: 100 | R78: 135 | S78: 559 | T78: 0 | U78: 20 | V78: 141 | W78: 144 | X78: 158 | Y78: 96 | Z78: =SUM(T78:Y78) -> 559 | AA78: 17 | AB78: 0 | AC78: 0 | AD78: 0 | AE78: 0 | AF78: =SUM(AB78:AE78) -> 0 | AG78: 0 | AH78: 0 | AI78: 0 | AJ78: 0 | AK78: 0 | AL78: 0 | AM78: =SUM(AG78:AL78) -> 0 | AN78: 17 | AO78: 148 | AP78: 103 | AQ78: 123 | AR78: 222 | AS78: =SUM(AO78:AR78) -> 596 | AT78: 0 | AU78: 201 | AV78: 102 | AW78: 115 | AX78: 103 | AY78: 75 | AZ78: =SUM(AT78:AY78) -> 596 | BA78: 17 | BB78: 185 | BC78: 177 | BD78: 149 | BE78: 120 | BF78: =SUM(BB78:BE78) -> 631 | BG78: 0 | BH78: 25 | BI78: 177 | BJ78: 154 | BK78: 165 | BL78: 110 | BM78: =SUM(BG78:BL78) -> 631 | BN78: 17 | BO78: 32 | BP78: 54 | BQ78: 9 | BR78: 8 | BS78: 103 | BT78: 0 | BU78: 3 | BV78: 12 | BW78: 49 | BX78: 27 | BY78: 12 | BZ78: =SUM(BT78:BY78) -> 103 | CA78: 17 | CB78: 0 | CC78: 0 | CD78: 0 | CE78: 0 | CF78: =SUM(CB78:CE78) -> 0 | CG78: 0 | CH78: 0 | CI78: 0 | CJ78: 0 | CK78: 0 | CL78: 0 | CM78: =SUM(CG78:CL78) -> 0 | CN78: 17 | CO78: 136 | CP78: 214 | CQ78: 147 | CR78: 99 | CS78: =SUM(CO78:CR78) -> 596 | CT78: 0 | CU78: 136 | CV78: 79 | CW78: 132 | CX78: 98 | CY78: 89 | CZ78: =SUM(CT78:CY78) -> 534 | DA78: 17 | DB78: 45 | DC78: 52 | DD78: 19 | DE78: 22 | DF78: =SUM(DB78:DE78) -> 138 | DG78: 0 | DH78: 0 | DI78: 0 | DJ78: 71 | DK78: 54 | DL78: 13 | DM78: =SUM(DG78:DL78) -> 138 | DN78: 17 | DO78: 148 | DP78: 103 | DQ78: 123 | DR78: 222 | DS78: 596 | DT78: 0 | DU78: 201 | DV78: 102 | DW78: 115 | DX78: 103 | DY78: 75 | DZ78: =SUM(DT78:DY78) -> 596 | EA78: 17 | EB78: 0 | EC78: 0 | ED78: 0 | EE78: 0 | EF78: =SUM(EB78:EE78) -> 0 | EG78: 0 | EH78: 0 | EI78: 0 | EJ78: 0 | EK78: 0 | EL78: 0 | EM78: =SUM(EG78:EL78) -> 0 | EN78: 17 | EO78: 0 | EP78: 0 | EQ78: 0 | ER78: 0 | ES78: =SUM(EO78:ER78) -> 0 | ET78: 0 | EU78: 0 | EV78: 0 | EW78: 0 | EX78: 0 | EY78: 0 | EZ78: =SUM(ET78:EY78) -> 0 | FA78: أمراض العين | FB78: 17 | FC78: =B78+O78+AB78+AO78+BB78+BO78+CB78+CO78+DB78+DO78+EB78+EO78 -> 996 | FD78: =C78+P78+AC78+AP78+BC78+BP78+CC78+CP78+DC78+DP78+EC78+EP78 -> 976 | FE78: =D78+Q78+AD78+AQ78+BD78+BQ78+CD78+CQ78+DD78+DQ78+ED78+EQ78 -> 793 | FF78: =E78+R78+AE78+AR78+BE78+BR78+CE78+CR78+DE78+DR78+EE78+ER78 -> 1050 | FG78: =SUM(FC78:FF78) -> 3815 | FH78: =G78+T78+AG78+AT78+BG78+BT78+CG78+CT78+DG78+DT78+EG78+ET78 -> 0 | FI78: =H78+U78+AH78+AU78+BH78+BU78+CH78+CU78+DH78+DU78+EH78+EU78 -> 787 | FJ78: =I78+V78+AI78+AV78+BI78+BV78+CI78+CV78+DI78+DV78+EI78+EV78 -> 715 | FK78: =J78+W78+AJ78+AW78+BJ78+BW78+CJ78+CW78+DJ78+DW78+EJ78+EW78 -> 895 | FL78: =K78+X78+AK78+AX78+BK78+BX78+CK78+CX78+DK78+DX78+EK78+EX78 -> 811 | FM78: =L78+Y78+AL78+AY78+BL78+BY78+CL78+CY78+DL78+DY78+EL78+EY78 -> 545 | FN78: =SUM(FH78:FM78) -> 3753
A79: 18 | B79: 206 | C79: 155 | D79: 136 | E79: 145 | F79: =SUM(B79:E79) -> 642 | G79: 0 | H79: 211 | I79: 108 | J79: 147 | K79: 136 | L79: 40 | M79: =SUM(G79:L79) -> 642 | N79: 18 | O79: 154 | P79: 124 | Q79: 120 | R79: 124 | S79: 522 | T79: 0 | U79: 21 | V79: 135 | W79: 174 | X79: 142 | Y79: 50 | Z79: =SUM(T79:Y79) -> 522 | AA79: 18 | AB79: 0 | AC79: 0 | AD79: 0 | AE79: 0 | AF79: =SUM(AB79:AE79) -> 0 | AG79: 0 | AH79: 0 | AI79: 0 | AJ79: 0 | AK79: 0 | AL79: 0 | AM79: =SUM(AG79:AL79) -> 0 | AN79: 18 | AO79: 206 | AP79: 155 | AQ79: 136 | AR79: 145 | AS79: =SUM(AO79:AR79) -> 642 | AT79: 0 | AU79: 211 | AV79: 108 | AW79: 147 | AX79: 136 | AY79: 40 | AZ79: =SUM(AT79:AY79) -> 642 | BA79: 18 | BB79: 174 | BC79: 152 | BD79: 147 | BE79: 114 | BF79: =SUM(BB79:BE79) -> 587 | BG79: 0 | BH79: 47 | BI79: 110 | BJ79: 157 | BK79: 166 | BL79: 107 | BM79: =SUM(BG79:BL79) -> 587 | BN79: 18 | BO79: 95 | BP79: 45 | BQ79: 2 | BR79: 1 | BS79: 143 | BT79: 17 | BU79: 22 | BV79: 26 | BW79: 32 | BX79: 27 | BY79: 19 | BZ79: =SUM(BT79:BY79) -> 143 | CA79: 18 | CB79: 0 | CC79: 0 | CD79: 0 | CE79: 0 | CF79: =SUM(CB79:CE79) -> 0 | CG79: 0 | CH79: 0 | CI79: 0 | CJ79: 0 | CK79: 0 | CL79: 0 | CM79: =SUM(CG79:CL79) -> 0 | CN79: 18 | CO79: 170 | CP79: 198 | CQ79: 120 | CR79: 120 | CS79: =SUM(CO79:CR79) -> 608 | CT79: 0 | CU79: 96 | CV79: 98 | CW79: 26 | CX79: 102 | CY79: 165 | CZ79: =SUM(CT79:CY79) -> 487 | DA79: 18 | DB79: 12 | DC79: 14 | DD79: 5 | DE79: 7 | DF79: =SUM(DB79:DE79) -> 38 | DG79: 0 | DH79: 2 | DI79: 17 | DJ79: 15 | DK79: 4 | DL79: 0 | DM79: =SUM(DG79:DL79) -> 38 | DN79: 18 | DO79: 206 | DP79: 155 | DQ79: 136 | DR79: 145 | DS79: 642 | DT79: 0 | DU79: 211 | DV79: 108 | DW79: 147 | DX79: 136 | DY79: 40 | DZ79: =SUM(DT79:DY79) -> 642 | EA79: 18 | EB79: 0 | EC79: 0 | ED79: 0 | EE79: 0 | EF79: =SUM(EB79:EE79) -> 0 | EG79: 0 | EH79: 0 | EI79: 0 | EJ79: 0 | EK79: 0 | EL79: 0 | EM79: =SUM(EG79:EL79) -> 0 | EN79: 18 | EO79: 0 | EP79: 0 | EQ79: 0 | ER79: 0 | ES79: =SUM(EO79:ER79) -> 0 | ET79: 0 | EU79: 0 | EV79: 0 | EW79: 0 | EX79: 0 | EY79: 0 | EZ79: =SUM(ET79:EY79) -> 0 | FA79: أمراض الأذن والماستويد | FB79: 18 | FC79: =B79+O79+AB79+AO79+BB79+BO79+CB79+CO79+DB79+DO79+EB79+EO79 -> 1223 | FD79: =C79+P79+AC79+AP79+BC79+BP79+CC79+CP79+DC79+DP79+EC79+EP79 -> 998 | FE79: =D79+Q79+AD79+AQ79+BD79+BQ79+CD79+CQ79+DD79+DQ79+ED79+EQ79 -> 802 | FF79: =E79+R79+AE79+AR79+BE79+BR79+CE79+CR79+DE79+DR79+EE79+ER79 -> 801 | FG79: =SUM(FC79:FF79) -> 3824 | FH79: =G79+T79+AG79+AT79+BG79+BT79+CG79+CT79+DG79+DT79+EG79+ET79 -> 17 | FI79: =H79+U79+AH79+AU79+BH79+BU79+CH79+CU79+DH79+DU79+EH79+EU79 -> 821 | FJ79: =I79+V79+AI79+AV79+BI79+BV79+CI79+CV79+DI79+DV79+EI79+EV79 -> 710 | FK79: =J79+W79+AJ79+AW79+BJ79+BW79+CJ79+CW79+DJ79+DW79+EJ79+EW79 -> 845 | FL79: =K79+X79+AK79+AX79+BK79+BX79+CK79+CX79+DK79+DX79+EK79+EX79 -> 849 | FM79: =L79+Y79+AL79+AY79+BL79+BY79+CL79+CY79+DL79+DY79+EL79+EY79 -> 461 | FN79: =SUM(FH79:FM79) -> 3703
A80: 19 | B80: 266 | C80: 201 | D80: 198 | E80: 201 | F80: =SUM(B80:E80) -> 866 | G80: 0 | H80: 280 | I80: 165 | J80: 149 | K80: 163 | L80: 109 | M80: =SUM(G80:L80) -> 866 | N80: 19 | O80: 142 | P80: 135 | Q80: 140 | R80: 122 | S80: 539 | T80: 0 | U80: 25 | V80: 128 | W80: 177 | X80: 127 | Y80: 82 | Z80: =SUM(T80:Y80) -> 539 | AA80: 19 | AB80: 0 | AC80: 0 | AD80: 0 | AE80: 0 | AF80: =SUM(AB80:AE80) -> 0 | AG80: 0 | AH80: 0 | AI80: 0 | AJ80: 0 | AK80: 0 | AL80: 0 | AM80: =SUM(AG80:AL80) -> 0 | AN80: 19 | AO80: 266 | AP80: 201 | AQ80: 198 | AR80: 201 | AS80: =SUM(AO80:AR80) -> 866 | AT80: 0 | AU80: 280 | AV80: 165 | AW80: 149 | AX80: 163 | AY80: 109 | AZ80: =SUM(AT80:AY80) -> 866 | BA80: 19 | BB80: 481 | BC80: 321 | BD80: 325 | BE80: 211 | BF80: =SUM(BB80:BE80) -> 1338 | BG80: 0 | BH80: 78 | BI80: 287 | BJ80: 355 | BK80: 388 | BL80: 230 | BM80: =SUM(BG80:BL80) -> 1338 | BN80: 19 | BO80: 199 | BP80: 321 | BQ80: 23 | BR80: 19 | BS80: 562 | BT80: 0 | BU80: 0 | BV80: 54 | BW80: 210 | BX80: 178 | BY80: 120 | BZ80: =SUM(BT80:BY80) -> 562 | CA80: 19 | CB80: 0 | CC80: 0 | CD80: 0 | CE80: 0 | CF80: =SUM(CB80:CE80) -> 0 | CG80: 0 | CH80: 0 | CI80: 0 | CJ80: 0 | CK80: 0 | CL80: 0 | CM80: =SUM(CG80:CL80) -> 0 | CN80: 19 | CO80: 169 | CP80: 175 | CQ80: 122 | CR80: 123 | CS80: =SUM(CO80:CR80) -> 589 | CT80: 0 | CU80: 84 | CV80: 189 | CW80: 102 | CX80: 160 | CY80: 199 | CZ80: =SUM(CT80:CY80) -> 734 | DA80: 19 | DB80: 25 | DC80: 27 | DD80: 10 | DE80: 5 | DF80: =SUM(DB80:DE80) -> 67 | DG80: 0 | DH80: 1 | DI80: 37 | DJ80: 22 | DK80: 7 | DL80: 0 | DM80: =SUM(DG80:DL80) -> 67 | DN80: 19 | DO80: 266 | DP80: 201 | DQ80: 198 | DR80: 201 | DS80: 866 | DT80: 0 | DU80: 280 | DV80: 165 | DW80: 149 | DX80: 163 | DY80: 109 | DZ80: =SUM(DT80:DY80) -> 866 | EA80: 19 | EB80: 0 | EC80: 0 | ED80: 0 | EE80: 0 | EF80: =SUM(EB80:EE80) -> 0 | EG80: 0 | EH80: 0 | EI80: 0 | EJ80: 0 | EK80: 0 | EL80: 0 | EM80: =SUM(EG80:EL80) -> 0 | EN80: 19 | EO80: 0 | EP80: 0 | EQ80: 0 | ER80: 0 | ES80: =SUM(EO80:ER80) -> 0 | ET80: 0 | EU80: 0 | EV80: 0 | EW80: 0 | EX80: 0 | EY80: 0 | EZ80: =SUM(ET80:EY80) -> 0 | FA80: إلتهاب الجهاز التنفسي العلوي | FB80: 19 | FC80: =B80+O80+AB80+AO80+BB80+BO80+CB80+CO80+DB80+DO80+EB80+EO80 -> 1814 | FD80: =C80+P80+AC80+AP80+BC80+BP80+CC80+CP80+DC80+DP80+EC80+EP80 -> 1582 | FE80: =D80+Q80+AD80+AQ80+BD80+BQ80+CD80+CQ80+DD80+DQ80+ED80+EQ80 -> 1214 | FF80: =E80+R80+AE80+AR80+BE80+BR80+CE80+CR80+DE80+DR80+EE80+ER80 -> 1083 | FG80: =SUM(FC80:FF80) -> 5693 | FH80: =G80+T80+AG80+AT80+BG80+BT80+CG80+CT80+DG80+DT80+EG80+ET80 -> 0 | FI80: =H80+U80+AH80+AU80+BH80+BU80+CH80+CU80+DH80+DU80+EH80+EU80 -> 1028 | FJ80: =I80+V80+AI80+AV80+BI80+BV80+CI80+CV80+DI80+DV80+EI80+EV80 -> 1190 | FK80: =J80+W80+AJ80+AW80+BJ80+BW80+CJ80+CW80+DJ80+DW80+EJ80+EW80 -> 1313 | FL80: =K80+X80+AK80+AX80+BK80+BX80+CK80+CX80+DK80+DX80+EK80+EX80 -> 1349 | FM80: =L80+Y80+AL80+AY80+BL80+BY80+CL80+CY80+DL80+DY80+EL80+EY80 -> 958 | FN80: =SUM(FH80:FM80) -> 5838
A81: 20 | B81: 231 | C81: 139 | D81: 160 | E81: 136 | F81: =SUM(B81:E81) -> 666 | G81: 0 | H81: 97 | I81: 156 | J81: 163 | K81: 149 | L81: 101 | M81: =SUM(G81:L81) -> 666 | N81: 20 | O81: 154 | P81: 125 | Q81: 144 | R81: 104 | S81: 527 | T81: 0 | U81: 44 | V81: 121 | W81: 155 | X81: 127 | Y81: 80 | Z81: =SUM(T81:Y81) -> 527 | AA81: 20 | AB81: 0 | AC81: 0 | AD81: 0 | AE81: 0 | AF81: =SUM(AB81:AE81) -> 0 | AG81: 0 | AH81: 0 | AI81: 0 | AJ81: 0 | AK81: 0 | AL81: 0 | AM81: =SUM(AG81:AL81) -> 0 | AN81: 20 | AO81: 231 | AP81: 139 | AQ81: 160 | AR81: 136 | AS81: =SUM(AO81:AR81) -> 666 | AT81: 0 | AU81: 97 | AV81: 156 | AW81: 163 | AX81: 149 | AY81: 101 | AZ81: =SUM(AT81:AY81) -> 666 | BA81: 20 | BB81: 174 | BC81: 142 | BD81: 142 | BE81: 100 | BF81: =SUM(BB81:BE81) -> 558 | BG81: 0 | BH81: 20 | BI81: 140 | BJ81: 176 | BK81: 152 | BL81: 70 | BM81: =SUM(BG81:BL81) -> 558 | BN81: 20 | BO81: 21 | BP81: 28 | BQ81: 7 | BR81: 11 | BS81: 67 | BT81: 0 | BU81: 0 | BV81: 2 | BW81: 19 | BX81: 23 | BY81: 23 | BZ81: =SUM(BT81:BY81) -> 67 | CA81: 20 | CB81: 0 | CC81: 0 | CD81: 0 | CE81: 0 | CF81: =SUM(CB81:CE81) -> 0 | CG81: 0 | CH81: 0 | CI81: 0 | CJ81: 0 | CK81: 0 | CL81: 0 | CM81: =SUM(CG81:CL81) -> 0 | CN81: 20 | CO81: 123 | CP81: 192 | CQ81: 136 | CR81: 268 | CS81: =SUM(CO81:CR81) -> 719 | CT81: 0 | CU81: 78 | CV81: 174 | CW81: 141 | CX81: 103 | CY81: 157 | CZ81: =SUM(CT81:CY81) -> 653 | DA81: 20 | DB81: 20 | DC81: 28 | DD81: 4 | DE81: 4 | DF81: =SUM(DB81:DE81) -> 56 | DG81: 0 | DH81: 0 | DI81: 31 | DJ81: 20 | DK81: 5 | DL81: 0 | DM81: =SUM(DG81:DL81) -> 56 | DN81: 20 | DO81: 231 | DP81: 139 | DQ81: 160 | DR81: 136 | DS81: 666 | DT81: 0 | DU81: 97 | DV81: 156 | DW81: 163 | DX81: 149 | DY81: 101 | DZ81: =SUM(DT81:DY81) -> 666 | EA81: 20 | EB81: 0 | EC81: 0 | ED81: 0 | EE81: 0 | EF81: =SUM(EB81:EE81) -> 0 | EG81: 0 | EH81: 0 | EI81: 0 | EJ81: 0 | EK81: 0 | EL81: 0 | EM81: =SUM(EG81:EL81) -> 0 | EN81: 20 | EO81: 0 | EP81: 0 | EQ81: 0 | ER81: 0 | ES81: =SUM(EO81:ER81) -> 0 | ET81: 0 | EU81: 0 | EV81: 0 | EW81: 0 | EX81: 0 | EY81: 0 | EZ81: =SUM(ET81:EY81) -> 0 | FA81: الإلتهابات الرئوية | FB81: 20 | FC81: =B81+O81+AB81+AO81+BB81+BO81+CB81+CO81+DB81+DO81+EB81+EO81 -> 1185 | FD81: =C81+P81+AC81+AP81+BC81+BP81+CC81+CP81+DC81+DP81+EC81+EP81 -> 932 | FE81: =D81+Q81+AD81+AQ81+BD81+BQ81+CD81+CQ81+DD81+DQ81+ED81+EQ81 -> 913 | FF81: =E81+R81+AE81+AR81+BE81+BR81+CE81+CR81+DE81+DR81+EE81+ER81 -> 895 | FG81: =SUM(FC81:FF81) -> 3925 | FH81: =G81+T81+AG81+AT81+BG81+BT81+CG81+CT81+DG81+DT81+EG81+ET81 -> 0 | FI81: =H81+U81+AH81+AU81+BH81+BU81+CH81+CU81+DH81+DU81+EH81+EU81 -> 433 | FJ81: =I81+V81+AI81+AV81+BI81+BV81+CI81+CV81+DI81+DV81+EI81+EV81 -> 936 | FK81: =J81+W81+AJ81+AW81+BJ81+BW81+CJ81+CW81+DJ81+DW81+EJ81+EW81 -> 1000 | FL81: =K81+X81+AK81+AX81+BK81+BX81+CK81+CX81+DK81+DX81+EK81+EX81 -> 857 | FM81: =L81+Y81+AL81+AY81+BL81+BY81+CL81+CY81+DL81+DY81+EL81+EY81 -> 633 | FN81: =SUM(FH81:FM81) -> 3859
A82: 21 | B82: 245 | C82: 165 | D82: 148 | E82: 201 | F82: =SUM(B82:E82) -> 759 | G82: 0 | H82: 101 | I82: 189 | J82: 147 | K82: 156 | L82: 166 | M82: =SUM(G82:L82) -> 759 | N82: 21 | O82: 175 | P82: 147 | Q82: 120 | R82: 110 | S82: 552 | T82: 0 | U82: 47 | V82: 114 | W82: 158 | X82: 135 | Y82: 98 | Z82: =SUM(T82:Y82) -> 552 | AA82: 21 | AB82: 0 | AC82: 0 | AD82: 0 | AE82: 0 | AF82: =SUM(AB82:AE82) -> 0 | AG82: 0 | AH82: 0 | AI82: 0 | AJ82: 0 | AK82: 0 | AL82: 0 | AM82: =SUM(AG82:AL82) -> 0 | AN82: 21 | AO82: 245 | AP82: 165 | AQ82: 148 | AR82: 201 | AS82: =SUM(AO82:AR82) -> 759 | AT82: 0 | AU82: 101 | AV82: 189 | AW82: 147 | AX82: 156 | AY82: 166 | AZ82: =SUM(AT82:AY82) -> 759 | BA82: 21 | BB82: 157 | BC82: 124 | BD82: 142 | BE82: 102 | BF82: =SUM(BB82:BE82) -> 525 | BG82: 0 | BH82: 41 | BI82: 102 | BJ82: 174 | BK82: 150 | BL82: 58 | BM82: =SUM(BG82:BL82) -> 525 | BN82: 21 | BO82: 14 | BP82: 21 | BQ82: 9 | BR82: 14 | BS82: 58 | BT82: 0 | BU82: 12 | BV82: 0 | BW82: 33 | BX82: 9 | BY82: 4 | BZ82: =SUM(BT82:BY82) -> 58 | CA82: 21 | CB82: 0 | CC82: 0 | CD82: 0 | CE82: 0 | CF82: =SUM(CB82:CE82) -> 0 | CG82: 0 | CH82: 0 | CI82: 0 | CJ82: 0 | CK82: 0 | CL82: 0 | CM82: =SUM(CG82:CL82) -> 0 | CN82: 21 | CO82: 103 | CP82: 206 | CQ82: 130 | CR82: 132 | CS82: =SUM(CO82:CR82) -> 571 | CT82: 0 | CU82: 98 | CV82: 16 | CW82: 116 | CX82: 115 | CY82: 112 | CZ82: =SUM(CT82:CY82) -> 457 | DA82: 21 | DB82: 4 | DC82: 7 | DD82: 0 | DE82: 0 | DF82: =SUM(DB82:DE82) -> 11 | DG82: 0 | DH82: 0 | DI82: 3 | DJ82: 5 | DK82: 3 | DL82: 0 | DM82: =SUM(DG82:DL82) -> 11 | DN82: 21 | DO82: 245 | DP82: 165 | DQ82: 148 | DR82: 201 | DS82: 759 | DT82: 0 | DU82: 101 | DV82: 189 | DW82: 147 | DX82: 156 | DY82: 166 | DZ82: =SUM(DT82:DY82) -> 759 | EA82: 21 | EB82: 0 | EC82: 0 | ED82: 0 | EE82: 0 | EF82: =SUM(EB82:EE82) -> 0 | EG82: 0 | EH82: 0 | EI82: 0 | EJ82: 0 | EK82: 0 | EL82: 0 | EM82: =SUM(EG82:EL82) -> 0 | EN82: 21 | EO82: 0 | EP82: 0 | EQ82: 0 | ER82: 0 | ES82: =SUM(EO82:ER82) -> 0 | ET82: 0 | EU82: 0 | EV82: 0 | EW82: 0 | EX82: 0 | EY82: 0 | EZ82: =SUM(ET82:EY82) -> 0 | FA82: الربو | FB82: 21 | FC82: =B82+O82+AB82+AO82+BB82+BO82+CB82+CO82+DB82+DO82+EB82+EO82 -> 1188 | FD82: =C82+P82+AC82+AP82+BC82+BP82+CC82+CP82+DC82+DP82+EC82+EP82 -> 1000 | FE82: =D82+Q82+AD82+AQ82+BD82+BQ82+CD82+CQ82+DD82+DQ82+ED82+EQ82 -> 845 | FF82: =E82+R82+AE82+AR82+BE82+BR82+CE82+CR82+DE82+DR82+EE82+ER82 -> 961 | FG82: =SUM(FC82:FF82) -> 3994 | FH82: =G82+T82+AG82+AT82+BG82+BT82+CG82+CT82+DG82+DT82+EG82+ET82 -> 0 | FI82: =H82+U82+AH82+AU82+BH82+BU82+CH82+CU82+DH82+DU82+EH82+EU82 -> 501 | FJ82: =I82+V82+AI82+AV82+BI82+BV82+CI82+CV82+DI82+DV82+EI82+EV82 -> 802 | FK82: =J82+W82+AJ82+AW82+BJ82+BW82+CJ82+CW82+DJ82+DW82+EJ82+EW82 -> 927 | FL82: =K82+X82+AK82+AX82+BK82+BX82+CK82+CX82+DK82+DX82+EK82+EX82 -> 880 | FM82: =L82+Y82+AL82+AY82+BL82+BY82+CL82+CY82+DL82+DY82+EL82+EY82 -> 770 | FN82: =SUM(FH82:FM82) -> 3880
A83: 22 | B83: 234 | C83: 152 | D83: 263 | E83: 147 | F83: =SUM(B83:E83) -> 796 | G83: 0 | H83: 263 | I83: 258 | J83: 124 | K83: 98 | L83: 53 | M83: =SUM(G83:L83) -> 796 | N83: 22 | O83: 168 | P83: 142 | Q83: 144 | R83: 142 | S83: 596 | T83: 0 | U83: 50 | V83: 136 | W83: 147 | X83: 158 | Y83: 105 | Z83: =SUM(T83:Y83) -> 596 | AA83: 22 | AB83: 0 | AC83: 0 | AD83: 0 | AE83: 0 | AF83: =SUM(AB83:AE83) -> 0 | AG83: 0 | AH83: 0 | AI83: 0 | AJ83: 0 | AK83: 0 | AL83: 0 | AM83: =SUM(AG83:AL83) -> 0 | AN83: 22 | AO83: 234 | AP83: 152 | AQ83: 263 | AR83: 147 | AS83: =SUM(AO83:AR83) -> 796 | AT83: 0 | AU83: 263 | AV83: 258 | AW83: 124 | AX83: 98 | AY83: 53 | AZ83: =SUM(AT83:AY83) -> 796 | BA83: 22 | BB83: 208 | BC83: 192 | BD83: 188 | BE83: 104 | BF83: =SUM(BB83:BE83) -> 692 | BG83: 0 | BH83: 35 | BI83: 100 | BJ83: 175 | BK83: 211 | BL83: 171 | BM83: =SUM(BG83:BL83) -> 692 | BN83: 22 | BO83: 113 | BP83: 186 | BQ83: 0 | BR83: 0 | BS83: 299 | BT83: 0 | BU83: 26 | BV83: 34 | BW83: 87 | BX83: 152 | BY83: 0 | BZ83: =SUM(BT83:BY83) -> 299 | CA83: 22 | CB83: 0 | CC83: 0 | CD83: 0 | CE83: 0 | CF83: =SUM(CB83:CE83) -> 0 | CG83: 0 | CH83: 0 | CI83: 0 | CJ83: 0 | CK83: 0 | CL83: 0 | CM83: =SUM(CG83:CL83) -> 0 | CN83: 22 | CO83: 105 | CP83: 147 | CQ83: 140 | CR83: 122 | CS83: =SUM(CO83:CR83) -> 514 | CT83: 0 | CU83: 45 | CV83: 125 | CW83: 170 | CX83: 119 | CY83: 103 | CZ83: =SUM(CT83:CY83) -> 562 | DA83: 22 | DB83: 17 | DC83: 24 | DD83: 8 | DE83: 8 | DF83: =SUM(DB83:DE83) -> 57 | DG83: 0 | DH83: 15 | DI83: 11 | DJ83: 19 | DK83: 12 | DL83: 0 | DM83: =SUM(DG83:DL83) -> 57 | DN83: 22 | DO83: 234 | DP83: 152 | DQ83: 263 | DR83: 147 | DS83: 796 | DT83: 0 | DU83: 263 | DV83: 258 | DW83: 124 | DX83: 98 | DY83: 53 | DZ83: =SUM(DT83:DY83) -> 796 | EA83: 22 | EB83: 0 | EC83: 0 | ED83: 0 | EE83: 0 | EF83: =SUM(EB83:EE83) -> 0 | EG83: 0 | EH83: 0 | EI83: 0 | EJ83: 0 | EK83: 0 | EL83: 0 | EM83: =SUM(EG83:EL83) -> 0 | EN83: 22 | EO83: 0 | EP83: 0 | EQ83: 0 | ER83: 0 | ES83: =SUM(EO83:ER83) -> 0 | ET83: 0 | EU83: 0 | EV83: 0 | EW83: 0 | EX83: 0 | EY83: 0 | EZ83: =SUM(ET83:EY83) -> 0 | FA83: أمراض الفم والأسنان | FB83: 22 | FC83: =B83+O83+AB83+AO83+BB83+BO83+CB83+CO83+DB83+DO83+EB83+EO83 -> 1313 | FD83: =C83+P83+AC83+AP83+BC83+BP83+CC83+CP83+DC83+DP83+EC83+EP83 -> 1147 | FE83: =D83+Q83+AD83+AQ83+BD83+BQ83+CD83+CQ83+DD83+DQ83+ED83+EQ83 -> 1269 | FF83: =E83+R83+AE83+AR83+BE83+BR83+CE83+CR83+DE83+DR83+EE83+ER83 -> 817 | FG83: =SUM(FC83:FF83) -> 4546 | FH83: =G83+T83+AG83+AT83+BG83+BT83+CG83+CT83+DG83+DT83+EG83+ET83 -> 0 | FI83: =H83+U83+AH83+AU83+BH83+BU83+CH83+CU83+DH83+DU83+EH83+EU83 -> 960 | FJ83: =I83+V83+AI83+AV83+BI83+BV83+CI83+CV83+DI83+DV83+EI83+EV83 -> 1180 | FK83: =J83+W83+AJ83+AW83+BJ83+BW83+CJ83+CW83+DJ83+DW83+EJ83+EW83 -> 970 | FL83: =K83+X83+AK83+AX83+BK83+BX83+CK83+CX83+DK83+DX83+EK83+EX83 -> 946 | FM83: =L83+Y83+AL83+AY83+BL83+BY83+CL83+CY83+DL83+DY83+EL83+EY83 -> 538 | FN83: =SUM(FH83:FM83) -> 4594
A84: 23 | B84: 270 | C84: 206 | D84: 184 | E84: 181 | F84: =SUM(B84:E84) -> 841 | G84: 0 | H84: 239 | I84: 263 | J84: 102 | K84: 118 | L84: 119 | M84: =SUM(G84:L84) -> 841 | N84: 23 | O84: 184 | P84: 132 | Q84: 151 | R84: 124 | S84: 591 | T84: 0 | U84: 60 | V84: 128 | W84: 157 | X84: 163 | Y84: 83 | Z84: =SUM(T84:Y84) -> 591 | AA84: 23 | AB84: 0 | AC84: 0 | AD84: 0 | AE84: 0 | AF84: =SUM(AB84:AE84) -> 0 | AG84: 0 | AH84: 0 | AI84: 0 | AJ84: 0 | AK84: 0 | AL84: 0 | AM84: =SUM(AG84:AL84) -> 0 | AN84: 23 | AO84: 270 | AP84: 206 | AQ84: 184 | AR84: 181 | AS84: =SUM(AO84:AR84) -> 841 | AT84: 0 | AU84: 239 | AV84: 263 | AW84: 102 | AX84: 118 | AY84: 119 | AZ84: =SUM(AT84:AY84) -> 841 | BA84: 23 | BB84: 162 | BC84: 124 | BD84: 154 | BE84: 103 | BF84: =SUM(BB84:BE84) -> 543 | BG84: 0 | BH84: 41 | BI84: 98 | BJ84: 121 | BK84: 175 | BL84: 108 | BM84: =SUM(BG84:BL84) -> 543 | BN84: 23 | BO84: 75 | BP84: 67 | BQ84: 8 | BR84: 11 | BS84: 161 | BT84: 0 | BU84: 19 | BV84: 22 | BW84: 36 | BX84: 35 | BY84: 49 | BZ84: =SUM(BT84:BY84) -> 161 | CA84: 23 | CB84: 0 | CC84: 0 | CD84: 0 | CE84: 0 | CF84: =SUM(CB84:CE84) -> 0 | CG84: 0 | CH84: 0 | CI84: 0 | CJ84: 0 | CK84: 0 | CL84: 0 | CM84: =SUM(CG84:CL84) -> 0 | CN84: 23 | CO84: 142 | CP84: 168 | CQ84: 265 | CR84: 190 | CS84: =SUM(CO84:CR84) -> 765 | CT84: 0 | CU84: 102 | CV84: 133 | CW84: 123 | CX84: 152 | CY84: 152 | CZ84: =SUM(CT84:CY84) -> 662 | DA84: 23 | DB84: 17 | DC84: 21 | DD84: 2 | DE84: 5 | DF84: =SUM(DB84:DE84) -> 45 | DG84: 0 | DH84: 2 | DI84: 20 | DJ84: 14 | DK84: 9 | DL84: 0 | DM84: =SUM(DG84:DL84) -> 45 | DN84: 23 | DO84: 270 | DP84: 206 | DQ84: 184 | DR84: 181 | DS84: 841 | DT84: 0 | DU84: 239 | DV84: 263 | DW84: 102 | DX84: 118 | DY84: 119 | DZ84: =SUM(DT84:DY84) -> 841 | EA84: 23 | EB84: 0 | EC84: 0 | ED84: 0 | EE84: 0 | EF84: =SUM(EB84:EE84) -> 0 | EG84: 0 | EH84: 0 | EI84: 0 | EJ84: 0 | EK84: 0 | EL84: 0 | EM84: =SUM(EG84:EL84) -> 0 | EN84: 23 | EO84: 0 | EP84: 0 | EQ84: 0 | ER84: 0 | ES84: =SUM(EO84:ER84) -> 0 | ET84: 0 | EU84: 0 | EV84: 0 | EW84: 0 | EX84: 0 | EY84: 0 | EZ84: =SUM(ET84:EY84) -> 0 | FA84: أمراض المعدة والمريء والأمعاء الدقيقة | FB84: 23 | FC84: =B84+O84+AB84+AO84+BB84+BO84+CB84+CO84+DB84+DO84+EB84+EO84 -> 1390 | FD84: =C84+P84+AC84+AP84+BC84+BP84+CC84+CP84+DC84+DP84+EC84+EP84 -> 1130 | FE84: =D84+Q84+AD84+AQ84+BD84+BQ84+CD84+CQ84+DD84+DQ84+ED84+EQ84 -> 1132 | FF84: =E84+R84+AE84+AR84+BE84+BR84+CE84+CR84+DE84+DR84+EE84+ER84 -> 976 | FG84: =SUM(FC84:FF84) -> 4628 | FH84: =G84+T84+AG84+AT84+BG84+BT84+CG84+CT84+DG84+DT84+EG84+ET84 -> 0 | FI84: =H84+U84+AH84+AU84+BH84+BU84+CH84+CU84+DH84+DU84+EH84+EU84 -> 941 | FJ84: =I84+V84+AI84+AV84+BI84+BV84+CI84+CV84+DI84+DV84+EI84+EV84 -> 1190 | FK84: =J84+W84+AJ84+AW84+BJ84+BW84+CJ84+CW84+DJ84+DW84+EJ84+EW84 -> 757 | FL84: =K84+X84+AK84+AX84+BK84+BX84+CK84+CX84+DK84+DX84+EK84+EX84 -> 888 | FM84: =L84+Y84+AL84+AY84+BL84+BY84+CL84+CY84+DL84+DY84+EL84+EY84 -> 749 | FN84: =SUM(FH84:FM84) -> 4525
A85: 24 | B85: 240 | C85: 156 | D85: 201 | E85: 154 | F85: =SUM(B85:E85) -> 751 | G85: 0 | H85: 263 | I85: 241 | J85: 81 | K85: 85 | L85: 81 | M85: =SUM(G85:L85) -> 751 | N85: 24 | O85: 179 | P85: 142 | Q85: 135 | R85: 102 | S85: 558 | T85: 0 | U85: 45 | V85: 111 | W85: 144 | X85: 154 | Y85: 104 | Z85: =SUM(T85:Y85) -> 558 | AA85: 24 | AB85: 0 | AC85: 0 | AD85: 0 | AE85: 0 | AF85: =SUM(AB85:AE85) -> 0 | AG85: 0 | AH85: 0 | AI85: 0 | AJ85: 0 | AK85: 0 | AL85: 0 | AM85: =SUM(AG85:AL85) -> 0 | AN85: 24 | AO85: 240 | AP85: 156 | AQ85: 201 | AR85: 154 | AS85: =SUM(AO85:AR85) -> 751 | AT85: 0 | AU85: 263 | AV85: 241 | AW85: 81 | AX85: 85 | AY85: 81 | AZ85: =SUM(AT85:AY85) -> 751 | BA85: 24 | BB85: 174 | BC85: 152 | BD85: 158 | BE85: 104 | BF85: =SUM(BB85:BE85) -> 588 | BG85: 0 | BH85: 47 | BI85: 174 | BJ85: 154 | BK85: 176 | BL85: 37 | BM85: =SUM(BG85:BL85) -> 588 | BN85: 24 | BO85: 95 | BP85: 104 | BQ85: 20 | BR85: 18 | BS85: 237 | BT85: 0 | BU85: 0 | BV85: 0 | BW85: 32 | BX85: 118 | BY85: 87 | BZ85: =SUM(BT85:BY85) -> 237 | CA85: 24 | CB85: 0 | CC85: 0 | CD85: 0 | CE85: 0 | CF85: =SUM(CB85:CE85) -> 0 | CG85: 0 | CH85: 0 | CI85: 0 | CJ85: 0 | CK85: 0 | CL85: 0 | CM85: =SUM(CG85:CL85) -> 0 | CN85: 24 | CO85: 122 | CP85: 125 | CQ85: 140 | CR85: 180 | CS85: =SUM(CO85:CR85) -> 567 | CT85: 0 | CU85: 162 | CV85: 69 | CW85: 158 | CX85: 78 | CY85: 114 | CZ85: =SUM(CT85:CY85) -> 581 | DA85: 24 | DB85: 28 | DC85: 32 | DD85: 4 | DE85: 5 | DF85: =SUM(DB85:DE85) -> 69 | DG85: 0 | DH85: 2 | DI85: 21 | DJ85: 25 | DK85: 18 | DL85: 3 | DM85: =SUM(DG85:DL85) -> 69 | DN85: 24 | DO85: 240 | DP85: 156 | DQ85: 201 | DR85: 154 | DS85: 751 | DT85: 0 | DU85: 263 | DV85: 241 | DW85: 81 | DX85: 85 | DY85: 81 | DZ85: =SUM(DT85:DY85) -> 751 | EA85: 24 | EB85: 0 | EC85: 0 | ED85: 0 | EE85: 0 | EF85: =SUM(EB85:EE85) -> 0 | EG85: 0 | EH85: 0 | EI85: 0 | EJ85: 0 | EK85: 0 | EL85: 0 | EM85: =SUM(EG85:EL85) -> 0 | EN85: 24 | EO85: 0 | EP85: 0 | EQ85: 0 | ER85: 0 | ES85: =SUM(EO85:ER85) -> 0 | ET85: 0 | EU85: 0 | EV85: 0 | EW85: 0 | EX85: 0 | EY85: 0 | EZ85: =SUM(ET85:EY85) -> 0 | FA85: أمراض القالون والمستقيم والشرج | FB85: 24 | FC85: =B85+O85+AB85+AO85+BB85+BO85+CB85+CO85+DB85+DO85+EB85+EO85 -> 1318 | FD85: =C85+P85+AC85+AP85+BC85+BP85+CC85+CP85+DC85+DP85+EC85+EP85 -> 1023 | FE85: =D85+Q85+AD85+AQ85+BD85+BQ85+CD85+CQ85+DD85+DQ85+ED85+EQ85 -> 1060 | FF85: =E85+R85+AE85+AR85+BE85+BR85+CE85+CR85+DE85+DR85+EE85+ER85 -> 871 | FG85: =SUM(FC85:FF85) -> 4272 | FH85: =G85+T85+AG85+AT85+BG85+BT85+CG85+CT85+DG85+DT85+EG85+ET85 -> 0 | FI85: =H85+U85+AH85+AU85+BH85+BU85+CH85+CU85+DH85+DU85+EH85+EU85 -> 1045 | FJ85: =I85+V85+AI85+AV85+BI85+BV85+CI85+CV85+DI85+DV85+EI85+EV85 -> 1098 | FK85: =J85+W85+AJ85+AW85+BJ85+BW85+CJ85+CW85+DJ85+DW85+EJ85+EW85 -> 756 | FL85: =K85+X85+AK85+AX85+BK85+BX85+CK85+CX85+DK85+DX85+EK85+EX85 -> 799 | FM85: =L85+Y85+AL85+AY85+BL85+BY85+CL85+CY85+DL85+DY85+EL85+EY85 -> 588 | FN85: =SUM(FH85:FM85) -> 4286
A86: 25 | B86: 210 | C86: 134 | D86: 145 | E86: 205 | F86: =SUM(B86:E86) -> 694 | G86: 0 | H86: 204 | I86: 180 | J86: 159 | K86: 49 | L86: 102 | M86: =SUM(G86:L86) -> 694 | N86: 25 | O86: 187 | P86: 133 | Q86: 142 | R86: 114 | S86: 576 | T86: 0 | U86: 25 | V86: 108 | W86: 159 | X86: 174 | Y86: 110 | Z86: =SUM(T86:Y86) -> 576 | AA86: 25 | AB86: 0 | AC86: 0 | AD86: 0 | AE86: 0 | AF86: =SUM(AB86:AE86) -> 0 | AG86: 0 | AH86: 0 | AI86: 0 | AJ86: 0 | AK86: 0 | AL86: 0 | AM86: =SUM(AG86:AL86) -> 0 | AN86: 25 | AO86: 210 | AP86: 134 | AQ86: 145 | AR86: 205 | AS86: =SUM(AO86:AR86) -> 694 | AT86: 0 | AU86: 204 | AV86: 180 | AW86: 159 | AX86: 49 | AY86: 102 | AZ86: =SUM(AT86:AY86) -> 694 | BA86: 25 | BB86: 185 | BC86: 117 | BD86: 136 | BE86: 100 | BF86: =SUM(BB86:BE86) -> 538 | BG86: 0 | BH86: 54 | BI86: 134 | BJ86: 120 | BK86: 141 | BL86: 89 | BM86: =SUM(BG86:BL86) -> 538 | BN86: 25 | BO86: 0 | BP86: 25 | BQ86: 0 | BR86: 0 | BS86: 25 | BT86: 0 | BU86: 0 | BV86: 0 | BW86: 25 | BX86: 0 | BY86: 0 | BZ86: =SUM(BT86:BY86) -> 25 | CA86: 25 | CB86: 0 | CC86: 0 | CD86: 0 | CE86: 0 | CF86: =SUM(CB86:CE86) -> 0 | CG86: 0 | CH86: 0 | CI86: 0 | CJ86: 0 | CK86: 0 | CL86: 0 | CM86: =SUM(CG86:CL86) -> 0 | CN86: 25 | CO86: 136 | CP86: 134 | CQ86: 120 | CR86: 165 | CS86: =SUM(CO86:CR86) -> 555 | CT86: 0 | CU86: 141 | CV86: 145 | CW86: 149 | CX86: 147 | CY86: 169 | CZ86: =SUM(CT86:CY86) -> 751 | DA86: 25 | DB86: 7 | DC86: 8 | DD86: 0 | DE86: 0 | DF86: =SUM(DB86:DE86) -> 15 | DG86: 0 | DH86: 0 | DI86: 2 | DJ86: 5 | DK86: 6 | DL86: 2 | DM86: =SUM(DG86:DL86) -> 15 | DN86: 25 | DO86: 210 | DP86: 134 | DQ86: 145 | DR86: 205 | DS86: 694 | DT86: 0 | DU86: 204 | DV86: 180 | DW86: 159 | DX86: 49 | DY86: 102 | DZ86: =SUM(DT86:DY86) -> 694 | EA86: 25 | EB86: 0 | EC86: 0 | ED86: 0 | EE86: 0 | EF86: =SUM(EB86:EE86) -> 0 | EG86: 0 | EH86: 0 | EI86: 0 | EJ86: 0 | EK86: 0 | EL86: 0 | EM86: =SUM(EG86:EL86) -> 0 | EN86: 25 | EO86: 0 | EP86: 0 | EQ86: 0 | ER86: 0 | ES86: =SUM(EO86:ER86) -> 0 | ET86: 0 | EU86: 0 | EV86: 0 | EW86: 0 | EX86: 0 | EY86: 0 | EZ86: =SUM(ET86:EY86) -> 0 | FA86: أمراض الجهاز البولي | FB86: 25 | FC86: =B86+O86+AB86+AO86+BB86+BO86+CB86+CO86+DB86+DO86+EB86+EO86 -> 1145 | FD86: =C86+P86+AC86+AP86+BC86+BP86+CC86+CP86+DC86+DP86+EC86+EP86 -> 819 | FE86: =D86+Q86+AD86+AQ86+BD86+BQ86+CD86+CQ86+DD86+DQ86+ED86+EQ86 -> 833 | FF86: =E86+R86+AE86+AR86+BE86+BR86+CE86+CR86+DE86+DR86+EE86+ER86 -> 994 | FG86: =SUM(FC86:FF86) -> 3791 | FH86: =G86+T86+AG86+AT86+BG86+BT86+CG86+CT86+DG86+DT86+EG86+ET86 -> 0 | FI86: =H86+U86+AH86+AU86+BH86+BU86+CH86+CU86+DH86+DU86+EH86+EU86 -> 832 | FJ86: =I86+V86+AI86+AV86+BI86+BV86+CI86+CV86+DI86+DV86+EI86+EV86 -> 929 | FK86: =J86+W86+AJ86+AW86+BJ86+BW86+CJ86+CW86+DJ86+DW86+EJ86+EW86 -> 935 | FL86: =K86+X86+AK86+AX86+BK86+BX86+CK86+CX86+DK86+DX86+EK86+EX86 -> 615 | FM86: =L86+Y86+AL86+AY86+BL86+BY86+CL86+CY86+DL86+DY86+EL86+EY86 -> 676 | FN86: =SUM(FH86:FM86) -> 3987
A87: 26 | B87: 0 | C87: 120 | D87: 0 | E87: 98 | F87: =SUM(B87:E87) -> 218 | G87: 0 | H87: 0 | I87: 34 | J87: 59 | K87: 56 | L87: 69 | M87: =SUM(G87:L87) -> 218 | N87: 26 | O87: 0 | P87: 175 | Q87: 0 | R87: 132 | S87: 307 | T87: 0 | U87: 0 | V87: 80 | W87: 85 | X87: 92 | Y87: 50 | Z87: =SUM(T87:Y87) -> 307 | AA87: 26 | AB87: 0 | AC87: 0 | AD87: 0 | AE87: 0 | AF87: =SUM(AB87:AE87) -> 0 | AG87: 0 | AH87: 0 | AI87: 0 | AJ87: 0 | AK87: 0 | AL87: 0 | AM87: =SUM(AG87:AL87) -> 0 | AN87: 26 | AO87: 0 | AP87: 120 | AQ87: 0 | AR87: 98 | AS87: =SUM(AO87:AR87) -> 218 | AT87: 0 | AU87: 0 | AV87: 34 | AW87: 59 | AX87: 56 | AY87: 69 | AZ87: =SUM(AT87:AY87) -> 218 | BA87: 26 | BB87: 0 | BC87: 124 | BD87: 0 | BE87: 125 | BF87: =SUM(BB87:BE87) -> 249 | BG87: 0 | BH87: 0 | BI87: 57 | BJ87: 66 | BK87: 58 | BL87: 68 | BM87: =SUM(BG87:BL87) -> 249 | BN87: 26 | BO87: 0 | BP87: 39 | BQ87: 0 | BR87: 0 | BS87: 39 | BT87: 0 | BU87: 0 | BV87: 0 | BW87: 39 | BX87: 0 | BY87: 0 | BZ87: =SUM(BT87:BY87) -> 39 | CA87: 26 | CB87: 0 | CC87: 0 | CD87: 0 | CE87: 0 | CF87: =SUM(CB87:CE87) -> 0 | CG87: 0 | CH87: 0 | CI87: 0 | CJ87: 0 | CK87: 0 | CL87: 0 | CM87: =SUM(CG87:CL87) -> 0 | CN87: 26 | CP87: 139 | CR87: 142 | CS87: =SUM(CO87:CR87) -> 281 | CT87: 0 | CU87: 0 | CV87: 169 | CW87: 98 | CX87: 126 | CY87: 181 | CZ87: =SUM(CT87:CY87) -> 574 | DA87: 26 | DB87: 0 | DC87: 5 | DD87: 0 | DE87: 0 | DF87: =SUM(DB87:DE87) -> 5 | DG87: 0 | DH87: 0 | DI87: 0 | DJ87: 1 | DK87: 4 | DL87: 0 | DM87: =SUM(DG87:DL87) -> 5 | DN87: 26 | DO87: 0 | DP87: 120 | DQ87: 0 | DR87: 98 | DS87: 218 | DT87: 0 | DU87: 0 | DV87: 34 | DW87: 59 | DX87: 56 | DY87: 69 | DZ87: =SUM(DT87:DY87) -> 218 | EA87: 26 | EB87: 0 | EC87: 0 | ED87: 0 | EE87: 0 | EF87: =SUM(EB87:EE87) -> 0 | EG87: 0 | EH87: 0 | EI87: 0 | EJ87: 0 | EK87: 0 | EL87: 0 | EM87: =SUM(EG87:EL87) -> 0 | EN87: 26 | EO87: 0 | EP87: 0 | EQ87: 0 | ER87: 0 | ES87: =SUM(EO87:ER87) -> 0 | ET87: 0 | EU87: 0 | EV87: 0 | EW87: 0 | EX87: 0 | EY87: 0 | EZ87: =SUM(ET87:EY87) -> 0 | FA87: أمراض الثدي | FB87: 26 | FC87: =B87+O87+AB87+AO87+BB87+BO87+CB87+CO87+DB87+DO87+EB87+EO87 -> 0 | FD87: =C87+P87+AC87+AP87+BC87+BP87+CC87+CP87+DC87+DP87+EC87+EP87 -> 842 | FE87: =D87+Q87+AD87+AQ87+BD87+BQ87+CD87+CQ87+DD87+DQ87+ED87+EQ87 -> 0 | FF87: =E87+R87+AE87+AR87+BE87+BR87+CE87+CR87+DE87+DR87+EE87+ER87 -> 693 | FG87: =SUM(FC87:FF87) -> 1535 | FH87: =G87+T87+AG87+AT87+BG87+BT87+CG87+CT87+DG87+DT87+EG87+ET87 -> 0 | FI87: =H87+U87+AH87+AU87+BH87+BU87+CH87+CU87+DH87+DU87+EH87+EU87 -> 0 | FJ87: =I87+V87+AI87+AV87+BI87+BV87+CI87+CV87+DI87+DV87+EI87+EV87 -> 408 | FK87: =J87+W87+AJ87+AW87+BJ87+BW87+CJ87+CW87+DJ87+DW87+EJ87+EW87 -> 466 | FL87: =K87+X87+AK87+AX87+BK87+BX87+CK87+CX87+DK87+DX87+EK87+EX87 -> 448 | FM87: =L87+Y87+AL87+AY87+BL87+BY87+CL87+CY87+DL87+DY87+EL87+EY87 -> 506 | FN87: =SUM(FH87:FM87) -> 1828
A88: 27 | B88: 0 | C88: 114 | D88: 0 | E88: 105 | F88: =SUM(B88:E88) -> 219 | G88: 0 | H88: 0 | I88: 48 | J88: 47 | K88: 96 | L88: 28 | M88: =SUM(G88:L88) -> 219 | N88: 27 | O88: 0 | P88: 147 | Q88: 0 | R88: 124 | S88: 271 | T88: 0 | U88: 0 | V88: 85 | W88: 58 | X88: 74 | Y88: 54 | Z88: =SUM(T88:Y88) -> 271 | AA88: 27 | AB88: 0 | AC88: 0 | AD88: 0 | AE88: 0 | AF88: =SUM(AB88:AE88) -> 0 | AG88: 0 | AH88: 0 | AI88: 0 | AJ88: 0 | AK88: 0 | AL88: 0 | AM88: =SUM(AG88:AL88) -> 0 | AN88: 27 | AO88: 0 | AP88: 114 | AQ88: 0 | AR88: 105 | AS88: =SUM(AO88:AR88) -> 219 | AT88: 0 | AU88: 0 | AV88: 48 | AW88: 47 | AX88: 96 | AY88: 28 | AZ88: =SUM(AT88:AY88) -> 219 | BA88: 27 | BB88: 0 | BC88: 132 | BD88: 0 | BE88: 99 | BF88: =SUM(BB88:BE88) -> 231 | BG88: 0 | BH88: 0 | BI88: 47 | BJ88: 59 | BK88: 65 | BL88: 60 | BM88: =SUM(BG88:BL88) -> 231 | BN88: 27 | BO88: 0 | BP88: 0 | BQ88: 0 | BR88: 0 | BS88: 0 | BT88: 0 | BU88: 0 | BV88: 0 | BW88: 0 | BX88: 0 | BY88: 0 | BZ88: =SUM(BT88:BY88) -> 0 | CA88: 27 | CB88: 0 | CC88: 0 | CD88: 0 | CE88: 0 | CF88: =SUM(CB88:CE88) -> 0 | CG88: 0 | CH88: 0 | CI88: 0 | CJ88: 0 | CK88: 0 | CL88: 0 | CM88: =SUM(CG88:CL88) -> 0 | CN88: 27 | CP88: 147 | CR88: 136 | CS88: =SUM(CO88:CR88) -> 283 | CT88: 0 | CU88: 0 | CV88: 101 | CW88: 86 | CX88: 158 | CY88: 125 | CZ88: =SUM(CT88:CY88) -> 470 | DA88: 27 | DB88: 0 | DC88: 12 | DD88: 0 | DE88: 0 | DF88: =SUM(DB88:DE88) -> 12 | DG88: 0 | DH88: 0 | DI88: 0 | DJ88: 12 | DK88: 0 | DL88: 0 | DM88: =SUM(DG88:DL88) -> 12 | DN88: 27 | DO88: 0 | DP88: 114 | DQ88: 0 | DR88: 105 | DS88: 219 | DT88: 0 | DU88: 0 | DV88: 48 | DW88: 47 | DX88: 96 | DY88: 28 | DZ88: =SUM(DT88:DY88) -> 219 | EA88: 27 | EB88: 0 | EC88: 0 | ED88: 0 | EE88: 0 | EF88: =SUM(EB88:EE88) -> 0 | EG88: 0 | EH88: 0 | EI88: 0 | EJ88: 0 | EK88: 0 | EL88: 0 | EM88: =SUM(EG88:EL88) -> 0 | EN88: 27 | EO88: 0 | EP88: 0 | EQ88: 0 | ER88: 0 | ES88: =SUM(EO88:ER88) -> 0 | ET88: 0 | EU88: 0 | EV88: 0 | EW88: 0 | EX88: 0 | EY88: 0 | EZ88: =SUM(ET88:EY88) -> 0 | FA88: أمراض أعضاء الحوض عند النساء | FB88: 27 | FC88: =B88+O88+AB88+AO88+BB88+BO88+CB88+CO88+DB88+DO88+EB88+EO88 -> 0 | FD88: =C88+P88+AC88+AP88+BC88+BP88+CC88+CP88+DC88+DP88+EC88+EP88 -> 780 | FE88: =D88+Q88+AD88+AQ88+BD88+BQ88+CD88+CQ88+DD88+DQ88+ED88+EQ88 -> 0 | FF88: =E88+R88+AE88+AR88+BE88+BR88+CE88+CR88+DE88+DR88+EE88+ER88 -> 674 | FG88: =SUM(FC88:FF88) -> 1454 | FH88: =G88+T88+AG88+AT88+BG88+BT88+CG88+CT88+DG88+DT88+EG88+ET88 -> 0 | FI88: =H88+U88+AH88+AU88+BH88+BU88+CH88+CU88+DH88+DU88+EH88+EU88 -> 0 | FJ88: =I88+V88+AI88+AV88+BI88+BV88+CI88+CV88+DI88+DV88+EI88+EV88 -> 377 | FK88: =J88+W88+AJ88+AW88+BJ88+BW88+CJ88+CW88+DJ88+DW88+EJ88+EW88 -> 356 | FL88: =K88+X88+AK88+AX88+BK88+BX88+CK88+CX88+DK88+DX88+EK88+EX88 -> 585 | FM88: =L88+Y88+AL88+AY88+BL88+BY88+CL88+CY88+DL88+DY88+EL88+EY88 -> 323 | FN88: =SUM(FH88:FM88) -> 1641
A89: 28 | B89: 0 | C89: 165 | D89: 0 | E89: 111 | F89: =SUM(B89:E89) -> 276 | G89: 0 | H89: 0 | I89: 87 | J89: 86 | K89: 103 | L89: 0 | M89: =SUM(G89:L89) -> 276 | N89: 28 | O89: 0 | P89: 152 | Q89: 0 | R89: 124 | S89: 276 | T89: 0 | U89: 0 | V89: 82 | W89: 100 | X89: 94 | Y89: 0 | Z89: =SUM(T89:Y89) -> 276 | AA89: 28 | AB89: 0 | AC89: 0 | AD89: 0 | AE89: 0 | AF89: =SUM(AB89:AE89) -> 0 | AG89: 0 | AH89: 0 | AI89: 0 | AJ89: 0 | AK89: 0 | AL89: 0 | AM89: =SUM(AG89:AL89) -> 0 | AN89: 28 | AO89: 0 | AP89: 165 | AQ89: 0 | AR89: 111 | AS89: =SUM(AO89:AR89) -> 276 | AT89: 0 | AU89: 0 | AV89: 87 | AW89: 86 | AX89: 103 | AY89: 0 | AZ89: =SUM(AT89:AY89) -> 276 | BA89: 28 | BB89: 0 | BC89: 121 | BD89: 0 | BE89: 92 | BF89: =SUM(BB89:BE89) -> 213 | BG89: 0 | BH89: 0 | BI89: 68 | BJ89: 80 | BK89: 65 | BL89: 0 | BM89: =SUM(BG89:BL89) -> 213 | BN89: 28 | BO89: 0 | BP89: 0 | BQ89: 0 | BR89: 0 | BS89: 0 | BT89: 0 | BU89: 0 | BV89: 0 | BW89: 0 | BX89: 0 | BY89: 0 | BZ89: =SUM(BT89:BY89) -> 0 | CA89: 28 | CB89: 0 | CC89: 0 | CD89: 0 | CE89: 0 | CF89: =SUM(CB89:CE89) -> 0 | CG89: 0 | CH89: 0 | CI89: 0 | CJ89: 0 | CK89: 0 | CL89: 0 | CM89: =SUM(CG89:CL89) -> 0 | CN89: 28 | CP89: 152 | CR89: 109 | CS89: =SUM(CO89:CR89) -> 261 | CT89: 0 | CU89: 0 | CV89: 121 | CW89: 78 | CX89: 137 | CY89: 0 | CZ89: =SUM(CT89:CY89) -> 336 | DA89: 28 | DB89: 0 | DC89: 12 | DD89: 0 | DE89: 0 | DF89: =SUM(DB89:DE89) -> 12 | DG89: 0 | DH89: 0 | DI89: 0 | DJ89: 12 | DK89: 0 | DL89: 0 | DM89: =SUM(DG89:DL89) -> 12 | DN89: 28 | DO89: 0 | DP89: 165 | DQ89: 0 | DR89: 111 | DS89: 276 | DT89: 0 | DU89: 0 | DV89: 87 | DW89: 86 | DX89: 103 | DY89: 0 | DZ89: =SUM(DT89:DY89) -> 276 | EA89: 28 | EB89: 0 | EC89: 0 | ED89: 0 | EE89: 0 | EF89: =SUM(EB89:EE89) -> 0 | EG89: 0 | EH89: 0 | EI89: 0 | EJ89: 0 | EK89: 0 | EL89: 0 | EM89: =SUM(EG89:EL89) -> 0 | EN89: 28 | EO89: 0 | EP89: 0 | EQ89: 0 | ER89: 0 | ES89: =SUM(EO89:ER89) -> 0 | ET89: 0 | EU89: 0 | EV89: 0 | EW89: 0 | EX89: 0 | EY89: 0 | EZ89: =SUM(ET89:EY89) -> 0 | FA89: مضاعفات الحمل | FB89: 28 | FC89: =B89+O89+AB89+AO89+BB89+BO89+CB89+CO89+DB89+DO89+EB89+EO89 -> 0 | FD89: =C89+P89+AC89+AP89+BC89+BP89+CC89+CP89+DC89+DP89+EC89+EP89 -> 932 | FE89: =D89+Q89+AD89+AQ89+BD89+BQ89+CD89+CQ89+DD89+DQ89+ED89+EQ89 -> 0 | FF89: =E89+R89+AE89+AR89+BE89+BR89+CE89+CR89+DE89+DR89+EE89+ER89 -> 658 | FG89: =SUM(FC89:FF89) -> 1590 | FH89: =G89+T89+AG89+AT89+BG89+BT89+CG89+CT89+DG89+DT89+EG89+ET89 -> 0 | FI89: =H89+U89+AH89+AU89+BH89+BU89+CH89+CU89+DH89+DU89+EH89+EU89 -> 0 | FJ89: =I89+V89+AI89+AV89+BI89+BV89+CI89+CV89+DI89+DV89+EI89+EV89 -> 532 | FK89: =J89+W89+AJ89+AW89+BJ89+BW89+CJ89+CW89+DJ89+DW89+EJ89+EW89 -> 528 | FL89: =K89+X89+AK89+AX89+BK89+BX89+CK89+CX89+DK89+DX89+EK89+EX89 -> 605 | FM89: =L89+Y89+AL89+AY89+BL89+BY89+CL89+CY89+DL89+DY89+EL89+EY89 -> 0 | FN89: =SUM(FH89:FM89) -> 1665
A90: 29 | B90: 244 | C90: 0 | D90: 140 | E90: 0 | F90: =SUM(B90:E90) -> 384 | G90: 0 | H90: 0 | I90: 105 | J90: 117 | K90: 85 | L90: 77 | M90: =SUM(G90:L90) -> 384 | N90: 29 | O90: 178 | P90: 0 | Q90: 132 | R90: 0 | S90: 310 | T90: 0 | U90: 0 | V90: 90 | W90: 100 | X90: 82 | Y90: 38 | Z90: =SUM(T90:Y90) -> 310 | AA90: 29 | AB90: 0 | AC90: 0 | AD90: 0 | AE90: 0 | AF90: =SUM(AB90:AE90) -> 0 | AG90: 0 | AH90: 0 | AI90: 0 | AJ90: 0 | AK90: 0 | AL90: 0 | AM90: =SUM(AG90:AL90) -> 0 | AN90: 29 | AO90: 244 | AP90: 0 | AQ90: 140 | AR90: 0 | AS90: =SUM(AO90:AR90) -> 384 | AT90: 0 | AU90: 0 | AV90: 105 | AW90: 117 | AX90: 85 | AY90: 77 | AZ90: =SUM(AT90:AY90) -> 384 | BA90: 29 | BB90: 184 | BC90: 0 | BD90: 58 | BE90: 0 | BF90: =SUM(BB90:BE90) -> 242 | BG90: 0 | BH90: 0 | BI90: 47 | BJ90: 69 | BK90: 69 | BL90: 57 | BM90: =SUM(BG90:BL90) -> 242 | BN90: 29 | BO90: 0 | BP90: 0 | BQ90: 0 | BR90: 0 | BS90: 0 | BT90: 0 | BU90: 0 | BV90: 0 | BW90: 0 | BX90: 0 | BY90: 0 | BZ90: =SUM(BT90:BY90) -> 0 | CA90: 29 | CB90: 0 | CC90: 0 | CD90: 0 | CE90: 0 | CF90: =SUM(CB90:CE90) -> 0 | CG90: 0 | CH90: 0 | CI90: 0 | CJ90: 0 | CK90: 0 | CL90: 0 | CM90: =SUM(CG90:CL90) -> 0 | CN90: 29 | CO90: 154 | CQ90: 137 | CS90: =SUM(CO90:CR90) -> 291 | CT90: 0 | CU90: 0 | CV90: 112 | CW90: 180 | CX90: 98 | CY90: 148 | CZ90: =SUM(CT90:CY90) -> 538 | DA90: 29 | DB90: 0 | DC90: 0 | DD90: 0 | DE90: 0 | DF90: =SUM(DB90:DE90) -> 0 | DG90: 0 | DH90: 0 | DI90: 0 | DJ90: 0 | DK90: 0 | DL90: 0 | DM90: =SUM(DG90:DL90) -> 0 | DN90: 29 | DO90: 244 | DP90: 0 | DQ90: 140 | DR90: 0 | DS90: 384 | DT90: 0 | DU90: 0 | DV90: 105 | DW90: 117 | DX90: 85 | DY90: 77 | DZ90: =SUM(DT90:DY90) -> 384 | EA90: 29 | EB90: 0 | EC90: 0 | ED90: 0 | EE90: 0 | EF90: =SUM(EB90:EE90) -> 0 | EG90: 0 | EH90: 0 | EI90: 0 | EJ90: 0 | EK90: 0 | EL90: 0 | EM90: =SUM(EG90:EL90) -> 0 | EN90: 29 | EO90: 0 | EP90: 0 | EQ90: 0 | ER90: 0 | ES90: =SUM(EO90:ER90) -> 0 | ET90: 0 | EU90: 0 | EV90: 0 | EW90: 0 | EX90: 0 | EY90: 0 | EZ90: =SUM(ET90:EY90) -> 0 | FA90: أمراض الجهاز التناسلي عند الرجال | FB90: 29 | FC90: =B90+O90+AB90+AO90+BB90+BO90+CB90+CO90+DB90+DO90+EB90+EO90 -> 1248 | FD90: =C90+P90+AC90+AP90+BC90+BP90+CC90+CP90+DC90+DP90+EC90+EP90 -> 0 | FE90: =D90+Q90+AD90+AQ90+BD90+BQ90+CD90+CQ90+DD90+DQ90+ED90+EQ90 -> 747 | FF90: =E90+R90+AE90+AR90+BE90+BR90+CE90+CR90+DE90+DR90+EE90+ER90 -> 0 | FG90: =SUM(FC90:FF90) -> 1995 | FH90: =G90+T90+AG90+AT90+BG90+BT90+CG90+CT90+DG90+DT90+EG90+ET90 -> 0 | FI90: =H90+U90+AH90+AU90+BH90+BU90+CH90+CU90+DH90+DU90+EH90+EU90 -> 0 | FJ90: =I90+V90+AI90+AV90+BI90+BV90+CI90+CV90+DI90+DV90+EI90+EV90 -> 564 | FK90: =J90+W90+AJ90+AW90+BJ90+BW90+CJ90+CW90+DJ90+DW90+EJ90+EW90 -> 700 | FL90: =K90+X90+AK90+AX90+BK90+BX90+CK90+CX90+DK90+DX90+EK90+EX90 -> 504 | FM90: =L90+Y90+AL90+AY90+BL90+BY90+CL90+CY90+DL90+DY90+EL90+EY90 -> 474 | FN90: =SUM(FH90:FM90) -> 2242
A91: 30 | B91: 266 | C91: 147 | D91: 162 | E91: 133 | F91: =SUM(B91:E91) -> 708 | G91: 0 | H91: 213 | I91: 124 | J91: 145 | K91: 120 | L91: 106 | M91: =SUM(G91:L91) -> 708 | N91: 30 | O91: 146 | P91: 147 | Q91: 147 | R91: 121 | S91: 561 | T91: 0 | U91: 10 | V91: 120 | W91: 141 | X91: 174 | Y91: 116 | Z91: =SUM(T91:Y91) -> 561 | AA91: 30 | AB91: 0 | AC91: 0 | AD91: 0 | AE91: 0 | AF91: =SUM(AB91:AE91) -> 0 | AG91: 0 | AH91: 0 | AI91: 0 | AJ91: 0 | AK91: 0 | AL91: 0 | AM91: =SUM(AG91:AL91) -> 0 | AN91: 30 | AO91: 266 | AP91: 147 | AQ91: 162 | AR91: 133 | AS91: =SUM(AO91:AR91) -> 708 | AT91: 0 | AU91: 213 | AV91: 124 | AW91: 145 | AX91: 120 | AY91: 106 | AZ91: =SUM(AT91:AY91) -> 708 | BA91: 30 | BB91: 156 | BC91: 114 | BD91: 142 | BE91: 120 | BF91: =SUM(BB91:BE91) -> 532 | BG91: 0 | BH91: 24 | BI91: 104 | BJ91: 178 | BK91: 124 | BL91: 102 | BM91: =SUM(BG91:BL91) -> 532 | BN91: 30 | BO91: 218 | BP91: 299 | BQ91: 5 | BR91: 12 | BS91: 534 | BT91: 0 | BU91: 0 | BV91: 24 | BW91: 239 | BX91: 206 | BY91: 65 | BZ91: =SUM(BT91:BY91) -> 534 | CA91: 30 | CB91: 0 | CC91: 0 | CD91: 0 | CE91: 0 | CF91: =SUM(CB91:CE91) -> 0 | CG91: 0 | CH91: 0 | CI91: 0 | CJ91: 0 | CK91: 0 | CL91: 0 | CM91: =SUM(CG91:CL91) -> 0 | CN91: 30 | CO91: 120 | CP91: 169 | CQ91: 149 | CR91: 111 | CS91: =SUM(CO91:CR91) -> 549 | CT91: 0 | CU91: 165 | CV91: 145 | CW91: 114 | CX91: 74 | CY91: 169 | CZ91: =SUM(CT91:CY91) -> 667 | DA91: 30 | DB91: 29 | DC91: 25 | DD91: 1 | DE91: 1 | DF91: =SUM(DB91:DE91) -> 56 | DG91: 0 | DH91: 0 | DI91: 4 | DJ91: 40 | DK91: 12 | DL91: 0 | DM91: =SUM(DG91:DL91) -> 56 | DN91: 30 | DO91: 266 | DP91: 147 | DQ91: 162 | DR91: 133 | DS91: 708 | DT91: 0 | DU91: 213 | DV91: 124 | DW91: 145 | DX91: 120 | DY91: 106 | DZ91: =SUM(DT91:DY91) -> 708 | EA91: 30 | EB91: 0 | EC91: 0 | ED91: 0 | EE91: 0 | EF91: =SUM(EB91:EE91) -> 0 | EG91: 0 | EH91: 0 | EI91: 0 | EJ91: 0 | EK91: 0 | EL91: 0 | EM91: =SUM(EG91:EL91) -> 0 | EN91: 30 | EO91: 0 | EP91: 0 | EQ91: 0 | ER91: 0 | ES91: =SUM(EO91:ER91) -> 0 | ET91: 0 | EU91: 0 | EV91: 0 | EW91: 0 | EX91: 0 | EY91: 0 | EZ91: =SUM(ET91:EY91) -> 0 | FA91: أمراض الجلد والنسيج الخلوي | FB91: 30 | FC91: =B91+O91+AB91+AO91+BB91+BO91+CB91+CO91+DB91+DO91+EB91+EO91 -> 1467 | FD91: =C91+P91+AC91+AP91+BC91+BP91+CC91+CP91+DC91+DP91+EC91+EP91 -> 1195 | FE91: =D91+Q91+AD91+AQ91+BD91+BQ91+CD91+CQ91+DD91+DQ91+ED91+EQ91 -> 930 | FF91: =E91+R91+AE91+AR91+BE91+BR91+CE91+CR91+DE91+DR91+EE91+ER91 -> 764 | FG91: =SUM(FC91:FF91) -> 4356 | FH91: =G91+T91+AG91+AT91+BG91+BT91+CG91+CT91+DG91+DT91+EG91+ET91 -> 0 | FI91: =H91+U91+AH91+AU91+BH91+BU91+CH91+CU91+DH91+DU91+EH91+EU91 -> 838 | FJ91: =I91+V91+AI91+AV91+BI91+BV91+CI91+CV91+DI91+DV91+EI91+EV91 -> 769 | FK91: =J91+W91+AJ91+AW91+BJ91+BW91+CJ91+CW91+DJ91+DW91+EJ91+EW91 -> 1147 | FL91: =K91+X91+AK91+AX91+BK91+BX91+CK91+CX91+DK91+DX91+EK91+EX91 -> 950 | FM91: =L91+Y91+AL91+AY91+BL91+BY91+CL91+CY91+DL91+DY91+EL91+EY91 -> 770 | FN91: =SUM(FH91:FM91) -> 4474
A92: 31 | B92: 245 | C92: 187 | D92: 142 | E92: 199 | F92: =SUM(B92:E92) -> 773 | G92: 0 | H92: 248 | I92: 141 | J92: 169 | K92: 155 | L92: 60 | M92: =SUM(G92:L92) -> 773 | N92: 31 | O92: 165 | P92: 142 | Q92: 121 | R92: 114 | S92: 542 | T92: 0 | U92: 17 | V92: 114 | W92: 169 | X92: 152 | Y92: 90 | Z92: =SUM(T92:Y92) -> 542 | AA92: 31 | AB92: 0 | AC92: 0 | AD92: 0 | AE92: 0 | AF92: =SUM(AB92:AE92) -> 0 | AG92: 0 | AH92: 0 | AI92: 0 | AJ92: 0 | AK92: 0 | AL92: 0 | AM92: =SUM(AG92:AL92) -> 0 | AN92: 31 | AO92: 245 | AP92: 187 | AQ92: 142 | AR92: 199 | AS92: =SUM(AO92:AR92) -> 773 | AT92: 0 | AU92: 248 | AV92: 141 | AW92: 169 | AX92: 155 | AY92: 60 | AZ92: =SUM(AT92:AY92) -> 773 | BA92: 31 | BB92: 262 | BC92: 220 | BD92: 211 | BE92: 175 | BF92: =SUM(BB92:BE92) -> 868 | BG92: 0 | BH92: 11 | BI92: 175 | BJ92: 268 | BK92: 248 | BL92: 166 | BM92: =SUM(BG92:BL92) -> 868 | BN92: 31 | BO92: 89 | BP92: 268 | BQ92: 18 | BR92: 15 | BS92: 390 | BT92: 0 | BU92: 0 | BV92: 19 | BW92: 168 | BX92: 99 | BY92: 104 | BZ92: =SUM(BT92:BY92) -> 390 | CA92: 31 | CB92: 0 | CC92: 0 | CD92: 0 | CE92: 0 | CF92: =SUM(CB92:CE92) -> 0 | CG92: 0 | CH92: 0 | CI92: 0 | CJ92: 0 | CK92: 0 | CL92: 0 | CM92: =SUM(CG92:CL92) -> 0 | CN92: 31 | CO92: 103 | CP92: 178 | CQ92: 125 | CR92: 156 | CS92: =SUM(CO92:CR92) -> 562 | CT92: 0 | CU92: 96 | CV92: 162 | CW92: 106 | CX92: 150 | CY92: 125 | CZ92: =SUM(CT92:CY92) -> 639 | DA92: 31 | DB92: 47 | DC92: 38 | DD92: 2 | DE92: 1 | DF92: =SUM(DB92:DE92) -> 88 | DG92: 1 | DH92: 2 | DI92: 7 | DJ92: 47 | DK92: 21 | DL92: 10 | DM92: =SUM(DG92:DL92) -> 88 | DN92: 31 | DO92: 245 | DP92: 187 | DQ92: 142 | DR92: 199 | DS92: 773 | DT92: 0 | DU92: 248 | DV92: 141 | DW92: 169 | DX92: 155 | DY92: 60 | DZ92: =SUM(DT92:DY92) -> 773 | EA92: 31 | EB92: 0 | EC92: 0 | ED92: 0 | EE92: 0 | EF92: =SUM(EB92:EE92) -> 0 | EG92: 0 | EH92: 0 | EI92: 0 | EJ92: 0 | EK92: 0 | EL92: 0 | EM92: =SUM(EG92:EL92) -> 0 | EN92: 31 | EO92: 0 | EP92: 0 | EQ92: 0 | ER92: 0 | ES92: =SUM(EO92:ER92) -> 0 | ET92: 0 | EU92: 0 | EV92: 0 | EW92: 0 | EX92: 0 | EY92: 0 | EZ92: =SUM(ET92:EY92) -> 0 | FA92: أمراض الجهاز العضلي والعظمي | FB92: 31 | FC92: =B92+O92+AB92+AO92+BB92+BO92+CB92+CO92+DB92+DO92+EB92+EO92 -> 1401 | FD92: =C92+P92+AC92+AP92+BC92+BP92+CC92+CP92+DC92+DP92+EC92+EP92 -> 1407 | FE92: =D92+Q92+AD92+AQ92+BD92+BQ92+CD92+CQ92+DD92+DQ92+ED92+EQ92 -> 903 | FF92: =E92+R92+AE92+AR92+BE92+BR92+CE92+CR92+DE92+DR92+EE92+ER92 -> 1058 | FG92: =SUM(FC92:FF92) -> 4769 | FH92: =G92+T92+AG92+AT92+BG92+BT92+CG92+CT92+DG92+DT92+EG92+ET92 -> 1 | FI92: =H92+U92+AH92+AU92+BH92+BU92+CH92+CU92+DH92+DU92+EH92+EU92 -> 870 | FJ92: =I92+V92+AI92+AV92+BI92+BV92+CI92+CV92+DI92+DV92+EI92+EV92 -> 900 | FK92: =J92+W92+AJ92+AW92+BJ92+BW92+CJ92+CW92+DJ92+DW92+EJ92+EW92 -> 1265 | FL92: =K92+X92+AK92+AX92+BK92+BX92+CK92+CX92+DK92+DX92+EK92+EX92 -> 1135 | FM92: =L92+Y92+AL92+AY92+BL92+BY92+CL92+CY92+DL92+DY92+EL92+EY92 -> 675 | FN92: =SUM(FH92:FM92) -> 4846
A93: 32 | B93: 233 | C93: 142 | D93: 120 | E93: 198 | F93: =SUM(B93:E93) -> 693 | G93: 0 | H93: 138 | I93: 159 | J93: 158 | K93: 140 | L93: 98 | M93: =SUM(G93:L93) -> 693 | N93: 32 | O93: 154 | P93: 125 | Q93: 154 | R93: 125 | S93: 558 | T93: 0 | U93: 22 | V93: 108 | W93: 158 | X93: 152 | Y93: 118 | Z93: =SUM(T93:Y93) -> 558 | AA93: 32 | AB93: 0 | AC93: 0 | AD93: 0 | AE93: 0 | AF93: =SUM(AB93:AE93) -> 0 | AG93: 0 | AH93: 0 | AI93: 0 | AJ93: 0 | AK93: 0 | AL93: 0 | AM93: =SUM(AG93:AL93) -> 0 | AN93: 32 | AO93: 233 | AP93: 142 | AQ93: 120 | AR93: 198 | AS93: =SUM(AO93:AR93) -> 693 | AT93: 0 | AU93: 138 | AV93: 159 | AW93: 158 | AX93: 140 | AY93: 98 | AZ93: =SUM(AT93:AY93) -> 693 | BA93: 32 | BB93: 142 | BC93: 52 | BD93: 41 | BE93: 21 | BF93: =SUM(BB93:BE93) -> 256 | BG93: 0 | BH93: 21 | BI93: 75 | BJ93: 57 | BK93: 68 | BL93: 35 | BM93: =SUM(BG93:BL93) -> 256 | BN93: 32 | BO93: 4 | BP93: 4 | BQ93: 0 | BR93: 0 | BS93: 8 | BT93: 0 | BU93: 0 | BV93: 0 | BW93: 3 | BX93: 4 | BY93: 1 | BZ93: =SUM(BT93:BY93) -> 8 | CA93: 32 | CB93: 0 | CC93: 0 | CD93: 0 | CE93: 0 | CF93: =SUM(CB93:CE93) -> 0 | CG93: 0 | CH93: 0 | CI93: 0 | CJ93: 0 | CK93: 0 | CL93: 0 | CM93: =SUM(CG93:CL93) -> 0 | CN93: 32 | CO93: 148 | CP93: 154 | CQ93: 98 | CR93: 128 | CS93: =SUM(CO93:CR93) -> 528 | CT93: 0 | CU93: 8 | CV93: 119 | CW93: 117 | CX93: 118 | CY93: 147 | CZ93: =SUM(CT93:CY93) -> 509 | DA93: 32 | DB93: 2 | DC93: 3 | DD93: 0 | DE93: 0 | DF93: =SUM(DB93:DE93) -> 5 | DG93: 0 | DH93: 0 | DI93: 0 | DJ93: 4 | DK93: 1 | DL93: 0 | DM93: =SUM(DG93:DL93) -> 5 | DN93: 32 | DO93: 233 | DP93: 142 | DQ93: 120 | DR93: 198 | DS93: 693 | DT93: 0 | DU93: 138 | DV93: 159 | DW93: 158 | DX93: 140 | DY93: 98 | DZ93: =SUM(DT93:DY93) -> 693 | EA93: 32 | EB93: 0 | EC93: 0 | ED93: 0 | EE93: 0 | EF93: =SUM(EB93:EE93) -> 0 | EG93: 0 | EH93: 0 | EI93: 0 | EJ93: 0 | EK93: 0 | EL93: 0 | EM93: =SUM(EG93:EL93) -> 0 | EN93: 32 | EO93: 0 | EP93: 0 | EQ93: 0 | ER93: 0 | ES93: =SUM(EO93:ER93) -> 0 | ET93: 0 | EU93: 0 | EV93: 0 | EW93: 0 | EX93: 0 | EY93: 0 | EZ93: =SUM(ET93:EY93) -> 0 | FA93: الأمراض النفسية والعصبية | FB93: 32 | FC93: =B93+O93+AB93+AO93+BB93+BO93+CB93+CO93+DB93+DO93+EB93+EO93 -> 1149 | FD93: =C93+P93+AC93+AP93+BC93+BP93+CC93+CP93+DC93+DP93+EC93+EP93 -> 764 | FE93: =D93+Q93+AD93+AQ93+BD93+BQ93+CD93+CQ93+DD93+DQ93+ED93+EQ93 -> 653 | FF93: =E93+R93+AE93+AR93+BE93+BR93+CE93+CR93+DE93+DR93+EE93+ER93 -> 868 | FG93: =SUM(FC93:FF93) -> 3434 | FH93: =G93+T93+AG93+AT93+BG93+BT93+CG93+CT93+DG93+DT93+EG93+ET93 -> 0 | FI93: =H93+U93+AH93+AU93+BH93+BU93+CH93+CU93+DH93+DU93+EH93+EU93 -> 465 | FJ93: =I93+V93+AI93+AV93+BI93+BV93+CI93+CV93+DI93+DV93+EI93+EV93 -> 779 | FK93: =J93+W93+AJ93+AW93+BJ93+BW93+CJ93+CW93+DJ93+DW93+EJ93+EW93 -> 813 | FL93: =K93+X93+AK93+AX93+BK93+BX93+CK93+CX93+DK93+DX93+EK93+EX93 -> 763 | FM93: =L93+Y93+AL93+AY93+BL93+BY93+CL93+CY93+DL93+DY93+EL93+EY93 -> 595 | FN93: =SUM(FH93:FM93) -> 3415
