Workbook

Sheet الفحوصات المخبرية
A1: مراكز شرق جدة | B1: 12 نشاط المختبر ( عدد المفحوصين ) | J1: شهر | K1: 1 | L1: عام | M1: 1447 | O1: هـ | S1: مراكز شرق جدة | T1: 12 نشاط المختبر ( عدد المفحوصين ) | AB1: شهر | AC1: 2 | AD1: عام | AE1: 1447 | AG1: هـ | AK1: مراكز شرق جدة | AL1: 12 نشاط المختبر ( عدد المفحوصين ) | AT1: شهر | AU1: 3 | AV1: عام | AW1: 1447 | AY1: هـ | BC1: مراكز شرق جدة | BD1: 12 نشاط المختبر ( عدد المفحوصين ) | BL1: شهر | BM1: 4 | BN1: عام | BO1: 1447 | BQ1: هـ | BU1: مراكز شرق جدة | BV1: 12 نشاط المختبر ( عدد المفحوصين ) | CD1: شهر | CE1: 5 | CF1: عام | CG1: 1447 | CI1: هـ | CM1: مراكز شرق جدة | CN1: 12 نشاط المختبر ( عدد المفحوصين ) | CV1: شهر | CW1: 6 | CX1: عام | CY1: 1447 | DA1: هـ | DE1: مراكز شرق جدة | DF1: 12 نشاط المختبر ( عدد المفحوصين ) | DN1: شهر | DO1: 7 | DP1: عام | DQ1: 1447 | DS1: هـ | DW1: مراكز شرق جدة | DX1: 12 نشاط المختبر ( عدد المفحوصين ) | EF1: شهر | EG1: 8 | EH1: عام | EI1: 1447 | EK1: هـ | EO1: مراكز شرق جدة | EP1: 12 نشاط المختبر ( عدد المفحوصين ) | EX1: شهر | EY1: 9 | EZ1: عام | FA1: 1447 | FC1: هـ | FG1: مراكز شرق جدة | FH1: 12 نشاط المختبر ( عدد المفحوصين ) | FP1: شهر | FQ1: 10 | FR1: عام | FS1: 1447 | FU1: هـ | FY1: مراكز شرق جدة | FZ1: 12 نشاط المختبر ( عدد المفحوصين ) | GH1: شهر | GI1: 11 | GJ1: عام | GK1: 1447 | GM1: هـ | GQ1: مراكز شرق جدة | GR1: 12 نشاط المختبر ( عدد المفحوصين ) | GZ1: شهر | HA1: 12 | HB1: عام | HC1: 1447 | HE1: هـ | HJ1: 12 نشاط المختبر ( عدد المفحوصين ) | HT1: عام | HU1: =SUM(HC1) -> 1447 | HW1: هـ
A2: المركز الصحي | B2: نوع الفحص | D2: الدم | M2: بول | O2: براز | P2: بصاق | Q2: المجموع | S2: المركز الصحي | T2: نوع الفحص | V2: الدم | AE2: بول | AG2: براز | AH2: بصاق | AI2: المجموع | AK2: المركز الصحي | AL2: نوع الفحص | AN2: الدم | AW2: بول | AY2: براز | AZ2: بصاق | BA2: المجموع | BC2: المركز الصحي | BD2: نوع الفحص | BF2: الدم | BO2: بول | BQ2: براز | BR2: بصاق | BS2: المجموع | BU2: المركز الصحي | BV2: نوع الفحص | BX2: الدم | CG2: بول | CI2: براز | CJ2: بصاق | CK2: المجموع | CM2: المركز الصحي | CN2: نوع الفحص | CP2: الدم | CY2: بول | DA2: براز | DB2: بصاق | DC2: المجموع | DE2: المركز الصحي | DF2: نوع الفحص | DH2: الدم | DQ2: بول | DS2: براز | DT2: بصاق | DU2: المجموع | DW2: المركز الصحي | DX2: نوع الفحص | DZ2: الدم | EI2: بول | EK2: براز | EL2: بصاق | EM2: المجموع | EO2: المركز الصحي | EP2: نوع الفحص | ER2: الدم | FA2: بول | FC2: براز | FD2: بصاق | FE2: المجموع | FG2: المركز الصحي | FH2: نوع الفحص | FJ2: الدم | FS2: بول | FU2: براز | FV2: بصاق | FW2: المجموع | FY2: المركز الصحي | FZ2: نوع الفحص | GB2: الدم | GK2: بول | GM2: براز | GN2: بصاق | GO2: المجموع | GQ2: المركز الصحي | GR2: نوع الفحص | GT2: الدم | HC2: بول | HE2: براز | HF2: بصاق | HG2: المجموع | HI2: المركز الصحي | HJ2: نوع الفحص | HL2: الدم | HU2: بول | HW2: براز | HX2: بصاق | HY2: المجموع
D3: شكلي | F3: مصلي | K3: كيماوي | V3: شكلي | X3: مصلي | AC3: كيماوي | AN3: شكلي | AP3: مصلي | AU3: كيماوي | BF3: شكلي | BH3: مصلي | BM3: كيماوي | BX3: شكلي | BZ3: مصلي | CE3: كيماوي | CP3: شكلي | CR3: مصلي | CW3: كيماوي | DH3: شكلي | DJ3: مصلي | DO3: كيماوي | DZ3: شكلي | EB3: مصلي | EG3: كيماوي | ER3: شكلي | ET3: مصلي | EY3: كيماوي | FJ3: شكلي | FL3: مصلي | FQ3: كيماوي | GB3: شكلي | GD3: مصلي | GI3: كيماوي | GT3: شكلي | GV3: مصلي | HA3: كيماوي | HL3: شكلي | HN3: مصلي | HS3: كيماوي
D4: صور الدم CBC | E4: سرعة الترسيب E.S.R | F4: فحص الإيــدز HIV | G4: فصائل الدم B.GROUP | H4: إلتهاب كبدي HEP | I4: فحص الحمل في الدم | J4: أخرى | K4: نسبة السكر الدم | L4: أخرى | M4: روتين | N4: حمل | V4: صور الدم CBC | W4: سرعة الترسيب E.S.R | X4: فحص الإيــدز HIV | Y4: فصائل الدم B.GROUP | Z4: إلتهاب كبدي HEP | AA4: فحص الحمل في الدم | AB4: أخرى | AC4: نسبة السكر الدم | AD4: أخرى | AE4: روتين | AF4: حمل | AN4: صور الدم CBC | AO4: سرعة الترسيب E.S.R | AP4: فحص الإيــدز HIV | AQ4: فصائل الدم B.GROUP | AR4: إلتهاب كبدي HEP | AS4: فحص الحمل في الدم | AT4: أخرى | AU4: نسبة السكر الدم | AV4: أخرى | AW4: روتين | AX4: حمل | BF4: صور الدم CBC | BG4: سرعة الترسيب E.S.R | BH4: فحص الإيــدز HIV | BI4: فصائل الدم B.GROUP | BJ4: إلتهاب كبدي HEP | BK4: فحص الحمل في الدم | BL4: أخرى | BM4: نسبة السكر الدم | BN4: أخرى | BO4: روتين | BP4: حمل | BX4: صور الدم CBC | BY4: سرعة الترسيب E.S.R | BZ4: فحص الإيــدز HIV | CA4: فصائل الدم B.GROUP | CB4: إلتهاب كبدي HEP | CC4: فحص الحمل في الدم | CD4: أخرى | CE4: نسبة السكر الدم | CF4: أخرى | CG4: روتين | CH4: حمل | CP4: صور الدم CBC | CQ4: سرعة الترسيب E.S.R | CR4: فحص الإيــدز HIV | CS4: فصائل الدم B.GROUP | CT4: إلتهاب كبدي HEP | CU4: فحص الحمل في الدم | CV4: أخرى | CW4: نسبة السكر الدم | CX4: أخرى | CY4: روتين | CZ4: حمل | DH4: صور الدم CBC | DI4: سرعة الترسيب E.S.R | DJ4: فحص الإيــدز HIV | DK4: فصائل الدم B.GROUP | DL4: إلتهاب كبدي HEP | DM4: فحص الحمل في الدم | DN4: أخرى | DO4: نسبة السكر الدم | DP4: أخرى | DQ4: روتين | DR4: حمل | DZ4: صور الدم CBC | EA4: سرعة الترسيب E.S.R | EB4: فحص الإيــدز HIV | EC4: فصائل الدم B.GROUP | ED4: إلتهاب كبدي HEP | EE4: فحص الحمل في الدم | EF4: أخرى | EG4: نسبة السكر الدم | EH4: أخرى | EI4: روتين | EJ4: حمل | ER4: صور الدم CBC | ES4: سرعة الترسيب E.S.R | ET4: فحص الإيــدز HIV | EU4: فصائل الدم B.GROUP | EV4: إلتهاب كبدي HEP | EW4: فحص الحمل في الدم | EX4: أخرى | EY4: نسبة السكر الدم | EZ4: أخرى | FA4: روتين | FB4: حمل | FJ4: صور الدم CBC | FK4: سرعة الترسيب E.S.R | FL4: فحص الإيــدز HIV | FM4: فصائل الدم B.GROUP | FN4: إلتهاب كبدي HEP | FO4: فحص الحمل في الدم | FP4: أخرى | FQ4: نسبة السكر الدم | FR4: أخرى | FS4: روتين | FT4: حمل | GB4: صور الدم CBC | GC4: سرعة الترسيب E.S.R | GD4: فحص الإيــدز HIV | GE4: فصائل الدم B.GROUP | GF4: إلتهاب كبدي HEP | GG4: فحص الحمل في الدم | GH4: أخرى | GI4: نسبة السكر الدم | GJ4: أخرى | GK4: روتين | GL4: حمل | GT4: صور الدم CBC | GU4: سرعة الترسيب E.S.R | GV4: فحص الإيــدز HIV | GW4: فصائل الدم B.GROUP | GX4: إلتهاب كبدي HEP | GY4: فحص الحمل في الدم | GZ4: أخرى | HA4: نسبة السكر الدم | HB4: أخرى | HC4: روتين | HD4: حمل | HL4: صور الدم CBC | HM4: سرعة الترسيب E.S.R | HN4: فحص الإيــدز HIV | HO4: فصائل الدم B.GROUP | HP4: إلتهاب كبدي HEP | HQ4: فحص الحمل في الدم | HR4: أخرى | HS4: نسبة السكر الدم | HT4: أخرى | HU4: روتين | HV4: حمل
B5: الجنسية | C5: الجنس | T5: الجنسية | U5: الجنس | AL5: الجنسية | AM5: الجنس | BD5: الجنسية | BE5: الجنس | BV5: الجنسية | BW5: الجنس | CN5: الجنسية | CO5: الجنس | DF5: الجنسية | DG5: الجنس | DX5: الجنسية | DY5: الجنس | EP5: الجنسية | EQ5: الجنس | FH5: الجنسية | FI5: الجنس | FZ5: الجنسية | GA5: الجنس | GR5: الجنسية | GS5: الجنس | HJ5: الجنسية | HK5: الجنس
A6: الربيع والتوفيق | B6: سعودي | C6: ذكر | D6: 132 | E6: 0 | F6: 15 | G6: 125 | H6: 15 | I6: 0 | J6: 0 | K6: 257 | L6: 0 | M6: 37 | N6: 0 | O6: 16 | P6: 0 | Q6: =SUM(D6:P6) -> 597 | S6: الربيع والتوفيق | T6: سعودي | U6: ذكر | V6: 101 | W6: 0 | X6: 11 | Y6: 23 | Z6: 60 | AA6: 0 | AB6: 110 | AC6: 82 | AD6: 70 | AE6: 0 | AF6: 0 | AG6: 25 | AH6: 0 | AI6: =SUM(V6:AH6) -> 482 | AK6: الربيع والتوفيق | AL6: سعودي | AM6: ذكر | AN6: 103 | AO6: 0 | AP6: 8 | AQ6: 9 | AR6: 23 | AS6: 0 | AT6: 133 | AU6: 105 | AV6: 256 | AW6: 72 | AX6: 0 | AY6: 16 | AZ6: 0 | BA6: =SUM(AN6:AZ6) -> 725 | BC6: الربيع والتوفيق | BD6: سعودي | BE6: ذكر | BF6: 93 | BG6: 1 | BH6: 9 | BI6: 12 | BJ6: 25 | BK6: 0 | BL6: 150 | BM6: 100 | BN6: 250 | BO6: 68 | BP6: 0 | BQ6: 0 | BR6: 0 | BS6: =SUM(BF6:BR6) -> 708 | BU6: الربيع والتوفيق | BV6: سعودي | BW6: ذكر | BX6: 254 | BY6: 0 | BZ6: 51 | CA6: 55 | CB6: 65 | CC6: 0 | CD6: 312 | CE6: 621 | CF6: 125 | CG6: 201 | CH6: 0 | CI6: 0 | CJ6: 0 | CK6: =SUM(BX6:CJ6) -> 1684 | CM6: الربيع والتوفيق | CN6: سعودي | CO6: ذكر | CP6: 93 | CQ6: 1 | CR6: 9 | CS6: 12 | CT6: 25 | CU6: 0 | CV6: 150 | CW6: 100 | CX6: 250 | CY6: 68 | CZ6: 0 | DA6: 36 | DB6: 0 | DC6: =SUM(CP6:DB6) -> 744 | DE6: الربيع والتوفيق | DF6: سعودي | DG6: ذكر | DH6: 95 | DI6: 0 | DJ6: 10 | DK6: 20 | DL6: 60 | DM6: 0 | DN6: 101 | DO6: 80 | DP6: 70 | DQ6: 0 | DR6: 0 | DS6: 20 | DT6: 0 | DU6: 597 | DW6: الربيع والتوفيق | DX6: سعودي | DY6: ذكر | DZ6: 93 | EA6: 1 | EB6: 9 | EC6: 12 | ED6: 25 | EE6: 0 | EF6: 150 | EG6: 100 | EH6: 250 | EI6: 68 | EJ6: 0 | EK6: 36 | EL6: 0 | EM6: =SUM(DZ6:EL6) -> 744 | EO6: الربيع والتوفيق | EP6: سعودي | EQ6: ذكر | ER6: 95 | ES6: 0 | ET6: 10 | EU6: 20 | EV6: 60 | EW6: 0 | EX6: 101 | EY6: 80 | EZ6: 70 | FA6: 0 | FB6: 0 | FC6: 20 | FD6: 0 | FE6: =SUM(ER6:FD6) -> 456 | FG6: الربيع والتوفيق | FH6: سعودي | FI6: ذكر | FJ6: 122 | FK6: 0 | FL6: 15 | FM6: 125 | FN6: 15 | FO6: 0 | FP6: 0 | FQ6: 257 | FR6: 0 | FS6: 37 | FT6: 0 | FU6: 15 | FV6: 0 | FW6: 586 | FY6: الربيع والتوفيق | FZ6: سعودي | GA6: ذكر | GB6: 0 | GC6: 0 | GD6: 0 | GE6: 0 | GF6: 0 | GG6: 0 | GH6: 0 | GI6: 0 | GJ6: 0 | GK6: 0 | GL6: 0 | GM6: 0 | GN6: 0 | GO6: =SUM(GB6:GN6) -> 0 | GQ6: الربيع والتوفيق | GR6: سعودي | GS6: ذكر | GT6: 0 | GU6: 0 | GV6: 0 | GW6: 0 | GX6: 0 | GY6: 0 | GZ6: 0 | HA6: 0 | HB6: 0 | HC6: 0 | HD6: 0 | HE6: 0 | HF6: 0 | HG6: =SUM(GT6:HF6) -> 0 | HI6: =GQ6 -> الربيع والتوفيق | HJ6: سعودي | HK6: ذكر | HL6: =SUM(D6+V6+AN6+BF6+BX6+CP6+DH6+DZ6+ER6+FJ6+GB6+GT6) -> 1181 | HM6: =SUM(E6+W6+AO6+BG6+BY6+CQ6+DI6+EA6+ES6+FK6+GC6+GU6) -> 3 | HN6: =SUM(F6+X6+AP6+BH6+BZ6+CR6+DJ6+EB6+ET6+FL6+GD6+GV6) -> 147 | HO6: =SUM(G6+Y6+AQ6+BI6+CA6+CS6+DK6+EC6+EU6+FM6+GE6+GW6) -> 413 | HP6: =SUM(H6+Z6+AR6+BJ6+CB6+CT6+DL6+ED6+EV6+FN6+GF6+GX6) -> 373 | HQ6: =SUM(I6+AA6+AS6+BK6+CC6+CU6+DM6+EE6+EW6+FO6+GG6+GY6) -> 0 | HR6: =SUM(J6+AB6+AT6+BL6+CD6+CV6+DN6+EF6+EX6+FP6+GH6+GZ6) -> 1207 | HS6: =SUM(K6+AC6+AU6+BM6+CE6+CW6+DO6+EG6+EY6+FQ6+GI6+HA6) -> 1782 | ... HX6: =SUM(P6+AH6+AZ6+BR6+CJ6+DB6+DT6+EL6+FD6+FV6+GN6+HF6) -> 0 | HY6: =SUM(HL6:HX6) -> 7182
C7: أنثى | D7: 144 | E7: 0 | F7: 27 | G7: 156 | H7: 27 | I7: 0 | J7: 0 | K7: 261 | L7: 0 | M7: 71 | N7: 56 | O7: 8 | P7: 0 | Q7: =SUM(D7:P7) -> 750 | U7: أنثى | V7: 85 | W7: 0 | X7: 26 | Y7: 48 | Z7: 82 | AA7: 0 | AB7: 122 | AC7: 90 | AD7: 99 | AE7: 0 | AF7: 80 | AG7: 39 | AH7: 0 | AI7: =SUM(V7:AH7) -> 671 | AM7: أنثى | AN7: 116 | AO7: 0 | AP7: 48 | AQ7: 16 | AR7: 58 | AS7: 0 | AT7: 128 | AU7: 126 | AV7: 313 | AW7: 123 | AX7: 66 | AY7: 54 | AZ7: 0 | BA7: =SUM(AN7:AZ7) -> 1048 | BE7: أنثى | BF7: 112 | BG7: 3 | BH7: 64 | BI7: 21 | BJ7: 66 | BK7: 0 | BL7: 120 | BM7: 135 | BN7: 300 | BO7: 119 | BP7: 0 | BQ7: 83 | BR7: 0 | BS7: =SUM(BF7:BR7) -> 1023 | BW7: أنثى | BX7: 371 | BY7: 0 | BZ7: 201 | CA7: 101 | CB7: 122 | CC7: 0 | CD7: 451 | CE7: 701 | CF7: 202 | CG7: 335 | CH7: 98 | CI7: 0 | CJ7: 0 | CK7: =SUM(BX7:CJ7) -> 2582 | CO7: أنثى | CP7: 112 | CQ7: 3 | CR7: 64 | CS7: 21 | CT7: 66 | CU7: 0 | CV7: 120 | CW7: 135 | CX7: 300 | CY7: 119 | CZ7: 83 | DA7: 57 | DB7: 0 | DC7: =SUM(CP7:DB7) -> 1080 | DG7: أنثى | DH7: 80 | DI7: 0 | DJ7: 23 | DK7: 44 | DL7: 82 | DM7: 0 | DN7: 121 | DO7: 86 | DP7: 99 | DQ7: 0 | DR7: 70 | DS7: 35 | DT7: 0 | DU7: 750 | DY7: أنثى | DZ7: 112 | EA7: 3 | EB7: 64 | EC7: 21 | ED7: 66 | EE7: 0 | EF7: 120 | EG7: 135 | EH7: 300 | EI7: 119 | EJ7: 83 | EK7: 57 | EL7: 0 | EM7: =SUM(DZ7:EL7) -> 1080 | EQ7: أنثى | ER7: 80 | ES7: 0 | ET7: 23 | EU7: 44 | EV7: 82 | EW7: 0 | EX7: 121 | EY7: 86 | EZ7: 99 | FA7: 0 | FB7: 70 | FC7: 35 | FD7: 0 | FE7: =SUM(ER7:FD7) -> 640 | FI7: أنثى | FJ7: 142 | FK7: 0 | FL7: 27 | FM7: 156 | FN7: 27 | FO7: 0 | FP7: 0 | FQ7: 261 | FR7: 0 | FS7: 71 | FT7: 56 | FU7: 7 | FV7: 0 | FW7: 747 | GA7: أنثى | GB7: 0 | GC7: 0 | GD7: 0 | GE7: 0 | GF7: 0 | GG7: 0 | GH7: 0 | GI7: 0 | GJ7: 0 | GK7: 0 | GL7: 0 | GM7: 0 | GN7: 0 | GO7: =SUM(GB7:GN7) -> 0 | GS7: أنثى | GT7: 0 | GU7: 0 | GV7: 0 | GW7: 0 | GX7: 0 | GY7: 0 | GZ7: 0 | HA7: 0 | HB7: 0 | HC7: 0 | HD7: 0 | HE7: 0 | HF7: 0 | HG7: =SUM(GT7:HF7) -> 0 | HK7: أنثى | HL7: =SUM(D7+V7+AN7+BF7+BX7+CP7+DH7+DZ7+ER7+FJ7+GB7+GT7) -> 1354 | HM7: =SUM(E7+W7+AO7+BG7+BY7+CQ7+DI7+EA7+ES7+FK7+GC7+GU7) -> 9 | HN7: =SUM(F7+X7+AP7+BH7+BZ7+CR7+DJ7+EB7+ET7+FL7+GD7+GV7) -> 567 | HO7: =SUM(G7+Y7+AQ7+BI7+CA7+CS7+DK7+EC7+EU7+FM7+GE7+GW7) -> 628 | HP7: =SUM(H7+Z7+AR7+BJ7+CB7+CT7+DL7+ED7+EV7+FN7+GF7+GX7) -> 678 | HQ7: =SUM(I7+AA7+AS7+BK7+CC7+CU7+DM7+EE7+EW7+FO7+GG7+GY7) -> 0 | HR7: =SUM(J7+AB7+AT7+BL7+CD7+CV7+DN7+EF7+EX7+FP7+GH7+GZ7) -> 1303 | HS7: =SUM(K7+AC7+AU7+BM7+CE7+CW7+DO7+EG7+EY7+FQ7+GI7+HA7) -> 2016 | ... HX7: =SUM(P7+AH7+AZ7+BR7+CJ7+DB7+DT7+EL7+FD7+FV7+GN7+HF7) -> 0 | HY7: =SUM(HL7:HX7) -> 10261
B8: مجموع السعوديين | D8: 276 | F8: 365 | K8: 518 | M8: 164 | O8: 24 | P8: 0 | Q8: =SUM(Q6:Q7) -> 1347 | T8: مجموع السعوديين | V8: 186 | X8: 482 | AC8: 341 | AE8: 80 | AG8: 64 | AH8: 0 | AI8: =SUM(AI6:AI7) -> 1153 | AL8: مجموع السعوديين | AN8: 219 | AP8: 423 | AU8: 800 | AW8: 261 | AY8: 70 | AZ8: 0 | BA8: =SUM(BA6:BA7) -> 1773 | BD8: مجموع السعوديين | BF8: 209 | BH8: 467 | BM8: 785 | BO8: 187 | BQ8: 83 | BR8: =SUM(BR6:BR7) -> 0 | BS8: =SUM(BS6:BS7) -> 1731 | BV8: مجموع السعوديين | BX8: 625 | BZ8: 1358 | CE8: 1649 | CG8: 634 | CI8: 0 | CJ8: 0 | CK8: =SUM(CK6:CK7) -> 4266 | CN8: مجموع السعوديين | CP8: 209 | CR8: 467 | CW8: 785 | CY8: 270 | DA8: 93 | DB8: 0 | DC8: =SUM(DC6:DC7) -> 1824 | DF8: مجموع السعوديين | DH8: 175 | DJ8: 461 | DO8: 335 | DQ8: 70 | DS8: 55 | DT8: 0 | DU8: 1347 | DX8: مجموع السعوديين | DZ8: =SUM(DZ6:EA7) -> 209 | EB8: =SUM(EB6:EF7) -> 467 | EG8: =SUM(EG6:EH7) -> 785 | EI8: =SUM(EI6:EJ7) -> 270 | EK8: =SUM(EK6:EK7) -> 93 | EL8: =SUM(EL6:EL7) -> 0 | EM8: =SUM(EM6:EM7) -> 1824 | EP8: مجموع السعوديين | ER8: =SUM(ER6:ES7) -> 175 | ET8: =SUM(ET6:EX7) -> 461 | EY8: =SUM(EY6:EZ7) -> 335 | FA8: =SUM(FA6:FB7) -> 70 | FC8: =SUM(FC6:FC7) -> 55 | FD8: =SUM(FD6:FD7) -> 0 | FE8: =SUM(FE6:FE7) -> 1096 | FH8: مجموع السعوديين | FJ8: 264 | FL8: 365 | FQ8: 518 | FS8: 164 | FU8: 22 | FV8: 0 | FW8: 1333 | FZ8: مجموع السعوديين | GB8: =SUM(GB6:GC7) -> 0 | GD8: =SUM(GD6:GH7) -> 0 | GI8: =SUM(GI6:GJ7) -> 0 | GK8: =SUM(GK6:GL7) -> 0 | GM8: =SUM(GM6:GM7) -> 0 | GN8: =SUM(GN6:GN7) -> 0 | GO8: =SUM(GO6:GO7) -> 0 | GR8: مجموع السعوديين | GT8: =SUM(GT6:GU7) -> 0 | GV8: =SUM(GV6:GZ7) -> 0 | HA8: =SUM(HA6:HB7) -> 0 | HC8: =SUM(HC6:HD7) -> 0 | HE8: =SUM(HE6:HE7) -> 0 | HF8: =SUM(HF6:HF7) -> 0 | HG8: =SUM(HG6:HG7) -> 0 | HJ8: مجموع السعوديين | HL8: =SUM(HL6:HM7) -> 2547 | HN8: =SUM(HN6:HR7) -> 5316 | HS8: =SUM(HS6:HT7) -> 6851 | HU8: =SUM(HU6:HV7) -> 2170 | HW8: =SUM(HW6:HW7) -> 559 | HX8: =SUM(HX6:HX7) -> 0 | HY8: =SUM(HY6:HY7) -> 17443
B9: غير سعودي | C9: ذكر | D9: 1 | E9: 0 | F9: 0 | G9: 0 | H9: 2 | I9: 0 | J9: 0 | K9: 0 | L9: 0 | M9: 0 | N9: 0 | O9: 5 | P9: 0 | Q9: =SUM(D9:P9) -> 8 | T9: غير سعودي | U9: ذكر | V9: 20 | W9: 0 | X9: 2 | Y9: 7 | Z9: 10 | AA9: 0 | AB9: 22 | AC9: 30 | AD9: 20 | AE9: 0 | AF9: 0 | AG9: 6 | AH9: 0 | AI9: =SUM(V9:AH9) -> 117 | AL9: غير سعودي | AM9: ذكر | AN9: 58 | AO9: 0 | AP9: 4 | AQ9: 1 | AR9: 3 | AS9: 0 | AT9: 108 | AU9: 116 | AV9: 88 | AW9: 36 | AX9: 0 | AY9: 22 | AZ9: 0 | BA9: =SUM(AN9:AZ9) -> 436 | BD9: غير سعودي | BE9: ذكر | BF9: 52 | BG9: 1 | BH9: 6 | BI9: 3 | BJ9: 7 | BK9: 0 | BL9: 102 | BM9: 95 | BN9: 65 | BO9: 35 | BP9: 0 | BQ9: 0 | BR9: 0 | BS9: =SUM(BF9:BR9) -> 366 | BV9: غير سعودي | BW9: ذكر | BX9: 90 | BY9: 0 | BZ9: 51 | CA9: 41 | CB9: 121 | CC9: 0 | CD9: 88 | CE9: 102 | CF9: 128 | CG9: 95 | CH9: 0 | CI9: 0 | CJ9: 0 | CK9: =SUM(BX9:CJ9) -> 716 | CN9: غير سعودي | CO9: ذكر | CP9: 52 | CQ9: 1 | CR9: 73 | CS9: 3 | CT9: 7 | CU9: 0 | CV9: 102 | CW9: 95 | CX9: 65 | CY9: 35 | CZ9: 0 | DA9: 20 | DB9: 0 | DC9: =SUM(CP9:DB9) -> 453 | DF9: غير سعودي | DG9: ذكر | DH9: 20 | DI9: 0 | DJ9: 2 | DK9: 7 | DL9: 10 | DM9: 0 | DN9: 22 | DO9: 30 | DP9: 20 | DQ9: 0 | DR9: 0 | DS9: 6 | DT9: 0 | DU9: 117 | DX9: غير سعودي | DY9: ذكر | DZ9: 52 | EA9: 1 | EB9: 73 | EC9: 3 | ED9: 7 | EE9: 0 | EF9: 102 | EG9: 95 | EH9: 65 | EI9: 35 | EJ9: 0 | EK9: 20 | EL9: 0 | EM9: =SUM(DZ9:EL9) -> 453 | EP9: غير سعودي | EQ9: ذكر | ER9: 20 | ES9: 0 | ET9: 2 | EU9: 7 | EV9: 10 | EW9: 0 | EX9: 22 | EY9: 30 | EZ9: 20 | FA9: 0 | FB9: 0 | FC9: 6 | FD9: 0 | FE9: =SUM(ER9:FD9) -> 117 | FH9: غير سعودي | FI9: ذكر | FJ9: 18 | FK9: 0 | FL9: 5 | FM9: 51 | FN9: 3 | FO9: 0 | FP9: 0 | FQ9: 78 | FR9: 0 | FS9: 10 | FT9: 0 | FU9: 8 | FV9: 0 | FW9: 173 | FZ9: غير سعودي | GA9: ذكر | GB9: 0 | GC9: 0 | GD9: 0 | GE9: 0 | GF9: 0 | GG9: 0 | GH9: 0 | GI9: 0 | GJ9: 0 | GK9: 0 | GL9: 0 | GM9: 0 | GN9: 0 | GO9: =SUM(GB9:GN9) -> 0 | GR9: غير سعودي | GS9: ذكر | GT9: 0 | GU9: 0 | GV9: 0 | GW9: 0 | GX9: 0 | GY9: 0 | GZ9: 0 | HA9: 0 | HB9: 0 | HC9: 0 | HD9: 0 | HE9: 0 | HF9: 0 | HG9: =SUM(GT9:HF9) -> 0 | HJ9: غير سعودي | HK9: ذكر | HL9: =SUM(D9+V9+AN9+BF9+BX9+CP9+DH9+DZ9+ER9+FJ9+GB9+GT9) -> 383 | HM9: =SUM(E9+W9+AO9+BG9+BY9+CQ9+DI9+EA9+ES9+FK9+GC9+GU9) -> 3 | HN9: =SUM(F9+X9+AP9+BH9+BZ9+CR9+DJ9+EB9+ET9+FL9+GD9+GV9) -> 218 | HO9: =SUM(G9+Y9+AQ9+BI9+CA9+CS9+DK9+EC9+EU9+FM9+GE9+GW9) -> 123 | HP9: =SUM(H9+Z9+AR9+BJ9+CB9+CT9+DL9+ED9+EV9+FN9+GF9+GX9) -> 180 | HQ9: =SUM(I9+AA9+AS9+BK9+CC9+CU9+DM9+EE9+EW9+FO9+GG9+GY9) -> 0 | HR9: =SUM(J9+AB9+AT9+BL9+CD9+CV9+DN9+EF9+EX9+FP9+GH9+GZ9) -> 568 | HS9: =SUM(K9+AC9+AU9+BM9+CE9+CW9+DO9+EG9+EY9+FQ9+GI9+HA9) -> 671 | ... HX9: =SUM(P9+AH9+AZ9+BR9+CJ9+DB9+DT9+EL9+FD9+FV9+GN9+HF9) -> 0 | HY9: =SUM(HL9:HX9) -> 2956
C10: أنثى | D10: 1 | E10: 0 | F10: 0 | G10: 0 | H10: 2 | I10: 0 | J10: 0 | K10: 0 | L10: 0 | M10: 0 | N10: 0 | O10: 5 | P10: 0 | Q10: =SUM(D10:P10) -> 8 | U10: أنثى | V10: 22 | W10: 0 | X10: 4 | Y10: 9 | Z10: 15 | AA10: 0 | AB10: 18 | AC10: 35 | AD10: 32 | AE10: 0 | AF10: 0 | AG10: 8 | AH10: 0 | AI10: =SUM(V10:AH10) -> 143 | AM10: أنثى | AN10: 79 | AO10: 0 | AP10: 66 | AQ10: 13 | AR10: 83 | AS10: 0 | AT10: 122 | AU10: 98 | AV10: 108 | AW10: 82 | AX10: 4 | AY10: 28 | AZ10: 0 | BA10: =SUM(AN10:AZ10) -> 683 | BE10: أنثى | BF10: 76 | BG10: 2 | BH10: 58 | BI10: 18 | BJ10: 53 | BK10: 0 | BL10: 116 | BM10: 115 | BN10: 74 | BO10: 84 | BP10: 0 | BQ10: 49 | BR10: 0 | BS10: =SUM(BF10:BR10) -> 645 | BW10: أنثى | BX10: 102 | BY10: 0 | BZ10: 80 | CA10: 60 | CB10: 135 | CC10: 0 | CD10: 95 | CE10: 225 | CF10: 152 | CG10: 0 | CH10: 42 | CI10: 0 | CJ10: 0 | CK10: =SUM(BX10:CJ10) -> 891 | CO10: أنثى | CP10: 76 | CQ10: 2 | CR10: 6 | CS10: 18 | CT10: 53 | CU10: 0 | CV10: 116 | CW10: 115 | CX10: 74 | CY10: 84 | CZ10: 49 | DA10: 32 | DB10: 0 | DC10: =SUM(CP10:DB10) -> 625 | DG10: أنثى | DH10: 22 | DI10: 0 | DJ10: 4 | DK10: 9 | DL10: 15 | DM10: 0 | DN10: 18 | DO10: 35 | DP10: 32 | DQ10: 0 | DR10: 0 | DS10: 8 | DT10: 0 | DU10: 143 | DY10: أنثى | DZ10: 76 | EA10: 2 | EB10: 6 | EC10: 18 | ED10: 53 | EE10: 0 | EF10: 116 | EG10: 115 | EH10: 74 | EI10: 84 | EJ10: 49 | EK10: 32 | EL10: 0 | EM10: =SUM(DZ10:EL10) -> 625 | EQ10: أنثى | ER10: 22 | ES10: 0 | ET10: 4 | EU10: 6 | EV10: 15 | EW10: 0 | EX10: 18 | EY10: 35 | EZ10: 32 | FA10: 0 | FB10: 0 | FC10: 8 | FD10: 0 | FE10: =SUM(ER10:FD10) -> 140 | FI10: أنثى | FJ10: 57 | FK10: 0 | FL10: 12 | FM10: 62 | FN10: 12 | FO10: 0 | FP10: 0 | FQ10: 93 | FR10: 0 | FS10: 35 | FT10: 11 | FU10: 12 | FV10: 0 | FW10: 294 | GA10: أنثى | GB10: 0 | GC10: 0 | GD10: 0 | GE10: 0 | GF10: 0 | GG10: 0 | GH10: 0 | GI10: 0 | GJ10: 0 | GK10: 0 | GL10: 0 | GM10: 0 | GN10: 0 | GO10: =SUM(GB10:GN10) -> 0 | GS10: أنثى | GT10: 0 | GU10: 0 | GV10: 0 | GW10: 0 | GX10: 0 | GY10: 0 | GZ10: 0 | HA10: 0 | HB10: 0 | HC10: 0 | HD10: 0 | HE10: 0 | HF10: 0 | HG10: =SUM(GT10:HF10) -> 0 | HK10: أنثى | HL10: =SUM(D10+V10+AN10+BF10+BX10+CP10+DH10+DZ10+ER10+FJ10+GB10+GT10) -> 533 | HM10: =SUM(E10+W10+AO10+BG10+BY10+CQ10+DI10+EA10+ES10+FK10+GC10+GU10) -> 6 | HN10: =SUM(F10+X10+AP10+BH10+BZ10+CR10+DJ10+EB10+ET10+FL10+GD10+GV10) -> 240 | HO10: =SUM(G10+Y10+AQ10+BI10+CA10+CS10+DK10+EC10+EU10+FM10+GE10+GW10) -> 213 | HP10: =SUM(H10+Z10+AR10+BJ10+CB10+CT10+DL10+ED10+EV10+FN10+GF10+GX10) -> 436 | HQ10: =SUM(I10+AA10+AS10+BK10+CC10+CU10+DM10+EE10+EW10+FO10+GG10+GY10) -> 0 | HR10: =SUM(J10+AB10+AT10+BL10+CD10+CV10+DN10+EF10+EX10+FP10+GH10+GZ10) -> 619 | HS10: =SUM(K10+AC10+AU10+BM10+CE10+CW10+DO10+EG10+EY10+FQ10+GI10+HA10) -> 866 | ... HX10: =SUM(P10+AH10+AZ10+BR10+CJ10+DB10+DT10+EL10+FD10+FV10+GN10+HF10) -> 0 | HY10: =SUM(HL10:HX10) -> 4197
B11: مجموع الغير سعوديين | D11: =SUM(D9:E10) -> 2 | F11: =SUM(F9:J10) -> 4 | K11: =SUM(K9:L10) -> 0 | M11: =SUM(M9:N10) -> 0 | O11: =SUM(O9:O10) -> 10 | P11: =SUM(P9:P10) -> 0 | Q11: =SUM(Q9:Q10) -> 16 | T11: مجموع الغير سعوديين | V11: =SUM(V9:W10) -> 42 | X11: =SUM(X9:AB10) -> 87 | AC11: =SUM(AC9:AD10) -> 117 | AE11: =SUM(AE9:AF10) -> 0 | AG11: =SUM(AG9:AG10) -> 14 | AH11: =SUM(AH9:AH10) -> 0 | AI11: =SUM(AI9:AI10) -> 260 | AL11: مجموع الغير سعوديين | AN11: =SUM(AN9:AO10) -> 137 | AP11: =SUM(AP9:AT10) -> 400 | AU11: =SUM(AU9:AV10) -> 410 | AW11: =SUM(AW9:AX10) -> 122 | AY11: =SUM(AY9:AY10) -> 50 | AZ11: =SUM(AZ9:AZ10) -> 0 | BA11: =SUM(BA9:BA10) -> 1119 | BD11: مجموع الغير سعوديين | BF11: 131 | BH11: 363 | BM11: 349 | BO11: 119 | BQ11: 49 | BR11: =SUM(BR9:BR10) -> 0 | BS11: =SUM(BS9:BS10) -> 1011 | BV11: مجموع الغير سعوديين | BX11: =SUM(BX9:BY10) -> 192 | BZ11: =SUM(BZ9:CD10) -> 671 | CE11: =SUM(CE9:CF10) -> 607 | CG11: =SUM(CG9:CH10) -> 137 | CI11: =SUM(CI9:CI10) -> 0 | CJ11: =SUM(CJ9:CJ10) -> 0 | CK11: =SUM(CK9:CK10) -> 1607 | CN11: مجموع الغير سعوديين | CP11: 131 | CR11: 378 | CW11: 349 | CY11: 168 | DA11: 52 | DB11: 0 | DC11: =SUM(DC9:DC10) -> 1078 | DF11: مجموع الغير سعوديين | DH11: 42 | DJ11: 87 | DO11: 117 | DQ11: 0 | DS11: 14 | DT11: 0 | DU11: 260 | DX11: مجموع الغير سعوديين | DZ11: =SUM(DZ9:EA10) -> 131 | EB11: =SUM(EB9:EF10) -> 378 | EG11: =SUM(EG9:EH10) -> 349 | EI11: =SUM(EI9:EJ10) -> 168 | EK11: =SUM(EK9:EK10) -> 52 | EL11: =SUM(EL9:EL10) -> 0 | EM11: =SUM(EM9:EM10) -> 1078 | EP11: مجموع الغير سعوديين | ER11: =SUM(ER9:ES10) -> 42 | ET11: =SUM(ET9:EX10) -> 84 | EY11: =SUM(EY9:EZ10) -> 117 | FA11: =SUM(FA9:FB10) -> 0 | FC11: =SUM(FC9:FC10) -> 14 | FD11: =SUM(FD9:FD10) -> 0 | FE11: =SUM(FE9:FE10) -> 257 | FH11: مجموع الغير سعوديين | FJ11: 75 | FL11: 145 | FQ11: 171 | FS11: 56 | FU11: 20 | FV11: 0 | FW11: 467 | FZ11: مجموع الغير سعوديين | GB11: =SUM(GB9:GC10) -> 0 | GD11: =SUM(GD9:GH10) -> 0 | GI11: =SUM(GI9:GJ10) -> 0 | GK11: =SUM(GK9:GL10) -> 0 | GM11: =SUM(GM9:GM10) -> 0 | GN11: =SUM(GN9:GN10) -> 0 | GO11: =SUM(GO9:GO10) -> 0 | GR11: مجموع الغير سعوديين | GT11: =SUM(GT9:GU10) -> 0 | GV11: =SUM(GV9:GZ10) -> 0 | HA11: =SUM(HA9:HB10) -> 0 | HC11: =SUM(HC9:HD10) -> 0 | HE11: =SUM(HE9:HE10) -> 0 | HF11: =SUM(HF9:HF10) -> 0 | HG11: =SUM(HG9:HG10) -> 0 | HJ11: مجمع الغير سعوديين | HL11: =SUM(HL9:HM10) -> 925 | HN11: =SUM(HN9:HR10) -> 2597 | HS11: =SUM(HS9:HT10) -> 2586 | HU11: =SUM(HU9:HV10) -> 770 | HW11: =SUM(HW9:HW10) -> 275 | HX11: =SUM(HX9:HX10) -> 0 | HY11: =SUM(HY9:HY10) -> 7153
B12: المجموع الكلي | D12: =SUM(D8+D11) -> 278 | F12: =SUM(F8+F11) -> 369 | K12: =SUM(K8+K11) -> 518 | M12: =SUM(M8+M11) -> 164 | O12: =SUM(O8+O11) -> 34 | P12: =SUM(P8+P11) -> 0 | Q12: =SUM(Q8+Q11) -> 1363 | T12: المجموع الكلي | V12: =SUM(V8+V11) -> 228 | X12: =SUM(X8+X11) -> 569 | AC12: =SUM(AC8+AC11) -> 458 | AE12: =SUM(AE8+AE11) -> 80 | AG12: =SUM(AG8+AG11) -> 78 | AH12: =SUM(AH8+AH11) -> 0 | AI12: =SUM(AI8+AI11) -> 1413 | AL12: المجموع الكلي | AN12: =SUM(AN8+AN11) -> 356 | AP12: =SUM(AP8+AP11) -> 823 | AU12: =SUM(AU8+AU11) -> 1210 | AW12: =SUM(AW8+AW11) -> 383 | AY12: =SUM(AY8+AY11) -> 120 | AZ12: =SUM(AZ8+AZ11) -> 0 | BA12: =SUM(BA8+BA11) -> 2892 | BD12: المجموع الكلي | BF12: 340 | BH12: 830 | BM12: 1134 | BO12: 306 | BQ12: 132 | BR12: =SUM(BR8+BR11) -> 0 | BS12: =SUM(BS8+BS11) -> 2742 | BV12: المجموع الكلي | BX12: =SUM(BX8+BX11) -> 817 | BZ12: =SUM(BZ8+BZ11) -> 2029 | CE12: =SUM(CE8+CE11) -> 2256 | CG12: =SUM(CG8+CG11) -> 771 | CI12: =SUM(CI8+CI11) -> 0 | CJ12: =SUM(CJ8+CJ11) -> 0 | CK12: =SUM(CK8+CK11) -> 5873 | CN12: المجموع الكلي | CP12: 340 | CR12: 845 | CW12: 1134 | CY12: 438 | DA12: 145 | DB12: 0 | DC12: =SUM(DC8+DC11) -> 2902 | DF12: المجموع الكلي | DH12: 217 | DJ12: 548 | DO12: 452 | DQ12: 70 | DS12: 69 | DT12: 0 | DU12: 1607 | DX12: المجموع الكلي | DZ12: =SUM(DZ8+DZ11) -> 340 | EB12: =SUM(EB8+EB11) -> 845 | EG12: =SUM(EG8+EG11) -> 1134 | EI12: =SUM(EI8+EI11) -> 438 | EK12: =SUM(EK8+EK11) -> 145 | EL12: =SUM(EL8+EL11) -> 0 | EM12: =SUM(EM8+EM11) -> 2902 | EP12: المجموع الكلي | ER12: =SUM(ER8+ER11) -> 217 | ET12: =SUM(ET8+ET11) -> 545 | EY12: =SUM(EY8+EY11) -> 452 | FA12: =SUM(FA8+FA11) -> 70 | FC12: =SUM(FC8+FC11) -> 69 | FD12: =SUM(FD8+FD11) -> 0 | FE12: =SUM(FE8+FE11) -> 1353 | FH12: المجموع الكلي | FJ12: 339 | FL12: 510 | FQ12: 689 | FS12: 220 | FU12: 42 | FV12: 0 | FW12: 1800 | FZ12: المجموع الكلي | GB12: =SUM(GB8+GB11) -> 0 | GD12: =SUM(GD8+GD11) -> 0 | GI12: =SUM(GI8+GI11) -> 0 | GK12: =SUM(GK8+GK11) -> 0 | GM12: =SUM(GM8+GM11) -> 0 | GN12: =SUM(GN8+GN11) -> 0 | GO12: =SUM(GO8+GO11) -> 0 | GR12: المجموع الكلي | GT12: =SUM(GT8+GT11) -> 0 | GV12: =SUM(GV8+GV11) -> 0 | HA12: =SUM(HA8+HA11) -> 0 | HC12: =SUM(HC8+HC11) -> 0 | HE12: =SUM(HE8+HE11) -> 0 | HF12: =SUM(HF8+HF11) -> 0 | HG12: =SUM(HG8+HG11) -> 0 | HJ12: المجموع الكلي | HL12: =SUM(HL8+HL11) -> 3472 | HN12: =SUM(HN8+HN11) -> 7913 | HS12: =SUM(HS8+HS11) -> 9437 | HU12: =SUM(HU8+HU11) -> 2940 | HW12: =SUM(HW8+HW11) -> 834 | HX12: =SUM(HX8+HX11) -> 0 | HY12: =SUM(HY8+HY11) -> 24596
A13: الجامعة | B13: سعودي | C13: ذكر | D13: 92 | E13: 0 | F13: 0 | G13: 0 | H13: 0 | I13: 0 | J13: 0 | K13: 129 | L13: 0 | M13: 37 | N13: 0 | O13: 2 | P13: 0 | Q13: =SUM(D13:P13) -> 260 | S13: الجامعة | T13: سعودي | U13: ذكر | V13: 105 | W13: 0 | X13: 0 | Y13: 0 | Z13: 0 | AA13: 0 | AB13: 0 | AC13: 136 | AD13: 0 | AE13: 42 | AF13: 0 | AG13: 7 | AH13: 0 | AI13: =SUM(V13:AH13) -> 290 | AK13: الجامعة | AL13: سعودي | AM13: ذكر | AN13: 110 | AO13: 0 | AP13: 0 | AQ13: 22 | AR13: 12 | AS13: 0 | AT13: 145 | AU13: 201 | AV13: 246 | AW13: 52 | AX13: 0 | AY13: 0 | AZ13: 2 | BA13: =SUM(AN13:AZ13) -> 790 | BC13: الجامعة | BD13: سعودي | BE13: ذكر | BF13: 150 | BG13: 0 | BH13: 8 | BI13: 0 | BJ13: 8 | BK13: 0 | BL13: 0 | BM13: 211 | BN13: 0 | BO13: 55 | BP13: 0 | BQ13: 25 | BR13: 0 | BS13: =SUM(BF13:BR13) -> 457 | BU13: الجامعة | BV13: سعودي | BW13: ذكر | BX13: 95 | BY13: 0 | BZ13: 0 | CA13: 0 | CB13: 0 | CC13: 0 | CD13: 0 | CE13: 118 | CF13: 0 | CG13: 33 | CH13: 0 | CI13: 2 | CJ13: 0 | CK13: =SUM(BX13:CJ13) -> 248 | CM13: الجامعة | CN13: سعودي | CO13: ذكر | CP13: 1336 | CQ13: 0 | CR13: 30 | CS13: 133 | CT13: 41 | CU13: 0 | CV13: 347 | CW13: 1820 | CX13: 502 | CY13: 492 | CZ13: 0 | DA13: 160 | DB13: 2 | DC13: =SUM(CP13:DB13) -> 4863 | DE13: الجامعة | DF13: سعودي | DG13: ذكر | DH13: 119 | DI13: 0 | DJ13: 0 | DK13: 0 | DL13: 0 | DM13: 0 | DN13: 0 | DO13: 153 | DP13: 0 | DQ13: 43 | DR13: 0 | DS13: 6 | DT13: 0 | DU13: 321 | DW13: الجامعة | DX13: سعودي | DY13: ذكر | DZ13: 1336 | EA13: 0 | EB13: 30 | EC13: 133 | ED13: 41 | EE13: 0 | EF13: 347 | EG13: 1820 | EH13: 502 | EI13: 492 | EJ13: 0 | EK13: 160 | EL13: 2 | EM13: =SUM(DZ13:EL13) -> 4863 | EO13: الجامعة | EP13: سعودي | EQ13: ذكر | ER13: 101 | ES13: 1 | ET13: 0 | EU13: 0 | EV13: 0 | EW13: 0 | EX13: 0 | EY13: 147 | EZ13: 0 | FA13: 16 | FB13: 0 | FC13: 0 | FD13: 0 | FE13: =SUM(ER13:FD13) -> 265 | FG13: الجامعة | FH13: سعودي | FI13: ذكر | FJ13: 0 | FK13: 0 | FL13: 0 | FM13: 0 | FN13: 0 | FO13: 0 | FP13: 0 | FQ13: 0 | FR13: 0 | FS13: 0 | FT13: 0 | FU13: 0 | FV13: 0 | FW13: =SUM(FJ13:FV13) -> 0 | FY13: الجامعة | FZ13: سعودي | GA13: ذكر | GB13: 0 | GC13: 0 | GD13: 0 | GE13: 0 | GF13: 0 | GG13: 0 | GH13: 0 | GI13: 0 | GJ13: 0 | GK13: 0 | GL13: 0 | GM13: 0 | GN13: 0 | GO13: =SUM(GB13:GN13) -> 0 | GQ13: الجامعة | GR13: سعودي | GS13: ذكر | GT13: 0 | GU13: 0 | GV13: 0 | GW13: 0 | GX13: 0 | GY13: 0 | GZ13: 0 | HA13: 0 | HB13: 0 | HC13: 0 | HD13: 0 | HE13: 0 | HF13: 0 | HG13: =SUM(GT13:HF13) -> 0 | HI13: =GQ13 -> الجامعة | HJ13: سعودي | HK13: ذكر | HL13: =SUM(D13+V13+AN13+BF13+BX13+CP13+DH13+DZ13+ER13+FJ13+GB13+GT13) -> 3444 | HM13: =SUM(E13+W13+AO13+BG13+BY13+CQ13+DI13+EA13+ES13+FK13+GC13+GU13) -> 1 | HN13: =SUM(F13+X13+AP13+BH13+BZ13+CR13+DJ13+EB13+ET13+FL13+GD13+GV13) -> 68 | HO13: =SUM(G13+Y13+AQ13+BI13+CA13+CS13+DK13+EC13+EU13+FM13+GE13+GW13) -> 288 | HP13: =SUM(H13+Z13+AR13+BJ13+CB13+CT13+DL13+ED13+EV13+FN13+GF13+GX13) -> 102 | HQ13: =SUM(I13+AA13+AS13+BK13+CC13+CU13+DM13+EE13+EW13+FO13+GG13+GY13) -> 0 | HR13: =SUM(J13+AB13+AT13+BL13+CD13+CV13+DN13+EF13+EX13+FP13+GH13+GZ13) -> 839 | HS13: =SUM(K13+AC13+AU13+BM13+CE13+CW13+DO13+EG13+EY13+FQ13+GI13+HA13) -> 4735 | ... HX13: =SUM(P13+AH13+AZ13+BR13+CJ13+DB13+DT13+EL13+FD13+FV13+GN13+HF13) -> 6 | HY13: =SUM(HL13:HX13) -> 12357
C14: أنثى | D14: 105 | E14: 0 | F14: 0 | G14: 12 | H14: 0 | I14: 0 | J14: 0 | K14: 177 | L14: 0 | M14: 52 | N14: 0 | O14: 7 | P14: 0 | Q14: =SUM(D14:P14) -> 353 | U14: أنثى | V14: 99 | W14: 0 | X14: 3 | Y14: 2 | Z14: 0 | AA14: 0 | AB14: 0 | AC14: 188 | AD14: 0 | AE14: 58 | AF14: 18 | AG14: 4 | AH14: 0 | AI14: =SUM(V14:AH14) -> 372 | AM14: أنثى | AN14: 112 | AO14: 0 | AP14: 0 | AQ14: 18 | AR14: 54 | AS14: 0 | AT14: 124 | AU14: 210 | AV14: 302 | AW14: 121 | AX14: 24 | AY14: 0 | AZ14: 5 | BA14: =SUM(AN14:AZ14) -> 970 | BE14: أنثى | BF14: 266 | BG14: 2 | BH14: 10 | BI14: 3 | BJ14: 10 | BK14: 2 | BL14: 0 | BM14: 188 | BN14: 0 | BO14: 33 | BP14: 18 | BQ14: 12 | BR14: 0 | BS14: =SUM(BF14:BR14) -> 544 | BW14: أنثى | BX14: 100 | BY14: 0 | BZ14: 0 | CA14: 11 | CB14: 0 | CC14: 0 | CD14: 0 | CE14: 173 | CF14: 0 | CG14: 51 | CH14: 0 | CI14: 1 | CJ14: 0 | CK14: =SUM(BX14:CJ14) -> 336 | CO14: أنثى | CP14: 1911 | CQ14: 9 | CR14: 59 | CS14: 199 | CT14: 148 | CU14: 65 | CV14: 375 | CW14: 1995 | CX14: 707 | CY14: 612 | CZ14: 204 | DA14: 85 | DB14: 5 | DC14: =SUM(CP14:DB14) -> 6374 | DG14: أنثى | DH14: 124 | DI14: 0 | DJ14: 0 | DK14: 9 | DL14: 0 | DM14: 0 | DN14: 0 | DO14: 183 | DP14: 0 | DQ14: 62 | DR14: 0 | DS14: 8 | DT14: 0 | DU14: 386 | DY14: أنثى | DZ14: 1911 | EA14: 9 | EB14: 59 | EC14: 199 | ED14: 148 | EE14: 65 | EF14: 375 | EG14: 1995 | EH14: 707 | EI14: 612 | EJ14: 204 | EK14: 85 | EL14: 5 | EM14: =SUM(DZ14:EL14) -> 6374 | EQ14: أنثى | ER14: 138 | ES14: 1 | ET14: 0 | EU14: 0 | EV14: 0 | EW14: 0 | EX14: 0 | EY14: 195 | EZ14: 0 | FA14: 22 | FB14: 2 | FC14: 2 | FD14: 0 | FE14: =SUM(ER14:FD14) -> 360 | FI14: أنثى | FJ14: 0 | FK14: 0 | FL14: 0 | FM14: 0 | FN14: 0 | FO14: 0 | FP14: 0 | FQ14: 0 | FR14: 0 | FS14: 0 | FT14: 0 | FU14: 0 | FV14: 0 | FW14: =SUM(FJ14:FV14) -> 0 | GA14: أنثى | GB14: 0 | GC14: 0 | GD14: 0 | GE14: 0 | GF14: 0 | GG14: 0 | GH14: 0 | GI14: 0 | GJ14: 0 | GK14: 0 | GL14: 0 | GM14: 0 | GN14: 0 | GO14: =SUM(GB14:GN14) -> 0 | GS14: أنثى | GT14: 0 | GU14: 0 | GV14: 0 | GW14: 0 | GX14: 0 | GY14: 0 | GZ14: 0 | HA14: 0 | HB14: 0 | HC14: 0 | HD14: 0 | HE14: 0 | HF14: 0 | HG14: =SUM(GT14:HF14) -> 0 | HK14: أنثى | HL14: =SUM(D14+V14+AN14+BF14+BX14+CP14+DH14+DZ14+ER14+FJ14+GB14+GT14) -> 4766 | HM14: =SUM(E14+W14+AO14+BG14+BY14+CQ14+DI14+EA14+ES14+FK14+GC14+GU14) -> 21 | HN14: =SUM(F14+X14+AP14+BH14+BZ14+CR14+DJ14+EB14+ET14+FL14+GD14+GV14) -> 131 | HO14: =SUM(G14+Y14+AQ14+BI14+CA14+CS14+DK14+EC14+EU14+FM14+GE14+GW14) -> 453 | HP14: =SUM(H14+Z14+AR14+BJ14+CB14+CT14+DL14+ED14+EV14+FN14+GF14+GX14) -> 360 | HQ14: =SUM(I14+AA14+AS14+BK14+CC14+CU14+DM14+EE14+EW14+FO14+GG14+GY14) -> 132 | HR14: =SUM(J14+AB14+AT14+BL14+CD14+CV14+DN14+EF14+EX14+FP14+GH14+GZ14) -> 874 | HS14: =SUM(K14+AC14+AU14+BM14+CE14+CW14+DO14+EG14+EY14+FQ14+GI14+HA14) -> 5304 | ... HX14: =SUM(P14+AH14+AZ14+BR14+CJ14+DB14+DT14+EL14+FD14+FV14+GN14+HF14) -> 15 | HY14: =SUM(HL14:HX14) -> 16069
B15: مجموع السعوديين | D15: 197 | F15: 12 | K15: 306 | M15: 89 | O15: 9 | P15: 0 | Q15: =SUM(Q13:Q14) -> 613 | T15: مجموع السعوديين | V15: 204 | X15: 5 | AC15: 324 | AE15: 118 | AG15: 11 | AH15: 0 | AI15: =SUM(AI13:AI14) -> 662 | AL15: مجموع السعوديين | AN15: 222 | AP15: 375 | AU15: 959 | AW15: 197 | AY15: 0 | AZ15: 7 | BA15: =SUM(BA13:BA14) -> 1760 | BD15: مجموع السعوديين | BF15: 418 | BH15: 41 | BM15: 399 | BO15: 106 | BQ15: 37 | BR15: =SUM(BR13:BR14) -> 0 | BS15: =SUM(BS13:BS14) -> 1001 | BV15: مجموع السعوديين | BX15: 195 | BZ15: 11 | CE15: 291 | CG15: 84 | CI15: 3 | CJ15: 0 | CK15: =SUM(CK13:CK14) -> 584 | CN15: مجموع السعوديين | CP15: 3256 | CR15: 1397 | CW15: 5024 | CY15: 1308 | DA15: 245 | DB15: 7 | DC15: =SUM(DC13:DC14) -> 11237 | DF15: مجموع السعوديين | DH15: 243 | DJ15: 9 | DO15: 336 | DQ15: 105 | DS15: 14 | DT15: 0 | DU15: 707 | DX15: مجموع السعوديين | DZ15: =SUM(DZ13:EA14) -> 3256 | EB15: =SUM(EB13:EF14) -> 1397 | EG15: =SUM(EG13:EH14) -> 5024 | EI15: =SUM(EI13:EJ14) -> 1308 | EK15: =SUM(EK13:EK14) -> 245 | EL15: =SUM(EL13:EL14) -> 7 | EM15: =SUM(EM13:EM14) -> 11237 | EP15: مجموع السعوديين | ER15: =SUM(ER13:ES14) -> 241 | ET15: =SUM(ET13:EX14) -> 0 | EY15: =SUM(EY13:EZ14) -> 342 | FA15: =SUM(FA13:FB14) -> 40 | FC15: =SUM(FC13:FC14) -> 2 | FD15: =SUM(FD13:FD14) -> 0 | FE15: =SUM(FE13:FE14) -> 625 | FH15: مجموع السعوديين | FJ15: =SUM(FJ13:FK14) -> 0 | FL15: =SUM(FL13:FP14) -> 0 | FQ15: =SUM(FQ13:FR14) -> 0 | FS15: =SUM(FS13:FT14) -> 0 | FU15: =SUM(FU13:FU14) -> 0 | FV15: =SUM(FV13:FV14) -> 0 | FW15: =SUM(FW13:FW14) -> 0 | FZ15: مجموع السعوديين | GB15: =SUM(GB13:GC14) -> 0 | GD15: =SUM(GD13:GH14) -> 0 | GI15: =SUM(GI13:GJ14) -> 0 | GK15: =SUM(GK13:GL14) -> 0 | GM15: =SUM(GM13:GM14) -> 0 | GN15: =SUM(GN13:GN14) -> 0 | GO15: =SUM(GO13:GO14) -> 0 | GR15: مجموع السعوديين | GT15: =SUM(GT13:GU14) -> 0 | GV15: =SUM(GV13:GZ14) -> 0 | HA15: =SUM(HA13:HB14) -> 0 | HC15: =SUM(HC13:HD14) -> 0 | HE15: =SUM(HE13:HE14) -> 0 | HF15: =SUM(HF13:HF14) -> 0 | HG15: =SUM(HG13:HG14) -> 0 | HJ15: مجموع السعوديين | HL15: =SUM(HL13:HM14) -> 8232 | HN15: =SUM(HN13:HR14) -> 3247 | HS15: =SUM(HS13:HT14) -> 13005 | HU15: =SUM(HU13:HV14) -> 3355 | HW15: =SUM(HW13:HW14) -> 566 | HX15: =SUM(HX13:HX14) -> 21 | HY15: =SUM(HY13:HY14) -> 28426
B16: غير سعودي | C16: ذكر | D16: 52 | E16: 0 | F16: 0 | G16: 0 | H16: 0 | I16: 0 | J16: 0 | K16: 27 | L16: 0 | M16: 14 | N16: 0 | O16: 1 | P16: 0 | Q16: =SUM(D16:P16) -> 94 | T16: غير سعودي | U16: ذكر | V16: 66 | W16: 0 | X16: 0 | Y16: 1 | Z16: 0 | AA16: 0 | AB16: 0 | AC16: 34 | AD16: 0 | AE16: 19 | AF16: 0 | AG16: 0 | AH16: 0 | AI16: =SUM(V16:AH16) -> 120 | AL16: غير سعودي | AM16: ذكر | AN16: 95 | AO16: 0 | AP16: 0 | AQ16: 5 | AR16: 1 | AS16: 0 | AT16: 123 | AU16: 102 | AV16: 185 | AW16: 12 | AX16: 0 | AY16: 0 | AZ16: 0 | BA16: =SUM(AN16:AZ16) -> 523 | BD16: غير سعودي | BE16: ذكر | BF16: 140 | BG16: 0 | BH16: 0 | BI16: 0 | BJ16: 0 | BK16: 0 | BL16: 0 | BM16: 70 | BN16: 0 | BO16: 19 | BP16: 0 | BQ16: 7 | BR16: 0 | BS16: =SUM(BF16:BR16) -> 236 | BV16: غير سعودي | BW16: ذكر | BX16: 49 | BY16: 0 | BZ16: 0 | CA16: 0 | CB16: 0 | CC16: 0 | CD16: 0 | CE16: 23 | CF16: 0 | CG16: 12 | CH16: 0 | CI16: 0 | CJ16: 0 | CK16: =SUM(BX16:CJ16) -> 84 | CN16: غير سعودي | CO16: ذكر | CP16: 0 | CQ16: 0 | CR16: 0 | CS16: 0 | CT16: 0 | CU16: 0 | CV16: 0 | CW16: 0 | CX16: 0 | CY16: 0 | CZ16: 0 | DA16: 0 | DB16: 0 | DC16: =SUM(CP16:DB16) -> 0 | DF16: غير سعودي | DG16: ذكر | DH16: 66 | DI16: 0 | DJ16: 0 | DK16: 0 | DL16: 0 | DM16: 0 | DN16: 0 | DO16: 92 | DP16: 0 | DQ16: 29 | DR16: 0 | DS16: 0 | DT16: 0 | DU16: 187 | DX16: غير سعودي | DY16: ذكر | DZ16: 0 | EA16: 0 | EB16: 0 | EC16: 0 | ED16: 0 | EE16: 0 | EF16: 0 | EG16: 0 | EH16: 0 | EI16: 0 | EJ16: 0 | EK16: 0 | EL16: 0 | EM16: =SUM(DZ16:EL16) -> 0 | EP16: غير سعودي | EQ16: ذكر | ER16: 32 | ES16: 0 | ET16: 0 | EU16: 0 | EV16: 0 | EW16: 0 | EX16: 0 | EY16: 49 | EZ16: 0 | FA16: 8 | FB16: 0 | FC16: 0 | FD16: 0 | FE16: =SUM(ER16:FD16) -> 89 | FH16: غير سعودي | FI16: ذكر | FJ16: 0 | FK16: 0 | FL16: 0 | FM16: 0 | FN16: 0 | FO16: 0 | FP16: 0 | FQ16: 0 | FR16: 0 | FS16: 0 | FT16: 0 | FU16: 0 | FV16: 0 | FW16: =SUM(FJ16:FV16) -> 0 | FZ16: غير سعودي | GA16: ذكر | GB16: 0 | GC16: 0 | GD16: 0 | GE16: 0 | GF16: 0 | GG16: 0 | GH16: 0 | GI16: 0 | GJ16: 0 | GK16: 0 | GL16: 0 | GM16: 0 | GN16: 0 | GO16: =SUM(GB16:GN16) -> 0 | GR16: غير سعودي | GS16: ذكر | GT16: 0 | GU16: 0 | GV16: 0 | GW16: 0 | GX16: 0 | GY16: 0 | GZ16: 0 | HA16: 0 | HB16: 0 | HC16: 0 | HD16: 0 | HE16: 0 | HF16: 0 | HG16: =SUM(GT16:HF16) -> 0 | HJ16: غير سعودي | HK16: ذكر | HL16: =SUM(D16+V16+AN16+BF16+BX16+CP16+DH16+DZ16+ER16+FJ16+GB16+GT16) -> 500 | HM16: =SUM(E16+W16+AO16+BG16+BY16+CQ16+DI16+EA16+ES16+FK16+GC16+GU16) -> 0 | HN16: =SUM(F16+X16+AP16+BH16+BZ16+CR16+DJ16+EB16+ET16+FL16+GD16+GV16) -> 0 | HO16: =SUM(G16+Y16+AQ16+BI16+CA16+CS16+DK16+EC16+EU16+FM16+GE16+GW16) -> 6 | HP16: =SUM(H16+Z16+AR16+BJ16+CB16+CT16+DL16+ED16+EV16+FN16+GF16+GX16) -> 1 | HQ16: =SUM(I16+AA16+AS16+BK16+CC16+CU16+DM16+EE16+EW16+FO16+GG16+GY16) -> 0 | HR16: =SUM(J16+AB16+AT16+BL16+CD16+CV16+DN16+EF16+EX16+FP16+GH16+GZ16) -> 123 | HS16: =SUM(K16+AC16+AU16+BM16+CE16+CW16+DO16+EG16+EY16+FQ16+GI16+HA16) -> 397 | ... HX16: =SUM(P16+AH16+AZ16+BR16+CJ16+DB16+DT16+EL16+FD16+FV16+GN16+HF16) -> 0 | HY16: =SUM(HL16:HX16) -> 1333
C17: أنثى | D17: 31 | E17: 0 | F17: 0 | G17: 1 | H17: 0 | I17: 0 | J17: 0 | K17: 18 | L17: 0 | M17: 9 | N17: 0 | O17: 1 | P17: 0 | Q17: =SUM(D17:P17) -> 60 | U17: أنثى | V17: 38 | W17: 0 | X17: 0 | Y17: 1 | Z17: 0 | AA17: 0 | AB17: 0 | AC17: 28 | AD17: 0 | AE17: 13 | AF17: 0 | AG17: 2 | AH17: 0 | AI17: =SUM(V17:AH17) -> 82 | AM17: أنثى | AN17: 87 | AO17: 0 | AP17: 0 | AQ17: 9 | AR17: 8 | AS17: 0 | AT17: 121 | AU17: 195 | AV17: 102 | AW17: 18 | AX17: 5 | AY17: 0 | AZ17: 1 | BA17: =SUM(AN17:AZ17) -> 546 | BE17: أنثى | BF17: 99 | BG17: 0 | BH17: 6 | BI17: 5 | BJ17: 6 | BK17: 0 | BL17: 0 | BM17: 44 | BN17: 0 | BO17: 9 | BP17: 6 | BQ17: 11 | BR17: 0 | BS17: =SUM(BF17:BR17) -> 186 | BW17: أنثى | BX17: 33 | BY17: 0 | BZ17: 0 | CA17: 2 | CB17: 0 | CC17: 0 | CD17: 0 | CE17: 14 | CF17: 0 | CG17: 9 | CH17: 0 | CI17: 1 | CJ17: 0 | CK17: =SUM(BX17:CJ17) -> 59 | CO17: أنثى | CP17: 0 | CQ17: 0 | CR17: 0 | CS17: 0 | CT17: 0 | CU17: 0 | CV17: 0 | CW17: 0 | CX17: 0 | CY17: 0 | CZ17: 0 | DA17: 0 | DB17: 0 | DC17: =SUM(CP17:DB17) -> 0 | DG17: أنثى | DH17: 80 | DI17: 0 | DJ17: 0 | DK17: 4 | DL17: 0 | DM17: 0 | DN17: 0 | DO17: 32 | DP17: 0 | DQ17: 24 | DR17: 0 | DS17: 0 | DT17: 0 | DU17: 140 | DY17: أنثى | DZ17: 0 | EA17: 0 | EB17: 0 | EC17: 0 | ED17: 0 | EE17: 0 | EF17: 0 | EG17: 0 | EH17: 0 | EI17: 0 | EJ17: 0 | EK17: 0 | EL17: 0 | EM17: =SUM(DZ17:EL17) -> 0 | EQ17: أنثى | ER17: 21 | ES17: 0 | ET17: 0 | EU17: 0 | EV17: 0 | EW17: 0 | EX17: 0 | EY17: 38 | EZ17: 0 | FA17: 3 | FB17: 0 | FC17: 2 | FD17: 0 | FE17: =SUM(ER17:FD17) -> 64 | FI17: أنثى | FJ17: 0 | FK17: 0 | FL17: 0 | FM17: 0 | FN17: 0 | FO17: 0 | FP17: 0 | FQ17: 0 | FR17: 0 | FS17: 0 | FT17: 0 | FU17: 0 | FV17: 0 | FW17: =SUM(FJ17:FV17) -> 0 | GA17: أنثى | GB17: 0 | GC17: 0 | GD17: 0 | GE17: 0 | GF17: 0 | GG17: 0 | GH17: 0 | GI17: 0 | GJ17: 0 | GK17: 0 | GL17: 0 | GM17: 0 | GN17: 0 | GO17: =SUM(GB17:GN17) -> 0 | GS17: أنثى | GT17: 0 | GU17: 0 | GV17: 0 | GW17: 0 | GX17: 0 | GY17: 0 | GZ17: 0 | HA17: 0 | HB17: 0 | HC17: 0 | HD17: 0 | HE17: 0 | HF17: 0 | HG17: =SUM(GT17:HF17) -> 0 | HK17: أنثى | HL17: =SUM(D17+V17+AN17+BF17+BX17+CP17+DH17+DZ17+ER17+FJ17+GB17+GT17) -> 389 | HM17: =SUM(E17+W17+AO17+BG17+BY17+CQ17+DI17+EA17+ES17+FK17+GC17+GU17) -> 0 | HN17: =SUM(F17+X17+AP17+BH17+BZ17+CR17+DJ17+EB17+ET17+FL17+GD17+GV17) -> 6 | HO17: =SUM(G17+Y17+AQ17+BI17+CA17+CS17+DK17+EC17+EU17+FM17+GE17+GW17) -> 22 | HP17: =SUM(H17+Z17+AR17+BJ17+CB17+CT17+DL17+ED17+EV17+FN17+GF17+GX17) -> 14 | HQ17: =SUM(I17+AA17+AS17+BK17+CC17+CU17+DM17+EE17+EW17+FO17+GG17+GY17) -> 0 | HR17: =SUM(J17+AB17+AT17+BL17+CD17+CV17+DN17+EF17+EX17+FP17+GH17+GZ17) -> 121 | HS17: =SUM(K17+AC17+AU17+BM17+CE17+CW17+DO17+EG17+EY17+FQ17+GI17+HA17) -> 369 | ... HX17: =SUM(P17+AH17+AZ17+BR17+CJ17+DB17+DT17+EL17+FD17+FV17+GN17+HF17) -> 1 | HY17: =SUM(HL17:HX17) -> 1137
B18: مجموع الغير سعوديين | D18: =SUM(D16:E17) -> 83 | F18: =SUM(F16:J17) -> 1 | K18: =SUM(K16:L17) -> 45 | M18: =SUM(M16:N17) -> 23 | O18: =SUM(O16:O17) -> 2 | P18: =SUM(P16:P17) -> 0 | Q18: =SUM(Q16:Q17) -> 154 | T18: مجموع الغير سعوديين | V18: =SUM(V16:W17) -> 104 | X18: =SUM(X16:AB17) -> 2 | AC18: =SUM(AC16:AD17) -> 62 | AE18: =SUM(AE16:AF17) -> 32 | AG18: =SUM(AG16:AG17) -> 2 | AH18: =SUM(AH16:AH17) -> 0 | AI18: =SUM(AI16:AI17) -> 202 | AL18: مجموع الغير سعوديين | AN18: =SUM(AN16:AO17) -> 182 | AP18: =SUM(AP16:AT17) -> 267 | AU18: =SUM(AU16:AV17) -> 584 | AW18: =SUM(AW16:AX17) -> 35 | AY18: =SUM(AY16:AY17) -> 0 | AZ18: =SUM(AZ16:AZ17) -> 1 | BA18: =SUM(BA16:BA17) -> 1069 | BD18: مجموع الغير سعوديين | BF18: 239 | BH18: 17 | BM18: 114 | BO18: 34 | BQ18: 18 | BR18: =SUM(BR16:BR17) -> 0 | BS18: =SUM(BS16:BS17) -> 422 | BV18: مجموع الغير سعوديين | BX18: =SUM(BX16:BY17) -> 82 | BZ18: =SUM(BZ16:CD17) -> 2 | CE18: =SUM(CE16:CF17) -> 37 | CG18: =SUM(CG16:CH17) -> 21 | CI18: =SUM(CI16:CI17) -> 1 | CJ18: =SUM(CJ16:CJ17) -> 0 | CK18: =SUM(CK16:CK17) -> 143 | CN18: مجموع الغير سعوديين | CP18: 0 | CR18: 0 | CW18: 0 | CY18: 0 | DA18: 0 | DB18: 0 | DC18: =SUM(DC16:DC17) -> 0 | DF18: مجموع الغير سعوديين | DH18: 146 | DJ18: 4 | DO18: 124 | DQ18: 53 | DS18: 0 | DT18: 0 | DU18: 327 | DX18: مجموع الغير سعوديين | DZ18: =SUM(DZ16:EA17) -> 0 | EB18: =SUM(EB16:EF17) -> 0 | EG18: =SUM(EG16:EH17) -> 0 | EI18: =SUM(EI16:EJ17) -> 0 | EK18: =SUM(EK16:EK17) -> 0 | EL18: =SUM(EL16:EL17) -> 0 | EM18: =SUM(EM16:EM17) -> 0 | EP18: مجموع الغير سعوديين | ER18: =SUM(ER16:ES17) -> 53 | ET18: =SUM(ET16:EX17) -> 0 | EY18: =SUM(EY16:EZ17) -> 87 | FA18: =SUM(FA16:FB17) -> 11 | FC18: =SUM(FC16:FC17) -> 2 | FD18: =SUM(FD16:FD17) -> 0 | FE18: =SUM(FE16:FE17) -> 153 | FH18: مجموع الغير سعوديين | FJ18: =SUM(FJ16:FK17) -> 0 | FL18: =SUM(FL16:FP17) -> 0 | FQ18: =SUM(FQ16:FR17) -> 0 | FS18: =SUM(FS16:FT17) -> 0 | FU18: =SUM(FU16:FU17) -> 0 | FV18: =SUM(FV16:FV17) -> 0 | FW18: =SUM(FW16:FW17) -> 0 | FZ18: مجموع الغير سعوديين | GB18: =SUM(GB16:GC17) -> 0 | GD18: =SUM(GD16:GH17) -> 0 | GI18: =SUM(GI16:GJ17) -> 0 | GK18: =SUM(GK16:GL17) -> 0 | GM18: =SUM(GM16:GM17) -> 0 | GN18: =SUM(GN16:GN17) -> 0 | GO18: =SUM(GO16:GO17) -> 0 | GR18: مجموع الغير سعوديين | GT18: =SUM(GT16:GU17) -> 0 | GV18: =SUM(GV16:GZ17) -> 0 | HA18: =SUM(HA16:HB17) -> 0 | HC18: =SUM(HC16:HD17) -> 0 | HE18: =SUM(HE16:HE17) -> 0 | HF18: =SUM(HF16:HF17) -> 0 | HG18: =SUM(HG16:HG17) -> 0 | HJ18: مجمع الغير سعوديين | HL18: =SUM(HL16:HM17) -> 889 | HN18: =SUM(HN16:HR17) -> 293 | HS18: =SUM(HS16:HT17) -> 1053 | HU18: =SUM(HU16:HV17) -> 209 | HW18: =SUM(HW16:HW17) -> 25 | HX18: =SUM(HX16:HX17) -> 1 | HY18: =SUM(HY16:HY17) -> 2470
B19: المجموع الكلي | D19: =SUM(D15+D18) -> 280 | F19: =SUM(F15+F18) -> 13 | K19: =SUM(K15+K18) -> 351 | M19: =SUM(M15+M18) -> 112 | O19: =SUM(O15+O18) -> 11 | P19: =SUM(P15+P18) -> 0 | Q19: =SUM(Q15+Q18) -> 767 | T19: المجموع الكلي | V19: =SUM(V15+V18) -> 308 | X19: =SUM(X15+X18) -> 7 | AC19: =SUM(AC15+AC18) -> 386 | AE19: =SUM(AE15+AE18) -> 150 | AG19: =SUM(AG15+AG18) -> 13 | AH19: =SUM(AH15+AH18) -> 0 | AI19: =SUM(AI15+AI18) -> 864 | AL19: المجموع الكلي | AN19: =SUM(AN15+AN18) -> 404 | AP19: =SUM(AP15+AP18) -> 642 | AU19: =SUM(AU15+AU18) -> 1543 | AW19: =SUM(AW15+AW18) -> 232 | AY19: =SUM(AY15+AY18) -> 0 | AZ19: =SUM(AZ15+AZ18) -> 8 | BA19: =SUM(BA15+BA18) -> 2829 | BD19: المجموع الكلي | BF19: =SUM(BF15+BF18) -> 657 | BH19: =SUM(BH15+BH18) -> 58 | BM19: =SUM(BM15+BM18) -> 513 | BO19: =SUM(BO15+BO18) -> 140 | BQ19: =SUM(BQ15+BQ18) -> 55 | BR19: =SUM(BR15+BR18) -> 0 | BS19: =SUM(BS15+BS18) -> 1423 | BV19: المجموع الكلي | BX19: =SUM(BX15+BX18) -> 277 | BZ19: =SUM(BZ15+BZ18) -> 13 | CE19: =SUM(CE15+CE18) -> 328 | CG19: =SUM(CG15+CG18) -> 105 | CI19: =SUM(CI15+CI18) -> 4 | CJ19: =SUM(CJ15+CJ18) -> 0 | CK19: =SUM(CK15+CK18) -> 727 | CN19: المجموع الكلي | CP19: 3256 | CR19: 1397 | CW19: 5024 | CY19: 1308 | DA19: 245 | DB19: 7 | DC19: =SUM(DC15+DC18) -> 11237 | DF19: المجموع الكلي | DH19: 389 | DJ19: 13 | DO19: 460 | DQ19: 158 | DS19: 14 | DT19: 0 | DU19: 1034 | DX19: المجموع الكلي | DZ19: =SUM(DZ15+DZ18) -> 3256 | EB19: =SUM(EB15+EB18) -> 1397 | EG19: =SUM(EG15+EG18) -> 5024 | EI19: =SUM(EI15+EI18) -> 1308 | EK19: =SUM(EK15+EK18) -> 245 | EL19: =SUM(EL15+EL18) -> 7 | EM19: =SUM(EM15+EM18) -> 11237 | EP19: المجموع الكلي | ER19: =SUM(ER15+ER18) -> 294 | ET19: =SUM(ET15+ET18) -> 0 | EY19: =SUM(EY15+EY18) -> 429 | FA19: =SUM(FA15+FA18) -> 51 | FC19: =SUM(FC15+FC18) -> 4 | FD19: =SUM(FD15+FD18) -> 0 | FE19: =SUM(FE15+FE18) -> 778 | FH19: المجموع الكلي | FJ19: =SUM(FJ15+FJ18) -> 0 | FL19: =SUM(FL15+FL18) -> 0 | FQ19: =SUM(FQ15+FQ18) -> 0 | FS19: =SUM(FS15+FS18) -> 0 | FU19: =SUM(FU15+FU18) -> 0 | FV19: =SUM(FV15+FV18) -> 0 | FW19: =SUM(FW15+FW18) -> 0 | FZ19: المجموع الكلي | GB19: =SUM(GB15+GB18) -> 0 | GD19: =SUM(GD15+GD18) -> 0 | GI19: =SUM(GI15+GI18) -> 0 | GK19: =SUM(GK15+GK18) -> 0 | GM19: =SUM(GM15+GM18) -> 0 | GN19: =SUM(GN15+GN18) -> 0 | GO19: =SUM(GO15+GO18) -> 0 | GR19: المجموع الكلي | GT19: =SUM(GT15+GT18) -> 0 | GV19: =SUM(GV15+GV18) -> 0 | HA19: =SUM(HA15+HA18) -> 0 | HC19: =SUM(HC15+HC18) -> 0 | HE19: =SUM(HE15+HE18) -> 0 | HF19: =SUM(HF15+HF18) -> 0 | HG19: =SUM(HG15+HG18) -> 0 | HJ19: المجموع الكلي | HL19: =SUM(HL15+HL18) -> 9121 | HN19: =SUM(HN15+HN18) -> 3540 | HS19: =SUM(HS15+HS18) -> 14058 | HU19: =SUM(HU15+HU18) -> 3564 | HW19: =SUM(HW15+HW18) -> 591 | HX19: =SUM(HX15+HX18) -> 22 | HY19: =SUM(HY15+HY18) -> 30896
A20: السليمانية | B20: سعودي | C20: ذكر | D20: 484 | E20: 2 | F20: 10 | G20: 1 | H20: 29 | I20: 0 | J20: 700 | K20: 31 | L20: 300 | M20: 162 | N20: 0 | O20: 9 | P20: 0 | Q20: =SUM(D20:P20) -> 1728 | S20: السليمانية | T20: سعودي | U20: ذكر | V20: 399 | W20: 2 | X20: 0 | Y20: 1 | Z20: 28 | AA20: 0 | AB20: 868 | AC20: 138 | AD20: 685 | AE20: 204 | AF20: 0 | AG20: 6 | AH20: 0 | AI20: =SUM(V20:AH20) -> 2331 | AK20: السليمانية | AL20: سعودي | AM20: ذكر | AN20: 100 | AO20: 0 | AP20: 60 | AQ20: 0 | AR20: 20 | AS20: 0 | AT20: 140 | AU20: 250 | AV20: 500 | AW20: 100 | AX20: 0 | AY20: 8 | AZ20: 0 | BA20: =SUM(AN20:AZ20) -> 1178 | BC20: السليمانية | BD20: سعودي | BE20: ذكر | BF20: 0 | BG20: 0 | BH20: 0 | BI20: 0 | BJ20: 0 | BK20: 0 | BL20: 0 | BM20: 0 | BN20: 0 | BO20: 0 | BP20: 0 | BQ20: 0 | BR20: 0 | BS20: =SUM(BF20:BR20) -> 0 | BU20: السليمانية | BV20: سعودي | BW20: ذكر | BX20: 368 | BY20: 0 | BZ20: 43 | CA20: 48 | CB20: 48 | CC20: 0 | CD20: 523 | CE20: 711 | CF20: 190 | CG20: 140 | CH20: 0 | CI20: 0 | CJ20: 0 | CK20: =SUM(BX20:CJ20) -> 2071 | CM20: السليمانية | CN20: سعودي | CO20: ذكر | CP20: 20 | CQ20: 0 | CR20: 30 | CS20: 0 | CT20: 20 | CU20: 0 | CV20: 1500 | CW20: 20 | CX20: 0 | CY20: 30 | CZ20: 0 | DA20: 10 | DB20: 0 | DC20: =SUM(CP20:DB20) -> 1630 | DE20: السليمانية | DF20: سعودي | DG20: ذكر | DH20: 407 | DI20: 1 | DJ20: 0 | DK20: 1 | DL20: 30 | DM20: 0 | DN20: 964 | DO20: 138 | DP20: 790 | DQ20: 204 | DR20: 0 | DS20: 6 | DT20: 0 | DU20: 2541 | DW20: السليمانية | DX20: سعودي | DY20: ذكر | DZ20: 20 | EA20: 0 | EB20: 30 | EC20: 0 | ED20: 20 | EE20: 0 | EF20: 1500 | EG20: 20 | EH20: 0 | EI20: 30 | EJ20: 0 | EK20: 10 | EL20: 0 | EM20: =SUM(DZ20:EL20) -> 1630 | EO20: السليمانية | EP20: سعودي | EQ20: ذكر | ER20: 201 | ES20: 0 | ET20: 0 | EU20: 8 | EV20: 0 | EW20: 0 | EX20: 0 | EY20: 211 | EZ20: 17 | FA20: 18 | FB20: 0 | FC20: 0 | FD20: 0 | FE20: =SUM(ER20:FD20) -> 455 | FG20: السليمانية | FH20: سعودي | FI20: ذكر | FJ20: 394 | FK20: 10 | FL20: 20 | FM20: 5 | FN20: 20 | FO20: 0 | FP20: 0 | FQ20: 26 | FR20: 0 | FS20: 168 | FT20: 0 | FU20: 13 | FV20: 0 | FW20: 656 | FY20: السليمانية | FZ20: سعودي | GA20: ذكر | GB20: 0 | GC20: 0 | GD20: 0 | GE20: 0 | GF20: 0 | GG20: 0 | GH20: 0 | GI20: 0 | GJ20: 0 | GK20: 0 | GL20: 0 | GM20: 0 | GN20: 0 | GO20: =SUM(GB20:GN20) -> 0 | GQ20: السليمانية | GR20: سعودي | GS20: ذكر | GT20: 0 | GU20: 0 | GV20: 0 | GW20: 0 | GX20: 0 | GY20: 0 | GZ20: 0 | HA20: 0 | HB20: 0 | HC20: 0 | HD20: 0 | HE20: 0 | HF20: 0 | HG20: =SUM(GT20:HF20) -> 0 | HI20: =GQ20 -> السليمانية | HJ20: سعودي | HK20: ذكر | HL20: =SUM(D20+V20+AN20+BF20+BX20+CP20+DH20+DZ20+ER20+FJ20+GB20+GT20) -> 2393 | HM20: =SUM(E20+W20+AO20+BG20+BY20+CQ20+DI20+EA20+ES20+FK20+GC20+GU20) -> 15 | HN20: =SUM(F20+X20+AP20+BH20+BZ20+CR20+DJ20+EB20+ET20+FL20+GD20+GV20) -> 193 | HO20: =SUM(G20+Y20+AQ20+BI20+CA20+CS20+DK20+EC20+EU20+FM20+GE20+GW20) -> 64 | HP20: =SUM(H20+Z20+AR20+BJ20+CB20+CT20+DL20+ED20+EV20+FN20+GF20+GX20) -> 215 | HQ20: =SUM(I20+AA20+AS20+BK20+CC20+CU20+DM20+EE20+EW20+FO20+GG20+GY20) -> 0 | HR20: =SUM(J20+AB20+AT20+BL20+CD20+CV20+DN20+EF20+EX20+FP20+GH20+GZ20) -> 6195 | HS20: =SUM(K20+AC20+AU20+BM20+CE20+CW20+DO20+EG20+EY20+FQ20+GI20+HA20) -> 1545 | ... HX20: =SUM(P20+AH20+AZ20+BR20+CJ20+DB20+DT20+EL20+FD20+FV20+GN20+HF20) -> 0 | HY20: =SUM(HL20:HX20) -> 14220
C21: أنثى | D21: 455 | E21: 4 | F21: 105 | G21: 3 | H21: 100 | I21: 0 | J21: 814 | K21: 24 | L21: 667 | M21: 225 | N21: 20 | O21: 10 | P21: 0 | Q21: =SUM(D21:P21) -> 2427 | U21: أنثى | V21: 582 | W21: 4 | X21: 0 | Y21: 5 | Z21: 225 | AA21: 0 | AB21: 0 | AC21: 137 | AD21: 1536 | AE21: 203 | AF21: 21 | AG21: 13 | AH21: 0 | AI21: =SUM(V21:AH21) -> 2726 | AM21: أنثى | AN21: 340 | AO21: 0 | AP21: 160 | AQ21: 10 | AR21: 70 | AS21: 8 | AT21: 400 | AU21: 400 | AV21: 100 | AW21: 240 | AX21: 20 | AY21: 18 | AZ21: 0 | BA21: =SUM(AN21:AZ21) -> 1766 | BE21: أنثى | BF21: 0 | BG21: 0 | BH21: 0 | BI21: 0 | BJ21: 0 | BK21: 0 | BL21: 0 | BM21: 0 | BN21: 0 | BO21: 0 | BP21: 0 | BQ21: 0 | BR21: 0 | BS21: =SUM(BF21:BR21) -> 0 | BW21: أنثى | BX21: 295 | BY21: 0 | BZ21: 50 | CA21: 101 | CB21: 53 | CC21: 0 | CD21: 496 | CE21: 645 | CF21: 207 | CG21: 308 | CH21: 78 | CI21: 0 | CJ21: 0 | CK21: =SUM(BX21:CJ21) -> 2233 | CO21: أنثى | CP21: 50 | CQ21: 0 | CR21: 60 | CS21: 0 | CT21: 40 | CU21: 5 | CV21: 2800 | CW21: 10 | CX21: 0 | CY21: 50 | CZ21: 20 | DA21: 5 | DB21: 0 | DC21: =SUM(CP21:DB21) -> 3040 | DG21: أنثى | DH21: 619 | DI21: 5 | DJ21: 0 | DK21: 5 | DL21: 227 | DM21: 0 | DN21: 0 | DO21: 137 | DP21: 1536 | DQ21: 203 | DR21: 21 | DS21: 13 | DT21: 0 | DU21: 2766 | DY21: أنثى | DZ21: 50 | EA21: 0 | EB21: 60 | EC21: 0 | ED21: 40 | EE21: 5 | EF21: 2800 | EG21: 10 | EH21: 0 | EI21: 50 | EJ21: 20 | EK21: 5 | EL21: 0 | EM21: =SUM(DZ21:EL21) -> 3040 | EQ21: أنثى | ER21: 154 | ES21: 0 | ET21: 0 | EU21: 11 | EV21: 0 | EW21: 0 | EX21: 0 | EY21: 204 | EZ21: 14 | FA21: 20 | FB21: 15 | FC21: 0 | FD21: 0 | FE21: =SUM(ER21:FD21) -> 418 | FI21: أنثى | FJ21: 546 | FK21: 20 | FL21: 25 | FM21: 10 | FN21: 25 | FO21: 0 | FP21: 0 | FQ21: 47 | FR21: 0 | FS21: 196 | FT21: 42 | FU21: 13 | FV21: 0 | FW21: 924 | GA21: أنثى | GB21: 0 | GC21: 0 | GD21: 0 | GE21: 0 | GF21: 0 | GG21: 0 | GH21: 0 | GI21: 0 | GJ21: 0 | GK21: 0 | GL21: 0 | GM21: 0 | GN21: 0 | GO21: =SUM(GB21:GN21) -> 0 | GS21: أنثى | GT21: 0 | GU21: 0 | GV21: 0 | GW21: 0 | GX21: 0 | GY21: 0 | GZ21: 0 | HA21: 0 | HB21: 0 | HC21: 0 | HD21: 0 | HE21: 0 | HF21: 0 | HG21: =SUM(GT21:HF21) -> 0 | HK21: أنثى | HL21: =SUM(D21+V21+AN21+BF21+BX21+CP21+DH21+DZ21+ER21+FJ21+GB21+GT21) -> 3091 | HM21: =SUM(E21+W21+AO21+BG21+BY21+CQ21+DI21+EA21+ES21+FK21+GC21+GU21) -> 33 | HN21: =SUM(F21+X21+AP21+BH21+BZ21+CR21+DJ21+EB21+ET21+FL21+GD21+GV21) -> 460 | HO21: =SUM(G21+Y21+AQ21+BI21+CA21+CS21+DK21+EC21+EU21+FM21+GE21+GW21) -> 145 | HP21: =SUM(H21+Z21+AR21+BJ21+CB21+CT21+DL21+ED21+EV21+FN21+GF21+GX21) -> 780 | HQ21: =SUM(I21+AA21+AS21+BK21+CC21+CU21+DM21+EE21+EW21+FO21+GG21+GY21) -> 18 | HR21: =SUM(J21+AB21+AT21+BL21+CD21+CV21+DN21+EF21+EX21+FP21+GH21+GZ21) -> 7310 | HS21: =SUM(K21+AC21+AU21+BM21+CE21+CW21+DO21+EG21+EY21+FQ21+GI21+HA21) -> 1614 | ... HX21: =SUM(P21+AH21+AZ21+BR21+CJ21+DB21+DT21+EL21+FD21+FV21+GN21+HF21) -> 0 | HY21: =SUM(HL21:HX21) -> 19340
B22: مجموع السعوديين | D22: 945 | F22: 1762 | K22: 1022 | M22: 407 | O22: 19 | P22: 0 | Q22: =SUM(Q20:Q21) -> 4155 | T22: مجموع السعوديين | V22: 987 | X22: 1127 | AC22: 2496 | AE22: 428 | AG22: 19 | AH22: 0 | AI22: =SUM(AI20:AI21) -> 5057 | AL22: مجموع السعوديين | AN22: 440 | AP22: 868 | AU22: 1250 | AW22: 360 | AY22: 26 | AZ22: 0 | BA22: =SUM(BA20:BA21) -> 2944 | BD22: مجموع السعوديين | BF22: =SUM(BF20:BG21) -> 0 | BH22: =SUM(BH20:BL21) -> 0 | BM22: =SUM(BM20:BN21) -> 0 | BO22: =SUM(BO20:BP21) -> 0 | BQ22: =SUM(BQ20:BQ21) -> 0 | BR22: =SUM(BR20:BR21) -> 0 | BS22: =SUM(BS20:BS21) -> 0 | BV22: مجموع السعوديين | BX22: 663 | BZ22: 1362 | CE22: 1753 | CG22: 526 | CI22: 0 | CJ22: 0 | CK22: =SUM(CK20:CK21) -> 4304 | CN22: مجموع السعوديين | CP22: 70 | CR22: 4455 | CW22: 30 | CY22: 100 | DA22: 15 | DB22: 0 | DC22: =SUM(DC20:DC21) -> 4670 | DF22: مجموع السعوديين | DH22: 1032 | DJ22: 1227 | DO22: 2601 | DQ22: 428 | DS22: 19 | DT22: 0 | DU22: 5307 | DX22: مجموع السعوديين | DZ22: =SUM(DZ20:EA21) -> 70 | EB22: =SUM(EB20:EF21) -> 4455 | EG22: =SUM(EG20:EH21) -> 30 | EI22: =SUM(EI20:EJ21) -> 100 | EK22: =SUM(EK20:EK21) -> 15 | EL22: =SUM(EL20:EL21) -> 0 | EM22: =SUM(EM20:EM21) -> 4670 | EP22: مجموع السعوديين | ER22: =SUM(ER20:ES21) -> 355 | ET22: =SUM(ET20:EX21) -> 19 | EY22: =SUM(EY20:EZ21) -> 446 | FA22: =SUM(FA20:FB21) -> 53 | FC22: =SUM(FC20:FC21) -> 0 | FD22: =SUM(FD20:FD21) -> 0 | FE22: =SUM(FE20:FE21) -> 873 | FH22: مجموع السعوديين | FJ22: 970 | FL22: 105 | FQ22: 73 | FS22: 406 | FU22: 26 | FV22: 0 | FW22: 1580 | FZ22: مجموع السعوديين | GB22: =SUM(GB20:GC21) -> 0 | GD22: =SUM(GD20:GH21) -> 0 | GI22: =SUM(GI20:GJ21) -> 0 | GK22: =SUM(GK20:GL21) -> 0 | GM22: =SUM(GM20:GM21) -> 0 | GN22: =SUM(GN20:GN21) -> 0 | GO22: =SUM(GO20:GO21) -> 0 | GR22: مجموع السعوديين | GT22: =SUM(GT20:GU21) -> 0 | GV22: =SUM(GV20:GZ21) -> 0 | HA22: =SUM(HA20:HB21) -> 0 | HC22: =SUM(HC20:HD21) -> 0 | HE22: =SUM(HE20:HE21) -> 0 | HF22: =SUM(HF20:HF21) -> 0 | HG22: =SUM(HG20:HG21) -> 0 | HJ22: مجموع السعوديين | HL22: =SUM(HL20:HM21) -> 5532 | HN22: =SUM(HN20:HR21) -> 15380 | HS22: =SUM(HS20:HT21) -> 9701 | HU22: =SUM(HU20:HV21) -> 2808 | HW22: =SUM(HW20:HW21) -> 139 | HX22: =SUM(HX20:HX21) -> 0 | HY22: =SUM(HY20:HY21) -> 33560
B23: غير سعودي | C23: ذكر | D23: 10 | E23: 1 | F23: 2 | G23: 1 | H23: 4 | I23: 0 | J23: 30 | K23: 13 | L23: 25 | M23: 20 | N23: 0 | O23: 1 | P23: 0 | Q23: =SUM(D23:P23) -> 107 | T23: غير سعودي | U23: ذكر | V23: 27 | W23: 0 | X23: 0 | Y23: 0 | Z23: 5 | AA23: 0 | AB23: 87 | AC23: 20 | AD23: 51 | AE23: 51 | AF23: 0 | AG23: 6 | AH23: 0 | AI23: =SUM(V23:AH23) -> 247 | AL23: غير سعودي | AM23: ذكر | AN23: 90 | AO23: 0 | AP23: 20 | AQ23: 0 | AR23: 20 | AS23: 0 | AT23: 110 | AU23: 20 | AV23: 0 | AW23: 10 | AX23: 0 | AY23: 4 | AZ23: 0 | BA23: =SUM(AN23:AZ23) -> 274 | BD23: غير سعودي | BE23: ذكر | BF23: 0 | BG23: 0 | BH23: 0 | BI23: 0 | BJ23: 0 | BK23: 0 | BL23: 0 | BM23: 0 | BN23: 0 | BO23: 0 | BP23: 0 | BQ23: 0 | BR23: 0 | BS23: =SUM(BF23:BR23) -> 0 | BV23: غير سعودي | BW23: ذكر | BX23: 109 | BY23: 0 | BZ23: 0 | CA23: 22 | CB23: 59 | CC23: 0 | CD23: 73 | CE23: 148 | CF23: 144 | CG23: 82 | CH23: 0 | CI23: 0 | CJ23: 0 | CK23: =SUM(BX23:CJ23) -> 637 | CN23: غير سعودي | CO23: ذكر | CP23: 10 | CQ23: 0 | CR23: 5 | CS23: 0 | CT23: 3 | CU23: 0 | CV23: 100 | CW23: 2 | CX23: 0 | CY23: 5 | CZ23: 0 | DA23: 0 | DB23: 0 | DC23: =SUM(CP23:DB23) -> 125 | DF23: غير سعودي | DG23: ذكر | DH23: 27 | DI23: 0 | DJ23: 0 | DK23: 0 | DL23: 5 | DM23: 0 | DN23: 87 | DO23: 20 | DP23: 51 | DQ23: 51 | DR23: 0 | DS23: 6 | DT23: 0 | DU23: 247 | DX23: غير سعودي | DY23: ذكر | DZ23: 10 | EA23: 0 | EB23: 5 | EC23: 0 | ED23: 3 | EE23: 0 | EF23: 100 | EG23: 2 | EH23: 0 | EI23: 5 | EJ23: 0 | EK23: 0 | EL23: 0 | EM23: =SUM(DZ23:EL23) -> 125 | EP23: غير سعودي | EQ23: ذكر | ER23: 8 | ES23: 0 | ET23: 0 | EU23: 1 | EV23: 0 | EW23: 0 | EX23: 0 | EY23: 5 | EZ23: 4 | FA23: 2 | FB23: 0 | FC23: 0 | FD23: 0 | FE23: =SUM(ER23:FD23) -> 20 | FH23: غير سعودي | FI23: ذكر | FJ23: 30 | FK23: 10 | FL23: 5 | FM23: 5 | FN23: 10 | FO23: 0 | FP23: 0 | FQ23: 20 | FR23: 0 | FS23: 10 | FT23: 0 | FU23: 2 | FV23: 0 | FW23: 92 | FZ23: غير سعودي | GA23: ذكر | GB23: 0 | GC23: 0 | GD23: 0 | GE23: 0 | GF23: 0 | GG23: 0 | GH23: 0 | GI23: 0 | GJ23: 0 | GK23: 0 | GL23: 0 | GM23: 0 | GN23: 0 | GO23: =SUM(GB23:GN23) -> 0 | GR23: غير سعودي | GS23: ذكر | GT23: 0 | GU23: 0 | GV23: 0 | GW23: 0 | GX23: 0 | GY23: 0 | GZ23: 0 | HA23: 0 | HB23: 0 | HC23: 0 | HD23: 0 | HE23: 0 | HF23: 0 | HG23: =SUM(GT23:HF23) -> 0 | HJ23: غير سعودي | HK23: ذكر | HL23: =SUM(D23+V23+AN23+BF23+BX23+CP23+DH23+DZ23+ER23+FJ23+GB23+GT23) -> 321 | HM23: =SUM(E23+W23+AO23+BG23+BY23+CQ23+DI23+EA23+ES23+FK23+GC23+GU23) -> 11 | HN23: =SUM(F23+X23+AP23+BH23+BZ23+CR23+DJ23+EB23+ET23+FL23+GD23+GV23) -> 37 | HO23: =SUM(G23+Y23+AQ23+BI23+CA23+CS23+DK23+EC23+EU23+FM23+GE23+GW23) -> 29 | HP23: =SUM(H23+Z23+AR23+BJ23+CB23+CT23+DL23+ED23+EV23+FN23+GF23+GX23) -> 109 | HQ23: =SUM(I23+AA23+AS23+BK23+CC23+CU23+DM23+EE23+EW23+FO23+GG23+GY23) -> 0 | HR23: =SUM(J23+AB23+AT23+BL23+CD23+CV23+DN23+EF23+EX23+FP23+GH23+GZ23) -> 587 | HS23: =SUM(K23+AC23+AU23+BM23+CE23+CW23+DO23+EG23+EY23+FQ23+GI23+HA23) -> 250 | ... HX23: =SUM(P23+AH23+AZ23+BR23+CJ23+DB23+DT23+EL23+FD23+FV23+GN23+HF23) -> 0 | HY23: =SUM(HL23:HX23) -> 1874
C24: أنثى | D24: 20 | E24: 1 | F24: 4 | G24: 1 | H24: 10 | I24: 0 | J24: 55 | K24: 20 | L24: 20 | M24: 15 | N24: 0 | O24: 4 | P24: 0 | Q24: =SUM(D24:P24) -> 150 | U24: أنثى | V24: 35 | W24: 0 | X24: 0 | Y24: 0 | Z24: 10 | AA24: 0 | AB24: 67 | AC24: 30 | AD24: 85 | AE24: 43 | AF24: 13 | AG24: 9 | AH24: 0 | AI24: =SUM(V24:AH24) -> 292 | AM24: أنثى | AN24: 80 | AO24: 0 | AP24: 40 | AQ24: 5 | AR24: 15 | AS24: 0 | AT24: 100 | AU24: 31 | AV24: 0 | AW24: 15 | AX24: 5 | AY24: 4 | AZ24: 0 | BA24: =SUM(AN24:AZ24) -> 295 | BE24: أنثى | BF24: 0 | BG24: 0 | BH24: 0 | BI24: 0 | BJ24: 0 | BK24: 0 | BL24: 0 | BM24: 0 | BN24: 0 | BO24: 0 | BP24: 0 | BQ24: 0 | BR24: 0 | BS24: =SUM(BF24:BR24) -> 0 | BW24: أنثى | BX24: 47 | BY24: 0 | BZ24: 0 | CA24: 0 | CB24: 6 | CC24: 0 | CD24: 85 | CE24: 211 | CF24: 118 | CG24: 2 | CH24: 15 | CI24: 0 | CJ24: 0 | CK24: =SUM(BX24:CJ24) -> 484 | CO24: أنثى | CP24: 15 | CQ24: 0 | CR24: 10 | CS24: 0 | CT24: 5 | CU24: 0 | CV24: 180 | CW24: 5 | CX24: 0 | CY24: 5 | CZ24: 0 | DA24: 0 | DB24: 0 | DC24: =SUM(CP24:DB24) -> 220 | DG24: أنثى | DH24: 35 | DI24: 0 | DJ24: 0 | DK24: 0 | DL24: 10 | DM24: 0 | DN24: 67 | DO24: 30 | DP24: 85 | DQ24: 43 | DR24: 13 | DS24: 9 | DT24: 0 | DU24: 292 | DY24: أنثى | DZ24: 15 | EA24: 0 | EB24: 10 | EC24: 0 | ED24: 5 | EE24: 0 | EF24: 180 | EG24: 5 | EH24: 0 | EI24: 5 | EJ24: 0 | EK24: 0 | EL24: 0 | EM24: =SUM(DZ24:EL24) -> 220 | EQ24: أنثى | ER24: 9 | ES24: 0 | ET24: 0 | EU24: 3 | EV24: 0 | EW24: 0 | EX24: 0 | EY24: 8 | EZ24: 7 | FA24: 1 | FB24: 1 | FC24: 0 | FD24: 0 | FE24: =SUM(ER24:FD24) -> 29 | FI24: أنثى | FJ24: 20 | FK24: 20 | FL24: 5 | FM24: 5 | FN24: 10 | FO24: 0 | FP24: 0 | FQ24: 30 | FR24: 0 | FS24: 20 | FT24: 10 | FU24: 3 | FV24: 0 | FW24: 123 | GA24: أنثى | GB24: 0 | GC24: 0 | GD24: 0 | GE24: 0 | GF24: 0 | GG24: 0 | GH24: 0 | GI24: 0 | GJ24: 0 | GK24: 0 | GL24: 0 | GM24: 0 | GN24: 0 | GO24: =SUM(GB24:GN24) -> 0 | GS24: أنثى | GT24: 0 | GU24: 0 | GV24: 0 | GW24: 0 | GX24: 0 | GY24: 0 | GZ24: 0 | HA24: 0 | HB24: 0 | HC24: 0 | HD24: 0 | HE24: 0 | HF24: 0 | HG24: =SUM(GT24:HF24) -> 0 | HK24: أنثى | HL24: =SUM(D24+V24+AN24+BF24+BX24+CP24+DH24+DZ24+ER24+FJ24+GB24+GT24) -> 276 | HM24: =SUM(E24+W24+AO24+BG24+BY24+CQ24+DI24+EA24+ES24+FK24+GC24+GU24) -> 21 | HN24: =SUM(F24+X24+AP24+BH24+BZ24+CR24+DJ24+EB24+ET24+FL24+GD24+GV24) -> 69 | HO24: =SUM(G24+Y24+AQ24+BI24+CA24+CS24+DK24+EC24+EU24+FM24+GE24+GW24) -> 14 | HP24: =SUM(H24+Z24+AR24+BJ24+CB24+CT24+DL24+ED24+EV24+FN24+GF24+GX24) -> 71 | HQ24: =SUM(I24+AA24+AS24+BK24+CC24+CU24+DM24+EE24+EW24+FO24+GG24+GY24) -> 0 | HR24: =SUM(J24+AB24+AT24+BL24+CD24+CV24+DN24+EF24+EX24+FP24+GH24+GZ24) -> 734 | HS24: =SUM(K24+AC24+AU24+BM24+CE24+CW24+DO24+EG24+EY24+FQ24+GI24+HA24) -> 370 | ... HX24: =SUM(P24+AH24+AZ24+BR24+CJ24+DB24+DT24+EL24+FD24+FV24+GN24+HF24) -> 0 | HY24: =SUM(HL24:HX24) -> 2105
B25: مجموع الغير سعوديين | D25: =SUM(D23:E24) -> 32 | F25: =SUM(F23:J24) -> 107 | K25: =SUM(K23:L24) -> 78 | M25: =SUM(M23:N24) -> 35 | O25: =SUM(O23:O24) -> 5 | P25: =SUM(P23:P24) -> 0 | Q25: =SUM(Q23:Q24) -> 257 | T25: مجموع الغير سعوديين | V25: =SUM(V23:W24) -> 62 | X25: =SUM(X23:AB24) -> 169 | AC25: =SUM(AC23:AD24) -> 186 | AE25: =SUM(AE23:AF24) -> 107 | AG25: =SUM(AG23:AG24) -> 15 | AH25: =SUM(AH23:AH24) -> 0 | AI25: =SUM(AI23:AI24) -> 539 | AL25: مجموع الغير سعوديين | AN25: =SUM(AN23:AO24) -> 170 | AP25: =SUM(AP23:AT24) -> 310 | AU25: =SUM(AU23:AV24) -> 51 | AW25: =SUM(AW23:AX24) -> 30 | AY25: =SUM(AY23:AY24) -> 8 | AZ25: =SUM(AZ23:AZ24) -> 0 | BA25: =SUM(BA23:BA24) -> 569 | BD25: مجموع الغير سعوديين | BF25: =SUM(BF23:BG24) -> 0 | BH25: =SUM(BH23:BL24) -> 0 | BM25: =SUM(BM23:BN24) -> 0 | BO25: =SUM(BO23:BP24) -> 0 | BQ25: =SUM(BQ23:BQ24) -> 0 | BR25: =SUM(BR23:BR24) -> 0 | BS25: =SUM(BS23:BS24) -> 0 | BV25: مجموع الغير سعوديين | BX25: =SUM(BX23:BY24) -> 156 | BZ25: =SUM(BZ23:CD24) -> 245 | CE25: =SUM(CE23:CF24) -> 621 | CG25: =SUM(CG23:CH24) -> 99 | CI25: =SUM(CI23:CI24) -> 0 | CJ25: =SUM(CJ23:CJ24) -> 0 | CK25: =SUM(CK23:CK24) -> 1121 | CN25: مجموع الغير سعوديين | CP25: 25 | CR25: 303 | CW25: 7 | CY25: 10 | DA25: 0 | DB25: 0 | DC25: =SUM(DC23:DC24) -> 345 | DF25: مجموع الغير سعوديين | DH25: 62 | DJ25: 169 | DO25: 186 | DQ25: 107 | DS25: 15 | DT25: 0 | DU25: 539 | DX25: مجموع الغير سعوديين | DZ25: =SUM(DZ23:EA24) -> 25 | EB25: =SUM(EB23:EF24) -> 303 | EG25: =SUM(EG23:EH24) -> 7 | EI25: =SUM(EI23:EJ24) -> 10 | EK25: =SUM(EK23:EK24) -> 0 | EL25: =SUM(EL23:EL24) -> 0 | EM25: =SUM(EM23:EM24) -> 345 | EP25: مجموع الغير سعوديين | ER25: =SUM(ER23:ES24) -> 17 | ET25: =SUM(ET23:EX24) -> 4 | EY25: =SUM(EY23:EZ24) -> 24 | FA25: =SUM(FA23:FB24) -> 4 | FC25: =SUM(FC23:FC24) -> 0 | FD25: =SUM(FD23:FD24) -> 0 | FE25: =SUM(FE23:FE24) -> 49 | FH25: مجموع الغير سعوديين | FJ25: 80 | FL25: 40 | FQ25: 50 | FS25: 40 | FU25: 5 | FV25: 0 | FW25: 215 | FZ25: مجموع الغير سعوديين | GB25: =SUM(GB23:GC24) -> 0 | GD25: =SUM(GD23:GH24) -> 0 | GI25: =SUM(GI23:GJ24) -> 0 | GK25: =SUM(GK23:GL24) -> 0 | GM25: =SUM(GM23:GM24) -> 0 | GN25: =SUM(GN23:GN24) -> 0 | GO25: =SUM(GO23:GO24) -> 0 | GR25: مجموع الغير سعوديين | GT25: =SUM(GT23:GU24) -> 0 | GV25: =SUM(GV23:GZ24) -> 0 | HA25: =SUM(HA23:HB24) -> 0 | HC25: =SUM(HC23:HD24) -> 0 | HE25: =SUM(HE23:HE24) -> 0 | HF25: =SUM(HF23:HF24) -> 0 | HG25: =SUM(HG23:HG24) -> 0 | HJ25: مجمع الغير سعوديين | HL25: =SUM(HL23:HM24) -> 629 | HN25: =SUM(HN23:HR24) -> 1650 | HS25: =SUM(HS23:HT24) -> 1210 | HU25: =SUM(HU23:HV24) -> 442 | HW25: =SUM(HW23:HW24) -> 48 | HX25: =SUM(HX23:HX24) -> 0 | HY25: =SUM(HY23:HY24) -> 3979
B26: المجموع الكلي | D26: =SUM(D22+D25) -> 977 | F26: =SUM(F22+F25) -> 1869 | K26: =SUM(K22+K25) -> 1100 | M26: =SUM(M22+M25) -> 442 | O26: =SUM(O22+O25) -> 24 | P26: =SUM(P22+P25) -> 0 | Q26: =SUM(Q22+Q25) -> 4412 | T26: المجموع الكلي | V26: =SUM(V22+V25) -> 1049 | X26: =SUM(X22+X25) -> 1296 | AC26: =SUM(AC22+AC25) -> 2682 | AE26: =SUM(AE22+AE25) -> 535 | AG26: =SUM(AG22+AG25) -> 34 | AH26: =SUM(AH22+AH25) -> 0 | AI26: =SUM(AI22+AI25) -> 5596 | AL26: المجموع الكلي | AN26: =SUM(AN22+AN25) -> 610 | AP26: =SUM(AP22+AP25) -> 1178 | AU26: =SUM(AU22+AU25) -> 1301 | AW26: =SUM(AW22+AW25) -> 390 | AY26: =SUM(AY22+AY25) -> 34 | AZ26: =SUM(AZ22+AZ25) -> 0 | BA26: =SUM(BA22+BA25) -> 3513 | BD26: المجموع الكلي | BF26: =SUM(BF22+BF25) -> 0 | BH26: =SUM(BH22+BH25) -> 0 | BM26: =SUM(BM22+BM25) -> 0 | BO26: =SUM(BO22+BO25) -> 0 | BQ26: =SUM(BQ22+BQ25) -> 0 | BR26: =SUM(BR22+BR25) -> 0 | BS26: =SUM(BS22+BS25) -> 0 | BV26: المجموع الكلي | BX26: =SUM(BX22+BX25) -> 819 | BZ26: =SUM(BZ22+BZ25) -> 1607 | CE26: =SUM(CE22+CE25) -> 2374 | CG26: =SUM(CG22+CG25) -> 625 | CI26: =SUM(CI22+CI25) -> 0 | CJ26: =SUM(CJ22+CJ25) -> 0 | CK26: =SUM(CK22+CK25) -> 5425 | CN26: المجموع الكلي | CP26: 95 | CR26: 4758 | CW26: 37 | CY26: 110 | DA26: 15 | DB26: 0 | DC26: =SUM(DC22+DC25) -> 5015 | DF26: المجموع الكلي | DH26: 1094 | DJ26: 1396 | DO26: 2787 | DQ26: 535 | DS26: 34 | DT26: 0 | DU26: 5846 | DX26: المجموع الكلي | DZ26: =SUM(DZ22+DZ25) -> 95 | EB26: =SUM(EB22+EB25) -> 4758 | EG26: =SUM(EG22+EG25) -> 37 | EI26: =SUM(EI22+EI25) -> 110 | EK26: =SUM(EK22+EK25) -> 15 | EL26: =SUM(EL22+EL25) -> 0 | EM26: =SUM(EM22+EM25) -> 5015 | EP26: المجموع الكلي | ER26: =SUM(ER22+ER25) -> 372 | ET26: =SUM(ET22+ET25) -> 23 | EY26: =SUM(EY22+EY25) -> 470 | FA26: =SUM(FA22+FA25) -> 57 | FC26: =SUM(FC22+FC25) -> 0 | FD26: =SUM(FD22+FD25) -> 0 | FE26: =SUM(FE22+FE25) -> 922 | FH26: المجموع الكلي | FJ26: 1050 | FL26: 145 | FQ26: 123 | FS26: 446 | FU26: 31 | FV26: 0 | FW26: 1795 | FZ26: المجموع الكلي | GB26: =SUM(GB22+GB25) -> 0 | GD26: =SUM(GD22+GD25) -> 0 | GI26: =SUM(GI22+GI25) -> 0 | GK26: =SUM(GK22+GK25) -> 0 | GM26: =SUM(GM22+GM25) -> 0 | GN26: =SUM(GN22+GN25) -> 0 | GO26: =SUM(GO22+GO25) -> 0 | GR26: المجموع الكلي | GT26: =SUM(GT22+GT25) -> 0 | GV26: =SUM(GV22+GV25) -> 0 | HA26: =SUM(HA22+HA25) -> 0 | HC26: =SUM(HC22+HC25) -> 0 | HE26: =SUM(HE22+HE25) -> 0 | HF26: =SUM(HF22+HF25) -> 0 | HG26: =SUM(HG22+HG25) -> 0 | HJ26: المجموع الكلي | HL26: =SUM(HL22+HL25) -> 6161 | HN26: =SUM(HN22+HN25) -> 17030 | HS26: =SUM(HS22+HS25) -> 10911 | HU26: =SUM(HU22+HU25) -> 3250 | HW26: =SUM(HW22+HW25) -> 187 | HX26: =SUM(HX22+HX25) -> 0 | HY26: =SUM(HY22+HY25) -> 37539
A27: المطار القديم | B27: سعودي | C27: ذكر | D27: 322 | E27: 0 | F27: 19 | G27: 100 | H27: 22 | I27: 0 | J27: 0 | K27: 230 | L27: 0 | M27: 40 | N27: 0 | O27: 19 | P27: 0 | Q27: =SUM(D27:P27) -> 752 | S27: المطار القديم | T27: سعودي | U27: ذكر | V27: 0 | W27: 0 | X27: 0 | Y27: 0 | Z27: 0 | AA27: 0 | AB27: 0 | AC27: 0 | AD27: 0 | AE27: 0 | AF27: 0 | AG27: 0 | AH27: 0 | AI27: =SUM(V27:AH27) -> 0 | AK27: المطار القديم | AL27: سعودي | AM27: ذكر | AN27: 220 | AO27: 15 | AP27: 10 | AQ27: 5 | AR27: 10 | AS27: 0 | AT27: 0 | AU27: 100 | AV27: 0 | AW27: 50 | AX27: 0 | AY27: 0 | AZ27: 0 | BA27: =SUM(AN27:AZ27) -> 410 | BC27: المطار القديم | BD27: سعودي | BE27: ذكر | BF27: 0 | BG27: 0 | BH27: 0 | BI27: 0 | BJ27: 0 | BK27: 0 | BL27: 0 | BM27: 0 | BN27: 0 | BO27: 0 | BP27: 0 | BQ27: 0 | BR27: 0 | BS27: =SUM(BF27:BR27) -> 0 | BU27: المطار القديم | BV27: سعودي | BW27: ذكر | BX27: 251 | BY27: 18 | BZ27: 0 | CA27: 46 | CB27: 46 | CC27: 0 | CD27: 15 | CE27: 19 | CF27: 11 | CG27: 0 | CH27: 0 | CI27: 3 | CJ27: 0 | CK27: =SUM(BX27:CJ27) -> 409 | CM27: المطار القديم | CN27: سعودي | CO27: ذكر | CP27: 100 | CQ27: 4 | CR27: 0 | CS27: 1 | CT27: 0 | CU27: 0 | CV27: 195 | CW27: 80 | CX27: 86 | CY27: 3 | CZ27: 0 | DA27: 8 | DB27: 0 | DC27: 477 | DE27: المطار القديم | DF27: سعودي | DG27: ذكر | DH27: 353 | DI27: 0 | DJ27: 20 | DK27: 100 | DL27: 19 | DM27: 0 | DN27: 0 | DO27: 225 | DP27: 0 | DQ27: 40 | DR27: 0 | DS27: 19 | DT27: 0 | DU27: 776 | DW27: المطار القديم | DX27: سعودي | DY27: ذكر | DZ27: 56 | EA27: 0 | EB27: 0 | EC27: 0 | ED27: 0 | EE27: 0 | EF27: 0 | EG27: 109 | EH27: 0 | EI27: 38 | EJ27: 0 | EK27: 1 | EL27: 0 | EM27: =SUM(DZ27:EL27) -> 204 | EO27: المطار القديم | EP27: سعودي | EQ27: ذكر | ER27: 105 | ES27: 0 | ET27: 30 | EU27: 405 | EV27: 30 | EW27: 0 | EX27: 291 | EY27: 291 | EZ27: 0 | FA27: 89 | FB27: 0 | FC27: 10 | FD27: 0 | FE27: =SUM(ER27:FD27) -> 1251 | FG27: المطار القديم | FH27: سعودي | FI27: ذكر | FJ27: 310 | FK27: 0 | FL27: 18 | FM27: 100 | FN27: 19 | FO27: 0 | FP27: 0 | FQ27: 210 | FR27: 0 | FS27: 40 | FT27: 0 | FU27: 19 | FV27: 0 | FW27: 716 | FY27: المطار القديم | FZ27: سعودي | GA27: ذكر | GB27: 0 | GC27: 0 | GD27: 0 | GE27: 0 | GF27: 0 | GG27: 0 | GH27: 0 | GI27: 0 | GJ27: 0 | GK27: 0 | GL27: 0 | GM27: 0 | GN27: 0 | GO27: =SUM(GB27:GN27) -> 0 | GQ27: المطار القديم | GR27: سعودي | GS27: ذكر | GT27: 0 | GU27: 0 | GV27: 0 | GW27: 0 | GX27: 0 | GY27: 0 | GZ27: 0 | HA27: 0 | HB27: 0 | HC27: 0 | HD27: 0 | HE27: 0 | HF27: 0 | HG27: =SUM(GT27:HF27) -> 0 | HI27: =GQ27 -> المطار القديم | HJ27: سعودي | HK27: ذكر | HL27: =SUM(D27+V27+AN27+BF27+BX27+CP27+DH27+DZ27+ER27+FJ27+GB27+GT27) -> 1717 | HM27: =SUM(E27+W27+AO27+BG27+BY27+CQ27+DI27+EA27+ES27+FK27+GC27+GU27) -> 37 | HN27: =SUM(F27+X27+AP27+BH27+BZ27+CR27+DJ27+EB27+ET27+FL27+GD27+GV27) -> 97 | HO27: =SUM(G27+Y27+AQ27+BI27+CA27+CS27+DK27+EC27+EU27+FM27+GE27+GW27) -> 757 | HP27: =SUM(H27+Z27+AR27+BJ27+CB27+CT27+DL27+ED27+EV27+FN27+GF27+GX27) -> 146 | HQ27: =SUM(I27+AA27+AS27+BK27+CC27+CU27+DM27+EE27+EW27+FO27+GG27+GY27) -> 0 | HR27: =SUM(J27+AB27+AT27+BL27+CD27+CV27+DN27+EF27+EX27+FP27+GH27+GZ27) -> 501 | HS27: =SUM(K27+AC27+AU27+BM27+CE27+CW27+DO27+EG27+EY27+FQ27+GI27+HA27) -> 1264 | ... HX27: =SUM(P27+AH27+AZ27+BR27+CJ27+DB27+DT27+EL27+FD27+FV27+GN27+HF27) -> 0 | HY27: =SUM(HL27:HX27) -> 4995
C28: أنثى | D28: 320 | E28: 0 | F28: 25 | G28: 79 | H28: 14 | I28: 0 | J28: 0 | K28: 210 | L28: 0 | M28: 95 | N28: 0 | O28: 10 | P28: 0 | Q28: =SUM(D28:P28) -> 753 | U28: أنثى | V28: 0 | W28: 0 | X28: 0 | Y28: 0 | Z28: 0 | AA28: 0 | AB28: 0 | AC28: 0 | AD28: 0 | AE28: 0 | AF28: 0 | AG28: 0 | AH28: 0 | AI28: =SUM(V28:AH28) -> 0 | AM28: أنثى | AN28: 230 | AO28: 15 | AP28: 10 | AQ28: 5 | AR28: 10 | AS28: 0 | AT28: 0 | AU28: 100 | AV28: 0 | AW28: 100 | AX28: 10 | AY28: 0 | AZ28: 0 | BA28: =SUM(AN28:AZ28) -> 480 | BE28: أنثى | BF28: 0 | BG28: 0 | BH28: 0 | BI28: 0 | BJ28: 0 | BK28: 0 | BL28: 0 | BM28: 0 | BN28: 0 | BO28: 0 | BP28: 0 | BQ28: 0 | BR28: 0 | BS28: =SUM(BF28:BR28) -> 0 | BW28: أنثى | BX28: 66 | BY28: 19 | BZ28: 0 | CA28: 8 | CB28: 60 | CC28: 0 | CD28: 19 | CE28: 0 | CF28: 0 | CG28: 0 | CH28: 0 | CI28: 0 | CJ28: 0 | CK28: =SUM(BX28:CJ28) -> 172 | CO28: أنثى | CP28: 214 | CQ28: 1 | CR28: 0 | CS28: 5 | CT28: 0 | CU28: 0 | CV28: 383 | CW28: 129 | CX28: 102 | CY28: 2 | CZ28: 3 | DA28: 0 | DB28: 0 | DC28: 839 | DG28: أنثى | DH28: 410 | DI28: 0 | DJ28: 20 | DK28: 79 | DL28: 12 | DM28: 0 | DN28: 0 | DO28: 215 | DP28: 0 | DQ28: 87 | DR28: 0 | DS28: 10 | DT28: 0 | DU28: 833 | DY28: أنثى | DZ28: 119 | EA28: 0 | EB28: 0 | EC28: 19 | ED28: 0 | EE28: 0 | EF28: 0 | EG28: 199 | EH28: 0 | EI28: 70 | EJ28: 0 | EK28: 0 | EL28: 0 | EM28: =SUM(DZ28:EL28) -> 407 | EQ28: أنثى | ER28: 220 | ES28: 0 | ET28: 99 | EU28: 591 | EV28: 99 | EW28: 0 | EX28: 382 | EY28: 301 | EZ28: 0 | FA28: 101 | FB28: 109 | FC28: 12 | FD28: 0 | FE28: =SUM(ER28:FD28) -> 1914 | FI28: أنثى | FJ28: 409 | FK28: 0 | FL28: 20 | FM28: 79 | FN28: 12 | FO28: 0 | FP28: 0 | FQ28: 215 | FR28: 0 | FS28: 87 | FT28: 0 | FU28: 10 | FV28: 0 | FW28: 832 | GA28: أنثى | GB28: 0 | GC28: 0 | GD28: 0 | GE28: 0 | GF28: 0 | GG28: 0 | GH28: 0 | GI28: 0 | GJ28: 0 | GK28: 0 | GL28: 0 | GM28: 0 | GN28: 0 | GO28: =SUM(GB28:GN28) -> 0 | GS28: أنثى | GT28: 0 | GU28: 0 | GV28: 0 | GW28: 0 | GX28: 0 | GY28: 0 | GZ28: 0 | HA28: 0 | HB28: 0 | HC28: 0 | HD28: 0 | HE28: 0 | HF28: 0 | HG28: =SUM(GT28:HF28) -> 0 | HK28: أنثى | HL28: =SUM(D28+V28+AN28+BF28+BX28+CP28+DH28+DZ28+ER28+FJ28+GB28+GT28) -> 1988 | HM28: =SUM(E28+W28+AO28+BG28+BY28+CQ28+DI28+EA28+ES28+FK28+GC28+GU28) -> 35 | HN28: =SUM(F28+X28+AP28+BH28+BZ28+CR28+DJ28+EB28+ET28+FL28+GD28+GV28) -> 174 | HO28: =SUM(G28+Y28+AQ28+BI28+CA28+CS28+DK28+EC28+EU28+FM28+GE28+GW28) -> 865 | HP28: =SUM(H28+Z28+AR28+BJ28+CB28+CT28+DL28+ED28+EV28+FN28+GF28+GX28) -> 207 | HQ28: =SUM(I28+AA28+AS28+BK28+CC28+CU28+DM28+EE28+EW28+FO28+GG28+GY28) -> 0 | HR28: =SUM(J28+AB28+AT28+BL28+CD28+CV28+DN28+EF28+EX28+FP28+GH28+GZ28) -> 784 | HS28: =SUM(K28+AC28+AU28+BM28+CE28+CW28+DO28+EG28+EY28+FQ28+GI28+HA28) -> 1369 | ... HX28: =SUM(P28+AH28+AZ28+BR28+CJ28+DB28+DT28+EL28+FD28+FV28+GN28+HF28) -> 0 | HY28: =SUM(HL28:HX28) -> 6230
B29: مجموع السعوديين | D29: 642 | F29: 259 | K29: 440 | M29: 135 | O29: 29 | P29: 0 | Q29: =SUM(Q27:Q28) -> 1505 | T29: مجموع السعوديين | V29: =SUM(V27:W28) -> 0 | X29: =SUM(X27:AB28) -> 0 | AC29: =SUM(AC27:AD28) -> 0 | AE29: =SUM(AE27:AF28) -> 0 | AG29: =SUM(AG27:AG28) -> 0 | AH29: =SUM(AH27:AH28) -> 0 | AI29: =SUM(AI27:AI28) -> 0 | AL29: مجموع السعوديين | AN29: 480 | AP29: 50 | AU29: 200 | AW29: 160 | AY29: 0 | AZ29: 0 | BA29: =SUM(BA27:BA28) -> 890 | BD29: مجموع السعوديين | BF29: =SUM(BF27:BG28) -> 0 | BH29: =SUM(BH27:BL28) -> 0 | BM29: =SUM(BM27:BN28) -> 0 | BO29: =SUM(BO27:BP28) -> 0 | BQ29: =SUM(BQ27:BQ28) -> 0 | BR29: =SUM(BR27:BR28) -> 0 | BS29: =SUM(BS27:BS28) -> 0 | BV29: مجموع السعوديين | BX29: 354 | BZ29: 194 | CE29: 30 | CG29: 0 | CI29: 3 | CJ29: 0 | CK29: =SUM(CK27:CK28) -> 581 | CN29: مجموع السعوديين | CP29: 319 | CR29: 584 | CW29: 397 | CY29: 8 | DA29: 8 | DB29: 0 | DC29: 1316 | DF29: مجموع السعوديين | DH29: 763 | DJ29: 250 | DO29: 440 | DQ29: 127 | DS29: 29 | DT29: 0 | DU29: 1609 | DX29: مجموع السعوديين | DZ29: =SUM(DZ27:EA28) -> 175 | EB29: =SUM(EB27:EF28) -> 19 | EG29: =SUM(EG27:EH28) -> 308 | EI29: =SUM(EI27:EJ28) -> 108 | EK29: =SUM(EK27:EK28) -> 1 | EL29: =SUM(EL27:EL28) -> 0 | EM29: =SUM(EM27:EM28) -> 611 | EP29: مجموع السعوديين | ER29: =SUM(ER27:ES28) -> 325 | ET29: =SUM(ET27:EX28) -> 1927 | EY29: =SUM(EY27:EZ28) -> 592 | FA29: =SUM(FA27:FB28) -> 299 | FC29: =SUM(FC27:FC28) -> 22 | FD29: =SUM(FD27:FD28) -> 0 | FE29: =SUM(FE27:FE28) -> 3165 | FH29: مجموع السعوديين | FJ29: 719 | FL29: 248 | FQ29: 425 | FS29: 127 | FU29: 29 | FV29: 0 | FW29: 1548 | FZ29: مجموع السعوديين | GB29: =SUM(GB27:GC28) -> 0 | GD29: =SUM(GD27:GH28) -> 0 | GI29: =SUM(GI27:GJ28) -> 0 | GK29: =SUM(GK27:GL28) -> 0 | GM29: =SUM(GM27:GM28) -> 0 | GN29: =SUM(GN27:GN28) -> 0 | GO29: =SUM(GO27:GO28) -> 0 | GR29: مجموع السعوديين | GT29: =SUM(GT27:GU28) -> 0 | GV29: =SUM(GV27:GZ28) -> 0 | HA29: =SUM(HA27:HB28) -> 0 | HC29: =SUM(HC27:HD28) -> 0 | HE29: =SUM(HE27:HE28) -> 0 | HF29: =SUM(HF27:HF28) -> 0 | HG29: =SUM(HG27:HG28) -> 0 | HJ29: مجموع السعوديين | HL29: =SUM(HL27:HM28) -> 3777 | HN29: =SUM(HN27:HR28) -> 3531 | HS29: =SUM(HS27:HT28) -> 2832 | HU29: =SUM(HU27:HV28) -> 964 | HW29: =SUM(HW27:HW28) -> 121 | HX29: =SUM(HX27:HX28) -> 0 | HY29: =SUM(HY27:HY28) -> 11225
B30: غير سعودي | C30: ذكر | D30: 20 | E30: 0 | F30: 6 | G30: 0 | H30: 0 | I30: 0 | J30: 0 | K30: 95 | L30: 0 | M30: 22 | N30: 0 | O30: 14 | P30: 0 | Q30: =SUM(D30:P30) -> 157 | T30: غير سعودي | U30: ذكر | V30: 0 | W30: 0 | X30: 0 | Y30: 0 | Z30: 0 | AA30: 0 | AB30: 0 | AC30: 0 | AD30: 0 | AE30: 0 | AF30: 0 | AG30: 0 | AH30: 0 | AI30: =SUM(V30:AH30) -> 0 | AL30: غير سعودي | AM30: ذكر | AN30: 20 | AO30: 10 | AP30: 5 | AQ30: 5 | AR30: 3 | AS30: 0 | AT30: 0 | AU30: 10 | AV30: 0 | AW30: 10 | AX30: 0 | AY30: 0 | AZ30: 0 | BA30: =SUM(AN30:AZ30) -> 63 | BD30: غير سعودي | BE30: ذكر | BF30: 0 | BG30: 0 | BH30: 0 | BI30: 0 | BJ30: 0 | BK30: 0 | BL30: 0 | BM30: 0 | BN30: 0 | BO30: 0 | BP30: 0 | BQ30: 0 | BR30: 0 | BS30: =SUM(BF30:BR30) -> 0 | BV30: غير سعودي | BW30: ذكر | BX30: 0 | BY30: 0 | BZ30: 0 | CA30: 26 | CB30: 15 | CC30: 0 | CD30: 0 | CE30: 0 | CF30: 0 | CG30: 0 | CH30: 0 | CI30: 0 | CJ30: 0 | CK30: =SUM(BX30:CJ30) -> 41 | CN30: غير سعودي | CO30: ذكر | CP30: 6 | CQ30: 0 | CR30: 0 | CS30: 0 | CT30: 0 | CU30: 0 | CV30: 12 | CW30: 6 | CX30: 4 | CY30: 0 | CZ30: 0 | DA30: 0 | DB30: 0 | DC30: 28 | DF30: غير سعودي | DG30: ذكر | DH30: 41 | DI30: 0 | DJ30: 4 | DK30: 0 | DL30: 0 | DM30: 0 | DN30: 0 | DO30: 80 | DP30: 0 | DQ30: 18 | DR30: 0 | DS30: 11 | DT30: 0 | DU30: 154 | DX30: غير سعودي | DY30: ذكر | DZ30: 19 | EA30: 0 | EB30: 0 | EC30: 0 | ED30: 0 | EE30: 0 | EF30: 0 | EG30: 30 | EH30: 0 | EI30: 0 | EJ30: 0 | EK30: 0 | EL30: 0 | EM30: =SUM(DZ30:EL30) -> 49 | EP30: غير سعودي | EQ30: ذكر | ER30: 30 | ES30: 0 | ET30: 10 | EU30: 88 | EV30: 30 | EW30: 0 | EX30: 10 | EY30: 10 | EZ30: 0 | FA30: 18 | FB30: 0 | FC30: 7 | FD30: 0 | FE30: =SUM(ER30:FD30) -> 203 | FH30: غير سعودي | FI30: ذكر | FJ30: 41 | FK30: 0 | FL30: 4 | FM30: 0 | FN30: 0 | FO30: 0 | FP30: 0 | FQ30: 80 | FR30: 0 | FS30: 18 | FT30: 0 | FU30: 11 | FV30: 0 | FW30: 154 | FZ30: غير سعودي | GA30: ذكر | GB30: 0 | GC30: 0 | GD30: 0 | GE30: 0 | GF30: 0 | GG30: 0 | GH30: 0 | GI30: 0 | GJ30: 0 | GK30: 0 | GL30: 0 | GM30: 0 | GN30: 0 | GO30: =SUM(GB30:GN30) -> 0 | GR30: غير سعودي | GS30: ذكر | GT30: 0 | GU30: 0 | GV30: 0 | GW30: 0 | GX30: 0 | GY30: 0 | GZ30: 0 | HA30: 0 | HB30: 0 | HC30: 0 | HD30: 0 | HE30: 0 | HF30: 0 | HG30: =SUM(GT30:HF30) -> 0 | HJ30: غير سعودي | HK30: ذكر | HL30: =SUM(D30+V30+AN30+BF30+BX30+CP30+DH30+DZ30+ER30+FJ30+GB30+GT30) -> 177 | HM30: =SUM(E30+W30+AO30+BG30+BY30+CQ30+DI30+EA30+ES30+FK30+GC30+GU30) -> 10 | HN30: =SUM(F30+X30+AP30+BH30+BZ30+CR30+DJ30+EB30+ET30+FL30+GD30+GV30) -> 29 | HO30: =SUM(G30+Y30+AQ30+BI30+CA30+CS30+DK30+EC30+EU30+FM30+GE30+GW30) -> 119 | HP30: =SUM(H30+Z30+AR30+BJ30+CB30+CT30+DL30+ED30+EV30+FN30+GF30+GX30) -> 48 | HQ30: =SUM(I30+AA30+AS30+BK30+CC30+CU30+DM30+EE30+EW30+FO30+GG30+GY30) -> 0 | HR30: =SUM(J30+AB30+AT30+BL30+CD30+CV30+DN30+EF30+EX30+FP30+GH30+GZ30) -> 22 | HS30: =SUM(K30+AC30+AU30+BM30+CE30+CW30+DO30+EG30+EY30+FQ30+GI30+HA30) -> 311 | ... HX30: =SUM(P30+AH30+AZ30+BR30+CJ30+DB30+DT30+EL30+FD30+FV30+GN30+HF30) -> 0 | HY30: =SUM(HL30:HX30) -> 849
C31: أنثى | D31: 28 | E31: 0 | F31: 10 | G31: 0 | H31: 0 | I31: 0 | J31: 0 | K31: 60 | L31: 0 | M31: 36 | N31: 20 | O31: 18 | P31: 0 | Q31: =SUM(D31:P31) -> 172 | U31: أنثى | V31: 0 | W31: 0 | X31: 0 | Y31: 0 | Z31: 0 | AA31: 0 | AB31: 0 | AC31: 0 | AD31: 0 | AE31: 0 | AF31: 0 | AG31: 0 | AH31: 0 | AI31: =SUM(V31:AH31) -> 0 | AM31: أنثى | AN31: 20 | AO31: 10 | AP31: 10 | AQ31: 10 | AR31: 10 | AS31: 0 | AT31: 0 | AU31: 20 | AV31: 0 | AW31: 20 | AX31: 5 | AY31: 0 | AZ31: 0 | BA31: =SUM(AN31:AZ31) -> 105 | BE31: أنثى | BF31: 0 | BG31: 0 | BH31: 0 | BI31: 0 | BJ31: 0 | BK31: 0 | BL31: 0 | BM31: 0 | BN31: 0 | BO31: 0 | BP31: 0 | BQ31: 0 | BR31: 0 | BS31: =SUM(BF31:BR31) -> 0 | BW31: أنثى | BX31: 18 | BY31: 0 | BZ31: 0 | CA31: 20 | CB31: 8 | CC31: 0 | CD31: 0 | CE31: 0 | CF31: 0 | CG31: 0 | CH31: 0 | CI31: 0 | CJ31: 0 | CK31: =SUM(BX31:CJ31) -> 46 | CO31: أنثى | CP31: 4 | CQ31: 0 | CR31: 0 | CS31: 0 | CT31: 0 | CU31: 0 | CV31: 7 | CW31: 3 | CX31: 3 | CY31: 0 | CZ31: 0 | DA31: 0 | DB31: 0 | DC31: 17 | DG31: أنثى | DH31: 28 | DI31: 0 | DJ31: 7 | DK31: 0 | DL31: 0 | DM31: 0 | DN31: 0 | DO31: 77 | DP31: 0 | DQ31: 32 | DR31: 17 | DS31: 18 | DT31: 0 | DU31: 179 | DY31: أنثى | DZ31: 10 | EA31: 0 | EB31: 0 | EC31: 8 | ED31: 0 | EE31: 0 | EF31: 0 | EG31: 10 | EH31: 0 | EI31: 0 | EJ31: 0 | EK31: 0 | EL31: 0 | EM31: =SUM(DZ31:EL31) -> 28 | EQ31: أنثى | ER31: 41 | ES31: 0 | ET31: 25 | EU31: 90 | EV31: 42 | EW31: 0 | EX31: 28 | EY31: 48 | EZ31: 0 | FA31: 35 | FB31: 50 | FC31: 11 | FD31: 0 | FE31: =SUM(ER31:FD31) -> 370 | FI31: أنثى | FJ31: 28 | FK31: 0 | FL31: 7 | FM31: 0 | FN31: 0 | FO31: 0 | FP31: 0 | FQ31: 77 | FR31: 0 | FS31: 32 | FT31: 17 | FU31: 18 | FV31: 0 | FW31: 179 | GA31: أنثى | GB31: 0 | GC31: 0 | GD31: 0 | GE31: 0 | GF31: 0 | GG31: 0 | GH31: 0 | GI31: 0 | GJ31: 0 | GK31: 0 | GL31: 0 | GM31: 0 | GN31: 0 | GO31: =SUM(GB31:GN31) -> 0 | GS31: أنثى | GT31: 0 | GU31: 0 | GV31: 0 | GW31: 0 | GX31: 0 | GY31: 0 | GZ31: 0 | HA31: 0 | HB31: 0 | HC31: 0 | HD31: 0 | HE31: 0 | HF31: 0 | HG31: =SUM(GT31:HF31) -> 0 | HK31: أنثى | HL31: =SUM(D31+V31+AN31+BF31+BX31+CP31+DH31+DZ31+ER31+FJ31+GB31+GT31) -> 177 | HM31: =SUM(E31+W31+AO31+BG31+BY31+CQ31+DI31+EA31+ES31+FK31+GC31+GU31) -> 10 | HN31: =SUM(F31+X31+AP31+BH31+BZ31+CR31+DJ31+EB31+ET31+FL31+GD31+GV31) -> 59 | HO31: =SUM(G31+Y31+AQ31+BI31+CA31+CS31+DK31+EC31+EU31+FM31+GE31+GW31) -> 128 | HP31: =SUM(H31+Z31+AR31+BJ31+CB31+CT31+DL31+ED31+EV31+FN31+GF31+GX31) -> 60 | HQ31: =SUM(I31+AA31+AS31+BK31+CC31+CU31+DM31+EE31+EW31+FO31+GG31+GY31) -> 0 | HR31: =SUM(J31+AB31+AT31+BL31+CD31+CV31+DN31+EF31+EX31+FP31+GH31+GZ31) -> 35 | HS31: =SUM(K31+AC31+AU31+BM31+CE31+CW31+DO31+EG31+EY31+FQ31+GI31+HA31) -> 295 | ... HX31: =SUM(P31+AH31+AZ31+BR31+CJ31+DB31+DT31+EL31+FD31+FV31+GN31+HF31) -> 0 | HY31: =SUM(HL31:HX31) -> 1096
B32: مجموع الغير سعوديين | D32: =SUM(D30:E31) -> 48 | F32: =SUM(F30:J31) -> 16 | K32: =SUM(K30:L31) -> 155 | M32: =SUM(M30:N31) -> 78 | O32: =SUM(O30:O31) -> 32 | P32: =SUM(P30:P31) -> 0 | Q32: =SUM(Q30:Q31) -> 329 | T32: مجموع الغير سعوديين | V32: =SUM(V30:W31) -> 0 | X32: =SUM(X30:AB31) -> 0 | AC32: =SUM(AC30:AD31) -> 0 | AE32: =SUM(AE30:AF31) -> 0 | AG32: =SUM(AG30:AG31) -> 0 | AH32: =SUM(AH30:AH31) -> 0 | AI32: =SUM(AI30:AI31) -> 0 | AL32: مجموع الغير سعوديين | AN32: =SUM(AN30:AO31) -> 60 | AP32: =SUM(AP30:AT31) -> 43 | AU32: =SUM(AU30:AV31) -> 30 | AW32: =SUM(AW30:AX31) -> 35 | AY32: =SUM(AY30:AY31) -> 0 | AZ32: =SUM(AZ30:AZ31) -> 0 | BA32: =SUM(BA30:BA31) -> 168 | BD32: مجموع الغير سعوديين | BF32: =SUM(BF30:BG31) -> 0 | BH32: =SUM(BH30:BL31) -> 0 | BM32: =SUM(BM30:BN31) -> 0 | BO32: =SUM(BO30:BP31) -> 0 | BQ32: =SUM(BQ30:BQ31) -> 0 | BR32: =SUM(BR30:BR31) -> 0 | BS32: =SUM(BS30:BS31) -> 0 | BV32: مجموع الغير سعوديين | BX32: =SUM(BX30:BY31) -> 18 | BZ32: =SUM(BZ30:CD31) -> 69 | CE32: =SUM(CE30:CF31) -> 0 | CG32: =SUM(CG30:CH31) -> 0 | CI32: =SUM(CI30:CI31) -> 0 | CJ32: =SUM(CJ30:CJ31) -> 0 | CK32: =SUM(CK30:CK31) -> 87 | CN32: مجموع الغير سعوديين | CP32: 10 | CR32: 19 | CW32: 16 | CY32: 0 | DA32: 0 | DB32: 0 | DC32: 45 | DF32: مجموع الغير سعوديين | DH32: 69 | DJ32: 11 | DO32: 157 | DQ32: 67 | DS32: 29 | DT32: 0 | DU32: 333 | DX32: مجموع الغير سعوديين | DZ32: =SUM(DZ30:EA31) -> 29 | EB32: =SUM(EB30:EF31) -> 8 | EG32: =SUM(EG30:EH31) -> 40 | EI32: =SUM(EI30:EJ31) -> 0 | EK32: =SUM(EK30:EK31) -> 0 | EL32: =SUM(EL30:EL31) -> 0 | EM32: =SUM(EM30:EM31) -> 77 | EP32: مجموع الغير سعوديين | ER32: =SUM(ER30:ES31) -> 71 | ET32: =SUM(ET30:EX31) -> 323 | EY32: =SUM(EY30:EZ31) -> 58 | FA32: =SUM(FA30:FB31) -> 103 | FC32: =SUM(FC30:FC31) -> 18 | FD32: =SUM(FD30:FD31) -> 0 | FE32: =SUM(FE30:FE31) -> 573 | FH32: مجموع الغير سعوديين | FJ32: 69 | FL32: 11 | FQ32: 157 | FS32: 67 | FU32: 29 | FV32: 0 | FW32: 333 | FZ32: مجموع الغير سعوديين | GB32: =SUM(GB30:GC31) -> 0 | GD32: =SUM(GD30:GH31) -> 0 | GI32: =SUM(GI30:GJ31) -> 0 | GK32: =SUM(GK30:GL31) -> 0 | GM32: =SUM(GM30:GM31) -> 0 | GN32: =SUM(GN30:GN31) -> 0 | GO32: =SUM(GO30:GO31) -> 0 | GR32: مجموع الغير سعوديين | GT32: =SUM(GT30:GU31) -> 0 | GV32: =SUM(GV30:GZ31) -> 0 | HA32: =SUM(HA30:HB31) -> 0 | HC32: =SUM(HC30:HD31) -> 0 | HE32: =SUM(HE30:HE31) -> 0 | HF32: =SUM(HF30:HF31) -> 0 | HG32: =SUM(HG30:HG31) -> 0 | HJ32: مجمع الغير سعوديين | HL32: =SUM(HL30:HM31) -> 374 | HN32: =SUM(HN30:HR31) -> 500 | HS32: =SUM(HS30:HT31) -> 613 | HU32: =SUM(HU30:HV31) -> 350 | HW32: =SUM(HW30:HW31) -> 108 | HX32: =SUM(HX30:HX31) -> 0 | HY32: =SUM(HY30:HY31) -> 1945
B33: المجموع الكلي | D33: =SUM(D29+D32) -> 690 | F33: =SUM(F29+F32) -> 275 | K33: =SUM(K29+K32) -> 595 | M33: =SUM(M29+M32) -> 213 | O33: =SUM(O29+O32) -> 61 | P33: =SUM(P29+P32) -> 0 | Q33: =SUM(Q29+Q32) -> 1834 | T33: المجموع الكلي | V33: =SUM(V29+V32) -> 0 | X33: =SUM(X29+X32) -> 0 | AC33: =SUM(AC29+AC32) -> 0 | AE33: =SUM(AE29+AE32) -> 0 | AG33: =SUM(AG29+AG32) -> 0 | AH33: =SUM(AH29+AH32) -> 0 | AI33: =SUM(AI29+AI32) -> 0 | AL33: المجموع الكلي | AN33: =SUM(AN29+AN32) -> 540 | AP33: =SUM(AP29+AP32) -> 93 | AU33: =SUM(AU29+AU32) -> 230 | AW33: =SUM(AW29+AW32) -> 195 | AY33: =SUM(AY29+AY32) -> 0 | AZ33: =SUM(AZ29+AZ32) -> 0 | BA33: =SUM(BA29+BA32) -> 1058 | BD33: المجموع الكلي | BF33: =SUM(BF29+BF32) -> 0 | BH33: =SUM(BH29+BH32) -> 0 | BM33: =SUM(BM29+BM32) -> 0 | BO33: =SUM(BO29+BO32) -> 0 | BQ33: =SUM(BQ29+BQ32) -> 0 | BR33: =SUM(BR29+BR32) -> 0 | BS33: =SUM(BS29+BS32) -> 0 | BV33: المجموع الكلي | BX33: =SUM(BX29+BX32) -> 372 | BZ33: =SUM(BZ29+BZ32) -> 263 | CE33: =SUM(CE29+CE32) -> 30 | CG33: =SUM(CG29+CG32) -> 0 | CI33: =SUM(CI29+CI32) -> 3 | CJ33: =SUM(CJ29+CJ32) -> 0 | CK33: =SUM(CK29+CK32) -> 668 | CN33: المجموع الكلي | CP33: 0 | CR33: 0 | CW33: 0 | CY33: 0 | DA33: 0 | DB33: 0 | DC33: =SUM(DC29+DC32) -> 1361 | DF33: المجموع الكلي | DH33: 832 | DJ33: 261 | DO33: 597 | DQ33: 194 | DS33: 58 | DT33: 0 | DU33: 1942 | DX33: المجموع الكلي | DZ33: =SUM(DZ29+DZ32) -> 204 | EB33: =SUM(EB29+EB32) -> 27 | EG33: =SUM(EG29+EG32) -> 348 | EI33: =SUM(EI29+EI32) -> 108 | EK33: =SUM(EK29+EK32) -> 1 | EL33: =SUM(EL29+EL32) -> 0 | EM33: =SUM(EM29+EM32) -> 688 | EP33: المجموع الكلي | ER33: =SUM(ER29+ER32) -> 396 | ET33: =SUM(ET29+ET32) -> 2250 | EY33: =SUM(EY29+EY32) -> 650 | FA33: =SUM(FA29+FA32) -> 402 | FC33: =SUM(FC29+FC32) -> 40 | FD33: =SUM(FD29+FD32) -> 0 | FE33: =SUM(FE29+FE32) -> 3738 | FH33: المجموع الكلي | FJ33: 788 | FL33: 259 | FQ33: 582 | FS33: 194 | FU33: 58 | FV33: 0 | FW33: 1881 | FZ33: المجموع الكلي | GB33: =SUM(GB29+GB32) -> 0 | GD33: =SUM(GD29+GD32) -> 0 | GI33: =SUM(GI29+GI32) -> 0 | GK33: =SUM(GK29+GK32) -> 0 | GM33: =SUM(GM29+GM32) -> 0 | GN33: =SUM(GN29+GN32) -> 0 | GO33: =SUM(GO29+GO32) -> 0 | GR33: المجموع الكلي | GT33: =SUM(GT29+GT32) -> 0 | GV33: =SUM(GV29+GV32) -> 0 | HA33: =SUM(HA29+HA32) -> 0 | HC33: =SUM(HC29+HC32) -> 0 | HE33: =SUM(HE29+HE32) -> 0 | HF33: =SUM(HF29+HF32) -> 0 | HG33: =SUM(HG29+HG32) -> 0 | HJ33: المجموع الكلي | HL33: =SUM(HL29+HL32) -> 4151 | HN33: =SUM(HN29+HN32) -> 4031 | HS33: =SUM(HS29+HS32) -> 3445 | HU33: =SUM(HU29+HU32) -> 1314 | HW33: =SUM(HW29+HW32) -> 229 | HX33: =SUM(HX29+HX32) -> 0 | HY33: =SUM(HY29+HY32) -> 13170
A34: الروابي | B34: سعودي | C34: ذكر | D34: 0 | E34: 0 | F34: 0 | G34: 0 | H34: 0 | I34: 0 | J34: 0 | K34: 0 | L34: 0 | M34: 0 | N34: 0 | O34: 0 | P34: 0 | Q34: =SUM(D34:P34) -> 0 | S34: الروابي | T34: سعودي | U34: ذكر | V34: 0 | W34: 0 | X34: 0 | Y34: 0 | Z34: 0 | AA34: 0 | AB34: 0 | AC34: 0 | AD34: 0 | AE34: 0 | AF34: 0 | AG34: 0 | AH34: 0 | AI34: =SUM(V34:AH34) -> 0 | AK34: الروابي | AL34: سعودي | AM34: ذكر | AN34: 0 | AO34: 0 | AP34: 0 | AQ34: 0 | AR34: 0 | AS34: 0 | AT34: 0 | AU34: 0 | AV34: 0 | AW34: 0 | AX34: 0 | AY34: 0 | AZ34: 0 | BA34: =SUM(AN34:AZ34) -> 0 | BC34: الروابي | BD34: سعودي | BE34: ذكر | BF34: 0 | BG34: 0 | BH34: 0 | BI34: 0 | BJ34: 0 | BK34: 0 | BL34: 0 | BM34: 0 | BN34: 0 | BO34: 0 | BP34: 0 | BQ34: 0 | BR34: 0 | BS34: =SUM(BF34:BR34) -> 0 | BU34: الروابي | BV34: سعودي | BW34: ذكر | BX34: 0 | BY34: 0 | BZ34: 0 | CA34: 0 | CB34: 0 | CC34: 0 | CD34: 0 | CE34: 0 | CF34: 0 | CG34: 0 | CH34: 0 | CI34: 0 | CJ34: 0 | CK34: =SUM(BX34:CJ34) -> 0 | CM34: الروابي | CN34: سعودي | CO34: ذكر | CP34: 0 | CQ34: 0 | CR34: 0 | CS34: 0 | CT34: 0 | CU34: 0 | CV34: 0 | CW34: 0 | CX34: 0 | CY34: 0 | CZ34: 0 | DA34: 0 | DB34: 0 | DC34: =SUM(CP34:DB34) -> 0 | DE34: الروابي | DF34: سعودي | DG34: ذكر | DH34: 0 | DI34: 0 | DJ34: 0 | DK34: 0 | DL34: 0 | DM34: 0 | DN34: 0 | DO34: 0 | DP34: 0 | DQ34: 0 | DR34: 0 | DS34: 0 | DT34: 0 | DU34: 0 | DW34: الروابي | DX34: سعودي | DY34: ذكر | DZ34: 0 | EA34: 0 | EB34: 0 | EC34: 0 | ED34: 0 | EE34: 0 | EF34: 0 | EG34: 0 | EH34: 0 | EI34: 0 | EJ34: 0 | EK34: 0 | EL34: 0 | EM34: =SUM(DZ34:EL34) -> 0 | EO34: الروابي | EP34: سعودي | EQ34: ذكر | ER34: 0 | ES34: 0 | ET34: 0 | EU34: 0 | EV34: 0 | EW34: 0 | EX34: 0 | EY34: 0 | EZ34: 0 | FA34: 0 | FB34: 0 | FC34: 0 | FD34: 0 | FE34: =SUM(ER34:FD34) -> 0 | FG34: الروابي | FH34: سعودي | FI34: ذكر | FJ34: 92 | FK34: 0 | FL34: 0 | FM34: 0 | FN34: 0 | FO34: 0 | FP34: 0 | FQ34: 129 | FR34: 0 | FS34: 37 | FT34: 0 | FU34: 2 | FV34: 0 | FW34: 260 | FY34: الروابي | FZ34: سعودي | GA34: ذكر | GB34: 0 | GC34: 0 | GD34: 0 | GE34: 0 | GF34: 0 | GG34: 0 | GH34: 0 | GI34: 0 | GJ34: 0 | GK34: 0 | GL34: 0 | GM34: 0 | GN34: 0 | GO34: =SUM(GB34:GN34) -> 0 | GQ34: الروابي | GR34: سعودي | GS34: ذكر | GT34: 0 | GU34: 0 | GV34: 0 | GW34: 0 | GX34: 0 | GY34: 0 | GZ34: 0 | HA34: 0 | HB34: 0 | HC34: 0 | HD34: 0 | HE34: 0 | HF34: 0 | HG34: =SUM(GT34:HF34) -> 0 | HI34: =GQ34 -> الروابي | HJ34: سعودي | HK34: ذكر | HL34: =SUM(D34+V34+AN34+BF34+BX34+CP34+DH34+DZ34+ER34+FJ34+GB34+GT34) -> 92 | HM34: =SUM(E34+W34+AO34+BG34+BY34+CQ34+DI34+EA34+ES34+FK34+GC34+GU34) -> 0 | HN34: =SUM(F34+X34+AP34+BH34+BZ34+CR34+DJ34+EB34+ET34+FL34+GD34+GV34) -> 0 | HO34: =SUM(G34+Y34+AQ34+BI34+CA34+CS34+DK34+EC34+EU34+FM34+GE34+GW34) -> 0 | HP34: =SUM(H34+Z34+AR34+BJ34+CB34+CT34+DL34+ED34+EV34+FN34+GF34+GX34) -> 0 | HQ34: =SUM(I34+AA34+AS34+BK34+CC34+CU34+DM34+EE34+EW34+FO34+GG34+GY34) -> 0 | HR34: =SUM(J34+AB34+AT34+BL34+CD34+CV34+DN34+EF34+EX34+FP34+GH34+GZ34) -> 0 | HS34: =SUM(K34+AC34+AU34+BM34+CE34+CW34+DO34+EG34+EY34+FQ34+GI34+HA34) -> 129 | ... HX34: =SUM(P34+AH34+AZ34+BR34+CJ34+DB34+DT34+EL34+FD34+FV34+GN34+HF34) -> 0 | HY34: =SUM(HL34:HX34) -> 260
C35: أنثى | D35: 0 | E35: 0 | F35: 0 | G35: 0 | H35: 0 | I35: 0 | J35: 0 | K35: 0 | L35: 0 | M35: 0 | N35: 0 | O35: 0 | P35: 0 | Q35: =SUM(D35:P35) -> 0 | U35: أنثى | V35: 0 | W35: 0 | X35: 0 | Y35: 0 | Z35: 0 | AA35: 0 | AB35: 0 | AC35: 0 | AD35: 0 | AE35: 0 | AF35: 0 | AG35: 0 | AH35: 0 | AI35: =SUM(V35:AH35) -> 0 | AM35: أنثى | AN35: 0 | AO35: 0 | AP35: 0 | AQ35: 0 | AR35: 0 | AS35: 0 | AT35: 0 | AU35: 0 | AV35: 0 | AW35: 0 | AX35: 0 | AY35: 0 | AZ35: 0 | BA35: =SUM(AN35:AZ35) -> 0 | BE35: أنثى | BF35: 0 | BG35: 0 | BH35: 0 | BI35: 0 | BJ35: 0 | BK35: 0 | BL35: 0 | BM35: 0 | BN35: 0 | BO35: 0 | BP35: 0 | BQ35: 0 | BR35: 0 | BS35: =SUM(BF35:BR35) -> 0 | BW35: أنثى | BX35: 0 | BY35: 0 | BZ35: 0 | CA35: 0 | CB35: 0 | CC35: 0 | CD35: 0 | CE35: 0 | CF35: 0 | CG35: 0 | CH35: 0 | CI35: 0 | CJ35: 0 | CK35: =SUM(BX35:CJ35) -> 0 | CO35: أنثى | CP35: 0 | CQ35: 0 | CR35: 0 | CS35: 0 | CT35: 0 | CU35: 0 | CV35: 0 | CW35: 0 | CX35: 0 | CY35: 0 | CZ35: 0 | DA35: 0 | DB35: 0 | DC35: =SUM(CP35:DB35) -> 0 | DG35: أنثى | DH35: 0 | DI35: 0 | DJ35: 0 | DK35: 0 | DL35: 0 | DM35: 0 | DN35: 0 | DO35: 0 | DP35: 0 | DQ35: 0 | DR35: 0 | DS35: 0 | DT35: 0 | DU35: 0 | DY35: أنثى | DZ35: 0 | EA35: 0 | EB35: 0 | EC35: 0 | ED35: 0 | EE35: 0 | EF35: 0 | EG35: 0 | EH35: 0 | EI35: 0 | EJ35: 0 | EK35: 0 | EL35: 0 | EM35: =SUM(DZ35:EL35) -> 0 | EQ35: أنثى | ER35: 0 | ES35: 0 | ET35: 0 | EU35: 0 | EV35: 0 | EW35: 0 | EX35: 0 | EY35: 0 | EZ35: 0 | FA35: 0 | FB35: 0 | FC35: 0 | FD35: 0 | FE35: =SUM(ER35:FD35) -> 0 | FI35: أنثى | FJ35: 105 | FK35: 0 | FL35: 0 | FM35: 0 | FN35: 0 | FO35: 0 | FP35: 0 | FQ35: 177 | FR35: 0 | FS35: 52 | FT35: 0 | FU35: 7 | FV35: 0 | FW35: 341 | GA35: أنثى | GB35: 0 | GC35: 0 | GD35: 0 | GE35: 0 | GF35: 0 | GG35: 0 | GH35: 0 | GI35: 0 | GJ35: 0 | GK35: 0 | GL35: 0 | GM35: 0 | GN35: 0 | GO35: =SUM(GB35:GN35) -> 0 | GS35: أنثى | GT35: 0 | GU35: 0 | GV35: 0 | GW35: 0 | GX35: 0 | GY35: 0 | GZ35: 0 | HA35: 0 | HB35: 0 | HC35: 0 | HD35: 0 | HE35: 0 | HF35: 0 | HG35: =SUM(GT35:HF35) -> 0 | HK35: أنثى | HL35: =SUM(D35+V35+AN35+BF35+BX35+CP35+DH35+DZ35+ER35+FJ35+GB35+GT35) -> 105 | HM35: =SUM(E35+W35+AO35+BG35+BY35+CQ35+DI35+EA35+ES35+FK35+GC35+GU35) -> 0 | HN35: =SUM(F35+X35+AP35+BH35+BZ35+CR35+DJ35+EB35+ET35+FL35+GD35+GV35) -> 0 | HO35: =SUM(G35+Y35+AQ35+BI35+CA35+CS35+DK35+EC35+EU35+FM35+GE35+GW35) -> 0 | HP35: =SUM(H35+Z35+AR35+BJ35+CB35+CT35+DL35+ED35+EV35+FN35+GF35+GX35) -> 0 | HQ35: =SUM(I35+AA35+AS35+BK35+CC35+CU35+DM35+EE35+EW35+FO35+GG35+GY35) -> 0 | HR35: =SUM(J35+AB35+AT35+BL35+CD35+CV35+DN35+EF35+EX35+FP35+GH35+GZ35) -> 0 | HS35: =SUM(K35+AC35+AU35+BM35+CE35+CW35+DO35+EG35+EY35+FQ35+GI35+HA35) -> 177 | ... HX35: =SUM(P35+AH35+AZ35+BR35+CJ35+DB35+DT35+EL35+FD35+FV35+GN35+HF35) -> 0 | HY35: =SUM(HL35:HX35) -> 341
B36: مجموع السعوديين | D36: =SUM(D34:E35) -> 0 | F36: =SUM(F34:J35) -> 0 | K36: =SUM(K34:L35) -> 0 | M36: =SUM(M34:N35) -> 0 | O36: =SUM(O34:O35) -> 0 | P36: =SUM(P34:P35) -> 0 | Q36: =SUM(Q34:Q35) -> 0 | T36: مجموع السعوديين | V36: =SUM(V34:W35) -> 0 | X36: =SUM(X34:AB35) -> 0 | AC36: =SUM(AC34:AD35) -> 0 | AE36: =SUM(AE34:AF35) -> 0 | AG36: =SUM(AG34:AG35) -> 0 | AH36: =SUM(AH34:AH35) -> 0 | AI36: =SUM(AI34:AI35) -> 0 | AL36: مجموع السعوديين | AN36: =SUM(AN34:AO35) -> 0 | AP36: =SUM(AP34:AT35) -> 0 | AU36: =SUM(AU34:AV35) -> 0 | AW36: =SUM(AW34:AX35) -> 0 | AY36: =SUM(AY34:AY35) -> 0 | AZ36: =SUM(AZ34:AZ35) -> 0 | BA36: =SUM(BA34:BA35) -> 0 | BD36: مجموع السعوديين | BF36: =SUM(BF34:BG35) -> 0 | BH36: =SUM(BH34:BL35) -> 0 | BM36: =SUM(BM34:BN35) -> 0 | BO36: =SUM(BO34:BP35) -> 0 | BQ36: =SUM(BQ34:BQ35) -> 0 | BR36: =SUM(BR34:BR35) -> 0 | BS36: =SUM(BS34:BS35) -> 0 | BV36: مجموع السعوديين | BX36: =SUM(BX34:BY35) -> 0 | BZ36: =SUM(BZ34:CD35) -> 0 | CE36: =SUM(CE34:CF35) -> 0 | CG36: =SUM(CG34:CH35) -> 0 | CI36: =SUM(CI34:CI35) -> 0 | CJ36: =SUM(CJ34:CJ35) -> 0 | CK36: =SUM(CK34:CK35) -> 0 | CN36: مجموع السعوديين | CP36: 0 | CR36: 0 | CW36: 0 | CY36: 0 | DA36: 0 | DB36: 0 | DC36: =SUM(DC34:DC35) -> 0 | DF36: مجموع السعوديين | DH36: 0 | DJ36: 0 | DO36: 0 | DQ36: 0 | DS36: 0 | DT36: 0 | DU36: 0 | DX36: مجموع السعوديين | DZ36: =SUM(DZ34:EA35) -> 0 | EB36: =SUM(EB34:EF35) -> 0 | EG36: =SUM(EG34:EH35) -> 0 | EI36: =SUM(EI34:EJ35) -> 0 | EK36: =SUM(EK34:EK35) -> 0 | EL36: =SUM(EL34:EL35) -> 0 | EM36: =SUM(EM34:EM35) -> 0 | EP36: مجموع السعوديين | ER36: =SUM(ER34:ES35) -> 0 | ET36: =SUM(ET34:EX35) -> 0 | EY36: =SUM(EY34:EZ35) -> 0 | FA36: =SUM(FA34:FB35) -> 0 | FC36: =SUM(FC34:FC35) -> 0 | FD36: =SUM(FD34:FD35) -> 0 | FE36: =SUM(FE34:FE35) -> 0 | FH36: مجموع السعوديين | FJ36: 197 | FL36: 0 | FQ36: 306 | FS36: 89 | FU36: 9 | FV36: 0 | FW36: 601 | FZ36: مجموع السعوديين | GB36: =SUM(GB34:GC35) -> 0 | GD36: =SUM(GD34:GH35) -> 0 | GI36: =SUM(GI34:GJ35) -> 0 | GK36: =SUM(GK34:GL35) -> 0 | GM36: =SUM(GM34:GM35) -> 0 | GN36: =SUM(GN34:GN35) -> 0 | GO36: =SUM(GO34:GO35) -> 0 | GR36: مجموع السعوديين | GT36: =SUM(GT34:GU35) -> 0 | GV36: =SUM(GV34:GZ35) -> 0 | HA36: =SUM(HA34:HB35) -> 0 | HC36: =SUM(HC34:HD35) -> 0 | HE36: =SUM(HE34:HE35) -> 0 | HF36: =SUM(HF34:HF35) -> 0 | HG36: =SUM(HG34:HG35) -> 0 | HJ36: مجموع السعوديين | HL36: =SUM(HL34:HM35) -> 197 | HN36: =SUM(HN34:HR35) -> 0 | HS36: =SUM(HS34:HT35) -> 306 | HU36: =SUM(HU34:HV35) -> 89 | HW36: =SUM(HW34:HW35) -> 9 | HX36: =SUM(HX34:HX35) -> 0 | HY36: =SUM(HY34:HY35) -> 601
B37: غير سعودي | C37: ذكر | D37: 0 | E37: 0 | F37: 0 | G37: 0 | H37: 0 | I37: 0 | J37: 0 | K37: 0 | L37: 0 | M37: 0 | N37: 0 | O37: 0 | P37: 0 | Q37: =SUM(D37:P37) -> 0 | T37: غير سعودي | U37: ذكر | V37: 0 | W37: 0 | X37: 0 | Y37: 0 | Z37: 0 | AA37: 0 | AB37: 0 | AC37: 0 | AD37: 0 | AE37: 0 | AF37: 0 | AG37: 0 | AH37: 0 | AI37: =SUM(V37:AH37) -> 0 | AL37: غير سعودي | AM37: ذكر | AN37: 0 | AO37: 0 | AP37: 0 | AQ37: 0 | AR37: 0 | AS37: 0 | AT37: 0 | AU37: 0 | AV37: 0 | AW37: 0 | AX37: 0 | AY37: 0 | AZ37: 0 | BA37: =SUM(AN37:AZ37) -> 0 | BD37: غير سعودي | BE37: ذكر | BF37: 0 | BG37: 0 | BH37: 0 | BI37: 0 | BJ37: 0 | BK37: 0 | BL37: 0 | BM37: 0 | BN37: 0 | BO37: 0 | BP37: 0 | BQ37: 0 | BR37: 0 | BS37: =SUM(BF37:BR37) -> 0 | BV37: غير سعودي | BW37: ذكر | BX37: 0 | BY37: 0 | BZ37: 0 | CA37: 0 | CB37: 0 | CC37: 0 | CD37: 0 | CE37: 0 | CF37: 0 | CG37: 0 | CH37: 0 | CI37: 0 | CJ37: 0 | CK37: =SUM(BX37:CJ37) -> 0 | CN37: غير سعودي | CO37: ذكر | CP37: 0 | CQ37: 0 | CR37: 0 | CS37: 0 | CT37: 0 | CU37: 0 | CV37: 0 | CW37: 0 | CX37: 0 | CY37: 0 | CZ37: 0 | DA37: 0 | DB37: 0 | DC37: =SUM(CP37:DB37) -> 0 | DF37: غير سعودي | DG37: ذكر | DH37: 0 | DI37: 0 | DJ37: 0 | DK37: 0 | DL37: 0 | DM37: 0 | DN37: 0 | DO37: 0 | DP37: 0 | DQ37: 0 | DR37: 0 | DS37: 0 | DT37: 0 | DU37: 0 | DX37: غير سعودي | DY37: ذكر | DZ37: 0 | EA37: 0 | EB37: 0 | EC37: 0 | ED37: 0 | EE37: 0 | EF37: 0 | EG37: 0 | EH37: 0 | EI37: 0 | EJ37: 0 | EK37: 0 | EL37: 0 | EM37: =SUM(DZ37:EL37) -> 0 | EP37: غير سعودي | EQ37: ذكر | ER37: 0 | ES37: 0 | ET37: 0 | EU37: 0 | EV37: 0 | EW37: 0 | EX37: 0 | EY37: 0 | EZ37: 0 | FA37: 0 | FB37: 0 | FC37: 0 | FD37: 0 | FE37: =SUM(ER37:FD37) -> 0 | FH37: غير سعودي | FI37: ذكر | FJ37: 52 | FK37: 0 | FL37: 0 | FM37: 0 | FN37: 0 | FO37: 0 | FP37: 0 | FQ37: 27 | FR37: 0 | FS37: 14 | FT37: 0 | FU37: 0 | FV37: 0 | FW37: 93 | FZ37: غير سعودي | GA37: ذكر | GB37: 0 | GC37: 0 | GD37: 0 | GE37: 0 | GF37: 0 | GG37: 0 | GH37: 0 | GI37: 0 | GJ37: 0 | GK37: 0 | GL37: 0 | GM37: 0 | GN37: 0 | GO37: =SUM(GB37:GN37) -> 0 | GR37: غير سعودي | GS37: ذكر | GT37: 0 | GU37: 0 | GV37: 0 | GW37: 0 | GX37: 0 | GY37: 0 | GZ37: 0 | HA37: 0 | HB37: 0 | HC37: 0 | HD37: 0 | HE37: 0 | HF37: 0 | HG37: =SUM(GT37:HF37) -> 0 | HJ37: غير سعودي | HK37: ذكر | HL37: =SUM(D37+V37+AN37+BF37+BX37+CP37+DH37+DZ37+ER37+FJ37+GB37+GT37) -> 52 | HM37: =SUM(E37+W37+AO37+BG37+BY37+CQ37+DI37+EA37+ES37+FK37+GC37+GU37) -> 0 | HN37: =SUM(F37+X37+AP37+BH37+BZ37+CR37+DJ37+EB37+ET37+FL37+GD37+GV37) -> 0 | HO37: =SUM(G37+Y37+AQ37+BI37+CA37+CS37+DK37+EC37+EU37+FM37+GE37+GW37) -> 0 | HP37: =SUM(H37+Z37+AR37+BJ37+CB37+CT37+DL37+ED37+EV37+FN37+GF37+GX37) -> 0 | HQ37: =SUM(I37+AA37+AS37+BK37+CC37+CU37+DM37+EE37+EW37+FO37+GG37+GY37) -> 0 | HR37: =SUM(J37+AB37+AT37+BL37+CD37+CV37+DN37+EF37+EX37+FP37+GH37+GZ37) -> 0 | HS37: =SUM(K37+AC37+AU37+BM37+CE37+CW37+DO37+EG37+EY37+FQ37+GI37+HA37) -> 27 | ... HX37: =SUM(P37+AH37+AZ37+BR37+CJ37+DB37+DT37+EL37+FD37+FV37+GN37+HF37) -> 0 | HY37: =SUM(HL37:HX37) -> 93
C38: أنثى | D38: 0 | E38: 0 | F38: 0 | G38: 0 | H38: 0 | I38: 0 | J38: 0 | K38: 0 | L38: 0 | M38: 0 | N38: 0 | O38: 0 | P38: 0 | Q38: =SUM(D38:P38) -> 0 | U38: أنثى | V38: 0 | W38: 0 | X38: 0 | Y38: 0 | Z38: 0 | AA38: 0 | AB38: 0 | AC38: 0 | AD38: 0 | AE38: 0 | AF38: 0 | AG38: 0 | AH38: 0 | AI38: =SUM(V38:AH38) -> 0 | AM38: أنثى | AN38: 0 | AO38: 0 | AP38: 0 | AQ38: 0 | AR38: 0 | AS38: 0 | AT38: 0 | AU38: 0 | AV38: 0 | AW38: 0 | AX38: 0 | AY38: 0 | AZ38: 0 | BA38: =SUM(AN38:AZ38) -> 0 | BE38: أنثى | BF38: 0 | BG38: 0 | BH38: 0 | BI38: 0 | BJ38: 0 | BK38: 0 | BL38: 0 | BM38: 0 | BN38: 0 | BO38: 0 | BP38: 0 | BQ38: 0 | BR38: 0 | BS38: =SUM(BF38:BR38) -> 0 | BW38: أنثى | BX38: 0 | BY38: 0 | BZ38: 0 | CA38: 0 | CB38: 0 | CC38: 0 | CD38: 0 | CE38: 0 | CF38: 0 | CG38: 0 | CH38: 0 | CI38: 0 | CJ38: 0 | CK38: =SUM(BX38:CJ38) -> 0 | CO38: أنثى | CP38: 0 | CQ38: 0 | CR38: 0 | CS38: 0 | CT38: 0 | CU38: 0 | CV38: 0 | CW38: 0 | CX38: 0 | CY38: 0 | CZ38: 0 | DA38: 0 | DB38: 0 | DC38: =SUM(CP38:DB38) -> 0 | DG38: أنثى | DH38: 0 | DI38: 0 | DJ38: 0 | DK38: 0 | DL38: 0 | DM38: 0 | DN38: 0 | DO38: 0 | DP38: 0 | DQ38: 0 | DR38: 0 | DS38: 0 | DT38: 0 | DU38: 0 | DY38: أنثى | DZ38: 0 | EA38: 0 | EB38: 0 | EC38: 0 | ED38: 0 | EE38: 0 | EF38: 0 | EG38: 0 | EH38: 0 | EI38: 0 | EJ38: 0 | EK38: 0 | EL38: 0 | EM38: =SUM(DZ38:EL38) -> 0 | EQ38: أنثى | ER38: 0 | ES38: 0 | ET38: 0 | EU38: 0 | EV38: 0 | EW38: 0 | EX38: 0 | EY38: 0 | EZ38: 0 | FA38: 0 | FB38: 0 | FC38: 0 | FD38: 0 | FE38: =SUM(ER38:FD38) -> 0 | FI38: أنثى | FJ38: 31 | FK38: 0 | FL38: 0 | FM38: 12 | FN38: 0 | FO38: 0 | FP38: 0 | FQ38: 18 | FR38: 0 | FS38: 9 | FT38: 0 | FU38: 1 | FV38: 0 | FW38: 71 | GA38: أنثى | GB38: 0 | GC38: 0 | GD38: 0 | GE38: 0 | GF38: 0 | GG38: 0 | GH38: 0 | GI38: 0 | GJ38: 0 | GK38: 0 | GL38: 0 | GM38: 0 | GN38: 0 | GO38: =SUM(GB38:GN38) -> 0 | GS38: أنثى | GT38: 0 | GU38: 0 | GV38: 0 | GW38: 0 | GX38: 0 | GY38: 0 | GZ38: 0 | HA38: 0 | HB38: 0 | HC38: 0 | HD38: 0 | HE38: 0 | HF38: 0 | HG38: =SUM(GT38:HF38) -> 0 | HK38: أنثى | HL38: =SUM(D38+V38+AN38+BF38+BX38+CP38+DH38+DZ38+ER38+FJ38+GB38+GT38) -> 31 | HM38: =SUM(E38+W38+AO38+BG38+BY38+CQ38+DI38+EA38+ES38+FK38+GC38+GU38) -> 0 | HN38: =SUM(F38+X38+AP38+BH38+BZ38+CR38+DJ38+EB38+ET38+FL38+GD38+GV38) -> 0 | HO38: =SUM(G38+Y38+AQ38+BI38+CA38+CS38+DK38+EC38+EU38+FM38+GE38+GW38) -> 12 | HP38: =SUM(H38+Z38+AR38+BJ38+CB38+CT38+DL38+ED38+EV38+FN38+GF38+GX38) -> 0 | HQ38: =SUM(I38+AA38+AS38+BK38+CC38+CU38+DM38+EE38+EW38+FO38+GG38+GY38) -> 0 | HR38: =SUM(J38+AB38+AT38+BL38+CD38+CV38+DN38+EF38+EX38+FP38+GH38+GZ38) -> 0 | HS38: =SUM(K38+AC38+AU38+BM38+CE38+CW38+DO38+EG38+EY38+FQ38+GI38+HA38) -> 18 | ... HX38: =SUM(P38+AH38+AZ38+BR38+CJ38+DB38+DT38+EL38+FD38+FV38+GN38+HF38) -> 0 | HY38: =SUM(HL38:HX38) -> 71
B39: مجموع الغير سعوديين | D39: =SUM(D37:E38) -> 0 | F39: =SUM(F37:J38) -> 0 | K39: =SUM(K37:L38) -> 0 | M39: =SUM(M37:N38) -> 0 | O39: =SUM(O37:O38) -> 0 | P39: =SUM(P37:P38) -> 0 | Q39: =SUM(Q37:Q38) -> 0 | T39: مجموع الغير سعوديين | V39: =SUM(V37:W38) -> 0 | X39: =SUM(X37:AB38) -> 0 | AC39: =SUM(AC37:AD38) -> 0 | AE39: =SUM(AE37:AF38) -> 0 | AG39: =SUM(AG37:AG38) -> 0 | AH39: =SUM(AH37:AH38) -> 0 | AI39: =SUM(AI37:AI38) -> 0 | AL39: مجموع الغير سعوديين | AN39: =SUM(AN37:AO38) -> 0 | AP39: =SUM(AP37:AT38) -> 0 | AU39: =SUM(AU37:AV38) -> 0 | AW39: =SUM(AW37:AX38) -> 0 | AY39: =SUM(AY37:AY38) -> 0 | AZ39: =SUM(AZ37:AZ38) -> 0 | BA39: =SUM(BA37:BA38) -> 0 | BD39: مجموع الغير سعوديين | BF39: =SUM(BF37:BG38) -> 0 | BH39: =SUM(BH37:BL38) -> 0 | BM39: =SUM(BM37:BN38) -> 0 | BO39: =SUM(BO37:BP38) -> 0 | BQ39: =SUM(BQ37:BQ38) -> 0 | BR39: =SUM(BR37:BR38) -> 0 | BS39: =SUM(BS37:BS38) -> 0 | BV39: مجموع الغير سعوديين | BX39: =SUM(BX37:BY38) -> 0 | BZ39: =SUM(BZ37:CD38) -> 0 | CE39: =SUM(CE37:CF38) -> 0 | CG39: =SUM(CG37:CH38) -> 0 | CI39: =SUM(CI37:CI38) -> 0 | CJ39: =SUM(CJ37:CJ38) -> 0 | CK39: =SUM(CK37:CK38) -> 0 | CN39: مجموع الغير سعوديين | CP39: 0 | CR39: 0 | CW39: 0 | CY39: 0 | DA39: 0 | DB39: 0 | DC39: =SUM(DC37:DC38) -> 0 | DF39: مجموع الغير سعوديين | DH39: 0 | DJ39: 0 | DO39: 0 | DQ39: 0 | DS39: 0 | DT39: 0 | DU39: 0 | DX39: مجموع الغير سعوديين | DZ39: =SUM(DZ37:EA38) -> 0 | EB39: =SUM(EB37:EF38) -> 0 | EG39: =SUM(EG37:EH38) -> 0 | EI39: =SUM(EI37:EJ38) -> 0 | EK39: =SUM(EK37:EK38) -> 0 | EL39: =SUM(EL37:EL38) -> 0 | EM39: =SUM(EM37:EM38) -> 0 | EP39: مجموع الغير سعوديين | ER39: =SUM(ER37:ES38) -> 0 | ET39: =SUM(ET37:EX38) -> 0 | EY39: =SUM(EY37:EZ38) -> 0 | FA39: =SUM(FA37:FB38) -> 0 | FC39: =SUM(FC37:FC38) -> 0 | FD39: =SUM(FD37:FD38) -> 0 | FE39: =SUM(FE37:FE38) -> 0 | FH39: مجموع الغير سعوديين | FJ39: 83 | FL39: 12 | FQ39: 45 | FS39: 23 | FU39: 1 | FV39: 0 | FW39: 164 | FZ39: مجموع الغير سعوديين | GB39: =SUM(GB37:GC38) -> 0 | GD39: =SUM(GD37:GH38) -> 0 | GI39: =SUM(GI37:GJ38) -> 0 | GK39: =SUM(GK37:GL38) -> 0 | GM39: =SUM(GM37:GM38) -> 0 | GN39: =SUM(GN37:GN38) -> 0 | GO39: =SUM(GO37:GO38) -> 0 | GR39: مجموع الغير سعوديين | GT39: =SUM(GT37:GU38) -> 0 | GV39: =SUM(GV37:GZ38) -> 0 | HA39: =SUM(HA37:HB38) -> 0 | HC39: =SUM(HC37:HD38) -> 0 | HE39: =SUM(HE37:HE38) -> 0 | HF39: =SUM(HF37:HF38) -> 0 | HG39: =SUM(HG37:HG38) -> 0 | HJ39: مجمع الغير سعوديين | HL39: =SUM(HL37:HM38) -> 83 | HN39: =SUM(HN37:HR38) -> 12 | HS39: =SUM(HS37:HT38) -> 45 | HU39: =SUM(HU37:HV38) -> 23 | HW39: =SUM(HW37:HW38) -> 1 | HX39: =SUM(HX37:HX38) -> 0 | HY39: =SUM(HY37:HY38) -> 164
B40: المجموع الكلي | D40: =SUM(D36+D39) -> 0 | F40: =SUM(F36+F39) -> 0 | K40: =SUM(K36+K39) -> 0 | M40: =SUM(M36+M39) -> 0 | O40: =SUM(O36+O39) -> 0 | P40: =SUM(P36+P39) -> 0 | Q40: =SUM(Q36+Q39) -> 0 | T40: المجموع الكلي | V40: =SUM(V36+V39) -> 0 | X40: =SUM(X36+X39) -> 0 | AC40: =SUM(AC36+AC39) -> 0 | AE40: =SUM(AE36+AE39) -> 0 | AG40: =SUM(AG36+AG39) -> 0 | AH40: =SUM(AH36+AH39) -> 0 | AI40: =SUM(AI36+AI39) -> 0 | AL40: المجموع الكلي | AN40: =SUM(AN36+AN39) -> 0 | AP40: =SUM(AP36+AP39) -> 0 | AU40: =SUM(AU36+AU39) -> 0 | AW40: =SUM(AW36+AW39) -> 0 | AY40: =SUM(AY36+AY39) -> 0 | AZ40: =SUM(AZ36+AZ39) -> 0 | BA40: =SUM(BA36+BA39) -> 0 | BD40: المجموع الكلي | BF40: =SUM(BF36+BF39) -> 0 | BH40: =SUM(BH36+BH39) -> 0 | BM40: =SUM(BM36+BM39) -> 0 | BO40: =SUM(BO36+BO39) -> 0 | BQ40: =SUM(BQ36+BQ39) -> 0 | BR40: =SUM(BR36+BR39) -> 0 | BS40: =SUM(BS36+BS39) -> 0 | BV40: المجموع الكلي | BX40: =SUM(BX36+BX39) -> 0 | BZ40: =SUM(BZ36+BZ39) -> 0 | CE40: =SUM(CE36+CE39) -> 0 | CG40: =SUM(CG36+CG39) -> 0 | CI40: =SUM(CI36+CI39) -> 0 | CJ40: =SUM(CJ36+CJ39) -> 0 | CK40: =SUM(CK36+CK39) -> 0 | CN40: المجموع الكلي | CP40: 0 | CR40: 0 | CW40: 0 | CY40: 0 | DA40: 0 | DB40: 0 | DC40: =SUM(DC36+DC39) -> 0 | DF40: المجموع الكلي | DH40: 0 | DJ40: 0 | DO40: 0 | DQ40: 0 | DS40: 0 | DT40: 0 | DU40: 0 | DX40: المجموع الكلي | DZ40: =SUM(DZ36+DZ39) -> 0 | EB40: =SUM(EB36+EB39) -> 0 | EG40: =SUM(EG36+EG39) -> 0 | EI40: =SUM(EI36+EI39) -> 0 | EK40: =SUM(EK36+EK39) -> 0 | EL40: =SUM(EL36+EL39) -> 0 | EM40: =SUM(EM36+EM39) -> 0 | EP40: المجموع الكلي | ER40: =SUM(ER36+ER39) -> 0 | ET40: =SUM(ET36+ET39) -> 0 | EY40: =SUM(EY36+EY39) -> 0 | FA40: =SUM(FA36+FA39) -> 0 | FC40: =SUM(FC36+FC39) -> 0 | FD40: =SUM(FD36+FD39) -> 0 | FE40: =SUM(FE36+FE39) -> 0 | FH40: المجموع الكلي | FJ40: 280 | FL40: 12 | FQ40: 351 | FS40: 112 | FU40: 10 | FV40: 0 | FW40: 765 | FZ40: المجموع الكلي | GB40: =SUM(GB36+GB39) -> 0 | GD40: =SUM(GD36+GD39) -> 0 | GI40: =SUM(GI36+GI39) -> 0 | GK40: =SUM(GK36+GK39) -> 0 | GM40: =SUM(GM36+GM39) -> 0 | GN40: =SUM(GN36+GN39) -> 0 | GO40: =SUM(GO36+GO39) -> 0 | GR40: المجموع الكلي | GT40: =SUM(GT36+GT39) -> 0 | GV40: =SUM(GV36+GV39) -> 0 | HA40: =SUM(HA36+HA39) -> 0 | HC40: =SUM(HC36+HC39) -> 0 | HE40: =SUM(HE36+HE39) -> 0 | HF40: =SUM(HF36+HF39) -> 0 | HG40: =SUM(HG36+HG39) -> 0 | HJ40: المجموع الكلي | HL40: =SUM(HL36+HL39) -> 280 | HN40: =SUM(HN36+HN39) -> 12 | HS40: =SUM(HS36+HS39) -> 351 | HU40: =SUM(HU36+HU39) -> 112 | HW40: =SUM(HW36+HW39) -> 10 | HX40: =SUM(HX36+HX39) -> 0 | HY40: =SUM(HY36+HY39) -> 765
A41: قويزة | B41: سعودي | C41: ذكر | D41: 94 | E41: 0 | F41: 0 | G41: 0 | H41: 0 | I41: 0 | J41: 0 | K41: 131 | L41: 0 | M41: 36 | N41: 0 | O41: 3 | P41: 0 | Q41: =SUM(D41:P41) -> 264 | S41: قويزة | T41: سعودي | U41: ذكر | V41: 98 | W41: 0 | X41: 0 | Y41: 0 | Z41: 0 | AA41: 0 | AB41: 0 | AC41: 138 | AD41: 0 | AE41: 38 | AF41: 0 | AG41: 5 | AH41: 0 | AI41: =SUM(V41:AH41) -> 279 | AK41: قويزة | AL41: سعودي | AM41: ذكر | AN41: 105 | AO41: 0 | AP41: 0 | AQ41: 0 | AR41: 0 | AS41: 0 | AT41: 0 | AU41: 132 | AV41: 23 | AW41: 37 | AX41: 0 | AY41: 4 | AZ41: 0 | BA41: =SUM(AN41:AZ41) -> 301 | BC41: قويزة | BD41: سعودي | BE41: ذكر | BF41: 99 | BG41: 0 | BH41: 0 | BI41: 0 | BJ41: 0 | BK41: 0 | BL41: 0 | BM41: 145 | BN41: 0 | BO41: 41 | BP41: 0 | BQ41: 4 | BR41: 0 | BS41: =SUM(BF41:BR41) -> 289 | BU41: قويزة | BV41: سعودي | BW41: ذكر | BX41: 9 | BY41: 1 | BZ41: 6 | CA41: 2 | CB41: 4 | CC41: 0 | CD41: 0 | CE41: 0 | CF41: 157 | CG41: 28 | CH41: 0 | CI41: 14 | CJ41: 0 | CK41: =SUM(BX41:CJ41) -> 221 | CM41: قويزة | CN41: سعودي | CO41: ذكر | CP41: 75 | CQ41: 0 | CR41: 0 | CS41: 0 | CT41: 0 | CU41: 0 | CV41: 0 | CW41: 101 | CX41: 0 | CY41: 15 | CZ41: 0 | DA41: 2 | DB41: 0 | DC41: =SUM(CP41:DB41) -> 193 | DE41: قويزة | DF41: سعودي | DG41: ذكر | DH41: 96 | DI41: 0 | DJ41: 0 | DK41: 0 | DL41: 0 | DM41: 0 | DN41: 0 | DO41: 132 | DP41: 0 | DQ41: 37 | DR41: 0 | DS41: 4 | DT41: 0 | DU41: 269 | DW41: قويزة | DX41: سعودي | DY41: ذكر | DZ41: 75 | EA41: 0 | EB41: 0 | EC41: 0 | ED41: 0 | EE41: 0 | EF41: 0 | EG41: 101 | EH41: 0 | EI41: 15 | EJ41: 0 | EK41: 2 | EL41: 0 | EM41: =SUM(DZ41:EL41) -> 193 | EO41: قويزة | EP41: سعودي | EQ41: ذكر | ER41: 56 | ES41: 3 | ET41: 0 | EU41: 20 | EV41: 0 | EW41: 0 | EX41: 5 | EY41: 50 | EZ41: 42 | FA41: 44 | FB41: 0 | FC41: 5 | FD41: 0 | FE41: =SUM(ER41:FD41) -> 225 | FG41: قويزة | FH41: سعودي | FI41: ذكر | FJ41: 93 | FK41: 0 | FL41: 0 | FM41: 0 | FN41: 0 | FO41: 0 | FP41: 0 | FQ41: 130 | FR41: 0 | FS41: 34 | FT41: 0 | FU41: 2 | FV41: 0 | FW41: 259 | FY41: قويزة | FZ41: سعودي | GA41: ذكر | GB41: 0 | GC41: 0 | GD41: 0 | GE41: 0 | GF41: 0 | GG41: 0 | GH41: 0 | GI41: 0 | GJ41: 0 | GK41: 0 | GL41: 0 | GM41: 0 | GN41: 0 | GO41: =SUM(GB41:GN41) -> 0 | GQ41: قويزة | GR41: سعودي | GS41: ذكر | GT41: 0 | GU41: 0 | GV41: 0 | GW41: 0 | GX41: 0 | GY41: 0 | GZ41: 0 | HA41: 0 | HB41: 0 | HC41: 0 | HD41: 0 | HE41: 0 | HF41: 0 | HG41: =SUM(GT41:HF41) -> 0 | HI41: =GQ41 -> قويزة | HJ41: سعودي | HK41: ذكر | HL41: =SUM(D41+V41+AN41+BF41+BX41+CP41+DH41+DZ41+ER41+FJ41+GB41+GT41) -> 800 | HM41: =SUM(E41+W41+AO41+BG41+BY41+CQ41+DI41+EA41+ES41+FK41+GC41+GU41) -> 4 | HN41: =SUM(F41+X41+AP41+BH41+BZ41+CR41+DJ41+EB41+ET41+FL41+GD41+GV41) -> 6 | HO41: =SUM(G41+Y41+AQ41+BI41+CA41+CS41+DK41+EC41+EU41+FM41+GE41+GW41) -> 22 | HP41: =SUM(H41+Z41+AR41+BJ41+CB41+CT41+DL41+ED41+EV41+FN41+GF41+GX41) -> 4 | HQ41: =SUM(I41+AA41+AS41+BK41+CC41+CU41+DM41+EE41+EW41+FO41+GG41+GY41) -> 0 | HR41: =SUM(J41+AB41+AT41+BL41+CD41+CV41+DN41+EF41+EX41+FP41+GH41+GZ41) -> 5 | HS41: =SUM(K41+AC41+AU41+BM41+CE41+CW41+DO41+EG41+EY41+FQ41+GI41+HA41) -> 1060 | ... HX41: =SUM(P41+AH41+AZ41+BR41+CJ41+DB41+DT41+EL41+FD41+FV41+GN41+HF41) -> 0 | HY41: =SUM(HL41:HX41) -> 2493
C42: أنثى | D42: 108 | E42: 0 | F42: 0 | G42: 14 | H42: 0 | I42: 0 | J42: 0 | K42: 188 | L42: 0 | M42: 53 | N42: 0 | O42: 8 | P42: 0 | Q42: =SUM(D42:P42) -> 371 | U42: أنثى | V42: 110 | W42: 0 | X42: 0 | Y42: 16 | Z42: 0 | AA42: 0 | AB42: 0 | AC42: 191 | AD42: 0 | AE42: 55 | AF42: 0 | AG42: 11 | AH42: 0 | AI42: =SUM(V42:AH42) -> 383 | AM42: أنثى | AN42: 109 | AO42: 0 | AP42: 0 | AQ42: 15 | AR42: 0 | AS42: 8 | AT42: 0 | AU42: 160 | AV42: 12 | AW42: 54 | AX42: 2 | AY42: 5 | AZ42: 0 | BA42: =SUM(AN42:AZ42) -> 365 | BE42: أنثى | BF42: 110 | BG42: 0 | BH42: 0 | BI42: 16 | BJ42: 0 | BK42: 0 | BL42: 0 | BM42: 192 | BN42: 0 | BO42: 43 | BP42: 0 | BQ42: 5 | BR42: 0 | BS42: =SUM(BF42:BR42) -> 366 | BW42: أنثى | BX42: 21 | BY42: 1 | BZ42: 43 | CA42: 41 | CB42: 39 | CC42: 0 | CD42: 0 | CE42: 0 | CF42: 166 | CG42: 41 | CH42: 32 | CI42: 16 | CJ42: 0 | CK42: =SUM(BX42:CJ42) -> 400 | CO42: أنثى | CP42: 80 | CQ42: 0 | CR42: 0 | CS42: 0 | CT42: 0 | CU42: 0 | CV42: 0 | CW42: 94 | CX42: 0 | CY42: 14 | CZ42: 0 | DA42: 3 | DB42: 0 | DC42: =SUM(CP42:DB42) -> 191 | DG42: أنثى | DH42: 109 | DI42: 0 | DJ42: 0 | DK42: 15 | DL42: 0 | DM42: 0 | DN42: 0 | DO42: 189 | DP42: 0 | DQ42: 54 | DR42: 0 | DS42: 9 | DT42: 0 | DU42: 376 | DY42: أنثى | DZ42: 80 | EA42: 0 | EB42: 0 | EC42: 0 | ED42: 0 | EE42: 0 | EF42: 0 | EG42: 94 | EH42: 0 | EI42: 14 | EJ42: 0 | EK42: 3 | EL42: 0 | EM42: =SUM(DZ42:EL42) -> 191 | EQ42: أنثى | ER42: 66 | ES42: 1 | ET42: 0 | EU42: 21 | EV42: 0 | EW42: 0 | EX42: 2 | EY42: 23 | EZ42: 50 | FA42: 65 | FB42: 24 | FC42: 2 | FD42: 0 | FE42: =SUM(ER42:FD42) -> 254 | FI42: أنثى | FJ42: 106 | FK42: 0 | FL42: 0 | FM42: 13 | FN42: 0 | FO42: 0 | FP42: 0 | FQ42: 187 | FR42: 0 | FS42: 52 | FT42: 0 | FU42: 7 | FV42: 0 | FW42: 365 | GA42: أنثى | GB42: 0 | GC42: 0 | GD42: 0 | GE42: 0 | GF42: 0 | GG42: 0 | GH42: 0 | GI42: 0 | GJ42: 0 | GK42: 0 | GL42: 0 | GM42: 0 | GN42: 0 | GO42: =SUM(GB42:GN42) -> 0 | GS42: أنثى | GT42: 0 | GU42: 0 | GV42: 0 | GW42: 0 | GX42: 0 | GY42: 0 | GZ42: 0 | HA42: 0 | HB42: 0 | HC42: 0 | HD42: 0 | HE42: 0 | HF42: 0 | HG42: =SUM(GT42:HF42) -> 0 | HK42: أنثى | HL42: =SUM(D42+V42+AN42+BF42+BX42+CP42+DH42+DZ42+ER42+FJ42+GB42+GT42) -> 899 | HM42: =SUM(E42+W42+AO42+BG42+BY42+CQ42+DI42+EA42+ES42+FK42+GC42+GU42) -> 2 | HN42: =SUM(F42+X42+AP42+BH42+BZ42+CR42+DJ42+EB42+ET42+FL42+GD42+GV42) -> 43 | HO42: =SUM(G42+Y42+AQ42+BI42+CA42+CS42+DK42+EC42+EU42+FM42+GE42+GW42) -> 151 | HP42: =SUM(H42+Z42+AR42+BJ42+CB42+CT42+DL42+ED42+EV42+FN42+GF42+GX42) -> 39 | HQ42: =SUM(I42+AA42+AS42+BK42+CC42+CU42+DM42+EE42+EW42+FO42+GG42+GY42) -> 8 | HR42: =SUM(J42+AB42+AT42+BL42+CD42+CV42+DN42+EF42+EX42+FP42+GH42+GZ42) -> 2 | HS42: =SUM(K42+AC42+AU42+BM42+CE42+CW42+DO42+EG42+EY42+FQ42+GI42+HA42) -> 1318 | ... HX42: =SUM(P42+AH42+AZ42+BR42+CJ42+DB42+DT42+EL42+FD42+FV42+GN42+HF42) -> 0 | HY42: =SUM(HL42:HX42) -> 3262
B43: مجموع السعوديين | D43: 202 | F43: 14 | K43: 319 | M43: 89 | O43: 11 | P43: 0 | Q43: =SUM(Q41:Q42) -> 635 | T43: مجموع السعوديين | V43: 208 | X43: 16 | AC43: 329 | AE43: 93 | AG43: 16 | AH43: 0 | AI43: =SUM(AI41:AI42) -> 662 | AL43: مجموع السعوديين | AN43: 214 | AP43: 23 | AU43: 327 | AW43: 93 | AY43: 9 | AZ43: 0 | BA43: =SUM(BA41:BA42) -> 666 | BD43: مجموع السعوديين | BF43: 209 | BH43: 16 | BM43: 337 | BO43: 84 | BQ43: 9 | BR43: 0 | BS43: =SUM(BS41:BS42) -> 655 | BV43: مجموع السعوديين | BX43: 32 | BZ43: 135 | CE43: 323 | CG43: 101 | CI43: 30 | CJ43: 0 | CK43: =SUM(CK41:CK42) -> 621 | CN43: مجموع السعوديين | CP43: 155 | CR43: 0 | CW43: 195 | CY43: 29 | DA43: 5 | DB43: 0 | DC43: =SUM(DC41:DC42) -> 384 | DF43: مجموع السعوديين | DH43: 205 | DJ43: 15 | DO43: 321 | DQ43: 91 | DS43: 13 | DT43: 0 | DU43: 645 | DX43: مجموع السعوديين | DZ43: =SUM(DZ41:EA42) -> 155 | EB43: =SUM(EB41:EF42) -> 0 | EG43: =SUM(EG41:EH42) -> 195 | EI43: =SUM(EI41:EJ42) -> 29 | EK43: =SUM(EK41:EK42) -> 5 | EL43: =SUM(EL41:EL42) -> 0 | EM43: =SUM(EM41:EM42) -> 384 | EP43: مجموع السعوديين | ER43: =SUM(ES41:ET42) -> 4 | ET43: =SUM(EX41:FB42) -> 305 | EY43: =SUM(EZ41:FA42) -> 201 | FA43: =SUM(FB41:FC42) -> 31 | FC43: =SUM(FC41:FC42) -> 7 | FD43: =SUM(FD41:FD42) -> 0 | FE43: =SUM(FE41:FE42) -> 479 | FH43: مجموع السعوديين | FJ43: 199 | FL43: 13 | FQ43: 317 | FS43: 89 | FU43: 9 | FV43: 0 | FW43: 624 | FZ43: مجموع السعوديين | GB43: =SUM(GB41:GC42) -> 0 | GD43: =SUM(GD41:GH42) -> 0 | GI43: =SUM(GI41:GJ42) -> 0 | GK43: =SUM(GK41:GL42) -> 0 | GM43: =SUM(GM41:GM42) -> 0 | GN43: =SUM(GN41:GN42) -> 0 | GO43: =SUM(GO41:GO42) -> 0 | GR43: مجموع السعوديين | GT43: =SUM(GT41:GU42) -> 0 | GV43: =SUM(GV41:GZ42) -> 0 | HA43: =SUM(HA41:HB42) -> 0 | HC43: =SUM(HC41:HD42) -> 0 | HE43: =SUM(HE41:HE42) -> 0 | HF43: =SUM(HF41:HF42) -> 0 | HG43: =SUM(HG41:HG42) -> 0 | HJ43: مجموع السعوديين | HL43: =SUM(HL41:HM42) -> 1705 | HN43: =SUM(HN41:HR42) -> 280 | HS43: =SUM(HS41:HT42) -> 2828 | HU43: =SUM(HU41:HV42) -> 828 | HW43: =SUM(HW41:HW42) -> 114 | HX43: =SUM(HX41:HX42) -> 0 | HY43: =SUM(HY41:HY42) -> 5755
B44: غير سعودي | C44: ذكر | D44: 0 | E44: 0 | F44: 0 | G44: 0 | H44: 0 | I44: 0 | J44: 0 | K44: 0 | L44: 0 | M44: 0 | N44: 0 | O44: 0 | P44: 0 | Q44: =SUM(D44:P44) -> 0 | T44: غير سعودي | U44: ذكر | V44: 0 | W44: 0 | X44: 0 | Y44: 0 | Z44: 0 | AA44: 0 | AB44: 0 | AC44: 0 | AD44: 0 | AE44: 0 | AF44: 0 | AG44: 0 | AH44: 0 | AI44: =SUM(V44:AH44) -> 0 | AL44: غير سعودي | AM44: ذكر | AN44: 0 | AO44: 0 | AP44: 0 | AQ44: 0 | AR44: 0 | AS44: 0 | AT44: 0 | AU44: 0 | AV44: 0 | AW44: 0 | AX44: 0 | AY44: 0 | AZ44: 0 | BA44: =SUM(AN44:AZ44) -> 0 | BD44: غير سعودي | BE44: ذكر | BF44: 0 | BG44: 0 | BH44: 0 | BI44: 0 | BJ44: 0 | BK44: 0 | BL44: 0 | BM44: 0 | BN44: 0 | BO44: 0 | BP44: 0 | BQ44: 0 | BR44: 0 | BS44: =SUM(BF44:BR44) -> 0 | BV44: غير سعودي | BW44: ذكر | BX44: 0 | BY44: 0 | BZ44: 1 | CA44: 0 | CB44: 0 | CC44: 0 | CD44: 0 | CE44: 0 | CF44: 1 | CG44: 5 | CH44: 0 | CI44: 1 | CJ44: 0 | CK44: =SUM(BX44:CJ44) -> 8 | CN44: غير سعودي | CO44: ذكر | CP44: 0 | CQ44: 0 | CR44: 0 | CS44: 0 | CT44: 0 | CU44: 0 | CV44: 0 | CW44: 0 | CX44: 0 | CY44: 0 | CZ44: 0 | DA44: 0 | DB44: 0 | DC44: =SUM(CP44:DB44) -> 0 | DF44: غير سعودي | DG44: ذكر | DH44: 0 | DI44: 0 | DJ44: 0 | DK44: 0 | DL44: 0 | DM44: 0 | DN44: 0 | DO44: 0 | DP44: 0 | DQ44: 0 | DR44: 0 | DS44: 0 | DT44: 0 | DU44: 0 | DX44: غير سعودي | DY44: ذكر | DZ44: 0 | EA44: 0 | EB44: 0 | EC44: 0 | ED44: 0 | EE44: 0 | EF44: 0 | EG44: 0 | EH44: 0 | EI44: 0 | EJ44: 0 | EK44: 0 | EL44: 0 | EM44: =SUM(DZ44:EL44) -> 0 | EP44: غير سعودي | EQ44: ذكر | ER44: 1 | ES44: 0 | ET44: 0 | EU44: 0 | EV44: 0 | EW44: 0 | EX44: 0 | EY44: 0 | EZ44: 0 | FA44: 0 | FB44: 0 | FC44: 0 | FD44: 0 | FE44: =SUM(ER44:FD44) -> 1 | FH44: غير سعودي | FI44: ذكر | FJ44: 0 | FK44: 0 | FL44: 0 | FM44: 0 | FN44: 0 | FO44: 0 | FP44: 0 | FQ44: 0 | FR44: 0 | FS44: 0 | FT44: 0 | FU44: 0 | FV44: 0 | FW44: 0 | FZ44: غير سعودي | GA44: ذكر | GB44: 0 | GC44: 0 | GD44: 0 | GE44: 0 | GF44: 0 | GG44: 0 | GH44: 0 | GI44: 0 | GJ44: 0 | GK44: 0 | GL44: 0 | GM44: 0 | GN44: 0 | GO44: =SUM(GB44:GN44) -> 0 | GR44: غير سعودي | GS44: ذكر | GT44: 0 | GU44: 0 | GV44: 0 | GW44: 0 | GX44: 0 | GY44: 0 | GZ44: 0 | HA44: 0 | HB44: 0 | HC44: 0 | HD44: 0 | HE44: 0 | HF44: 0 | HG44: =SUM(GT44:HF44) -> 0 | HJ44: غير سعودي | HK44: ذكر | HL44: =SUM(D44+V44+AN44+BF44+BX44+CP44+DH44+DZ44+ER44+FJ44+GB44+GT44) -> 1 | HM44: =SUM(E44+W44+AO44+BG44+BY44+CQ44+DI44+EA44+ES44+FK44+GC44+GU44) -> 0 | HN44: =SUM(F44+X44+AP44+BH44+BZ44+CR44+DJ44+EB44+ET44+FL44+GD44+GV44) -> 1 | HO44: =SUM(G44+Y44+AQ44+BI44+CA44+CS44+DK44+EC44+EU44+FM44+GE44+GW44) -> 0 | HP44: =SUM(H44+Z44+AR44+BJ44+CB44+CT44+DL44+ED44+EV44+FN44+GF44+GX44) -> 0 | HQ44: =SUM(I44+AA44+AS44+BK44+CC44+CU44+DM44+EE44+EW44+FO44+GG44+GY44) -> 0 | HR44: =SUM(J44+AB44+AT44+BL44+CD44+CV44+DN44+EF44+EX44+FP44+GH44+GZ44) -> 0 | HS44: =SUM(K44+AC44+AU44+BM44+CE44+CW44+DO44+EG44+EY44+FQ44+GI44+HA44) -> 0 | ... HX44: =SUM(P44+AH44+AZ44+BR44+CJ44+DB44+DT44+EL44+FD44+FV44+GN44+HF44) -> 0 | HY44: =SUM(HL44:HX44) -> 9
C45: أنثى | D45: 0 | E45: 0 | F45: 0 | G45: 0 | H45: 0 | I45: 0 | J45: 0 | K45: 0 | L45: 0 | M45: 0 | N45: 0 | O45: 0 | P45: 0 | Q45: =SUM(D45:P45) -> 0 | U45: أنثى | V45: 0 | W45: 0 | X45: 0 | Y45: 0 | Z45: 0 | AA45: 0 | AB45: 0 | AC45: 0 | AD45: 0 | AE45: 0 | AF45: 0 | AG45: 0 | AH45: 0 | AI45: =SUM(V45:AH45) -> 0 | AM45: أنثى | AN45: 0 | AO45: 0 | AP45: 0 | AQ45: 0 | AR45: 0 | AS45: 0 | AT45: 0 | AU45: 0 | AV45: 0 | AW45: 0 | AX45: 0 | AY45: 0 | AZ45: 0 | BA45: =SUM(AN45:AZ45) -> 0 | BE45: أنثى | BF45: 0 | BG45: 0 | BH45: 0 | BI45: 0 | BJ45: 0 | BK45: 0 | BL45: 0 | BM45: 0 | BN45: 0 | BO45: 0 | BP45: 0 | BQ45: 0 | BR45: 0 | BS45: =SUM(BF45:BR45) -> 0 | BW45: أنثى | BX45: 0 | BY45: 0 | BZ45: 0 | CA45: 0 | CB45: 0 | CC45: 0 | CD45: 0 | CE45: 0 | CF45: 2 | CG45: 3 | CH45: 0 | CI45: 0 | CJ45: 0 | CK45: =SUM(BX45:CJ45) -> 5 | CO45: أنثى | CP45: 0 | CQ45: 0 | CR45: 0 | CS45: 0 | CT45: 0 | CU45: 0 | CV45: 0 | CW45: 0 | CX45: 0 | CY45: 0 | CZ45: 0 | DA45: 0 | DB45: 0 | DC45: =SUM(CP45:DB45) -> 0 | DG45: أنثى | DH45: 0 | DI45: 0 | DJ45: 0 | DK45: 0 | DL45: 0 | DM45: 0 | DN45: 0 | DO45: 0 | DP45: 0 | DQ45: 0 | DR45: 0 | DS45: 0 | DT45: 0 | DU45: 0 | DY45: أنثى | DZ45: 0 | EA45: 0 | EB45: 0 | EC45: 0 | ED45: 0 | EE45: 0 | EF45: 0 | EG45: 0 | EH45: 0 | EI45: 0 | EJ45: 0 | EK45: 0 | EL45: 0 | EM45: =SUM(DZ45:EL45) -> 0 | EQ45: أنثى | ER45: 0 | ES45: 0 | ET45: 0 | EU45: 0 | EV45: 0 | EW45: 0 | EX45: 0 | EY45: 0 | EZ45: 0 | FA45: 0 | FB45: 0 | FC45: 0 | FD45: 0 | FE45: =SUM(ER45:FD45) -> 0 | FI45: أنثى | FJ45: 0 | FK45: 0 | FL45: 0 | FM45: 0 | FN45: 0 | FO45: 0 | FP45: 0 | FQ45: 0 | FR45: 0 | FS45: 0 | FT45: 0 | FU45: 0 | FV45: 0 | FW45: 0 | GA45: أنثى | GB45: 0 | GC45: 0 | GD45: 0 | GE45: 0 | GF45: 0 | GG45: 0 | GH45: 0 | GI45: 0 | GJ45: 0 | GK45: 0 | GL45: 0 | GM45: 0 | GN45: 0 | GO45: =SUM(GB45:GN45) -> 0 | GS45: أنثى | GT45: 0 | GU45: 0 | GV45: 0 | GW45: 0 | GX45: 0 | GY45: 0 | GZ45: 0 | HA45: 0 | HB45: 0 | HC45: 0 | HD45: 0 | HE45: 0 | HF45: 0 | HG45: =SUM(GT45:HF45) -> 0 | HK45: أنثى | HL45: =SUM(D45+V45+AN45+BF45+BX45+CP45+DH45+DZ45+ER45+FJ45+GB45+GT45) -> 0 | HM45: =SUM(E45+W45+AO45+BG45+BY45+CQ45+DI45+EA45+ES45+FK45+GC45+GU45) -> 0 | HN45: =SUM(F45+X45+AP45+BH45+BZ45+CR45+DJ45+EB45+ET45+FL45+GD45+GV45) -> 0 | HO45: =SUM(G45+Y45+AQ45+BI45+CA45+CS45+DK45+EC45+EU45+FM45+GE45+GW45) -> 0 | HP45: =SUM(H45+Z45+AR45+BJ45+CB45+CT45+DL45+ED45+EV45+FN45+GF45+GX45) -> 0 | HQ45: =SUM(I45+AA45+AS45+BK45+CC45+CU45+DM45+EE45+EW45+FO45+GG45+GY45) -> 0 | HR45: =SUM(J45+AB45+AT45+BL45+CD45+CV45+DN45+EF45+EX45+FP45+GH45+GZ45) -> 0 | HS45: =SUM(K45+AC45+AU45+BM45+CE45+CW45+DO45+EG45+EY45+FQ45+GI45+HA45) -> 0 | ... HX45: =SUM(P45+AH45+AZ45+BR45+CJ45+DB45+DT45+EL45+FD45+FV45+GN45+HF45) -> 0 | HY45: =SUM(HL45:HX45) -> 5
B46: مجموع الغير سعوديين | D46: =SUM(D44:E45) -> 0 | F46: =SUM(F44:J45) -> 0 | K46: =SUM(K44:L45) -> 0 | M46: =SUM(M44:N45) -> 0 | O46: =SUM(O44:O45) -> 0 | P46: =SUM(P44:P45) -> 0 | Q46: =SUM(Q44:Q45) -> 0 | T46: مجموع الغير سعوديين | V46: =SUM(V44:W45) -> 0 | X46: =SUM(X44:AB45) -> 0 | AC46: =SUM(AC44:AD45) -> 0 | AE46: =SUM(AE44:AF45) -> 0 | AG46: =SUM(AG44:AG45) -> 0 | AH46: =SUM(AH44:AH45) -> 0 | AI46: =SUM(AI44:AI45) -> 0 | AL46: مجموع الغير سعوديين | AN46: =SUM(AN44:AO45) -> 0 | AP46: =SUM(AP44:AT45) -> 0 | AU46: =SUM(AU44:AV45) -> 0 | AW46: =SUM(AW44:AX45) -> 0 | AY46: =SUM(AY44:AY45) -> 0 | AZ46: =SUM(AZ44:AZ45) -> 0 | BA46: =SUM(BA44:BA45) -> 0 | BD46: مجموع الغير سعوديين | BF46: 0 | BH46: 0 | BM46: 0 | BO46: 0 | BQ46: 0 | BR46: 0 | BS46: =SUM(BS44:BS45) -> 0 | BV46: مجموع الغير سعوديين | BX46: =SUM(BX44:BY45) -> 0 | BZ46: =SUM(BZ44:CD45) -> 1 | CE46: =SUM(CE44:CF45) -> 3 | CG46: =SUM(CG44:CH45) -> 8 | CI46: =SUM(CI44:CI45) -> 1 | CJ46: =SUM(CJ44:CJ45) -> 0 | CK46: =SUM(CK44:CK45) -> 13 | CN46: مجموع الغير سعوديين | CP46: 0 | CR46: 0 | CW46: 0 | CY46: 0 | DA46: 0 | DB46: 0 | DC46: =SUM(DC44:DC45) -> 0 | DF46: مجموع الغير سعوديين | DH46: 0 | DJ46: 0 | DO46: 0 | DQ46: 0 | DS46: 0 | DT46: 0 | DU46: 0 | DX46: مجموع الغير سعوديين | DZ46: =SUM(DZ44:EA45) -> 0 | EB46: =SUM(EB44:EF45) -> 0 | EG46: =SUM(EG44:EH45) -> 0 | EI46: =SUM(EI44:EJ45) -> 0 | EK46: =SUM(EK44:EK45) -> 0 | EL46: =SUM(EL44:EL45) -> 0 | EM46: =SUM(EM44:EM45) -> 0 | EP46: مجموع الغير سعوديين | ER46: =SUM(ES44:ET45) -> 0 | ET46: =SUM(EX44:FB45) -> 0 | EY46: =SUM(EZ44:FA45) -> 0 | FA46: =SUM(FB44:FC45) -> 0 | FC46: =SUM(FC44:FC45) -> 0 | FD46: =SUM(FD44:FD45) -> 0 | FE46: =SUM(FE44:FE45) -> 1 | FH46: مجموع الغير سعوديين | FJ46: 0 | FL46: 0 | FQ46: 0 | FS46: 0 | FU46: 0 | FV46: 0 | FW46: 0 | FZ46: مجموع الغير سعوديين | GB46: =SUM(GB44:GC45) -> 0 | GD46: =SUM(GD44:GH45) -> 0 | GI46: =SUM(GI44:GJ45) -> 0 | GK46: =SUM(GK44:GL45) -> 0 | GM46: =SUM(GM44:GM45) -> 0 | GN46: =SUM(GN44:GN45) -> 0 | GO46: =SUM(GO44:GO45) -> 0 | GR46: مجموع الغير سعوديين | GT46: =SUM(GT44:GU45) -> 0 | GV46: =SUM(GV44:GZ45) -> 0 | HA46: =SUM(HA44:HB45) -> 0 | HC46: =SUM(HC44:HD45) -> 0 | HE46: =SUM(HE44:HE45) -> 0 | HF46: =SUM(HF44:HF45) -> 0 | HG46: =SUM(HG44:HG45) -> 0 | HJ46: مجمع الغير سعوديين | HL46: =SUM(HL44:HM45) -> 1 | HN46: =SUM(HN44:HR45) -> 1 | HS46: =SUM(HS44:HT45) -> 3 | HU46: =SUM(HU44:HV45) -> 8 | HW46: =SUM(HW44:HW45) -> 1 | HX46: =SUM(HX44:HX45) -> 0 | HY46: =SUM(HY44:HY45) -> 14
B47: المجموع الكلي | D47: =SUM(D43+D46) -> 202 | F47: =SUM(F43+F46) -> 14 | K47: =SUM(K43+K46) -> 319 | M47: =SUM(M43+M46) -> 89 | O47: =SUM(O43+O46) -> 11 | P47: =SUM(P43+P46) -> 0 | Q47: =SUM(Q43+Q46) -> 635 | T47: المجموع الكلي | V47: =SUM(V43+V46) -> 208 | X47: =SUM(X43+X46) -> 16 | AC47: =SUM(AC43+AC46) -> 329 | AE47: =SUM(AE43+AE46) -> 93 | AG47: =SUM(AG43+AG46) -> 16 | AH47: =SUM(AH43+AH46) -> 0 | AI47: =SUM(AI43+AI46) -> 662 | AL47: المجموع الكلي | AN47: =SUM(AN43+AN46) -> 214 | AP47: =SUM(AP43+AP46) -> 23 | AU47: =SUM(AU43+AU46) -> 327 | AW47: =SUM(AW43+AW46) -> 93 | AY47: =SUM(AY43+AY46) -> 9 | AZ47: =SUM(AZ43+AZ46) -> 0 | BA47: =SUM(BA43+BA46) -> 666 | BD47: المجموع الكلي | BF47: 209 | BH47: 16 | BM47: 337 | BO47: 84 | BQ47: 9 | BR47: 0 | BS47: =SUM(BS43+BS46) -> 655 | BV47: المجموع الكلي | BX47: =SUM(BX43+BX46) -> 32 | BZ47: =SUM(BZ43+BZ46) -> 136 | CE47: =SUM(CE43+CE46) -> 326 | CG47: =SUM(CG43+CG46) -> 109 | CI47: =SUM(CI43+CI46) -> 31 | CJ47: =SUM(CJ43+CJ46) -> 0 | CK47: =SUM(CK43+CK46) -> 634 | CN47: المجموع الكلي | CP47: 155 | CR47: 0 | CW47: 195 | CY47: 29 | DA47: 5 | DB47: 0 | DC47: =SUM(DC43+DC46) -> 384 | DF47: المجموع الكلي | DH47: 205 | DJ47: 15 | DO47: 321 | DQ47: 91 | DS47: 13 | DT47: 0 | DU47: 645 | DX47: المجموع الكلي | DZ47: =SUM(DZ43+DZ46) -> 155 | EB47: =SUM(EB43+EB46) -> 0 | EG47: =SUM(EG43+EG46) -> 195 | EI47: =SUM(EI43+EI46) -> 29 | EK47: =SUM(EK43+EK46) -> 5 | EL47: =SUM(EL43+EL46) -> 0 | EM47: =SUM(EM43+EM46) -> 384 | EP47: المجموع الكلي | ER47: =SUM(ER43+ER46) -> 4 | ET47: =SUM(ET43+ET46) -> 305 | EY47: =SUM(EY43+EY46) -> 201 | FA47: =SUM(FA43+FA46) -> 31 | FC47: =SUM(FC43+FC46) -> 7 | FD47: =SUM(FD43+FD46) -> 0 | FE47: =SUM(FE43+FE46) -> 480 | FH47: المجموع الكلي | FJ47: 199 | FL47: 13 | FQ47: 317 | FS47: 89 | FU47: 9 | FV47: 0 | FW47: 624 | FZ47: المجموع الكلي | GB47: =SUM(GB43+GB46) -> 0 | GD47: =SUM(GD43+GD46) -> 0 | GI47: =SUM(GI43+GI46) -> 0 | GK47: =SUM(GK43+GK46) -> 0 | GM47: =SUM(GM43+GM46) -> 0 | GN47: =SUM(GN43+GN46) -> 0 | GO47: =SUM(GO43+GO46) -> 0 | GR47: المجموع الكلي | GT47: =SUM(GT43+GT46) -> 0 | GV47: =SUM(GV43+GV46) -> 0 | HA47: =SUM(HA43+HA46) -> 0 | HC47: =SUM(HC43+HC46) -> 0 | HE47: =SUM(HE43+HE46) -> 0 | HF47: =SUM(HF43+HF46) -> 0 | HG47: =SUM(HG43+HG46) -> 0 | HJ47: المجموع الكلي | HL47: =SUM(HL43+HL46) -> 1706 | HN47: =SUM(HN43+HN46) -> 281 | HS47: =SUM(HS43+HS46) -> 2831 | HU47: =SUM(HU43+HU46) -> 836 | HW47: =SUM(HW43+HW46) -> 115 | HX47: =SUM(HX43+HX46) -> 0 | HY47: =SUM(HY43+HY46) -> 5769
A48: الرغامة | B48: سعودي | C48: ذكر | D48: 193 | E48: 9 | F48: 0 | G48: 215 | H48: 0 | I48: 0 | J48: 154 | K48: 245 | L48: 78 | M48: 134 | N48: 0 | O48: 76 | P48: 0 | Q48: =SUM(D48:P48) -> 1104 | S48: الرغامة | T48: سعودي | U48: ذكر | V48: 212 | W48: 3 | X48: 0 | Y48: 314 | Z48: 0 | AA48: 0 | AB48: 215 | AC48: 293 | AD48: 89 | AE48: 148 | AF48: 0 | AG48: 79 | AH48: 0 | AI48: =SUM(V48:AH48) -> 1353 | AK48: الرغامة | AL48: سعودي | AM48: ذكر | AN48: 199 | AO48: 12 | AP48: 0 | AQ48: 298 | AR48: 0 | AS48: 0 | AT48: 159 | AU48: 285 | AV48: 88 | AW48: 139 | AX48: 0 | AY48: 76 | AZ48: 0 | BA48: =SUM(AN48:AZ48) -> 1256 | BC48: الرغامة | BD48: سعودي | BE48: ذكر | BF48: 109 | BG48: 6 | BH48: 0 | BI48: 139 | BJ48: 0 | BK48: 0 | BL48: 78 | BM48: 187 | BN48: 59 | BO48: 123 | BP48: 0 | BQ48: 48 | BR48: 0 | BS48: =SUM(BF48:BR48) -> 749 | BU48: الرغامة | BV48: سعودي | BW48: ذكر | BX48: 145 | BY48: 6 | BZ48: 0 | CA48: 167 | CB48: 0 | CC48: 0 | CD48: 132 | CE48: 234 | CF48: 76 | CG48: 134 | CH48: 0 | CI48: 56 | CJ48: 0 | CK48: =SUM(BX48:CJ48) -> 950 | CM48: الرغامة | CN48: سعودي | CO48: ذكر | CP48: 85 | CQ48: 0 | CR48: 0 | CS48: 33 | CT48: 96 | CU48: 0 | CV48: 105 | CW48: 118 | CX48: 112 | CY48: 112 | CZ48: 0 | DA48: 5 | DB48: 0 | DC48: =SUM(CP48:DB48) -> 666 | DE48: الرغامة | DF48: سعودي | DG48: ذكر | DH48: 199 | DI48: 12 | DJ48: 0 | DK48: 298 | DL48: 0 | DM48: 0 | DN48: 159 | DO48: 285 | DP48: 88 | DQ48: 139 | DR48: 0 | DS48: 76 | DT48: 0 | DU48: 1256 | DW48: الرغامة | DX48: سعودي | DY48: ذكر | DZ48: 85 | EA48: 0 | EB48: 0 | EC48: 33 | ED48: 96 | EE48: 0 | EF48: 105 | EG48: 118 | EH48: 112 | EI48: 112 | EJ48: 0 | EK48: 5 | EL48: 0 | EM48: =SUM(DZ48:EL48) -> 666 | EO48: الرغامة | EP48: سعودي | EQ48: ذكر | ER48: 72 | ES48: 6 | ET48: 0 | EU48: 26 | EV48: 0 | EW48: 0 | EX48: 60 | EY48: 172 | EZ48: 59 | FA48: 102 | FB48: 0 | FC48: 48 | FD48: 0 | FE48: =SUM(ER48:FD48) -> 545 | FG48: الرغامة | FH48: سعودي | FI48: ذكر | FJ48: 166 | FK48: 9 | FL48: 0 | FM48: 178 | FN48: 0 | FO48: 0 | FP48: 154 | FQ48: 245 | FR48: 78 | FS48: 134 | FT48: 0 | FU48: 76 | FV48: 0 | FW48: 1040 | FY48: الرغامة | FZ48: سعودي | GA48: ذكر | GB48: 0 | GC48: 0 | GD48: 0 | GE48: 0 | GF48: 0 | GG48: 0 | GH48: 0 | GI48: 0 | GJ48: 0 | GK48: 0 | GL48: 0 | GM48: 0 | GN48: 0 | GO48: =SUM(GB48:GN48) -> 0 | GQ48: الرغامة | GR48: سعودي | GS48: ذكر | GT48: 0 | GU48: 0 | GV48: 0 | GW48: 0 | GX48: 0 | GY48: 0 | GZ48: 0 | HA48: 0 | HB48: 0 | HC48: 0 | HD48: 0 | HE48: 0 | HF48: 0 | HG48: =SUM(GT48:HF48) -> 0 | HI48: =GQ48 -> الرغامة | HJ48: سعودي | HK48: ذكر | HL48: =SUM(D48+V48+AN48+BF48+BX48+CP48+DH48+DZ48+ER48+FJ48+GB48+GT48) -> 1465 | HM48: =SUM(E48+W48+AO48+BG48+BY48+CQ48+DI48+EA48+ES48+FK48+GC48+GU48) -> 63 | HN48: =SUM(F48+X48+AP48+BH48+BZ48+CR48+DJ48+EB48+ET48+FL48+GD48+GV48) -> 0 | HO48: =SUM(G48+Y48+AQ48+BI48+CA48+CS48+DK48+EC48+EU48+FM48+GE48+GW48) -> 1701 | HP48: =SUM(H48+Z48+AR48+BJ48+CB48+CT48+DL48+ED48+EV48+FN48+GF48+GX48) -> 192 | HQ48: =SUM(I48+AA48+AS48+BK48+CC48+CU48+DM48+EE48+EW48+FO48+GG48+GY48) -> 0 | HR48: =SUM(J48+AB48+AT48+BL48+CD48+CV48+DN48+EF48+EX48+FP48+GH48+GZ48) -> 1321 | HS48: =SUM(K48+AC48+AU48+BM48+CE48+CW48+DO48+EG48+EY48+FQ48+GI48+HA48) -> 2182 | ... HX48: =SUM(P48+AH48+AZ48+BR48+CJ48+DB48+DT48+EL48+FD48+FV48+GN48+HF48) -> 0 | HY48: =SUM(HL48:HX48) -> 9585
C49: أنثى | D49: 208 | E49: 11 | F49: 15 | G49: 193 | H49: 0 | I49: 0 | J49: 167 | K49: 255 | L49: 123 | M49: 145 | N49: 4 | O49: 56 | P49: 0 | Q49: =SUM(D49:P49) -> 1177 | U49: أنثى | V49: 249 | W49: 13 | X49: 33 | Y49: 269 | Z49: 0 | AA49: 0 | AB49: 199 | AC49: 273 | AD49: 136 | AE49: 165 | AF49: 12 | AG49: 60 | AH49: 0 | AI49: =SUM(V49:AH49) -> 1409 | AM49: أنثى | AN49: 245 | AO49: 15 | AP49: 25 | AQ49: 289 | AR49: 0 | AS49: 0 | AT49: 196 | AU49: 268 | AV49: 133 | AW49: 154 | AX49: 8 | AY49: 56 | AZ49: 0 | BA49: =SUM(AN49:AZ49) -> 1389 | BE49: أنثى | BF49: 123 | BG49: 8 | BH49: 22 | BI49: 135 | BJ49: 0 | BK49: 0 | BL49: 121 | BM49: 206 | BN49: 103 | BO49: 118 | BP49: 49 | BQ49: 39 | BR49: 0 | BS49: =SUM(BF49:BR49) -> 924 | BW49: أنثى | BX49: 156 | BY49: 4 | BZ49: 15 | CA49: 165 | CB49: 0 | CC49: 0 | CD49: 167 | CE49: 231 | CF49: 112 | CG49: 132 | CH49: 4 | CI49: 44 | CJ49: 0 | CK49: =SUM(BX49:CJ49) -> 1030 | CO49: أنثى | CP49: 98 | CQ49: 0 | CR49: 0 | CS49: 48 | CT49: 86 | CU49: 2 | CV49: 147 | CW49: 77 | CX49: 96 | CY49: 109 | CZ49: 24 | DA49: 9 | DB49: 0 | DC49: =SUM(CP49:DB49) -> 696 | DG49: أنثى | DH49: 245 | DI49: 15 | DJ49: 25 | DK49: 289 | DL49: 0 | DM49: 0 | DN49: 196 | DO49: 268 | DP49: 133 | DQ49: 154 | DR49: 8 | DS49: 56 | DT49: 0 | DU49: 1389 | DY49: أنثى | DZ49: 98 | EA49: 0 | EB49: 0 | EC49: 48 | ED49: 86 | EE49: 2 | EF49: 147 | EG49: 77 | EH49: 96 | EI49: 109 | EJ49: 24 | EK49: 9 | EL49: 0 | EM49: =SUM(DZ49:EL49) -> 696 | EQ49: أنثى | ER49: 118 | ES49: 8 | ET49: 19 | EU49: 30 | EV49: 0 | EW49: 0 | EX49: 92 | EY49: 196 | EZ49: 103 | FA49: 116 | FB49: 49 | FC49: 39 | FD49: 0 | FE49: =SUM(ER49:FD49) -> 770 | FI49: أنثى | FJ49: 178 | FK49: 7 | FL49: 15 | FM49: 177 | FN49: 0 | FO49: 0 | FP49: 167 | FQ49: 255 | FR49: 123 | FS49: 145 | FT49: 4 | FU49: 56 | FV49: 0 | FW49: 1127 | GA49: أنثى | GB49: 0 | GC49: 0 | GD49: 0 | GE49: 0 | GF49: 0 | GG49: 0 | GH49: 0 | GI49: 0 | GJ49: 0 | GK49: 0 | GL49: 0 | GM49: 0 | GN49: 0 | GO49: =SUM(GB49:GN49) -> 0 | GS49: أنثى | GT49: 0 | GU49: 0 | GV49: 0 | GW49: 0 | GX49: 0 | GY49: 0 | GZ49: 0 | HA49: 0 | HB49: 0 | HC49: 0 | HD49: 0 | HE49: 0 | HF49: 0 | HG49: =SUM(GT49:HF49) -> 0 | HK49: أنثى | HL49: =SUM(D49+V49+AN49+BF49+BX49+CP49+DH49+DZ49+ER49+FJ49+GB49+GT49) -> 1718 | HM49: =SUM(E49+W49+AO49+BG49+BY49+CQ49+DI49+EA49+ES49+FK49+GC49+GU49) -> 81 | HN49: =SUM(F49+X49+AP49+BH49+BZ49+CR49+DJ49+EB49+ET49+FL49+GD49+GV49) -> 169 | HO49: =SUM(G49+Y49+AQ49+BI49+CA49+CS49+DK49+EC49+EU49+FM49+GE49+GW49) -> 1643 | HP49: =SUM(H49+Z49+AR49+BJ49+CB49+CT49+DL49+ED49+EV49+FN49+GF49+GX49) -> 172 | HQ49: =SUM(I49+AA49+AS49+BK49+CC49+CU49+DM49+EE49+EW49+FO49+GG49+GY49) -> 4 | HR49: =SUM(J49+AB49+AT49+BL49+CD49+CV49+DN49+EF49+EX49+FP49+GH49+GZ49) -> 1599 | HS49: =SUM(K49+AC49+AU49+BM49+CE49+CW49+DO49+EG49+EY49+FQ49+GI49+HA49) -> 2106 | ... HX49: =SUM(P49+AH49+AZ49+BR49+CJ49+DB49+DT49+EL49+FD49+FV49+GN49+HF49) -> 0 | HY49: =SUM(HL49:HX49) -> 10607
B50: مجموع السعوديين | D50: 423 | F50: 2417 | K50: 283 | M50: 132 | O50: 132 | P50: 0 | Q50: =SUM(Q48:Q49) -> 2281 | T50: مجموع السعوديين | V50: 616 | X50: 2913 | AC50: 325 | AE50: 139 | AG50: 139 | AH50: 0 | AI50: =SUM(AI48:AI49) -> 2762 | AL50: مجموع السعوديين | AN50: 612 | AP50: 2785 | AU50: 301 | AW50: 132 | AY50: 132 | AZ50: 0 | BA50: =SUM(BA48:BA49) -> 2645 | BD50: مجموع السعوديين | BF50: 296 | BH50: 1809 | BM50: 290 | BO50: 87 | BQ50: 87 | BR50: 0 | BS50: =SUM(BS48:BS49) -> 1673 | BV50: مجموع السعوديين | BX50: 347 | BZ50: 2084 | CE50: 270 | CG50: 100 | CI50: 100 | CJ50: 0 | CK50: =SUM(CK48:CK49) -> 1980 | CN50: مجموع السعوديين | CP50: 0 | CR50: 900 | DA50: 14 | DB50: 0 | DC50: =SUM(DC48:DC49) -> 1362 | DF50: مجموع السعوديين | DH50: 612 | DJ50: 2785 | DO50: 301 | DQ50: 132 | DS50: 132 | DT50: 0 | DU50: 2645 | DX50: مجموع السعوديين | DZ50: =SUM(DZ48:EA49) -> 183 | EB50: =SUM(EB48:EF49) -> 517 | EG50: =SUM(EG48:EH49) -> 403 | EI50: =SUM(EI48:EJ49) -> 245 | EK50: =SUM(EK48:EK49) -> 14 | EL50: =SUM(EL48:EL49) -> 0 | EM50: =SUM(EM48:EM49) -> 1362 | EP50: مجموع السعوديين | ER50: =SUM(ES48:ET49) -> 33 | ET50: =SUM(EX48:FB49) -> 949 | EY50: =SUM(EZ48:FA49) -> 380 | FA50: =SUM(FB48:FC49) -> 136 | FC50: =SUM(FC48:FC49) -> 87 | FD50: =SUM(FD48:FD49) -> 0 | FE50: =SUM(FE48:FE49) -> 1315 | FH50: مجموع السعوديين | FJ50: 370 | FL50: 2303 | FQ50: 283 | FS50: 132 | FU50: 132 | FV50: 0 | FW50: 2167 | FZ50: مجموع السعوديين | GB50: =SUM(GB48:GC49) -> 0 | GD50: =SUM(GD48:GH49) -> 0 | GI50: =SUM(GI48:GJ49) -> 0 | GK50: =SUM(GK48:GL49) -> 0 | GM50: =SUM(GM48:GM49) -> 0 | GN50: =SUM(GN48:GN49) -> 0 | GO50: =SUM(GO48:GO49) -> 0 | GR50: مجموع السعوديين | GT50: =SUM(GT48:GU49) -> 0 | GV50: =SUM(GV48:GZ49) -> 0 | HA50: =SUM(HA48:HB49) -> 0 | HC50: =SUM(HC48:HD49) -> 0 | HE50: =SUM(HE48:HE49) -> 0 | HF50: =SUM(HF48:HF49) -> 0 | HG50: =SUM(HG48:HG49) -> 0 | HJ50: مجموع السعوديين | HL50: =SUM(HL48:HM49) -> 3327 | HN50: =SUM(HN48:HR49) -> 6801 | HS50: =SUM(HS48:HT49) -> 6285 | HU50: =SUM(HU48:HV49) -> 2810 | HW50: =SUM(HW48:HW49) -> 969 | HX50: =SUM(HX48:HX49) -> 0 | HY50: =SUM(HY48:HY49) -> 20192
B51: غير سعودي | C51: ذكر | D51: 8 | E51: 0 | F51: 0 | G51: 0 | H51: 0 | I51: 0 | J51: 4 | K51: 7 | L51: 8 | M51: 9 | N51: 0 | O51: 12 | P51: 0 | Q51: =SUM(D51:P51) -> 48 | T51: غير سعودي | U51: ذكر | V51: 0 | W51: 0 | X51: 0 | Y51: 0 | Z51: 0 | AA51: 0 | AB51: 0 | AC51: 0 | AD51: 0 | AE51: 0 | AF51: 0 | AG51: 0 | AH51: 0 | AI51: =SUM(V51:AH51) -> 0 | AL51: غير سعودي | AM51: ذكر | AN51: 7 | AO51: 0 | AP51: 0 | AQ51: 0 | AR51: 0 | AS51: 0 | AT51: 4 | AU51: 7 | AV51: 11 | AW51: 12 | AX51: 0 | AY51: 12 | AZ51: 0 | BA51: =SUM(AN51:AZ51) -> 53 | BD51: غير سعودي | BE51: ذكر | BF51: 28 | BG51: 0 | BH51: 0 | BI51: 0 | BJ51: 0 | BK51: 0 | BL51: 5 | BM51: 21 | BN51: 11 | BO51: 20 | BP51: 0 | BQ51: 23 | BR51: 0 | BS51: =SUM(BF51:BR51) -> 108 | BV51: غير سعودي | BW51: ذكر | BX51: 6 | BY51: 0 | BZ51: 0 | CA51: 0 | CB51: 0 | CC51: 0 | CD51: 4 | CE51: 7 | CF51: 9 | CG51: 11 | CH51: 0 | CI51: 18 | CJ51: 0 | CK51: =SUM(BX51:CJ51) -> 55 | CN51: غير سعودي | CO51: ذكر | CP51: 19 | CQ51: 0 | CR51: 0 | CS51: 0 | CT51: 0 | CU51: 0 | CV51: 6 | CW51: 10 | CX51: 5 | CY51: 21 | CZ51: 0 | DA51: 0 | DB51: 0 | DC51: =SUM(CP51:DB51) -> 61 | DF51: غير سعودي | DG51: ذكر | DH51: 7 | DI51: 0 | DJ51: 0 | DK51: 0 | DL51: 0 | DM51: 0 | DN51: 4 | DO51: 7 | DP51: 11 | DQ51: 12 | DR51: 0 | DS51: 12 | DT51: 0 | DU51: 53 | DX51: غير سعودي | DY51: ذكر | DZ51: 19 | EA51: 0 | EB51: 0 | EC51: 0 | ED51: 0 | EE51: 0 | EF51: 6 | EG51: 10 | EH51: 5 | EI51: 21 | EJ51: 0 | EK51: 0 | EL51: 0 | EM51: =SUM(DZ51:EL51) -> 61 | EP51: غير سعودي | EQ51: ذكر | ER51: 25 | ES51: 0 | ET51: 0 | EU51: 0 | EV51: 5 | EW51: 0 | EX51: 6 | EY51: 19 | EZ51: 11 | FA51: 25 | FB51: 0 | FC51: 23 | FD51: 0 | FE51: =SUM(ER51:FD51) -> 114 | FH51: غير سعودي | FI51: ذكر | FJ51: 8 | FK51: 0 | FL51: 0 | FM51: 0 | FN51: 0 | FO51: 0 | FP51: 4 | FQ51: 7 | FR51: 14 | FS51: 14 | FT51: 0 | FU51: 12 | FV51: 0 | FW51: 59 | FZ51: غير سعودي | GA51: ذكر | GB51: 0 | GC51: 0 | GD51: 0 | GE51: 0 | GF51: 0 | GG51: 0 | GH51: 0 | GI51: 0 | GJ51: 0 | GK51: 0 | GL51: 0 | GM51: 0 | GN51: 0 | GO51: =SUM(GB51:GN51) -> 0 | GR51: غير سعودي | GS51: ذكر | GT51: 0 | GU51: 0 | GV51: 0 | GW51: 0 | GX51: 0 | GY51: 0 | GZ51: 0 | HA51: 0 | HB51: 0 | HC51: 0 | HD51: 0 | HE51: 0 | HF51: 0 | HG51: =SUM(GT51:HF51) -> 0 | HJ51: غير سعودي | HK51: ذكر | HL51: =SUM(D51+V51+AN51+BF51+BX51+CP51+DH51+DZ51+ER51+FJ51+GB51+GT51) -> 127 | HM51: =SUM(E51+W51+AO51+BG51+BY51+CQ51+DI51+EA51+ES51+FK51+GC51+GU51) -> 0 | HN51: =SUM(F51+X51+AP51+BH51+BZ51+CR51+DJ51+EB51+ET51+FL51+GD51+GV51) -> 0 | HO51: =SUM(G51+Y51+AQ51+BI51+CA51+CS51+DK51+EC51+EU51+FM51+GE51+GW51) -> 0 | HP51: =SUM(H51+Z51+AR51+BJ51+CB51+CT51+DL51+ED51+EV51+FN51+GF51+GX51) -> 5 | HQ51: =SUM(I51+AA51+AS51+BK51+CC51+CU51+DM51+EE51+EW51+FO51+GG51+GY51) -> 0 | HR51: =SUM(J51+AB51+AT51+BL51+CD51+CV51+DN51+EF51+EX51+FP51+GH51+GZ51) -> 43 | HS51: =SUM(K51+AC51+AU51+BM51+CE51+CW51+DO51+EG51+EY51+FQ51+GI51+HA51) -> 95 | ... HX51: =SUM(P51+AH51+AZ51+BR51+CJ51+DB51+DT51+EL51+FD51+FV51+GN51+HF51) -> 0 | HY51: =SUM(HL51:HX51) -> 612
C52: أنثى | D52: 4 | E52: 0 | F52: 8 | G52: 0 | H52: 0 | I52: 0 | J52: 7 | K52: 5 | L52: 13 | M52: 18 | N52: 0 | O52: 23 | P52: 0 | Q52: =SUM(D52:P52) -> 78 | U52: أنثى | V52: 0) | W52: 0 | X52: 0 | Y52: 0 | Z52: 0 | AA52: 0 | AB52: 0 | AC52: 0 | AD52: 0 | AE52: 0 | AF52: 0 | AG52: 0 | AH52: 0 | AI52: =SUM(V52:AH52) -> 0 | AM52: أنثى | AN52: 3 | AO52: 0 | AP52: 8 | AQ52: 0 | AR52: 0 | AS52: 0 | AT52: 7 | AU52: 5 | AV52: 13 | AW52: 18 | AX52: 0 | AY52: 23 | AZ52: 0 | BA52: =SUM(AN52:AZ52) -> 77 | BE52: أنثى | BF52: 24 | BG52: 0 | BH52: 7 | BI52: 19 | BJ52: 0 | BK52: 0 | BL52: 9 | BM52: 23 | BN52: 13 | BO52: 43 | BP52: 6 | BQ52: 27 | BR52: 0 | BS52: =SUM(BF52:BR52) -> 171 | BW52: أنثى | BX52: 7 | BY52: 0 | BZ52: 8 | CA52: 0 | CB52: 0 | CC52: 0 | CD52: 7 | CE52: 5 | CF52: 10 | CG52: 16 | CH52: 0 | CI52: 12 | CJ52: 0 | CK52: =SUM(BX52:CJ52) -> 65 | CO52: أنثى | CP52: 36 | CQ52: 0 | CR52: 0 | CS52: 0 | CT52: 0 | CU52: 0 | CV52: 3 | CW52: 9 | CX52: 10 | CY52: 18 | CZ52: 4 | DA52: 0 | DB52: 0 | DC52: =SUM(CP52:DB52) -> 80 | DG52: أنثى | DH52: 3 | DI52: 0 | DJ52: 8 | DK52: 0 | DL52: 0 | DM52: 0 | DN52: 7 | DO52: 5 | DP52: 13 | DQ52: 18 | DR52: 0 | DS52: 23 | DT52: 0 | DU52: 77 | DY52: أنثى | DZ52: 36 | EA52: 0 | EB52: 0 | EC52: 0 | ED52: 0 | EE52: 0 | EF52: 3 | EG52: 9 | EH52: 10 | EI52: 18 | EJ52: 4 | EK52: 0 | EL52: 0 | EM52: =SUM(DZ52:EL52) -> 80 | EQ52: أنثى | ER52: 27 | ES52: 0 | ET52: 4 | EU52: 23 | EV52: 18 | EW52: 0 | EX52: 5 | EY52: 25 | EZ52: 13 | FA52: 38 | FB52: 6 | FC52: 27 | FD52: 0 | FE52: =SUM(ER52:FD52) -> 186 | FI52: أنثى | FJ52: 4 | FK52: 0 | FL52: 8 | FM52: 0 | FN52: 0 | FO52: 0 | FP52: 7 | FQ52: 5 | FR52: 13 | FS52: 18 | FT52: 0 | FU52: 23 | FV52: 0 | FW52: 78 | GA52: أنثى | GB52: 0 | GC52: 0 | GD52: 0 | GE52: 0 | GF52: 0 | GG52: 0 | GH52: 0 | GI52: 0 | GJ52: 0 | GK52: 0 | GL52: 0 | GM52: 0 | GN52: 0 | GO52: =SUM(GB52:GN52) -> 0 | GS52: أنثى | GT52: 0 | GU52: 0 | GV52: 0 | GW52: 0 | GX52: 0 | GY52: 0 | GZ52: 0 | HA52: 0 | HB52: 0 | HC52: 0 | HD52: 0 | HE52: 0 | HF52: 0 | HG52: =SUM(GT52:HF52) -> 0 | HK52: أنثى | HL52: =SUM(D52+V52+AN52+BF52+BX52+CP52+DH52+DZ52+ER52+FJ52+GB52+GT52) -> #VALUE! | HM52: =SUM(E52+W52+AO52+BG52+BY52+CQ52+DI52+EA52+ES52+FK52+GC52+GU52) -> 0 | HN52: =SUM(F52+X52+AP52+BH52+BZ52+CR52+DJ52+EB52+ET52+FL52+GD52+GV52) -> 51 | HO52: =SUM(G52+Y52+AQ52+BI52+CA52+CS52+DK52+EC52+EU52+FM52+GE52+GW52) -> 42 | HP52: =SUM(H52+Z52+AR52+BJ52+CB52+CT52+DL52+ED52+EV52+FN52+GF52+GX52) -> 18 | HQ52: =SUM(I52+AA52+AS52+BK52+CC52+CU52+DM52+EE52+EW52+FO52+GG52+GY52) -> 0 | HR52: =SUM(J52+AB52+AT52+BL52+CD52+CV52+DN52+EF52+EX52+FP52+GH52+GZ52) -> 55 | HS52: =SUM(K52+AC52+AU52+BM52+CE52+CW52+DO52+EG52+EY52+FQ52+GI52+HA52) -> 91 | ... HX52: =SUM(P52+AH52+AZ52+BR52+CJ52+DB52+DT52+EL52+FD52+FV52+GN52+HF52) -> 0 | HY52: =SUM(HL52:HX52) -> #VALUE!
B53: مجموع الغير سعوديين | D53: =SUM(D51:E52) -> 12 | F53: =SUM(F51:J52) -> 19 | K53: =SUM(K51:L52) -> 33 | M53: =SUM(M51:N52) -> 27 | O53: =SUM(O51:O52) -> 35 | P53: =SUM(P51:P52) -> 0 | Q53: =SUM(Q51:Q52) -> 126 | T53: مجموع الغير سعوديين | V53: =SUM(V51:W52) -> 0 | X53: =SUM(X51:AB52) -> 0 | AC53: =SUM(AC51:AD52) -> 0 | AE53: =SUM(AE51:AF52) -> 0 | AG53: =SUM(AG51:AG52) -> 0 | AH53: =SUM(AH51:AH52) -> 0 | AI53: =SUM(AI51:AI52) -> 0 | AL53: مجموع الغير سعوديين | AN53: =SUM(AN51:AO52) -> 10 | AP53: =SUM(AP51:AT52) -> 19 | AU53: =SUM(AU51:AV52) -> 36 | AW53: =SUM(AW51:AX52) -> 30 | AY53: =SUM(AY51:AY52) -> 35 | AZ53: =SUM(AZ51:AZ52) -> 0 | BA53: =SUM(BA51:BA52) -> 130 | BD53: مجموع الغير سعوديين | BF53: 26 | BH53: 335 | BM53: 69 | BO53: 50 | BQ53: 50 | BR53: 0 | BS53: =SUM(BS51:BS52) -> 279 | BV53: مجموع الغير سعوديين | BX53: =SUM(BX51:BY52) -> 13 | BZ53: =SUM(BZ51:CD52) -> 19 | CE53: =SUM(CE51:CF52) -> 31 | CG53: =SUM(CG51:CH52) -> 27 | CI53: =SUM(CI51:CI52) -> 30 | CJ53: =SUM(CJ51:CJ52) -> 0 | CK53: =SUM(CK51:CK52) -> 120 | CN53: مجموع الغير سعوديين | CP53: 0 | CR53: 86 | CW53: 54 | CY53: 4 | DA53: 0 | DB53: 0 | DC53: =SUM(DC51:DC52) -> 141 | DF53: مجموع الغير سعوديين | DH53: 8 | DJ53: 165 | DO53: 30 | DQ53: 35 | DS53: 35 | DT53: 0 | DU53: 130 | DX53: مجموع الغير سعوديين | DZ53: =SUM(DZ51:EA52) -> 55 | EB53: =SUM(EB51:EF52) -> 9 | EG53: =SUM(EG51:EH52) -> 34 | EI53: =SUM(EI51:EJ52) -> 43 | EK53: =SUM(EK51:EK52) -> 0 | EL53: =SUM(EL51:EL52) -> 0 | EM53: =SUM(EM51:EM52) -> 141 | EP53: مجموع الغير سعوديين | ER53: =SUM(ES51:ET52) -> 4 | ET53: =SUM(EX51:FB52) -> 148 | EY53: =SUM(EZ51:FA52) -> 87 | FA53: =SUM(FB51:FC52) -> 56 | FC53: =SUM(FC51:FC52) -> 50 | FD53: =SUM(FD51:FD52) -> 0 | FE53: =SUM(FE51:FE52) -> 300 | FH53: مجموع الغير سعوديين | FJ53: 8 | FL53: 172 | FQ53: 32 | FS53: 35 | FU53: 35 | FV53: 0 | FW53: 137 | FZ53: مجموع الغير سعوديين | GB53: =SUM(GB51:GC52) -> 0 | GD53: =SUM(GD51:GH52) -> 0 | GI53: =SUM(GI51:GJ52) -> 0 | GK53: =SUM(GK51:GL52) -> 0 | GM53: =SUM(GM51:GM52) -> 0 | GN53: =SUM(GN51:GN52) -> 0 | GO53: =SUM(GO51:GO52) -> 0 | GR53: مجموع الغير سعوديين | GT53: =SUM(GT51:GU52) -> 0 | GV53: =SUM(GV51:GZ52) -> 0 | HA53: =SUM(HA51:HB52) -> 0 | HC53: =SUM(HC51:HD52) -> 0 | HE53: =SUM(HE51:HE52) -> 0 | HF53: =SUM(HF51:HF52) -> 0 | HG53: =SUM(HG51:HG52) -> 0 | HJ53: مجمع الغير سعوديين | HL53: =SUM(HL51:HM52) -> #VALUE! | HN53: =SUM(HN51:HR52) -> 214 | HS53: =SUM(HS51:HT52) -> 379 | HU53: =SUM(HU51:HV52) -> 370 | HW53: =SUM(HW51:HW52) -> 270 | HX53: =SUM(HX51:HX52) -> 0 | HY53: =SUM(HY51:HY52) -> #VALUE!
B54: المجموع الكلي | D54: =SUM(D50+D53) -> 435 | F54: =SUM(F50+F53) -> 2436 | K54: =SUM(K50+K53) -> 316 | M54: =SUM(M50+M53) -> 159 | O54: =SUM(O50+O53) -> 167 | P54: =SUM(P50+P53) -> 0 | Q54: =SUM(Q50+Q53) -> 2407 | T54: المجموع الكلي | V54: =SUM(V50+V53) -> 616 | X54: =SUM(X50+X53) -> 2913 | AC54: =SUM(AC50+AC53) -> 325 | AE54: =SUM(AE50+AE53) -> 139 | AG54: =SUM(AG50+AG53) -> 139 | AH54: =SUM(AH50+AH53) -> 0 | AI54: =SUM(AI50+AI53) -> 2762 | AL54: المجموع الكلي | AN54: =SUM(AN50+AN53) -> 622 | AP54: =SUM(AP50+AP53) -> 2804 | AU54: =SUM(AU50+AU53) -> 337 | AW54: =SUM(AW50+AW53) -> 162 | AY54: =SUM(AY50+AY53) -> 167 | AZ54: =SUM(AZ50+AZ53) -> 0 | BA54: =SUM(BA50+BA53) -> 2775 | BD54: المجموع الكلي | BF54: 0 | BH54: 0 | BM54: 0 | BO54: 0 | BQ54: 137 | BR54: 0 | BS54: =SUM(BS50+BS53) -> 1952 | BV54: المجموع الكلي | BX54: =SUM(BX50+BX53) -> 360 | BZ54: =SUM(BZ50+BZ53) -> 2103 | CE54: =SUM(CE50+CE53) -> 301 | CG54: =SUM(CG50+CG53) -> 127 | CI54: =SUM(CI50+CI53) -> 130 | CJ54: =SUM(CJ50+CJ53) -> 0 | CK54: =SUM(CK50+CK53) -> 2100 | CN54: المجموع الكلي | CP54: 0 | CR54: 986 | CW54: 54 | CY54: 4 | DA54: 14 | DB54: 0 | DC54: =SUM(DC50+DC53) -> 1503 | DF54: المجموع الكلي | DH54: 620 | DJ54: 2950 | DO54: 331 | DQ54: 167 | DS54: 167 | DT54: 0 | DU54: 2775 | DX54: المجموع الكلي | DZ54: =SUM(DZ50+DZ53) -> 238 | EB54: =SUM(EB50+EB53) -> 526 | EG54: =SUM(EG50+EG53) -> 437 | EI54: =SUM(EI50+EI53) -> 288 | EK54: =SUM(EK50+EK53) -> 14 | EL54: =SUM(EL50+EL53) -> 0 | EM54: =SUM(EM50+EM53) -> 1503 | EP54: المجموع الكلي | ER54: =SUM(ER50+ER53) -> 37 | ET54: =SUM(ET50+ET53) -> 1097 | EY54: =SUM(EY50+EY53) -> 467 | FA54: =SUM(FA50+FA53) -> 192 | FC54: =SUM(FC50+FC53) -> 137 | FD54: =SUM(FD50+FD53) -> 0 | FE54: =SUM(FE50+FE53) -> 1615 | FH54: المجموع الكلي | FJ54: 378 | FL54: 2475 | FQ54: 315 | FS54: 167 | FU54: 167 | FV54: 0 | FW54: 2304 | FZ54: المجموع الكلي | GB54: =SUM(GB50+GB53) -> 0 | GD54: =SUM(GD50+GD53) -> 0 | GI54: =SUM(GI50+GI53) -> 0 | GK54: =SUM(GK50+GK53) -> 0 | GM54: =SUM(GM50+GM53) -> 0 | GN54: =SUM(GN50+GN53) -> 0 | GO54: =SUM(GO50+GO53) -> 0 | GR54: المجموع الكلي | GT54: =SUM(GT50+GT53) -> 0 | GV54: =SUM(GV50+GV53) -> 0 | HA54: =SUM(HA50+HA53) -> 0 | HC54: =SUM(HC50+HC53) -> 0 | HE54: =SUM(HE50+HE53) -> 0 | HF54: =SUM(HF50+HF53) -> 0 | HG54: =SUM(HG50+HG53) -> 0 | HJ54: المجموع الكلي | HL54: =SUM(HL50+HL53) -> #VALUE! | HN54: =SUM(HN50+HN53) -> 7015 | HS54: =SUM(HS50+HS53) -> 6664 | HU54: =SUM(HU50+HU53) -> 3180 | HW54: =SUM(HW50+HW53) -> 1239 | HX54: =SUM(HX50+HX53) -> 0 | HY54: =SUM(HY50+HY53) -> #VALUE!
A55: الواحة | B55: سعودي | C55: ذكر | D55: 600 | E55: 2 | F55: 3 | G55: 0 | H55: 0 | I55: 0 | J55: 10 | K55: 0 | L55: 1105 | M55: 250 | N55: 0 | O55: 5 | P55: 0 | Q55: =SUM(D55:P55) -> 1975 | S55: الواحة | T55: سعودي | U55: ذكر | V55: 0 | W55: 0 | X55: 0 | Y55: 29 | Z55: 0 | AA55: 0 | AB55: 0 | AC55: 241 | AD55: 570 | AE55: 49 | AF55: 0 | AG55: 18 | AH55: 0 | AI55: =SUM(V55:AH55) -> 907 | AK55: الواحة | AL55: سعودي | AM55: ذكر | AN55: 110 | AO55: 2 | AP55: 0 | AQ55: 2 | AR55: 8 | AS55: 0 | AT55: 433 | AU55: 15 | AV55: 160 | AW55: 15 | AX55: 0 | AY55: 20 | AZ55: 0 | BA55: =SUM(AN55:AZ55) -> 765 | BC55: الواحة | BD55: سعودي | BE55: ذكر | BF55: 344 | BG55: 0 | BH55: 0 | BI55: 30 | BJ55: 233 | BK55: 0 | BL55: 344 | BM55: 344 | BN55: 810 | BO55: 38 | BP55: 0 | BQ55: 20 | BR55: 0 | BS55: =SUM(BF55:BR55) -> 2163 | BU55: الواحة | BV55: سعودي | BW55: ذكر | BX55: 330 | BY55: 0 | BZ55: 0 | CA55: 0 | CB55: 0 | CC55: 0 | CD55: 0 | CE55: 330 | CF55: 451 | CG55: 24 | CH55: 0 | CI55: 18 | CJ55: 0 | CK55: =SUM(BX55:CJ55) -> 1153 | CM55: الواحة | CN55: سعودي | CO55: ذكر | CP55: 119 | CQ55: 6 | CR55: 0 | CS55: 139 | CT55: 0 | CU55: 0 | CV55: 123 | CW55: 187 | CX55: 59 | CY55: 123 | CZ55: 0 | DA55: 48 | DB55: 0 | DC55: =SUM(CP55:DB55) -> 804 | DE55: الواحة | DF55: سعودي | DG55: ذكر | DH55: 251 | DI55: 0 | DJ55: 0 | DK55: 13 | DL55: 0 | DM55: 0 | DN55: 0 | DO55: 251 | DP55: 585 | DQ55: 58 | DR55: 0 | DS55: 14 | DT55: 0 | DU55: 1172 | DW55: الواحة | DX55: سعودي | DY55: ذكر | DZ55: 119 | EA55: 6 | EB55: 0 | EC55: 139 | ED55: 0 | EE55: 0 | EF55: 123 | EG55: 187 | EH55: 59 | EI55: 123 | EJ55: 0 | EK55: 48 | EL55: 0 | EM55: =SUM(DZ55:EL55) -> 804 | EO55: الواحة | EP55: سعودي | EQ55: ذكر | ER55: 90 | ES55: 6 | ET55: 12 | EU55: 8 | EV55: 10 | EW55: 0 | EX55: 130 | EY55: 260 | EZ55: 306 | FA55: 55 | FB55: 0 | FC55: 12 | FD55: 0 | FE55: =SUM(ER55:FD55) -> 889 | FG55: الواحة | FH55: سعودي | FI55: ذكر | FJ55: 344 | FK55: 0 | FL55: 0 | FM55: 30 | FN55: 0 | FO55: 0 | FP55: 577 | FQ55: 344 | FR55: 810 | FS55: 38 | FT55: 0 | FU55: 20 | FV55: 0 | FW55: 2163 | FY55: الواحة | FZ55: سعودي | GA55: ذكر | GB55: 0 | GC55: 0 | GD55: 0 | GE55: 0 | GF55: 0 | GG55: 0 | GH55: 0 | GI55: 0 | GJ55: 0 | GK55: 0 | GL55: 0 | GM55: 0 | GN55: 0 | GO55: =SUM(GB55:GN55) -> 0 | GQ55: الواحة | GR55: سعودي | GS55: ذكر | GT55: 0 | GU55: 0 | GV55: 0 | GW55: 0 | GX55: 0 | GY55: 0 | GZ55: 0 | HA55: 0 | HB55: 0 | HC55: 0 | HD55: 0 | HE55: 0 | HF55: 0 | HG55: =SUM(GT55:HF55) -> 0 | HI55: =GQ55 -> الواحة | HJ55: سعودي | HK55: ذكر | HL55: =SUM(D55+V55+AN55+BF55+BX55+CP55+DH55+DZ55+ER55+FJ55+GB55+GT55) -> 2307 | HM55: =SUM(E55+W55+AO55+BG55+BY55+CQ55+DI55+EA55+ES55+FK55+GC55+GU55) -> 22 | HN55: =SUM(F55+X55+AP55+BH55+BZ55+CR55+DJ55+EB55+ET55+FL55+GD55+GV55) -> 15 | HO55: =SUM(G55+Y55+AQ55+BI55+CA55+CS55+DK55+EC55+EU55+FM55+GE55+GW55) -> 390 | HP55: =SUM(H55+Z55+AR55+BJ55+CB55+CT55+DL55+ED55+EV55+FN55+GF55+GX55) -> 251 | HQ55: =SUM(I55+AA55+AS55+BK55+CC55+CU55+DM55+EE55+EW55+FO55+GG55+GY55) -> 0 | HR55: =SUM(J55+AB55+AT55+BL55+CD55+CV55+DN55+EF55+EX55+FP55+GH55+GZ55) -> 1740 | HS55: =SUM(K55+AC55+AU55+BM55+CE55+CW55+DO55+EG55+EY55+FQ55+GI55+HA55) -> 2159 | ... HX55: =SUM(P55+AH55+AZ55+BR55+CJ55+DB55+DT55+EL55+FD55+FV55+GN55+HF55) -> 0 | HY55: =SUM(HL55:HX55) -> 12795
C56: أنثى | D56: 920 | E56: 6 | F56: 32 | G56: 30 | H56: 0 | I56: 0 | J56: 40 | K56: 0 | L56: 2215 | M56: 370 | N56: 80 | O56: 15 | P56: 0 | Q56: =SUM(D56:P56) -> 3708 | U56: أنثى | V56: 0 | W56: 0 | X56: 0 | Y56: 25 | Z56: 0 | AA56: 0 | AB56: 0 | AC56: 281 | AD56: 656 | AE56: 68 | AF56: 38 | AG56: 15 | AH56: 0 | AI56: =SUM(V56:AH56) -> 1083 | AM56: أنثى | AN56: 321 | AO56: 5 | AP56: 0 | AQ56: 14 | AR56: 20 | AS56: 10 | AT56: 913 | AU56: 28 | AV56: 194 | AW56: 63 | AX56: 8 | AY56: 15 | AZ56: 0 | BA56: =SUM(AN56:AZ56) -> 1591 | BE56: أنثى | BF56: 486 | BG56: 0 | BH56: 0 | BI56: 37 | BJ56: 383 | BK56: 0 | BL56: 476 | BM56: 486 | BN56: 1139 | BO56: 52 | BP56: 65 | BQ56: 20 | BR56: 0 | BS56: =SUM(BF56:BR56) -> 3144 | BW56: أنثى | BX56: 458 | BY56: 0 | BZ56: 0 | CA56: 0 | CB56: 0 | CC56: 63 | CD56: 0 | CE56: 458 | CF56: 687 | CG56: 34 | CH56: 63 | CI56: 17 | CJ56: 0 | CK56: =SUM(BX56:CJ56) -> 1780 | CO56: أنثى | CP56: 156 | CQ56: 8 | CR56: 22 | CS56: 135 | CT56: 0 | CU56: 0 | CV56: 245 | CW56: 206 | CX56: 103 | CY56: 118 | CZ56: 49 | DA56: 39 | DB56: 0 | DC56: =SUM(CP56:DB56) -> 1081 | DG56: أنثى | DH56: 467 | DI56: 0 | DJ56: 0 | DK56: 25 | DL56: 0 | DM56: 0 | DN56: 0 | DO56: 487 | DP56: 954 | DQ56: 96 | DR56: 87 | DS56: 26 | DT56: 0 | DU56: 2142 | DY56: أنثى | DZ56: 156 | EA56: 8 | EB56: 22 | EC56: 135 | ED56: 0 | EE56: 0 | EF56: 245 | EG56: 206 | EH56: 103 | EI56: 118 | EJ56: 49 | EK56: 39 | EL56: 0 | EM56: =SUM(DZ56:EL56) -> 1081 | EQ56: أنثى | ER56: 105 | ES56: 10 | ET56: 120 | EU56: 120 | EV56: 120 | EW56: 0 | EX56: 180 | EY56: 320 | EZ56: 320 | FA56: 80 | FB56: 22 | FC56: 19 | FD56: 0 | FE56: =SUM(ER56:FD56) -> 1416 | FI56: أنثى | FJ56: 485 | FK56: 0 | FL56: 0 | FM56: 37 | FN56: 0 | FO56: 0 | FP56: 859 | FQ56: 846 | FR56: 1139 | FS56: 52 | FT56: 5 | FU56: 20 | FV56: 0 | FW56: 3443 | GA56: أنثى | GB56: 0 | GC56: 0 | GD56: 0 | GE56: 0 | GF56: 0 | GG56: 0 | GH56: 0 | GI56: 0 | GJ56: 0 | GK56: 0 | GL56: 0 | GM56: 0 | GN56: 0 | GO56: =SUM(GB56:GN56) -> 0 | GS56: أنثى | GT56: 0 | GU56: 0 | GV56: 0 | GW56: 0 | GX56: 0 | GY56: 0 | GZ56: 0 | HA56: 0 | HB56: 0 | HC56: 0 | HD56: 0 | HE56: 0 | HF56: 0 | HG56: =SUM(GT56:HF56) -> 0 | HK56: أنثى | HL56: =SUM(D56+V56+AN56+BF56+BX56+CP56+DH56+DZ56+ER56+FJ56+GB56+GT56) -> 3554 | HM56: =SUM(E56+W56+AO56+BG56+BY56+CQ56+DI56+EA56+ES56+FK56+GC56+GU56) -> 37 | HN56: =SUM(F56+X56+AP56+BH56+BZ56+CR56+DJ56+EB56+ET56+FL56+GD56+GV56) -> 196 | HO56: =SUM(G56+Y56+AQ56+BI56+CA56+CS56+DK56+EC56+EU56+FM56+GE56+GW56) -> 558 | HP56: =SUM(H56+Z56+AR56+BJ56+CB56+CT56+DL56+ED56+EV56+FN56+GF56+GX56) -> 523 | HQ56: =SUM(I56+AA56+AS56+BK56+CC56+CU56+DM56+EE56+EW56+FO56+GG56+GY56) -> 73 | HR56: =SUM(J56+AB56+AT56+BL56+CD56+CV56+DN56+EF56+EX56+FP56+GH56+GZ56) -> 2958 | HS56: =SUM(K56+AC56+AU56+BM56+CE56+CW56+DO56+EG56+EY56+FQ56+GI56+HA56) -> 3318 | ... HX56: =SUM(P56+AH56+AZ56+BR56+CJ56+DB56+DT56+EL56+FD56+FV56+GN56+HF56) -> 0 | HY56: =SUM(HL56:HX56) -> 20469
B57: مجموع السعوديين | D57: 1528 | F57: 115 | K57: 3320 | M57: 700 | O57: 20 | P57: 0 | Q57: =SUM(Q55:Q56) -> 5683 | T57: مجموع السعوديين | V57: 656 | X57: 54 | AC57: 1748 | AE57: 155 | AG57: 33 | AH57: 0 | AI57: =SUM(AI55:AI56) -> 1990 | AL57: مجموع السعوديين | AN57: 438 | AP57: 1400 | AU57: 397 | AW57: 86 | AY57: 35 | AZ57: 0 | BA57: =SUM(BA55:BA56) -> 2356 | BD57: مجموع السعوديين | BF57: 830 | BH57: 1503 | BM57: 2779 | BO57: 155 | BQ57: 40 | BR57: 0 | BS57: =SUM(BS55:BS56) -> 5307 | BV57: مجموع السعوديين | BX57: 788 | BZ57: 63 | CE57: 1926 | CG57: 121 | CI57: 35 | CJ57: 0 | CK57: =SUM(CK55:CK56) -> 2933 | CN57: مجموع السعوديين | CP57: 296 | CR57: 2021 | CW57: 290 | CY57: 87 | DA57: 87 | DB57: 0 | DC57: =SUM(DC55:DC56) -> 1885 | DF57: مجموع السعوديين | DH57: 718 | DJ57: 38 | DO57: 2277 | DQ57: 241 | DS57: 40 | DT57: 0 | DU57: 3314 | DX57: مجموع السعوديين | DZ57: =SUM(DZ55:EA56) -> 289 | EB57: =SUM(EB55:EF56) -> 664 | EG57: =SUM(EG55:EH56) -> 555 | EI57: =SUM(EI55:EJ56) -> 290 | EK57: =SUM(EK55:EK56) -> 87 | EL57: =SUM(EL55:EL56) -> 0 | EM57: =SUM(EM55:EM56) -> 1885 | EP57: مجموع السعوديين | ER57: =SUM(ER55:ES56) -> 211 | ET57: =SUM(ET55:EX56) -> 700 | EY57: =SUM(EY55:EZ56) -> 1206 | FA57: =SUM(FA55:FB56) -> 157 | FC57: =SUM(FC55:FC56) -> 31 | FD57: =SUM(FD55:FD56) -> 0 | FE57: =SUM(FE55:FE56) -> 2305 | FH57: مجموع السعوديين | FJ57: 829 | FL57: 1503 | FQ57: 3139 | FS57: 95 | FU57: 40 | FV57: 0 | FW57: 5606 | FZ57: مجموع السعوديين | GB57: =SUM(GB55:GC56) -> 0 | GD57: =SUM(GD55:GH56) -> 0 | GI57: =SUM(GI55:GJ56) -> 0 | GK57: =SUM(GK55:GL56) -> 0 | GM57: =SUM(GM55:GM56) -> 0 | GN57: =SUM(GN55:GN56) -> 0 | GO57: =SUM(GO55:GO56) -> 0 | GR57: مجموع السعوديين | GT57: =SUM(GT55:GU56) -> 0 | GV57: =SUM(GV55:GZ56) -> 0 | HA57: =SUM(HA55:HB56) -> 0 | HC57: =SUM(HC55:HD56) -> 0 | HE57: =SUM(HE55:HE56) -> 0 | HF57: =SUM(HF55:HF56) -> 0 | HG57: =SUM(HG55:HG56) -> 0 | HJ57: مجموع السعوديين | HL57: =SUM(HL55:HM56) -> 5920 | HN57: =SUM(HN55:HR56) -> 6704 | HS57: =SUM(HS55:HT56) -> 17902 | HU57: =SUM(HU55:HV56) -> 2290 | HW57: =SUM(HW55:HW56) -> 448 | HX57: =SUM(HX55:HX56) -> 0 | HY57: =SUM(HY55:HY56) -> 33264
B58: غير سعودي | C58: ذكر | D58: 105 | E58: 1 | F58: 2 | G58: 0 | H58: 0 | I58: 0 | J58: 2 | K58: 0 | L58: 225 | M58: 95 | N58: 0 | O58: 2 | P58: 0 | Q58: =SUM(D58:P58) -> 432 | T58: غير سعودي | U58: ذكر | V58: 0 | W58: 0 | X58: 0 | Y58: 0 | Z58: 0 | AA58: 0 | AB58: 0 | AC58: 25 | AD58: 52 | AE58: 22 | AF58: 0 | AG58: 6 | AH58: 0 | AI58: =SUM(V58:AH58) -> 105 | AL58: غير سعودي | AM58: ذكر | AN58: 22 | AO58: 1 | AP58: 0 | AQ58: 1 | AR58: 3 | AS58: 0 | AT58: 15 | AU58: 3 | AV58: 20 | AW58: 4 | AX58: 0 | AY58: 0 | AZ58: 0 | BA58: =SUM(AN58:AZ58) -> 69 | BD58: غير سعودي | BE58: ذكر | BF58: 29 | BG58: 0 | BH58: 0 | BI58: 3 | BJ58: 64 | BK58: 0 | BL58: 29 | BM58: 33 | BN58: 71 | BO58: 10 | BP58: 0 | BQ58: 6 | BR58: 0 | BS58: =SUM(BF58:BR58) -> 245 | BV58: غير سعودي | BW58: ذكر | BX58: 36 | BY58: 0 | BZ58: 0 | CA58: 0 | CB58: 0 | CC58: 0 | CD58: 0 | CE58: 37 | CF58: 39 | CG58: 9 | CH58: 0 | CI58: 2 | CJ58: 0 | CK58: =SUM(BX58:CJ58) -> 123 | CN58: غير سعودي | CO58: ذكر | CP58: 33 | CQ58: 0 | CR58: 0 | CS58: 0 | CT58: 0 | CU58: 0 | CV58: 15 | CW58: 21 | CX58: 11 | CY58: 20 | CZ58: 0 | DA58: 23 | DB58: 0 | DC58: =SUM(CP58:DB58) -> 123 | DF58: غير سعودي | DG58: ذكر | DH58: 37 | DI58: 0 | DJ58: 0 | DK58: 0 | DL58: 0 | DM58: 0 | DN58: 0 | DO58: 37 | DP58: 65 | DQ58: 23 | DR58: 0 | DS58: 0 | DT58: 0 | DU58: 162 | DX58: غير سعودي | DY58: ذكر | DZ58: 33 | EA58: 0 | EB58: 0 | EC58: 0 | ED58: 0 | EE58: 0 | EF58: 15 | EG58: 21 | EH58: 11 | EI58: 20 | EJ58: 0 | EK58: 23 | EL58: 0 | EM58: =SUM(DZ58:EL58) -> 123 | EP58: غير سعودي | EQ58: ذكر | ER58: 20 | ES58: 2 | ET58: 4 | EU58: 2 | EV58: 6 | EW58: 0 | EX58: 32 | EY58: 110 | EZ58: 260 | FA58: 18 | FB58: 0 | FC58: 6 | FD58: 0 | FE58: =SUM(ER58:FD58) -> 460 | FH58: غير سعودي | FI58: ذكر | FJ58: 29 | FK58: 0 | FL58: 0 | FM58: 3 | FN58: 0 | FO58: 0 | FP58: 33 | FQ58: 33 | FR58: 71 | FS58: 10 | FT58: 0 | FU58: 0 | FV58: 0 | FW58: 179 | FZ58: غير سعودي | GA58: ذكر | GB58: 0 | GC58: 0 | GD58: 0 | GE58: 0 | GF58: 0 | GG58: 0 | GH58: 0 | GI58: 0 | GJ58: 0 | GK58: 0 | GL58: 0 | GM58: 0 | GN58: 0 | GO58: =SUM(GB58:GN58) -> 0 | GR58: غير سعودي | GS58: ذكر | GT58: 0 | GU58: 0 | GV58: 0 | GW58: 0 | GX58: 0 | GY58: 0 | GZ58: 0 | HA58: 0 | HB58: 0 | HC58: 0 | HD58: 0 | HE58: 0 | HF58: 0 | HG58: =SUM(GT58:HF58) -> 0 | HJ58: غير سعودي | HK58: ذكر | HL58: =SUM(D58+V58+AN58+BF58+BX58+CP58+DH58+DZ58+ER58+FJ58+GB58+GT58) -> 344 | HM58: =SUM(E58+W58+AO58+BG58+BY58+CQ58+DI58+EA58+ES58+FK58+GC58+GU58) -> 4 | HN58: =SUM(F58+X58+AP58+BH58+BZ58+CR58+DJ58+EB58+ET58+FL58+GD58+GV58) -> 6 | HO58: =SUM(G58+Y58+AQ58+BI58+CA58+CS58+DK58+EC58+EU58+FM58+GE58+GW58) -> 9 | HP58: =SUM(H58+Z58+AR58+BJ58+CB58+CT58+DL58+ED58+EV58+FN58+GF58+GX58) -> 73 | HQ58: =SUM(I58+AA58+AS58+BK58+CC58+CU58+DM58+EE58+EW58+FO58+GG58+GY58) -> 0 | HR58: =SUM(J58+AB58+AT58+BL58+CD58+CV58+DN58+EF58+EX58+FP58+GH58+GZ58) -> 141 | HS58: =SUM(K58+AC58+AU58+BM58+CE58+CW58+DO58+EG58+EY58+FQ58+GI58+HA58) -> 320 | ... HX58: =SUM(P58+AH58+AZ58+BR58+CJ58+DB58+DT58+EL58+FD58+FV58+GN58+HF58) -> 0 | HY58: =SUM(HL58:HX58) -> 2021
C59: أنثى | D59: 303 | E59: 1 | F59: 3 | G59: 30 | H59: 0 | I59: 0 | J59: 5 | K59: 0 | L59: 350 | M59: 201 | N59: 3 | O59: 3 | P59: 0 | Q59: =SUM(D59:P59) -> 899 | U59: أنثى | V59: 0 | W59: 0 | X59: 0 | Y59: 0 | Z59: 0 | AA59: 0 | AB59: 0 | AC59: 21 | AD59: 39 | AE59: 17 | AF59: 1 | AG59: 2 | AH59: 0 | AI59: =SUM(V59:AH59) -> 80 | AM59: أنثى | AN59: 38 | AO59: 2 | AP59: 0 | AQ59: 2 | AR59: 7 | AS59: 0 | AT59: 45 | AU59: 6 | AV59: 40 | AW59: 6 | AX59: 2 | AY59: 0 | AZ59: 0 | BA59: =SUM(AN59:AZ59) -> 148 | BE59: أنثى | BF59: 36 | BG59: 0 | BH59: 0 | BI59: 9 | BJ59: 145 | BK59: 0 | BL59: 37 | BM59: 40 | BN59: 87 | BO59: 18 | BP59: 2 | BQ59: 3 | BR59: 0 | BS59: =SUM(BF59:BR59) -> 377 | BW59: أنثى | BX59: 44 | BY59: 0 | BZ59: 0 | CA59: 0 | CB59: 0 | CC59: 0 | CD59: 0 | CE59: 46 | CF59: 33 | CG59: 8 | CH59: 0 | CI59: 4 | CJ59: 0 | CK59: =SUM(BX59:CJ59) -> 135 | CO59: أنثى | CP59: 25 | CQ59: 0 | CR59: 7 | CS59: 19 | CT59: 0 | CU59: 0 | CV59: 22 | CW59: 23 | CX59: 13 | CY59: 43 | CZ59: 6 | DA59: 27 | DB59: 0 | DC59: =SUM(CP59:DB59) -> 185 | DG59: أنثى | DH59: 43 | DI59: 0 | DJ59: 0 | DK59: 0 | DL59: 0 | DM59: 0 | DN59: 0 | DO59: 42 | DP59: 68 | DQ59: 34 | DR59: 0 | DS59: 1 | DT59: 0 | DU59: 188 | DY59: أنثى | DZ59: 25 | EA59: 0 | EB59: 7 | EC59: 19 | ED59: 0 | EE59: 0 | EF59: 22 | EG59: 23 | EH59: 13 | EI59: 43 | EJ59: 6 | EK59: 27 | EL59: 0 | EM59: =SUM(DZ59:EL59) -> 185 | EQ59: أنثى | ER59: 50 | ES59: 4 | ET59: 26 | EU59: 26 | EV59: 26 | EW59: 0 | EX59: 72 | EY59: 180 | EZ59: 380 | FA59: 50 | FB59: 8 | FC59: 8 | FD59: 0 | FE59: =SUM(ER59:FD59) -> 830 | FI59: أنثى | FJ59: 35 | FK59: 0 | FL59: 0 | FM59: 9 | FN59: 0 | FO59: 0 | FP59: 182 | FQ59: 40 | FR59: 87 | FS59: 18 | FT59: 2 | FU59: 3 | FV59: 0 | FW59: 376 | GA59: أنثى | GB59: 0 | GC59: 0 | GD59: 0 | GE59: 0 | GF59: 0 | GG59: 0 | GH59: 0 | GI59: 0 | GJ59: 0 | GK59: 0 | GL59: 0 | GM59: 0 | GN59: 0 | GO59: =SUM(GB59:GN59) -> 0 | GS59: أنثى | GT59: 0 | GU59: 0 | GV59: 0 | GW59: 0 | GX59: 0 | GY59: 0 | GZ59: 0 | HA59: 0 | HB59: 0 | HC59: 0 | HD59: 0 | HE59: 0 | HF59: 0 | HG59: =SUM(GT59:HF59) -> 0 | HK59: أنثى | HL59: =SUM(D59+V59+AN59+BF59+BX59+CP59+DH59+DZ59+ER59+FJ59+GB59+GT59) -> 599 | HM59: =SUM(E59+W59+AO59+BG59+BY59+CQ59+DI59+EA59+ES59+FK59+GC59+GU59) -> 7 | HN59: =SUM(F59+X59+AP59+BH59+BZ59+CR59+DJ59+EB59+ET59+FL59+GD59+GV59) -> 43 | HO59: =SUM(G59+Y59+AQ59+BI59+CA59+CS59+DK59+EC59+EU59+FM59+GE59+GW59) -> 114 | HP59: =SUM(H59+Z59+AR59+BJ59+CB59+CT59+DL59+ED59+EV59+FN59+GF59+GX59) -> 178 | HQ59: =SUM(I59+AA59+AS59+BK59+CC59+CU59+DM59+EE59+EW59+FO59+GG59+GY59) -> 0 | HR59: =SUM(J59+AB59+AT59+BL59+CD59+CV59+DN59+EF59+EX59+FP59+GH59+GZ59) -> 385 | HS59: =SUM(K59+AC59+AU59+BM59+CE59+CW59+DO59+EG59+EY59+FQ59+GI59+HA59) -> 421 | ... HX59: =SUM(P59+AH59+AZ59+BR59+CJ59+DB59+DT59+EL59+FD59+FV59+GN59+HF59) -> 0 | HY59: =SUM(HL59:HX59) -> 3403
B60: مجموع الغير سعوديين | D60: =SUM(D58:E59) -> 410 | F60: =SUM(F58:J59) -> 42 | K60: =SUM(K58:L59) -> 575 | M60: =SUM(M58:N59) -> 299 | O60: =SUM(O58:O59) -> 5 | P60: =SUM(P58:P59) -> 0 | Q60: =SUM(Q58:Q59) -> 1331 | T60: مجموع الغير سعوديين | V60: =SUM(V58:W59) -> 0 | X60: =SUM(X58:AB59) -> 0 | AC60: =SUM(AC58:AD59) -> 137 | AE60: =SUM(AE58:AF59) -> 40 | AG60: =SUM(AG58:AG59) -> 8 | AH60: =SUM(AH58:AH59) -> 0 | AI60: =SUM(AI58:AI59) -> 185 | AL60: مجموع الغير سعوديين | AN60: =SUM(AN58:AO59) -> 63 | AP60: =SUM(AP58:AT59) -> 73 | AU60: =SUM(AU58:AV59) -> 69 | AW60: =SUM(AW58:AX59) -> 12 | AY60: =SUM(AY58:AY59) -> 0 | AZ60: =SUM(AZ58:AZ59) -> 0 | BA60: =SUM(BA58:BA59) -> 217 | BD60: مجموع الغير سعوديين | BF60: 65 | BH60: 287 | BM60: 231 | BO60: 30 | BQ60: 9 | BR60: 0 | BS60: =SUM(BS58:BS59) -> 622 | BV60: مجموع الغير سعوديين | BX60: =SUM(BX58:BY59) -> 80 | BZ60: =SUM(BZ58:CD59) -> 0 | CE60: =SUM(CE58:CF59) -> 155 | CG60: =SUM(CG58:CH59) -> 17 | CI60: =SUM(CI58:CI59) -> 6 | CJ60: =SUM(CJ58:CJ59) -> 0 | CK60: =SUM(CK58:CK59) -> 258 | CN60: مجموع الغير سعوديين | CP60: 26 | CR60: 364 | CW60: 69 | CY60: 50 | DA60: 50 | DB60: 0 | DC60: =SUM(DC58:DC59) -> 308 | DF60: مجموع الغير سعوديين | DH60: 80 | DJ60: 0 | DO60: 212 | DQ60: 57 | DS60: 1 | DT60: 0 | DU60: 350 | DX60: مجموع الغير سعوديين | DZ60: =SUM(DZ58:EA59) -> 58 | EB60: =SUM(EB58:EF59) -> 63 | EG60: =SUM(EG58:EH59) -> 68 | EI60: =SUM(EI58:EJ59) -> 69 | EK60: =SUM(EK58:EK59) -> 50 | EL60: =SUM(EL58:EL59) -> 0 | EM60: =SUM(EM58:EM59) -> 308 | EP60: مجموع الغير سعوديين | ER60: =SUM(ER58:ES59) -> 76 | ET60: =SUM(ET58:EX59) -> 194 | EY60: =SUM(EY58:EZ59) -> 930 | FA60: =SUM(FA58:FB59) -> 76 | FC60: =SUM(FC58:FC59) -> 14 | FD60: =SUM(FD58:FD59) -> 0 | FE60: =SUM(FE58:FE59) -> 1290 | FH60: مجموع الغير سعوديين | FJ60: 64 | FL60: 227 | FQ60: 231 | FS60: 30 | FU60: 3 | FV60: 0 | FW60: 555 | FZ60: مجموع الغير سعوديين | GB60: =SUM(GB58:GC59) -> 0 | GD60: =SUM(GD58:GH59) -> 0 | GI60: =SUM(GI58:GJ59) -> 0 | GK60: =SUM(GK58:GL59) -> 0 | GM60: =SUM(GM58:GM59) -> 0 | GN60: =SUM(GN58:GN59) -> 0 | GO60: =SUM(GO58:GO59) -> 0 | GR60: مجموع الغير سعوديين | GT60: =SUM(GT58:GU59) -> 0 | GV60: =SUM(GV58:GZ59) -> 0 | HA60: =SUM(HA58:HB59) -> 0 | HC60: =SUM(HC58:HD59) -> 0 | HE60: =SUM(HE58:HE59) -> 0 | HF60: =SUM(HF58:HF59) -> 0 | HG60: =SUM(HG58:HG59) -> 0 | HJ60: مجمع الغير سعوديين | HL60: =SUM(HL58:HM59) -> 954 | HN60: =SUM(HN58:HR59) -> 949 | HS60: =SUM(HS58:HT59) -> 2676 | HU60: =SUM(HU58:HV59) -> 699 | HW60: =SUM(HW58:HW59) -> 146 | HX60: =SUM(HX58:HX59) -> 0 | HY60: =SUM(HY58:HY59) -> 5424
B61: المجموع الكلي | D61: =SUM(D57+D60) -> 1938 | F61: =SUM(F57+F60) -> 157 | K61: =SUM(K57+K60) -> 3895 | M61: =SUM(M57+M60) -> 999 | O61: =SUM(O57+O60) -> 25 | P61: =SUM(P57+P60) -> 0 | Q61: =SUM(Q57+Q60) -> 7014 | T61: المجموع الكلي | V61: =SUM(V57+V60) -> 656 | X61: =SUM(X57+X60) -> 54 | AC61: =SUM(AC57+AC60) -> 1885 | AE61: =SUM(AE57+AE60) -> 195 | AG61: =SUM(AG57+AG60) -> 41 | AH61: =SUM(AH57+AH60) -> 0 | AI61: =SUM(AI57+AI60) -> 2175 | AL61: المجموع الكلي | AN61: =SUM(AN57+AN60) -> 501 | AP61: =SUM(AP57+AP60) -> 1473 | AU61: =SUM(AU57+AU60) -> 466 | AW61: =SUM(AW57+AW60) -> 98 | AY61: =SUM(AY57+AY60) -> 35 | AZ61: =SUM(AZ57+AZ60) -> 0 | BA61: =SUM(BA57+BA60) -> 2573 | BD61: المجموع الكلي | BF61: 895 | BH61: 1790 | BM61: 3010 | BO61: 185 | BQ61: 49 | BR61: 0 | BS61: =SUM(BS57+BS60) -> 5929 | BV61: المجموع الكلي | BX61: =SUM(BX57+BX60) -> 868 | BZ61: =SUM(BZ57+BZ60) -> 63 | CE61: =SUM(CE57+CE60) -> 2081 | CG61: =SUM(CG57+CG60) -> 138 | CI61: =SUM(CI57+CI60) -> 41 | CJ61: =SUM(CJ57+CJ60) -> 0 | CK61: =SUM(CK57+CK60) -> 3191 | CN61: المجموع الكلي | CP61: =SUM(CP57+CP60) -> 322 | CR61: =SUM(CR57+CR60) -> 2385 | CW61: =SUM(CW57+CW60) -> 359 | CY61: =SUM(CY57+CY60) -> 137 | DA61: =SUM(DA57+DA60) -> 137 | DB61: =SUM(DB57+DB60) -> 0 | DC61: =SUM(DC57+DC60) -> 2193 | DF61: المجموع الكلي | DH61: 798 | DJ61: 38 | DO61: 2489 | DQ61: 298 | DS61: 41 | DT61: 0 | DU61: 3664 | DX61: المجموع الكلي | DZ61: =SUM(DZ57+DZ60) -> 347 | EB61: =SUM(EB57+EB60) -> 727 | EG61: =SUM(EG57+EG60) -> 623 | EI61: =SUM(EI57+EI60) -> 359 | EK61: =SUM(EK57+EK60) -> 137 | EL61: =SUM(EL57+EL60) -> 0 | EM61: =SUM(EM57+EM60) -> 2193 | EP61: المجموع الكلي | ER61: =SUM(ER57+ER60) -> 287 | ET61: =SUM(ET57+ET60) -> 894 | EY61: =SUM(EY57+EY60) -> 2136 | FA61: =SUM(FA57+FA60) -> 233 | FC61: =SUM(FC57+FC60) -> 45 | FD61: =SUM(FD57+FD60) -> 0 | FE61: =SUM(FE57+FE60) -> 3595 | FH61: المجموع الكلي | FJ61: 893 | FL61: 1730 | FQ61: 3370 | FS61: 125 | FU61: 43 | FV61: 0 | FW61: 6161 | FZ61: المجموع الكلي | GB61: =SUM(GB57+GB60) -> 0 | GD61: =SUM(GD57+GD60) -> 0 | GI61: =SUM(GI57+GI60) -> 0 | GK61: =SUM(GK57+GK60) -> 0 | GM61: =SUM(GM57+GM60) -> 0 | GN61: =SUM(GN57+GN60) -> 0 | GO61: =SUM(GO57+GO60) -> 0 | GR61: المجموع الكلي | GT61: =SUM(GT57+GT60) -> 0 | GV61: =SUM(GV57+GV60) -> 0 | HA61: =SUM(HA57+HA60) -> 0 | HC61: =SUM(HC57+HC60) -> 0 | HE61: =SUM(HE57+HE60) -> 0 | HF61: =SUM(HF57+HF60) -> 0 | HG61: =SUM(HG57+HG60) -> 0 | HJ61: المجموع الكلي | HL61: =SUM(HL57+HL60) -> 6874 | HN61: =SUM(HN57+HN60) -> 7653 | HS61: =SUM(HS57+HS60) -> 20578 | HU61: =SUM(HU57+HU60) -> 2989 | HW61: =SUM(HW57+HW60) -> 594 | HX61: =SUM(HX57+HX60) -> 0 | HY61: =SUM(HY57+HY60) -> 38688
A62: 0 | B62: سعودي | C62: ذكر | D62: 0 | E62: 0 | F62: 0 | G62: 0 | H62: 0 | I62: 0 | J62: 0 | K62: 0 | L62: 0 | M62: 0 | N62: 0 | O62: 0 | P62: 0 | Q62: =SUM(D62:P62) -> 0 | S62: 0 | T62: سعودي | U62: ذكر | V62: 0 | W62: 0 | X62: 0 | Y62: 0 | Z62: 0 | AA62: 0 | AB62: 0 | AC62: 0 | AD62: 0 | AE62: 0 | AF62: 0 | AG62: 0 | AH62: 0 | AI62: =SUM(V62:AH62) -> 0 | AK62: 0 | AL62: سعودي | AM62: ذكر | AN62: 0 | AO62: 0 | AP62: 0 | AQ62: 0 | AR62: 0 | AS62: 0 | AT62: 0 | AU62: 0 | AV62: 0 | AW62: 0 | AX62: 0 | AY62: 0 | AZ62: 0 | BA62: =SUM(AN62:AZ62) -> 0 | BC62: 0 | BD62: سعودي | BE62: ذكر | BF62: 0 | BG62: 0 | BH62: 0 | BI62: 0 | BJ62: 0 | BK62: 0 | BL62: 0 | BM62: 0 | BN62: 0 | BO62: 0 | BP62: 0 | BQ62: 0 | BR62: 0 | BS62: =SUM(BF62:BR62) -> 0 | BU62: 0 | BV62: سعودي | BW62: ذكر | BX62: 0 | BY62: 0 | BZ62: 0 | CA62: 0 | CB62: 0 | CC62: 0 | CD62: 0 | CE62: 0 | CF62: 0 | CG62: 0 | CH62: 0 | CI62: 0 | CJ62: 0 | CK62: =SUM(BX62:CJ62) -> 0 | CM62: 0 | CN62: سعودي | CO62: ذكر | CP62: 0 | CQ62: 0 | CR62: 0 | CS62: 0 | CT62: 0 | CU62: 0 | CV62: 0 | CW62: 0 | CX62: 0 | CY62: 0 | CZ62: 0 | DA62: 0 | DB62: 0 | DC62: =SUM(CP62:DB62) -> 0 | DE62: 0 | DF62: سعودي | DG62: ذكر | DH62: 0 | DI62: 0 | DJ62: 0 | DK62: 0 | DL62: 0 | DM62: 0 | DN62: 0 | DO62: 0 | DP62: 0 | DQ62: 0 | DR62: 0 | DS62: 0 | DT62: 0 | DU62: 0 | DW62: 0 | DX62: سعودي | DY62: ذكر | DZ62: 0 | EA62: 0 | EB62: 0 | EC62: 0 | ED62: 0 | EE62: 0 | EF62: 0 | EG62: 0 | EH62: 0 | EI62: 0 | EJ62: 0 | EK62: 0 | EL62: 0 | EM62: =SUM(DZ62:EL62) -> 0 | EO62: 0 | EP62: سعودي | EQ62: ذكر | ER62: 0 | ES62: 0 | ET62: 0 | EU62: 0 | EV62: 0 | EW62: 0 | EX62: 0 | EY62: 0 | EZ62: 0 | FA62: 0 | FB62: 0 | FC62: 0 | FD62: 0 | FE62: =SUM(ER62:FD62) -> 0 | FG62: 0 | FH62: سعودي | FI62: ذكر | FJ62: 0 | FK62: 0 | FL62: 0 | FM62: 0 | FN62: 0 | FO62: 0 | FP62: 0 | FQ62: 0 | FR62: 0 | FS62: 0 | FT62: 0 | FU62: 0 | FV62: 0 | FW62: =SUM(FJ62:FV62) -> 0 | FY62: 0 | FZ62: سعودي | GA62: ذكر | GB62: 0 | GC62: 0 | GD62: 0 | GE62: 0 | GF62: 0 | GG62: 0 | GH62: 0 | GI62: 0 | GJ62: 0 | GK62: 0 | GL62: 0 | GM62: 0 | GN62: 0 | GO62: =SUM(GB62:GN62) -> 0 | GQ62: 0 | GR62: سعودي | GS62: ذكر | GT62: 0 | GU62: 0 | GV62: 0 | GW62: 0 | GX62: 0 | GY62: 0 | GZ62: 0 | HA62: 0 | HB62: 0 | HC62: 0 | HD62: 0 | HE62: 0 | HF62: 0 | HG62: =SUM(GT62:HF62) -> 0 | HI62: =GQ62 -> 0 | HJ62: سعودي | HK62: ذكر | HL62: =SUM(D62+V62+AN62+BF62+BX62+CP62+DH62+DZ62+ER62+FJ62+GB62+GT62) -> 0 | HM62: =SUM(E62+W62+AO62+BG62+BY62+CQ62+DI62+EA62+ES62+FK62+GC62+GU62) -> 0 | HN62: =SUM(F62+X62+AP62+BH62+BZ62+CR62+DJ62+EB62+ET62+FL62+GD62+GV62) -> 0 | HO62: =SUM(G62+Y62+AQ62+BI62+CA62+CS62+DK62+EC62+EU62+FM62+GE62+GW62) -> 0 | HP62: =SUM(H62+Z62+AR62+BJ62+CB62+CT62+DL62+ED62+EV62+FN62+GF62+GX62) -> 0 | HQ62: =SUM(I62+AA62+AS62+BK62+CC62+CU62+DM62+EE62+EW62+FO62+GG62+GY62) -> 0 | HR62: =SUM(J62+AB62+AT62+BL62+CD62+CV62+DN62+EF62+EX62+FP62+GH62+GZ62) -> 0 | HS62: =SUM(K62+AC62+AU62+BM62+CE62+CW62+DO62+EG62+EY62+FQ62+GI62+HA62) -> 0 | ... HX62: =SUM(P62+AH62+AZ62+BR62+CJ62+DB62+DT62+EL62+FD62+FV62+GN62+HF62) -> 0 | HY62: =SUM(HL62:HX62) -> 0
C63: أنثى | D63: 0 | E63: 0 | F63: 0 | G63: 0 | H63: 0 | I63: 0 | J63: 0 | K63: 0 | L63: 0 | M63: 0 | N63: 0 | O63: 0 | P63: 0 | Q63: =SUM(D63:P63) -> 0 | U63: أنثى | V63: 0 | W63: 0 | X63: 0 | Y63: 0 | Z63: 0 | AA63: 0 | AB63: 0 | AC63: 0 | AD63: 0 | AE63: 0 | AF63: 0 | AG63: 0 | AH63: 0 | AI63: =SUM(V63:AH63) -> 0 | AM63: أنثى | AN63: 0 | AO63: 0 | AP63: 0 | AQ63: 0 | AR63: 0 | AS63: 0 | AT63: 0 | AU63: 0 | AV63: 0 | AW63: 0 | AX63: 0 | AY63: 0 | AZ63: 0 | BA63: =SUM(AN63:AZ63) -> 0 | BE63: أنثى | BF63: 0 | BG63: 0 | BH63: 0 | BI63: 0 | BJ63: 0 | BK63: 0 | BL63: 0 | BM63: 0 | BN63: 0 | BO63: 0 | BP63: 0 | BQ63: 0 | BR63: 0 | BS63: =SUM(BF63:BR63) -> 0 | BW63: أنثى | BX63: 0 | BY63: 0 | BZ63: 0 | CA63: 0 | CB63: 0 | CC63: 0 | CD63: 0 | CE63: 0 | CF63: 0 | CG63: 0 | CH63: 0 | CI63: 0 | CJ63: 0 | CK63: =SUM(BX63:CJ63) -> 0 | CO63: أنثى | CP63: 0 | CQ63: 0 | CR63: 0 | CS63: 0 | CT63: 0 | CU63: 0 | CV63: 0 | CW63: 0 | CX63: 0 | CY63: 0 | CZ63: 0 | DA63: 0 | DB63: 0 | DC63: =SUM(CP63:DB63) -> 0 | DG63: أنثى | DH63: 0 | DI63: 0 | DJ63: 0 | DK63: 0 | DL63: 0 | DM63: 0 | DN63: 0 | DO63: 0 | DP63: 0 | DQ63: 0 | DR63: 0 | DS63: 0 | DT63: 0 | DU63: 0 | DY63: أنثى | DZ63: 0 | EA63: 0 | EB63: 0 | EC63: 0 | ED63: 0 | EE63: 0 | EF63: 0 | EG63: 0 | EH63: 0 | EI63: 0 | EJ63: 0 | EK63: 0 | EL63: 0 | EM63: =SUM(DZ63:EL63) -> 0 | EQ63: أنثى | ER63: 0 | ES63: 0 | ET63: 0 | EU63: 0 | EV63: 0 | EW63: 0 | EX63: 0 | EY63: 0 | EZ63: 0 | FA63: 0 | FB63: 0 | FC63: 0 | FD63: 0 | FE63: =SUM(ER63:FD63) -> 0 | FI63: أنثى | FJ63: 0 | FK63: 0 | FL63: 0 | FM63: 0 | FN63: 0 | FO63: 0 | FP63: 0 | FQ63: 0 | FR63: 0 | FS63: 0 | FT63: 0 | FU63: 0 | FV63: 0 | FW63: =SUM(FJ63:FV63) -> 0 | GA63: أنثى | GB63: 0 | GC63: 0 | GD63: 0 | GE63: 0 | GF63: 0 | GG63: 0 | GH63: 0 | GI63: 0 | GJ63: 0 | GK63: 0 | GL63: 0 | GM63: 0 | GN63: 0 | GO63: =SUM(GB63:GN63) -> 0 | GS63: أنثى | GT63: 0 | GU63: 0 | GV63: 0 | GW63: 0 | GX63: 0 | GY63: 0 | GZ63: 0 | HA63: 0 | HB63: 0 | HC63: 0 | HD63: 0 | HE63: 0 | HF63: 0 | HG63: =SUM(GT63:HF63) -> 0 | HK63: أنثى | HL63: =SUM(D63+V63+AN63+BF63+BX63+CP63+DH63+DZ63+ER63+FJ63+GB63+GT63) -> 0 | HM63: =SUM(E63+W63+AO63+BG63+BY63+CQ63+DI63+EA63+ES63+FK63+GC63+GU63) -> 0 | HN63: =SUM(F63+X63+AP63+BH63+BZ63+CR63+DJ63+EB63+ET63+FL63+GD63+GV63) -> 0 | HO63: =SUM(G63+Y63+AQ63+BI63+CA63+CS63+DK63+EC63+EU63+FM63+GE63+GW63) -> 0 | HP63: =SUM(H63+Z63+AR63+BJ63+CB63+CT63+DL63+ED63+EV63+FN63+GF63+GX63) -> 0 | HQ63: =SUM(I63+AA63+AS63+BK63+CC63+CU63+DM63+EE63+EW63+FO63+GG63+GY63) -> 0 | HR63: =SUM(J63+AB63+AT63+BL63+CD63+CV63+DN63+EF63+EX63+FP63+GH63+GZ63) -> 0 | HS63: =SUM(K63+AC63+AU63+BM63+CE63+CW63+DO63+EG63+EY63+FQ63+GI63+HA63) -> 0 | ... HX63: =SUM(P63+AH63+AZ63+BR63+CJ63+DB63+DT63+EL63+FD63+FV63+GN63+HF63) -> 0 | HY63: =SUM(HL63:HX63) -> 0
B64: مجموع السعوديين | D64: =SUM(D62:E63) -> 0 | F64: =SUM(F62:J63) -> 0 | K64: =SUM(K62:L63) -> 0 | M64: =SUM(M62:N63) -> 0 | O64: =SUM(O62:O63) -> 0 | P64: =SUM(P62:P63) -> 0 | Q64: =SUM(Q62:Q63) -> 0 | T64: مجموع السعوديين | V64: =SUM(V62:W63) -> 0 | X64: =SUM(X62:AB63) -> 0 | AC64: =SUM(AC62:AD63) -> 0 | AE64: =SUM(AE62:AF63) -> 0 | AG64: =SUM(AG62:AG63) -> 0 | AH64: =SUM(AH62:AH63) -> 0 | AI64: =SUM(AI62:AI63) -> 0 | AL64: مجموع السعوديين | AN64: =SUM(AN62:AO63) -> 0 | AP64: =SUM(AP62:AT63) -> 0 | AU64: =SUM(AU62:AV63) -> 0 | AW64: =SUM(AW62:AX63) -> 0 | AY64: =SUM(AY62:AY63) -> 0 | AZ64: =SUM(AZ62:AZ63) -> 0 | BA64: =SUM(BA62:BA63) -> 0 | BD64: مجموع السعوديين | BF64: =SUM(BF62:BG63) -> 0 | BH64: =SUM(BH62:BL63) -> 0 | BM64: =SUM(BM62:BN63) -> 0 | BO64: =SUM(BO62:BP63) -> 0 | BQ64: =SUM(BQ62:BQ63) -> 0 | BR64: =SUM(BR62:BR63) -> 0 | BS64: =SUM(BS62:BS63) -> 0 | BV64: مجموع السعوديين | BX64: =SUM(BX62:BY63) -> 0 | BZ64: =SUM(BZ62:CD63) -> 0 | CE64: =SUM(CE62:CF63) -> 0 | CG64: =SUM(CG62:CH63) -> 0 | CI64: =SUM(CI62:CI63) -> 0 | CJ64: =SUM(CJ62:CJ63) -> 0 | CK64: =SUM(CK62:CK63) -> 0 | CN64: مجموع السعوديين | CP64: =SUM(CP62:CQ63) -> 0 | CR64: =SUM(CR62:CV63) -> 0 | CW64: =SUM(CW62:CX63) -> 0 | CY64: =SUM(CY62:CZ63) -> 0 | DA64: =SUM(DA62:DA63) -> 0 | DB64: =SUM(DB62:DB63) -> 0 | DC64: =SUM(DC62:DC63) -> 0 | DF64: مجموع السعوديين | DH64: 0 | DJ64: 0 | DO64: 0 | DQ64: 0 | DS64: 0 | DT64: 0 | DU64: 0 | DX64: مجموع السعوديين | DZ64: =SUM(DZ62:EA63) -> 0 | EB64: =SUM(EB62:EF63) -> 0 | EG64: =SUM(EG62:EH63) -> 0 | EI64: =SUM(EI62:EJ63) -> 0 | EK64: =SUM(EK62:EK63) -> 0 | EL64: =SUM(EL62:EL63) -> 0 | EM64: =SUM(EM62:EM63) -> 0 | EP64: مجموع السعوديين | ER64: =SUM(ER62:ES63) -> 0 | ET64: =SUM(ET62:EX63) -> 0 | EY64: =SUM(EY62:EZ63) -> 0 | FA64: =SUM(FA62:FB63) -> 0 | FC64: =SUM(FC62:FC63) -> 0 | FD64: =SUM(FD62:FD63) -> 0 | FE64: =SUM(FE62:FE63) -> 0 | FH64: مجموع السعوديين | FJ64: =SUM(FJ62:FK63) -> 0 | FL64: =SUM(FL62:FP63) -> 0 | FQ64: =SUM(FQ62:FR63) -> 0 | FS64: =SUM(FS62:FT63) -> 0 | FU64: =SUM(FU62:FU63) -> 0 | FV64: =SUM(FV62:FV63) -> 0 | FW64: =SUM(FW62:FW63) -> 0 | FZ64: مجموع السعوديين | GB64: =SUM(GB62:GC63) -> 0 | GD64: =SUM(GD62:GH63) -> 0 | GI64: =SUM(GI62:GJ63) -> 0 | GK64: =SUM(GK62:GL63) -> 0 | GM64: =SUM(GM62:GM63) -> 0 | GN64: =SUM(GN62:GN63) -> 0 | GO64: =SUM(GO62:GO63) -> 0 | GR64: مجموع السعوديين | GT64: =SUM(GT62:GU63) -> 0 | GV64: =SUM(GV62:GZ63) -> 0 | HA64: =SUM(HA62:HB63) -> 0 | HC64: =SUM(HC62:HD63) -> 0 | HE64: =SUM(HE62:HE63) -> 0 | HF64: =SUM(HF62:HF63) -> 0 | HG64: =SUM(HG62:HG63) -> 0 | HJ64: مجموع السعوديين | HL64: =SUM(HL62:HM63) -> 0 | HN64: =SUM(HN62:HR63) -> 0 | HS64: =SUM(HS62:HT63) -> 0 | HU64: =SUM(HU62:HV63) -> 0 | HW64: =SUM(HW62:HW63) -> 0 | HX64: =SUM(HX62:HX63) -> 0 | HY64: =SUM(HY62:HY63) -> 0
B65: غير سعودي | C65: ذكر | D65: 0 | E65: 0 | F65: 0 | G65: 0 | H65: 0 | I65: 0 | J65: 0 | K65: 0 | L65: 0 | M65: 0 | N65: 0 | O65: 0 | P65: 0 | Q65: =SUM(D65:P65) -> 0 | T65: غير سعودي | U65: ذكر | V65: 0 | W65: 0 | X65: 0 | Y65: 0 | Z65: 0 | AA65: 0 | AB65: 0 | AC65: 0 | AD65: 0 | AE65: 0 | AF65: 0 | AG65: 0 | AH65: 0 | AI65: =SUM(V65:AH65) -> 0 | AL65: غير سعودي | AM65: ذكر | AN65: 0 | AO65: 0 | AP65: 0 | AQ65: 0 | AR65: 0 | AS65: 0 | AT65: 0 | AU65: 0 | AV65: 0 | AW65: 0 | AX65: 0 | AY65: 0 | AZ65: 0 | BA65: =SUM(AN65:AZ65) -> 0 | BD65: غير سعودي | BE65: ذكر | BF65: 0 | BG65: 0 | BH65: 0 | BI65: 0 | BJ65: 0 | BK65: 0 | BL65: 0 | BM65: 0 | BN65: 0 | BO65: 0 | BP65: 0 | BQ65: 0 | BR65: 0 | BS65: =SUM(BF65:BR65) -> 0 | BV65: غير سعودي | BW65: ذكر | BX65: 0 | BY65: 0 | BZ65: 0 | CA65: 0 | CB65: 0 | CC65: 0 | CD65: 0 | CE65: 0 | CF65: 0 | CG65: 0 | CH65: 0 | CI65: 0 | CJ65: 0 | CK65: =SUM(BX65:CJ65) -> 0 | CN65: غير سعودي | CO65: ذكر | CP65: 0 | CQ65: 0 | CR65: 0 | CS65: 0 | CT65: 0 | CU65: 0 | CV65: 0 | CW65: 0 | CX65: 0 | CY65: 0 | CZ65: 0 | DA65: 0 | DB65: 0 | DC65: =SUM(CP65:DB65) -> 0 | DF65: غير سعودي | DG65: ذكر | DH65: 0 | DI65: 0 | DJ65: 0 | DK65: 0 | DL65: 0 | DM65: 0 | DN65: 0 | DO65: 0 | DP65: 0 | DQ65: 0 | DR65: 0 | DS65: 0 | DT65: 0 | DU65: 0 | DX65: غير سعودي | DY65: ذكر | DZ65: 0 | EA65: 0 | EB65: 0 | EC65: 0 | ED65: 0 | EE65: 0 | EF65: 0 | EG65: 0 | EH65: 0 | EI65: 0 | EJ65: 0 | EK65: 0 | EL65: 0 | EM65: =SUM(DZ65:EL65) -> 0 | EP65: غير سعودي | EQ65: ذكر | ER65: 0 | ES65: 0 | ET65: 0 | EU65: 0 | EV65: 0 | EW65: 0 | EX65: 0 | EY65: 0 | EZ65: 0 | FA65: 0 | FB65: 0 | FC65: 0 | FD65: 0 | FE65: =SUM(ER65:FD65) -> 0 | FH65: غير سعودي | FI65: ذكر | FJ65: 0 | FK65: 0 | FL65: 0 | FM65: 0 | FN65: 0 | FO65: 0 | FP65: 0 | FQ65: 0 | FR65: 0 | FS65: 0 | FT65: 0 | FU65: 0 | FV65: 0 | FW65: =SUM(FJ65:FV65) -> 0 | FZ65: غير سعودي | GA65: ذكر | GB65: 0 | GC65: 0 | GD65: 0 | GE65: 0 | GF65: 0 | GG65: 0 | GH65: 0 | GI65: 0 | GJ65: 0 | GK65: 0 | GL65: 0 | GM65: 0 | GN65: 0 | GO65: =SUM(GB65:GN65) -> 0 | GR65: غير سعودي | GS65: ذكر | GT65: 0 | GU65: 0 | GV65: 0 | GW65: 0 | GX65: 0 | GY65: 0 | GZ65: 0 | HA65: 0 | HB65: 0 | HC65: 0 | HD65: 0 | HE65: 0 | HF65: 0 | HG65: =SUM(GT65:HF65) -> 0 | HJ65: غير سعودي | HK65: ذكر | HL65: =SUM(D65+V65+AN65+BF65+BX65+CP65+DH65+DZ65+ER65+FJ65+GB65+GT65) -> 0 | HM65: =SUM(E65+W65+AO65+BG65+BY65+CQ65+DI65+EA65+ES65+FK65+GC65+GU65) -> 0 | HN65: =SUM(F65+X65+AP65+BH65+BZ65+CR65+DJ65+EB65+ET65+FL65+GD65+GV65) -> 0 | HO65: =SUM(G65+Y65+AQ65+BI65+CA65+CS65+DK65+EC65+EU65+FM65+GE65+GW65) -> 0 | HP65: =SUM(H65+Z65+AR65+BJ65+CB65+CT65+DL65+ED65+EV65+FN65+GF65+GX65) -> 0 | HQ65: =SUM(I65+AA65+AS65+BK65+CC65+CU65+DM65+EE65+EW65+FO65+GG65+GY65) -> 0 | HR65: =SUM(J65+AB65+AT65+BL65+CD65+CV65+DN65+EF65+EX65+FP65+GH65+GZ65) -> 0 | HS65: =SUM(K65+AC65+AU65+BM65+CE65+CW65+DO65+EG65+EY65+FQ65+GI65+HA65) -> 0 | ... HX65: =SUM(P65+AH65+AZ65+BR65+CJ65+DB65+DT65+EL65+FD65+FV65+GN65+HF65) -> 0 | HY65: =SUM(HL65:HX65) -> 0
C66: أنثى | D66: 0 | E66: 0 | F66: 0 | G66: 0 | H66: 0 | I66: 0 | J66: 0 | K66: 0 | L66: 0 | M66: 0 | N66: 0 | O66: 0 | P66: 0 | Q66: =SUM(D66:P66) -> 0 | U66: أنثى | V66: 0 | W66: 0 | X66: 0 | Y66: 0 | Z66: 0 | AA66: 0 | AB66: 0 | AC66: 0 | AD66: 0 | AE66: 0 | AF66: 0 | AG66: 0 | AH66: 0 | AI66: =SUM(V66:AH66) -> 0 | AM66: أنثى | AN66: 0 | AO66: 0 | AP66: 0 | AQ66: 0 | AR66: 0 | AS66: 0 | AT66: 0 | AU66: 0 | AV66: 0 | AW66: 0 | AX66: 0 | AY66: 0 | AZ66: 0 | BA66: =SUM(AN66:AZ66) -> 0 | BE66: أنثى | BF66: 0 | BG66: 0 | BH66: 0 | BI66: 0 | BJ66: 0 | BK66: 0 | BL66: 0 | BM66: 0 | BN66: 0 | BO66: 0 | BP66: 0 | BQ66: 0 | BR66: 0 | BS66: =SUM(BF66:BR66) -> 0 | BW66: أنثى | BX66: 0 | BY66: 0 | BZ66: 0 | CA66: 0 | CB66: 0 | CC66: 0 | CD66: 0 | CE66: 0 | CF66: 0 | CG66: 0 | CH66: 0 | CI66: 0 | CJ66: 0 | CK66: =SUM(BX66:CJ66) -> 0 | CO66: أنثى | CP66: 0 | CQ66: 0 | CR66: 0 | CS66: 0 | CT66: 0 | CU66: 0 | CV66: 0 | CW66: 0 | CX66: 0 | CY66: 0 | CZ66: 0 | DA66: 0 | DB66: 0 | DC66: =SUM(CP66:DB66) -> 0 | DG66: أنثى | DH66: 0 | DI66: 0 | DJ66: 0 | DK66: 0 | DL66: 0 | DM66: 0 | DN66: 0 | DO66: 0 | DP66: 0 | DQ66: 0 | DR66: 0 | DS66: 0 | DT66: 0 | DU66: =SUM(DH66:DT66) -> 0 | DY66: أنثى | DZ66: 0 | EA66: 0 | EB66: 0 | EC66: 0 | ED66: 0 | EE66: 0 | EF66: 0 | EG66: 0 | EH66: 0 | EI66: 0 | EJ66: 0 | EK66: 0 | EL66: 0 | EM66: =SUM(DZ66:EL66) -> 0 | EQ66: أنثى | ER66: 0 | ES66: 0 | ET66: 0 | EU66: 0 | EV66: 0 | EW66: 0 | EX66: 0 | EY66: 0 | EZ66: 0 | FA66: 0 | FB66: 0 | FC66: 0 | FD66: 0 | FE66: =SUM(ER66:FD66) -> 0 | FI66: أنثى | FJ66: 0 | FK66: 0 | FL66: 0 | FM66: 0 | FN66: 0 | FO66: 0 | FP66: 0 | FQ66: 0 | FR66: 0 | FS66: 0 | FT66: 0 | FU66: 0 | FV66: 0 | FW66: =SUM(FJ66:FV66) -> 0 | GA66: أنثى | GB66: 0 | GC66: 0 | GD66: 0 | GE66: 0 | GF66: 0 | GG66: 0 | GH66: 0 | GI66: 0 | GJ66: 0 | GK66: 0 | GL66: 0 | GM66: 0 | GN66: 0 | GO66: =SUM(GB66:GN66) -> 0 | GS66: أنثى | GT66: 0 | GU66: 0 | GV66: 0 | GW66: 0 | GX66: 0 | GY66: 0 | GZ66: 0 | HA66: 0 | HB66: 0 | HC66: 0 | HD66: 0 | HE66: 0 | HF66: 0 | HG66: =SUM(GT66:HF66) -> 0 | HK66: أنثى | HL66: =SUM(D66+V66+AN66+BF66+BX66+CP66+DH66+DZ66+ER66+FJ66+GB66+GT66) -> 0 | HM66: =SUM(E66+W66+AO66+BG66+BY66+CQ66+DI66+EA66+ES66+FK66+GC66+GU66) -> 0 | HN66: =SUM(F66+X66+AP66+BH66+BZ66+CR66+DJ66+EB66+ET66+FL66+GD66+GV66) -> 0 | HO66: =SUM(G66+Y66+AQ66+BI66+CA66+CS66+DK66+EC66+EU66+FM66+GE66+GW66) -> 0 | HP66: =SUM(H66+Z66+AR66+BJ66+CB66+CT66+DL66+ED66+EV66+FN66+GF66+GX66) -> 0 | HQ66: =SUM(I66+AA66+AS66+BK66+CC66+CU66+DM66+EE66+EW66+FO66+GG66+GY66) -> 0 | HR66: =SUM(J66+AB66+AT66+BL66+CD66+CV66+DN66+EF66+EX66+FP66+GH66+GZ66) -> 0 | HS66: =SUM(K66+AC66+AU66+BM66+CE66+CW66+DO66+EG66+EY66+FQ66+GI66+HA66) -> 0 | ... HX66: =SUM(P66+AH66+AZ66+BR66+CJ66+DB66+DT66+EL66+FD66+FV66+GN66+HF66) -> 0 | HY66: =SUM(HL66:HX66) -> 0
B67: مجموع الغير سعوديين | D67: =SUM(D65:E66) -> 0 | F67: =SUM(F65:J66) -> 0 | K67: =SUM(K65:L66) -> 0 | M67: =SUM(M65:N66) -> 0 | O67: =SUM(O65:O66) -> 0 | P67: =SUM(P65:P66) -> 0 | Q67: =SUM(Q65:Q66) -> 0 | T67: مجموع الغير سعوديين | V67: =SUM(V65:W66) -> 0 | X67: =SUM(X65:AB66) -> 0 | AC67: =SUM(AC65:AD66) -> 0 | AE67: =SUM(AE65:AF66) -> 0 | AG67: =SUM(AG65:AG66) -> 0 | AH67: =SUM(AH65:AH66) -> 0 | AI67: =SUM(AI65:AI66) -> 0 | AL67: مجموع الغير سعوديين | AN67: =SUM(AN65:AO66) -> 0 | AP67: =SUM(AP65:AT66) -> 0 | AU67: =SUM(AU65:AV66) -> 0 | AW67: =SUM(AW65:AX66) -> 0 | AY67: =SUM(AY65:AY66) -> 0 | AZ67: =SUM(AZ65:AZ66) -> 0 | BA67: =SUM(BA65:BA66) -> 0 | BD67: مجموع الغير سعوديين | BF67: =SUM(BF65:BG66) -> 0 | BH67: =SUM(BH65:BL66) -> 0 | BM67: =SUM(BM65:BN66) -> 0 | BO67: =SUM(BO65:BP66) -> 0 | BQ67: =SUM(BQ65:BQ66) -> 0 | BR67: =SUM(BR65:BR66) -> 0 | BS67: =SUM(BS65:BS66) -> 0 | BV67: مجموع الغير سعوديين | BX67: =SUM(BX65:BY66) -> 0 | BZ67: =SUM(BZ65:CD66) -> 0 | CE67: =SUM(CE65:CF66) -> 0 | CG67: =SUM(CG65:CH66) -> 0 | CI67: =SUM(CI65:CI66) -> 0 | CJ67: =SUM(CJ65:CJ66) -> 0 | CK67: =SUM(CK65:CK66) -> 0 | CN67: مجموع الغير سعوديين | CP67: =SUM(CP65:CQ66) -> 0 | CR67: =SUM(CR65:CV66) -> 0 | CW67: =SUM(CW65:CX66) -> 0 | CY67: =SUM(CY65:CZ66) -> 0 | DA67: =SUM(DA65:DA66) -> 0 | DB67: =SUM(DB65:DB66) -> 0 | DC67: =SUM(DC65:DC66) -> 0 | DF67: مجموع الغير سعوديين | DH67: =SUM(DH65:DI66) -> 0 | DJ67: =SUM(DJ65:DN66) -> 0 | DO67: =SUM(DO65:DP66) -> 0 | DQ67: =SUM(DQ65:DR66) -> 0 | DS67: =SUM(DS65:DS66) -> 0 | DT67: =SUM(DT65:DT66) -> 0 | DU67: =SUM(DU65:DU66) -> 0 | DX67: مجموع الغير سعوديين | DZ67: =SUM(DZ65:EA66) -> 0 | EB67: =SUM(EB65:EF66) -> 0 | EG67: =SUM(EG65:EH66) -> 0 | EI67: =SUM(EI65:EJ66) -> 0 | EK67: =SUM(EK65:EK66) -> 0 | EL67: =SUM(EL65:EL66) -> 0 | EM67: =SUM(EM65:EM66) -> 0 | EP67: مجموع الغير سعوديين | ER67: =SUM(ER65:ES66) -> 0 | ET67: =SUM(ET65:EX66) -> 0 | EY67: =SUM(EY65:EZ66) -> 0 | FA67: =SUM(FA65:FB66) -> 0 | FC67: =SUM(FC65:FC66) -> 0 | FD67: =SUM(FD65:FD66) -> 0 | FE67: =SUM(FE65:FE66) -> 0 | FH67: مجموع الغير سعوديين | FJ67: =SUM(FJ65:FK66) -> 0 | FL67: =SUM(FL65:FP66) -> 0 | FQ67: =SUM(FQ65:FR66) -> 0 | FS67: =SUM(FS65:FT66) -> 0 | FU67: =SUM(FU65:FU66) -> 0 | FV67: =SUM(FV65:FV66) -> 0 | FW67: =SUM(FW65:FW66) -> 0 | FZ67: مجموع الغير سعوديين | GB67: =SUM(GB65:GC66) -> 0 | GD67: =SUM(GD65:GH66) -> 0 | GI67: =SUM(GI65:GJ66) -> 0 | GK67: =SUM(GK65:GL66) -> 0 | GM67: =SUM(GM65:GM66) -> 0 | GN67: =SUM(GN65:GN66) -> 0 | GO67: =SUM(GO65:GO66) -> 0 | GR67: مجموع الغير سعوديين | GT67: =SUM(GT65:GU66) -> 0 | GV67: =SUM(GV65:GZ66) -> 0 | HA67: =SUM(HA65:HB66) -> 0 | HC67: =SUM(HC65:HD66) -> 0 | HE67: =SUM(HE65:HE66) -> 0 | HF67: =SUM(HF65:HF66) -> 0 | HG67: =SUM(HG65:HG66) -> 0 | HJ67: مجمع الغير سعوديين | HL67: =SUM(HL65:HM66) -> 0 | HN67: =SUM(HN65:HR66) -> 0 | HS67: =SUM(HS65:HT66) -> 0 | HU67: =SUM(HU65:HV66) -> 0 | HW67: =SUM(HW65:HW66) -> 0 | HX67: =SUM(HX65:HX66) -> 0 | HY67: =SUM(HY65:HY66) -> 0
B68: المجموع الكلي | D68: =SUM(D64+D67) -> 0 | F68: =SUM(F64+F67) -> 0 | K68: =SUM(K64+K67) -> 0 | M68: =SUM(M64+M67) -> 0 | O68: =SUM(O64+O67) -> 0 | P68: =SUM(P64+P67) -> 0 | Q68: =SUM(Q64+Q67) -> 0 | T68: المجموع الكلي | V68: =SUM(V64+V67) -> 0 | X68: =SUM(X64+X67) -> 0 | AC68: =SUM(AC64+AC67) -> 0 | AE68: =SUM(AE64+AE67) -> 0 | AG68: =SUM(AG64+AG67) -> 0 | AH68: =SUM(AH64+AH67) -> 0 | AI68: =SUM(AI64+AI67) -> 0 | AL68: المجموع الكلي | AN68: =SUM(AN64+AN67) -> 0 | AP68: =SUM(AP64+AP67) -> 0 | AU68: =SUM(AU64+AU67) -> 0 | AW68: =SUM(AW64+AW67) -> 0 | AY68: =SUM(AY64+AY67) -> 0 | AZ68: =SUM(AZ64+AZ67) -> 0 | BA68: =SUM(BA64+BA67) -> 0 | BD68: المجموع الكلي | BF68: =SUM(BF64+BF67) -> 0 | BH68: =SUM(BH64+BH67) -> 0 | BM68: =SUM(BM64+BM67) -> 0 | BO68: =SUM(BO64+BO67) -> 0 | BQ68: =SUM(BQ64+BQ67) -> 0 | BR68: =SUM(BR64+BR67) -> 0 | BS68: =SUM(BS64+BS67) -> 0 | BV68: المجموع الكلي | BX68: =SUM(BX64+BX67) -> 0 | BZ68: =SUM(BZ64+BZ67) -> 0 | CE68: =SUM(CE64+CE67) -> 0 | CG68: =SUM(CG64+CG67) -> 0 | CI68: =SUM(CI64+CI67) -> 0 | CJ68: =SUM(CJ64+CJ67) -> 0 | CK68: =SUM(CK64+CK67) -> 0 | CN68: المجموع الكلي | CP68: =SUM(CP64+CP67) -> 0 | CR68: =SUM(CR64+CR67) -> 0 | CW68: =SUM(CW64+CW67) -> 0 | CY68: =SUM(CY64+CY67) -> 0 | DA68: =SUM(DA64+DA67) -> 0 | DB68: =SUM(DB64+DB67) -> 0 | DC68: =SUM(DC64+DC67) -> 0 | DF68: المجموع الكلي | DH68: =SUM(DH64+DH67) -> 0 | DJ68: =SUM(DJ64+DJ67) -> 0 | DO68: =SUM(DO64+DO67) -> 0 | DQ68: =SUM(DQ64+DQ67) -> 0 | DS68: =SUM(DS64+DS67) -> 0 | DT68: =SUM(DT64+DT67) -> 0 | DU68: =SUM(DU64+DU67) -> 0 | DX68: المجموع الكلي | DZ68: =SUM(DZ64+DZ67) -> 0 | EB68: =SUM(EB64+EB67) -> 0 | EG68: =SUM(EG64+EG67) -> 0 | EI68: =SUM(EI64+EI67) -> 0 | EK68: =SUM(EK64+EK67) -> 0 | EL68: =SUM(EL64+EL67) -> 0 | EM68: =SUM(EM64+EM67) -> 0 | EP68: المجموع الكلي | ER68: =SUM(ER64+ER67) -> 0 | ET68: =SUM(ET64+ET67) -> 0 | EY68: =SUM(EY64+EY67) -> 0 | FA68: =SUM(FA64+FA67) -> 0 | FC68: =SUM(FC64+FC67) -> 0 | FD68: =SUM(FD64+FD67) -> 0 | FE68: =SUM(FE64+FE67) -> 0 | FH68: المجموع الكلي | FJ68: =SUM(FJ64+FJ67) -> 0 | FL68: =SUM(FL64+FL67) -> 0 | FQ68: =SUM(FQ64+FQ67) -> 0 | FS68: =SUM(FS64+FS67) -> 0 | FU68: =SUM(FU64+FU67) -> 0 | FV68: =SUM(FV64+FV67) -> 0 | FW68: =SUM(FW64+FW67) -> 0 | FZ68: المجموع الكلي | GB68: =SUM(GB64+GB67) -> 0 | GD68: =SUM(GD64+GD67) -> 0 | GI68: =SUM(GI64+GI67) -> 0 | GK68: =SUM(GK64+GK67) -> 0 | GM68: =SUM(GM64+GM67) -> 0 | GN68: =SUM(GN64+GN67) -> 0 | GO68: =SUM(GO64+GO67) -> 0 | GR68: المجموع الكلي | GT68: =SUM(GT64+GT67) -> 0 | GV68: =SUM(GV64+GV67) -> 0 | HA68: =SUM(HA64+HA67) -> 0 | HC68: =SUM(HC64+HC67) -> 0 | HE68: =SUM(HE64+HE67) -> 0 | HF68: =SUM(HF64+HF67) -> 0 | HG68: =SUM(HG64+HG67) -> 0 | HJ68: المجموع الكلي | HL68: =SUM(HL64+HL67) -> 0 | HN68: =SUM(HN64+HN67) -> 0 | HS68: =SUM(HS64+HS67) -> 0 | HU68: =SUM(HU64+HU67) -> 0 | HW68: =SUM(HW64+HW67) -> 0 | HX68: =SUM(HX64+HX67) -> 0 | HY68: =SUM(HY64+HY67) -> 0
A69: 0 | B69: سعودي | C69: ذكر | D69: 0 | E69: 0 | F69: 0 | G69: 0 | H69: 0 | I69: 0 | J69: 0 | K69: 0 | L69: 0 | M69: 0 | N69: 0 | O69: 0 | P69: 0 | Q69: =SUM(D69:P69) -> 0 | S69: 0 | T69: سعودي | U69: ذكر | V69: 0 | W69: 0 | X69: 0 | Y69: 0 | Z69: 0 | AA69: 0 | AB69: 0 | AC69: 0 | AD69: 0 | AE69: 0 | AF69: 0 | AG69: 0 | AH69: 0 | AI69: =SUM(V69:AH69) -> 0 | AK69: 0 | AL69: سعودي | AM69: ذكر | AN69: 0 | AO69: 0 | AP69: 0 | AQ69: 0 | AR69: 0 | AS69: 0 | AT69: 0 | AU69: 0 | AV69: 0 | AW69: 0 | AX69: 0 | AY69: 0 | AZ69: 0 | BA69: =SUM(AN69:AZ69) -> 0 | BC69: 0 | BD69: سعودي | BE69: ذكر | BF69: 0 | BG69: 0 | BH69: 0 | BI69: 0 | BJ69: 0 | BK69: 0 | BL69: 0 | BM69: 0 | BN69: 0 | BO69: 0 | BP69: 0 | BQ69: 0 | BR69: 0 | BS69: =SUM(BF69:BR69) -> 0 | BU69: 0 | BV69: سعودي | BW69: ذكر | BX69: 0 | BY69: 0 | BZ69: 0 | CA69: 0 | CB69: 0 | CC69: 0 | CD69: 0 | CE69: 0 | CF69: 0 | CG69: 0 | CH69: 0 | CI69: 0 | CJ69: 0 | CK69: =SUM(BX69:CJ69) -> 0 | CM69: 0 | CN69: سعودي | CO69: ذكر | CP69: 0 | CQ69: 0 | CR69: 0 | CS69: 0 | CT69: 0 | CU69: 0 | CV69: 0 | CW69: 0 | CX69: 0 | CY69: 0 | CZ69: 0 | DA69: 0 | DB69: 0 | DC69: =SUM(CP69:DB69) -> 0 | DE69: 0 | DF69: سعودي | DG69: ذكر | DH69: 0 | DI69: 0 | DJ69: 0 | DK69: 0 | DL69: 0 | DM69: 0 | DN69: 0 | DO69: 0 | DP69: 0 | DQ69: 0 | DR69: 0 | DS69: 0 | DT69: 0 | DU69: =SUM(DH69:DT69) -> 0 | DW69: 0 | DX69: سعودي | DY69: ذكر | DZ69: 0 | EA69: 0 | EB69: 0 | EC69: 0 | ED69: 0 | EE69: 0 | EF69: 0 | EG69: 0 | EH69: 0 | EI69: 0 | EJ69: 0 | EK69: 0 | EL69: 0 | EM69: =SUM(DZ69:EL69) -> 0 | EO69: 0 | EP69: سعودي | EQ69: ذكر | ER69: 0 | ES69: 0 | ET69: 0 | EU69: 0 | EV69: 0 | EW69: 0 | EX69: 0 | EY69: 0 | EZ69: 0 | FA69: 0 | FB69: 0 | FC69: 0 | FD69: 0 | FE69: =SUM(ER69:FD69) -> 0 | FG69: 0 | FH69: سعودي | FI69: ذكر | FJ69: 0 | FK69: 0 | FL69: 0 | FM69: 0 | FN69: 0 | FO69: 0 | FP69: 0 | FQ69: 0 | FR69: 0 | FS69: 0 | FT69: 0 | FU69: 0 | FV69: 0 | FW69: =SUM(FJ69:FV69) -> 0 | FY69: 0 | FZ69: سعودي | GA69: ذكر | GB69: 0 | GC69: 0 | GD69: 0 | GE69: 0 | GF69: 0 | GG69: 0 | GH69: 0 | GI69: 0 | GJ69: 0 | GK69: 0 | GL69: 0 | GM69: 0 | GN69: 0 | GO69: =SUM(GB69:GN69) -> 0 | GQ69: 0 | GR69: سعودي | GS69: ذكر | GT69: 0 | GU69: 0 | GV69: 0 | GW69: 0 | GX69: 0 | GY69: 0 | GZ69: 0 | HA69: 0 | HB69: 0 | HC69: 0 | HD69: 0 | HE69: 0 | HF69: 0 | HG69: =SUM(GT69:HF69) -> 0 | HI69: =GQ69 -> 0 | HJ69: سعودي | HK69: ذكر | HL69: =SUM(D69+V69+AN69+BF69+BX69+CP69+DH69+DZ69+ER69+FJ69+GB69+GT69) -> 0 | HM69: =SUM(E69+W69+AO69+BG69+BY69+CQ69+DI69+EA69+ES69+FK69+GC69+GU69) -> 0 | HN69: =SUM(F69+X69+AP69+BH69+BZ69+CR69+DJ69+EB69+ET69+FL69+GD69+GV69) -> 0 | HO69: =SUM(G69+Y69+AQ69+BI69+CA69+CS69+DK69+EC69+EU69+FM69+GE69+GW69) -> 0 | HP69: =SUM(H69+Z69+AR69+BJ69+CB69+CT69+DL69+ED69+EV69+FN69+GF69+GX69) -> 0 | HQ69: =SUM(I69+AA69+AS69+BK69+CC69+CU69+DM69+EE69+EW69+FO69+GG69+GY69) -> 0 | HR69: =SUM(J69+AB69+AT69+BL69+CD69+CV69+DN69+EF69+EX69+FP69+GH69+GZ69) -> 0 | HS69: =SUM(K69+AC69+AU69+BM69+CE69+CW69+DO69+EG69+EY69+FQ69+GI69+HA69) -> 0 | ... HX69: =SUM(P69+AH69+AZ69+BR69+CJ69+DB69+DT69+EL69+FD69+FV69+GN69+HF69) -> 0 | HY69: =SUM(HL69:HX69) -> 0
C70: أنثى | D70: 0 | E70: 0 | F70: 0 | G70: 0 | H70: 0 | I70: 0 | J70: 0 | K70: 0 | L70: 0 | M70: 0 | N70: 0 | O70: 0 | P70: 0 | Q70: =SUM(D70:P70) -> 0 | U70: أنثى | V70: 0 | W70: 0 | X70: 0 | Y70: 0 | Z70: 0 | AA70: 0 | AB70: 0 | AC70: 0 | AD70: 0 | AE70: 0 | AF70: 0 | AG70: 0 | AH70: 0 | AI70: =SUM(V70:AH70) -> 0 | AM70: أنثى | AN70: 0 | AO70: 0 | AP70: 0 | AQ70: 0 | AR70: 0 | AS70: 0 | AT70: 0 | AU70: 0 | AV70: 0 | AW70: 0 | AX70: 0 | AY70: 0 | AZ70: 0 | BA70: =SUM(AN70:AZ70) -> 0 | BE70: أنثى | BF70: 0 | BG70: 0 | BH70: 0 | BI70: 0 | BJ70: 0 | BK70: 0 | BL70: 0 | BM70: 0 | BN70: 0 | BO70: 0 | BP70: 0 | BQ70: 0 | BR70: 0 | BS70: =SUM(BF70:BR70) -> 0 | BW70: أنثى | BX70: 0 | BY70: 0 | BZ70: 0 | CA70: 0 | CB70: 0 | CC70: 0 | CD70: 0 | CE70: 0 | CF70: 0 | CG70: 0 | CH70: 0 | CI70: 0 | CJ70: 0 | CK70: =SUM(BX70:CJ70) -> 0 | CO70: أنثى | CP70: 0 | CQ70: 0 | CR70: 0 | CS70: 0 | CT70: 0 | CU70: 0 | CV70: 0 | CW70: 0 | CX70: 0 | CY70: 0 | CZ70: 0 | DA70: 0 | DB70: 0 | DC70: =SUM(CP70:DB70) -> 0 | DG70: أنثى | DH70: 0 | DI70: 0 | DJ70: 0 | DK70: 0 | DL70: 0 | DM70: 0 | DN70: 0 | DO70: 0 | DP70: 0 | DQ70: 0 | DR70: 0 | DS70: 0 | DT70: 0 | DU70: =SUM(DH70:DT70) -> 0 | DY70: أنثى | DZ70: 0 | EA70: 0 | EB70: 0 | EC70: 0 | ED70: 0 | EE70: 0 | EF70: 0 | EG70: 0 | EH70: 0 | EI70: 0 | EJ70: 0 | EK70: 0 | EL70: 0 | EM70: =SUM(DZ70:EL70) -> 0 | EQ70: أنثى | ER70: 0 | ES70: 0 | ET70: 0 | EU70: 0 | EV70: 0 | EW70: 0 | EX70: 0 | EY70: 0 | EZ70: 0 | FA70: 0 | FB70: 0 | FC70: 0 | FD70: 0 | FE70: =SUM(ER70:FD70) -> 0 | FI70: أنثى | FJ70: 0 | FK70: 0 | FL70: 0 | FM70: 0 | FN70: 0 | FO70: 0 | FP70: 0 | FQ70: 0 | FR70: 0 | FS70: 0 | FT70: 0 | FU70: 0 | FV70: 0 | FW70: =SUM(FJ70:FV70) -> 0 | GA70: أنثى | GB70: 0 | GC70: 0 | GD70: 0 | GE70: 0 | GF70: 0 | GG70: 0 | GH70: 0 | GI70: 0 | GJ70: 0 | GK70: 0 | GL70: 0 | GM70: 0 | GN70: 0 | GO70: =SUM(GB70:GN70) -> 0 | GS70: أنثى | GT70: 0 | GU70: 0 | GV70: 0 | GW70: 0 | GX70: 0 | GY70: 0 | GZ70: 0 | HA70: 0 | HB70: 0 | HC70: 0 | HD70: 0 | HE70: 0 | HF70: 0 | HG70: =SUM(GT70:HF70) -> 0 | HK70: أنثى | HL70: =SUM(D70+V70+AN70+BF70+BX70+CP70+DH70+DZ70+ER70+FJ70+GB70+GT70) -> 0 | HM70: =SUM(E70+W70+AO70+BG70+BY70+CQ70+DI70+EA70+ES70+FK70+GC70+GU70) -> 0 | HN70: =SUM(F70+X70+AP70+BH70+BZ70+CR70+DJ70+EB70+ET70+FL70+GD70+GV70) -> 0 | HO70: =SUM(G70+Y70+AQ70+BI70+CA70+CS70+DK70+EC70+EU70+FM70+GE70+GW70) -> 0 | HP70: =SUM(H70+Z70+AR70+BJ70+CB70+CT70+DL70+ED70+EV70+FN70+GF70+GX70) -> 0 | HQ70: =SUM(I70+AA70+AS70+BK70+CC70+CU70+DM70+EE70+EW70+FO70+GG70+GY70) -> 0 | HR70: =SUM(J70+AB70+AT70+BL70+CD70+CV70+DN70+EF70+EX70+FP70+GH70+GZ70) -> 0 | HS70: =SUM(K70+AC70+AU70+BM70+CE70+CW70+DO70+EG70+EY70+FQ70+GI70+HA70) -> 0 | ... HX70: =SUM(P70+AH70+AZ70+BR70+CJ70+DB70+DT70+EL70+FD70+FV70+GN70+HF70) -> 0 | HY70: =SUM(HL70:HX70) -> 0
B71: مجموع السعوديين | D71: =SUM(D69:E70) -> 0 | F71: =SUM(F69:J70) -> 0 | K71: =SUM(K69:L70) -> 0 | M71: =SUM(M69:N70) -> 0 | O71: =SUM(O69:O70) -> 0 | P71: =SUM(P69:P70) -> 0 | Q71: =SUM(Q69:Q70) -> 0 | T71: مجموع السعوديين | V71: =SUM(V69:W70) -> 0 | X71: =SUM(X69:AB70) -> 0 | AC71: =SUM(AC69:AD70) -> 0 | AE71: =SUM(AE69:AF70) -> 0 | AG71: =SUM(AG69:AG70) -> 0 | AH71: =SUM(AH69:AH70) -> 0 | AI71: =SUM(AI69:AI70) -> 0 | AL71: مجموع السعوديين | AN71: =SUM(AN69:AO70) -> 0 | AP71: =SUM(AP69:AT70) -> 0 | AU71: =SUM(AU69:AV70) -> 0 | AW71: =SUM(AW69:AX70) -> 0 | AY71: =SUM(AY69:AY70) -> 0 | AZ71: =SUM(AZ69:AZ70) -> 0 | BA71: =SUM(BA69:BA70) -> 0 | BD71: مجموع السعوديين | BF71: =SUM(BF69:BG70) -> 0 | BH71: =SUM(BH69:BL70) -> 0 | BM71: =SUM(BM69:BN70) -> 0 | BO71: =SUM(BO69:BP70) -> 0 | BQ71: =SUM(BQ69:BQ70) -> 0 | BR71: =SUM(BR69:BR70) -> 0 | BS71: =SUM(BS69:BS70) -> 0 | BV71: مجموع السعوديين | BX71: =SUM(BX69:BY70) -> 0 | BZ71: =SUM(BZ69:CD70) -> 0 | CE71: =SUM(CE69:CF70) -> 0 | CG71: =SUM(CG69:CH70) -> 0 | CI71: =SUM(CI69:CI70) -> 0 | CJ71: =SUM(CJ69:CJ70) -> 0 | CK71: =SUM(CK69:CK70) -> 0 | CN71: مجموع السعوديين | CP71: =SUM(CP69:CQ70) -> 0 | CR71: =SUM(CR69:CV70) -> 0 | CW71: =SUM(CW69:CX70) -> 0 | CY71: =SUM(CY69:CZ70) -> 0 | DA71: =SUM(DA69:DA70) -> 0 | DB71: =SUM(DB69:DB70) -> 0 | DC71: =SUM(DC69:DC70) -> 0 | DF71: مجموع السعوديين | DH71: =SUM(DH69:DI70) -> 0 | DJ71: =SUM(DJ69:DN70) -> 0 | DO71: =SUM(DO69:DP70) -> 0 | DQ71: =SUM(DQ69:DR70) -> 0 | DS71: =SUM(DS69:DS70) -> 0 | DT71: =SUM(DT69:DT70) -> 0 | DU71: =SUM(DU69:DU70) -> 0 | DX71: مجموع السعوديين | DZ71: =SUM(DZ69:EA70) -> 0 | EB71: =SUM(EB69:EF70) -> 0 | EG71: =SUM(EG69:EH70) -> 0 | EI71: =SUM(EI69:EJ70) -> 0 | EK71: =SUM(EK69:EK70) -> 0 | EL71: =SUM(EL69:EL70) -> 0 | EM71: =SUM(EM69:EM70) -> 0 | EP71: مجموع السعوديين | ER71: =SUM(ER69:ES70) -> 0 | ET71: =SUM(ET69:EX70) -> 0 | EY71: =SUM(EY69:EZ70) -> 0 | FA71: =SUM(FA69:FB70) -> 0 | FC71: =SUM(FC69:FC70) -> 0 | FD71: =SUM(FD69:FD70) -> 0 | FE71: =SUM(FE69:FE70) -> 0 | FH71: مجموع السعوديين | FJ71: =SUM(FJ69:FK70) -> 0 | FL71: =SUM(FL69:FP70) -> 0 | FQ71: =SUM(FQ69:FR70) -> 0 | FS71: =SUM(FS69:FT70) -> 0 | FU71: =SUM(FU69:FU70) -> 0 | FV71: =SUM(FV69:FV70) -> 0 | FW71: =SUM(FW69:FW70) -> 0 | FZ71: مجموع السعوديين | GB71: =SUM(GB69:GC70) -> 0 | GD71: =SUM(GD69:GH70) -> 0 | GI71: =SUM(GI69:GJ70) -> 0 | GK71: =SUM(GK69:GL70) -> 0 | GM71: =SUM(GM69:GM70) -> 0 | GN71: =SUM(GN69:GN70) -> 0 | GO71: =SUM(GO69:GO70) -> 0 | GR71: مجموع السعوديين | GT71: =SUM(GT69:GU70) -> 0 | GV71: =SUM(GV69:GZ70) -> 0 | HA71: =SUM(HA69:HB70) -> 0 | HC71: =SUM(HC69:HD70) -> 0 | HE71: =SUM(HE69:HE70) -> 0 | HF71: =SUM(HF69:HF70) -> 0 | HG71: =SUM(HG69:HG70) -> 0 | HJ71: مجموع السعوديين | HL71: =SUM(HL69:HM70) -> 0 | HN71: =SUM(HN69:HR70) -> 0 | HS71: =SUM(HS69:HT70) -> 0 | HU71: =SUM(HU69:HV70) -> 0 | HW71: =SUM(HW69:HW70) -> 0 | HX71: =SUM(HX69:HX70) -> 0 | HY71: =SUM(HY69:HY70) -> 0
B72: غير سعودي | C72: ذكر | D72: 0 | E72: 0 | F72: 0 | G72: 0 | H72: 0 | I72: 0 | J72: 0 | K72: 0 | L72: 0 | M72: 0 | N72: 0 | O72: 0 | P72: 0 | Q72: =SUM(D72:P72) -> 0 | T72: غير سعودي | U72: ذكر | V72: 0 | W72: 0 | X72: 0 | Y72: 0 | Z72: 0 | AA72: 0 | AB72: 0 | AC72: 0 | AD72: 0 | AE72: 0 | AF72: 0 | AG72: 0 | AH72: 0 | AI72: =SUM(V72:AH72) -> 0 | AL72: غير سعودي | AM72: ذكر | AN72: 0 | AO72: 0 | AP72: 0 | AQ72: 0 | AR72: 0 | AS72: 0 | AT72: 0 | AU72: 0 | AV72: 0 | AW72: 0 | AX72: 0 | AY72: 0 | AZ72: 0 | BA72: =SUM(AN72:AZ72) -> 0 | BD72: غير سعودي | BE72: ذكر | BF72: 0 | BG72: 0 | BH72: 0 | BI72: 0 | BJ72: 0 | BK72: 0 | BL72: 0 | BM72: 0 | BN72: 0 | BO72: 0 | BP72: 0 | BQ72: 0 | BR72: 0 | BS72: =SUM(BF72:BR72) -> 0 | BV72: غير سعودي | BW72: ذكر | BX72: 0 | BY72: 0 | BZ72: 0 | CA72: 0 | CB72: 0 | CC72: 0 | CD72: 0 | CE72: 0 | CF72: 0 | CG72: 0 | CH72: 0 | CI72: 0 | CJ72: 0 | CK72: =SUM(BX72:CJ72) -> 0 | CN72: غير سعودي | CO72: ذكر | CP72: 0 | CQ72: 0 | CR72: 0 | CS72: 0 | CT72: 0 | CU72: 0 | CV72: 0 | CW72: 0 | CX72: 0 | CY72: 0 | CZ72: 0 | DA72: 0 | DB72: 0 | DC72: =SUM(CP72:DB72) -> 0 | DF72: غير سعودي | DG72: ذكر | DH72: 0 | DI72: 0 | DJ72: 0 | DK72: 0 | DL72: 0 | DM72: 0 | DN72: 0 | DO72: 0 | DP72: 0 | DQ72: 0 | DR72: 0 | DS72: 0 | DT72: 0 | DU72: =SUM(DH72:DT72) -> 0 | DX72: غير سعودي | DY72: ذكر | DZ72: 0 | EA72: 0 | EB72: 0 | EC72: 0 | ED72: 0 | EE72: 0 | EF72: 0 | EG72: 0 | EH72: 0 | EI72: 0 | EJ72: 0 | EK72: 0 | EL72: 0 | EM72: =SUM(DZ72:EL72) -> 0 | EP72: غير سعودي | EQ72: ذكر | ER72: 0 | ES72: 0 | ET72: 0 | EU72: 0 | EV72: 0 | EW72: 0 | EX72: 0 | EY72: 0 | EZ72: 0 | FA72: 0 | FB72: 0 | FC72: 0 | FD72: 0 | FE72: =SUM(ER72:FD72) -> 0 | FH72: غير سعودي | FI72: ذكر | FJ72: 0 | FK72: 0 | FL72: 0 | FM72: 0 | FN72: 0 | FO72: 0 | FP72: 0 | FQ72: 0 | FR72: 0 | FS72: 0 | FT72: 0 | FU72: 0 | FV72: 0 | FW72: =SUM(FJ72:FV72) -> 0 | FZ72: غير سعودي | GA72: ذكر | GB72: 0 | GC72: 0 | GD72: 0 | GE72: 0 | GF72: 0 | GG72: 0 | GH72: 0 | GI72: 0 | GJ72: 0 | GK72: 0 | GL72: 0 | GM72: 0 | GN72: 0 | GO72: =SUM(GB72:GN72) -> 0 | GR72: غير سعودي | GS72: ذكر | GT72: 0 | GU72: 0 | GV72: 0 | GW72: 0 | GX72: 0 | GY72: 0 | GZ72: 0 | HA72: 0 | HB72: 0 | HC72: 0 | HD72: 0 | HE72: 0 | HF72: 0 | HG72: =SUM(GT72:HF72) -> 0 | HJ72: غير سعودي | HK72: ذكر | HL72: =SUM(D72+V72+AN72+BF72+BX72+CP72+DH72+DZ72+ER72+FJ72+GB72+GT72) -> 0 | HM72: =SUM(E72+W72+AO72+BG72+BY72+CQ72+DI72+EA72+ES72+FK72+GC72+GU72) -> 0 | HN72: =SUM(F72+X72+AP72+BH72+BZ72+CR72+DJ72+EB72+ET72+FL72+GD72+GV72) -> 0 | HO72: =SUM(G72+Y72+AQ72+BI72+CA72+CS72+DK72+EC72+EU72+FM72+GE72+GW72) -> 0 | HP72: =SUM(H72+Z72+AR72+BJ72+CB72+CT72+DL72+ED72+EV72+FN72+GF72+GX72) -> 0 | HQ72: =SUM(I72+AA72+AS72+BK72+CC72+CU72+DM72+EE72+EW72+FO72+GG72+GY72) -> 0 | HR72: =SUM(J72+AB72+AT72+BL72+CD72+CV72+DN72+EF72+EX72+FP72+GH72+GZ72) -> 0 | HS72: =SUM(K72+AC72+AU72+BM72+CE72+CW72+DO72+EG72+EY72+FQ72+GI72+HA72) -> 0 | ... HX72: =SUM(P72+AH72+AZ72+BR72+CJ72+DB72+DT72+EL72+FD72+FV72+GN72+HF72) -> 0 | HY72: =SUM(HL72:HX72) -> 0
C73: أنثى | D73: 0 | E73: 0 | F73: 0 | G73: 0 | H73: 0 | I73: 0 | J73: 0 | K73: 0 | L73: 0 | M73: 0 | N73: 0 | O73: 0 | P73: 0 | Q73: =SUM(D73:P73) -> 0 | U73: أنثى | V73: 0 | W73: 0 | X73: 0 | Y73: 0 | Z73: 0 | AA73: 0 | AB73: 0 | AC73: 0 | AD73: 0 | AE73: 0 | AF73: 0 | AG73: 0 | AH73: 0 | AI73: =SUM(V73:AH73) -> 0 | AM73: أنثى | AN73: 0 | AO73: 0 | AP73: 0 | AQ73: 0 | AR73: 0 | AS73: 0 | AT73: 0 | AU73: 0 | AV73: 0 | AW73: 0 | AX73: 0 | AY73: 0 | AZ73: 0 | BA73: =SUM(AN73:AZ73) -> 0 | BE73: أنثى | BF73: 0 | BG73: 0 | BH73: 0 | BI73: 0 | BJ73: 0 | BK73: 0 | BL73: 0 | BM73: 0 | BN73: 0 | BO73: 0 | BP73: 0 | BQ73: 0 | BR73: 0 | BS73: =SUM(BF73:BR73) -> 0 | BW73: أنثى | BX73: 0 | BY73: 0 | BZ73: 0 | CA73: 0 | CB73: 0 | CC73: 0 | CD73: 0 | CE73: 0 | CF73: 0 | CG73: 0 | CH73: 0 | CI73: 0 | CJ73: 0 | CK73: =SUM(BX73:CJ73) -> 0 | CO73: أنثى | CP73: 0 | CQ73: 0 | CR73: 0 | CS73: 0 | CT73: 0 | CU73: 0 | CV73: 0 | CW73: 0 | CX73: 0 | CY73: 0 | CZ73: 0 | DA73: 0 | DB73: 0 | DC73: =SUM(CP73:DB73) -> 0 | DG73: أنثى | DH73: 0 | DI73: 0 | DJ73: 0 | DK73: 0 | DL73: 0 | DM73: 0 | DN73: 0 | DO73: 0 | DP73: 0 | DQ73: 0 | DR73: 0 | DS73: 0 | DT73: 0 | DU73: =SUM(DH73:DT73) -> 0 | DY73: أنثى | DZ73: 0 | EA73: 0 | EB73: 0 | EC73: 0 | ED73: 0 | EE73: 0 | EF73: 0 | EG73: 0 | EH73: 0 | EI73: 0 | EJ73: 0 | EK73: 0 | EL73: 0 | EM73: =SUM(DZ73:EL73) -> 0 | EQ73: أنثى | ER73: 0 | ES73: 0 | ET73: 0 | EU73: 0 | EV73: 0 | EW73: 0 | EX73: 0 | EY73: 0 | EZ73: 0 | FA73: 0 | FB73: 0 | FC73: 0 | FD73: 0 | FE73: =SUM(ER73:FD73) -> 0 | FI73: أنثى | FJ73: 0 | FK73: 0 | FL73: 0 | FM73: 0 | FN73: 0 | FO73: 0 | FP73: 0 | FQ73: 0 | FR73: 0 | FS73: 0 | FT73: 0 | FU73: 0 | FV73: 0 | FW73: =SUM(FJ73:FV73) -> 0 | GA73: أنثى | GB73: 0 | GC73: 0 | GD73: 0 | GE73: 0 | GF73: 0 | GG73: 0 | GH73: 0 | GI73: 0 | GJ73: 0 | GK73: 0 | GL73: 0 | GM73: 0 | GN73: 0 | GO73: =SUM(GB73:GN73) -> 0 | GS73: أنثى | GT73: 0 | GU73: 0 | GV73: 0 | GW73: 0 | GX73: 0 | GY73: 0 | GZ73: 0 | HA73: 0 | HB73: 0 | HC73: 0 | HD73: 0 | HE73: 0 | HF73: 0 | HG73: =SUM(GT73:HF73) -> 0 | HK73: أنثى | HL73: =SUM(D73+V73+AN73+BF73+BX73+CP73+DH73+DZ73+ER73+FJ73+GB73+GT73) -> 0 | HM73: =SUM(E73+W73+AO73+BG73+BY73+CQ73+DI73+EA73+ES73+FK73+GC73+GU73) -> 0 | HN73: =SUM(F73+X73+AP73+BH73+BZ73+CR73+DJ73+EB73+ET73+FL73+GD73+GV73) -> 0 | HO73: =SUM(G73+Y73+AQ73+BI73+CA73+CS73+DK73+EC73+EU73+FM73+GE73+GW73) -> 0 | HP73: =SUM(H73+Z73+AR73+BJ73+CB73+CT73+DL73+ED73+EV73+FN73+GF73+GX73) -> 0 | HQ73: =SUM(I73+AA73+AS73+BK73+CC73+CU73+DM73+EE73+EW73+FO73+GG73+GY73) -> 0 | HR73: =SUM(J73+AB73+AT73+BL73+CD73+CV73+DN73+EF73+EX73+FP73+GH73+GZ73) -> 0 | HS73: =SUM(K73+AC73+AU73+BM73+CE73+CW73+DO73+EG73+EY73+FQ73+GI73+HA73) -> 0 | ... HX73: =SUM(P73+AH73+AZ73+BR73+CJ73+DB73+DT73+EL73+FD73+FV73+GN73+HF73) -> 0 | HY73: =SUM(HL73:HX73) -> 0
B74: مجموع الغير سعوديين | D74: =SUM(D72:E73) -> 0 | F74: =SUM(F72:J73) -> 0 | K74: =SUM(K72:L73) -> 0 | M74: =SUM(M72:N73) -> 0 | O74: =SUM(O72:O73) -> 0 | P74: =SUM(P72:P73) -> 0 | Q74: =SUM(Q72:Q73) -> 0 | T74: مجموع الغير سعوديين | V74: =SUM(V72:W73) -> 0 | X74: =SUM(X72:AB73) -> 0 | AC74: =SUM(AC72:AD73) -> 0 | AE74: =SUM(AE72:AF73) -> 0 | AG74: =SUM(AG72:AG73) -> 0 | AH74: =SUM(AH72:AH73) -> 0 | AI74: =SUM(AI72:AI73) -> 0 | AL74: مجموع الغير سعوديين | AN74: =SUM(AN72:AO73) -> 0 | AP74: =SUM(AP72:AT73) -> 0 | AU74: =SUM(AU72:AV73) -> 0 | AW74: =SUM(AW72:AX73) -> 0 | AY74: =SUM(AY72:AY73) -> 0 | AZ74: =SUM(AZ72:AZ73) -> 0 | BA74: =SUM(BA72:BA73) -> 0 | BD74: مجموع الغير سعوديين | BF74: =SUM(BF72:BG73) -> 0 | BH74: =SUM(BH72:BL73) -> 0 | BM74: =SUM(BM72:BN73) -> 0 | BO74: =SUM(BO72:BP73) -> 0 | BQ74: =SUM(BQ72:BQ73) -> 0 | BR74: =SUM(BR72:BR73) -> 0 | BS74: =SUM(BS72:BS73) -> 0 | BV74: مجموع الغير سعوديين | BX74: =SUM(BX72:BY73) -> 0 | BZ74: =SUM(BZ72:CD73) -> 0 | CE74: =SUM(CE72:CF73) -> 0 | CG74: =SUM(CG72:CH73) -> 0 | CI74: =SUM(CI72:CI73) -> 0 | CJ74: =SUM(CJ72:CJ73) -> 0 | CK74: =SUM(CK72:CK73) -> 0 | CN74: مجموع الغير سعوديين | CP74: =SUM(CP72:CQ73) -> 0 | CR74: =SUM(CR72:CV73) -> 0 | CW74: =SUM(CW72:CX73) -> 0 | CY74: =SUM(CY72:CZ73) -> 0 | DA74: =SUM(DA72:DA73) -> 0 | DB74: =SUM(DB72:DB73) -> 0 | DC74: =SUM(DC72:DC73) -> 0 | DF74: مجموع الغير سعوديين | DH74: =SUM(DH72:DI73) -> 0 | DJ74: =SUM(DJ72:DN73) -> 0 | DO74: =SUM(DO72:DP73) -> 0 | DQ74: =SUM(DQ72:DR73) -> 0 | DS74: =SUM(DS72:DS73) -> 0 | DT74: =SUM(DT72:DT73) -> 0 | DU74: =SUM(DU72:DU73) -> 0 | DX74: مجموع الغير سعوديين | DZ74: =SUM(DZ72:EA73) -> 0 | EB74: =SUM(EB72:EF73) -> 0 | EG74: =SUM(EG72:EH73) -> 0 | EI74: =SUM(EI72:EJ73) -> 0 | EK74: =SUM(EK72:EK73) -> 0 | EL74: =SUM(EL72:EL73) -> 0 | EM74: =SUM(EM72:EM73) -> 0 | EP74: مجموع الغير سعوديين | ER74: =SUM(ER72:ES73) -> 0 | ET74: =SUM(ET72:EX73) -> 0 | EY74: =SUM(EY72:EZ73) -> 0 | FA74: =SUM(FA72:FB73) -> 0 | FC74: =SUM(FC72:FC73) -> 0 | FD74: =SUM(FD72:FD73) -> 0 | FE74: =SUM(FE72:FE73) -> 0 | FH74: مجموع الغير سعوديين | FJ74: =SUM(FJ72:FK73) -> 0 | FL74: =SUM(FL72:FP73) -> 0 | FQ74: =SUM(FQ72:FR73) -> 0 | FS74: =SUM(FS72:FT73) -> 0 | FU74: =SUM(FU72:FU73) -> 0 | FV74: =SUM(FV72:FV73) -> 0 | FW74: =SUM(FW72:FW73) -> 0 | FZ74: مجموع الغير سعوديين | GB74: =SUM(GB72:GC73) -> 0 | GD74: =SUM(GD72:GH73) -> 0 | GI74: =SUM(GI72:GJ73) -> 0 | GK74: =SUM(GK72:GL73) -> 0 | GM74: =SUM(GM72:GM73) -> 0 | GN74: =SUM(GN72:GN73) -> 0 | GO74: =SUM(GO72:GO73) -> 0 | GR74: مجموع الغير سعوديين | GT74: =SUM(GT72:GU73) -> 0 | GV74: =SUM(GV72:GZ73) -> 0 | HA74: =SUM(HA72:HB73) -> 0 | HC74: =SUM(HC72:HD73) -> 0 | HE74: =SUM(HE72:HE73) -> 0 | HF74: =SUM(HF72:HF73) -> 0 | HG74: =SUM(HG72:HG73) -> 0 | HJ74: مجمع الغير سعوديين | HL74: =SUM(HL72:HM73) -> 0 | HN74: =SUM(HN72:HR73) -> 0 | HS74: =SUM(HS72:HT73) -> 0 | HU74: =SUM(HU72:HV73) -> 0 | HW74: =SUM(HW72:HW73) -> 0 | HX74: =SUM(HX72:HX73) -> 0 | HY74: =SUM(HY72:HY73) -> 0
