Workbook

Sheet ضماد
A2: 14ـ الجراحات الصغرى والغيارات والحقن | I2: 14ـ الجراحات الصغرى والغيارات والحقن | Q2: 14ـ الجراحات الصغرى والغيارات والحقن | Y2: 14ـ الجراحات الصغرى والغيارات والحقن | AG2: 14ـ الجراحات الصغرى والغيارات والحقن | AO2: 14ـ الجراحات الصغرى والغيارات والحقن | AW2: 14ـ الجراحات الصغرى والغيارات والحقن | BE2: 14ـ الجراحات الصغرى والغيارات والحقن | BM2: 14ـ الجراحات الصغرى والغيارات والحقن | BU2: 14ـ الجراحات الصغرى والغيارات والحقن | CC2: 14ـ الجراحات الصغرى والغيارات والحقن | CK2: 14ـ الجراحات الصغرى والغيارات والحقن | CS2: 14ـ الجراحات الصغرى والغيارات والحقن
C3: شهر | D3: 1 | E3: عام | F3: 1447 | G3: هـ | K3: شهر | L3: 2 | M3: عام | N3: 1447 | O3: هـ | S3: شهر | T3: 3 | U3: عام | V3: 1447 | W3: هـ | AA3: شهر | AB3: 4 | AC3: عام | AD3: 1447 | AE3: هـ | AI3: شهر | AJ3: 5 | AK3: عام | AL3: 1447 | AM3: هـ | AQ3: شهر | AR3: 6 | AS3: عام | AT3: 1447 | AU3: هـ | AY3: شهر | AZ3: 7 | BA3: عام | BB3: 1447 | BC3: هـ | BG3: شهر | BH3: 8 | BI3: عام | BJ3: 1447 | BK3: هـ | BO3: شهر | BP3: 9 | BQ3: عام | BR3: 1447 | BS3: هـ | BW3: شهر | BX3: 10 | BY3: عام | BZ3: 1447 | CA3: هـ | CE3: شهر | CF3: 11 | CG3: عام | CH3: 1447 | CI3: هـ | CM3: شهر | CN3: 12 | CO3: عام | CP3: 1447 | CQ3: هـ | CW3: عام | CX3: =SUM(CP3) -> 1447 | CY3: هـ
A4: المركز الصحي | B4: الخدمة | D4: جراحات صغرى | E4: غيارات | F4: حقن | G4: أكسجين | I4: المركز الصحي | J4: الخدمة | L4: جراحات صغرى | M4: غيارات | N4: حقن | O4: أكسجين | Q4: المركز الصحي | R4: الخدمة | T4: جراحات صغرى | U4: غيارات | V4: حقن | W4: أكسجين | Y4: المركز الصحي | Z4: الخدمة | AB4: جراحات صغرى | AC4: غيارات | AD4: حقن | AE4: أكسجين | AG4: المركز الصحي | AH4: الخدمة | AJ4: جراحات صغرى | AK4: غيارات | AL4: حقن | AM4: أكسجين | AO4: المركز الصحي | AP4: الخدمة | AR4: جراحات صغرى | AS4: غيارات | AT4: حقن | AU4: أكسجين | AW4: المركز الصحي | AX4: الخدمة | AZ4: جراحات صغرى | BA4: غيارات | BB4: حقن | BC4: أكسجين | BE4: المركز الصحي | BF4: الخدمة | BH4: جراحات صغرى | BI4: غيارات | BJ4: حقن | BK4: أكسجين | BM4: المركز الصحي | BN4: الخدمة | BP4: جراحات صغرى | BQ4: غيارات | BR4: حقن | BS4: أكسجين | BU4: المركز الصحي | BV4: الخدمة | BX4: جراحات صغرى | BY4: غيارات | BZ4: حقن | CA4: أكسجين | CC4: المركز الصحي | CD4: الخدمة | CF4: جراحات صغرى | CG4: غيارات | CH4: حقن | CI4: أكسجين | CK4: المركز الصحي | CL4: الخدمة | CN4: جراحات صغرى | CO4: غيارات | CP4: حقن | CQ4: أكسجين | CS4: المركز الصحي | CT4: الخدمة | CV4: جراحات صغرى | CW4: غيارات | CX4: حقن | CY4: أكسجين
B5: الجنس والجنسية | J5: الجنس والجنسية | R5: الجنس والجنسية | Z5: الجنس والجنسية | AH5: الجنس والجنسية | AP5: الجنس والجنسية | AX5: الجنس والجنسية | BF5: الجنس والجنسية | BN5: الجنس والجنسية | BV5: الجنس والجنسية | CD5: الجنس والجنسية | CL5: الجنس والجنسية | CT5: الجنس والجنسية
A6: الربيع والتوفيق | B6: سعودي | C6: ذكر | D6: 0 | E6: 45 | F6: 25 | G6: 16 | I6: الربيع والتوفيق | J6: سعودي | K6: ذكر | L6: 0 | M6: 30 | N6: 28 | O6: 36 | Q6: الربيع والتوفيق | R6: سعودي | S6: ذكر | T6: 12 | U6: 31 | V6: 19 | W6: 51 | Y6: الربيع والتوفيق | Z6: سعودي | AA6: ذكر | AB6: 2 | AC6: 35 | AD6: 44 | AE6: 34 | AG6: الربيع والتوفيق | AH6: سعودي | AI6: ذكر | AJ6: 4 | AK6: 60 | AL6: 28 | AM6: 99 | AO6: الربيع والتوفيق | AP6: سعودي | AQ6: ذكر | AR6: 0 | AS6: 28 | AT6: 14 | AU6: 6 | AW6: الربيع والتوفيق | AX6: سعودي | AY6: ذكر | AZ6: 0 | BA6: 22 | BB6: 20 | BC6: 36 | BE6: الربيع والتوفيق | BF6: سعودي | BG6: ذكر | BH6: 0 | BI6: 28 | BJ6: 14 | BK6: 6 | BM6: الربيع والتوفيق | BN6: سعودي | BO6: ذكر | BP6: 25 | BQ6: 20 | BR6: 9 | BS6: 14 | BU6: الربيع والتوفيق | BV6: سعودي | BW6: ذكر | BX6: 0 | BY6: 44 | BZ6: 24 | CA6: 17 | CC6: الربيع والتوفيق | CD6: سعودي | CE6: ذكر | CF6: 0 | CG6: 0 | CH6: 0 | CI6: 0 | CK6: الربيع والتوفيق | CL6: سعودي | CM6: ذكر | CN6: 0 | CO6: 0 | CP6: 0 | CQ6: 0 | CS6: =(CK6) -> الربيع والتوفيق | CT6: سعودي | CU6: ذكر | CV6: =SUM(D6+L6+T6+AB6+AJ6+AR6+AZ6+BH6+BP6+BX6+CF6+CN6) -> 43 | CW6: =SUM(E6+M6+U6+AC6+AK6+AS6+BA6+BI6+BQ6+BY6+CG6+CO6) -> 343 | CX6: =SUM(F6+N6+V6+AD6+AL6+AT6+BB6+BJ6+BR6+BZ6+CH6+CP6) -> 225 | CY6: =SUM(G6+O6+W6+AE6+AM6+AU6+BC6+BK6+BS6+CA6+CI6+CQ6) -> 315
C7: أنثى | D7: 0 | E7: 20 | F7: 40 | G7: 25 | K7: أنثى | L7: 0 | M7: 12 | N7: 32 | O7: 58 | S7: أنثى | T7: 13 | U7: 22 | V7: 31 | W7: 52 | AA7: أنثى | AB7: 1 | AC7: 8 | AD7: 11 | AE7: 21 | AI7: أنثى | AJ7: 2 | AK7: 24 | AL7: 34 | AM7: 106 | AQ7: أنثى | AR7: 0 | AS7: 8 | AT7: 17 | AU7: 7 | AY7: أنثى | AZ7: 0 | BA7: 10 | BB7: 25 | BC7: 58 | BG7: أنثى | BH7: 0 | BI7: 8 | BJ7: 17 | BK7: 7 | BO7: أنثى | BP7: 35 | BQ7: 18 | BR7: 8 | BS7: 10 | BW7: أنثى | BX7: 4 | BY7: 19 | BZ7: 34 | CA7: 24 | CE7: أنثى | CF7: 0 | CG7: 0 | CH7: 0 | CI7: 0 | CM7: أنثى | CN7: 0 | CO7: 0 | CP7: 0 | CQ7: 0 | CU7: أنثى | CV7: =SUM(D7+L7+T7+AB7+AJ7+AR7+AZ7+BH7+BP7+BX7+CF7+CN7) -> 55 | CW7: =SUM(E7+M7+U7+AC7+AK7+AS7+BA7+BI7+BQ7+BY7+CG7+CO7) -> 149 | CX7: =SUM(F7+N7+V7+AD7+AL7+AT7+BB7+BJ7+BR7+BZ7+CH7+CP7) -> 249 | CY7: =SUM(G7+O7+W7+AE7+AM7+AU7+BC7+BK7+BS7+CA7+CI7+CQ7) -> 368
B8: مجموع السعوديين | D8: 0 | E8: 65 | F8: 65 | G8: 41 | J8: مجموع السعوديين | L8: 0 | M8: 42 | N8: 60 | O8: 94 | R8: مجموع السعوديين | T8: 25 | U8: 53 | V8: 50 | W8: 103 | Z8: مجموع السعوديين | AB8: 3 | AC8: 43 | AD8: 55 | AE8: 55 | AH8: مجموع السعوديين | AJ8: 6 | AK8: 84 | AL8: 62 | AM8: 205 | AP8: مجموع السعوديين | AR8: 0 | AS8: 36 | AT8: 31 | AU8: 13 | AX8: مجموع السعوديين | AZ8: 0 | BA8: 32 | BB8: 45 | BC8: 94 | BF8: مجموع السعوديين | BH8: =SUM(BH6:BH7) -> 0 | BI8: =SUM(BI6:BI7) -> 36 | BJ8: 31 | BK8: =SUM(BK6:BK7) -> 13 | BN8: مجموع السعوديين | BP8: =SUM(BP6:BP7) -> 60 | BQ8: =SUM(BQ6:BQ7) -> 38 | BR8: =SUM(BR6:BR7) -> 17 | BS8: =SUM(BS6:BS7) -> 24 | BV8: مجموع السعوديين | BX8: 4 | BY8: 63 | BZ8: 58 | CA8: 41 | CD8: مجموع السعوديين | CF8: =SUM(CF6:CF7) -> 0 | CG8: =SUM(CG6:CG7) -> 0 | CH8: =SUM(CH6:CH7) -> 0 | CI8: =SUM(CI6:CI7) -> 0 | CL8: مجموع السعوديين | CN8: =SUM(CN6:CN7) -> 0 | CO8: =SUM(CO6:CO7) -> 0 | CP8: =SUM(CP6:CP7) -> 0 | CQ8: =SUM(CQ6:CQ7) -> 0 | CT8: مجموع السعوديين | CV8: =SUM(CV6:CV7) -> 98 | CW8: =SUM(CW6:CW7) -> 492 | CX8: =SUM(CX6:CX7) -> 474 | CY8: =SUM(CY6:CY7) -> 683
B9: غير سعودي | C9: ذكر | D9: 0 | E9: 1 | F9: 0 | G9: 0 | J9: غير سعودي | K9: ذكر | L9: 0 | M9: 7 | N9: 6 | O9: 16 | R9: غير سعودي | S9: ذكر | T9: 0 | U9: 3 | V9: 3 | W9: 5 | Z9: غير سعودي | AA9: ذكر | AB9: 0 | AC9: 11 | AD9: 1 | AE9: 0 | AH9: غير سعودي | AI9: ذكر | AJ9: 0 | AK9: 5 | AL9: 2 | AM9: 0 | AP9: غير سعودي | AQ9: ذكر | AR9: 0 | AS9: 4 | AT9: 5 | AU9: 0 | AX9: غير سعودي | AY9: ذكر | AZ9: 0 | BA9: 5 | BB9: 5 | BC9: 15 | BF9: غير سعودي | BG9: ذكر | BH9: 0 | BI9: 4 | BJ9: 5 | BK9: 0 | BN9: غير سعودي | BO9: ذكر | BP9: 0 | BQ9: 6 | BR9: 0 | BS9: 2 | BV9: غير سعودي | BW9: ذكر | BX9: 1 | BY9: 7 | BZ9: 7 | CA9: 3 | CD9: غير سعودي | CE9: ذكر | CF9: 0 | CG9: 0 | CH9: 0 | CI9: 0 | CL9: غير سعودي | CM9: ذكر | CN9: 0 | CO9: 0 | CP9: 0 | CQ9: 0 | CT9: غير سعودي | CU9: ذكر | CV9: =SUM(D9+L9+T9+AB9+AJ9+AR9+AZ9+BH9+BP9+BX9+CF9+CN9) -> 1 | CW9: =SUM(E9+M9+U9+AC9+AK9+AS9+BA9+BI9+BQ9+BY9+CG9+CO9) -> 53 | CX9: =SUM(F9+N9+V9+AD9+AL9+AT9+BB9+BJ9+BR9+BZ9+CH9+CP9) -> 34 | CY9: =SUM(G9+O9+W9+AE9+AM9+AU9+BC9+BK9+BS9+CA9+CI9+CQ9) -> 41
C10: أنثى | D10: 0 | E10: 1 | F10: 0 | G10: 0 | K10: أنثى | L10: 0 | M10: 3 | N10: 3 | O10: 1 | S10: أنثى | T10: 0 | U10: 0 | V10: 4 | W10: 0 | AA10: أنثى | AB10: 0 | AC10: 1 | AD10: 0 | AE10: 3 | AI10: أنثى | AJ10: 0 | AK10: 0 | AL10: 2 | AM10: 2 | AQ10: أنثى | AR10: 0 | AS10: 0 | AT10: 2 | AU10: 1 | AY10: أنثى | AZ10: 0 | BA10: 2 | BB10: 1 | BC10: 1 | BG10: أنثى | BH10: 0 | BI10: 0 | BJ10: 2 | BK10: 1 | BO10: أنثى | BP10: 0 | BQ10: 2 | BR10: 0 | BS10: 2 | BW10: أنثى | BX10: 0 | BY10: 1 | BZ10: 8 | CA10: 1 | CE10: أنثى | CF10: 0 | CG10: 0 | CH10: 0 | CI10: 0 | CM10: أنثى | CN10: 0 | CO10: 0 | CP10: 0 | CQ10: 0 | CU10: أنثى | CV10: =SUM(D10+L10+T10+AB10+AJ10+AR10+AZ10+BH10+BP10+BX10+CF10+CN10) -> 0 | CW10: =SUM(E10+M10+U10+AC10+AK10+AS10+BA10+BI10+BQ10+BY10+CG10+CO10) -> 10 | CX10: =SUM(F10+N10+V10+AD10+AL10+AT10+BB10+BJ10+BR10+BZ10+CH10+CP10) -> 22 | CY10: =SUM(G10+O10+W10+AE10+AM10+AU10+BC10+BK10+BS10+CA10+CI10+CQ10) -> 12
B11: مجمع الغير سعوديين | D11: =SUM(D9:D10) -> 0 | E11: =SUM(E9:E10) -> 2 | F11: =SUM(F9:F10) -> 0 | G11: =SUM(G9:G10) -> 0 | J11: مجمع الغير سعوديين | L11: =SUM(L9:L10) -> 0 | M11: =SUM(M9:M10) -> 10 | N11: =SUM(N9:N10) -> 9 | O11: =SUM(O9:O10) -> 17 | R11: مجمع الغير سعوديين | T11: 0 | U11: 3 | V11: 7 | W11: 5 | Z11: مجمع الغير سعوديين | AB11: 0 | AC11: 12 | AD11: 1 | AE11: 3 | AH11: مجمع الغير سعوديين | AJ11: =SUM(AJ9:AJ10) -> 0 | AK11: =SUM(AK9:AK10) -> 5 | AL11: =SUM(AL9:AL10) -> 4 | AM11: =SUM(AM9:AM10) -> 2 | AP11: مجمع الغير سعوديين | AR11: 0 | AS11: 4 | AT11: 7 | AU11: 1 | AX11: مجمع الغير سعوديين | AZ11: 0 | BA11: 7 | BB11: 6 | BC11: 16 | BF11: مجمع الغير سعوديين | BH11: =SUM(BH9:BH10) -> 0 | BI11: =SUM(BI9:BI10) -> 4 | BJ11: =SUM(BJ9:BJ10) -> 7 | BK11: =SUM(BK9:BK10) -> 1 | BN11: مجمع الغير سعوديين | BP11: =SUM(BP9:BP10) -> 0 | BQ11: =SUM(BQ9:BQ10) -> 8 | BR11: =SUM(BR9:BR10) -> 0 | BS11: =SUM(BS9:BS10) -> 4 | BV11: مجمع الغير سعوديين | BX11: 1 | BY11: 8 | BZ11: 15 | CA11: 4 | CD11: مجمع الغير سعوديين | CF11: =SUM(CF9:CF10) -> 0 | CG11: =SUM(CG9:CG10) -> 0 | CH11: =SUM(CH9:CH10) -> 0 | CI11: =SUM(CI9:CI10) -> 0 | CL11: مجمع الغير سعوديين | CN11: =SUM(CN9:CN10) -> 0 | CO11: =SUM(CO9:CO10) -> 0 | CP11: =SUM(CP9:CP10) -> 0 | CQ11: =SUM(CQ9:CQ10) -> 0 | CT11: مجمع الغير سعوديين | CV11: =SUM(CV9:CV10) -> 1 | CW11: =SUM(CW9:CW10) -> 63 | CX11: =SUM(CX9:CX10) -> 56 | CY11: =SUM(CY9:CY10) -> 53
B12: المجموع الكلي | D12: =SUM(D8+D11) -> 0 | E12: =SUM(E8+E11) -> 67 | F12: =SUM(F8+F11) -> 65 | G12: =SUM(G8+G11) -> 41 | J12: المجموع الكلي | L12: =SUM(L8+L11) -> 0 | M12: =SUM(M8+M11) -> 52 | N12: =SUM(N8+N11) -> 69 | O12: =SUM(O8+O11) -> 111 | R12: المجموع الكلي | T12: 25 | U12: 56 | V12: 57 | W12: 108 | Z12: المجموع الكلي | AB12: 3 | AC12: 55 | AD12: 56 | AE12: 58 | AH12: المجموع الكلي | AJ12: =SUM(AJ8+AJ11) -> 6 | AK12: =SUM(AK8+AK11) -> 89 | AL12: =SUM(AL8+AL11) -> 66 | AM12: =SUM(AM8+AM11) -> 207 | AP12: المجموع الكلي | AR12: 0 | AS12: 40 | AT12: 38 | AU12: 14 | AX12: المجموع الكلي | AZ12: 0 | BA12: 39 | BB12: 51 | BC12: 110 | BF12: المجموع الكلي | BH12: =SUM(BH8+BH11) -> 0 | BI12: =SUM(BI8+BI11) -> 40 | BJ12: =SUM(BJ8+BJ11) -> 38 | BK12: =SUM(BK8+BK11) -> 14 | BN12: المجموع الكلي | BP12: =SUM(BP8+BP11) -> 60 | BQ12: =SUM(BQ8+BQ11) -> 46 | BR12: =SUM(BR8+BR11) -> 17 | BS12: =SUM(BS8+BS11) -> 28 | BV12: المجموع الكلي | BX12: =SUM(BX8+BX11) -> 5 | BY12: =SUM(BY8+BY11) -> 71 | BZ12: =SUM(BZ8+BZ11) -> 73 | CA12: =SUM(CA8+CA11) -> 45 | CD12: المجموع الكلي | CF12: =SUM(CF8+CF11) -> 0 | CG12: =SUM(CG8+CG11) -> 0 | CH12: =SUM(CH8+CH11) -> 0 | CI12: =SUM(CI8+CI11) -> 0 | CL12: المجموع الكلي | CN12: =SUM(CN8+CN11) -> 0 | CO12: =SUM(CO8+CO11) -> 0 | CP12: =SUM(CP8+CP11) -> 0 | CQ12: =SUM(CQ8+CQ11) -> 0 | CT12: المجموع الكلي | CV12: =SUM(CV8+CV11) -> 99 | CW12: =SUM(CW8+CW11) -> 555 | CX12: =SUM(CX8+CX11) -> 530 | CY12: =SUM(CY8+CY11) -> 736
A13: الجامعة | B13: سعودي | C13: ذكر | D13: 0 | E13: 9 | F13: 10 | G13: 12 | I13: الجامعة | J13: سعودي | K13: ذكر | L13: 0 | M13: 5 | N13: 6 | O13: 2 | Q13: الجامعة | R13: سعودي | S13: ذكر | T13: 0 | U13: 30 | V13: 10 | W13: 20 | Y13: الجامعة | Z13: سعودي | AA13: ذكر | AB13: 0 | AC13: 32 | AD13: 61 | AE13: 9 | AG13: الجامعة | AH13: سعودي | AI13: ذكر | AJ13: 0 | AK13: 0 | AL13: 0 | AM13: 0 | AO13: الجامعة | AP13: سعودي | AQ13: ذكر | AR13: 0 | AS13: 159 | AT13: 358 | AU13: 373 | AW13: الجامعة | AX13: سعودي | AY13: ذكر | AZ13: 0 | BA13: 12 | BB13: 6 | BC13: 10 | BE13: الجامعة | BF13: سعودي | BG13: ذكر | BH13: 0 | BI13: 159 | BJ13: 358 | BK13: 373 | BM13: الجامعة | BN13: سعودي | BO13: ذكر | BP13: 0 | BQ13: 3 | BR13: 6 | BS13: 3 | BU13: الجامعة | BV13: سعودي | BW13: ذكر | BX13: 0 | BY13: 0 | BZ13: 0 | CA13: 0 | CC13: الجامعة | CD13: سعودي | CE13: ذكر | CF13: 0 | CG13: 0 | CH13: 0 | CI13: 0 | CK13: الجامعة | CL13: سعودي | CM13: ذكر | CN13: 0 | CO13: 0 | CP13: 0 | CQ13: 0 | CS13: =(CK13) -> الجامعة | CT13: سعودي | CU13: ذكر | CV13: =SUM(D13+L13+T13+AB13+AJ13+AR13+AZ13+BH13+BP13+BX13+CF13+CN13) -> 0 | CW13: =SUM(E13+M13+U13+AC13+AK13+AS13+BA13+BI13+BQ13+BY13+CG13+CO13) -> 409 | CX13: =SUM(F13+N13+V13+AD13+AL13+AT13+BB13+BJ13+BR13+BZ13+CH13+CP13) -> 815 | CY13: =SUM(G13+O13+W13+AE13+AM13+AU13+BC13+BK13+BS13+CA13+CI13+CQ13) -> 802
C14: أنثى | D14: 0 | E14: 0 | F14: 0 | G14: 0 | K14: أنثى | L14: 0 | M14: 0 | N14: 4 | O14: 5 | S14: أنثى | T14: 0 | U14: 5 | V14: 6 | W14: 0 | AA14: أنثى | AB14: 0 | AC14: 2 | AD14: 22 | AE14: 5 | AI14: أنثى | AJ14: 0 | AK14: 0 | AL14: 0 | AM14: 0 | AQ14: أنثى | AR14: 0 | AS14: 173 | AT14: 327 | AU14: 376 | AY14: أنثى | AZ14: 0 | BA14: 0 | BB14: 2 | BC14: 3 | BG14: أنثى | BH14: 0 | BI14: 173 | BJ14: 327 | BK14: 376 | BO14: أنثى | BP14: 0 | BQ14: 4 | BR14: 4 | BS14: 7 | BW14: أنثى | BX14: 0 | BY14: 0 | BZ14: 0 | CA14: 0 | CE14: أنثى | CF14: 0 | CG14: 0 | CH14: 0 | CI14: 0 | CM14: أنثى | CN14: 0 | CO14: 0 | CP14: 0 | CQ14: 0 | CU14: أنثى | CV14: =SUM(D14+L14+T14+AB14+AJ14+AR14+AZ14+BH14+BP14+BX14+CF14+CN14) -> 0 | CW14: =SUM(E14+M14+U14+AC14+AK14+AS14+BA14+BI14+BQ14+BY14+CG14+CO14) -> 357 | CX14: =SUM(F14+N14+V14+AD14+AL14+AT14+BB14+BJ14+BR14+BZ14+CH14+CP14) -> 692 | CY14: =SUM(G14+O14+W14+AE14+AM14+AU14+BC14+BK14+BS14+CA14+CI14+CQ14) -> 772
B15: مجموع السعوديين | D15: 0 | E15: 9 | F15: 10 | G15: 12 | J15: مجموع السعوديين | L15: 0 | M15: 5 | N15: 10 | O15: 7 | R15: مجموع السعوديين | T15: 0 | U15: 35 | V15: 16 | W15: 20 | Z15: مجموع السعوديين | AB15: 0 | AC15: 34 | AD15: 83 | AE15: 14 | AH15: مجموع السعوديين | AJ15: =SUM(AJ13:AJ14) -> 0 | AK15: =SUM(AK13:AK14) -> 0 | AL15: =SUM(AL13:AL14) -> 0 | AM15: =SUM(AM13:AM14) -> 0 | AP15: مجموع السعوديين | AR15: 0 | AS15: 332 | AT15: 685 | AU15: 749 | AX15: مجموع السعوديين | AZ15: 0 | BA15: 12 | BB15: 8 | BC15: 13 | BF15: مجموع السعوديين | BH15: =SUM(BH13:BH14) -> 0 | BI15: =SUM(BI13:BI14) -> 332 | BJ15: =SUM(BJ13:BJ14) -> 685 | BK15: =SUM(BK13:BK14) -> 749 | BN15: مجموع السعوديين | BP15: =SUM(BP13:BP14) -> 0 | BQ15: =SUM(BQ13:BQ14) -> 7 | BR15: =SUM(BR13:BR14) -> 10 | BS15: =SUM(BS13:BS14) -> 10 | BV15: مجموع السعوديين | BX15: =SUM(BX13:BX14) -> 0 | BY15: =SUM(BY13:BY14) -> 0 | BZ15: =SUM(BZ13:BZ14) -> 0 | CA15: =SUM(CA13:CA14) -> 0 | CD15: مجموع السعوديين | CF15: =SUM(CF13:CF14) -> 0 | CG15: =SUM(CG13:CG14) -> 0 | CH15: =SUM(CH13:CH14) -> 0 | CI15: =SUM(CI13:CI14) -> 0 | CL15: مجموع السعوديين | CN15: =SUM(CN13:CN14) -> 0 | CO15: =SUM(CO13:CO14) -> 0 | CP15: =SUM(CP13:CP14) -> 0 | CQ15: =SUM(CQ13:CQ14) -> 0 | CT15: مجموع السعوديين | CV15: =SUM(CV13:CV14) -> 0 | CW15: =SUM(CW13:CW14) -> 766 | CX15: =SUM(CX13:CX14) -> 1507 | CY15: =SUM(CY13:CY14) -> 1574
B16: غير سعودي | C16: ذكر | D16: 0 | E16: 0 | F16: 0 | G16: 0 | J16: غير سعودي | K16: ذكر | L16: 0 | M16: 0 | N16: 0 | O16: 3 | R16: غير سعودي | S16: ذكر | T16: 0 | U16: 10 | V16: 5 | W16: 0 | Z16: غير سعودي | AA16: ذكر | AB16: 0 | AC16: 1 | AD16: 0 | AE16: 2 | AH16: غير سعودي | AI16: ذكر | AJ16: 0 | AK16: 0 | AL16: 0 | AM16: 0 | AP16: غير سعودي | AQ16: ذكر | AR16: 0 | AS16: 114 | AT16: 129 | AU16: 94 | AX16: غير سعودي | AY16: ذكر | AZ16: 0 | BA16: 0 | BB16: 0 | BC16: 0 | BF16: غير سعودي | BG16: ذكر | BH16: 0 | BI16: 114 | BJ16: 129 | BK16: 94 | BN16: غير سعودي | BO16: ذكر | BP16: 0 | BQ16: 2 | BR16: 3 | BS16: 0 | BV16: غير سعودي | BW16: ذكر | BX16: 0 | BY16: 0 | BZ16: 0 | CA16: 0 | CD16: غير سعودي | CE16: ذكر | CF16: 0 | CG16: 0 | CH16: 0 | CI16: 0 | CL16: غير سعودي | CM16: ذكر | CN16: 0 | CO16: 0 | CP16: 0 | CQ16: 0 | CT16: غير سعودي | CU16: ذكر | CV16: =SUM(D16+L16+T16+AB16+AJ16+AR16+AZ16+BH16+BP16+BX16+CF16+CN16) -> 0 | CW16: =SUM(E16+M16+U16+AC16+AK16+AS16+BA16+BI16+BQ16+BY16+CG16+CO16) -> 241 | CX16: =SUM(F16+N16+V16+AD16+AL16+AT16+BB16+BJ16+BR16+BZ16+CH16+CP16) -> 266 | CY16: =SUM(G16+O16+W16+AE16+AM16+AU16+BC16+BK16+BS16+CA16+CI16+CQ16) -> 193
C17: أنثى | D17: 0 | E17: 0 | F17: 3 | G17: 0 | K17: أنثى | L17: 0 | M17: 0 | N17: 4 | O17: 0 | S17: أنثى | T17: 0 | U17: 5 | V17: 5 | W17: 5 | AA17: أنثى | AB17: 0 | AC17: 5 | AD17: 0 | AE17: 1 | AI17: أنثى | AJ17: 0 | AK17: 0 | AL17: 0 | AM17: 0 | AQ17: أنثى | AR17: 0 | AS17: 81 | AT17: 80 | AU17: 98 | AY17: أنثى | AZ17: 0 | BA17: 0 | BB17: 0 | BC17: 0 | BG17: أنثى | BH17: 0 | BI17: 81 | BJ17: 80 | BK17: 98 | BO17: أنثى | BP17: 0 | BQ17: 0 | BR17: 0 | BS17: 0 | BW17: أنثى | BX17: 0 | BY17: 0 | BZ17: 0 | CA17: 0 | CE17: أنثى | CF17: 0 | CG17: 0 | CH17: 0 | CI17: 0 | CM17: أنثى | CN17: 0 | CO17: 0 | CP17: 0 | CQ17: 0 | CU17: أنثى | CV17: =SUM(D17+L17+T17+AB17+AJ17+AR17+AZ17+BH17+BP17+BX17+CF17+CN17) -> 0 | CW17: =SUM(E17+M17+U17+AC17+AK17+AS17+BA17+BI17+BQ17+BY17+CG17+CO17) -> 172 | CX17: =SUM(F17+N17+V17+AD17+AL17+AT17+BB17+BJ17+BR17+BZ17+CH17+CP17) -> 172 | CY17: =SUM(G17+O17+W17+AE17+AM17+AU17+BC17+BK17+BS17+CA17+CI17+CQ17) -> 202
B18: مجمع الغير سعوديين | D18: =SUM(D16:D17) -> 0 | E18: =SUM(E16:E17) -> 0 | F18: =SUM(F16:F17) -> 3 | G18: =SUM(G16:G17) -> 0 | J18: مجمع الغير سعوديين | L18: =SUM(L16:L17) -> 0 | M18: =SUM(M16:M17) -> 0 | N18: =SUM(N16:N17) -> 4 | O18: =SUM(O16:O17) -> 3 | R18: مجمع الغير سعوديين | T18: 0 | U18: 15 | V18: 10 | W18: 5 | Z18: مجمع الغير سعوديين | AB18: 0 | AC18: 6 | AD18: 0 | AE18: 3 | AH18: مجمع الغير سعوديين | AJ18: =SUM(AJ16:AJ17) -> 0 | AK18: =SUM(AK16:AK17) -> 0 | AL18: =SUM(AL16:AL17) -> 0 | AM18: =SUM(AM16:AM17) -> 0 | AP18: مجمع الغير سعوديين | AR18: 0 | AS18: 195 | AT18: 209 | AU18: 192 | AX18: مجمع الغير سعوديين | AZ18: 0 | BA18: 0 | BB18: 0 | BC18: 0 | BF18: مجمع الغير سعوديين | BH18: =SUM(BH16:BH17) -> 0 | BI18: =SUM(BI16:BI17) -> 195 | BJ18: =SUM(BJ16:BJ17) -> 209 | BK18: =SUM(BK16:BK17) -> 192 | BN18: مجمع الغير سعوديين | BP18: =SUM(BP16:BP17) -> 0 | BQ18: =SUM(BQ16:BQ17) -> 2 | BR18: =SUM(BR16:BR17) -> 3 | BS18: =SUM(BS16:BS17) -> 0 | BV18: مجمع الغير سعوديين | BX18: =SUM(BX16:BX17) -> 0 | BY18: =SUM(BY16:BY17) -> 0 | BZ18: =SUM(BZ16:BZ17) -> 0 | CA18: =SUM(CA16:CA17) -> 0 | CD18: مجمع الغير سعوديين | CF18: =SUM(CF16:CF17) -> 0 | CG18: =SUM(CG16:CG17) -> 0 | CH18: =SUM(CH16:CH17) -> 0 | CI18: =SUM(CI16:CI17) -> 0 | CL18: مجمع الغير سعوديين | CN18: =SUM(CN16:CN17) -> 0 | CO18: =SUM(CO16:CO17) -> 0 | CP18: =SUM(CP16:CP17) -> 0 | CQ18: =SUM(CQ16:CQ17) -> 0 | CT18: مجمع الغير سعوديين | CV18: =SUM(CV16:CV17) -> 0 | CW18: =SUM(CW16:CW17) -> 413 | CX18: =SUM(CX16:CX17) -> 438 | CY18: =SUM(CY16:CY17) -> 395
B19: المجموع الكلي | D19: =SUM(D15+D18) -> 0 | E19: =SUM(E15+E18) -> 9 | F19: =SUM(F15+F18) -> 13 | G19: =SUM(G15+G18) -> 12 | J19: المجموع الكلي | L19: =SUM(L15+L18) -> 0 | M19: =SUM(M15+M18) -> 5 | N19: =SUM(N15+N18) -> 14 | O19: =SUM(O15+O18) -> 10 | R19: المجموع الكلي | T19: 0 | U19: 50 | V19: 26 | W19: 25 | Z19: المجموع الكلي | AB19: 0 | AC19: 40 | AD19: 83 | AE19: 17 | AH19: المجموع الكلي | AJ19: =SUM(AJ15+AJ18) -> 0 | AK19: =SUM(AK15+AK18) -> 0 | AL19: =SUM(AL15+AL18) -> 0 | AM19: =SUM(AM15+AM18) -> 0 | AP19: المجموع الكلي | AR19: 0 | AS19: 527 | AT19: 894 | AU19: 941 | AX19: المجموع الكلي | AZ19: 0 | BA19: 12 | BB19: 8 | BC19: 13 | BF19: المجموع الكلي | BH19: =SUM(BH15+BH18) -> 0 | BI19: =SUM(BI15+BI18) -> 527 | BJ19: =SUM(BJ15+BJ18) -> 894 | BK19: =SUM(BK15+BK18) -> 941 | BN19: المجموع الكلي | BP19: =SUM(BP15+BP18) -> 0 | BQ19: =SUM(BQ15+BQ18) -> 9 | BR19: =SUM(BR15+BR18) -> 13 | BS19: =SUM(BS15+BS18) -> 10 | BV19: المجموع الكلي | BX19: =SUM(BX15+BX18) -> 0 | BY19: =SUM(BY15+BY18) -> 0 | BZ19: =SUM(BZ15+BZ18) -> 0 | CA19: =SUM(CA15+CA18) -> 0 | CD19: المجموع الكلي | CF19: =SUM(CF15+CF18) -> 0 | CG19: =SUM(CG15+CG18) -> 0 | CH19: =SUM(CH15+CH18) -> 0 | CI19: =SUM(CI15+CI18) -> 0 | CL19: المجموع الكلي | CN19: =SUM(CN15+CN18) -> 0 | CO19: =SUM(CO15+CO18) -> 0 | CP19: =SUM(CP15+CP18) -> 0 | CQ19: =SUM(CQ15+CQ18) -> 0 | CT19: المجموع الكلي | CV19: =SUM(CV15+CV18) -> 0 | CW19: =SUM(CW15+CW18) -> 1179 | CX19: =SUM(CX15+CX18) -> 1945 | CY19: =SUM(CY15+CY18) -> 1969
A20: السليمانية | B20: سعودي | C20: ذكر | D20: 0 | E20: 98 | F20: 301 | G20: 211 | I20: السليمانية | J20: سعودي | K20: ذكر | L20: 0 | M20: 178 | N20: 154 | O20: 158 | Q20: السليمانية | R20: سعودي | S20: ذكر | T20: 2 | U20: 35 | V20: 44 | W20: 34 | Y20: السليمانية | Z20: سعودي | AA20: ذكر | AB20: 0 | AC20: 0 | AD20: 0 | AE20: 0 | AG20: السليمانية | AH20: سعودي | AI20: ذكر | AJ20: 2 | AK20: 62 | AL20: 29 | AM20: 64 | AO20: السليمانية | AP20: سعودي | AQ20: ذكر | AR20: 0 | AS20: 78 | AT20: 298 | AU20: 302 | AW20: السليمانية | AX20: سعودي | AY20: ذكر | AZ20: 0 | BA20: 78 | BB20: 298 | BC20: 302 | BE20: السليمانية | BF20: سعودي | BG20: ذكر | BH20: 0 | BI20: 78 | BJ20: 298 | BK20: 302 | BM20: السليمانية | BN20: سعودي | BO20: ذكر | BQ20: 21 | BR20: 45 | BS20: 66 | BU20: السليمانية | BV20: سعودي | BW20: ذكر | BX20: 0 | BY20: 98 | BZ20: 301 | CA20: 211 | CC20: السليمانية | CD20: سعودي | CE20: ذكر | CF20: 0 | CG20: 0 | CH20: 0 | CI20: 0 | CK20: السليمانية | CL20: سعودي | CM20: ذكر | CN20: 0 | CO20: 0 | CP20: 0 | CQ20: 0 | CS20: =(CK20) -> السليمانية | CT20: سعودي | CU20: ذكر | CV20: =SUM(D20+L20+T20+AB20+AJ20+AR20+AZ20+BH20+BP20+BX20+CF20+CN20) -> 4 | CW20: =SUM(E20+M20+U20+AC20+AK20+AS20+BA20+BI20+BQ20+BY20+CG20+CO20) -> 726 | CX20: =SUM(F20+N20+V20+AD20+AL20+AT20+BB20+BJ20+BR20+BZ20+CH20+CP20) -> 1768 | CY20: =SUM(G20+O20+W20+AE20+AM20+AU20+BC20+BK20+BS20+CA20+CI20+CQ20) -> 1650
C21: أنثى | D21: 0 | E21: 65 | F21: 280 | G21: 190 | K21: أنثى | L21: 0 | M21: 165 | N21: 124 | O21: 187 | S21: أنثى | T21: 1 | U21: 8 | V21: 11 | W21: 21 | AA21: أنثى | AB21: 0 | AC21: 0 | AD21: 0 | AE21: 0 | AI21: أنثى | AJ21: 1 | AK21: 19 | AL21: 40 | AM21: 51 | AQ21: أنثى | AR21: 0 | AS21: 98 | AT21: 201 | AU21: 206 | AY21: أنثى | AZ21: 0 | BA21: 98 | BB21: 201 | BC21: 206 | BG21: أنثى | BH21: 0 | BI21: 98 | BJ21: 201 | BK21: 206 | BO21: أنثى | BP21: 0 | BQ21: 25 | BR21: 50 | BS21: 71 | BW21: أنثى | BX21: 0 | BY21: 65 | BZ21: 280 | CA21: 190 | CE21: أنثى | CF21: 0 | CG21: 0 | CH21: 0 | CI21: 0 | CM21: أنثى | CN21: 0 | CO21: 0 | CP21: 0 | CQ21: 0 | CU21: أنثى | CV21: =SUM(D21+L21+T21+AB21+AJ21+AR21+AZ21+BH21+BP21+BX21+CF21+CN21) -> 2 | CW21: =SUM(E21+M21+U21+AC21+AK21+AS21+BA21+BI21+BQ21+BY21+CG21+CO21) -> 641 | CX21: =SUM(F21+N21+V21+AD21+AL21+AT21+BB21+BJ21+BR21+BZ21+CH21+CP21) -> 1388 | CY21: =SUM(G21+O21+W21+AE21+AM21+AU21+BC21+BK21+BS21+CA21+CI21+CQ21) -> 1328
B22: مجموع السعوديين | D22: 0 | E22: 163 | F22: 581 | G22: 401 | J22: مجموع السعوديين | L22: 0 | M22: 343 | N22: 278 | O22: 345 | R22: مجموع السعوديين | T22: 3 | U22: 43 | V22: 55 | W22: 55 | Z22: مجموع السعوديين | AB22: 0 | AC22: 0 | AD22: 0 | AE22: 0 | AH22: مجموع السعوديين | AJ22: 3 | AK22: 81 | AL22: 69 | AM22: 115 | AP22: مجموع السعوديين | AR22: 0 | AS22: 176 | AT22: 499 | AU22: 508 | AX22: مجموع السعوديين | AZ22: 0 | BA22: 176 | BB22: 499 | BC22: 508 | BF22: مجموع السعوديين | BH22: =SUM(BH20:BH21) -> 0 | BI22: =SUM(BI20:BI21) -> 176 | BJ22: =SUM(BJ20:BJ21) -> 499 | BK22: =SUM(BK20:BK21) -> 508 | BN22: مجموع السعوديين | BP22: =SUM(BP20:BP21) -> 0 | BQ22: =SUM(BQ20:BQ21) -> 46 | BR22: =SUM(BR20:BR21) -> 95 | BS22: =SUM(BS20:BS21) -> 137 | BV22: مجموع السعوديين | BX22: 0 | BY22: 163 | BZ22: 581 | CA22: 401 | CD22: مجموع السعوديين | CF22: =SUM(CF20:CF21) -> 0 | CG22: =SUM(CG20:CG21) -> 0 | CH22: =SUM(CH20:CH21) -> 0 | CI22: =SUM(CI20:CI21) -> 0 | CL22: مجموع السعوديين | CN22: =SUM(CN20:CN21) -> 0 | CO22: =SUM(CO20:CO21) -> 0 | CP22: =SUM(CP20:CP21) -> 0 | CQ22: =SUM(CQ20:CQ21) -> 0 | CT22: مجموع السعوديين | CV22: =SUM(CV20:CV21) -> 6 | CW22: =SUM(CW20:CW21) -> 1367 | CX22: =SUM(CX20:CX21) -> 3156 | CY22: =SUM(CY20:CY21) -> 2978
B23: غير سعودي | C23: ذكر | D23: 0 | E23: 32 | F23: 144 | G23: 111 | J23: غير سعودي | K23: ذكر | L23: 0 | M23: 112 | N23: 141 | O23: 96 | R23: غير سعودي | S23: ذكر | T23: 0 | U23: 16 | V23: 35 | W23: 28 | Z23: غير سعودي | AA23: ذكر | AB23: 0 | AC23: 0 | AD23: 0 | AE23: 0 | AH23: غير سعودي | AI23: ذكر | AJ23: 0 | AK23: 14 | AL23: 16 | AM23: 3 | AP23: غير سعودي | AQ23: ذكر | AR23: 0 | AS23: 95 | AT23: 102 | AU23: 82 | AX23: غير سعودي | AY23: ذكر | AZ23: 0 | BA23: 54 | BB23: 147 | BC23: 120 | BF23: غير سعودي | BG23: ذكر | BH23: 0 | BI23: 95 | BJ23: 102 | BK23: 82 | BN23: غير سعودي | BO23: ذكر | BP23: 0 | BQ23: 5 | BR23: 7 | BS23: 8 | BV23: غير سعودي | BW23: ذكر | BX23: 0 | BY23: 32 | BZ23: 144 | CA23: 111 | CD23: غير سعودي | CE23: ذكر | CF23: 0 | CG23: 0 | CH23: 0 | CI23: 0 | CL23: غير سعودي | CM23: ذكر | CN23: 0 | CO23: 0 | CP23: 0 | CQ23: 0 | CT23: غير سعودي | CU23: ذكر | CV23: =SUM(D23+L23+T23+AB23+AJ23+AR23+AZ23+BH23+BP23+BX23+CF23+CN23) -> 0 | CW23: =SUM(E23+M23+U23+AC23+AK23+AS23+BA23+BI23+BQ23+BY23+CG23+CO23) -> 455 | CX23: =SUM(F23+N23+V23+AD23+AL23+AT23+BB23+BJ23+BR23+BZ23+CH23+CP23) -> 838 | CY23: =SUM(G23+O23+W23+AE23+AM23+AU23+BC23+BK23+BS23+CA23+CI23+CQ23) -> 641
C24: أنثى | D24: 0 | E24: 22 | F24: 80 | G24: 89 | K24: أنثى | L24: 0 | M24: 69 | N24: 87 | O24: 78 | S24: أنثى | T24: 0 | U24: 2 | V24: 15 | W24: 5 | AA24: أنثى | AB24: 0 | AC24: 0 | AD24: 0 | AE24: 0 | AI24: أنثى | AJ24: 0 | AK24: 2 | AL24: 4 | AM24: 1 | AQ24: أنثى | AR24: 0 | AS24: 63 | AT24: 52 | AU24: 79 | AY24: أنثى | AZ24: 0 | BA24: 25 | BB24: 66 | BC24: 101 | BG24: أنثى | BH24: 0 | BI24: 63 | BJ24: 52 | BK24: 79 | BO24: أنثى | BP24: 0 | BQ24: 6 | BR24: 5 | BS24: 0 | BW24: أنثى | BX24: 0 | BY24: 22 | BZ24: 80 | CA24: 89 | CE24: أنثى | CF24: 0 | CG24: 0 | CH24: 0 | CI24: 0 | CM24: أنثى | CN24: 0 | CO24: 0 | CP24: 0 | CQ24: 0 | CU24: أنثى | CV24: =SUM(D24+L24+T24+AB24+AJ24+AR24+AZ24+BH24+BP24+BX24+CF24+CN24) -> 0 | CW24: =SUM(E24+M24+U24+AC24+AK24+AS24+BA24+BI24+BQ24+BY24+CG24+CO24) -> 274 | CX24: =SUM(F24+N24+V24+AD24+AL24+AT24+BB24+BJ24+BR24+BZ24+CH24+CP24) -> 441 | CY24: =SUM(G24+O24+W24+AE24+AM24+AU24+BC24+BK24+BS24+CA24+CI24+CQ24) -> 521
B25: مجمع الغير سعوديين | D25: =SUM(D23:D24) -> 0 | E25: =SUM(E23:E24) -> 54 | F25: =SUM(F23:F24) -> 224 | G25: =SUM(G23:G24) -> 200 | J25: مجمع الغير سعوديين | L25: =SUM(L23:L24) -> 0 | M25: =SUM(M23:M24) -> 181 | N25: =SUM(N23:N24) -> 228 | O25: =SUM(O23:O24) -> 174 | R25: مجمع الغير سعوديين | T25: 0 | U25: 18 | V25: 50 | W25: 33 | Z25: مجمع الغير سعوديين | AB25: 0 | AC25: 0 | AD25: 0 | AE25: 0 | AH25: مجمع الغير سعوديين | AJ25: =SUM(AJ23:AJ24) -> 0 | AK25: =SUM(AK23:AK24) -> 16 | AL25: =SUM(AL23:AL24) -> 20 | AM25: =SUM(AM23:AM24) -> 4 | AP25: مجمع الغير سعوديين | AR25: 0 | AS25: 158 | AT25: 154 | AU25: 161 | AX25: مجمع الغير سعوديين | AZ25: 0 | BA25: 79 | BB25: 213 | BC25: 221 | BF25: مجمع الغير سعوديين | BH25: =SUM(BH23:BH24) -> 0 | BI25: =SUM(BI23:BI24) -> 158 | BJ25: =SUM(BJ23:BJ24) -> 154 | BK25: =SUM(BK23:BK24) -> 161 | BN25: مجمع الغير سعوديين | BP25: =SUM(BP23:BP24) -> 0 | BQ25: =SUM(BQ23:BQ24) -> 11 | BR25: =SUM(BR23:BR24) -> 12 | BS25: =SUM(BS23:BS24) -> 8 | BV25: مجمع الغير سعوديين | BX25: 0 | BY25: 54 | BZ25: 224 | CA25: 200 | CD25: مجمع الغير سعوديين | CF25: =SUM(CF23:CF24) -> 0 | CG25: =SUM(CG23:CG24) -> 0 | CH25: =SUM(CH23:CH24) -> 0 | CI25: =SUM(CI23:CI24) -> 0 | CL25: مجمع الغير سعوديين | CN25: =SUM(CN23:CN24) -> 0 | CO25: =SUM(CO23:CO24) -> 0 | CP25: =SUM(CP23:CP24) -> 0 | CQ25: =SUM(CQ23:CQ24) -> 0 | CT25: مجمع الغير سعوديين | CV25: =SUM(CV23:CV24) -> 0 | CW25: =SUM(CW23:CW24) -> 729 | CX25: =SUM(CX23:CX24) -> 1279 | CY25: =SUM(CY23:CY24) -> 1162
B26: المجموع الكلي | D26: =SUM(D22+D25) -> 0 | E26: =SUM(E22+E25) -> 217 | F26: =SUM(F22+F25) -> 805 | G26: =SUM(G22+G25) -> 601 | J26: المجموع الكلي | L26: =SUM(L22+L25) -> 0 | M26: =SUM(M22+M25) -> 524 | N26: =SUM(N22+N25) -> 506 | O26: =SUM(O22+O25) -> 519 | R26: المجموع الكلي | T26: 3 | U26: 61 | V26: 105 | W26: 88 | Z26: المجموع الكلي | AB26: 0 | AC26: 0 | AD26: 0 | AE26: 0 | AH26: المجموع الكلي | AJ26: =SUM(AJ22+AJ25) -> 3 | AK26: =SUM(AK22+AK25) -> 97 | AL26: =SUM(AL22+AL25) -> 89 | AM26: =SUM(AM22+AM25) -> 119 | AP26: المجموع الكلي | AR26: 0 | AS26: 334 | AT26: 653 | AU26: 669 | AX26: المجموع الكلي | AZ26: 0 | BA26: 255 | BB26: 712 | BC26: 729 | BF26: المجموع الكلي | BH26: =SUM(BH22+BH25) -> 0 | BI26: =SUM(BI22+BI25) -> 334 | BJ26: =SUM(BJ22+BJ25) -> 653 | BK26: =SUM(BK22+BK25) -> 669 | BN26: المجموع الكلي | BP26: =SUM(BP22+BP25) -> 0 | BQ26: =SUM(BQ22+BQ25) -> 57 | BR26: =SUM(BR22+BR25) -> 107 | BS26: =SUM(BS22+BS25) -> 145 | BV26: المجموع الكلي | BX26: 0 | BY26: 217 | BZ26: 805 | CA26: 601 | CD26: المجموع الكلي | CF26: =SUM(CF22+CF25) -> 0 | CG26: =SUM(CG22+CG25) -> 0 | CH26: =SUM(CH22+CH25) -> 0 | CI26: =SUM(CI22+CI25) -> 0 | CL26: المجموع الكلي | CN26: =SUM(CN22+CN25) -> 0 | CO26: =SUM(CO22+CO25) -> 0 | CP26: =SUM(CP22+CP25) -> 0 | CQ26: =SUM(CQ22+CQ25) -> 0 | CT26: المجموع الكلي | CV26: =SUM(CV22+CV25) -> 6 | CW26: =SUM(CW22+CW25) -> 2096 | CX26: =SUM(CX22+CX25) -> 4435 | CY26: =SUM(CY22+CY25) -> 4140
A27: المطار القديم | B27: سعودي | C27: ذكر | D27: 0 | E27: 81 | F27: 99 | G27: 120 | I27: المطار القديم | J27: سعودي | K27: ذكر | L27: 0 | M27: 0 | N27: 0 | O27: 0 | Q27: المطار القديم | R27: سعودي | S27: ذكر | T27: 0 | U27: 56 | V27: 36 | W27: 33 | Y27: المطار القديم | Z27: سعودي | AA27: ذكر | AB27: 0 | AC27: 0 | AD27: 0 | AE27: 0 | AG27: المطار القديم | AH27: سعودي | AI27: ذكر | AJ27: 0 | AK27: 21 | AL27: 20 | AM27: 26 | AO27: المطار القديم | AP27: سعودي | AQ27: ذكر | AR27: 0 | AS27: 18 | AT27: 19 | AU27: 23 | AW27: المطار القديم | AX27: سعودي | AY27: ذكر | AZ27: 0 | BA27: 89 | BB27: 110 | BC27: 102 | BE27: المطار القديم | BF27: سعودي | BG27: ذكر | BH27: 0 | BI27: 18 | BJ27: 1 | BK27: 31 | BM27: المطار القديم | BN27: سعودي | BO27: ذكر | BP27: 2 | BQ27: 35 | BR27: 22 | BS27: 58 | BU27: المطار القديم | BV27: سعودي | BW27: ذكر | BX27: 0 | BY27: 81 | BZ27: 99 | CA27: 120 | CC27: المطار القديم | CD27: سعودي | CE27: ذكر | CF27: 0 | CG27: 0 | CH27: 0 | CI27: 0 | CK27: المطار القديم | CL27: سعودي | CM27: ذكر | CN27: 0 | CO27: 0 | CP27: 0 | CQ27: 0 | CS27: =(CK27) -> المطار القديم | CT27: سعودي | CU27: ذكر | CV27: =SUM(D27+L27+T27+AB27+AJ27+AR27+AZ27+BH27+BP27+BX27+CF27+CN27) -> 2 | CW27: =SUM(E27+M27+U27+AC27+AK27+AS27+BA27+BI27+BQ27+BY27+CG27+CO27) -> 399 | CX27: =SUM(F27+N27+V27+AD27+AL27+AT27+BB27+BJ27+BR27+BZ27+CH27+CP27) -> 406 | CY27: =SUM(G27+O27+W27+AE27+AM27+AU27+BC27+BK27+BS27+CA27+CI27+CQ27) -> 513
C28: أنثى | D28: 0 | E28: 25 | F28: 40 | G28: 35 | K28: أنثى | L28: 0 | M28: 0 | N28: 0 | O28: 0 | S28: أنثى | T28: 0 | U28: 33 | V28: 6 | W28: 11 | AA28: أنثى | AB28: 0 | AC28: 0 | AD28: 0 | AE28: 0 | AI28: أنثى | AJ28: 0 | AK28: 5 | AL28: 9 | AM28: 10 | AQ28: أنثى | AR28: 0 | AS28: 8 | AT28: 21 | AU28: 27 | AY28: أنثى | AZ28: 0 | BA28: 49 | BB28: 87 | BC28: 76 | BG28: أنثى | BH28: 0 | BI28: 3 | BJ28: 0 | BK28: 9 | BO28: أنثى | BP28: 0 | BQ28: 8 | BR28: 10 | BS28: 9 | BW28: أنثى | BX28: 0 | BY28: 25 | BZ28: 40 | CA28: 35 | CE28: أنثى | CF28: 0 | CG28: 0 | CH28: 0 | CI28: 0 | CM28: أنثى | CN28: 0 | CO28: 0 | CP28: 0 | CQ28: 0 | CU28: أنثى | CV28: =SUM(D28+L28+T28+AB28+AJ28+AR28+AZ28+BH28+BP28+BX28+CF28+CN28) -> 0 | CW28: =SUM(E28+M28+U28+AC28+AK28+AS28+BA28+BI28+BQ28+BY28+CG28+CO28) -> 156 | CX28: =SUM(F28+N28+V28+AD28+AL28+AT28+BB28+BJ28+BR28+BZ28+CH28+CP28) -> 213 | CY28: =SUM(G28+O28+W28+AE28+AM28+AU28+BC28+BK28+BS28+CA28+CI28+CQ28) -> 212
B29: مجموع السعوديين | D29: 0 | E29: 106 | F29: 139 | G29: 155 | J29: مجموع السعوديين | L29: =SUM(L27:L28) -> 0 | M29: =SUM(M27:M28) -> 0 | N29: =SUM(N27:N28) -> 0 | O29: =SUM(O27:O28) -> 0 | R29: مجموع السعوديين | T29: 0 | U29: 89 | V29: 42 | W29: 44 | Z29: مجموع السعوديين | AB29: 0 | AC29: 0 | AD29: 0 | AE29: 0 | AH29: مجموع السعوديين | AJ29: 0 | AK29: 26 | AL29: 29 | AM29: 36 | AP29: مجموع السعوديين | AR29: 0 | AS29: 26 | AT29: 40 | AU29: 50 | AX29: مجموع السعوديين | AZ29: 0 | BA29: 138 | BB29: 197 | BC29: 178 | BF29: مجموع السعوديين | BH29: =SUM(BH27:BH28) -> 0 | BI29: =SUM(BI27:BI28) -> 21 | BJ29: =SUM(BJ27:BJ28) -> 1 | BK29: =SUM(BK27:BK28) -> 40 | BN29: مجموع السعوديين | BP29: =SUM(BP27:BP28) -> 2 | BQ29: =SUM(BQ27:BQ28) -> 43 | BR29: =SUM(BR27:BR28) -> 32 | BS29: =SUM(BS27:BS28) -> 67 | BV29: مجموع السعوديين | BX29: 0 | BY29: 106 | BZ29: 139 | CA29: 155 | CD29: مجموع السعوديين | CF29: =SUM(CF27:CF28) -> 0 | CG29: =SUM(CG27:CG28) -> 0 | CH29: =SUM(CH27:CH28) -> 0 | CI29: =SUM(CI27:CI28) -> 0 | CL29: مجموع السعوديين | CN29: =SUM(CN27:CN28) -> 0 | CO29: =SUM(CO27:CO28) -> 0 | CP29: =SUM(CP27:CP28) -> 0 | CQ29: =SUM(CQ27:CQ28) -> 0 | CT29: مجموع السعوديين | CV29: =SUM(CV27:CV28) -> 2 | CW29: =SUM(CW27:CW28) -> 555 | CX29: =SUM(CX27:CX28) -> 619 | CY29: =SUM(CY27:CY28) -> 725
B30: غير سعودي | C30: ذكر | D30: 0 | E30: 10 | F30: 11 | G30: 1 | J30: غير سعودي | K30: ذكر | L30: 0 | M30: 0 | N30: 0 | O30: 0 | R30: غير سعودي | S30: ذكر | T30: 0 | U30: 2 | V30: 5 | W30: 0 | Z30: غير سعودي | AA30: ذكر | AB30: 0 | AC30: 0 | AD30: 0 | AE30: 0 | AH30: غير سعودي | AI30: ذكر | AJ30: 0 | AK30: 2 | AL30: 3 | AM30: 0 | AP30: غير سعودي | AQ30: ذكر | AR30: 0 | AS30: 4 | AT30: 6 | AU30: 0 | AX30: غير سعودي | AY30: ذكر | AZ30: 0 | BA30: 16 | BB30: 6 | BC30: 5 | BF30: غير سعودي | BG30: ذكر | BH30: 0 | BI30: 2 | BJ30: 0 | BK30: 2 | BN30: غير سعودي | BO30: ذكر | BP30: 0 | BQ30: 0 | BR30: 0 | BS30: 0 | BV30: غير سعودي | BW30: ذكر | BX30: 0 | BY30: 10 | BZ30: 11 | CA30: 1 | CD30: غير سعودي | CE30: ذكر | CF30: 0 | CG30: 0 | CH30: 0 | CI30: 0 | CL30: غير سعودي | CM30: ذكر | CN30: 0 | CO30: 0 | CP30: 0 | CQ30: 0 | CT30: غير سعودي | CU30: ذكر | CV30: =SUM(D30+L30+T30+AB30+AJ30+AR30+AZ30+BH30+BP30+BX30+CF30+CN30) -> 0 | CW30: =SUM(E30+M30+U30+AC30+AK30+AS30+BA30+BI30+BQ30+BY30+CG30+CO30) -> 46 | CX30: =SUM(F30+N30+V30+AD30+AL30+AT30+BB30+BJ30+BR30+BZ30+CH30+CP30) -> 42 | CY30: =SUM(G30+O30+W30+AE30+AM30+AU30+BC30+BK30+BS30+CA30+CI30+CQ30) -> 9
C31: أنثى | D31: 0 | E31: 2 | F31: 5 | G31: 5 | K31: أنثى | L31: 0 | M31: 0 | N31: 0 | O31: 0 | S31: أنثى | T31: 0 | U31: 3 | V31: 1 | W31: 0 | AA31: أنثى | AB31: 0 | AC31: 0 | AD31: 0 | AE31: 0 | AI31: أنثى | AJ31: 0 | AK31: 0 | AL31: 0 | AM31: 0 | AQ31: أنثى | AR31: 0 | AS31: 0 | AT31: 0 | AU31: 0 | AY31: أنثى | AZ31: 0 | BA31: 6 | BB31: 10 | BC31: 11 | BG31: أنثى | BH31: 0 | BI31: 0 | BJ31: 0 | BK31: 0 | BO31: أنثى | BP31: 0 | BQ31: 0 | BR31: 0 | BS31: 0 | BW31: أنثى | BX31: 0 | BY31: 2 | BZ31: 5 | CA31: 5 | CE31: أنثى | CF31: 0 | CG31: 0 | CH31: 0 | CI31: 0 | CM31: أنثى | CN31: 0 | CO31: 0 | CP31: 0 | CQ31: 0 | CU31: أنثى | CV31: =SUM(D31+L31+T31+AB31+AJ31+AR31+AZ31+BH31+BP31+BX31+CF31+CN31) -> 0 | CW31: =SUM(E31+M31+U31+AC31+AK31+AS31+BA31+BI31+BQ31+BY31+CG31+CO31) -> 13 | CX31: =SUM(F31+N31+V31+AD31+AL31+AT31+BB31+BJ31+BR31+BZ31+CH31+CP31) -> 21 | CY31: =SUM(G31+O31+W31+AE31+AM31+AU31+BC31+BK31+BS31+CA31+CI31+CQ31) -> 21
B32: مجمع الغير سعوديين | D32: =SUM(D30:D31) -> 0 | E32: =SUM(E30:E31) -> 12 | F32: =SUM(F30:F31) -> 16 | G32: =SUM(G30:G31) -> 6 | J32: مجمع الغير سعوديين | L32: =SUM(L30:L31) -> 0 | M32: =SUM(M30:M31) -> 0 | N32: =SUM(N30:N31) -> 0 | O32: =SUM(O30:O31) -> 0 | R32: مجمع الغير سعوديين | T32: 0 | U32: 0 | V32: 0 | W32: 0 | Z32: مجمع الغير سعوديين | AB32: 0 | AC32: 0 | AD32: 0 | AE32: 0 | AH32: مجمع الغير سعوديين | AJ32: =SUM(AJ30:AJ31) -> 0 | AK32: =SUM(AK30:AK31) -> 2 | AL32: =SUM(AL30:AL31) -> 3 | AM32: =SUM(AM30:AM31) -> 0 | AP32: مجمع الغير سعوديين | AR32: 0 | AS32: 4 | AT32: 6 | AU32: 0 | AX32: مجمع الغير سعوديين | AZ32: 0 | BA32: 22 | BB32: 16 | BC32: 16 | BF32: مجمع الغير سعوديين | BH32: =SUM(BH30:BH31) -> 0 | BI32: =SUM(BI30:BI31) -> 2 | BJ32: =SUM(BJ30:BJ31) -> 0 | BK32: =SUM(BK30:BK31) -> 2 | BN32: مجمع الغير سعوديين | BP32: =SUM(BP30:BP31) -> 0 | BQ32: =SUM(BQ30:BQ31) -> 0 | BR32: =SUM(BR30:BR31) -> 0 | BS32: =SUM(BS30:BS31) -> 0 | BV32: مجمع الغير سعوديين | BX32: 0 | BY32: 12 | BZ32: 16 | CA32: 6 | CD32: مجمع الغير سعوديين | CF32: =SUM(CF30:CF31) -> 0 | CG32: =SUM(CG30:CG31) -> 0 | CH32: =SUM(CH30:CH31) -> 0 | CI32: =SUM(CI30:CI31) -> 0 | CL32: مجمع الغير سعوديين | CN32: =SUM(CN30:CN31) -> 0 | CO32: =SUM(CO30:CO31) -> 0 | CP32: =SUM(CP30:CP31) -> 0 | CQ32: =SUM(CQ30:CQ31) -> 0 | CT32: مجمع الغير سعوديين | CV32: =SUM(CV30:CV31) -> 0 | CW32: =SUM(CW30:CW31) -> 59 | CX32: =SUM(CX30:CX31) -> 63 | CY32: =SUM(CY30:CY31) -> 30
B33: المجموع الكلي | D33: =SUM(D29+D32) -> 0 | E33: =SUM(E29+E32) -> 118 | F33: =SUM(F29+F32) -> 155 | G33: =SUM(G29+G32) -> 161 | J33: المجموع الكلي | L33: =SUM(L29+L32) -> 0 | M33: =SUM(M29+M32) -> 0 | N33: =SUM(N29+N32) -> 0 | O33: =SUM(O29+O32) -> 0 | R33: المجموع الكلي | T33: 0 | U33: 0 | V33: 0 | W33: 0 | Z33: المجموع الكلي | AB33: 0 | AC33: 0 | AD33: 0 | AE33: 0 | AH33: المجموع الكلي | AJ33: =SUM(AJ29+AJ32) -> 0 | AK33: =SUM(AK29+AK32) -> 28 | AL33: =SUM(AL29+AL32) -> 32 | AM33: =SUM(AM29+AM32) -> 36 | AP33: المجموع الكلي | AR33: 0 | AS33: 0 | AT33: 0 | AU33: 0 | AX33: المجموع الكلي | AZ33: 0 | BA33: 160 | BB33: 213 | BC33: 194 | BF33: المجموع الكلي | BH33: =SUM(BH29+BH32) -> 0 | BI33: =SUM(BI29+BI32) -> 23 | BJ33: =SUM(BJ29+BJ32) -> 1 | BK33: =SUM(BK29+BK32) -> 42 | BN33: المجموع الكلي | BP33: =SUM(BP29+BP32) -> 2 | BQ33: =SUM(BQ29+BQ32) -> 43 | BR33: =SUM(BR29+BR32) -> 32 | BS33: =SUM(BS29+BS32) -> 67 | BV33: المجموع الكلي | BX33: 0 | BY33: 118 | BZ33: 155 | CA33: 161 | CD33: المجموع الكلي | CF33: =SUM(CF29+CF32) -> 0 | CG33: =SUM(CG29+CG32) -> 0 | CH33: =SUM(CH29+CH32) -> 0 | CI33: =SUM(CI29+CI32) -> 0 | CL33: المجموع الكلي | CN33: =SUM(CN29+CN32) -> 0 | CO33: =SUM(CO29+CO32) -> 0 | CP33: =SUM(CP29+CP32) -> 0 | CQ33: =SUM(CQ29+CQ32) -> 0 | CT33: المجموع الكلي | CV33: =SUM(CV29+CV32) -> 2 | CW33: =SUM(CW29+CW32) -> 614 | CX33: =SUM(CX29+CX32) -> 682 | CY33: =SUM(CY29+CY32) -> 755
A34: الروابي | B34: سعودي | C34: ذكر | D34: 0 | E34: 0 | F34: 0 | G34: 0 | I34: الروابي | J34: سعودي | K34: ذكر | L34: 0 | M34: 0 | N34: 0 | O34: 0 | Q34: الروابي | R34: سعودي | S34: ذكر | T34: 0 | U34: 0 | V34: 0 | W34: 0 | Y34: الروابي | Z34: سعودي | AA34: ذكر | AB34: 0 | AC34: 0 | AD34: 0 | AE34: 0 | AG34: الروابي | AH34: سعودي | AI34: ذكر | AJ34: 0 | AK34: 0 | AL34: 0 | AM34: 0 | AO34: الروابي | AP34: سعودي | AQ34: ذكر | AR34: 0 | AS34: 0 | AT34: 0 | AU34: 0 | AW34: الروابي | AX34: سعودي | AY34: ذكر | AZ34: 0 | BA34: 0 | BB34: 0 | BC34: 0 | BE34: الروابي | BF34: سعودي | BG34: ذكر | BH34: 0 | BI34: 0 | BJ34: 0 | BK34: 0 | BM34: الروابي | BN34: سعودي | BO34: ذكر | BP34: 0 | BQ34: 0 | BR34: 0 | BS34: 0 | BU34: الروابي | BV34: سعودي | BW34: ذكر | BX34: 0 | BY34: 9 | BZ34: 10 | CA34: 12 | CC34: الروابي | CD34: سعودي | CE34: ذكر | CF34: 0 | CG34: 0 | CH34: 0 | CI34: 0 | CK34: الروابي | CL34: سعودي | CM34: ذكر | CN34: 0 | CO34: 0 | CP34: 0 | CQ34: 0 | CS34: =(CK34) -> الروابي | CT34: سعودي | CU34: ذكر | CV34: =SUM(D34+L34+T34+AB34+AJ34+AR34+AZ34+BH34+BP34+BX34+CF34+CN34) -> 0 | CW34: =SUM(E34+M34+U34+AC34+AK34+AS34+BA34+BI34+BQ34+BY34+CG34+CO34) -> 9 | CX34: =SUM(F34+N34+V34+AD34+AL34+AT34+BB34+BJ34+BR34+BZ34+CH34+CP34) -> 10 | CY34: =SUM(G34+O34+W34+AE34+AM34+AU34+BC34+BK34+BS34+CA34+CI34+CQ34) -> 12
C35: أنثى | D35: 0 | E35: 0 | F35: 0 | G35: 0 | K35: أنثى | L35: 0 | M35: 0 | N35: 0 | O35: 0 | S35: أنثى | T35: 0 | U35: 0 | V35: 0 | W35: 0 | AA35: أنثى | AB35: 0 | AC35: 0 | AD35: 0 | AE35: 0 | AI35: أنثى | AJ35: 0 | AK35: 0 | AL35: 0 | AM35: 0 | AQ35: أنثى | AR35: 0 | AS35: 0 | AT35: 0 | AU35: 0 | AY35: أنثى | AZ35: 0 | BA35: 0 | BB35: 0 | BC35: 0 | BG35: أنثى | BH35: 0 | BI35: 0 | BJ35: 0 | BK35: 0 | BO35: أنثى | BP35: 0 | BQ35: 0 | BR35: 0 | BS35: 0 | BW35: أنثى | BX35: 0 | BY35: 0 | BZ35: 0 | CA35: 0 | CE35: أنثى | CF35: 0 | CG35: 0 | CH35: 0 | CI35: 0 | CM35: أنثى | CN35: 0 | CO35: 0 | CP35: 0 | CQ35: 0 | CU35: أنثى | CV35: =SUM(D35+L35+T35+AB35+AJ35+AR35+AZ35+BH35+BP35+BX35+CF35+CN35) -> 0 | CW35: =SUM(E35+M35+U35+AC35+AK35+AS35+BA35+BI35+BQ35+BY35+CG35+CO35) -> 0 | CX35: =SUM(F35+N35+V35+AD35+AL35+AT35+BB35+BJ35+BR35+BZ35+CH35+CP35) -> 0 | CY35: =SUM(G35+O35+W35+AE35+AM35+AU35+BC35+BK35+BS35+CA35+CI35+CQ35) -> 0
B36: مجموع السعوديين | D36: =SUM(D34:D35) -> 0 | E36: =SUM(E34:E35) -> 0 | F36: =SUM(F34:F35) -> 0 | G36: =SUM(G34:G35) -> 0 | J36: مجموع السعوديين | L36: =SUM(L34:L35) -> 0 | M36: =SUM(M34:M35) -> 0 | N36: =SUM(N34:N35) -> 0 | O36: =SUM(O34:O35) -> 0 | R36: مجموع السعوديين | T36: 0 | U36: 0 | V36: 0 | W36: 0 | Z36: مجموع السعوديين | AB36: 0 | AC36: 0 | AD36: 0 | AE36: 0 | AH36: مجموع السعوديين | AJ36: =SUM(AJ34:AJ35) -> 0 | AK36: =SUM(AK34:AK35) -> 0 | AL36: =SUM(AL34:AL35) -> 0 | AM36: =SUM(AM34:AM35) -> 0 | AP36: مجموع السعوديين | AR36: 0 | AS36: 0 | AT36: 0 | AU36: 0 | AX36: مجموع السعوديين | AZ36: 0 | BA36: 0 | BB36: 0 | BC36: 0 | BF36: مجموع السعوديين | BH36: =SUM(BH34:BH35) -> 0 | BI36: =SUM(BI34:BI35) -> 0 | BJ36: =SUM(BJ34:BJ35) -> 0 | BK36: =SUM(BK34:BK35) -> 0 | BN36: مجموع السعوديين | BP36: =SUM(BP34:BP35) -> 0 | BQ36: =SUM(BQ34:BQ35) -> 0 | BR36: =SUM(BR34:BR35) -> 0 | BS36: =SUM(BS34:BS35) -> 0 | BV36: مجموع السعوديين | BX36: 0 | BY36: 9 | BZ36: 10 | CA36: 12 | CD36: مجموع السعوديين | CF36: =SUM(CF34:CF35) -> 0 | CG36: =SUM(CG34:CG35) -> 0 | CH36: =SUM(CH34:CH35) -> 0 | CI36: =SUM(CI34:CI35) -> 0 | CL36: مجموع السعوديين | CN36: =SUM(CN34:CN35) -> 0 | CO36: =SUM(CO34:CO35) -> 0 | CP36: =SUM(CP34:CP35) -> 0 | CQ36: =SUM(CQ34:CQ35) -> 0 | CT36: مجموع السعوديين | CV36: =SUM(CV34:CV35) -> 0 | CW36: =SUM(CW34:CW35) -> 9 | CX36: =SUM(CX34:CX35) -> 10 | CY36: =SUM(CY34:CY35) -> 12
B37: غير سعودي | C37: ذكر | D37: 0 | E37: 0 | F37: 0 | G37: 0 | J37: غير سعودي | K37: ذكر | L37: 0 | M37: 0 | N37: 0 | O37: 0 | R37: غير سعودي | S37: ذكر | T37: 0 | U37: 0 | V37: 0 | W37: 0 | Z37: غير سعودي | AA37: ذكر | AB37: 0 | AC37: 0 | AD37: 0 | AE37: 0 | AH37: غير سعودي | AI37: ذكر | AJ37: 0 | AK37: 0 | AL37: 0 | AM37: 0 | AP37: غير سعودي | AQ37: ذكر | AR37: 0 | AS37: 0 | AT37: 0 | AU37: 0 | AX37: غير سعودي | AY37: ذكر | AZ37: 0 | BA37: 0 | BB37: 0 | BC37: 0 | BF37: غير سعودي | BG37: ذكر | BH37: 0 | BI37: 0 | BJ37: 0 | BK37: 0 | BN37: غير سعودي | BO37: ذكر | BP37: 0 | BQ37: 0 | BR37: 0 | BS37: 0 | BV37: غير سعودي | BW37: ذكر | BX37: 0 | BY37: 0 | BZ37: 0 | CA37: 0 | CD37: غير سعودي | CE37: ذكر | CF37: 0 | CG37: 0 | CH37: 0 | CI37: 0 | CL37: غير سعودي | CM37: ذكر | CN37: 0 | CO37: 0 | CP37: 0 | CQ37: 0 | CT37: غير سعودي | CU37: ذكر | CV37: =SUM(D37+L37+T37+AB37+AJ37+AR37+AZ37+BH37+BP37+BX37+CF37+CN37) -> 0 | CW37: =SUM(E37+M37+U37+AC37+AK37+AS37+BA37+BI37+BQ37+BY37+CG37+CO37) -> 0 | CX37: =SUM(F37+N37+V37+AD37+AL37+AT37+BB37+BJ37+BR37+BZ37+CH37+CP37) -> 0 | CY37: =SUM(G37+O37+W37+AE37+AM37+AU37+BC37+BK37+BS37+CA37+CI37+CQ37) -> 0
C38: أنثى | D38: 0 | E38: 0 | F38: 0 | G38: 0 | K38: أنثى | L38: 0 | M38: 0 | N38: 0 | O38: 0 | S38: أنثى | T38: 0 | U38: 0 | V38: 0 | W38: 0 | AA38: أنثى | AB38: 0 | AC38: 0 | AD38: 0 | AE38: 0 | AI38: أنثى | AJ38: 0 | AK38: 0 | AL38: 0 | AM38: 0 | AQ38: أنثى | AR38: 0 | AS38: 0 | AT38: 0 | AU38: 0 | AY38: أنثى | AZ38: 0 | BA38: 0 | BB38: 0 | BC38: 0 | BG38: أنثى | BH38: 0 | BI38: 0 | BJ38: 0 | BK38: 0 | BO38: أنثى | BP38: 0 | BQ38: 0 | BR38: 0 | BS38: 0 | BW38: أنثى | BX38: 0 | BY38: 0 | BZ38: 3 | CA38: 0 | CE38: أنثى | CF38: 0 | CG38: 0 | CH38: 0 | CI38: 0 | CM38: أنثى | CN38: 0 | CO38: 0 | CP38: 0 | CQ38: 0 | CU38: أنثى | CV38: =SUM(D38+L38+T38+AB38+AJ38+AR38+AZ38+BH38+BP38+BX38+CF38+CN38) -> 0 | CW38: =SUM(E38+M38+U38+AC38+AK38+AS38+BA38+BI38+BQ38+BY38+CG38+CO38) -> 0 | CX38: =SUM(F38+N38+V38+AD38+AL38+AT38+BB38+BJ38+BR38+BZ38+CH38+CP38) -> 3 | CY38: =SUM(G38+O38+W38+AE38+AM38+AU38+BC38+BK38+BS38+CA38+CI38+CQ38) -> 0
B39: مجمع الغير سعوديين | D39: =SUM(D37:D38) -> 0 | E39: =SUM(E37:E38) -> 0 | F39: =SUM(F37:F38) -> 0 | G39: =SUM(G37:G38) -> 0 | J39: مجمع الغير سعوديين | L39: =SUM(L37:L38) -> 0 | M39: =SUM(M37:M38) -> 0 | N39: =SUM(N37:N38) -> 0 | O39: =SUM(O37:O38) -> 0 | R39: مجمع الغير سعوديين | T39: 0 | U39: 0 | V39: 0 | W39: 0 | Z39: مجمع الغير سعوديين | AB39: 0 | AC39: 0 | AD39: 0 | AE39: 0 | AH39: مجمع الغير سعوديين | AJ39: =SUM(AJ37:AJ38) -> 0 | AK39: =SUM(AK37:AK38) -> 0 | AL39: =SUM(AL37:AL38) -> 0 | AM39: =SUM(AM37:AM38) -> 0 | AP39: مجمع الغير سعوديين | AR39: 0 | AS39: 0 | AT39: 0 | AU39: 0 | AX39: مجمع الغير سعوديين | AZ39: 0 | BA39: 0 | BB39: 0 | BC39: 0 | BF39: مجمع الغير سعوديين | BH39: =SUM(BH37:BH38) -> 0 | BI39: =SUM(BI37:BI38) -> 0 | BJ39: =SUM(BJ37:BJ38) -> 0 | BK39: =SUM(BK37:BK38) -> 0 | BN39: مجمع الغير سعوديين | BP39: =SUM(BP37:BP38) -> 0 | BQ39: =SUM(BQ37:BQ38) -> 0 | BR39: =SUM(BR37:BR38) -> 0 | BS39: =SUM(BS37:BS38) -> 0 | BV39: مجمع الغير سعوديين | BX39: 0 | BY39: 0 | BZ39: 3 | CA39: 0 | CD39: مجمع الغير سعوديين | CF39: =SUM(CF37:CF38) -> 0 | CG39: =SUM(CG37:CG38) -> 0 | CH39: =SUM(CH37:CH38) -> 0 | CI39: =SUM(CI37:CI38) -> 0 | CL39: مجمع الغير سعوديين | CN39: =SUM(CN37:CN38) -> 0 | CO39: =SUM(CO37:CO38) -> 0 | CP39: =SUM(CP37:CP38) -> 0 | CQ39: =SUM(CQ37:CQ38) -> 0 | CT39: مجمع الغير سعوديين | CV39: =SUM(CV37:CV38) -> 0 | CW39: =SUM(CW37:CW38) -> 0 | CX39: =SUM(CX37:CX38) -> 3 | CY39: =SUM(CY37:CY38) -> 0
B40: المجموع الكلي | D40: =SUM(D36+D39) -> 0 | E40: =SUM(E36+E39) -> 0 | F40: =SUM(F36+F39) -> 0 | G40: =SUM(G36+G39) -> 0 | J40: المجموع الكلي | L40: =SUM(L36+L39) -> 0 | M40: =SUM(M36+M39) -> 0 | N40: =SUM(N36+N39) -> 0 | O40: =SUM(O36+O39) -> 0 | R40: المجموع الكلي | T40: 0 | U40: 0 | V40: 0 | W40: 0 | Z40: المجموع الكلي | AB40: 0 | AC40: 0 | AD40: 0 | AE40: 0 | AH40: المجموع الكلي | AJ40: =SUM(AJ36+AJ39) -> 0 | AK40: =SUM(AK36+AK39) -> 0 | AL40: =SUM(AL36+AL39) -> 0 | AM40: =SUM(AM36+AM39) -> 0 | AP40: المجموع الكلي | AR40: 0 | AS40: 0 | AT40: 0 | AU40: 0 | AX40: المجموع الكلي | AZ40: 0 | BA40: 0 | BB40: 0 | BC40: 0 | BF40: المجموع الكلي | BH40: =SUM(BH36+BH39) -> 0 | BI40: =SUM(BI36+BI39) -> 0 | BJ40: =SUM(BJ36+BJ39) -> 0 | BK40: =SUM(BK36+BK39) -> 0 | BN40: المجموع الكلي | BP40: =SUM(BP36+BP39) -> 0 | BQ40: =SUM(BQ36+BQ39) -> 0 | BR40: =SUM(BR36+BR39) -> 0 | BS40: =SUM(BS36+BS39) -> 0 | BV40: المجموع الكلي | BX40: =SUM(BX36+BX39) -> 0 | BY40: =SUM(BY36+BY39) -> 9 | BZ40: =SUM(BZ36+BZ39) -> 13 | CA40: =SUM(CA36+CA39) -> 12 | CD40: المجموع الكلي | CF40: =SUM(CF36+CF39) -> 0 | CG40: =SUM(CG36+CG39) -> 0 | CH40: =SUM(CH36+CH39) -> 0 | CI40: =SUM(CI36+CI39) -> 0 | CL40: المجموع الكلي | CN40: =SUM(CN36+CN39) -> 0 | CO40: =SUM(CO36+CO39) -> 0 | CP40: =SUM(CP36+CP39) -> 0 | CQ40: =SUM(CQ36+CQ39) -> 0 | CT40: المجموع الكلي | CV40: =SUM(CV36+CV39) -> 0 | CW40: =SUM(CW36+CW39) -> 9 | CX40: =SUM(CX36+CX39) -> 13 | CY40: =SUM(CY36+CY39) -> 12
A41: قويزة | B41: سعودي | C41: ذكر | D41: 0 | E41: 17 | F41: 9 | G41: 10 | I41: قويزة | J41: سعودي | K41: ذكر | L41: 0 | M41: 49 | N41: 29 | O41: 13 | Q41: قويزة | R41: سعودي | S41: ذكر | T41: 0 | U41: 70 | V41: 62 | W41: 28 | Y41: قويزة | Z41: سعودي | AA41: ذكر | AB41: 0 | AC41: 61 | AD41: 49 | AE41: 40 | AG41: قويزة | AH41: سعودي | AI41: ذكر | AJ41: 0 | AK41: 35 | AL41: 40 | AM41: 35 | AO41: قويزة | AP41: سعودي | AQ41: ذكر | AR41: 0 | AS41: 45 | AT41: 25 | AU41: 16 | AW41: قويزة | AX41: سعودي | AY41: ذكر | AZ41: 0 | BA41: 18 | BB41: 10 | BC41: 12 | BE41: قويزة | BF41: سعودي | BG41: ذكر | BH41: 0 | BI41: 45 | BJ41: 25 | BK41: 16 | BM41: قويزة | BN41: سعودي | BO41: ذكر | BP41: 0 | BQ41: 25 | BR41: 20 | BS41: 22 | BU41: قويزة | BV41: سعودي | BW41: ذكر | BX41: 0 | BY41: 17 | BZ41: 9 | CA41: 10 | CC41: قويزة | CD41: سعودي | CE41: ذكر | CF41: 0 | CG41: 0 | CH41: 0 | CI41: 0 | CK41: قويزة | CL41: سعودي | CM41: ذكر | CN41: 0 | CO41: 0 | CP41: 0 | CQ41: 0 | CS41: =(CK41) -> قويزة | CT41: سعودي | CU41: ذكر | CV41: =SUM(D41+L41+T41+AB41+AJ41+AR41+AZ41+BH41+BP41+BX41+CF41+CN41) -> 0 | CW41: =SUM(E41+M41+U41+AC41+AK41+AS41+BA41+BI41+BQ41+BY41+CG41+CO41) -> 382 | CX41: =SUM(F41+N41+V41+AD41+AL41+AT41+BB41+BJ41+BR41+BZ41+CH41+CP41) -> 278 | CY41: =SUM(G41+O41+W41+AE41+AM41+AU41+BC41+BK41+BS41+CA41+CI41+CQ41) -> 202
C42: أنثى | D42: 0 | E42: 8 | F42: 12 | G42: 12 | K42: أنثى | L42: 0 | M42: 40 | N42: 25 | O42: 17 | S42: أنثى | T42: 0 | U42: 77 | V42: 60 | W42: 17 | AA42: أنثى | AB42: 0 | AC42: 68 | AD42: 51 | AE42: 39 | AI42: أنثى | AJ42: 0 | AK42: 34 | AL42: 23 | AM42: 32 | AQ42: أنثى | AR42: 0 | AS42: 20 | AT42: 40 | AU42: 25 | AY42: أنثى | AZ42: 0 | BA42: 14 | BB42: 15 | BC42: 14 | BG42: أنثى | BH42: 0 | BI42: 20 | BJ42: 40 | BK42: 25 | BO42: أنثى | BP42: 0 | BQ42: 19 | BR42: 21 | BS42: 15 | BW42: أنثى | BX42: 0 | BY42: 8 | BZ42: 12 | CA42: 12 | CE42: أنثى | CF42: 0 | CG42: 0 | CH42: 0 | CI42: 0 | CM42: أنثى | CN42: 0 | CO42: 0 | CP42: 0 | CQ42: 0 | CU42: أنثى | CV42: =SUM(D42+L42+T42+AB42+AJ42+AR42+AZ42+BH42+BP42+BX42+CF42+CN42) -> 0 | CW42: =SUM(E42+M42+U42+AC42+AK42+AS42+BA42+BI42+BQ42+BY42+CG42+CO42) -> 308 | CX42: =SUM(F42+N42+V42+AD42+AL42+AT42+BB42+BJ42+BR42+BZ42+CH42+CP42) -> 299 | CY42: =SUM(G42+O42+W42+AE42+AM42+AU42+BC42+BK42+BS42+CA42+CI42+CQ42) -> 208
B43: مجموع السعوديين | D43: 0 | E43: 25 | F43: 21 | G43: 22 | J43: مجموع السعوديين | L43: 0 | M43: 89 | N43: 54 | O43: 30 | R43: مجموع السعوديين | T43: 0 | U43: 147 | V43: 122 | W43: 45 | Z43: مجموع السعوديين | AB43: 0 | AC43: 129 | AD43: 100 | AE43: 79 | AH43: مجموع السعوديين | AJ43: 0 | AK43: 69 | AL43: 63 | AM43: 67 | AP43: مجموع السعوديين | AR43: 0 | AS43: 65 | AT43: 65 | AU43: 41 | AX43: مجموع السعوديين | AZ43: 0 | BA43: 32 | BB43: 25 | BC43: 26 | BF43: مجموع السعوديين | BH43: =SUM(BH41:BH42) -> 0 | BI43: =SUM(BI41:BI42) -> 65 | BJ43: =SUM(BJ41:BJ42) -> 65 | BK43: =SUM(BK41:BK42) -> 41 | BN43: مجموع السعوديين | BP43: =SUM(BP41:BP42) -> 0 | BQ43: =SUM(BQ41:BQ42) -> 44 | BR43: =SUM(BR41:BR42) -> 41 | BS43: =SUM(BS41:BS42) -> 37 | BV43: مجموع السعوديين | BX43: 0 | BY43: 25 | BZ43: 21 | CA43: 22 | CD43: مجموع السعوديين | CF43: =SUM(CF41:CF42) -> 0 | CG43: =SUM(CG41:CG42) -> 0 | CH43: =SUM(CH41:CH42) -> 0 | CI43: =SUM(CI41:CI42) -> 0 | CL43: مجموع السعوديين | CN43: =SUM(CN41:CN42) -> 0 | CO43: =SUM(CO41:CO42) -> 0 | CP43: =SUM(CP41:CP42) -> 0 | CQ43: =SUM(CQ41:CQ42) -> 0 | CT43: مجموع السعوديين | CV43: =SUM(CV41:CV42) -> 0 | CW43: =SUM(CW41:CW42) -> 690 | CX43: =SUM(CX41:CX42) -> 577 | CY43: =SUM(CY41:CY42) -> 410
B44: غير سعودي | C44: ذكر | D44: 0 | E44: 4 | F44: 1 | G44: 4 | J44: غير سعودي | K44: ذكر | L44: 0 | M44: 1 | N44: 0 | O44: 1 | R44: غير سعودي | S44: ذكر | T44: 0 | U44: 0 | V44: 0 | W44: 0 | Z44: غير سعودي | AA44: ذكر | AB44: 0 | AC44: 0 | AD44: 0 | AE44: 0 | AH44: غير سعودي | AI44: ذكر | AJ44: 0 | AK44: 2 | AL44: 2 | AM44: 1 | AP44: غير سعودي | AQ44: ذكر | AR44: 0 | AS44: 0 | AT44: 0 | AU44: 0 | AX44: غير سعودي | AY44: ذكر | AZ44: 0 | BA44: 2 | BB44: 1 | BC44: 1 | BF44: غير سعودي | BG44: ذكر | BH44: 0 | BI44: 0 | BJ44: 0 | BK44: 0 | BN44: غير سعودي | BO44: ذكر | BP44: 0 | BQ44: 1 | BR44: 0 | BS44: 0 | BV44: غير سعودي | BW44: ذكر | BX44: 0 | BY44: 4 | BZ44: 1 | CA44: 4 | CD44: غير سعودي | CE44: ذكر | CF44: 0 | CG44: 0 | CH44: 0 | CI44: 0 | CL44: غير سعودي | CM44: ذكر | CN44: 0 | CO44: 0 | CP44: 0 | CQ44: 0 | CT44: غير سعودي | CU44: ذكر | CV44: =SUM(D44+L44+T44+AB44+AJ44+AR44+AZ44+BH44+BP44+BX44+CF44+CN44) -> 0 | CW44: =SUM(E44+M44+U44+AC44+AK44+AS44+BA44+BI44+BQ44+BY44+CG44+CO44) -> 14 | CX44: =SUM(F44+N44+V44+AD44+AL44+AT44+BB44+BJ44+BR44+BZ44+CH44+CP44) -> 5 | CY44: =SUM(G44+O44+W44+AE44+AM44+AU44+BC44+BK44+BS44+CA44+CI44+CQ44) -> 11
C45: أنثى | D45: 0 | E45: 0 | F45: 2 | G45: 2 | K45: أنثى | L45: 0 | M45: 1 | N45: 0 | O45: 0 | S45: أنثى | T45: 0 | U45: 0 | V45: 0 | W45: 0 | AA45: أنثى | AB45: 0 | AC45: 0 | AD45: 0 | AE45: 0 | AI45: أنثى | AJ45: 0 | AK45: 1 | AL45: 2 | AM45: 2 | AQ45: أنثى | AR45: 0 | AS45: 0 | AT45: 0 | AU45: 0 | AY45: أنثى | AZ45: 0 | BA45: 1 | BB45: 0 | BC45: 0 | BG45: أنثى | BH45: 0 | BI45: 0 | BJ45: 0 | BK45: 0 | BO45: أنثى | BP45: 0 | BQ45: 0 | BR45: 0 | BS45: 1 | BW45: أنثى | BX45: 0 | BY45: 0 | BZ45: 2 | CA45: 2 | CE45: أنثى | CF45: 0 | CG45: 0 | CH45: 0 | CI45: 0 | CM45: أنثى | CN45: 0 | CO45: 0 | CP45: 0 | CQ45: 0 | CU45: أنثى | CV45: =SUM(D45+L45+T45+AB45+AJ45+AR45+AZ45+BH45+BP45+BX45+CF45+CN45) -> 0 | CW45: =SUM(E45+M45+U45+AC45+AK45+AS45+BA45+BI45+BQ45+BY45+CG45+CO45) -> 3 | CX45: =SUM(F45+N45+V45+AD45+AL45+AT45+BB45+BJ45+BR45+BZ45+CH45+CP45) -> 6 | CY45: =SUM(G45+O45+W45+AE45+AM45+AU45+BC45+BK45+BS45+CA45+CI45+CQ45) -> 7
B46: مجمع الغير سعوديين | D46: =SUM(D44:D45) -> 0 | E46: =SUM(E44:E45) -> 4 | F46: =SUM(F44:F45) -> 3 | G46: =SUM(G44:G45) -> 6 | J46: مجمع الغير سعوديين | L46: =SUM(L44:L45) -> 0 | M46: =SUM(M44:M45) -> 2 | N46: =SUM(N44:N45) -> 0 | O46: =SUM(O44:O45) -> 1 | R46: مجمع الغير سعوديين | T46: 0 | U46: 0 | V46: 0 | W46: 0 | Z46: مجمع الغير سعوديين | AB46: 0 | AC46: 0 | AD46: 0 | AE46: 0 | AH46: مجمع الغير سعوديين | AJ46: =SUM(AJ44:AJ45) -> 0 | AK46: =SUM(AK44:AK45) -> 3 | AL46: =SUM(AL44:AL45) -> 4 | AM46: =SUM(AM44:AM45) -> 3 | AP46: مجمع الغير سعوديين | AR46: 0 | AS46: 0 | AT46: 0 | AU46: 0 | AX46: مجمع الغير سعوديين | AZ46: 0 | BA46: 3 | BB46: 1 | BC46: 1 | BF46: مجمع الغير سعوديين | BH46: =SUM(BH44:BH45) -> 0 | BI46: =SUM(BI44:BI45) -> 0 | BJ46: =SUM(BJ44:BJ45) -> 0 | BK46: =SUM(BK44:BK45) -> 0 | BN46: مجمع الغير سعوديين | BP46: =SUM(BP44:BP45) -> 0 | BQ46: =SUM(BQ44:BQ45) -> 1 | BR46: =SUM(BR44:BR45) -> 0 | BS46: =SUM(BS44:BS45) -> 1 | BV46: مجمع الغير سعوديين | BX46: 0 | BY46: 4 | BZ46: 3 | CA46: 6 | CD46: مجمع الغير سعوديين | CF46: =SUM(CF44:CF45) -> 0 | CG46: =SUM(CG44:CG45) -> 0 | CH46: =SUM(CH44:CH45) -> 0 | CI46: =SUM(CI44:CI45) -> 0 | CL46: مجمع الغير سعوديين | CN46: =SUM(CN44:CN45) -> 0 | CO46: =SUM(CO44:CO45) -> 0 | CP46: =SUM(CP44:CP45) -> 0 | CQ46: =SUM(CQ44:CQ45) -> 0 | CT46: مجمع الغير سعوديين | CV46: =SUM(CV44:CV45) -> 0 | CW46: =SUM(CW44:CW45) -> 17 | CX46: =SUM(CX44:CX45) -> 11 | CY46: =SUM(CY44:CY45) -> 18
B47: المجموع الكلي | D47: =SUM(D43+D46) -> 0 | E47: =SUM(E43+E46) -> 29 | F47: =SUM(F43+F46) -> 24 | G47: =SUM(G43+G46) -> 28 | J47: المجموع الكلي | L47: =SUM(L43+L46) -> 0 | M47: =SUM(M43+M46) -> 91 | N47: =SUM(N43+N46) -> 54 | O47: =SUM(O43+O46) -> 31 | R47: المجموع الكلي | T47: 0 | U47: 147 | V47: 122 | W47: 45 | Z47: المجموع الكلي | AB47: 0 | AC47: 129 | AD47: 100 | AE47: 79 | AH47: المجموع الكلي | AJ47: =SUM(AJ43+AJ46) -> 0 | AK47: =SUM(AK43+AK46) -> 72 | AL47: =SUM(AL43+AL46) -> 67 | AM47: =SUM(AM43+AM46) -> 70 | AP47: المجموع الكلي | AR47: 0 | AS47: 65 | AT47: 65 | AU47: 41 | AX47: المجموع الكلي | AZ47: 0 | BA47: 35 | BB47: 26 | BC47: 27 | BF47: المجموع الكلي | BH47: =SUM(BH43+BH46) -> 0 | BI47: =SUM(BI43+BI46) -> 65 | BJ47: =SUM(BJ43+BJ46) -> 65 | BK47: =SUM(BK43+BK46) -> 41 | BN47: المجموع الكلي | BP47: =SUM(BP43+BP46) -> 0 | BQ47: =SUM(BQ43+BQ46) -> 45 | BR47: =SUM(BR43+BR46) -> 41 | BS47: =SUM(BS43+BS46) -> 38 | BV47: المجموع الكلي | BX47: 0 | BY47: 29 | BZ47: 24 | CA47: 28 | CD47: المجموع الكلي | CF47: =SUM(CF43+CF46) -> 0 | CG47: =SUM(CG43+CG46) -> 0 | CH47: =SUM(CH43+CH46) -> 0 | CI47: =SUM(CI43+CI46) -> 0 | CL47: المجموع الكلي | CN47: =SUM(CN43+CN46) -> 0 | CO47: =SUM(CO43+CO46) -> 0 | CP47: =SUM(CP43+CP46) -> 0 | CQ47: =SUM(CQ43+CQ46) -> 0 | CT47: المجموع الكلي | CV47: =SUM(CV43+CV46) -> 0 | CW47: =SUM(CW43+CW46) -> 707 | CX47: =SUM(CX43+CX46) -> 588 | CY47: =SUM(CY43+CY46) -> 428
A48: الرغامة | B48: سعودي | C48: ذكر | D48: 0 | E48: 203 | F48: 213 | G48: 196 | I48: الرغامة | J48: سعودي | K48: ذكر | L48: 0 | M48: 235 | N48: 256 | O48: 267 | Q48: الرغامة | R48: سعودي | S48: ذكر | T48: 0 | U48: 122 | V48: 156 | W48: 323 | Y48: الرغامة | Z48: سعودي | AA48: ذكر | AB48: 0 | AC48: 65 | AD48: 186 | AE48: 115 | AG48: الرغامة | AH48: سعودي | AI48: ذكر | AJ48: 0 | AK48: 132 | AL48: 245 | AM48: 231 | AO48: الرغامة | AP48: سعودي | AQ48: ذكر | AR48: 0 | AS48: 53 | AT48: 46 | AU48: 65 | AW48: الرغامة | AX48: سعودي | AY48: ذكر | AZ48: 0 | BA48: 154 | BB48: 214 | BC48: 245 | BE48: الرغامة | BF48: سعودي | BG48: ذكر | BH48: 0 | BI48: 53 | BJ48: 46 | BK48: 65 | BM48: الرغامة | BN48: سعودي | BO48: ذكر | BP48: 0 | BQ48: 149 | BR48: 177 | BS48: 229 | BU48: الرغامة | BV48: سعودي | BW48: ذكر | BX48: 0 | BY48: 203 | BZ48: 213 | CA48: 196 | CC48: الرغامة | CD48: سعودي | CE48: ذكر | CF48: 0 | CG48: 0 | CH48: 0 | CI48: 0 | CK48: الرغامة | CL48: سعودي | CM48: ذكر | CN48: 0 | CO48: 0 | CP48: 0 | CQ48: 0 | CS48: =(CK48) -> الرغامة | CT48: سعودي | CU48: ذكر | CV48: =SUM(D48+L48+T48+AB48+AJ48+AR48+AZ48+BH48+BP48+BX48+CF48+CN48) -> 0 | CW48: =SUM(E48+M48+U48+AC48+AK48+AS48+BA48+BI48+BQ48+BY48+CG48+CO48) -> 1369 | CX48: =SUM(F48+N48+V48+AD48+AL48+AT48+BB48+BJ48+BR48+BZ48+CH48+CP48) -> 1752 | CY48: =SUM(G48+O48+W48+AE48+AM48+AU48+BC48+BK48+BS48+CA48+CI48+CQ48) -> 1932
C49: أنثى | D49: 0 | E49: 197 | F49: 245 | G49: 206 | K49: أنثى | L49: 0 | M49: 212 | N49: 289 | O49: 295 | S49: أنثى | T49: 0 | U49: 89 | V49: 212 | W49: 211 | AA49: أنثى | AB49: 0 | AC49: 96 | AD49: 195 | AE49: 146 | AI49: أنثى | AJ49: 0 | AK49: 145 | AL49: 254 | AM49: 256 | AQ49: أنثى | AR49: 0 | AS49: 67 | AT49: 55 | AU49: 63 | AY49: أنثى | AZ49: 0 | BA49: 123 | BB49: 224 | BC49: 253 | BG49: أنثى | BH49: 0 | BI49: 67 | BJ49: 55 | BK49: 63 | BO49: أنثى | BP49: 0 | BQ49: 163 | BR49: 145 | BS49: 225 | BW49: أنثى | BX49: 0 | BY49: 197 | BZ49: 245 | CA49: 206 | CE49: أنثى | CF49: 0 | CG49: 0 | CH49: 0 | CI49: 0 | CM49: أنثى | CN49: 0 | CO49: 0 | CP49: 0 | CQ49: 0 | CU49: أنثى | CV49: =SUM(D49+L49+T49+AB49+AJ49+AR49+AZ49+BH49+BP49+BX49+CF49+CN49) -> 0 | CW49: =SUM(E49+M49+U49+AC49+AK49+AS49+BA49+BI49+BQ49+BY49+CG49+CO49) -> 1356 | CX49: =SUM(F49+N49+V49+AD49+AL49+AT49+BB49+BJ49+BR49+BZ49+CH49+CP49) -> 1919 | CY49: =SUM(G49+O49+W49+AE49+AM49+AU49+BC49+BK49+BS49+CA49+CI49+CQ49) -> 1924
B50: مجموع السعوديين | D50: 0 | E50: 400 | F50: 458 | G50: 402 | J50: مجموع السعوديين | L50: 0 | M50: 447 | N50: 545 | O50: 562 | R50: مجموع السعوديين | T50: 0 | U50: 211 | V50: 368 | W50: 534 | Z50: مجموع السعوديين | AB50: 0 | AC50: 161 | AD50: 381 | AE50: 261 | AH50: مجموع السعوديين | AJ50: 0 | AK50: 277 | AL50: 499 | AM50: 487 | AP50: مجموع السعوديين | AR50: 0 | AS50: 120 | AT50: 101 | AU50: 128 | AX50: مجموع السعوديين | AZ50: 0 | BA50: 277 | BB50: 438 | BC50: 498 | BF50: مجموع السعوديين | BH50: =SUM(BH48:BH49) -> 0 | BI50: =SUM(BI48:BI49) -> 120 | BJ50: =SUM(BJ48:BJ49) -> 101 | BK50: =SUM(BK48:BK49) -> 128 | BN50: مجموع السعوديين | BP50: =SUM(BP48:BP49) -> 0 | BQ50: =SUM(BQ48:BQ49) -> 312 | BR50: =SUM(BR48:BR49) -> 322 | BS50: =SUM(BS48:BS49) -> 454 | BV50: مجموع السعوديين | BX50: 0 | BY50: 400 | BZ50: 458 | CA50: 402 | CD50: مجموع السعوديين | CF50: =SUM(CF48:CF49) -> 0 | CG50: =SUM(CG48:CG49) -> 0 | CH50: =SUM(CH48:CH49) -> 0 | CI50: =SUM(CI48:CI49) -> 0 | CL50: مجموع السعوديين | CN50: =SUM(CN48:CN49) -> 0 | CO50: =SUM(CO48:CO49) -> 0 | CP50: =SUM(CP48:CP49) -> 0 | CQ50: =SUM(CQ48:CQ49) -> 0 | CT50: مجموع السعوديين | CV50: =SUM(CV48:CV49) -> 0 | CW50: =SUM(CW48:CW49) -> 2725 | CX50: =SUM(CX48:CX49) -> 3671 | CY50: =SUM(CY48:CY49) -> 3856
B51: غير سعودي | C51: ذكر | D51: 0 | E51: 33 | F51: 22 | G51: 25 | J51: غير سعودي | K51: ذكر | L51: 0 | M51: 9 | N51: 22 | O51: 16 | R51: غير سعودي | S51: ذكر | T51: 0 | U51: 2 | V51: 6 | W51: 12 | Z51: غير سعودي | AA51: ذكر | AB51: 0 | AC51: 6 | AD51: 26 | AE51: 33 | AH51: غير سعودي | AI51: ذكر | AJ51: 0 | AK51: 34 | AL51: 18 | AM51: 12 | AP51: غير سعودي | AQ51: ذكر | AR51: 0 | AS51: 15 | AT51: 22 | AU51: 12 | AX51: غير سعودي | AY51: ذكر | AZ51: 0 | BA51: 15 | BB51: 9 | BC51: 22 | BF51: غير سعودي | BG51: ذكر | BH51: 0 | BI51: 15 | BJ51: 22 | BK51: 12 | BN51: غير سعودي | BO51: ذكر | BP51: 0 | BQ51: 99 | BR51: 74 | BS51: 37 | BV51: غير سعودي | BW51: ذكر | BX51: 0 | BY51: 33 | BZ51: 22 | CA51: 25 | CD51: غير سعودي | CE51: ذكر | CF51: 0 | CG51: 0 | CH51: 0 | CI51: 0 | CL51: غير سعودي | CM51: ذكر | CN51: 0 | CO51: 0 | CP51: 0 | CQ51: 0 | CT51: غير سعودي | CU51: ذكر | CV51: =SUM(D51+L51+T51+AB51+AJ51+AR51+AZ51+BH51+BP51+BX51+CF51+CN51) -> 0 | CW51: =SUM(E51+M51+U51+AC51+AK51+AS51+BA51+BI51+BQ51+BY51+CG51+CO51) -> 261 | CX51: =SUM(F51+N51+V51+AD51+AL51+AT51+BB51+BJ51+BR51+BZ51+CH51+CP51) -> 243 | CY51: =SUM(G51+O51+W51+AE51+AM51+AU51+BC51+BK51+BS51+CA51+CI51+CQ51) -> 206
C52: أنثى | D52: 0 | E52: 45 | F52: 26 | G52: 28 | K52: أنثى | L52: 0 | M52: 19 | N52: 27 | O52: 23 | S52: أنثى | T52: 0 | U52: 7 | V52: 8 | W52: 19 | AA52: أنثى | AB52: 0 | AC52: 13 | AD52: 32 | AE52: 24 | AI52: أنثى | AJ52: 0 | AK52: 32 | AL52: 32 | AM52: 16 | AQ52: أنثى | AR52: 0 | AS52: 18 | AT52: 26 | AU52: 18 | AY52: أنثى | AZ52: 0 | BA52: 6 | BB52: 12 | BC52: 18 | BG52: أنثى | BH52: 0 | BI52: 18 | BJ52: 26 | BK52: 18 | BO52: أنثى | BP52: 0 | BQ52: 94 | BR52: 76 | BS52: 98 | BW52: أنثى | BX52: 0 | BY52: 45 | BZ52: 26 | CA52: 28 | CE52: أنثى | CF52: 0 | CG52: 0 | CH52: 0 | CI52: 0 | CM52: أنثى | CN52: 0 | CO52: 0 | CP52: 0 | CQ52: 0 | CU52: أنثى | CV52: =SUM(D52+L52+T52+AB52+AJ52+AR52+AZ52+BH52+BP52+BX52+CF52+CN52) -> 0 | CW52: =SUM(E52+M52+U52+AC52+AK52+AS52+BA52+BI52+BQ52+BY52+CG52+CO52) -> 297 | CX52: =SUM(F52+N52+V52+AD52+AL52+AT52+BB52+BJ52+BR52+BZ52+CH52+CP52) -> 291 | CY52: =SUM(G52+O52+W52+AE52+AM52+AU52+BC52+BK52+BS52+CA52+CI52+CQ52) -> 290
B53: مجمع الغير سعوديين | D53: =SUM(D51:D52) -> 0 | E53: =SUM(E51:E52) -> 78 | F53: =SUM(F51:F52) -> 48 | G53: =SUM(G51:G52) -> 53 | J53: مجمع الغير سعوديين | L53: =SUM(L51:L52) -> 0 | M53: =SUM(M51:M52) -> 28 | N53: =SUM(N51:N52) -> 49 | O53: =SUM(O51:O52) -> 39 | R53: مجمع الغير سعوديين | T53: 0 | U53: 9 | V53: 14 | W53: 31 | Z53: مجمع الغير سعوديين | AB53: 0 | AC53: 19 | AD53: 58 | AE53: 57 | AH53: مجمع الغير سعوديين | AJ53: =SUM(AJ51:AJ52) -> 0 | AK53: =SUM(AK51:AK52) -> 66 | AL53: =SUM(AL51:AL52) -> 50 | AM53: =SUM(AM51:AM52) -> 28 | AP53: مجمع الغير سعوديين | AR53: 0 | AS53: 33 | AT53: 48 | AU53: 30 | AX53: مجمع الغير سعوديين | AZ53: 0 | BA53: 21 | BB53: 21 | BC53: 40 | BF53: مجمع الغير سعوديين | BH53: =SUM(BH51:BH52) -> 0 | BI53: =SUM(BI51:BI52) -> 33 | BJ53: =SUM(BJ51:BJ52) -> 48 | BK53: =SUM(BK51:BK52) -> 30 | BN53: مجمع الغير سعوديين | BP53: =SUM(BP51:BP52) -> 0 | BQ53: =SUM(BQ51:BQ52) -> 193 | BR53: =SUM(BR51:BR52) -> 150 | BS53: =SUM(BS51:BS52) -> 135 | BV53: مجمع الغير سعوديين | BX53: 0 | BY53: 78 | BZ53: 48 | CA53: 53 | CD53: مجمع الغير سعوديين | CF53: =SUM(CF51:CF52) -> 0 | CG53: =SUM(CG51:CG52) -> 0 | CH53: =SUM(CH51:CH52) -> 0 | CI53: =SUM(CI51:CI52) -> 0 | CL53: مجمع الغير سعوديين | CN53: =SUM(CN51:CN52) -> 0 | CO53: =SUM(CO51:CO52) -> 0 | CP53: =SUM(CP51:CP52) -> 0 | CQ53: =SUM(CQ51:CQ52) -> 0 | CT53: مجمع الغير سعوديين | CV53: =SUM(CV51:CV52) -> 0 | CW53: =SUM(CW51:CW52) -> 558 | CX53: =SUM(CX51:CX52) -> 534 | CY53: =SUM(CY51:CY52) -> 496
B54: المجموع الكلي | D54: =SUM(D50+D53) -> 0 | E54: =SUM(E50+E53) -> 478 | F54: =SUM(F50+F53) -> 506 | G54: =SUM(G50+G53) -> 455 | J54: المجموع الكلي | L54: =SUM(L50+L53) -> 0 | M54: =SUM(M50+M53) -> 475 | N54: =SUM(N50+N53) -> 594 | O54: =SUM(O50+O53) -> 601 | R54: المجموع الكلي | T54: 0 | U54: 220 | V54: 382 | W54: 565 | Z54: المجموع الكلي | AB54: 0 | AC54: 180 | AD54: 439 | AE54: 318 | AH54: المجموع الكلي | AJ54: =SUM(AJ50+AJ53) -> 0 | AK54: =SUM(AK50+AK53) -> 343 | AL54: =SUM(AL50+AL53) -> 549 | AM54: =SUM(AM50+AM53) -> 515 | AP54: المجموع الكلي | AR54: 0 | AS54: 153 | AT54: 149 | AU54: 158 | AX54: المجموع الكلي | AZ54: 0 | BA54: 298 | BB54: 459 | BC54: 538 | BF54: المجموع الكلي | BH54: =SUM(BH50+BH53) -> 0 | BI54: =SUM(BI50+BI53) -> 153 | BJ54: =SUM(BJ50+BJ53) -> 149 | BK54: =SUM(BK50+BK53) -> 158 | BN54: المجموع الكلي | BP54: =SUM(BP50+BP53) -> 0 | BQ54: =SUM(BQ50+BQ53) -> 505 | BR54: =SUM(BR50+BR53) -> 472 | BS54: =SUM(BS50+BS53) -> 589 | BV54: المجموع الكلي | BX54: 0 | BY54: 478 | BZ54: 506 | CA54: 455 | CD54: المجموع الكلي | CF54: =SUM(CF50+CF53) -> 0 | CG54: =SUM(CG50+CG53) -> 0 | CH54: =SUM(CH50+CH53) -> 0 | CI54: =SUM(CI50+CI53) -> 0 | CL54: المجموع الكلي | CN54: =SUM(CN50+CN53) -> 0 | CO54: =SUM(CO50+CO53) -> 0 | CP54: =SUM(CP50+CP53) -> 0 | CQ54: =SUM(CQ50+CQ53) -> 0 | CT54: المجموع الكلي | CV54: =SUM(CV50+CV53) -> 0 | CW54: =SUM(CW50+CW53) -> 3283 | CX54: =SUM(CX50+CX53) -> 4205 | CY54: =SUM(CY50+CY53) -> 4352
A55: الواحة | B55: سعودي | C55: ذكر | D55: 0 | E55: 72 | F55: 67 | G55: 111 | I55: الواحة | J55: سعودي | K55: ذكر | L55: 0 | M55: 72 | N55: 67 | O55: 111 | Q55: الواحة | R55: سعودي | S55: ذكر | T55: 0 | U55: 189 | V55: 339 | W55: 108 | Y55: الواحة | Z55: سعودي | AA55: ذكر | AB55: 1 | AC55: 110 | AD55: 169 | AE55: 187 | AG55: الواحة | AH55: سعودي | AI55: ذكر | AJ55: 0 | AK55: 156 | AL55: 254 | AM55: 231 | AO55: الواحة | AP55: سعودي | AQ55: ذكر | AR55: 2 | AS55: 142 | AT55: 45 | AU55: 62 | AW55: الواحة | AX55: سعودي | AY55: ذكر | AZ55: 194 | BA55: 100 | BB55: 102 | BC55: 196 | BE55: الواحة | BF55: سعودي | BG55: ذكر | BH55: 2 | BI55: 142 | BJ55: 45 | BK55: 62 | BM55: الواحة | BN55: سعودي | BO55: ذكر | BP55: 0 | BQ55: 93 | BR55: 42 | BS55: 73 | BU55: الواحة | BV55: سعودي | BW55: ذكر | BX55: 0 | BY55: 72 | BZ55: 67 | CA55: 111 | CC55: الواحة | CD55: سعودي | CE55: ذكر | CF55: 0 | CG55: 0 | CH55: 0 | CI55: 0 | CK55: الواحة | CL55: سعودي | CM55: ذكر | CN55: 0 | CO55: 0 | CP55: 0 | CQ55: 0 | CS55: =(CK55) -> الواحة | CT55: سعودي | CU55: ذكر | CV55: =SUM(D55+L55+T55+AB55+AJ55+AR55+AZ55+BH55+BP55+BX55+CF55+CN55) -> 199 | CW55: =SUM(E55+M55+U55+AC55+AK55+AS55+BA55+BI55+BQ55+BY55+CG55+CO55) -> 1148 | CX55: =SUM(F55+N55+V55+AD55+AL55+AT55+BB55+BJ55+BR55+BZ55+CH55+CP55) -> 1197 | CY55: =SUM(G55+O55+W55+AE55+AM55+AU55+BC55+BK55+BS55+CA55+CI55+CQ55) -> 1252
C56: أنثى | D56: 0 | E56: 79 | F56: 45 | G56: 121 | K56: أنثى | L56: 0 | M56: 79 | N56: 45 | O56: 121 | S56: أنثى | T56: 0 | U56: 195 | V56: 315 | W56: 95 | AA56: أنثى | AB56: 1 | AC56: 98 | AD56: 178 | AE56: 178 | AI56: أنثى | AJ56: 0 | AK56: 175 | AL56: 245 | AM56: 214 | AQ56: أنثى | AR56: 1 | AS56: 123 | AT56: 65 | AU56: 61 | AY56: أنثى | AZ56: 49 | BA56: 87 | BB56: 76 | BC56: 206 | BG56: أنثى | BH56: 1 | BI56: 123 | BJ56: 65 | BK56: 61 | BO56: أنثى | BP56: 0 | BQ56: 69 | BR56: 37 | BS56: 66 | BW56: أنثى | BX56: 0 | BY56: 79 | BZ56: 45 | CA56: 121 | CE56: أنثى | CF56: 0 | CG56: 0 | CH56: 0 | CI56: 0 | CM56: أنثى | CN56: 0 | CO56: 0 | CP56: 0 | CQ56: 0 | CU56: أنثى | CV56: =SUM(D56+L56+T56+AB56+AJ56+AR56+AZ56+BH56+BP56+BX56+CF56+CN56) -> 52 | CW56: =SUM(E56+M56+U56+AC56+AK56+AS56+BA56+BI56+BQ56+BY56+CG56+CO56) -> 1107 | CX56: =SUM(F56+N56+V56+AD56+AL56+AT56+BB56+BJ56+BR56+BZ56+CH56+CP56) -> 1116 | CY56: =SUM(G56+O56+W56+AE56+AM56+AU56+BC56+BK56+BS56+CA56+CI56+CQ56) -> 1244
B57: مجموع السعوديين | D57: 0 | E57: 151 | F57: 112 | G57: 232 | J57: مجموع السعوديين | L57: 0 | M57: 151 | N57: 112 | O57: 232 | R57: مجموع السعوديين | T57: 0 | U57: 384 | V57: 654 | W57: 203 | Z57: مجموع السعوديين | AB57: 2 | AC57: 208 | AD57: 347 | AE57: 365 | AH57: مجموع السعوديين | AJ57: 0 | AK57: 331 | AL57: 499 | AM57: 445 | AP57: مجموع السعوديين | AR57: 3 | AS57: 265 | AT57: 110 | AU57: 123 | AX57: مجموع السعوديين | AZ57: 243 | BA57: 187 | BB57: 178 | BC57: 402 | BF57: مجموع السعوديين | BH57: =SUM(BH55:BH56) -> 3 | BI57: =SUM(BI55:BI56) -> 265 | BJ57: =SUM(BJ55:BJ56) -> 110 | BK57: =SUM(BK55:BK56) -> 123 | BN57: مجموع السعوديين | BP57: =SUM(BP55:BP56) -> 0 | BQ57: =SUM(BQ55:BQ56) -> 162 | BR57: =SUM(BR55:BR56) -> 79 | BS57: =SUM(BS55:BS56) -> 139 | BV57: مجموع السعوديين | BX57: 0 | BY57: 151 | BZ57: 112 | CA57: 232 | CD57: مجموع السعوديين | CF57: =SUM(CF55:CF56) -> 0 | CG57: =SUM(CG55:CG56) -> 0 | CH57: =SUM(CH55:CH56) -> 0 | CI57: =SUM(CI55:CI56) -> 0 | CL57: مجموع السعوديين | CN57: =SUM(CN55:CN56) -> 0 | CO57: =SUM(CO55:CO56) -> 0 | CP57: =SUM(CP55:CP56) -> 0 | CQ57: =SUM(CQ55:CQ56) -> 0 | CT57: مجموع السعوديين | CV57: =SUM(CV55:CV56) -> 251 | CW57: =SUM(CW55:CW56) -> 2255 | CX57: =SUM(CX55:CX56) -> 2313 | CY57: =SUM(CY55:CY56) -> 2496
B58: غير سعودي | C58: ذكر | D58: 0 | E58: 24 | F58: 9 | G58: 12 | J58: غير سعودي | K58: ذكر | L58: 0 | M58: 24 | N58: 9 | O58: 12 | R58: غير سعودي | S58: ذكر | T58: 0 | U58: 26 | V58: 55 | W58: 9 | Z58: غير سعودي | AA58: ذكر | AB58: 0 | AC58: 35 | AD58: 41 | AE58: 44 | AH58: غير سعودي | AI58: ذكر | AJ58: 0 | AK58: 33 | AL58: 15 | AM58: 29 | AP58: غير سعودي | AQ58: ذكر | AR58: 0 | AS58: 12 | AT58: 3 | AU58: 5 | AX58: غير سعودي | AY58: ذكر | AZ58: 16 | BA58: 6 | BB58: 5 | BC58: 25 | BF58: غير سعودي | BG58: ذكر | BH58: 0 | BI58: 12 | BJ58: 3 | BK58: 5 | BN58: غير سعودي | BO58: ذكر | BP58: 0 | BQ58: 13 | BR58: 13 | BS58: 19 | BV58: غير سعودي | BW58: ذكر | BX58: 0 | BY58: 24 | BZ58: 9 | CA58: 12 | CD58: غير سعودي | CE58: ذكر | CF58: 0 | CG58: 0 | CH58: 0 | CI58: 0 | CL58: غير سعودي | CM58: ذكر | CN58: 0 | CO58: 0 | CP58: 0 | CQ58: 0 | CT58: غير سعودي | CU58: ذكر | CV58: =SUM(D58+L58+T58+AB58+AJ58+AR58+AZ58+BH58+BP58+BX58+CF58+CN58) -> 16 | CW58: =SUM(E58+M58+U58+AC58+AK58+AS58+BA58+BI58+BQ58+BY58+CG58+CO58) -> 209 | CX58: =SUM(F58+N58+V58+AD58+AL58+AT58+BB58+BJ58+BR58+BZ58+CH58+CP58) -> 162 | CY58: =SUM(G58+O58+W58+AE58+AM58+AU58+BC58+BK58+BS58+CA58+CI58+CQ58) -> 172
C59: أنثى | D59: 0 | E59: 23 | F59: 5 | G59: 13 | K59: أنثى | L59: 0 | M59: 23 | N59: 5 | O59: 13 | S59: أنثى | T59: 0 | U59: 18 | V59: 49 | W59: 7 | AA59: أنثى | AB59: 0 | AC59: 39 | AD59: 43 | AE59: 41 | AI59: أنثى | AJ59: 0 | AK59: 39 | AL59: 17 | AM59: 24 | AQ59: أنثى | AR59: 0 | AS59: 13 | AT59: 5 | AU59: 3 | AY59: أنثى | AZ59: 6 | BA59: 10 | BB59: 11 | BC59: 28 | BG59: أنثى | BH59: 0 | BI59: 13 | BJ59: 5 | BK59: 3 | BO59: أنثى | BP59: 0 | BQ59: 18 | BR59: 8 | BS59: 11 | BW59: أنثى | BX59: 0 | BY59: 23 | BZ59: 5 | CA59: 13 | CE59: أنثى | CF59: 0 | CG59: 0 | CH59: 0 | CI59: 0 | CM59: أنثى | CN59: 0 | CO59: 0 | CP59: 0 | CQ59: 0 | CU59: أنثى | CV59: =SUM(D59+L59+T59+AB59+AJ59+AR59+AZ59+BH59+BP59+BX59+CF59+CN59) -> 6 | CW59: =SUM(E59+M59+U59+AC59+AK59+AS59+BA59+BI59+BQ59+BY59+CG59+CO59) -> 219 | CX59: =SUM(F59+N59+V59+AD59+AL59+AT59+BB59+BJ59+BR59+BZ59+CH59+CP59) -> 153 | CY59: =SUM(G59+O59+W59+AE59+AM59+AU59+BC59+BK59+BS59+CA59+CI59+CQ59) -> 156
B60: مجمع الغير سعوديين | D60: =SUM(D58:D59) -> 0 | E60: =SUM(E58:E59) -> 47 | F60: =SUM(F58:F59) -> 14 | G60: =SUM(G58:G59) -> 25 | J60: مجمع الغير سعوديين | L60: =SUM(L58:L59) -> 0 | M60: =SUM(M58:M59) -> 47 | N60: =SUM(N58:N59) -> 14 | O60: =SUM(O58:O59) -> 25 | R60: مجمع الغير سعوديين | T60: 0 | U60: 44 | V60: 104 | W60: 16 | Z60: مجمع الغير سعوديين | AB60: 0 | AC60: 74 | AD60: 84 | AE60: 85 | AH60: مجمع الغير سعوديين | AJ60: =SUM(AJ58:AJ59) -> 0 | AK60: =SUM(AK58:AK59) -> 72 | AL60: =SUM(AL58:AL59) -> 32 | AM60: =SUM(AM58:AM59) -> 53 | AP60: مجمع الغير سعوديين | AR60: 0 | AS60: 25 | AT60: 8 | AU60: 8 | AX60: مجمع الغير سعوديين | AZ60: 22 | BA60: 16 | BB60: 16 | BC60: 53 | BF60: مجمع الغير سعوديين | BH60: =SUM(BH58:BH59) -> 0 | BI60: =SUM(BI58:BI59) -> 25 | BJ60: =SUM(BJ58:BJ59) -> 8 | BK60: =SUM(BK58:BK59) -> 8 | BN60: مجمع الغير سعوديين | BP60: =SUM(BP58:BP59) -> 0 | BQ60: =SUM(BQ58:BQ59) -> 31 | BR60: =SUM(BR58:BR59) -> 21 | BS60: =SUM(BS58:BS59) -> 30 | BV60: مجمع الغير سعوديين | BX60: 0 | BY60: 47 | BZ60: 14 | CA60: 25 | CD60: مجمع الغير سعوديين | CF60: =SUM(CF58:CF59) -> 0 | CG60: =SUM(CG58:CG59) -> 0 | CH60: =SUM(CH58:CH59) -> 0 | CI60: =SUM(CI58:CI59) -> 0 | CL60: مجمع الغير سعوديين | CN60: =SUM(CN58:CN59) -> 0 | CO60: =SUM(CO58:CO59) -> 0 | CP60: =SUM(CP58:CP59) -> 0 | CQ60: =SUM(CQ58:CQ59) -> 0 | CT60: مجمع الغير سعوديين | CV60: =SUM(CV58:CV59) -> 22 | CW60: =SUM(CW58:CW59) -> 428 | CX60: =SUM(CX58:CX59) -> 315 | CY60: =SUM(CY58:CY59) -> 328
B61: المجموع الكلي | D61: =SUM(D57+D60) -> 0 | E61: =SUM(E57+E60) -> 198 | F61: =SUM(F57+F60) -> 126 | G61: =SUM(G57+G60) -> 257 | J61: المجموع الكلي | L61: =SUM(L57+L60) -> 0 | M61: =SUM(M57+M60) -> 198 | N61: =SUM(N57+N60) -> 126 | O61: =SUM(O57+O60) -> 257 | R61: المجموع الكلي | T61: 0 | U61: 428 | V61: 758 | W61: 219 | Z61: المجموع الكلي | AB61: 2 | AC61: 282 | AD61: 431 | AE61: 450 | AH61: المجموع الكلي | AJ61: =SUM(AJ57+AJ60) -> 0 | AK61: =SUM(AK57+AK60) -> 403 | AL61: =SUM(AL57+AL60) -> 531 | AM61: =SUM(AM57+AM60) -> 498 | AP61: المجموع الكلي | AR61: 3 | AS61: 290 | AT61: 118 | AU61: 131 | AX61: المجموع الكلي | AZ61: 265 | BA61: 203 | BB61: 194 | BC61: 455 | BF61: المجموع الكلي | BH61: =SUM(BH57+BH60) -> 3 | BI61: =SUM(BI57+BI60) -> 290 | BJ61: =SUM(BJ57+BJ60) -> 118 | BK61: =SUM(BK57+BK60) -> 131 | BN61: المجموع الكلي | BP61: =SUM(BP57+BP60) -> 0 | BQ61: =SUM(BQ57+BQ60) -> 193 | BR61: =SUM(BR57+BR60) -> 100 | BS61: =SUM(BS57+BS60) -> 169 | BV61: المجموع الكلي | BX61: =SUM(BX57+BX60) -> 0 | BY61: =SUM(BY57+BY60) -> 198 | BZ61: =SUM(BZ57+BZ60) -> 126 | CA61: =SUM(CA57+CA60) -> 257 | CD61: المجموع الكلي | CF61: =SUM(CF57+CF60) -> 0 | CG61: =SUM(CG57+CG60) -> 0 | CH61: =SUM(CH57+CH60) -> 0 | CI61: =SUM(CI57+CI60) -> 0 | CL61: المجموع الكلي | CN61: =SUM(CN57+CN60) -> 0 | CO61: =SUM(CO57+CO60) -> 0 | CP61: =SUM(CP57+CP60) -> 0 | CQ61: =SUM(CQ57+CQ60) -> 0 | CT61: المجموع الكلي | CV61: =SUM(CV57+CV60) -> 273 | CW61: =SUM(CW57+CW60) -> 2683 | CX61: =SUM(CX57+CX60) -> 2628 | CY61: =SUM(CY57+CY60) -> 2824
A62: 0 | B62: سعودي | C62: ذكر | D62: 0 | E62: 0 | F62: 0 | G62: 0 | I62: 0 | J62: سعودي | K62: ذكر | L62: 0 | M62: 0 | N62: 0 | O62: 0 | Q62: 0 | R62: سعودي | S62: ذكر | T62: 0 | U62: 0 | V62: 0 | W62: 0 | Y62: 0 | Z62: سعودي | AA62: ذكر | AB62: 0 | AC62: 0 | AD62: 0 | AE62: 0 | AG62: 0 | AH62: سعودي | AI62: ذكر | AJ62: 0 | AK62: 0 | AL62: 0 | AM62: 0 | AO62: 0 | AP62: سعودي | AQ62: ذكر | AR62: 0 | AS62: 0 | AT62: 0 | AU62: 0 | AW62: 0 | AX62: سعودي | AY62: ذكر | AZ62: 0 | BA62: 0 | BB62: 0 | BC62: 0 | BE62: 0 | BF62: سعودي | BG62: ذكر | BH62: 0 | BI62: 0 | BJ62: 0 | BK62: 0 | BM62: 0 | BN62: سعودي | BO62: ذكر | BP62: 0 | BQ62: 0 | BR62: 0 | BS62: 0 | BU62: 0 | BV62: سعودي | BW62: ذكر | BX62: 0 | BY62: 0 | BZ62: 0 | CA62: 0 | CC62: 0 | CD62: سعودي | CE62: ذكر | CF62: 0 | CG62: 0 | CH62: 0 | CI62: 0 | CK62: 0 | CL62: سعودي | CM62: ذكر | CN62: 0 | CO62: 0 | CP62: 0 | CQ62: 0 | CS62: =(CK62) -> 0 | CT62: سعودي | CU62: ذكر | CV62: =SUM(D62+L62+T62+AB62+AJ62+AR62+AZ62+BH62+BP62+BX62+CF62+CN62) -> 0 | CW62: =SUM(E62+M62+U62+AC62+AK62+AS62+BA62+BI62+BQ62+BY62+CG62+CO62) -> 0 | CX62: =SUM(F62+N62+V62+AD62+AL62+AT62+BB62+BJ62+BR62+BZ62+CH62+CP62) -> 0 | CY62: =SUM(G62+O62+W62+AE62+AM62+AU62+BC62+BK62+BS62+CA62+CI62+CQ62) -> 0
C63: أنثى | D63: 0 | E63: 0 | F63: 0 | G63: 0 | K63: أنثى | L63: 0 | M63: 0 | N63: 0 | O63: 0 | S63: أنثى | T63: 0 | U63: 0 | V63: 0 | W63: 0 | AA63: أنثى | AB63: 0 | AC63: 0 | AD63: 0 | AE63: 0 | AI63: أنثى | AJ63: 0 | AK63: 0 | AL63: 0 | AM63: 0 | AQ63: أنثى | AR63: 0 | AS63: 0 | AT63: 0 | AU63: 0 | AY63: أنثى | AZ63: 0 | BA63: 0 | BB63: 0 | BC63: 0 | BG63: أنثى | BH63: 0 | BI63: 0 | BJ63: 0 | BK63: 0 | BO63: أنثى | BP63: 0 | BQ63: 0 | BR63: 0 | BS63: 0 | BW63: أنثى | BX63: 0 | BY63: 0 | BZ63: 0 | CA63: 0 | CE63: أنثى | CF63: 0 | CG63: 0 | CH63: 0 | CI63: 0 | CM63: أنثى | CN63: 0 | CO63: 0 | CP63: 0 | CQ63: 0 | CU63: أنثى | CV63: =SUM(D63+L63+T63+AB63+AJ63+AR63+AZ63+BH63+BP63+BX63+CF63+CN63) -> 0 | CW63: =SUM(E63+M63+U63+AC63+AK63+AS63+BA63+BI63+BQ63+BY63+CG63+CO63) -> 0 | CX63: =SUM(F63+N63+V63+AD63+AL63+AT63+BB63+BJ63+BR63+BZ63+CH63+CP63) -> 0 | CY63: =SUM(G63+O63+W63+AE63+AM63+AU63+BC63+BK63+BS63+CA63+CI63+CQ63) -> 0
B64: مجموع السعوديين | D64: =SUM(D62:D63) -> 0 | E64: =SUM(E62:E63) -> 0 | F64: =SUM(F62:F63) -> 0 | G64: =SUM(G62:G63) -> 0 | J64: مجموع السعوديين | L64: =SUM(L62:L63) -> 0 | M64: =SUM(M62:M63) -> 0 | N64: =SUM(N62:N63) -> 0 | O64: =SUM(O62:O63) -> 0 | R64: مجموع السعوديين | T64: =SUM(T62:T63) -> 0 | U64: =SUM(U62:U63) -> 0 | V64: =SUM(V62:V63) -> 0 | W64: =SUM(W62:W63) -> 0 | Z64: مجموع السعوديين | AB64: 0 | AC64: 0 | AD64: 0 | AE64: 0 | AH64: مجموع السعوديين | AJ64: =SUM(AJ62:AJ63) -> 0 | AK64: =SUM(AK62:AK63) -> 0 | AL64: =SUM(AL62:AL63) -> 0 | AM64: =SUM(AM62:AM63) -> 0 | AP64: مجموع السعوديين | AR64: =SUM(AR62:AR63) -> 0 | AS64: =SUM(AS62:AS63) -> 0 | AT64: =SUM(AT62:AT63) -> 0 | AU64: =SUM(AU62:AU63) -> 0 | AX64: مجموع السعوديين | AZ64: =SUM(AZ62:AZ63) -> 0 | BA64: =SUM(BA62:BA63) -> 0 | BB64: =SUM(BB62:BB63) -> 0 | BC64: =SUM(BC62:BC63) -> 0 | BF64: مجموع السعوديين | BH64: =SUM(BH62:BH63) -> 0 | BI64: =SUM(BI62:BI63) -> 0 | BJ64: =SUM(BJ62:BJ63) -> 0 | BK64: =SUM(BK62:BK63) -> 0 | BN64: مجموع السعوديين | BP64: =SUM(BP62:BP63) -> 0 | BQ64: =SUM(BQ62:BQ63) -> 0 | BR64: =SUM(BR62:BR63) -> 0 | BS64: =SUM(BS62:BS63) -> 0 | BV64: مجموع السعوديين | BX64: =SUM(BX62:BX63) -> 0 | BY64: =SUM(BY62:BY63) -> 0 | BZ64: =SUM(BZ62:BZ63) -> 0 | CA64: =SUM(CA62:CA63) -> 0 | CD64: مجموع السعوديين | CF64: =SUM(CF62:CF63) -> 0 | CG64: =SUM(CG62:CG63) -> 0 | CH64: =SUM(CH62:CH63) -> 0 | CI64: =SUM(CI62:CI63) -> 0 | CL64: مجموع السعوديين | CN64: =SUM(CN62:CN63) -> 0 | CO64: =SUM(CO62:CO63) -> 0 | CP64: =SUM(CP62:CP63) -> 0 | CQ64: =SUM(CQ62:CQ63) -> 0 | CT64: مجموع السعوديين | CV64: =SUM(CV62:CV63) -> 0 | CW64: =SUM(CW62:CW63) -> 0 | CX64: =SUM(CX62:CX63) -> 0 | CY64: =SUM(CY62:CY63) -> 0
B65: غير سعودي | C65: ذكر | D65: 0 | E65: 0 | F65: 0 | G65: 0 | J65: غير سعودي | K65: ذكر | L65: 0 | M65: 0 | N65: 0 | O65: 0 | R65: غير سعودي | S65: ذكر | T65: 0 | U65: 0 | V65: 0 | W65: 0 | Z65: غير سعودي | AA65: ذكر | AB65: 0 | AC65: 0 | AD65: 0 | AE65: 0 | AH65: غير سعودي | AI65: ذكر | AJ65: 0 | AK65: 0 | AL65: 0 | AM65: 0 | AP65: غير سعودي | AQ65: ذكر | AR65: 0 | AS65: 0 | AT65: 0 | AU65: 0 | AX65: غير سعودي | AY65: ذكر | AZ65: 0 | BA65: 0 | BB65: 0 | BC65: 0 | BF65: غير سعودي | BG65: ذكر | BH65: 0 | BI65: 0 | BJ65: 0 | BK65: 0 | BN65: غير سعودي | BO65: ذكر | BP65: 0 | BQ65: 0 | BR65: 0 | BS65: 0 | BV65: غير سعودي | BW65: ذكر | BX65: 0 | BY65: 0 | BZ65: 0 | CA65: 0 | CD65: غير سعودي | CE65: ذكر | CF65: 0 | CG65: 0 | CH65: 0 | CI65: 0 | CL65: غير سعودي | CM65: ذكر | CN65: 0 | CO65: 0 | CP65: 0 | CQ65: 0 | CT65: غير سعودي | CU65: ذكر | CV65: =SUM(D65+L65+T65+AB65+AJ65+AR65+AZ65+BH65+BP65+BX65+CF65+CN65) -> 0 | CW65: =SUM(E65+M65+U65+AC65+AK65+AS65+BA65+BI65+BQ65+BY65+CG65+CO65) -> 0 | CX65: =SUM(F65+N65+V65+AD65+AL65+AT65+BB65+BJ65+BR65+BZ65+CH65+CP65) -> 0 | CY65: =SUM(G65+O65+W65+AE65+AM65+AU65+BC65+BK65+BS65+CA65+CI65+CQ65) -> 0
C66: أنثى | D66: 0 | E66: 0 | F66: 0 | G66: 0 | K66: أنثى | L66: 0 | M66: 0 | N66: 0 | O66: 0 | S66: أنثى | T66: 0 | U66: 0 | V66: 0 | W66: 0 | AA66: أنثى | AB66: 0 | AC66: 0 | AD66: 0 | AE66: 0 | AI66: أنثى | AJ66: 0 | AK66: 0 | AL66: 0 | AM66: 0 | AQ66: أنثى | AR66: 0 | AS66: 0 | AT66: 0 | AU66: 0 | AY66: أنثى | AZ66: 0 | BA66: 0 | BB66: 0 | BC66: 0 | BG66: أنثى | BH66: 0 | BI66: 0 | BJ66: 0 | BK66: 0 | BO66: أنثى | BP66: 0 | BQ66: 0 | BR66: 0 | BS66: 0 | BW66: أنثى | BX66: 0 | BY66: 0 | BZ66: 0 | CA66: 0 | CE66: أنثى | CF66: 0 | CG66: 0 | CH66: 0 | CI66: 0 | CM66: أنثى | CN66: 0 | CO66: 0 | CP66: 0 | CQ66: 0 | CU66: أنثى | CV66: =SUM(D66+L66+T66+AB66+AJ66+AR66+AZ66+BH66+BP66+BX66+CF66+CN66) -> 0 | CW66: =SUM(E66+M66+U66+AC66+AK66+AS66+BA66+BI66+BQ66+BY66+CG66+CO66) -> 0 | CX66: =SUM(F66+N66+V66+AD66+AL66+AT66+BB66+BJ66+BR66+BZ66+CH66+CP66) -> 0 | CY66: =SUM(G66+O66+W66+AE66+AM66+AU66+BC66+BK66+BS66+CA66+CI66+CQ66) -> 0
B67: مجمع الغير سعوديين | D67: =SUM(D65:D66) -> 0 | E67: =SUM(E65:E66) -> 0 | F67: =SUM(F65:F66) -> 0 | G67: =SUM(G65:G66) -> 0 | J67: مجمع الغير سعوديين | L67: =SUM(L65:L66) -> 0 | M67: =SUM(M65:M66) -> 0 | N67: =SUM(N65:N66) -> 0 | O67: =SUM(O65:O66) -> 0 | R67: مجمع الغير سعوديين | T67: =SUM(T65:T66) -> 0 | U67: =SUM(U65:U66) -> 0 | V67: =SUM(V65:V66) -> 0 | W67: =SUM(W65:W66) -> 0 | Z67: مجمع الغير سعوديين | AB67: =SUM(AB65:AB66) -> 0 | AC67: =SUM(AC65:AC66) -> 0 | AD67: =SUM(AD65:AD66) -> 0 | AE67: =SUM(AE65:AE66) -> 0 | AH67: مجمع الغير سعوديين | AJ67: =SUM(AJ65:AJ66) -> 0 | AK67: =SUM(AK65:AK66) -> 0 | AL67: =SUM(AL65:AL66) -> 0 | AM67: =SUM(AM65:AM66) -> 0 | AP67: مجمع الغير سعوديين | AR67: =SUM(AR65:AR66) -> 0 | AS67: =SUM(AS65:AS66) -> 0 | AT67: =SUM(AT65:AT66) -> 0 | AU67: =SUM(AU65:AU66) -> 0 | AX67: مجمع الغير سعوديين | AZ67: =SUM(AZ65:AZ66) -> 0 | BA67: =SUM(BA65:BA66) -> 0 | BB67: =SUM(BB65:BB66) -> 0 | BC67: =SUM(BC65:BC66) -> 0 | BF67: مجمع الغير سعوديين | BH67: =SUM(BH65:BH66) -> 0 | BI67: =SUM(BI65:BI66) -> 0 | BJ67: =SUM(BJ65:BJ66) -> 0 | BK67: =SUM(BK65:BK66) -> 0 | BN67: مجمع الغير سعوديين | BP67: =SUM(BP65:BP66) -> 0 | BQ67: =SUM(BQ65:BQ66) -> 0 | BR67: =SUM(BR65:BR66) -> 0 | BS67: =SUM(BS65:BS66) -> 0 | BV67: مجمع الغير سعوديين | BX67: =SUM(BX65:BX66) -> 0 | BY67: =SUM(BY65:BY66) -> 0 | BZ67: =SUM(BZ65:BZ66) -> 0 | CA67: =SUM(CA65:CA66) -> 0 | CD67: مجمع الغير سعوديين | CF67: =SUM(CF65:CF66) -> 0 | CG67: =SUM(CG65:CG66) -> 0 | CH67: =SUM(CH65:CH66) -> 0 | CI67: =SUM(CI65:CI66) -> 0 | CL67: مجمع الغير سعوديين | CN67: =SUM(CN65:CN66) -> 0 | CO67: =SUM(CO65:CO66) -> 0 | CP67: =SUM(CP65:CP66) -> 0 | CQ67: =SUM(CQ65:CQ66) -> 0 | CT67: مجمع الغير سعوديين | CV67: =SUM(CV65:CV66) -> 0 | CW67: =SUM(CW65:CW66) -> 0 | CX67: =SUM(CX65:CX66) -> 0 | CY67: =SUM(CY65:CY66) -> 0
B68: المجموع الكلي | D68: =SUM(D64+D67) -> 0 | E68: =SUM(E64+E67) -> 0 | F68: =SUM(F64+F67) -> 0 | G68: =SUM(G64+G67) -> 0 | J68: المجموع الكلي | L68: =SUM(L64+L67) -> 0 | M68: =SUM(M64+M67) -> 0 | N68: =SUM(N64+N67) -> 0 | O68: =SUM(O64+O67) -> 0 | R68: المجموع الكلي | T68: =SUM(T64+T67) -> 0 | U68: =SUM(U64+U67) -> 0 | V68: =SUM(V64+V67) -> 0 | W68: =SUM(W64+W67) -> 0 | Z68: المجموع الكلي | AB68: =SUM(AB64+AB67) -> 0 | AC68: =SUM(AC64+AC67) -> 0 | AD68: =SUM(AD64+AD67) -> 0 | AE68: =SUM(AE64+AE67) -> 0 | AH68: المجموع الكلي | AJ68: =SUM(AJ64+AJ67) -> 0 | AK68: =SUM(AK64+AK67) -> 0 | AL68: =SUM(AL64+AL67) -> 0 | AM68: =SUM(AM64+AM67) -> 0 | AP68: المجموع الكلي | AR68: =SUM(AR64+AR67) -> 0 | AS68: =SUM(AS64+AS67) -> 0 | AT68: =SUM(AT64+AT67) -> 0 | AU68: =SUM(AU64+AU67) -> 0 | AX68: المجموع الكلي | AZ68: =SUM(AZ64+AZ67) -> 0 | BA68: =SUM(BA64+BA67) -> 0 | BB68: =SUM(BB64+BB67) -> 0 | BC68: =SUM(BC64+BC67) -> 0 | BF68: المجموع الكلي | BH68: =SUM(BH64+BH67) -> 0 | BI68: =SUM(BI64+BI67) -> 0 | BJ68: =SUM(BJ64+BJ67) -> 0 | BK68: =SUM(BK64+BK67) -> 0 | BN68: المجموع الكلي | BP68: =SUM(BP64+BP67) -> 0 | BQ68: =SUM(BQ64+BQ67) -> 0 | BR68: =SUM(BR64+BR67) -> 0 | BS68: =SUM(BS64+BS67) -> 0 | BV68: المجموع الكلي | BX68: =SUM(BX64+BX67) -> 0 | BY68: =SUM(BY64+BY67) -> 0 | BZ68: =SUM(BZ64+BZ67) -> 0 | CA68: =SUM(CA64+CA67) -> 0 | CD68: المجموع الكلي | CF68: =SUM(CF64+CF67) -> 0 | CG68: =SUM(CG64+CG67) -> 0 | CH68: =SUM(CH64+CH67) -> 0 | CI68: =SUM(CI64+CI67) -> 0 | CL68: المجموع الكلي | CN68: =SUM(CN64+CN67) -> 0 | CO68: =SUM(CO64+CO67) -> 0 | CP68: =SUM(CP64+CP67) -> 0 | CQ68: =SUM(CQ64+CQ67) -> 0 | CT68: المجموع الكلي | CV68: =SUM(CV64+CV67) -> 0 | CW68: =SUM(CW64+CW67) -> 0 | CX68: =SUM(CX64+CX67) -> 0 | CY68: =SUM(CY64+CY67) -> 0
A69: 0 | B69: سعودي | C69: ذكر | D69: 0 | E69: 0 | F69: 0 | G69: 0 | I69: 0 | J69: سعودي | K69: ذكر | L69: 0 | M69: 0 | N69: 0 | O69: 0 | Q69: 0 | R69: سعودي | S69: ذكر | T69: 0 | U69: 0 | V69: 0 | W69: 0 | Y69: 0 | Z69: سعودي | AA69: ذكر | AB69: 0 | AC69: 0 | AD69: 0 | AE69: 0 | AG69: 0 | AH69: سعودي | AI69: ذكر | AJ69: 0 | AK69: 0 | AL69: 0 | AM69: 0 | AO69: 0 | AP69: سعودي | AQ69: ذكر | AR69: 0 | AS69: 0 | AT69: 0 | AU69: 0 | AW69: 0 | AX69: سعودي | AY69: ذكر | AZ69: 0 | BA69: 0 | BB69: 0 | BC69: 0 | BE69: 0 | BF69: سعودي | BG69: ذكر | BH69: 0 | BI69: 0 | BJ69: 0 | BK69: 0 | BM69: 0 | BN69: سعودي | BO69: ذكر | BP69: 0 | BQ69: 0 | BR69: 0 | BS69: 0 | BU69: 0 | BV69: سعودي | BW69: ذكر | BX69: 0 | BY69: 0 | BZ69: 0 | CA69: 0 | CC69: 0 | CD69: سعودي | CE69: ذكر | CF69: 0 | CG69: 0 | CH69: 0 | CI69: 0 | CK69: 0 | CL69: سعودي | CM69: ذكر | CN69: 0 | CO69: 0 | CP69: 0 | CQ69: 0 | CS69: =(CK69) -> 0 | CT69: سعودي | CU69: ذكر | CV69: =SUM(D69+L69+T69+AB69+AJ69+AR69+AZ69+BH69+BP69+BX69+CF69+CN69) -> 0 | CW69: =SUM(E69+M69+U69+AC69+AK69+AS69+BA69+BI69+BQ69+BY69+CG69+CO69) -> 0 | CX69: =SUM(F69+N69+V69+AD69+AL69+AT69+BB69+BJ69+BR69+BZ69+CH69+CP69) -> 0 | CY69: =SUM(G69+O69+W69+AE69+AM69+AU69+BC69+BK69+BS69+CA69+CI69+CQ69) -> 0
C70: أنثى | D70: 0 | E70: 0 | F70: 0 | G70: 0 | K70: أنثى | L70: 0 | M70: 0 | N70: 0 | O70: 0 | S70: أنثى | T70: 0 | U70: 0 | V70: 0 | W70: 0 | AA70: أنثى | AB70: 0 | AC70: 0 | AD70: 0 | AE70: 0 | AI70: أنثى | AJ70: 0 | AK70: 0 | AL70: 0 | AM70: 0 | AQ70: أنثى | AR70: 0 | AS70: 0 | AT70: 0 | AU70: 0 | AY70: أنثى | AZ70: 0 | BA70: 0 | BB70: 0 | BC70: 0 | BG70: أنثى | BH70: 0 | BI70: 0 | BJ70: 0 | BK70: 0 | BO70: أنثى | BP70: 0 | BQ70: 0 | BR70: 0 | BS70: 0 | BW70: أنثى | BX70: 0 | BY70: 0 | BZ70: 0 | CA70: 0 | CE70: أنثى | CF70: 0 | CG70: 0 | CH70: 0 | CI70: 0 | CM70: أنثى | CN70: 0 | CO70: 0 | CP70: 0 | CQ70: 0 | CU70: أنثى | CV70: =SUM(D70+L70+T70+AB70+AJ70+AR70+AZ70+BH70+BP70+BX70+CF70+CN70) -> 0 | CW70: =SUM(E70+M70+U70+AC70+AK70+AS70+BA70+BI70+BQ70+BY70+CG70+CO70) -> 0 | CX70: =SUM(F70+N70+V70+AD70+AL70+AT70+BB70+BJ70+BR70+BZ70+CH70+CP70) -> 0 | CY70: =SUM(G70+O70+W70+AE70+AM70+AU70+BC70+BK70+BS70+CA70+CI70+CQ70) -> 0
B71: مجموع السعوديين | D71: =SUM(D69:D70) -> 0 | E71: =SUM(E69:E70) -> 0 | F71: =SUM(F69:F70) -> 0 | G71: =SUM(G69:G70) -> 0 | J71: مجموع السعوديين | L71: =SUM(L69:L70) -> 0 | M71: =SUM(M69:M70) -> 0 | N71: =SUM(N69:N70) -> 0 | O71: =SUM(O69:O70) -> 0 | R71: مجموع السعوديين | T71: =SUM(T69:T70) -> 0 | U71: =SUM(U69:U70) -> 0 | V71: =SUM(V69:V70) -> 0 | W71: =SUM(W69:W70) -> 0 | Z71: مجموع السعوديين | AB71: =SUM(AB69:AB70) -> 0 | AC71: =SUM(AC69:AC70) -> 0 | AD71: =SUM(AD69:AD70) -> 0 | AE71: =SUM(AE69:AE70) -> 0 | AH71: مجموع السعوديين | AJ71: =SUM(AJ69:AJ70) -> 0 | AK71: =SUM(AK69:AK70) -> 0 | AL71: =SUM(AL69:AL70) -> 0 | AM71: =SUM(AM69:AM70) -> 0 | AP71: مجموع السعوديين | AR71: =SUM(AR69:AR70) -> 0 | AS71: =SUM(AS69:AS70) -> 0 | AT71: =SUM(AT69:AT70) -> 0 | AU71: =SUM(AU69:AU70) -> 0 | AX71: مجموع السعوديين | AZ71: =SUM(AZ69:AZ70) -> 0 | BA71: =SUM(BA69:BA70) -> 0 | BB71: =SUM(BB69:BB70) -> 0 | BC71: =SUM(BC69:BC70) -> 0 | BF71: مجموع السعوديين | BH71: =SUM(BH69:BH70) -> 0 | BI71: =SUM(BI69:BI70) -> 0 | BJ71: =SUM(BJ69:BJ70) -> 0 | BK71: =SUM(BK69:BK70) -> 0 | BN71: مجموع السعوديين | BP71: =SUM(BP69:BP70) -> 0 | BQ71: =SUM(BQ69:BQ70) -> 0 | BR71: =SUM(BR69:BR70) -> 0 | BS71: =SUM(BS69:BS70) -> 0 | BV71: مجموع السعوديين | BX71: =SUM(BX69:BX70) -> 0 | BY71: =SUM(BY69:BY70) -> 0 | BZ71: =SUM(BZ69:BZ70) -> 0 | CA71: =SUM(CA69:CA70) -> 0 | CD71: مجموع السعوديين | CF71: =SUM(CF69:CF70) -> 0 | CG71: =SUM(CG69:CG70) -> 0 | CH71: =SUM(CH69:CH70) -> 0 | CI71: =SUM(CI69:CI70) -> 0 | CL71: مجموع السعوديين | CN71: =SUM(CN69:CN70) -> 0 | CO71: =SUM(CO69:CO70) -> 0 | CP71: =SUM(CP69:CP70) -> 0 | CQ71: =SUM(CQ69:CQ70) -> 0 | CT71: مجموع السعوديين | CV71: =SUM(CV69:CV70) -> 0 | CW71: =SUM(CW69:CW70) -> 0 | CX71: =SUM(CX69:CX70) -> 0 | CY71: =SUM(CY69:CY70) -> 0
B72: غير سعودي | C72: ذكر | D72: 0 | E72: 0 | F72: 0 | G72: 0 | J72: غير سعودي | K72: ذكر | L72: 0 | M72: 0 | N72: 0 | O72: 0 | R72: غير سعودي | S72: ذكر | T72: 0 | U72: 0 | V72: 0 | W72: 0 | Z72: غير سعودي | AA72: ذكر | AB72: 0 | AC72: 0 | AD72: 0 | AE72: 0 | AH72: غير سعودي | AI72: ذكر | AJ72: 0 | AK72: 0 | AL72: 0 | AM72: 0 | AP72: غير سعودي | AQ72: ذكر | AR72: 0 | AS72: 0 | AT72: 0 | AU72: 0 | AX72: غير سعودي | AY72: ذكر | AZ72: 0 | BA72: 0 | BB72: 0 | BC72: 0 | BF72: غير سعودي | BG72: ذكر | BH72: 0 | BI72: 0 | BJ72: 0 | BK72: 0 | BN72: غير سعودي | BO72: ذكر | BP72: 0 | BQ72: 0 | BR72: 0 | BS72: 0 | BV72: غير سعودي | BW72: ذكر | BX72: 0 | BY72: 0 | BZ72: 0 | CA72: 0 | CD72: غير سعودي | CE72: ذكر | CF72: 0 | CG72: 0 | CH72: 0 | CI72: 0 | CL72: غير سعودي | CM72: ذكر | CN72: 0 | CO72: 0 | CP72: 0 | CQ72: 0 | CT72: غير سعودي | CU72: ذكر | CV72: =SUM(D72+L72+T72+AB72+AJ72+AR72+AZ72+BH72+BP72+BX72+CF72+CN72) -> 0 | CW72: =SUM(E72+M72+U72+AC72+AK72+AS72+BA72+BI72+BQ72+BY72+CG72+CO72) -> 0 | CX72: =SUM(F72+N72+V72+AD72+AL72+AT72+BB72+BJ72+BR72+BZ72+CH72+CP72) -> 0 | CY72: =SUM(G72+O72+W72+AE72+AM72+AU72+BC72+BK72+BS72+CA72+CI72+CQ72) -> 0
C73: أنثى | D73: 0 | E73: 0 | F73: 0 | G73: 0 | K73: أنثى | L73: 0 | M73: 0 | N73: 0 | O73: 0 | S73: أنثى | T73: 0 | U73: 0 | V73: 0 | W73: 0 | AA73: أنثى | AB73: 0 | AC73: 0 | AD73: 0 | AE73: 0 | AI73: أنثى | AJ73: 0 | AK73: 0 | AL73: 0 | AM73: 0 | AQ73: أنثى | AR73: 0 | AS73: 0 | AT73: 0 | AU73: 0 | AY73: أنثى | AZ73: 0 | BA73: 0 | BB73: 0 | BC73: 0 | BG73: أنثى | BH73: 0 | BI73: 0 | BJ73: 0 | BK73: 0 | BO73: أنثى | BP73: 0 | BQ73: 0 | BR73: 0 | BS73: 0 | BW73: أنثى | BX73: 0 | BY73: 0 | BZ73: 0 | CA73: 0 | CE73: أنثى | CF73: 0 | CG73: 0 | CH73: 0 | CI73: 0 | CM73: أنثى | CN73: 0 | CO73: 0 | CP73: 0 | CQ73: 0 | CU73: أنثى | CV73: =SUM(D73+L73+T73+AB73+AJ73+AR73+AZ73+BH73+BP73+BX73+CF73+CN73) -> 0 | CW73: =SUM(E73+M73+U73+AC73+AK73+AS73+BA73+BI73+BQ73+BY73+CG73+CO73) -> 0 | CX73: =SUM(F73+N73+V73+AD73+AL73+AT73+BB73+BJ73+BR73+BZ73+CH73+CP73) -> 0 | CY73: =SUM(G73+O73+W73+AE73+AM73+AU73+BC73+BK73+BS73+CA73+CI73+CQ73) -> 0
B74: مجمع الغير سعوديين | D74: =SUM(D72:D73) -> 0 | E74: =SUM(E72:E73) -> 0 | F74: =SUM(F72:F73) -> 0 | G74: =SUM(G72:G73) -> 0 | J74: مجمع الغير سعوديين | L74: =SUM(L72:L73) -> 0 | M74: =SUM(M72:M73) -> 0 | N74: =SUM(N72:N73) -> 0 | O74: =SUM(O72:O73) -> 0 | R74: مجمع الغير سعوديين | T74: =SUM(T72:T73) -> 0 | U74: =SUM(U72:U73) -> 0 | V74: =SUM(V72:V73) -> 0 | W74: =SUM(W72:W73) -> 0 | Z74: مجمع الغير سعوديين | AB74: =SUM(AB72:AB73) -> 0 | AC74: =SUM(AC72:AC73) -> 0 | AD74: =SUM(AD72:AD73) -> 0 | AE74: =SUM(AE72:AE73) -> 0 | AH74: مجمع الغير سعوديين | AJ74: =SUM(AJ72:AJ73) -> 0 | AK74: =SUM(AK72:AK73) -> 0 | AL74: =SUM(AL72:AL73) -> 0 | AM74: =SUM(AM72:AM73) -> 0 | AP74: مجمع الغير سعوديين | AR74: =SUM(AR72:AR73) -> 0 | AS74: =SUM(AS72:AS73) -> 0 | AT74: =SUM(AT72:AT73) -> 0 | AU74: =SUM(AU72:AU73) -> 0 | AX74: مجمع الغير سعوديين | AZ74: =SUM(AZ72:AZ73) -> 0 | BA74: =SUM(BA72:BA73) -> 0 | BB74: =SUM(BB72:BB73) -> 0 | BC74: =SUM(BC72:BC73) -> 0 | BF74: مجمع الغير سعوديين | BH74: =SUM(BH72:BH73) -> 0 | BI74: =SUM(BI72:BI73) -> 0 | BJ74: =SUM(BJ72:BJ73) -> 0 | BK74: =SUM(BK72:BK73) -> 0 | BN74: مجمع الغير سعوديين | BP74: =SUM(BP72:BP73) -> 0 | BQ74: =SUM(BQ72:BQ73) -> 0 | BR74: =SUM(BR72:BR73) -> 0 | BS74: =SUM(BS72:BS73) -> 0 | BV74: مجمع الغير سعوديين | BX74: =SUM(BX72:BX73) -> 0 | BY74: =SUM(BY72:BY73) -> 0 | BZ74: =SUM(BZ72:BZ73) -> 0 | CA74: =SUM(CA72:CA73) -> 0 | CD74: مجمع الغير سعوديين | CF74: =SUM(CF72:CF73) -> 0 | CG74: =SUM(CG72:CG73) -> 0 | CH74: =SUM(CH72:CH73) -> 0 | CI74: =SUM(CI72:CI73) -> 0 | CL74: مجمع الغير سعوديين | CN74: =SUM(CN72:CN73) -> 0 | CO74: =SUM(CO72:CO73) -> 0 | CP74: =SUM(CP72:CP73) -> 0 | CQ74: =SUM(CQ72:CQ73) -> 0 | CT74: مجمع الغير سعوديين | CV74: =SUM(CV72:CV73) -> 0 | CW74: =SUM(CW72:CW73) -> 0 | CX74: =SUM(CX72:CX73) -> 0 | CY74: =SUM(CY72:CY73) -> 0
B75: المجموع الكلي | D75: =SUM(D71+D74) -> 0 | E75: =SUM(E71+E74) -> 0 | F75: =SUM(F71+F74) -> 0 | G75: =SUM(G71+G74) -> 0 | J75: المجموع الكلي | L75: =SUM(L71+L74) -> 0 | M75: =SUM(M71+M74) -> 0 | N75: =SUM(N71+N74) -> 0 | O75: =SUM(O71+O74) -> 0 | R75: المجموع الكلي | T75: =SUM(T71+T74) -> 0 | U75: =SUM(U71+U74) -> 0 | V75: =SUM(V71+V74) -> 0 | W75: =SUM(W71+W74) -> 0 | Z75: المجموع الكلي | AB75: =SUM(AB71+AB74) -> 0 | AC75: =SUM(AC71+AC74) -> 0 | AD75: =SUM(AD71+AD74) -> 0 | AE75: =SUM(AE71+AE74) -> 0 | AH75: المجموع الكلي | AJ75: =SUM(AJ71+AJ74) -> 0 | AK75: =SUM(AK71+AK74) -> 0 | AL75: =SUM(AL71+AL74) -> 0 | AM75: =SUM(AM71+AM74) -> 0 | AP75: المجموع الكلي | AR75: =SUM(AR71+AR74) -> 0 | AS75: =SUM(AS71+AS74) -> 0 | AT75: =SUM(AT71+AT74) -> 0 | AU75: =SUM(AU71+AU74) -> 0 | AX75: المجموع الكلي | AZ75: =SUM(AZ71+AZ74) -> 0 | BA75: =SUM(BA71+BA74) -> 0 | BB75: =SUM(BB71+BB74) -> 0 | BC75: =SUM(BC71+BC74) -> 0 | BF75: المجموع الكلي | BH75: =SUM(BH71+BH74) -> 0 | BI75: =SUM(BI71+BI74) -> 0 | BJ75: =SUM(BJ71+BJ74) -> 0 | BK75: =SUM(BK71+BK74) -> 0 | BN75: المجموع الكلي | BP75: =SUM(BP71+BP74) -> 0 | BQ75: =SUM(BQ71+BQ74) -> 0 | BR75: =SUM(BR71+BR74) -> 0 | BS75: =SUM(BS71+BS74) -> 0 | BV75: المجموع الكلي | BX75: =SUM(BX71+BX74) -> 0 | BY75: =SUM(BY71+BY74) -> 0 | BZ75: =SUM(BZ71+BZ74) -> 0 | CA75: =SUM(CA71+CA74) -> 0 | CD75: المجموع الكلي | CF75: =SUM(CF71+CF74) -> 0 | CG75: =SUM(CG71+CG74) -> 0 | CH75: =SUM(CH71+CH74) -> 0 | CI75: =SUM(CI71+CI74) -> 0 | CL75: المجموع الكلي | CN75: =SUM(CN71+CN74) -> 0 | CO75: =SUM(CO71+CO74) -> 0 | CP75: =SUM(CP71+CP74) -> 0 | CQ75: =SUM(CQ71+CQ74) -> 0 | CT75: المجموع الكلي | CV75: =SUM(CV71+CV74) -> 0 | CW75: =SUM(CW71+CW74) -> 0 | CX75: =SUM(CX71+CX74) -> 0 | CY75: =SUM(CY71+CY74) -> 0
A76: 0 | B76: سعودي | C76: ذكر | D76: 0 | E76: 0 | F76: 0 | G76: 0 | I76: 0 | J76: سعودي | K76: ذكر | L76: 0 | M76: 0 | N76: 0 | O76: 0 | Q76: 0 | R76: سعودي | S76: ذكر | T76: 0 | U76: 0 | V76: 0 | W76: 0 | Y76: 0 | Z76: سعودي | AA76: ذكر | AB76: 0 | AC76: 0 | AD76: 0 | AE76: 0 | AG76: 0 | AH76: سعودي | AI76: ذكر | AJ76: 0 | AK76: 0 | AL76: 0 | AM76: 0 | AO76: 0 | AP76: سعودي | AQ76: ذكر | AR76: 0 | AS76: 0 | AT76: 0 | AU76: 0 | AW76: 0 | AX76: سعودي | AY76: ذكر | AZ76: 0 | BA76: 0 | BB76: 0 | BC76: 0 | BE76: 0 | BF76: سعودي | BG76: ذكر | BH76: 0 | BI76: 0 | BJ76: 0 | BK76: 0 | BM76: 0 | BN76: سعودي | BO76: ذكر | BP76: 0 | BQ76: 0 | BR76: 0 | BS76: 0 | BU76: 0 | BV76: سعودي | BW76: ذكر | BX76: 0 | BY76: 0 | BZ76: 0 | CA76: 0 | CC76: 0 | CD76: سعودي | CE76: ذكر | CF76: 0 | CG76: 0 | CH76: 0 | CI76: 0 | CK76: 0 | CL76: سعودي | CM76: ذكر | CN76: 0 | CO76: 0 | CP76: 0 | CQ76: 0 | CS76: =(CK76) -> 0 | CT76: سعودي | CU76: ذكر | CV76: =SUM(D76+L76+T76+AB76+AJ76+AR76+AZ76+BH76+BP76+BX76+CF76+CN76) -> 0 | CW76: =SUM(E76+M76+U76+AC76+AK76+AS76+BA76+BI76+BQ76+BY76+CG76+CO76) -> 0 | CX76: =SUM(F76+N76+V76+AD76+AL76+AT76+BB76+BJ76+BR76+BZ76+CH76+CP76) -> 0 | CY76: =SUM(G76+O76+W76+AE76+AM76+AU76+BC76+BK76+BS76+CA76+CI76+CQ76) -> 0
C77: أنثى | D77: 0 | E77: 0 | F77: 0 | G77: 0 | K77: أنثى | L77: 0 | M77: 0 | N77: 0 | O77: 0 | S77: أنثى | T77: 0 | U77: 0 | V77: 0 | W77: 0 | AA77: أنثى | AB77: 0 | AC77: 0 | AD77: 0 | AE77: 0 | AI77: أنثى | AJ77: 0 | AK77: 0 | AL77: 0 | AM77: 0 | AQ77: أنثى | AR77: 0 | AS77: 0 | AT77: 0 | AU77: 0 | AY77: أنثى | AZ77: 0 | BA77: 0 | BB77: 0 | BC77: 0 | BG77: أنثى | BH77: 0 | BI77: 0 | BJ77: 0 | BK77: 0 | BO77: أنثى | BP77: 0 | BQ77: 0 | BR77: 0 | BS77: 0 | BW77: أنثى | BX77: 0 | BY77: 0 | BZ77: 0 | CA77: 0 | CE77: أنثى | CF77: 0 | CG77: 0 | CH77: 0 | CI77: 0 | CM77: أنثى | CN77: 0 | CO77: 0 | CP77: 0 | CQ77: 0 | CU77: أنثى | CV77: =SUM(D77+L77+T77+AB77+AJ77+AR77+AZ77+BH77+BP77+BX77+CF77+CN77) -> 0 | CW77: =SUM(E77+M77+U77+AC77+AK77+AS77+BA77+BI77+BQ77+BY77+CG77+CO77) -> 0 | CX77: =SUM(F77+N77+V77+AD77+AL77+AT77+BB77+BJ77+BR77+BZ77+CH77+CP77) -> 0 | CY77: =SUM(G77+O77+W77+AE77+AM77+AU77+BC77+BK77+BS77+CA77+CI77+CQ77) -> 0
B78: مجموع السعوديين | D78: =SUM(D76:D77) -> 0 | E78: =SUM(E76:E77) -> 0 | F78: =SUM(F76:F77) -> 0 | G78: =SUM(G76:G77) -> 0 | J78: مجموع السعوديين | L78: =SUM(L76:L77) -> 0 | M78: =SUM(M76:M77) -> 0 | N78: =SUM(N76:N77) -> 0 | O78: =SUM(O76:O77) -> 0 | R78: مجموع السعوديين | T78: =SUM(T76:T77) -> 0 | U78: =SUM(U76:U77) -> 0 | V78: =SUM(V76:V77) -> 0 | W78: =SUM(W76:W77) -> 0 | Z78: مجموع السعوديين | AB78: =SUM(AB76:AB77) -> 0 | AC78: =SUM(AC76:AC77) -> 0 | AD78: =SUM(AD76:AD77) -> 0 | AE78: =SUM(AE76:AE77) -> 0 | AH78: مجموع السعوديين | AJ78: =SUM(AJ76:AJ77) -> 0 | AK78: =SUM(AK76:AK77) -> 0 | AL78: =SUM(AL76:AL77) -> 0 | AM78: =SUM(AM76:AM77) -> 0 | AP78: مجموع السعوديين | AR78: =SUM(AR76:AR77) -> 0 | AS78: =SUM(AS76:AS77) -> 0 | AT78: =SUM(AT76:AT77) -> 0 | AU78: =SUM(AU76:AU77) -> 0 | AX78: مجموع السعوديين | AZ78: =SUM(AZ76:AZ77) -> 0 | BA78: =SUM(BA76:BA77) -> 0 | BB78: =SUM(BB76:BB77) -> 0 | BC78: =SUM(BC76:BC77) -> 0 | BF78: مجموع السعوديين | BH78: =SUM(BH76:BH77) -> 0 | BI78: =SUM(BI76:BI77) -> 0 | BJ78: =SUM(BJ76:BJ77) -> 0 | BK78: =SUM(BK76:BK77) -> 0 | BN78: مجموع السعوديين | BP78: =SUM(BP76:BP77) -> 0 | BQ78: =SUM(BQ76:BQ77) -> 0 | BR78: =SUM(BR76:BR77) -> 0 | BS78: =SUM(BS76:BS77) -> 0 | BV78: مجموع السعوديين | BX78: =SUM(BX76:BX77) -> 0 | BY78: =SUM(BY76:BY77) -> 0 | BZ78: =SUM(BZ76:BZ77) -> 0 | CA78: =SUM(CA76:CA77) -> 0 | CD78: مجموع السعوديين | CF78: =SUM(CF76:CF77) -> 0 | CG78: =SUM(CG76:CG77) -> 0 | CH78: =SUM(CH76:CH77) -> 0 | CI78: =SUM(CI76:CI77) -> 0 | CL78: مجموع السعوديين | CN78: =SUM(CN76:CN77) -> 0 | CO78: =SUM(CO76:CO77) -> 0 | CP78: =SUM(CP76:CP77) -> 0 | CQ78: =SUM(CQ76:CQ77) -> 0 | CT78: مجموع السعوديين | CV78: =SUM(CV76:CV77) -> 0 | CW78: =SUM(CW76:CW77) -> 0 | CX78: =SUM(CX76:CX77) -> 0 | CY78: =SUM(CY76:CY77) -> 0
B79: غير سعودي | C79: ذكر | D79: 0 | E79: 0 | F79: 0 | G79: 0 | J79: غير سعودي | K79: ذكر | L79: 0 | M79: 0 | N79: 0 | O79: 0 | R79: غير سعودي | S79: ذكر | T79: 0 | U79: 0 | V79: 0 | W79: 0 | Z79: غير سعودي | AA79: ذكر | AB79: 0 | AC79: 0 | AD79: 0 | AE79: 0 | AH79: غير سعودي | AI79: ذكر | AJ79: 0 | AK79: 0 | AL79: 0 | AM79: 0 | AP79: غير سعودي | AQ79: ذكر | AR79: 0 | AS79: 0 | AT79: 0 | AU79: 0 | AX79: غير سعودي | AY79: ذكر | AZ79: 0 | BA79: 0 | BB79: 0 | BC79: 0 | BF79: غير سعودي | BG79: ذكر | BH79: 0 | BI79: 0 | BJ79: 0 | BK79: 0 | BN79: غير سعودي | BO79: ذكر | BP79: 0 | BQ79: 0 | BR79: 0 | BS79: 0 | BV79: غير سعودي | BW79: ذكر | BX79: 0 | BY79: 0 | BZ79: 0 | CA79: 0 | CD79: غير سعودي | CE79: ذكر | CF79: 0 | CG79: 0 | CH79: 0 | CI79: 0 | CL79: غير سعودي | CM79: ذكر | CN79: 0 | CO79: 0 | CP79: 0 | CQ79: 0 | CT79: غير سعودي | CU79: ذكر | CV79: =SUM(D79+L79+T79+AB79+AJ79+AR79+AZ79+BH79+BP79+BX79+CF79+CN79) -> 0 | CW79: =SUM(E79+M79+U79+AC79+AK79+AS79+BA79+BI79+BQ79+BY79+CG79+CO79) -> 0 | CX79: =SUM(F79+N79+V79+AD79+AL79+AT79+BB79+BJ79+BR79+BZ79+CH79+CP79) -> 0 | CY79: =SUM(G79+O79+W79+AE79+AM79+AU79+BC79+BK79+BS79+CA79+CI79+CQ79) -> 0
C80: أنثى | D80: 0 | E80: 0 | F80: 0 | G80: 0 | K80: أنثى | L80: 0 | M80: 0 | N80: 0 | O80: 0 | S80: أنثى | T80: 0 | U80: 0 | V80: 0 | W80: 0 | AA80: أنثى | AB80: 0 | AC80: 0 | AD80: 0 | AE80: 0 | AI80: أنثى | AJ80: 0 | AK80: 0 | AL80: 0 | AM80: 0 | AQ80: أنثى | AR80: 0 | AS80: 0 | AT80: 0 | AU80: 0 | AY80: أنثى | AZ80: 0 | BA80: 0 | BB80: 0 | BC80: 0 | BG80: أنثى | BH80: 0 | BI80: 0 | BJ80: 0 | BK80: 0 | BO80: أنثى | BP80: 0 | BQ80: 0 | BR80: 0 | BS80: 0 | BW80: أنثى | BX80: 0 | BY80: 0 | BZ80: 0 | CA80: 0 | CE80: أنثى | CF80: 0 | CG80: 0 | CH80: 0 | CI80: 0 | CM80: أنثى | CN80: 0 | CO80: 0 | CP80: 0 | CQ80: 0 | CU80: أنثى | CV80: =SUM(D80+L80+T80+AB80+AJ80+AR80+AZ80+BH80+BP80+BX80+CF80+CN80) -> 0 | CW80: =SUM(E80+M80+U80+AC80+AK80+AS80+BA80+BI80+BQ80+BY80+CG80+CO80) -> 0 | CX80: =SUM(F80+N80+V80+AD80+AL80+AT80+BB80+BJ80+BR80+BZ80+CH80+CP80) -> 0 | CY80: =SUM(G80+O80+W80+AE80+AM80+AU80+BC80+BK80+BS80+CA80+CI80+CQ80) -> 0
B81: مجمع الغير سعوديين | D81: =SUM(D79:D80) -> 0 | E81: =SUM(E79:E80) -> 0 | F81: =SUM(F79:F80) -> 0 | G81: =SUM(G79:G80) -> 0 | J81: مجمع الغير سعوديين | L81: =SUM(L79:L80) -> 0 | M81: =SUM(M79:M80) -> 0 | N81: =SUM(N79:N80) -> 0 | O81: =SUM(O79:O80) -> 0 | R81: مجمع الغير سعوديين | T81: =SUM(T79:T80) -> 0 | U81: =SUM(U79:U80) -> 0 | V81: =SUM(V79:V80) -> 0 | W81: =SUM(W79:W80) -> 0 | Z81: مجمع الغير سعوديين | AB81: =SUM(AB79:AB80) -> 0 | AC81: =SUM(AC79:AC80) -> 0 | AD81: =SUM(AD79:AD80) -> 0 | AE81: =SUM(AE79:AE80) -> 0 | AH81: مجمع الغير سعوديين | AJ81: =SUM(AJ79:AJ80) -> 0 | AK81: =SUM(AK79:AK80) -> 0 | AL81: =SUM(AL79:AL80) -> 0 | AM81: =SUM(AM79:AM80) -> 0 | AP81: مجمع الغير سعوديين | AR81: =SUM(AR79:AR80) -> 0 | AS81: =SUM(AS79:AS80) -> 0 | AT81: =SUM(AT79:AT80) -> 0 | AU81: =SUM(AU79:AU80) -> 0 | AX81: مجمع الغير سعوديين | AZ81: =SUM(AZ79:AZ80) -> 0 | BA81: =SUM(BA79:BA80) -> 0 | BB81: =SUM(BB79:BB80) -> 0 | BC81: =SUM(BC79:BC80) -> 0 | BF81: مجمع الغير سعوديين | BH81: =SUM(BH79:BH80) -> 0 | BI81: =SUM(BI79:BI80) -> 0 | BJ81: =SUM(BJ79:BJ80) -> 0 | BK81: =SUM(BK79:BK80) -> 0 | BN81: مجمع الغير سعوديين | BP81: =SUM(BP79:BP80) -> 0 | BQ81: =SUM(BQ79:BQ80) -> 0 | BR81: =SUM(BR79:BR80) -> 0 | BS81: =SUM(BS79:BS80) -> 0 | BV81: مجمع الغير سعوديين | BX81: =SUM(BX79:BX80) -> 0 | BY81: =SUM(BY79:BY80) -> 0 | BZ81: =SUM(BZ79:BZ80) -> 0 | CA81: =SUM(CA79:CA80) -> 0 | CD81: مجمع الغير سعوديين | CF81: =SUM(CF79:CF80) -> 0 | CG81: =SUM(CG79:CG80) -> 0 | CH81: =SUM(CH79:CH80) -> 0 | CI81: =SUM(CI79:CI80) -> 0 | CL81: مجمع الغير سعوديين | CN81: =SUM(CN79:CN80) -> 0 | CO81: =SUM(CO79:CO80) -> 0 | CP81: =SUM(CP79:CP80) -> 0 | CQ81: =SUM(CQ79:CQ80) -> 0 | CT81: مجمع الغير سعوديين | CV81: =SUM(CV79:CV80) -> 0 | CW81: =SUM(CW79:CW80) -> 0 | CX81: =SUM(CX79:CX80) -> 0 | CY81: =SUM(CY79:CY80) -> 0
B82: المجموع الكلي | D82: =SUM(D78+D81) -> 0 | E82: =SUM(E78+E81) -> 0 | F82: =SUM(F78+F81) -> 0 | G82: =SUM(G78+G81) -> 0 | J82: المجموع الكلي | L82: =SUM(L78+L81) -> 0 | M82: =SUM(M78+M81) -> 0 | N82: =SUM(N78+N81) -> 0 | O82: =SUM(O78+O81) -> 0 | R82: المجموع الكلي | T82: =SUM(T78+T81) -> 0 | U82: =SUM(U78+U81) -> 0 | V82: =SUM(V78+V81) -> 0 | W82: =SUM(W78+W81) -> 0 | Z82: المجموع الكلي | AB82: =SUM(AB78+AB81) -> 0 | AC82: =SUM(AC78+AC81) -> 0 | AD82: =SUM(AD78+AD81) -> 0 | AE82: =SUM(AE78+AE81) -> 0 | AH82: المجموع الكلي | AJ82: =SUM(AJ78+AJ81) -> 0 | AK82: =SUM(AK78+AK81) -> 0 | AL82: =SUM(AL78+AL81) -> 0 | AM82: =SUM(AM78+AM81) -> 0 | AP82: المجموع الكلي | AR82: =SUM(AR78+AR81) -> 0 | AS82: =SUM(AS78+AS81) -> 0 | AT82: =SUM(AT78+AT81) -> 0 | AU82: =SUM(AU78+AU81) -> 0 | AX82: المجموع الكلي | AZ82: =SUM(AZ78+AZ81) -> 0 | BA82: =SUM(BA78+BA81) -> 0 | BB82: =SUM(BB78+BB81) -> 0 | BC82: =SUM(BC78+BC81) -> 0 | BF82: المجموع الكلي | BH82: =SUM(BH78+BH81) -> 0 | BI82: =SUM(BI78+BI81) -> 0 | BJ82: =SUM(BJ78+BJ81) -> 0 | BK82: =SUM(BK78+BK81) -> 0 | BN82: المجموع الكلي | BP82: =SUM(BP78+BP81) -> 0 | BQ82: =SUM(BQ78+BQ81) -> 0 | BR82: =SUM(BR78+BR81) -> 0 | BS82: =SUM(BS78+BS81) -> 0 | BV82: المجموع الكلي | BX82: =SUM(BX78+BX81) -> 0 | BY82: =SUM(BY78+BY81) -> 0 | BZ82: =SUM(BZ78+BZ81) -> 0 | CA82: =SUM(CA78+CA81) -> 0 | CD82: المجموع الكلي | CF82: =SUM(CF78+CF81) -> 0 | CG82: =SUM(CG78+CG81) -> 0 | CH82: =SUM(CH78+CH81) -> 0 | CI82: =SUM(CI78+CI81) -> 0 | CL82: المجموع الكلي | CN82: =SUM(CN78+CN81) -> 0 | CO82: =SUM(CO78+CO81) -> 0 | CP82: =SUM(CP78+CP81) -> 0 | CQ82: =SUM(CQ78+CQ81) -> 0 | CT82: المجموع الكلي | CV82: =SUM(CV78+CV81) -> 0 | CW82: =SUM(CW78+CW81) -> 0 | CX82: =SUM(CX78+CX81) -> 0 | CY82: =SUM(CY78+CY81) -> 0
A83: 0 | B83: سعودي | C83: ذكر | D83: 0 | E83: 0 | F83: 0 | G83: 0 | I83: 0 | J83: سعودي | K83: ذكر | L83: 0 | M83: 0 | N83: 0 | O83: 0 | Q83: 0 | R83: سعودي | S83: ذكر | T83: 0 | U83: 0 | V83: 0 | W83: 0 | Y83: 0 | Z83: سعودي | AA83: ذكر | AB83: 0 | AC83: 0 | AD83: 0 | AE83: 0 | AG83: 0 | AH83: سعودي | AI83: ذكر | AJ83: 0 | AK83: 0 | AL83: 0 | AM83: 0 | AO83: 0 | AP83: سعودي | AQ83: ذكر | AR83: 0 | AS83: 0 | AT83: 0 | AU83: 0 | AW83: 0 | AX83: سعودي | AY83: ذكر | AZ83: 0 | BA83: 0 | BB83: 0 | BC83: 0 | BE83: 0 | BF83: سعودي | BG83: ذكر | BH83: 0 | BI83: 0 | BJ83: 0 | BK83: 0 | BM83: 0 | BN83: سعودي | BO83: ذكر | BP83: 0 | BQ83: 0 | BR83: 0 | BS83: 0 | BU83: 0 | BV83: سعودي | BW83: ذكر | BX83: 0 | BY83: 0 | BZ83: 0 | CA83: 0 | CC83: 0 | CD83: سعودي | CE83: ذكر | CF83: 0 | CG83: 0 | CH83: 0 | CI83: 0 | CK83: 0 | CL83: سعودي | CM83: ذكر | CN83: 0 | CO83: 0 | CP83: 0 | CQ83: 0 | CS83: =(CK83) -> 0 | CT83: سعودي | CU83: ذكر | CV83: =SUM(D83+L83+T83+AB83+AJ83+AR83+AZ83+BH83+BP83+BX83+CF83+CN83) -> 0 | CW83: =SUM(E83+M83+U83+AC83+AK83+AS83+BA83+BI83+BQ83+BY83+CG83+CO83) -> 0 | CX83: =SUM(F83+N83+V83+AD83+AL83+AT83+BB83+BJ83+BR83+BZ83+CH83+CP83) -> 0 | CY83: =SUM(G83+O83+W83+AE83+AM83+AU83+BC83+BK83+BS83+CA83+CI83+CQ83) -> 0
C84: أنثى | D84: 0 | E84: 0 | F84: 0 | G84: 0 | K84: أنثى | L84: 0 | M84: 0 | N84: 0 | O84: 0 | S84: أنثى | T84: 0 | U84: 0 | V84: 0 | W84: 0 | AA84: أنثى | AB84: 0 | AC84: 0 | AD84: 0 | AE84: 0 | AI84: أنثى | AJ84: 0 | AK84: 0 | AL84: 0 | AM84: 0 | AQ84: أنثى | AR84: 0 | AS84: 0 | AT84: 0 | AU84: 0 | AY84: أنثى | AZ84: 0 | BA84: 0 | BB84: 0 | BC84: 0 | BG84: أنثى | BH84: 0 | BI84: 0 | BJ84: 0 | BK84: 0 | BO84: أنثى | BP84: 0 | BQ84: 0 | BR84: 0 | BS84: 0 | BW84: أنثى | BX84: 0 | BY84: 0 | BZ84: 0 | CA84: 0 | CE84: أنثى | CF84: 0 | CG84: 0 | CH84: 0 | CI84: 0 | CM84: أنثى | CN84: 0 | CO84: 0 | CP84: 0 | CQ84: 0 | CU84: أنثى | CV84: =SUM(D84+L84+T84+AB84+AJ84+AR84+AZ84+BH84+BP84+BX84+CF84+CN84) -> 0 | CW84: =SUM(E84+M84+U84+AC84+AK84+AS84+BA84+BI84+BQ84+BY84+CG84+CO84) -> 0 | CX84: =SUM(F84+N84+V84+AD84+AL84+AT84+BB84+BJ84+BR84+BZ84+CH84+CP84) -> 0 | CY84: =SUM(G84+O84+W84+AE84+AM84+AU84+BC84+BK84+BS84+CA84+CI84+CQ84) -> 0
B85: مجموع السعوديين | D85: =SUM(D83:D84) -> 0 | E85: =SUM(E83:E84) -> 0 | F85: =SUM(F83:F84) -> 0 | G85: =SUM(G83:G84) -> 0 | J85: مجموع السعوديين | L85: =SUM(L83:L84) -> 0 | M85: =SUM(M83:M84) -> 0 | N85: =SUM(N83:N84) -> 0 | O85: =SUM(O83:O84) -> 0 | R85: مجموع السعوديين | T85: =SUM(T83:T84) -> 0 | U85: =SUM(U83:U84) -> 0 | V85: =SUM(V83:V84) -> 0 | W85: =SUM(W83:W84) -> 0 | Z85: مجموع السعوديين | AB85: =SUM(AB83:AB84) -> 0 | AC85: =SUM(AC83:AC84) -> 0 | AD85: =SUM(AD83:AD84) -> 0 | AE85: =SUM(AE83:AE84) -> 0 | AH85: مجموع السعوديين | AJ85: =SUM(AJ83:AJ84) -> 0 | AK85: =SUM(AK83:AK84) -> 0 | AL85: =SUM(AL83:AL84) -> 0 | AM85: =SUM(AM83:AM84) -> 0 | AP85: مجموع السعوديين | AR85: =SUM(AR83:AR84) -> 0 | AS85: =SUM(AS83:AS84) -> 0 | AT85: =SUM(AT83:AT84) -> 0 | AU85: =SUM(AU83:AU84) -> 0 | AX85: مجموع السعوديين | AZ85: =SUM(AZ83:AZ84) -> 0 | BA85: =SUM(BA83:BA84) -> 0 | BB85: =SUM(BB83:BB84) -> 0 | BC85: =SUM(BC83:BC84) -> 0 | BF85: مجموع السعوديين | BH85: =SUM(BH83:BH84) -> 0 | BI85: =SUM(BI83:BI84) -> 0 | BJ85: =SUM(BJ83:BJ84) -> 0 | BK85: =SUM(BK83:BK84) -> 0 | BN85: مجموع السعوديين | BP85: =SUM(BP83:BP84) -> 0 | BQ85: =SUM(BQ83:BQ84) -> 0 | BR85: =SUM(BR83:BR84) -> 0 | BS85: =SUM(BS83:BS84) -> 0 | BV85: مجموع السعوديين | BX85: =SUM(BX83:BX84) -> 0 | BY85: =SUM(BY83:BY84) -> 0 | BZ85: =SUM(BZ83:BZ84) -> 0 | CA85: =SUM(CA83:CA84) -> 0 | CD85: مجموع السعوديين | CF85: =SUM(CF83:CF84) -> 0 | CG85: =SUM(CG83:CG84) -> 0 | CH85: =SUM(CH83:CH84) -> 0 | CI85: =SUM(CI83:CI84) -> 0 | CL85: مجموع السعوديين | CN85: =SUM(CN83:CN84) -> 0 | CO85: =SUM(CO83:CO84) -> 0 | CP85: =SUM(CP83:CP84) -> 0 | CQ85: =SUM(CQ83:CQ84) -> 0 | CT85: مجموع السعوديين | CV85: =SUM(CV83:CV84) -> 0 | CW85: =SUM(CW83:CW84) -> 0 | CX85: =SUM(CX83:CX84) -> 0 | CY85: =SUM(CY83:CY84) -> 0
B86: غير سعودي | C86: ذكر | D86: 0 | E86: 0 | F86: 0 | G86: 0 | J86: غير سعودي | K86: ذكر | L86: 0 | M86: 0 | N86: 0 | O86: 0 | R86: غير سعودي | S86: ذكر | T86: 0 | U86: 0 | V86: 0 | W86: 0 | Z86: غير سعودي | AA86: ذكر | AB86: 0 | AC86: 0 | AD86: 0 | AE86: 0 | AH86: غير سعودي | AI86: ذكر | AJ86: 0 | AK86: 0 | AL86: 0 | AM86: 0 | AP86: غير سعودي | AQ86: ذكر | AR86: 0 | AS86: 0 | AT86: 0 | AU86: 0 | AX86: غير سعودي | AY86: ذكر | AZ86: 0 | BA86: 0 | BB86: 0 | BC86: 0 | BF86: غير سعودي | BG86: ذكر | BH86: 0 | BI86: 0 | BJ86: 0 | BK86: 0 | BN86: غير سعودي | BO86: ذكر | BP86: 0 | BQ86: 0 | BR86: 0 | BS86: 0 | BV86: غير سعودي | BW86: ذكر | BX86: 0 | BY86: 0 | BZ86: 0 | CA86: 0 | CD86: غير سعودي | CE86: ذكر | CF86: 0 | CG86: 0 | CH86: 0 | CI86: 0 | CL86: غير سعودي | CM86: ذكر | CN86: 0 | CO86: 0 | CP86: 0 | CQ86: 0 | CT86: غير سعودي | CU86: ذكر | CV86: =SUM(D86+L86+T86+AB86+AJ86+AR86+AZ86+BH86+BP86+BX86+CF86+CN86) -> 0 | CW86: =SUM(E86+M86+U86+AC86+AK86+AS86+BA86+BI86+BQ86+BY86+CG86+CO86) -> 0 | CX86: =SUM(F86+N86+V86+AD86+AL86+AT86+BB86+BJ86+BR86+BZ86+CH86+CP86) -> 0 | CY86: =SUM(G86+O86+W86+AE86+AM86+AU86+BC86+BK86+BS86+CA86+CI86+CQ86) -> 0
C87: أنثى | D87: 0 | E87: 0 | F87: 0 | G87: 0 | K87: أنثى | L87: 0 | M87: 0 | N87: 0 | O87: 0 | S87: أنثى | T87: 0 | U87: 0 | V87: 0 | W87: 0 | AA87: أنثى | AB87: 0 | AC87: 0 | AD87: 0 | AE87: 0 | AI87: أنثى | AJ87: 0 | AK87: 0 | AL87: 0 | AM87: 0 | AQ87: أنثى | AR87: 0 | AS87: 0 | AT87: 0 | AU87: 0 | AY87: أنثى | AZ87: 0 | BA87: 0 | BB87: 0 | BC87: 0 | BG87: أنثى | BH87: 0 | BI87: 0 | BJ87: 0 | BK87: 0 | BO87: أنثى | BP87: 0 | BQ87: 0 | BR87: 0 | BS87: 0 | BW87: أنثى | BX87: 0 | BY87: 0 | BZ87: 0 | CA87: 0 | CE87: أنثى | CF87: 0 | CG87: 0 | CH87: 0 | CI87: 0 | CM87: أنثى | CN87: 0 | CO87: 0 | CP87: 0 | CQ87: 0 | CU87: أنثى | CV87: =SUM(D87+L87+T87+AB87+AJ87+AR87+AZ87+BH87+BP87+BX87+CF87+CN87) -> 0 | CW87: =SUM(E87+M87+U87+AC87+AK87+AS87+BA87+BI87+BQ87+BY87+CG87+CO87) -> 0 | CX87: =SUM(F87+N87+V87+AD87+AL87+AT87+BB87+BJ87+BR87+BZ87+CH87+CP87) -> 0 | CY87: =SUM(G87+O87+W87+AE87+AM87+AU87+BC87+BK87+BS87+CA87+CI87+CQ87) -> 0
B88: مجمع الغير سعوديين | D88: =SUM(D86:D87) -> 0 | E88: =SUM(E86:E87) -> 0 | F88: =SUM(F86:F87) -> 0 | G88: =SUM(G86:G87) -> 0 | J88: مجمع الغير سعوديين | L88: =SUM(L86:L87) -> 0 | M88: =SUM(M86:M87) -> 0 | N88: =SUM(N86:N87) -> 0 | O88: =SUM(O86:O87) -> 0 | R88: مجمع الغير سعوديين | T88: =SUM(T86:T87) -> 0 | U88: =SUM(U86:U87) -> 0 | V88: =SUM(V86:V87) -> 0 | W88: =SUM(W86:W87) -> 0 | Z88: مجمع الغير سعوديين | AB88: =SUM(AB86:AB87) -> 0 | AC88: =SUM(AC86:AC87) -> 0 | AD88: =SUM(AD86:AD87) -> 0 | AE88: =SUM(AE86:AE87) -> 0 | AH88: مجمع الغير سعوديين | AJ88: =SUM(AJ86:AJ87) -> 0 | AK88: =SUM(AK86:AK87) -> 0 | AL88: =SUM(AL86:AL87) -> 0 | AM88: =SUM(AM86:AM87) -> 0 | AP88: مجمع الغير سعوديين | AR88: =SUM(AR86:AR87) -> 0 | AS88: =SUM(AS86:AS87) -> 0 | AT88: =SUM(AT86:AT87) -> 0 | AU88: =SUM(AU86:AU87) -> 0 | AX88: مجمع الغير سعوديين | AZ88: =SUM(AZ86:AZ87) -> 0 | BA88: =SUM(BA86:BA87) -> 0 | BB88: =SUM(BB86:BB87) -> 0 | BC88: =SUM(BC86:BC87) -> 0 | BF88: مجمع الغير سعوديين | BH88: =SUM(BH86:BH87) -> 0 | BI88: =SUM(BI86:BI87) -> 0 | BJ88: =SUM(BJ86:BJ87) -> 0 | BK88: =SUM(BK86:BK87) -> 0 | BN88: مجمع الغير سعوديين | BP88: =SUM(BP86:BP87) -> 0 | BQ88: =SUM(BQ86:BQ87) -> 0 | BR88: =SUM(BR86:BR87) -> 0 | BS88: =SUM(BS86:BS87) -> 0 | BV88: مجمع الغير سعوديين | BX88: =SUM(BX86:BX87) -> 0 | BY88: =SUM(BY86:BY87) -> 0 | BZ88: =SUM(BZ86:BZ87) -> 0 | CA88: =SUM(CA86:CA87) -> 0 | CD88: مجمع الغير سعوديين | CF88: =SUM(CF86:CF87) -> 0 | CG88: =SUM(CG86:CG87) -> 0 | CH88: =SUM(CH86:CH87) -> 0 | CI88: =SUM(CI86:CI87) -> 0 | CL88: مجمع الغير سعوديين | CN88: =SUM(CN86:CN87) -> 0 | CO88: =SUM(CO86:CO87) -> 0 | CP88: =SUM(CP86:CP87) -> 0 | CQ88: =SUM(CQ86:CQ87) -> 0 | CT88: مجمع الغير سعوديين | CV88: =SUM(CV86:CV87) -> 0 | CW88: =SUM(CW86:CW87) -> 0 | CX88: =SUM(CX86:CX87) -> 0 | CY88: =SUM(CY86:CY87) -> 0
B89: المجموع الكلي | D89: =SUM(D85+D88) -> 0 | E89: =SUM(E85+E88) -> 0 | F89: =SUM(F85+F88) -> 0 | G89: =SUM(G85+G88) -> 0 | J89: المجموع الكلي | L89: =SUM(L85+L88) -> 0 | M89: =SUM(M85+M88) -> 0 | N89: =SUM(N85+N88) -> 0 | O89: =SUM(O85+O88) -> 0 | R89: المجموع الكلي | T89: =SUM(T85+T88) -> 0 | U89: =SUM(U85+U88) -> 0 | V89: =SUM(V85+V88) -> 0 | W89: =SUM(W85+W88) -> 0 | Z89: المجموع الكلي | AB89: =SUM(AB85+AB88) -> 0 | AC89: =SUM(AC85+AC88) -> 0 | AD89: =SUM(AD85+AD88) -> 0 | AE89: =SUM(AE85+AE88) -> 0 | AH89: المجموع الكلي | AJ89: =SUM(AJ85+AJ88) -> 0 | AK89: =SUM(AK85+AK88) -> 0 | AL89: =SUM(AL85+AL88) -> 0 | AM89: =SUM(AM85+AM88) -> 0 | AP89: المجموع الكلي | AR89: =SUM(AR85+AR88) -> 0 | AS89: =SUM(AS85+AS88) -> 0 | AT89: =SUM(AT85+AT88) -> 0 | AU89: =SUM(AU85+AU88) -> 0 | AX89: المجموع الكلي | AZ89: =SUM(AZ85+AZ88) -> 0 | BA89: =SUM(BA85+BA88) -> 0 | BB89: =SUM(BB85+BB88) -> 0 | BC89: =SUM(BC85+BC88) -> 0 | BF89: المجموع الكلي | BH89: =SUM(BH85+BH88) -> 0 | BI89: =SUM(BI85+BI88) -> 0 | BJ89: =SUM(BJ85+BJ88) -> 0 | BK89: =SUM(BK85+BK88) -> 0 | BN89: المجموع الكلي | BP89: =SUM(BP85+BP88) -> 0 | BQ89: =SUM(BQ85+BQ88) -> 0 | BR89: =SUM(BR85+BR88) -> 0 | BS89: =SUM(BS85+BS88) -> 0 | BV89: المجموع الكلي | BX89: =SUM(BX85+BX88) -> 0 | BY89: =SUM(BY85+BY88) -> 0 | BZ89: =SUM(BZ85+BZ88) -> 0 | CA89: =SUM(CA85+CA88) -> 0 | CD89: المجموع الكلي | CF89: =SUM(CF85+CF88) -> 0 | CG89: =SUM(CG85+CG88) -> 0 | CH89: =SUM(CH85+CH88) -> 0 | CI89: =SUM(CI85+CI88) -> 0 | CL89: المجموع الكلي | CN89: =SUM(CN85+CN88) -> 0 | CO89: =SUM(CO85+CO88) -> 0 | CP89: =SUM(CP85+CP88) -> 0 | CQ89: =SUM(CQ85+CQ88) -> 0 | CT89: المجموع الكلي | CV89: =SUM(CV85+CV88) -> 0 | CW89: =SUM(CW85+CW88) -> 0 | CX89: =SUM(CX85+CX88) -> 0 | CY89: =SUM(CY85+CY88) -> 0
A91: 14ـ الجراحات الصغرى والغيارات والحقن | I91: 14ـ الجراحات الصغرى والغيارات والحقن | Q91: 14ـ الجراحات الصغرى والغيارات والحقن | Y91: 14ـ الجراحات الصغرى والغيارات والحقن | AG91: 14ـ الجراحات الصغرى والغيارات والحقن | AO91: 14ـ الجراحات الصغرى والغيارات والحقن | AW91: 14ـ الجراحات الصغرى والغيارات والحقن | BE91: 14ـ الجراحات الصغرى والغيارات والحقن | BM91: 14ـ الجراحات الصغرى والغيارات والحقن | BU91: 14ـ الجراحات الصغرى والغيارات والحقن | CC91: 14ـ الجراحات الصغرى والغيارات والحقن | CK91: 14ـ الجراحات الصغرى والغيارات والحقن | CS91: 14ـ الجراحات الصغرى والغيارات والحقن
C92: شهر | D92: =SUM(D3) -> 1 | E92: عام | F92: =SUM(F3) -> 1447 | G92: هـ | K92: شهر | L92: =SUM(L3) -> 2 | M92: عام | N92: =SUM(N3) -> 1447 | O92: هـ | S92: شهر | T92: =SUM(T3) -> 3 | U92: عام | V92: =SUM(V3) -> 1447 | W92: هـ | AA92: شهر | AB92: =SUM(AB3) -> 4 | AC92: عام | AD92: =SUM(AD3) -> 1447 | AE92: هـ | AI92: شهر | AJ92: =SUM(AJ3) -> 5 | AK92: عام | AL92: =SUM(AL3) -> 1447 | AM92: هـ | AQ92: شهر | AR92: =SUM(AR3) -> 6 | AS92: عام | AT92: =SUM(AT3) -> 1447 | AU92: هـ | AY92: شهر | AZ92: =SUM(AZ3) -> 7 | BA92: عام | BB92: =SUM(BB3) -> 1447 | BC92: هـ | BG92: شهر | BH92: =SUM(BH3) -> 8 | BI92: عام | BJ92: =SUM(BJ3) -> 1447 | BK92: هـ | BO92: شهر | BP92: =SUM(BP3) -> 9 | BQ92: عام | BR92: =SUM(BR3) -> 1447 | BS92: هـ | BW92: شهر | BX92: =SUM(BX3) -> 10 | BY92: عام | BZ92: =SUM(BZ3) -> 1447 | CA92: هـ | CE92: شهر | CF92: =SUM(CF3) -> 11 | CG92: عام | CH92: =SUM(CH3) -> 1447 | CI92: هـ | CM92: شهر | CN92: =SUM(CN3) -> 12 | CO92: عام | CP92: =SUM(CP3) -> 1447 | CQ92: هـ | CW92: عام | CX92: =SUM(CP92) -> 1447 | CY92: هـ
A93: المركز الصحي | B93: الخدمة | D93: جراحات صغرى | E93: غيارات | F93: حقن | G93: أكسجين | I93: المركز الصحي | J93: الخدمة | L93: جراحات صغرى | M93: غيارات | N93: حقن | O93: أكسجين | Q93: المركز الصحي | R93: الخدمة | T93: جراحات صغرى | U93: غيارات | V93: حقن | W93: أكسجين | Y93: المركز الصحي | Z93: الخدمة | AB93: جراحات صغرى | AC93: غيارات | AD93: حقن | AE93: أكسجين | AG93: المركز الصحي | AH93: الخدمة | AJ93: جراحات صغرى | AK93: غيارات | AL93: حقن | AM93: أكسجين | AO93: المركز الصحي | AP93: الخدمة | AR93: جراحات صغرى | AS93: غيارات | AT93: حقن | AU93: أكسجين | AW93: المركز الصحي | AX93: الخدمة | AZ93: جراحات صغرى | BA93: غيارات | BB93: حقن | BC93: أكسجين | BE93: المركز الصحي | BF93: الخدمة | BH93: جراحات صغرى | BI93: غيارات | BJ93: حقن | BK93: أكسجين | BM93: المركز الصحي | BN93: الخدمة | BP93: جراحات صغرى | BQ93: غيارات | BR93: حقن | BS93: أكسجين | BU93: المركز الصحي | BV93: الخدمة | BX93: جراحات صغرى | BY93: غيارات | BZ93: حقن | CA93: أكسجين | CC93: المركز الصحي | CD93: الخدمة | CF93: جراحات صغرى | CG93: غيارات | CH93: حقن | CI93: أكسجين | CK93: المركز الصحي | CL93: الخدمة | CN93: جراحات صغرى | CO93: غيارات | CP93: حقن | CQ93: أكسجين | CS93: المركز الصحي | CT93: الخدمة | CV93: جراحات صغرى | CW93: غيارات | CX93: حقن | CY93: أكسجين
B94: الجنس والجنسية | J94: الجنس والجنسية | R94: الجنس والجنسية | Z94: الجنس والجنسية | AH94: الجنس والجنسية | AP94: الجنس والجنسية | AX94: الجنس والجنسية | BF94: الجنس والجنسية | BN94: الجنس والجنسية | BV94: الجنس والجنسية | CD94: الجنس والجنسية | CL94: الجنس والجنسية | CT94: الجنس والجنسية
A95: إجمالي مراكز مستشفى شرق جدة | B95: سعودي | C95: ذكر | D95: =SUM(D6+D13+D20+D27+D34+D41+D48+D55+D62+D69+D76+D83) -> 0 | E95: =SUM(E6+E13+E20+E27+E34+E41+E48+E55+E62+E69+E76+E83) -> 525 | F95: =SUM(F6+F13+F20+F27+F34+F41+F48+F55+F62+F69+F76+F83) -> 724 | G95: =SUM(G6+G13+G20+G27+G34+G41+G48+G55+G62+G69+G76+G83) -> 676 | I95: إجمالي مراكز مستشفى شرق جدة | J95: سعودي | K95: ذكر | L95: =SUM(L6+L13+L20+L27+L34+L41+L48+L55+L62+L69+L76+L83) -> 0 | M95: =SUM(M6+M13+M20+M27+M34+M41+M48+M55+M62+M69+M76+M83) -> 569 | N95: =SUM(N6+N13+N20+N27+N34+N41+N48+N55+N62+N69+N76+N83) -> 540 | O95: =SUM(O6+O13+O20+O27+O34+O41+O48+O55+O62+O69+O76+O83) -> 587 | Q95: إجمالي مراكز مستشفى شرق جدة | R95: سعودي | S95: ذكر | T95: =SUM(T6+T13+T20+T27+T34+T41+T48+T55+T62+T69+T76+T83) -> 14 | U95: =SUM(U6+U13+U20+U27+U34+U41+U48+U55+U62+U69+U76+U83) -> 533 | V95: =SUM(V6+V13+V20+V27+V34+V41+V48+V55+V62+V69+V76+V83) -> 666 | W95: =SUM(W6+W13+W20+W27+W34+W41+W48+W55+W62+W69+W76+W83) -> 597 | Y95: إجمالي مراكز مستشفى شرق جدة | Z95: سعودي | AA95: ذكر | AB95: =SUM(AB6+AB13+AB20+AB27+AB34+AB41+AB48+AB55+AB62+AB69+AB76+AB83) -> 3 | AC95: =SUM(AC6+AC13+AC20+AC27+AC34+AC41+AC48+AC55+AC62+AC69+AC76+AC83) -> 303 | AD95: =SUM(AD6+AD13+AD20+AD27+AD34+AD41+AD48+AD55+AD62+AD69+AD76+AD83) -> 509 | AE95: =SUM(AE6+AE13+AE20+AE27+AE34+AE41+AE48+AE55+AE62+AE69+AE76+AE83) -> 385 | AG95: إجمالي مراكز مستشفى شرق جدة | AH95: سعودي | AI95: ذكر | AJ95: =SUM(AJ6+AJ13+AJ20+AJ27+AJ34+AJ41+AJ48+AJ55+AJ62+AJ69+AJ76+AJ83) -> 6 | AK95: =SUM(AK6+AK13+AK20+AK27+AK34+AK41+AK48+AK55+AK62+AK69+AK76+AK83) -> 466 | AL95: =SUM(AL6+AL13+AL20+AL27+AL34+AL41+AL48+AL55+AL62+AL69+AL76+AL83) -> 616 | AM95: =SUM(AM6+AM13+AM20+AM27+AM34+AM41+AM48+AM55+AM62+AM69+AM76+AM83) -> 686 | AO95: إجمالي مراكز مستشفى شرق جدة | AP95: سعودي | AQ95: ذكر | AR95: =SUM(AR6+AR13+AR20+AR27+AR34+AR41+AR48+AR55+AR62+AR69+AR76+AR83) -> 2 | AS95: =SUM(AS6+AS13+AS20+AS27+AS34+AS41+AS48+AS55+AS62+AS69+AS76+AS83) -> 523 | AT95: =SUM(AT6+AT13+AT20+AT27+AT34+AT41+AT48+AT55+AT62+AT69+AT76+AT83) -> 805 | AU95: =SUM(AU6+AU13+AU20+AU27+AU34+AU41+AU48+AU55+AU62+AU69+AU76+AU83) -> 847 | AW95: إجمالي مراكز مستشفى شرق جدة | AX95: سعودي | AY95: ذكر | AZ95: =SUM(AZ6+AZ13+AZ20+AZ27+AZ34+AZ41+AZ48+AZ55+AZ62+AZ69+AZ76+AZ83) -> 194 | BA95: =SUM(BA6+BA13+BA20+BA27+BA34+BA41+BA48+BA55+BA62+BA69+BA76+BA83) -> 473 | BB95: =SUM(BB6+BB13+BB20+BB27+BB34+BB41+BB48+BB55+BB62+BB69+BB76+BB83) -> 760 | BC95: =SUM(BC6+BC13+BC20+BC27+BC34+BC41+BC48+BC55+BC62+BC69+BC76+BC83) -> 903 | BE95: إجمالي مراكز مستشفى شرق جدة | BF95: سعودي | BG95: ذكر | BH95: =SUM(BH6+BH13+BH20+BH27+BH34+BH41+BH48+BH55+BH62+BH69+BH76+BH83) -> 2 | BI95: =SUM(BI6+BI13+BI20+BI27+BI34+BI41+BI48+BI55+BI62+BI69+BI76+BI83) -> 523 | BJ95: =SUM(BJ6+BJ13+BJ20+BJ27+BJ34+BJ41+BJ48+BJ55+BJ62+BJ69+BJ76+BJ83) -> 787 | BK95: =SUM(BK6+BK13+BK20+BK27+BK34+BK41+BK48+BK55+BK62+BK69+BK76+BK83) -> 855 | BM95: إجمالي مراكز مستشفى شرق جدة | BN95: سعودي | BO95: ذكر | BP95: =SUM(BP6+BP13+BP20+BP27+BP34+BP41+BP48+BP55+BP62+BP69+BP76+BP83) -> 27 | BQ95: =SUM(BQ6+BQ13+BQ20+BQ27+BQ34+BQ41+BQ48+BQ55+BQ62+BQ69+BQ76+BQ83) -> 346 | BR95: =SUM(BR6+BR13+BR20+BR27+BR34+BR41+BR48+BR55+BR62+BR69+BR76+BR83) -> 321 | BS95: =SUM(BS6+BS13+BS20+BS27+BS34+BS41+BS48+BS55+BS62+BS69+BS76+BS83) -> 465 | BU95: إجمالي مراكز مستشفى شرق جدة | BV95: سعودي | BW95: ذكر | BX95: =SUM(BX6+BX13+BX20+BX27+BX34+BX41+BX48+BX55+BX62+BX69+BX76+BX83) -> 0 | BY95: =SUM(BY6+BY13+BY20+BY27+BY34+BY41+BY48+BY55+BY62+BY69+BY76+BY83) -> 524 | BZ95: =SUM(BZ6+BZ13+BZ20+BZ27+BZ34+BZ41+BZ48+BZ55+BZ62+BZ69+BZ76+BZ83) -> 723 | CA95: =SUM(CA6+CA13+CA20+CA27+CA34+CA41+CA48+CA55+CA62+CA69+CA76+CA83) -> 677 | CC95: إجمالي مراكز مستشفى شرق جدة | CD95: سعودي | CE95: ذكر | CF95: =SUM(CF6+CF13+CF20+CF27+CF34+CF41+CF48+CF55+CF62+CF69+CF76+CF83) -> 0 | CG95: =SUM(CG6+CG13+CG20+CG27+CG34+CG41+CG48+CG55+CG62+CG69+CG76+CG83) -> 0 | CH95: =SUM(CH6+CH13+CH20+CH27+CH34+CH41+CH48+CH55+CH62+CH69+CH76+CH83) -> 0 | CI95: =SUM(CI6+CI13+CI20+CI27+CI34+CI41+CI48+CI55+CI62+CI69+CI76+CI83) -> 0 | CK95: إجمالي مراكز مستشفى شرق جدة | CL95: سعودي | CM95: ذكر | CN95: =SUM(CN6+CN13+CN20+CN27+CN34+CN41+CN48+CN55+CN62+CN69+CN76+CN83) -> 0 | CO95: =SUM(CO6+CO13+CO20+CO27+CO34+CO41+CO48+CO55+CO62+CO69+CO76+CO83) -> 0 | CP95: =SUM(CP6+CP13+CP20+CP27+CP34+CP41+CP48+CP55+CP62+CP69+CP76+CP83) -> 0 | CQ95: =SUM(CQ6+CQ13+CQ20+CQ27+CQ34+CQ41+CQ48+CQ55+CQ62+CQ69+CQ76+CQ83) -> 0 | CS95: =(CK95) -> إجمالي مراكز مستشفى شرق جدة | CT95: سعودي | CU95: ذكر | CV95: =SUM(CV6+CV13+CV20+CV27+CV34+CV41+CV48+CV55+CV62+CV69+CV76+CV83) -> 248 | CW95: =SUM(CW6+CW13+CW20+CW27+CW34+CW41+CW48+CW55+CW62+CW69+CW76+CW83) -> 4785 | CX95: =SUM(CX6+CX13+CX20+CX27+CX34+CX41+CX48+CX55+CX62+CX69+CX76+CX83) -> 6451 | CY95: =SUM(CY6+CY13+CY20+CY27+CY34+CY41+CY48+CY55+CY62+CY69+CY76+CY83) -> 6678
C96: أنثى | D96: =SUM(D7+D14+D21+D28+D35+D42+D49+D56+D63+D70+D77+D84) -> 0 | E96: =SUM(E7+E14+E21+E28+E35+E42+E49+E56+E63+E70+E77+E84) -> 394 | F96: =SUM(F7+F14+F21+F28+F35+F42+F49+F56+F63+F70+F77+F84) -> 662 | G96: =SUM(G7+G14+G21+G28+G35+G42+G49+G56+G63+G70+G77+G84) -> 589 | K96: أنثى | L96: =SUM(L7+L14+L21+L28+L35+L42+L49+L56+L63+L70+L77+L84) -> 0 | M96: =SUM(M7+M14+M21+M28+M35+M42+M49+M56+M63+M70+M77+M84) -> 508 | N96: =SUM(N7+N14+N21+N28+N35+N42+N49+N56+N63+N70+N77+N84) -> 519 | O96: =SUM(O7+O14+O21+O28+O35+O42+O49+O56+O63+O70+O77+O84) -> 683 | S96: أنثى | T96: =SUM(T7+T14+T21+T28+T35+T42+T49+T56+T63+T70+T77+T84) -> 14 | U96: =SUM(U7+U14+U21+U28+U35+U42+U49+U56+U63+U70+U77+U84) -> 429 | V96: =SUM(V7+V14+V21+V28+V35+V42+V49+V56+V63+V70+V77+V84) -> 641 | W96: =SUM(W7+W14+W21+W28+W35+W42+W49+W56+W63+W70+W77+W84) -> 407 | AA96: أنثى | AB96: =SUM(AB7+AB14+AB21+AB28+AB35+AB42+AB49+AB56+AB63+AB70+AB77+AB84) -> 2 | AC96: =SUM(AC7+AC14+AC21+AC28+AC35+AC42+AC49+AC56+AC63+AC70+AC77+AC84) -> 272 | AD96: =SUM(AD7+AD14+AD21+AD28+AD35+AD42+AD49+AD56+AD63+AD70+AD77+AD84) -> 457 | AE96: =SUM(AE7+AE14+AE21+AE28+AE35+AE42+AE49+AE56+AE63+AE70+AE77+AE84) -> 389 | AI96: أنثى | AJ96: =SUM(AJ7+AJ14+AJ21+AJ28+AJ35+AJ42+AJ49+AJ56+AJ63+AJ70+AJ77+AJ84) -> 3 | AK96: =SUM(AK7+AK14+AK21+AK28+AK35+AK42+AK49+AK56+AK63+AK70+AK77+AK84) -> 402 | AL96: =SUM(AL7+AL14+AL21+AL28+AL35+AL42+AL49+AL56+AL63+AL70+AL77+AL84) -> 605 | AM96: =SUM(AM7+AM14+AM21+AM28+AM35+AM42+AM49+AM56+AM63+AM70+AM77+AM84) -> 669 | AQ96: أنثى | AR96: =SUM(AR7+AR14+AR21+AR28+AR35+AR42+AR49+AR56+AR63+AR70+AR77+AR84) -> 1 | AS96: =SUM(AS7+AS14+AS21+AS28+AS35+AS42+AS49+AS56+AS63+AS70+AS77+AS84) -> 497 | AT96: =SUM(AT7+AT14+AT21+AT28+AT35+AT42+AT49+AT56+AT63+AT70+AT77+AT84) -> 726 | AU96: =SUM(AU7+AU14+AU21+AU28+AU35+AU42+AU49+AU56+AU63+AU70+AU77+AU84) -> 765 | AY96: أنثى | AZ96: =SUM(AZ7+AZ14+AZ21+AZ28+AZ35+AZ42+AZ49+AZ56+AZ63+AZ70+AZ77+AZ84) -> 49 | BA96: =SUM(BA7+BA14+BA21+BA28+BA35+BA42+BA49+BA56+BA63+BA70+BA77+BA84) -> 381 | BB96: =SUM(BB7+BB14+BB21+BB28+BB35+BB42+BB49+BB56+BB63+BB70+BB77+BB84) -> 630 | BC96: =SUM(BC7+BC14+BC21+BC28+BC35+BC42+BC49+BC56+BC63+BC70+BC77+BC84) -> 816 | BG96: أنثى | BH96: =SUM(BH7+BH14+BH21+BH28+BH35+BH42+BH49+BH56+BH63+BH70+BH77+BH84) -> 1 | BI96: =SUM(BI7+BI14+BI21+BI28+BI35+BI42+BI49+BI56+BI63+BI70+BI77+BI84) -> 492 | BJ96: =SUM(BJ7+BJ14+BJ21+BJ28+BJ35+BJ42+BJ49+BJ56+BJ63+BJ70+BJ77+BJ84) -> 705 | BK96: =SUM(BK7+BK14+BK21+BK28+BK35+BK42+BK49+BK56+BK63+BK70+BK77+BK84) -> 747 | BO96: أنثى | BP96: =SUM(BP7+BP14+BP21+BP28+BP35+BP42+BP49+BP56+BP63+BP70+BP77+BP84) -> 35 | BQ96: =SUM(BQ7+BQ14+BQ21+BQ28+BQ35+BQ42+BQ49+BQ56+BQ63+BQ70+BQ77+BQ84) -> 306 | BR96: =SUM(BR7+BR14+BR21+BR28+BR35+BR42+BR49+BR56+BR63+BR70+BR77+BR84) -> 275 | BS96: =SUM(BS7+BS14+BS21+BS28+BS35+BS42+BS49+BS56+BS63+BS70+BS77+BS84) -> 403 | BW96: أنثى | BX96: =SUM(BX7+BX14+BX21+BX28+BX35+BX42+BX49+BX56+BX63+BX70+BX77+BX84) -> 4 | BY96: =SUM(BY7+BY14+BY21+BY28+BY35+BY42+BY49+BY56+BY63+BY70+BY77+BY84) -> 393 | BZ96: =SUM(BZ7+BZ14+BZ21+BZ28+BZ35+BZ42+BZ49+BZ56+BZ63+BZ70+BZ77+BZ84) -> 656 | CA96: =SUM(CA7+CA14+CA21+CA28+CA35+CA42+CA49+CA56+CA63+CA70+CA77+CA84) -> 588 | CE96: أنثى | CF96: =SUM(CF7+CF14+CF21+CF28+CF35+CF42+CF49+CF56+CF63+CF70+CF77+CF84) -> 0 | CG96: =SUM(CG7+CG14+CG21+CG28+CG35+CG42+CG49+CG56+CG63+CG70+CG77+CG84) -> 0 | CH96: =SUM(CH7+CH14+CH21+CH28+CH35+CH42+CH49+CH56+CH63+CH70+CH77+CH84) -> 0 | CI96: =SUM(CI7+CI14+CI21+CI28+CI35+CI42+CI49+CI56+CI63+CI70+CI77+CI84) -> 0 | CM96: أنثى | CN96: =SUM(CN7+CN14+CN21+CN28+CN35+CN42+CN49+CN56+CN63+CN70+CN77+CN84) -> 0 | CO96: =SUM(CO7+CO14+CO21+CO28+CO35+CO42+CO49+CO56+CO63+CO70+CO77+CO84) -> 0 | CP96: =SUM(CP7+CP14+CP21+CP28+CP35+CP42+CP49+CP56+CP63+CP70+CP77+CP84) -> 0 | CQ96: =SUM(CQ7+CQ14+CQ21+CQ28+CQ35+CQ42+CQ49+CQ56+CQ63+CQ70+CQ77+CQ84) -> 0 | CU96: أنثى | CV96: =SUM(CV7+CV14+CV21+CV28+CV35+CV42+CV49+CV56+CV63+CV70+CV77+CV84) -> 109 | CW96: =SUM(CW7+CW14+CW21+CW28+CW35+CW42+CW49+CW56+CW63+CW70+CW77+CW84) -> 4074 | CX96: =SUM(CX7+CX14+CX21+CX28+CX35+CX42+CX49+CX56+CX63+CX70+CX77+CX84) -> 5876 | CY96: =SUM(CY7+CY14+CY21+CY28+CY35+CY42+CY49+CY56+CY63+CY70+CY77+CY84) -> 6056
B97: مجموع السعوديين | D97: =SUM(D95:D96) -> 0 | E97: =SUM(E95:E96) -> 919 | F97: =SUM(F95:F96) -> 1386 | G97: =SUM(G95:G96) -> 1265 | J97: مجموع السعوديين | L97: =SUM(L95:L96) -> 0 | M97: =SUM(M95:M96) -> 1077 | N97: =SUM(N95:N96) -> 1059 | O97: =SUM(O95:O96) -> 1270 | R97: مجموع السعوديين | T97: =SUM(T95:T96) -> 28 | U97: =SUM(U95:U96) -> 962 | V97: =SUM(V95:V96) -> 1307 | W97: =SUM(W95:W96) -> 1004 | Z97: مجموع السعوديين | AB97: =SUM(AB95:AB96) -> 5 | AC97: =SUM(AC95:AC96) -> 575 | AD97: =SUM(AD95:AD96) -> 966 | AE97: =SUM(AE95:AE96) -> 774 | AH97: مجموع السعوديين | AJ97: =SUM(AJ95:AJ96) -> 9 | AK97: =SUM(AK95:AK96) -> 868 | AL97: =SUM(AL95:AL96) -> 1221 | AM97: =SUM(AM95:AM96) -> 1355 | AP97: مجموع السعوديين | AR97: =SUM(AR95:AR96) -> 3 | AS97: =SUM(AS95:AS96) -> 1020 | AT97: =SUM(AT95:AT96) -> 1531 | AU97: =SUM(AU95:AU96) -> 1612 | AX97: مجموع السعوديين | AZ97: =SUM(AZ95:AZ96) -> 243 | BA97: =SUM(BA95:BA96) -> 854 | BB97: =SUM(BB95:BB96) -> 1390 | BC97: =SUM(BC95:BC96) -> 1719 | BF97: مجموع السعوديين | BH97: =SUM(BH95:BH96) -> 3 | BI97: =SUM(BI95:BI96) -> 1015 | BJ97: =SUM(BJ95:BJ96) -> 1492 | BK97: =SUM(BK95:BK96) -> 1602 | BN97: مجموع السعوديين | BP97: =SUM(BP95:BP96) -> 62 | BQ97: =SUM(BQ95:BQ96) -> 652 | BR97: =SUM(BR95:BR96) -> 596 | BS97: =SUM(BS95:BS96) -> 868 | BV97: مجموع السعوديين | BX97: =SUM(BX95:BX96) -> 4 | BY97: =SUM(BY95:BY96) -> 917 | BZ97: =SUM(BZ95:BZ96) -> 1379 | CA97: =SUM(CA95:CA96) -> 1265 | CD97: مجموع السعوديين | CF97: =SUM(CF95:CF96) -> 0 | CG97: =SUM(CG95:CG96) -> 0 | CH97: =SUM(CH95:CH96) -> 0 | CI97: =SUM(CI95:CI96) -> 0 | CL97: مجموع السعوديين | CN97: =SUM(CN95:CN96) -> 0 | CO97: =SUM(CO95:CO96) -> 0 | CP97: =SUM(CP95:CP96) -> 0 | CQ97: =SUM(CQ95:CQ96) -> 0 | CT97: مجموع السعوديين | CV97: =SUM(CV95:CV96) -> 357 | CW97: =SUM(CW95:CW96) -> 8859 | CX97: =SUM(CX95:CX96) -> 12327 | CY97: =SUM(CY95:CY96) -> 12734
B98: غير سعودي | C98: ذكر | D98: =SUM(D9+D16+D23+D30+D37+D44+D51+D58+D65+D72+D79+D86) -> 0 | E98: =SUM(E9+E16+E23+E30+E37+E44+E51+E58+E65+E72+E79+E86) -> 104 | F98: =SUM(F9+F16+F23+F30+F37+F44+F51+F58+F65+F72+F79+F86) -> 187 | G98: =SUM(G9+G16+G23+G30+G37+G44+G51+G58+G65+G72+G79+G86) -> 153 | J98: غير سعودي | K98: ذكر | L98: =SUM(L9+L16+L23+L30+L37+L44+L51+L58+L65+L72+L79+L86) -> 0 | M98: =SUM(M9+M16+M23+M30+M37+M44+M51+M58+M65+M72+M79+M86) -> 153 | N98: =SUM(N9+N16+N23+N30+N37+N44+N51+N58+N65+N72+N79+N86) -> 178 | O98: =SUM(O9+O16+O23+O30+O37+O44+O51+O58+O65+O72+O79+O86) -> 144 | R98: غير سعودي | S98: ذكر | T98: =SUM(T9+T16+T23+T30+T37+T44+T51+T58+T65+T72+T79+T86) -> 0 | U98: =SUM(U9+U16+U23+U30+U37+U44+U51+U58+U65+U72+U79+U86) -> 59 | V98: =SUM(V9+V16+V23+V30+V37+V44+V51+V58+V65+V72+V79+V86) -> 109 | W98: =SUM(W9+W16+W23+W30+W37+W44+W51+W58+W65+W72+W79+W86) -> 54 | Z98: غير سعودي | AA98: ذكر | AB98: =SUM(AB9+AB16+AB23+AB30+AB37+AB44+AB51+AB58+AB65+AB72+AB79+AB86) -> 0 | AC98: =SUM(AC9+AC16+AC23+AC30+AC37+AC44+AC51+AC58+AC65+AC72+AC79+AC86) -> 53 | AD98: =SUM(AD9+AD16+AD23+AD30+AD37+AD44+AD51+AD58+AD65+AD72+AD79+AD86) -> 68 | AE98: =SUM(AE9+AE16+AE23+AE30+AE37+AE44+AE51+AE58+AE65+AE72+AE79+AE86) -> 79 | AH98: غير سعودي | AI98: ذكر | AJ98: =SUM(AJ9+AJ16+AJ23+AJ30+AJ37+AJ44+AJ51+AJ58+AJ65+AJ72+AJ79+AJ86) -> 0 | AK98: =SUM(AK9+AK16+AK23+AK30+AK37+AK44+AK51+AK58+AK65+AK72+AK79+AK86) -> 90 | AL98: =SUM(AL9+AL16+AL23+AL30+AL37+AL44+AL51+AL58+AL65+AL72+AL79+AL86) -> 56 | AM98: =SUM(AM9+AM16+AM23+AM30+AM37+AM44+AM51+AM58+AM65+AM72+AM79+AM86) -> 45 | AP98: غير سعودي | AQ98: ذكر | AR98: =SUM(AR9+AR16+AR23+AR30+AR37+AR44+AR51+AR58+AR65+AR72+AR79+AR86) -> 0 | AS98: =SUM(AS9+AS16+AS23+AS30+AS37+AS44+AS51+AS58+AS65+AS72+AS79+AS86) -> 244 | AT98: =SUM(AT9+AT16+AT23+AT30+AT37+AT44+AT51+AT58+AT65+AT72+AT79+AT86) -> 267 | AU98: =SUM(AU9+AU16+AU23+AU30+AU37+AU44+AU51+AU58+AU65+AU72+AU79+AU86) -> 193 | AX98: غير سعودي | AY98: ذكر | AZ98: =SUM(AZ9+AZ16+AZ23+AZ30+AZ37+AZ44+AZ51+AZ58+AZ65+AZ72+AZ79+AZ86) -> 16 | BA98: =SUM(BA9+BA16+BA23+BA30+BA37+BA44+BA51+BA58+BA65+BA72+BA79+BA86) -> 98 | BB98: =SUM(BB9+BB16+BB23+BB30+BB37+BB44+BB51+BB58+BB65+BB72+BB79+BB86) -> 173 | BC98: =SUM(BC9+BC16+BC23+BC30+BC37+BC44+BC51+BC58+BC65+BC72+BC79+BC86) -> 188 | BF98: غير سعودي | BG98: ذكر | BH98: =SUM(BH9+BH16+BH23+BH30+BH37+BH44+BH51+BH58+BH65+BH72+BH79+BH86) -> 0 | BI98: =SUM(BI9+BI16+BI23+BI30+BI37+BI44+BI51+BI58+BI65+BI72+BI79+BI86) -> 242 | BJ98: =SUM(BJ9+BJ16+BJ23+BJ30+BJ37+BJ44+BJ51+BJ58+BJ65+BJ72+BJ79+BJ86) -> 261 | BK98: =SUM(BK9+BK16+BK23+BK30+BK37+BK44+BK51+BK58+BK65+BK72+BK79+BK86) -> 195 | BN98: غير سعودي | BO98: ذكر | BP98: =SUM(BP9+BP16+BP23+BP30+BP37+BP44+BP51+BP58+BP65+BP72+BP79+BP86) -> 0 | BQ98: =SUM(BQ9+BQ16+BQ23+BQ30+BQ37+BQ44+BQ51+BQ58+BQ65+BQ72+BQ79+BQ86) -> 126 | BR98: =SUM(BR9+BR16+BR23+BR30+BR37+BR44+BR51+BR58+BR65+BR72+BR79+BR86) -> 97 | BS98: =SUM(BS9+BS16+BS23+BS30+BS37+BS44+BS51+BS58+BS65+BS72+BS79+BS86) -> 66 | BV98: غير سعودي | BW98: ذكر | BX98: =SUM(BX9+BX16+BX23+BX30+BX37+BX44+BX51+BX58+BX65+BX72+BX79+BX86) -> 1 | BY98: =SUM(BY9+BY16+BY23+BY30+BY37+BY44+BY51+BY58+BY65+BY72+BY79+BY86) -> 110 | BZ98: =SUM(BZ9+BZ16+BZ23+BZ30+BZ37+BZ44+BZ51+BZ58+BZ65+BZ72+BZ79+BZ86) -> 194 | CA98: =SUM(CA9+CA16+CA23+CA30+CA37+CA44+CA51+CA58+CA65+CA72+CA79+CA86) -> 156 | CD98: غير سعودي | CE98: ذكر | CF98: =SUM(CF9+CF16+CF23+CF30+CF37+CF44+CF51+CF58+CF65+CF72+CF79+CF86) -> 0 | CG98: =SUM(CG9+CG16+CG23+CG30+CG37+CG44+CG51+CG58+CG65+CG72+CG79+CG86) -> 0 | CH98: =SUM(CH9+CH16+CH23+CH30+CH37+CH44+CH51+CH58+CH65+CH72+CH79+CH86) -> 0 | CI98: =SUM(CI9+CI16+CI23+CI30+CI37+CI44+CI51+CI58+CI65+CI72+CI79+CI86) -> 0 | CL98: غير سعودي | CM98: ذكر | CN98: =SUM(CN9+CN16+CN23+CN30+CN37+CN44+CN51+CN58+CN65+CN72+CN79+CN86) -> 0 | CO98: =SUM(CO9+CO16+CO23+CO30+CO37+CO44+CO51+CO58+CO65+CO72+CO79+CO86) -> 0 | CP98: =SUM(CP9+CP16+CP23+CP30+CP37+CP44+CP51+CP58+CP65+CP72+CP79+CP86) -> 0 | CQ98: =SUM(CQ9+CQ16+CQ23+CQ30+CQ37+CQ44+CQ51+CQ58+CQ65+CQ72+CQ79+CQ86) -> 0 | CT98: غير سعودي | CU98: ذكر | CV98: =SUM(CV9+CV16+CV23+CV30+CV37+CV44+CV51+CV58+CV65+CV72+CV79+CV86) -> 17 | CW98: =SUM(CW9+CW16+CW23+CW30+CW37+CW44+CW51+CW58+CW65+CW72+CW79+CW86) -> 1279 | CX98: =SUM(CX9+CX16+CX23+CX30+CX37+CX44+CX51+CX58+CX65+CX72+CX79+CX86) -> 1590 | CY98: =SUM(CY9+CY16+CY23+CY30+CY37+CY44+CY51+CY58+CY65+CY72+CY79+CY86) -> 1273
C99: أنثى | D99: =SUM(D10+D17+D24+D31+D38+D45+D52+D59+D66+D73+D80+D87) -> 0 | E99: =SUM(E10+E17+E24+E31+E38+E45+E52+E59+E66+E73+E80+E87) -> 93 | F99: =SUM(F10+F17+F24+F31+F38+F45+F52+F59+F66+F73+F80+F87) -> 121 | G99: =SUM(G10+G17+G24+G31+G38+G45+G52+G59+G66+G73+G80+G87) -> 137 | K99: أنثى | L99: =SUM(L10+L17+L24+L31+L38+L45+L52+L59+L66+L73+L80+L87) -> 0 | M99: =SUM(M10+M17+M24+M31+M38+M45+M52+M59+M66+M73+M80+M87) -> 115 | N99: =SUM(N10+N17+N24+N31+N38+N45+N52+N59+N66+N73+N80+N87) -> 126 | O99: =SUM(O10+O17+O24+O31+O38+O45+O52+O59+O66+O73+O80+O87) -> 115 | S99: أنثى | T99: =SUM(T10+T17+T24+T31+T38+T45+T52+T59+T66+T73+T80+T87) -> 0 | U99: =SUM(U10+U17+U24+U31+U38+U45+U52+U59+U66+U73+U80+U87) -> 35 | V99: =SUM(V10+V17+V24+V31+V38+V45+V52+V59+V66+V73+V80+V87) -> 82 | W99: =SUM(W10+W17+W24+W31+W38+W45+W52+W59+W66+W73+W80+W87) -> 36 | AA99: أنثى | AB99: =SUM(AB10+AB17+AB24+AB31+AB38+AB45+AB52+AB59+AB66+AB73+AB80+AB87) -> 0 | AC99: =SUM(AC10+AC17+AC24+AC31+AC38+AC45+AC52+AC59+AC66+AC73+AC80+AC87) -> 58 | AD99: =SUM(AD10+AD17+AD24+AD31+AD38+AD45+AD52+AD59+AD66+AD73+AD80+AD87) -> 75 | AE99: =SUM(AE10+AE17+AE24+AE31+AE38+AE45+AE52+AE59+AE66+AE73+AE80+AE87) -> 69 | AI99: أنثى | AJ99: =SUM(AJ10+AJ17+AJ24+AJ31+AJ38+AJ45+AJ52+AJ59+AJ66+AJ73+AJ80+AJ87) -> 0 | AK99: =SUM(AK10+AK17+AK24+AK31+AK38+AK45+AK52+AK59+AK66+AK73+AK80+AK87) -> 74 | AL99: =SUM(AL10+AL17+AL24+AL31+AL38+AL45+AL52+AL59+AL66+AL73+AL80+AL87) -> 57 | AM99: =SUM(AM10+AM17+AM24+AM31+AM38+AM45+AM52+AM59+AM66+AM73+AM80+AM87) -> 45 | AQ99: أنثى | AR99: =SUM(AR10+AR17+AR24+AR31+AR38+AR45+AR52+AR59+AR66+AR73+AR80+AR87) -> 0 | AS99: =SUM(AS10+AS17+AS24+AS31+AS38+AS45+AS52+AS59+AS66+AS73+AS80+AS87) -> 175 | AT99: =SUM(AT10+AT17+AT24+AT31+AT38+AT45+AT52+AT59+AT66+AT73+AT80+AT87) -> 165 | AU99: =SUM(AU10+AU17+AU24+AU31+AU38+AU45+AU52+AU59+AU66+AU73+AU80+AU87) -> 199 | AY99: أنثى | AZ99: =SUM(AZ10+AZ17+AZ24+AZ31+AZ38+AZ45+AZ52+AZ59+AZ66+AZ73+AZ80+AZ87) -> 6 | BA99: =SUM(BA10+BA17+BA24+BA31+BA38+BA45+BA52+BA59+BA66+BA73+BA80+BA87) -> 50 | BB99: =SUM(BB10+BB17+BB24+BB31+BB38+BB45+BB52+BB59+BB66+BB73+BB80+BB87) -> 100 | BC99: =SUM(BC10+BC17+BC24+BC31+BC38+BC45+BC52+BC59+BC66+BC73+BC80+BC87) -> 159 | BG99: أنثى | BH99: =SUM(BH10+BH17+BH24+BH31+BH38+BH45+BH52+BH59+BH66+BH73+BH80+BH87) -> 0 | BI99: =SUM(BI10+BI17+BI24+BI31+BI38+BI45+BI52+BI59+BI66+BI73+BI80+BI87) -> 175 | BJ99: =SUM(BJ10+BJ17+BJ24+BJ31+BJ38+BJ45+BJ52+BJ59+BJ66+BJ73+BJ80+BJ87) -> 165 | BK99: =SUM(BK10+BK17+BK24+BK31+BK38+BK45+BK52+BK59+BK66+BK73+BK80+BK87) -> 199 | BO99: أنثى | BP99: =SUM(BP10+BP17+BP24+BP31+BP38+BP45+BP52+BP59+BP66+BP73+BP80+BP87) -> 0 | BQ99: =SUM(BQ10+BQ17+BQ24+BQ31+BQ38+BQ45+BQ52+BQ59+BQ66+BQ73+BQ80+BQ87) -> 120 | BR99: =SUM(BR10+BR17+BR24+BR31+BR38+BR45+BR52+BR59+BR66+BR73+BR80+BR87) -> 89 | BS99: =SUM(BS10+BS17+BS24+BS31+BS38+BS45+BS52+BS59+BS66+BS73+BS80+BS87) -> 112 | BW99: أنثى | BX99: =SUM(BX10+BX17+BX24+BX31+BX38+BX45+BX52+BX59+BX66+BX73+BX80+BX87) -> 0 | BY99: =SUM(BY10+BY17+BY24+BY31+BY38+BY45+BY52+BY59+BY66+BY73+BY80+BY87) -> 93 | BZ99: =SUM(BZ10+BZ17+BZ24+BZ31+BZ38+BZ45+BZ52+BZ59+BZ66+BZ73+BZ80+BZ87) -> 129 | CA99: =SUM(CA10+CA17+CA24+CA31+CA38+CA45+CA52+CA59+CA66+CA73+CA80+CA87) -> 138 | CE99: أنثى | CF99: =SUM(CF10+CF17+CF24+CF31+CF38+CF45+CF52+CF59+CF66+CF73+CF80+CF87) -> 0 | CG99: =SUM(CG10+CG17+CG24+CG31+CG38+CG45+CG52+CG59+CG66+CG73+CG80+CG87) -> 0 | CH99: =SUM(CH10+CH17+CH24+CH31+CH38+CH45+CH52+CH59+CH66+CH73+CH80+CH87) -> 0 | CI99: =SUM(CI10+CI17+CI24+CI31+CI38+CI45+CI52+CI59+CI66+CI73+CI80+CI87) -> 0 | CM99: أنثى | CN99: =SUM(CN10+CN17+CN24+CN31+CN38+CN45+CN52+CN59+CN66+CN73+CN80+CN87) -> 0 | CO99: =SUM(CO10+CO17+CO24+CO31+CO38+CO45+CO52+CO59+CO66+CO73+CO80+CO87) -> 0 | CP99: =SUM(CP10+CP17+CP24+CP31+CP38+CP45+CP52+CP59+CP66+CP73+CP80+CP87) -> 0 | CQ99: =SUM(CQ10+CQ17+CQ24+CQ31+CQ38+CQ45+CQ52+CQ59+CQ66+CQ73+CQ80+CQ87) -> 0 | CU99: أنثى | CV99: =SUM(CV10+CV17+CV24+CV31+CV38+CV45+CV52+CV59+CV66+CV73+CV80+CV87) -> 6 | CW99: =SUM(CW10+CW17+CW24+CW31+CW38+CW45+CW52+CW59+CW66+CW73+CW80+CW87) -> 988 | CX99: =SUM(CX10+CX17+CX24+CX31+CX38+CX45+CX52+CX59+CX66+CX73+CX80+CX87) -> 1109 | CY99: =SUM(CY10+CY17+CY24+CY31+CY38+CY45+CY52+CY59+CY66+CY73+CY80+CY87) -> 1209
B100: مجمع الغير سعوديين | D100: =SUM(D98:D99) -> 0 | E100: =SUM(E98:E99) -> 197 | F100: =SUM(F98:F99) -> 308 | G100: =SUM(G98:G99) -> 290 | J100: مجمع الغير سعوديين | L100: =SUM(L98:L99) -> 0 | M100: =SUM(M98:M99) -> 268 | N100: =SUM(N98:N99) -> 304 | O100: =SUM(O98:O99) -> 259 | R100: مجمع الغير سعوديين | T100: =SUM(T98:T99) -> 0 | U100: =SUM(U98:U99) -> 94 | V100: =SUM(V98:V99) -> 191 | W100: =SUM(W98:W99) -> 90 | Z100: مجمع الغير سعوديين | AB100: =SUM(AB98:AB99) -> 0 | AC100: =SUM(AC98:AC99) -> 111 | AD100: =SUM(AD98:AD99) -> 143 | AE100: =SUM(AE98:AE99) -> 148 | AH100: مجمع الغير سعوديين | AJ100: =SUM(AJ98:AJ99) -> 0 | AK100: =SUM(AK98:AK99) -> 164 | AL100: =SUM(AL98:AL99) -> 113 | AM100: =SUM(AM98:AM99) -> 90 | AP100: مجمع الغير سعوديين | AR100: =SUM(AR98:AR99) -> 0 | AS100: =SUM(AS98:AS99) -> 419 | AT100: =SUM(AT98:AT99) -> 432 | AU100: =SUM(AU98:AU99) -> 392 | AX100: مجمع الغير سعوديين | AZ100: =SUM(AZ98:AZ99) -> 22 | BA100: =SUM(BA98:BA99) -> 148 | BB100: =SUM(BB98:BB99) -> 273 | BC100: =SUM(BC98:BC99) -> 347 | BF100: مجمع الغير سعوديين | BH100: =SUM(BH98:BH99) -> 0 | BI100: =SUM(BI98:BI99) -> 417 | BJ100: =SUM(BJ98:BJ99) -> 426 | BK100: =SUM(BK98:BK99) -> 394 | BN100: مجمع الغير سعوديين | BP100: =SUM(BP98:BP99) -> 0 | BQ100: =SUM(BQ98:BQ99) -> 246 | BR100: =SUM(BR98:BR99) -> 186 | BS100: =SUM(BS98:BS99) -> 178 | BV100: مجمع الغير سعوديين | BX100: =SUM(BX98:BX99) -> 1 | BY100: =SUM(BY98:BY99) -> 203 | BZ100: =SUM(BZ98:BZ99) -> 323 | CA100: =SUM(CA98:CA99) -> 294 | CD100: مجمع الغير سعوديين | CF100: =SUM(CF98:CF99) -> 0 | CG100: =SUM(CG98:CG99) -> 0 | CH100: =SUM(CH98:CH99) -> 0 | CI100: =SUM(CI98:CI99) -> 0 | CL100: مجمع الغير سعوديين | CN100: =SUM(CN98:CN99) -> 0 | CO100: =SUM(CO98:CO99) -> 0 | CP100: =SUM(CP98:CP99) -> 0 | CQ100: =SUM(CQ98:CQ99) -> 0 | CT100: مجمع الغير سعوديين | CV100: =SUM(CV98:CV99) -> 23 | CW100: =SUM(CW98:CW99) -> 2267 | CX100: =SUM(CX98:CX99) -> 2699 | CY100: =SUM(CY98:CY99) -> 2482
B101: المجموع الكلي | D101: =SUM(D97+D100) -> 0 | E101: =SUM(E97+E100) -> 1116 | F101: =SUM(F97+F100) -> 1694 | G101: =SUM(G97+G100) -> 1555 | J101: المجموع الكلي | L101: =SUM(L97+L100) -> 0 | M101: =SUM(M97+M100) -> 1345 | N101: =SUM(N97+N100) -> 1363 | O101: =SUM(O97+O100) -> 1529 | R101: المجموع الكلي | T101: =SUM(T97+T100) -> 28 | U101: =SUM(U97+U100) -> 1056 | V101: =SUM(V97+V100) -> 1498 | W101: =SUM(W97+W100) -> 1094 | Z101: المجموع الكلي | AB101: =SUM(AB97+AB100) -> 5 | AC101: =SUM(AC97+AC100) -> 686 | AD101: =SUM(AD97+AD100) -> 1109 | AE101: =SUM(AE97+AE100) -> 922 | AH101: المجموع الكلي | AJ101: =SUM(AJ97+AJ100) -> 9 | AK101: =SUM(AK97+AK100) -> 1032 | AL101: =SUM(AL97+AL100) -> 1334 | AM101: =SUM(AM97+AM100) -> 1445 | AP101: المجموع الكلي | AR101: =SUM(AR97+AR100) -> 3 | AS101: =SUM(AS97+AS100) -> 1439 | AT101: =SUM(AT97+AT100) -> 1963 | AU101: =SUM(AU97+AU100) -> 2004 | AX101: المجموع الكلي | AZ101: =SUM(AZ97+AZ100) -> 265 | BA101: =SUM(BA97+BA100) -> 1002 | BB101: =SUM(BB97+BB100) -> 1663 | BC101: =SUM(BC97+BC100) -> 2066 | BF101: المجموع الكلي | BH101: =SUM(BH97+BH100) -> 3 | BI101: =SUM(BI97+BI100) -> 1432 | BJ101: =SUM(BJ97+BJ100) -> 1918 | BK101: =SUM(BK97+BK100) -> 1996 | BN101: المجموع الكلي | BP101: =SUM(BP97+BP100) -> 62 | BQ101: =SUM(BQ97+BQ100) -> 898 | BR101: =SUM(BR97+BR100) -> 782 | BS101: =SUM(BS97+BS100) -> 1046 | BV101: المجموع الكلي | BX101: =SUM(BX97+BX100) -> 5 | BY101: =SUM(BY97+BY100) -> 1120 | BZ101: =SUM(BZ97+BZ100) -> 1702 | CA101: =SUM(CA97+CA100) -> 1559 | CD101: المجموع الكلي | CF101: =SUM(CF97+CF100) -> 0 | CG101: =SUM(CG97+CG100) -> 0 | CH101: =SUM(CH97+CH100) -> 0 | CI101: =SUM(CI97+CI100) -> 0 | CL101: المجموع الكلي | CN101: =SUM(CN97+CN100) -> 0 | CO101: =SUM(CO97+CO100) -> 0 | CP101: =SUM(CP97+CP100) -> 0 | CQ101: =SUM(CQ97+CQ100) -> 0 | CT101: المجموع الكلي | CV101: =SUM(CV97+CV100) -> 380 | CW101: =SUM(CW97+CW100) -> 11126 | CX101: =SUM(CX97+CX100) -> 15026 | CY101: =SUM(CY97+CY100) -> 15216

Sheet إجمالي
A2: 14ـ الجراحات الصغرى والغيارات والحقن | I2: 14ـ الجراحات الصغرى والغيارات والحقن | Q2: 14ـ الجراحات الصغرى والغيارات والحقن | Y2: 14ـ الجراحات الصغرى والغيارات والحقن | AG2: 14ـ الجراحات الصغرى والغيارات والحقن | AO2: 14ـ الجراحات الصغرى والغيارات والحقن | AW2: 14ـ الجراحات الصغرى والغيارات والحقن | BE2: 14ـ الجراحات الصغرى والغيارات والحقن | BM2: 14ـ الجراحات الصغرى والغيارات والحقن | BU2: 14ـ الجراحات الصغرى والغيارات والحقن | CC2: 14ـ الجراحات الصغرى والغيارات والحقن | CK2: 14ـ الجراحات الصغرى والغيارات والحقن | CS2: 14ـ الجراحات الصغرى والغيارات والحقن
C3: شهر | D3: 1 | E3: عام | F3: =SUM(ضماد!F3) -> 1447 | G3: هـ | K3: شهر | L3: 2 | M3: عام | N3: =SUM(ضماد!N3) -> 1447 | O3: هـ | S3: شهر | T3: 3 | U3: عام | V3: =SUM(ضماد!V3) -> 1447 | W3: هـ | AA3: شهر | AB3: 4 | AC3: عام | AD3: =SUM(ضماد!AD3) -> 1447 | AE3: هـ | AI3: شهر | AJ3: 5 | AK3: عام | AL3: =SUM(ضماد!AL3) -> 1447 | AM3: هـ | AQ3: شهر | AR3: 6 | AS3: عام | AT3: =SUM(ضماد!AT3) -> 1447 | AU3: هـ | AY3: شهر | AZ3: 7 | BA3: عام | BB3: =SUM(ضماد!BB3) -> 1447 | BC3: هـ | BG3: شهر | BH3: 8 | BI3: عام | BJ3: =SUM(ضماد!BJ3) -> 1447 | BK3: هـ | BO3: شهر | BP3: 9 | BQ3: عام | BR3: =SUM(ضماد!BR3) -> 1447 | BS3: هـ | BW3: شهر | BX3: 10 | BY3: عام | BZ3: =SUM(ضماد!BZ3) -> 1447 | CA3: هـ | CE3: شهر | CF3: 11 | CG3: عام | CH3: =SUM(ضماد!CH3) -> 1447 | CI3: هـ | CM3: شهر | CN3: 12 | CO3: عام | CP3: =SUM(ضماد!CP3) -> 1447 | CQ3: هـ | CW3: عام | CX3: =SUM(CP3) -> 1447 | CY3: هـ
A4: المركز الصحي | B4: الخدمة | D4: جراحات صغرى | E4: غيارات | F4: حقن | G4: أكسجين | I4: المركز الصحي | J4: الخدمة | L4: جراحات صغرى | M4: غيارات | N4: حقن | O4: أكسجين | Q4: المركز الصحي | R4: الخدمة | T4: جراحات صغرى | U4: غيارات | V4: حقن | W4: أكسجين | Y4: المركز الصحي | Z4: الخدمة | AB4: جراحات صغرى | AC4: غيارات | AD4: حقن | AE4: أكسجين | AG4: المركز الصحي | AH4: الخدمة | AJ4: جراحات صغرى | AK4: غيارات | AL4: حقن | AM4: أكسجين | AO4: المركز الصحي | AP4: الخدمة | AR4: جراحات صغرى | AS4: غيارات | AT4: حقن | AU4: أكسجين | AW4: المركز الصحي | AX4: الخدمة | AZ4: جراحات صغرى | BA4: غيارات | BB4: حقن | BC4: أكسجين | BE4: المركز الصحي | BF4: الخدمة | BH4: جراحات صغرى | BI4: غيارات | BJ4: حقن | BK4: أكسجين | BM4: المركز الصحي | BN4: الخدمة | BP4: جراحات صغرى | BQ4: غيارات | BR4: حقن | BS4: أكسجين | BU4: المركز الصحي | BV4: الخدمة | BX4: جراحات صغرى | BY4: غيارات | BZ4: حقن | CA4: أكسجين | CC4: المركز الصحي | CD4: الخدمة | CF4: جراحات صغرى | CG4: غيارات | CH4: حقن | CI4: أكسجين | CK4: المركز الصحي | CL4: الخدمة | CN4: جراحات صغرى | CO4: غيارات | CP4: حقن | CQ4: أكسجين | CS4: المركز الصحي | CT4: الخدمة | CV4: جراحات صغرى | CW4: غيارات | CX4: حقن | CY4: أكسجين
B5: الجنس والجنسية | J5: الجنس والجنسية | R5: الجنس والجنسية | Z5: الجنس والجنسية | AH5: الجنس والجنسية | AP5: الجنس والجنسية | AX5: الجنس والجنسية | BF5: الجنس والجنسية | BN5: الجنس والجنسية | BV5: الجنس والجنسية | CD5: الجنس والجنسية | CL5: الجنس والجنسية | CT5: الجنس والجنسية
A6: إجمالي مراكز مستشفى شرق جدة | B6: سعودي | C6: ذكر | D6: =SUM(ضماد!D95) -> 0 | E6: =SUM(ضماد!E95) -> 525 | F6: =SUM(ضماد!F95) -> 724 | G6: =SUM(ضماد!G95) -> 676 | I6: إجمالي مراكز مستشفى شرق جدة | J6: سعودي | K6: ذكر | L6: =SUM(ضماد!L95) -> 0 | M6: =SUM(ضماد!M95) -> 569 | N6: =SUM(ضماد!N95) -> 540 | O6: =SUM(ضماد!O95) -> 587 | Q6: إجمالي مراكز مستشفى شرق جدة | R6: سعودي | S6: ذكر | T6: =SUM(ضماد!T95) -> 14 | U6: =SUM(ضماد!U95) -> 533 | V6: =SUM(ضماد!V95) -> 666 | W6: =SUM(ضماد!W95) -> 597 | Y6: إجمالي مراكز مستشفى شرق جدة | Z6: سعودي | AA6: ذكر | AB6: =SUM(ضماد!AB95) -> 3 | AC6: =SUM(ضماد!AC95) -> 303 | AD6: =SUM(ضماد!AD95) -> 509 | AE6: =SUM(ضماد!AE95) -> 385 | AG6: إجمالي مراكز مستشفى شرق جدة | AH6: سعودي | AI6: ذكر | AJ6: =SUM(ضماد!AJ95) -> 6 | AK6: =SUM(ضماد!AK95) -> 466 | AL6: =SUM(ضماد!AL95) -> 616 | AM6: =SUM(ضماد!AM95) -> 686 | AO6: إجمالي مراكز مستشفى شرق جدة | AP6: سعودي | AQ6: ذكر | AR6: =SUM(ضماد!AR95) -> 2 | AS6: =SUM(ضماد!AS95) -> 523 | AT6: =SUM(ضماد!AT95) -> 805 | AU6: =SUM(ضماد!AU95) -> 847 | AW6: إجمالي مراكز مستشفى شرق جدة | AX6: سعودي | AY6: ذكر | AZ6: =SUM(ضماد!AZ95) -> 194 | BA6: =SUM(ضماد!BA95) -> 473 | BB6: =SUM(ضماد!BB95) -> 760 | BC6: =SUM(ضماد!BC95) -> 903 | BE6: إجمالي مراكز مستشفى شرق جدة | BF6: سعودي | BG6: ذكر | BH6: =SUM(ضماد!BH95) -> 2 | BI6: =SUM(ضماد!BI95) -> 523 | BJ6: =SUM(ضماد!BJ95) -> 787 | BK6: =SUM(ضماد!BK95) -> 855 | BM6: إجمالي مراكز مستشفى شرق جدة | BN6: سعودي | BO6: ذكر | BP6: =SUM(ضماد!BP95) -> 27 | BQ6: =SUM(ضماد!BQ95) -> 346 | BR6: =SUM(ضماد!BR95) -> 321 | BS6: =SUM(ضماد!BS95) -> 465 | BU6: إجمالي مراكز مستشفى شرق جدة | BV6: سعودي | BW6: ذكر | BX6: =SUM(ضماد!BX95) -> 0 | BY6: =SUM(ضماد!BY95) -> 524 | BZ6: =SUM(ضماد!BZ95) -> 723 | CA6: =SUM(ضماد!CA95) -> 677 | CC6: إجمالي مراكز مستشفى شرق جدة | CD6: سعودي | CE6: ذكر | CF6: =SUM(ضماد!CF95) -> 0 | CG6: =SUM(ضماد!CG95) -> 0 | CH6: =SUM(ضماد!CH95) -> 0 | CI6: =SUM(ضماد!CI95) -> 0 | CK6: إجمالي مراكز مستشفى شرق جدة | CL6: سعودي | CM6: ذكر | CN6: =SUM(ضماد!CN95) -> 0 | CO6: =SUM(ضماد!CO95) -> 0 | CP6: =SUM(ضماد!CP95) -> 0 | CQ6: =SUM(ضماد!CQ95) -> 0 | CS6: إجمالي مراكز مستشفى شرق جدة | CT6: سعودي | CU6: ذكر | CV6: =SUM(ضماد!CV95) -> 248 | CW6: =SUM(ضماد!CW95) -> 4785 | CX6: =SUM(ضماد!CX95) -> 6451 | CY6: =SUM(ضماد!CY95) -> 6678
C7: أنثى | D7: =SUM(ضماد!D96) -> 0 | E7: =SUM(ضماد!E96) -> 394 | F7: =SUM(ضماد!F96) -> 662 | G7: =SUM(ضماد!G96) -> 589 | K7: أنثى | L7: =SUM(ضماد!L96) -> 0 | M7: =SUM(ضماد!M96) -> 508 | N7: =SUM(ضماد!N96) -> 519 | O7: =SUM(ضماد!O96) -> 683 | S7: أنثى | T7: =SUM(ضماد!T96) -> 14 | U7: =SUM(ضماد!U96) -> 429 | V7: =SUM(ضماد!V96) -> 641 | W7: =SUM(ضماد!W96) -> 407 | AA7: أنثى | AB7: =SUM(ضماد!AB96) -> 2 | AC7: =SUM(ضماد!AC96) -> 272 | AD7: =SUM(ضماد!AD96) -> 457 | AE7: =SUM(ضماد!AE96) -> 389 | AI7: أنثى | AJ7: =SUM(ضماد!AJ96) -> 3 | AK7: =SUM(ضماد!AK96) -> 402 | AL7: =SUM(ضماد!AL96) -> 605 | AM7: =SUM(ضماد!AM96) -> 669 | AQ7: أنثى | AR7: =SUM(ضماد!AR96) -> 1 | AS7: =SUM(ضماد!AS96) -> 497 | AT7: =SUM(ضماد!AT96) -> 726 | AU7: =SUM(ضماد!AU96) -> 765 | AY7: أنثى | AZ7: =SUM(ضماد!AZ96) -> 49 | BA7: =SUM(ضماد!BA96) -> 381 | BB7: =SUM(ضماد!BB96) -> 630 | BC7: =SUM(ضماد!BC96) -> 816 | BG7: أنثى | BH7: =SUM(ضماد!BH96) -> 1 | BI7: =SUM(ضماد!BI96) -> 492 | BJ7: =SUM(ضماد!BJ96) -> 705 | BK7: =SUM(ضماد!BK96) -> 747 | BO7: أنثى | BP7: =SUM(ضماد!BP96) -> 35 | BQ7: =SUM(ضماد!BQ96) -> 306 | BR7: =SUM(ضماد!BR96) -> 275 | BS7: =SUM(ضماد!BS96) -> 403 | BW7: أنثى | BX7: =SUM(ضماد!BX96) -> 4 | BY7: =SUM(ضماد!BY96) -> 393 | BZ7: =SUM(ضماد!BZ96) -> 656 | CA7: =SUM(ضماد!CA96) -> 588 | CE7: أنثى | CF7: =SUM(ضماد!CF96) -> 0 | CG7: =SUM(ضماد!CG96) -> 0 | CH7: =SUM(ضماد!CH96) -> 0 | CI7: =SUM(ضماد!CI96) -> 0 | CM7: أنثى | CN7: =SUM(ضماد!CN96) -> 0 | CO7: =SUM(ضماد!CO96) -> 0 | CP7: =SUM(ضماد!CP96) -> 0 | CQ7: =SUM(ضماد!CQ96) -> 0 | CU7: أنثى | CV7: =SUM(ضماد!CV96) -> 109 | CW7: =SUM(ضماد!CW96) -> 4074 | CX7: =SUM(ضماد!CX96) -> 5876 | CY7: =SUM(ضماد!CY96) -> 6056
B8: مجموع السعوديين | D8: =SUM(D6:D7) -> 0 | E8: =SUM(E6:E7) -> 919 | F8: =SUM(F6:F7) -> 1386 | G8: =SUM(G6:G7) -> 1265 | J8: مجموع السعوديين | L8: =SUM(L6:L7) -> 0 | M8: =SUM(M6:M7) -> 1077 | N8: =SUM(N6:N7) -> 1059 | O8: =SUM(O6:O7) -> 1270 | R8: مجموع السعوديين | T8: =SUM(T6:T7) -> 28 | U8: =SUM(U6:U7) -> 962 | V8: =SUM(V6:V7) -> 1307 | W8: =SUM(W6:W7) -> 1004 | Z8: مجموع السعوديين | AB8: =SUM(AB6:AB7) -> 5 | AC8: =SUM(AC6:AC7) -> 575 | AD8: =SUM(AD6:AD7) -> 966 | AE8: =SUM(AE6:AE7) -> 774 | AH8: مجموع السعوديين | AJ8: =SUM(AJ6:AJ7) -> 9 | AK8: =SUM(AK6:AK7) -> 868 | AL8: =SUM(AL6:AL7) -> 1221 | AM8: =SUM(AM6:AM7) -> 1355 | AP8: مجموع السعوديين | AR8: =SUM(AR6:AR7) -> 3 | AS8: =SUM(AS6:AS7) -> 1020 | AT8: =SUM(AT6:AT7) -> 1531 | AU8: =SUM(AU6:AU7) -> 1612 | AX8: مجموع السعوديين | AZ8: =SUM(AZ6:AZ7) -> 243 | BA8: =SUM(BA6:BA7) -> 854 | BB8: =SUM(BB6:BB7) -> 1390 | BC8: =SUM(BC6:BC7) -> 1719 | BF8: مجموع السعوديين | BH8: =SUM(BH6:BH7) -> 3 | BI8: =SUM(BI6:BI7) -> 1015 | BJ8: =SUM(BJ6:BJ7) -> 1492 | BK8: =SUM(BK6:BK7) -> 1602 | BN8: مجموع السعوديين | BP8: =SUM(BP6:BP7) -> 62 | BQ8: =SUM(BQ6:BQ7) -> 652 | BR8: =SUM(BR6:BR7) -> 596 | BS8: =SUM(BS6:BS7) -> 868 | BV8: مجموع السعوديين | BX8: =SUM(BX6:BX7) -> 4 | BY8: =SUM(BY6:BY7) -> 917 | BZ8: =SUM(BZ6:BZ7) -> 1379 | CA8: =SUM(CA6:CA7) -> 1265 | CD8: مجموع السعوديين | CF8: =SUM(CF6:CF7) -> 0 | CG8: =SUM(CG6:CG7) -> 0 | CH8: =SUM(CH6:CH7) -> 0 | CI8: =SUM(CI6:CI7) -> 0 | CL8: مجموع السعوديين | CN8: =SUM(CN6:CN7) -> 0 | CO8: =SUM(CO6:CO7) -> 0 | CP8: =SUM(CP6:CP7) -> 0 | CQ8: =SUM(CQ6:CQ7) -> 0 | CT8: مجموع السعوديين | CV8: =SUM(CV6:CV7) -> 357 | CW8: =SUM(CW6:CW7) -> 8859 | CX8: =SUM(CX6:CX7) -> 12327 | CY8: =SUM(CY6:CY7) -> 12734
B9: غير سعودي | C9: ذكر | D9: =SUM(ضماد!D98) -> 0 | E9: =SUM(ضماد!E98) -> 104 | F9: =SUM(ضماد!F98) -> 187 | G9: =SUM(ضماد!G98) -> 153 | J9: غير سعودي | K9: ذكر | L9: =SUM(ضماد!L98) -> 0 | M9: =SUM(ضماد!M98) -> 153 | N9: =SUM(ضماد!N98) -> 178 | O9: =SUM(ضماد!O98) -> 144 | R9: غير سعودي | S9: ذكر | T9: =SUM(ضماد!T98) -> 0 | U9: =SUM(ضماد!U98) -> 59 | V9: =SUM(ضماد!V98) -> 109 | W9: =SUM(ضماد!W98) -> 54 | Z9: غير سعودي | AA9: ذكر | AB9: =SUM(ضماد!AB98) -> 0 | AC9: =SUM(ضماد!AC98) -> 53 | AD9: =SUM(ضماد!AD98) -> 68 | AE9: =SUM(ضماد!AE98) -> 79 | AH9: غير سعودي | AI9: ذكر | AJ9: =SUM(ضماد!AJ98) -> 0 | AK9: =SUM(ضماد!AK98) -> 90 | AL9: =SUM(ضماد!AL98) -> 56 | AM9: =SUM(ضماد!AM98) -> 45 | AP9: غير سعودي | AQ9: ذكر | AR9: =SUM(ضماد!AR98) -> 0 | AS9: =SUM(ضماد!AS98) -> 244 | AT9: =SUM(ضماد!AT98) -> 267 | AU9: =SUM(ضماد!AU98) -> 193 | AX9: غير سعودي | AY9: ذكر | AZ9: =SUM(ضماد!AZ98) -> 16 | BA9: =SUM(ضماد!BA98) -> 98 | BB9: =SUM(ضماد!BB98) -> 173 | BC9: =SUM(ضماد!BC98) -> 188 | BF9: غير سعودي | BG9: ذكر | BH9: =SUM(ضماد!BH98) -> 0 | BI9: =SUM(ضماد!BI98) -> 242 | BJ9: =SUM(ضماد!BJ98) -> 261 | BK9: =SUM(ضماد!BK98) -> 195 | BN9: غير سعودي | BO9: ذكر | BP9: =SUM(ضماد!BP98) -> 0 | BQ9: =SUM(ضماد!BQ98) -> 126 | BR9: =SUM(ضماد!BR98) -> 97 | BS9: =SUM(ضماد!BS98) -> 66 | BV9: غير سعودي | BW9: ذكر | BX9: =SUM(ضماد!BX98) -> 1 | BY9: =SUM(ضماد!BY98) -> 110 | BZ9: =SUM(ضماد!BZ98) -> 194 | CA9: =SUM(ضماد!CA98) -> 156 | CD9: غير سعودي | CE9: ذكر | CF9: =SUM(ضماد!CF98) -> 0 | CG9: =SUM(ضماد!CG98) -> 0 | CH9: =SUM(ضماد!CH98) -> 0 | CI9: =SUM(ضماد!CI98) -> 0 | CL9: غير سعودي | CM9: ذكر | CN9: =SUM(ضماد!CN98) -> 0 | CO9: =SUM(ضماد!CO98) -> 0 | CP9: =SUM(ضماد!CP98) -> 0 | CQ9: =SUM(ضماد!CQ98) -> 0 | CT9: غير سعودي | CU9: ذكر | CV9: =SUM(ضماد!CV98) -> 17 | CW9: =SUM(ضماد!CW98) -> 1279 | CX9: =SUM(ضماد!CX98) -> 1590 | CY9: =SUM(ضماد!CY98) -> 1273
C10: أنثى | D10: =SUM(ضماد!D99) -> 0 | E10: =SUM(ضماد!E99) -> 93 | F10: =SUM(ضماد!F99) -> 121 | G10: =SUM(ضماد!G99) -> 137 | K10: أنثى | L10: =SUM(ضماد!L99) -> 0 | M10: =SUM(ضماد!M99) -> 115 | N10: =SUM(ضماد!N99) -> 126 | O10: =SUM(ضماد!O99) -> 115 | S10: أنثى | T10: =SUM(ضماد!T99) -> 0 | U10: =SUM(ضماد!U99) -> 35 | V10: =SUM(ضماد!V99) -> 82 | W10: =SUM(ضماد!W99) -> 36 | AA10: أنثى | AB10: =SUM(ضماد!AB99) -> 0 | AC10: =SUM(ضماد!AC99) -> 58 | AD10: =SUM(ضماد!AD99) -> 75 | AE10: =SUM(ضماد!AE99) -> 69 | AI10: أنثى | AJ10: =SUM(ضماد!AJ99) -> 0 | AK10: =SUM(ضماد!AK99) -> 74 | AL10: =SUM(ضماد!AL99) -> 57 | AM10: =SUM(ضماد!AM99) -> 45 | AQ10: أنثى | AR10: =SUM(ضماد!AR99) -> 0 | AS10: =SUM(ضماد!AS99) -> 175 | AT10: =SUM(ضماد!AT99) -> 165 | AU10: =SUM(ضماد!AU99) -> 199 | AY10: أنثى | AZ10: =SUM(ضماد!AZ99) -> 6 | BA10: =SUM(ضماد!BA99) -> 50 | BB10: =SUM(ضماد!BB99) -> 100 | BC10: =SUM(ضماد!BC99) -> 159 | BG10: أنثى | BH10: =SUM(ضماد!BH99) -> 0 | BI10: =SUM(ضماد!BI99) -> 175 | BJ10: =SUM(ضماد!BJ99) -> 165 | BK10: =SUM(ضماد!BK99) -> 199 | BO10: أنثى | BP10: =SUM(ضماد!BP99) -> 0 | BQ10: =SUM(ضماد!BQ99) -> 120 | BR10: =SUM(ضماد!BR99) -> 89 | BS10: =SUM(ضماد!BS99) -> 112 | BW10: أنثى | BX10: =SUM(ضماد!BX99) -> 0 | BY10: =SUM(ضماد!BY99) -> 93 | BZ10: =SUM(ضماد!BZ99) -> 129 | CA10: =SUM(ضماد!CA99) -> 138 | CE10: أنثى | CF10: =SUM(ضماد!CF99) -> 0 | CG10: =SUM(ضماد!CG99) -> 0 | CH10: =SUM(ضماد!CH99) -> 0 | CI10: =SUM(ضماد!CI99) -> 0 | CM10: أنثى | CN10: =SUM(ضماد!CN99) -> 0 | CO10: =SUM(ضماد!CO99) -> 0 | CP10: =SUM(ضماد!CP99) -> 0 | CQ10: =SUM(ضماد!CQ99) -> 0 | CU10: أنثى | CV10: =SUM(ضماد!CV99) -> 6 | CW10: =SUM(ضماد!CW99) -> 988 | CX10: =SUM(ضماد!CX99) -> 1109 | CY10: =SUM(ضماد!CY99) -> 1209
B11: مجموع غ. سعوديين | D11: =SUM(D9:D10) -> 0 | E11: =SUM(E9:E10) -> 197 | F11: =SUM(F9:F10) -> 308 | G11: =SUM(G9:G10) -> 290 | J11: مجموع غ. سعوديين | L11: =SUM(L9:L10) -> 0 | M11: =SUM(M9:M10) -> 268 | N11: =SUM(N9:N10) -> 304 | O11: =SUM(O9:O10) -> 259 | R11: مجموع غ. سعوديين | T11: =SUM(T9:T10) -> 0 | U11: =SUM(U9:U10) -> 94 | V11: =SUM(V9:V10) -> 191 | W11: =SUM(W9:W10) -> 90 | Z11: مجموع غ. سعوديين | AB11: =SUM(AB9:AB10) -> 0 | AC11: =SUM(AC9:AC10) -> 111 | AD11: =SUM(AD9:AD10) -> 143 | AE11: =SUM(AE9:AE10) -> 148 | AH11: مجموع غ. سعوديين | AJ11: =SUM(AJ9:AJ10) -> 0 | AK11: =SUM(AK9:AK10) -> 164 | AL11: =SUM(AL9:AL10) -> 113 | AM11: =SUM(AM9:AM10) -> 90 | AP11: مجموع غ. سعوديين | AR11: =SUM(AR9:AR10) -> 0 | AS11: =SUM(AS9:AS10) -> 419 | AT11: =SUM(AT9:AT10) -> 432 | AU11: =SUM(AU9:AU10) -> 392 | AX11: مجموع غ. سعوديين | AZ11: =SUM(AZ9:AZ10) -> 22 | BA11: =SUM(BA9:BA10) -> 148 | BB11: =SUM(BB9:BB10) -> 273 | BC11: =SUM(BC9:BC10) -> 347 | BF11: مجموع غ. سعوديين | BH11: =SUM(BH9:BH10) -> 0 | BI11: =SUM(BI9:BI10) -> 417 | BJ11: =SUM(BJ9:BJ10) -> 426 | BK11: =SUM(BK9:BK10) -> 394 | BN11: مجموع غ. سعوديين | BP11: =SUM(BP9:BP10) -> 0 | BQ11: =SUM(BQ9:BQ10) -> 246 | BR11: =SUM(BR9:BR10) -> 186 | BS11: =SUM(BS9:BS10) -> 178 | BV11: مجموع غ. سعوديين | BX11: =SUM(BX9:BX10) -> 1 | BY11: =SUM(BY9:BY10) -> 203 | BZ11: =SUM(BZ9:BZ10) -> 323 | CA11: =SUM(CA9:CA10) -> 294 | CD11: مجموع غ. سعوديين | CF11: =SUM(CF9:CF10) -> 0 | CG11: =SUM(CG9:CG10) -> 0 | CH11: =SUM(CH9:CH10) -> 0 | CI11: =SUM(CI9:CI10) -> 0 | CL11: مجموع غ. سعوديين | CN11: =SUM(CN9:CN10) -> 0 | CO11: =SUM(CO9:CO10) -> 0 | CP11: =SUM(CP9:CP10) -> 0 | CQ11: =SUM(CQ9:CQ10) -> 0 | CT11: مجموع غ. سعوديين | CV11: =SUM(CV9:CV10) -> 23 | CW11: =SUM(CW9:CW10) -> 2267 | CX11: =SUM(CX9:CX10) -> 2699 | CY11: =SUM(CY9:CY10) -> 2482
B12: المجموع الكلي | D12: =SUM(D8+D11) -> 0 | E12: =SUM(E8+E11) -> 1116 | F12: =SUM(F8+F11) -> 1694 | G12: =SUM(G8+G11) -> 1555 | J12: المجموع الكلي | L12: =SUM(L8+L11) -> 0 | M12: =SUM(M8+M11) -> 1345 | N12: =SUM(N8+N11) -> 1363 | O12: =SUM(O8+O11) -> 1529 | R12: المجموع الكلي | T12: =SUM(T8+T11) -> 28 | U12: =SUM(U8+U11) -> 1056 | V12: =SUM(V8+V11) -> 1498 | W12: =SUM(W8+W11) -> 1094 | Z12: المجموع الكلي | AB12: =SUM(AB8+AB11) -> 5 | AC12: =SUM(AC8+AC11) -> 686 | AD12: =SUM(AD8+AD11) -> 1109 | AE12: =SUM(AE8+AE11) -> 922 | AH12: المجموع الكلي | AJ12: =SUM(AJ8+AJ11) -> 9 | AK12: =SUM(AK8+AK11) -> 1032 | AL12: =SUM(AL8+AL11) -> 1334 | AM12: =SUM(AM8+AM11) -> 1445 | AP12: المجموع الكلي | AR12: =SUM(AR8+AR11) -> 3 | AS12: =SUM(AS8+AS11) -> 1439 | AT12: =SUM(AT8+AT11) -> 1963 | AU12: =SUM(AU8+AU11) -> 2004 | AX12: المجموع الكلي | AZ12: =SUM(AZ8+AZ11) -> 265 | BA12: =SUM(BA8+BA11) -> 1002 | BB12: =SUM(BB8+BB11) -> 1663 | BC12: =SUM(BC8+BC11) -> 2066 | BF12: المجموع الكلي | BH12: =SUM(BH8+BH11) -> 3 | BI12: =SUM(BI8+BI11) -> 1432 | BJ12: =SUM(BJ8+BJ11) -> 1918 | BK12: =SUM(BK8+BK11) -> 1996 | BN12: المجموع الكلي | BP12: =SUM(BP8+BP11) -> 62 | BQ12: =SUM(BQ8+BQ11) -> 898 | BR12: =SUM(BR8+BR11) -> 782 | BS12: =SUM(BS8+BS11) -> 1046 | BV12: المجموع الكلي | BX12: =SUM(BX8+BX11) -> 5 | BY12: =SUM(BY8+BY11) -> 1120 | BZ12: =SUM(BZ8+BZ11) -> 1702 | CA12: =SUM(CA8+CA11) -> 1559 | CD12: المجموع الكلي | CF12: =SUM(CF8+CF11) -> 0 | CG12: =SUM(CG8+CG11) -> 0 | CH12: =SUM(CH8+CH11) -> 0 | CI12: =SUM(CI8+CI11) -> 0 | CL12: المجموع الكلي | CN12: =SUM(CN8+CN11) -> 0 | CO12: =SUM(CO8+CO11) -> 0 | CP12: =SUM(CP8+CP11) -> 0 | CQ12: =SUM(CQ8+CQ11) -> 0 | CT12: المجموع الكلي | CV12: =SUM(CV8+CV11) -> 380 | CW12: =SUM(CW8+CW11) -> 11126 | CX12: =SUM(CX8+CX11) -> 15026 | CY12: =SUM(CY8+CY11) -> 15216
A15: محمد الزهراني | G15: ادارة الاحصاء | I15: محمد الزهراني | O15: ادارة الاحصاء | Q15: محمد الزهراني | W15: ادارة الاحصاء | Y15: محمد الزهراني | AE15: ادارة الاحصاء | AG15: محمد الزهراني | AM15: ادارة الاحصاء | AO15: محمد الزهراني | AU15: ادارة الاحصاء | AW15: محمد الزهراني | BC15: ادارة الاحصاء | BE15: محمد الزهراني | BK15: ادارة الاحصاء | BM15: محمد الزهراني | BS15: ادارة الاحصاء | BU15: محمد الزهراني | CA15: ادارة الاحصاء | CC15: محمد الزهراني | CI15: ادارة الاحصاء | CK15: محمد الزهراني | CQ15: ادارة الاحصاء | CS15: محمد الزهراني | CY15: ادارة الاحصاء
