Workbook

Sheet سكان وأسر
A2: مراكز شرق جدة | D2: شهر | E2: 1 | F2: 1447 | G2: بيان عدد السكان والأسر المشمولين بالخدمة من واقع الملفات الصحية | M2: مراكز شرق جدة | P2: شهر | Q2: 2 | R2: 1447 | S2: بيان عدد السكان والأسر المشمولين بالخدمة من واقع الملفات الصحية | Y2: مراكز شرق جدة | AB2: شهر | AC2: 3 | AD2: 1447 | AE2: بيان عدد السكان والأسر المشمولين بالخدمة من واقع الملفات الصحية | AK2: مراكز شرق جدة | AN2: شهر | AO2: 4 | AP2: 1447 | AQ2: بيان عدد السكان والأسر المشمولين بالخدمة من واقع الملفات الصحية | AW2: مراكز شرق جدة | AZ2: شهر | BA2: 5 | BB2: 1447 | BC2: بيان عدد السكان والأسر المشمولين بالخدمة من واقع الملفات الصحية | BI2: مراكز شرق جدة | BL2: شهر | BM2: 6 | BN2: 1447 | BO2: بيان عدد السكان والأسر المشمولين بالخدمة من واقع الملفات الصحية | BU2: مراكز شرق جدة | BX2: شهر | BY2: 7 | BZ2: 1447 | CA2: بيان عدد السكان والأسر المشمولين بالخدمة من واقع الملفات الصحية | CG2: مراكز شرق جدة | CJ2: شهر | CK2: 8 | CL2: 1447 | CM2: بيان عدد السكان والأسر المشمولين بالخدمة من واقع الملفات الصحية | CS2: مراكز شرق جدة | CV2: شهر | CW2: 9 | CX2: 1447 | CY2: بيان عدد السكان والأسر المشمولين بالخدمة من واقع الملفات الصحية | DE2: مراكز شرق جدة | DH2: شهر | DI2: 10 | DJ2: 1447 | DK2: بيان عدد السكان والأسر المشمولين بالخدمة من واقع الملفات الصحية | DQ2: مراكز شرق جدة | DT2: شهر | DU2: 11 | DV2: 1447 | DW2: بيان عدد السكان والأسر المشمولين بالخدمة من واقع الملفات الصحية | EC2: مراكز شرق جدة | EF2: شهر | EG2: 12 | EH2: 1447 | EI2: بيان عدد السكان والأسر المشمولين بالخدمة من واقع الملفات الصحية | EO2: مراكز شرق جدة | ES2: عام | ET2: =SUM(EH2) -> 1447 | EY2: بيان عدد السكان والأسر المشمولين بالخدمة من واقع الملفات الصحية
A3: مراكز | D3: الفئات العمرية | J3: الإجمالي | K3: عدد الأسر | M3: مراكز | P3: الفئات العمرية | V3: الإجمالي | W3: عدد الأسر | Y3: مراكز | AB3: الفئات العمرية | AH3: الإجمالي | AI3: عدد الأسر | AK3: مراكز | AN3: الفئات العمرية | AT3: الإجمالي | AU3: عدد الأسر | AW3: مراكز | AZ3: الفئات العمرية | BF3: الإجمالي | BG3: عدد الأسر | BI3: مراكز | BL3: الفئات العمرية | BR3: الإجمالي | BS3: عدد الأسر | BU3: مراكز | BX3: الفئات العمرية | CD3: الإجمالي | CE3: عدد الأسر | CG3: مراكز | CJ3: الفئات العمرية | CP3: الإجمالي | CQ3: عدد الأسر | CS3: مراكز | CV3: الفئات العمرية | DB3: الإجمالي | DC3: عدد الأسر | DE3: مراكز | DH3: الفئات العمرية | DN3: الإجمالي | DO3: عدد الأسر | DQ3: مراكز | DT3: الفئات العمرية | DZ3: الإجمالي | EA3: عدد الأسر | EC3: مراكز | EF3: الفئات العمرية | EL3: الإجمالي | EM3: عدد الأسر | EO3: مراكز | ER3: الفئات العمرية | EX3: الإجمالي | EY3: عدد الأسر
D4: أقل من سنة | E4: من 4:1 | F4: من14:5 | G4: من44:15 | H4: من60:45 | I4: أكثر من 60 | P4: أقل من سنة | Q4: من 4:1 | R4: من14:5 | S4: من44:15 | T4: من60:45 | U4: أكثر من 60 | AB4: أقل من سنة | AC4: من 4:1 | AD4: من14:5 | AE4: من44:15 | AF4: من60:45 | AG4: أكثر من 60 | AN4: أقل من سنة | AO4: من 4:1 | AP4: من14:5 | AQ4: من44:15 | AR4: من60:45 | AS4: أكثر من 60 | AZ4: أقل من سنة | BA4: من 4:1 | BB4: من14:5 | BC4: من44:15 | BD4: من60:45 | BE4: أكثر من 60 | BL4: أقل من سنة | BM4: من 4:1 | BN4: من14:5 | BO4: من44:15 | BP4: من60:45 | BQ4: أكثر من 60 | BX4: أقل من سنة | BY4: من 4:1 | BZ4: من14:5 | CA4: من44:15 | CB4: من60:45 | CC4: أكثر من 60 | CJ4: أقل من سنة | CK4: من 4:1 | CL4: من14:5 | CM4: من44:15 | CN4: من60:45 | CO4: أكثر من 60 | CV4: أقل من سنة | CW4: من 4:1 | CX4: من14:5 | CY4: من44:15 | CZ4: من60:45 | DA4: أكثر من 60 | DH4: أقل من سنة | DI4: من 4:1 | DJ4: من14:5 | DK4: من44:15 | DL4: من60:45 | DM4: أكثر من 60 | DT4: أقل من سنة | DU4: من 4:1 | DV4: من14:5 | DW4: من44:15 | DX4: من60:45 | DY4: أكثر من 60 | EF4: أقل من سنة | EG4: من 4:1 | EH4: من14:5 | EI4: من44:15 | EJ4: من60:45 | EK4: أكثر من 60 | ER4: أقل من سنة | ES4: من 5:1 | ET4: من14:5 | EU4: من44:15 | EV4: من60:45 | EW4: أكثر من 60
A5: الربيع والتوفيق | B5: سعودي | C5: ذكر | D5: 1422 | E5: 1866 | F5: 3398 | G5: 8608 | H5: 1709 | I5: 698 | J5: =SUM(D5:I5) -> 17701 | K5: 5381 | M5: الربيع والتوفيق | N5: سعودي | O5: ذكر | P5: 1422 | Q5: 1866 | R5: 3398 | S5: 8608 | T5: 1709 | U5: 698 | V5: =SUM(P5:U5) -> 17701 | W5: 5381 | Y5: الربيع والتوفيق | Z5: سعودي | AA5: ذكر | AB5: 1422 | AC5: 1866 | AD5: 3398 | AE5: 8608 | AF5: 1709 | AG5: 698 | AH5: =SUM(AB5:AG5) -> 17701 | AI5: 5381 | AK5: الربيع والتوفيق | AL5: سعودي | AM5: ذكر | AN5: 1422 | AO5: 1866 | AP5: 3398 | AQ5: 8608 | AR5: 1709 | AS5: 698 | AT5: =SUM(AN5:AS5) -> 17701 | AU5: 5381 | AW5: الربيع والتوفيق | AX5: سعودي | AY5: ذكر | AZ5: 1422 | BA5: 1866 | BB5: 3398 | BC5: 8608 | BD5: 1709 | BE5: 698 | BF5: =SUM(AZ5:BE5) -> 17701 | BG5: 5381 | BI5: الربيع والتوفيق | BJ5: سعودي | BK5: ذكر | BL5: 1422 | BM5: 1866 | BN5: 3398 | BO5: 8608 | BP5: 1709 | BQ5: 698 | BR5: =SUM(BL5:BQ5) -> 17701 | BS5: 5381 | BU5: الربيع والتوفيق | BV5: سعودي | BW5: ذكر | BX5: 1422 | BY5: 1866 | BZ5: 3398 | CA5: 8608 | CB5: 1709 | CC5: 698 | CD5: =SUM(BX5:CC5) -> 17701 | CE5: 5381 | CG5: الربيع والتوفيق | CH5: سعودي | CI5: ذكر | CJ5: 1422 | CK5: 1866 | CL5: 3398 | CM5: 8608 | CN5: 1709 | CO5: 698 | CP5: =SUM(CJ5:CO5) -> 17701 | CQ5: 5381 | CS5: الربيع والتوفيق | CT5: سعودي | CU5: ذكر | CV5: 1422 | CW5: 1866 | CX5: 3398 | CY5: 8608 | CZ5: 1709 | DA5: 698 | DB5: =SUM(CV5:DA5) -> 17701 | DC5: 5381 | DE5: الربيع والتوفيق | DF5: سعودي | DG5: ذكر | DH5: 0 | DI5: 0 | DJ5: 0 | DK5: 0 | DL5: 0 | DM5: 0 | DN5: =SUM(DH5:DM5) -> 0 | DO5: 0 | DQ5: الربيع والتوفيق | DR5: سعودي | DS5: ذكر | DT5: 0 | DU5: 0 | DV5: 0 | DW5: 0 | DX5: 0 | DY5: 0 | DZ5: =SUM(DT5:DY5) -> 0 | EA5: 0 | EC5: الربيع والتوفيق | ED5: سعودي | EE5: ذكر | EF5: 0 | EG5: 0 | EH5: 0 | EI5: 0 | EJ5: 0 | EK5: 0 | EL5: =SUM(EF5:EK5) -> 0 | EM5: 0 | EO5: =EC5 -> الربيع والتوفيق | EP5: سعودي | EQ5: ذكر | ER5: =SUM(EF5) -> 0 | ES5: =SUM(EG5) -> 0 | ET5: =SUM(EH5) -> 0 | EU5: =SUM(EI5) -> 0 | EV5: =SUM(EJ5) -> 0 | EW5: =SUM(EK5) -> 0 | EX5: =SUM(ER5:EW5) -> 0 | EY5: =SUM(EM5) -> 0
C6: أنثى | D6: 988 | E6: 11765 | F6: 3466 | G6: 8790 | H6: 1278 | I6: 576 | J6: =SUM(D6:I6) -> 26863 | O6: أنثى | P6: 988 | Q6: 11765 | R6: 3466 | S6: 8790 | T6: 1278 | U6: 576 | V6: =SUM(P6:U6) -> 26863 | AA6: أنثى | AB6: 988 | AC6: 11765 | AD6: 3466 | AE6: 8790 | AF6: 1278 | AG6: 576 | AH6: =SUM(AB6:AG6) -> 26863 | AM6: أنثى | AN6: 988 | AO6: 11765 | AP6: 3466 | AQ6: 8790 | AR6: 1278 | AS6: 576 | AT6: =SUM(AN6:AS6) -> 26863 | AY6: أنثى | AZ6: 988 | BA6: 11765 | BB6: 3466 | BC6: 8790 | BD6: 1278 | BE6: 576 | BF6: =SUM(AZ6:BE6) -> 26863 | BK6: أنثى | BL6: 988 | BM6: 11765 | BN6: 3466 | BO6: 8790 | BP6: 1278 | BQ6: 576 | BR6: =SUM(BL6:BQ6) -> 26863 | BW6: أنثى | BX6: 988 | BY6: 11765 | BZ6: 3466 | CA6: 8790 | CB6: 1278 | CC6: 576 | CD6: =SUM(BX6:CC6) -> 26863 | CI6: أنثى | CJ6: 988 | CK6: 11765 | CL6: 3466 | CM6: 8790 | CN6: 1278 | CO6: 576 | CP6: =SUM(CJ6:CO6) -> 26863 | CU6: أنثى | CV6: 988 | CW6: 11765 | CX6: 3466 | CY6: 8790 | CZ6: 1278 | DA6: 576 | DB6: =SUM(CV6:DA6) -> 26863 | DG6: أنثى | DH6: 0 | DI6: 0 | DJ6: 0 | DK6: 0 | DL6: 0 | DM6: 0 | DN6: =SUM(DH6:DM6) -> 0 | DS6: أنثى | DT6: 0 | DU6: 0 | DV6: 0 | DW6: 0 | DX6: 0 | DY6: 0 | DZ6: =SUM(DT6:DY6) -> 0 | EE6: أنثى | EF6: 0 | EG6: 0 | EH6: 0 | EI6: 0 | EJ6: 0 | EK6: 0 | EL6: =SUM(EF6:EK6) -> 0 | EQ6: أنثى | ER6: =SUM(EF6) -> 0 | ES6: =SUM(EG6) -> 0 | ET6: =SUM(EH6) -> 0 | EU6: =SUM(EI6) -> 0 | EV6: =SUM(EJ6) -> 0 | EW6: =SUM(EK6) -> 0 | EX6: =SUM(ER6:EW6) -> 0
B7: غير | C7: ذكر | D7: 0 | E7: 357 | F7: 456 | G7: 90 | H7: 88 | I7: 16 | J7: =SUM(D7:I7) -> 1007 | K7: 50 | N7: غير | O7: ذكر | P7: 0 | Q7: 357 | R7: 456 | S7: 90 | T7: 88 | U7: 16 | V7: =SUM(P7:U7) -> 1007 | W7: 50 | Z7: غير | AA7: ذكر | AB7: 0 | AC7: 357 | AD7: 456 | AE7: 90 | AF7: 88 | AG7: 16 | AH7: =SUM(AB7:AG7) -> 1007 | AI7: 50 | AL7: غير | AM7: ذكر | AN7: 0 | AO7: 357 | AP7: 456 | AQ7: 90 | AR7: 88 | AS7: 16 | AT7: =SUM(AN7:AS7) -> 1007 | AU7: 50 | AX7: غير | AY7: ذكر | AZ7: 0 | BA7: 357 | BB7: 456 | BC7: 90 | BD7: 88 | BE7: 16 | BF7: =SUM(AZ7:BE7) -> 1007 | BG7: 50 | BJ7: غير | BK7: ذكر | BL7: 0 | BM7: 357 | BN7: 456 | BO7: 90 | BP7: 88 | BQ7: 16 | BR7: =SUM(BL7:BQ7) -> 1007 | BS7: 50 | BV7: غير | BW7: ذكر | BX7: 0 | BY7: 357 | BZ7: 456 | CA7: 90 | CB7: 88 | CC7: 16 | CD7: =SUM(BX7:CC7) -> 1007 | CE7: 50 | CH7: غير | CI7: ذكر | CJ7: 0 | CK7: 357 | CL7: 456 | CM7: 90 | CN7: 88 | CO7: 16 | CP7: =SUM(CJ7:CO7) -> 1007 | CQ7: 50 | CT7: غير | CU7: ذكر | CV7: 0 | CW7: 357 | CX7: 456 | CY7: 90 | CZ7: 88 | DA7: 16 | DB7: =SUM(CV7:DA7) -> 1007 | DC7: 50 | DF7: غير | DG7: ذكر | DH7: 0 | DI7: 0 | DJ7: 0 | DK7: 0 | DL7: 0 | DM7: 0 | DN7: =SUM(DH7:DM7) -> 0 | DO7: 0 | DR7: غير | DS7: ذكر | DT7: 0 | DU7: 0 | DV7: 0 | DW7: 0 | DX7: 0 | DY7: 0 | DZ7: =SUM(DT7:DY7) -> 0 | EA7: 0 | ED7: غير | EE7: ذكر | EF7: 0 | EG7: 0 | EH7: 0 | EI7: 0 | EJ7: 0 | EK7: 0 | EL7: =SUM(EF7:EK7) -> 0 | EM7: 0 | EP7: غير | EQ7: ذكر | ER7: =SUM(EF7) -> 0 | ES7: =SUM(EG7) -> 0 | ET7: =SUM(EH7) -> 0 | EU7: =SUM(EI7) -> 0 | EV7: =SUM(EJ7) -> 0 | EW7: =SUM(EK7) -> 0 | EX7: =SUM(ER7:EW7) -> 0 | EY7: =SUM(EM7) -> 0
B8: سعودي | C8: أنثى | D8: 0 | E8: 324 | F8: 567 | G8: 130 | H8: 69 | I8: 12 | J8: =SUM(D8:I8) -> 1102 | N8: سعودي | O8: أنثى | P8: 0 | Q8: 324 | R8: 567 | S8: 130 | T8: 69 | U8: 12 | V8: =SUM(P8:U8) -> 1102 | Z8: سعودي | AA8: أنثى | AB8: 0 | AC8: 324 | AD8: 567 | AE8: 130 | AF8: 69 | AG8: 12 | AH8: =SUM(AB8:AG8) -> 1102 | AL8: سعودي | AM8: أنثى | AN8: 0 | AO8: 324 | AP8: 567 | AQ8: 130 | AR8: 69 | AS8: 12 | AT8: =SUM(AN8:AS8) -> 1102 | AX8: سعودي | AY8: أنثى | AZ8: 0 | BA8: 324 | BB8: 567 | BC8: 130 | BD8: 69 | BE8: 12 | BF8: =SUM(AZ8:BE8) -> 1102 | BJ8: سعودي | BK8: أنثى | BL8: 0 | BM8: 324 | BN8: 567 | BO8: 130 | BP8: 69 | BQ8: 12 | BR8: =SUM(BL8:BQ8) -> 1102 | BV8: سعودي | BW8: أنثى | BX8: 0 | BY8: 324 | BZ8: 567 | CA8: 130 | CB8: 69 | CC8: 12 | CD8: =SUM(BX8:CC8) -> 1102 | CH8: سعودي | CI8: أنثى | CJ8: 0 | CK8: 324 | CL8: 567 | CM8: 130 | CN8: 69 | CO8: 12 | CP8: =SUM(CJ8:CO8) -> 1102 | CT8: سعودي | CU8: أنثى | CV8: 0 | CW8: 324 | CX8: 567 | CY8: 130 | CZ8: 69 | DA8: 12 | DB8: =SUM(CV8:DA8) -> 1102 | DF8: سعودي | DG8: أنثى | DH8: 0 | DI8: 0 | DJ8: 0 | DK8: 0 | DL8: 0 | DM8: 0 | DN8: =SUM(DH8:DM8) -> 0 | DR8: سعودي | DS8: أنثى | DT8: 0 | DU8: 0 | DV8: 0 | DW8: 0 | DX8: 0 | DY8: 0 | DZ8: =SUM(DT8:DY8) -> 0 | ED8: سعودي | EE8: أنثى | EF8: 0 | EG8: 0 | EH8: 0 | EI8: 0 | EJ8: 0 | EK8: 0 | EL8: =SUM(EF8:EK8) -> 0 | EP8: سعودي | EQ8: أنثى | ER8: =SUM(EF8) -> 0 | ES8: =SUM(EG8) -> 0 | ET8: =SUM(EH8) -> 0 | EU8: =SUM(EI8) -> 0 | EV8: =SUM(EJ8) -> 0 | EW8: =SUM(EK8) -> 0 | EX8: =SUM(ER8:EW8) -> 0
B9: المجموع | D9: =SUM(D5:D8) -> 2410 | E9: =SUM(E5:E8) -> 14312 | F9: =SUM(F5:F8) -> 7887 | G9: =SUM(G5:G8) -> 17618 | H9: =SUM(H5:H8) -> 3144 | I9: =SUM(I5:I8) -> 1302 | J9: =SUM(J5:J8) -> 46673 | K9: =SUM(K5:K8) -> 5431 | N9: المجموع | P9: =SUM(P5:P8) -> 2410 | Q9: =SUM(Q5:Q8) -> 14312 | R9: =SUM(R5:R8) -> 7887 | S9: =SUM(S5:S8) -> 17618 | T9: =SUM(T5:T8) -> 3144 | U9: =SUM(U5:U8) -> 1302 | V9: =SUM(V5:V8) -> 46673 | W9: =SUM(W5:W8) -> 5431 | Z9: المجموع | AB9: =SUM(AB5:AB8) -> 2410 | AC9: =SUM(AC5:AC8) -> 14312 | AD9: =SUM(AD5:AD8) -> 7887 | AE9: =SUM(AE5:AE8) -> 17618 | AF9: =SUM(AF5:AF8) -> 3144 | AG9: =SUM(AG5:AG8) -> 1302 | AH9: =SUM(AH5:AH8) -> 46673 | AI9: =SUM(AI5:AI8) -> 5431 | AL9: المجموع | AN9: =SUM(AN5:AN8) -> 2410 | AO9: =SUM(AO5:AO8) -> 14312 | AP9: =SUM(AP5:AP8) -> 7887 | AQ9: =SUM(AQ5:AQ8) -> 17618 | AR9: =SUM(AR5:AR8) -> 3144 | AS9: =SUM(AS5:AS8) -> 1302 | AT9: =SUM(AT5:AT8) -> 46673 | AU9: =SUM(AU5:AU8) -> 5431 | AX9: المجموع | AZ9: =SUM(AZ5:AZ8) -> 2410 | BA9: =SUM(BA5:BA8) -> 14312 | BB9: =SUM(BB5:BB8) -> 7887 | BC9: =SUM(BC5:BC8) -> 17618 | BD9: =SUM(BD5:BD8) -> 3144 | BE9: =SUM(BE5:BE8) -> 1302 | BF9: =SUM(BF5:BF8) -> 46673 | BG9: =SUM(BG5:BG8) -> 5431 | BJ9: المجموع | BL9: =SUM(BL5:BL8) -> 2410 | BM9: =SUM(BM5:BM8) -> 14312 | BN9: =SUM(BN5:BN8) -> 7887 | BO9: =SUM(BO5:BO8) -> 17618 | BP9: =SUM(BP5:BP8) -> 3144 | BQ9: =SUM(BQ5:BQ8) -> 1302 | BR9: =SUM(BR5:BR8) -> 46673 | BS9: =SUM(BS5:BS8) -> 5431 | BV9: المجموع | BX9: =SUM(BX5:BX8) -> 2410 | BY9: =SUM(BY5:BY8) -> 14312 | BZ9: =SUM(BZ5:BZ8) -> 7887 | CA9: =SUM(CA5:CA8) -> 17618 | CB9: =SUM(CB5:CB8) -> 3144 | CC9: =SUM(CC5:CC8) -> 1302 | CD9: =SUM(CD5:CD8) -> 46673 | CE9: =SUM(CE5:CE8) -> 5431 | CH9: المجموع | CJ9: =SUM(CJ5:CJ8) -> 2410 | CK9: =SUM(CK5:CK8) -> 14312 | CL9: =SUM(CL5:CL8) -> 7887 | CM9: =SUM(CM5:CM8) -> 17618 | CN9: =SUM(CN5:CN8) -> 3144 | CO9: =SUM(CO5:CO8) -> 1302 | CP9: =SUM(CP5:CP8) -> 46673 | CQ9: =SUM(CQ5:CQ8) -> 5431 | CT9: المجموع | CV9: =SUM(CV5:CV8) -> 2410 | CW9: =SUM(CW5:CW8) -> 14312 | CX9: =SUM(CX5:CX8) -> 7887 | CY9: =SUM(CY5:CY8) -> 17618 | CZ9: =SUM(CZ5:CZ8) -> 3144 | DA9: =SUM(DA5:DA8) -> 1302 | DB9: =SUM(DB5:DB8) -> 46673 | DC9: =SUM(DC5:DC8) -> 5431 | DF9: المجموع | DH9: =SUM(DH5:DH8) -> 0 | DI9: =SUM(DI5:DI8) -> 0 | DJ9: =SUM(DJ5:DJ8) -> 0 | DK9: =SUM(DK5:DK8) -> 0 | DL9: =SUM(DL5:DL8) -> 0 | DM9: =SUM(DM5:DM8) -> 0 | DN9: =SUM(DN5:DN8) -> 0 | DO9: =SUM(DO5:DO8) -> 0 | DR9: المجموع | DT9: =SUM(DT5:DT8) -> 0 | DU9: =SUM(DU5:DU8) -> 0 | DV9: =SUM(DV5:DV8) -> 0 | DW9: =SUM(DW5:DW8) -> 0 | DX9: =SUM(DX5:DX8) -> 0 | DY9: =SUM(DY5:DY8) -> 0 | DZ9: =SUM(DZ5:DZ8) -> 0 | EA9: =SUM(EA5:EA8) -> 0 | ED9: المجموع | EF9: =SUM(EF5:EF8) -> 0 | EG9: =SUM(EG5:EG8) -> 0 | EH9: =SUM(EH5:EH8) -> 0 | EI9: =SUM(EI5:EI8) -> 0 | EJ9: =SUM(EJ5:EJ8) -> 0 | EK9: =SUM(EK5:EK8) -> 0 | EL9: =SUM(EL5:EL8) -> 0 | EM9: =SUM(EM5:EM8) -> 0 | EP9: المجموع | ER9: =SUM(ER5:ER8) -> 0 | ES9: =SUM(ES5:ES8) -> 0 | ET9: =SUM(ET5:ET8) -> 0 | EU9: =SUM(EU5:EU8) -> 0 | EV9: =SUM(EV5:EV8) -> 0 | EW9: =SUM(EW5:EW8) -> 0 | EX9: =SUM(EX5:EX8) -> 0 | EY9: =SUM(EY5:EY8) -> 0
A10: الجامعة | B10: سعودي | C10: ذكر | D10: 57 | E10: 756 | F10: 3886 | G10: 10832 | H10: 1884 | I10: 1267 | J10: =SUM(D10:I10) -> 18682 | K10: 4366 | M10: الجامعة | N10: سعودي | O10: ذكر | P10: 57 | Q10: 756 | R10: 3886 | S10: 10832 | T10: 1884 | U10: 1267 | V10: =SUM(P10:U10) -> 18682 | W10: 4366 | Y10: الجامعة | Z10: سعودي | AA10: ذكر | AB10: 57 | AC10: 756 | AD10: 3886 | AE10: 10832 | AF10: 1884 | AG10: 1267 | AH10: =SUM(AB10:AG10) -> 18682 | AI10: 4366 | AK10: الجامعة | AL10: سعودي | AM10: ذكر | AN10: 57 | AO10: 756 | AP10: 3886 | AQ10: 10832 | AR10: 1884 | AS10: 1267 | AT10: =SUM(AN10:AS10) -> 18682 | AU10: 4366 | AW10: الجامعة | AX10: سعودي | AY10: ذكر | AZ10: 57 | BA10: 756 | BB10: 3886 | BC10: 10832 | BD10: 1884 | BE10: 1267 | BF10: =SUM(AZ10:BE10) -> 18682 | BG10: 4366 | BI10: الجامعة | BJ10: سعودي | BK10: ذكر | BL10: 57 | BM10: 756 | BN10: 3886 | BO10: 10832 | BP10: 1884 | BQ10: 1267 | BR10: =SUM(BL10:BQ10) -> 18682 | BS10: 4366 | BU10: الجامعة | BV10: سعودي | BW10: ذكر | BX10: 57 | BY10: 756 | BZ10: 3886 | CA10: 10832 | CB10: 1884 | CC10: 1267 | CD10: =SUM(BX10:CC10) -> 18682 | CE10: 4366 | CG10: الجامعة | CH10: سعودي | CI10: ذكر | CJ10: 57 | CK10: 756 | CL10: 3886 | CM10: 10832 | CN10: 1884 | CO10: 1267 | CP10: =SUM(CJ10:CO10) -> 18682 | CQ10: 4366 | CS10: الجامعة | CT10: سعودي | CU10: ذكر | CV10: 57 | CW10: 756 | CX10: 3886 | CY10: 10832 | CZ10: 1884 | DA10: 1267 | DB10: =SUM(CV10:DA10) -> 18682 | DC10: 4366 | DE10: الجامعة | DF10: سعودي | DG10: ذكر | DH10: 0 | DI10: 0 | DJ10: 0 | DK10: 0 | DL10: 0 | DM10: 0 | DN10: =SUM(DH10:DM10) -> 0 | DO10: 0 | DQ10: الجامعة | DR10: سعودي | DS10: ذكر | DT10: 0 | DU10: 0 | DV10: 0 | DW10: 0 | DX10: 0 | DY10: 0 | DZ10: =SUM(DT10:DY10) -> 0 | EA10: 0 | EC10: الجامعة | ED10: سعودي | EE10: ذكر | EF10: 0 | EG10: 0 | EH10: 0 | EI10: 0 | EJ10: 0 | EK10: 0 | EL10: =SUM(EF10:EK10) -> 0 | EM10: 0 | EO10: =EC10 -> الجامعة | EP10: سعودي | EQ10: ذكر | ER10: =SUM(EF10) -> 0 | ES10: =SUM(EG10) -> 0 | ET10: =SUM(EH10) -> 0 | EU10: =SUM(EI10) -> 0 | EV10: =SUM(EJ10) -> 0 | EW10: =SUM(EK10) -> 0 | EX10: =SUM(ER10:EW10) -> 0 | EY10: =SUM(EM10) -> 0
C11: أنثى | D11: 54 | E11: 598 | F11: 3948 | G11: 12090 | H11: 2299 | I11: 989 | J11: =SUM(D11:I11) -> 19978 | O11: أنثى | P11: 54 | Q11: 598 | R11: 3948 | S11: 12090 | T11: 2299 | U11: 989 | V11: =SUM(P11:U11) -> 19978 | AA11: أنثى | AB11: 54 | AC11: 598 | AD11: 3948 | AE11: 12090 | AF11: 2299 | AG11: 989 | AH11: =SUM(AB11:AG11) -> 19978 | AM11: أنثى | AN11: 54 | AO11: 598 | AP11: 3948 | AQ11: 12090 | AR11: 2299 | AS11: 989 | AT11: =SUM(AN11:AS11) -> 19978 | AY11: أنثى | AZ11: 54 | BA11: 598 | BB11: 3948 | BC11: 12090 | BD11: 2299 | BE11: 989 | BF11: =SUM(AZ11:BE11) -> 19978 | BK11: أنثى | BL11: 54 | BM11: 598 | BN11: 3948 | BO11: 12090 | BP11: 2299 | BQ11: 989 | BR11: =SUM(BL11:BQ11) -> 19978 | BW11: أنثى | BX11: 54 | BY11: 598 | BZ11: 3948 | CA11: 12090 | CB11: 2299 | CC11: 989 | CD11: =SUM(BX11:CC11) -> 19978 | CI11: أنثى | CJ11: 54 | CK11: 598 | CL11: 3948 | CM11: 12090 | CN11: 2299 | CO11: 989 | CP11: =SUM(CJ11:CO11) -> 19978 | CU11: أنثى | CV11: 54 | CW11: 598 | CX11: 3948 | CY11: 12090 | CZ11: 2299 | DA11: 989 | DB11: =SUM(CV11:DA11) -> 19978 | DG11: أنثى | DH11: 0 | DI11: 0 | DJ11: 0 | DK11: 0 | DL11: 0 | DM11: 0 | DN11: =SUM(DH11:DM11) -> 0 | DS11: أنثى | DT11: 0 | DU11: 0 | DV11: 0 | DW11: 0 | DX11: 0 | DY11: 0 | DZ11: =SUM(DT11:DY11) -> 0 | EE11: أنثى | EF11: 0 | EG11: 0 | EH11: 0 | EI11: 0 | EJ11: 0 | EK11: 0 | EL11: =SUM(EF11:EK11) -> 0 | EQ11: أنثى | ER11: =SUM(EF11) -> 0 | ES11: =SUM(EG11) -> 0 | ET11: =SUM(EH11) -> 0 | EU11: =SUM(EI11) -> 0 | EV11: =SUM(EJ11) -> 0 | EW11: =SUM(EK11) -> 0 | EX11: =SUM(ER11:EW11) -> 0
B12: غير | C12: ذكر | D12: 24 | E12: 40 | F12: 180 | G12: 511 | H12: 242 | I12: 59 | J12: =SUM(D12:I12) -> 1056 | K12: 2031 | N12: غير | O12: ذكر | P12: 24 | Q12: 40 | R12: 180 | S12: 511 | T12: 242 | U12: 59 | V12: =SUM(P12:U12) -> 1056 | W12: 2031 | Z12: غير | AA12: ذكر | AB12: 24 | AC12: 40 | AD12: 180 | AE12: 511 | AF12: 242 | AG12: 59 | AH12: =SUM(AB12:AG12) -> 1056 | AI12: 2031 | AL12: غير | AM12: ذكر | AN12: 24 | AO12: 40 | AP12: 180 | AQ12: 511 | AR12: 242 | AS12: 59 | AT12: =SUM(AN12:AS12) -> 1056 | AU12: 2031 | AX12: غير | AY12: ذكر | AZ12: 24 | BA12: 40 | BB12: 180 | BC12: 511 | BD12: 242 | BE12: 59 | BF12: =SUM(AZ12:BE12) -> 1056 | BG12: 2031 | BJ12: غير | BK12: ذكر | BL12: 24 | BM12: 40 | BN12: 180 | BO12: 511 | BP12: 242 | BQ12: 59 | BR12: =SUM(BL12:BQ12) -> 1056 | BS12: 2031 | BV12: غير | BW12: ذكر | BX12: 24 | BY12: 40 | BZ12: 180 | CA12: 511 | CB12: 242 | CC12: 59 | CD12: =SUM(BX12:CC12) -> 1056 | CE12: 2031 | CH12: غير | CI12: ذكر | CJ12: 24 | CK12: 40 | CL12: 180 | CM12: 511 | CN12: 242 | CO12: 59 | CP12: =SUM(CJ12:CO12) -> 1056 | CQ12: 2031 | CT12: غير | CU12: ذكر | CV12: 24 | CW12: 40 | CX12: 180 | CY12: 511 | CZ12: 242 | DA12: 59 | DB12: =SUM(CV12:DA12) -> 1056 | DC12: 2031 | DF12: غير | DG12: ذكر | DH12: 0 | DI12: 0 | DJ12: 0 | DK12: 0 | DL12: 0 | DM12: 0 | DN12: =SUM(DH12:DM12) -> 0 | DO12: 0 | DR12: غير | DS12: ذكر | DT12: 0 | DU12: 0 | DV12: 0 | DW12: 0 | DX12: 0 | DY12: 0 | DZ12: =SUM(DT12:DY12) -> 0 | EA12: 0 | ED12: غير | EE12: ذكر | EF12: 0 | EG12: 0 | EH12: 0 | EI12: 0 | EJ12: 0 | EK12: 0 | EL12: =SUM(EF12:EK12) -> 0 | EM12: 0 | EP12: غير | EQ12: ذكر | ER12: =SUM(EF12) -> 0 | ES12: =SUM(EG12) -> 0 | ET12: =SUM(EH12) -> 0 | EU12: =SUM(EI12) -> 0 | EV12: =SUM(EJ12) -> 0 | EW12: =SUM(EK12) -> 0 | EX12: =SUM(ER12:EW12) -> 0 | EY12: =SUM(EM12) -> 0
B13: سعودي | C13: أنثى | D13: 44 | E13: 64 | F13: 188 | G13: 710 | H13: 280 | I13: 50 | J13: =SUM(D13:I13) -> 1336 | N13: سعودي | O13: أنثى | P13: 44 | Q13: 64 | R13: 188 | S13: 710 | T13: 280 | U13: 50 | V13: =SUM(P13:U13) -> 1336 | Z13: سعودي | AA13: أنثى | AB13: 44 | AC13: 64 | AD13: 188 | AE13: 710 | AF13: 280 | AG13: 50 | AH13: =SUM(AB13:AG13) -> 1336 | AL13: سعودي | AM13: أنثى | AN13: 44 | AO13: 64 | AP13: 188 | AQ13: 710 | AR13: 280 | AS13: 50 | AT13: =SUM(AN13:AS13) -> 1336 | AX13: سعودي | AY13: أنثى | AZ13: 44 | BA13: 64 | BB13: 188 | BC13: 710 | BD13: 280 | BE13: 50 | BF13: =SUM(AZ13:BE13) -> 1336 | BJ13: سعودي | BK13: أنثى | BL13: 44 | BM13: 64 | BN13: 188 | BO13: 710 | BP13: 280 | BQ13: 50 | BR13: =SUM(BL13:BQ13) -> 1336 | BV13: سعودي | BW13: أنثى | BX13: 44 | BY13: 64 | BZ13: 188 | CA13: 710 | CB13: 280 | CC13: 50 | CD13: =SUM(BX13:CC13) -> 1336 | CH13: سعودي | CI13: أنثى | CJ13: 44 | CK13: 64 | CL13: 188 | CM13: 710 | CN13: 280 | CO13: 50 | CP13: =SUM(CJ13:CO13) -> 1336 | CT13: سعودي | CU13: أنثى | CV13: 44 | CW13: 64 | CX13: 188 | CY13: 710 | CZ13: 280 | DA13: 50 | DB13: =SUM(CV13:DA13) -> 1336 | DF13: سعودي | DG13: أنثى | DH13: 0 | DI13: 0 | DJ13: 0 | DK13: 0 | DL13: 0 | DM13: 0 | DN13: =SUM(DH13:DM13) -> 0 | DR13: سعودي | DS13: أنثى | DT13: 0 | DU13: 0 | DV13: 0 | DW13: 0 | DX13: 0 | DY13: 0 | DZ13: =SUM(DT13:DY13) -> 0 | ED13: سعودي | EE13: أنثى | EF13: 0 | EG13: 0 | EH13: 0 | EI13: 0 | EJ13: 0 | EK13: 0 | EL13: =SUM(EF13:EK13) -> 0 | EP13: سعودي | EQ13: أنثى | ER13: =SUM(EF13) -> 0 | ES13: =SUM(EG13) -> 0 | ET13: =SUM(EH13) -> 0 | EU13: =SUM(EI13) -> 0 | EV13: =SUM(EJ13) -> 0 | EW13: =SUM(EK13) -> 0 | EX13: =SUM(ER13:EW13) -> 0
B14: المجموع | D14: =SUM(D10:D13) -> 179 | E14: =SUM(E10:E13) -> 1458 | F14: =SUM(F10:F13) -> 8202 | G14: =SUM(G10:G13) -> 24143 | H14: =SUM(H10:H13) -> 4705 | I14: =SUM(I10:I13) -> 2365 | J14: =SUM(J10:J13) -> 41052 | K14: =SUM(K10:K13) -> 6397 | N14: المجموع | P14: =SUM(P10:P13) -> 179 | Q14: =SUM(Q10:Q13) -> 1458 | R14: =SUM(R10:R13) -> 8202 | S14: =SUM(S10:S13) -> 24143 | T14: =SUM(T10:T13) -> 4705 | U14: =SUM(U10:U13) -> 2365 | V14: =SUM(V10:V13) -> 41052 | W14: =SUM(W10:W13) -> 6397 | Z14: المجموع | AB14: =SUM(AB10:AB13) -> 179 | AC14: =SUM(AC10:AC13) -> 1458 | AD14: =SUM(AD10:AD13) -> 8202 | AE14: =SUM(AE10:AE13) -> 24143 | AF14: =SUM(AF10:AF13) -> 4705 | AG14: =SUM(AG10:AG13) -> 2365 | AH14: =SUM(AH10:AH13) -> 41052 | AI14: =SUM(AI10:AI13) -> 6397 | AL14: المجموع | AN14: =SUM(AN10:AN13) -> 179 | AO14: =SUM(AO10:AO13) -> 1458 | AP14: =SUM(AP10:AP13) -> 8202 | AQ14: =SUM(AQ10:AQ13) -> 24143 | AR14: =SUM(AR10:AR13) -> 4705 | AS14: =SUM(AS10:AS13) -> 2365 | AT14: =SUM(AT10:AT13) -> 41052 | AU14: =SUM(AU10:AU13) -> 6397 | AX14: المجموع | AZ14: =SUM(AZ10:AZ13) -> 179 | BA14: =SUM(BA10:BA13) -> 1458 | BB14: =SUM(BB10:BB13) -> 8202 | BC14: =SUM(BC10:BC13) -> 24143 | BD14: =SUM(BD10:BD13) -> 4705 | BE14: =SUM(BE10:BE13) -> 2365 | BF14: =SUM(BF10:BF13) -> 41052 | BG14: =SUM(BG10:BG13) -> 6397 | BJ14: المجموع | BL14: =SUM(BL10:BL13) -> 179 | BM14: =SUM(BM10:BM13) -> 1458 | BN14: =SUM(BN10:BN13) -> 8202 | BO14: =SUM(BO10:BO13) -> 24143 | BP14: =SUM(BP10:BP13) -> 4705 | BQ14: =SUM(BQ10:BQ13) -> 2365 | BR14: =SUM(BR10:BR13) -> 41052 | BS14: =SUM(BS10:BS13) -> 6397 | BV14: المجموع | BX14: =SUM(BX10:BX13) -> 179 | BY14: =SUM(BY10:BY13) -> 1458 | BZ14: =SUM(BZ10:BZ13) -> 8202 | CA14: =SUM(CA10:CA13) -> 24143 | CB14: =SUM(CB10:CB13) -> 4705 | CC14: =SUM(CC10:CC13) -> 2365 | CD14: =SUM(CD10:CD13) -> 41052 | CE14: =SUM(CE10:CE13) -> 6397 | CH14: المجموع | CJ14: =SUM(CJ10:CJ13) -> 179 | CK14: =SUM(CK10:CK13) -> 1458 | CL14: =SUM(CL10:CL13) -> 8202 | CM14: =SUM(CM10:CM13) -> 24143 | CN14: =SUM(CN10:CN13) -> 4705 | CO14: =SUM(CO10:CO13) -> 2365 | CP14: =SUM(CP10:CP13) -> 41052 | CQ14: =SUM(CQ10:CQ13) -> 6397 | CT14: المجموع | CV14: =SUM(CV10:CV13) -> 179 | CW14: =SUM(CW10:CW13) -> 1458 | CX14: =SUM(CX10:CX13) -> 8202 | CY14: =SUM(CY10:CY13) -> 24143 | CZ14: =SUM(CZ10:CZ13) -> 4705 | DA14: =SUM(DA10:DA13) -> 2365 | DB14: =SUM(DB10:DB13) -> 41052 | DC14: =SUM(DC10:DC13) -> 6397 | DF14: المجموع | DH14: =SUM(DH10:DH13) -> 0 | DI14: =SUM(DI10:DI13) -> 0 | DJ14: =SUM(DJ10:DJ13) -> 0 | DK14: =SUM(DK10:DK13) -> 0 | DL14: =SUM(DL10:DL13) -> 0 | DM14: =SUM(DM10:DM13) -> 0 | DN14: =SUM(DN10:DN13) -> 0 | DO14: =SUM(DO10:DO13) -> 0 | DR14: المجموع | DT14: =SUM(DT10:DT13) -> 0 | DU14: =SUM(DU10:DU13) -> 0 | DV14: =SUM(DV10:DV13) -> 0 | DW14: =SUM(DW10:DW13) -> 0 | DX14: =SUM(DX10:DX13) -> 0 | DY14: =SUM(DY10:DY13) -> 0 | DZ14: =SUM(DZ10:DZ13) -> 0 | EA14: =SUM(EA10:EA13) -> 0 | ED14: المجموع | EF14: =SUM(EF10:EF13) -> 0 | EG14: =SUM(EG10:EG13) -> 0 | EH14: =SUM(EH10:EH13) -> 0 | EI14: =SUM(EI10:EI13) -> 0 | EJ14: =SUM(EJ10:EJ13) -> 0 | EK14: =SUM(EK10:EK13) -> 0 | EL14: =SUM(EL10:EL13) -> 0 | EM14: =SUM(EM10:EM13) -> 0 | EP14: المجموع | ER14: =SUM(ER10:ER13) -> 0 | ES14: =SUM(ES10:ES13) -> 0 | ET14: =SUM(ET10:ET13) -> 0 | EU14: =SUM(EU10:EU13) -> 0 | EV14: =SUM(EV10:EV13) -> 0 | EW14: =SUM(EW10:EW13) -> 0 | EX14: =SUM(EX10:EX13) -> 0 | EY14: =SUM(EY10:EY13) -> 0
A15: السليمانية | B15: سعودي | C15: ذكر | D15: 2100 | E15: 285 | F15: 3445 | G15: 3175 | H15: 2572 | I15: 522 | J15: =SUM(D15:I15) -> 12099 | K15: 7560 | M15: السليمانية | N15: سعودي | O15: ذكر | P15: 2100+P15:U43 | Q15: 285 | R15: 3445 | S15: 3175 | T15: 2572 | U15: 522 | V15: =SUM(P15:U15) -> 9999 | W15: 7560 | Y15: السليمانية | Z15: سعودي | AA15: ذكر | AB15: 2100+P15:U43 | AC15: 285 | AD15: 3445 | AE15: 3175 | AF15: 2572 | AG15: 522 | AH15: =SUM(AB15:AG15) -> 9999 | AI15: 7560 | AK15: السليمانية | AL15: سعودي | AM15: ذكر | AN15: 2100+P15:U43 | AO15: 285 | AP15: 3445 | AQ15: 3175 | AR15: 2572 | AS15: 522 | AT15: =SUM(AN15:AS15) -> 9999 | AU15: 7560 | AW15: السليمانية | AX15: سعودي | AY15: ذكر | AZ15: 2100+P15:U43 | BA15: 285 | BB15: 3445 | BC15: 3175 | BD15: 2572 | BE15: 522 | BF15: =SUM(AZ15:BE15) -> 9999 | BG15: 7560 | BI15: السليمانية | BJ15: سعودي | BK15: ذكر | BL15: 2100+P15:U43 | BM15: 285 | BN15: 3445 | BO15: 3175 | BP15: 2572 | BQ15: 522 | BR15: =SUM(BL15:BQ15) -> 9999 | BS15: 7560 | BU15: السليمانية | BV15: سعودي | BW15: ذكر | BX15: 2100+P15:U43 | BY15: 285 | BZ15: 3445 | CA15: 3175 | CB15: 2572 | CC15: 522 | CD15: =SUM(BX15:CC15) -> 9999 | CE15: 7560 | CG15: السليمانية | CH15: سعودي | CI15: ذكر | CJ15: 2100+P15:U43 | CK15: 285 | CL15: 3445 | CM15: 3175 | CN15: 2572 | CO15: 522 | CP15: =SUM(CJ15:CO15) -> 9999 | CQ15: 7560 | CS15: السليمانية | CT15: سعودي | CU15: ذكر | CV15: 2100+P15:U43 | CW15: 285 | CX15: 3445 | CY15: 3175 | CZ15: 2572 | DA15: 522 | DB15: =SUM(CV15:DA15) -> 9999 | DC15: 7560 | DE15: السليمانية | DF15: سعودي | DG15: ذكر | DH15: 0 | DI15: 0 | DJ15: 0 | DK15: 0 | DL15: 0 | DM15: 0 | DN15: =SUM(DH15:DM15) -> 0 | DO15: 0 | DQ15: السليمانية | DR15: سعودي | DS15: ذكر | DT15: 0 | DU15: 0 | DV15: 0 | DW15: 0 | DX15: 0 | DY15: 0 | DZ15: =SUM(DT15:DY15) -> 0 | EA15: 0 | EC15: السليمانية | ED15: سعودي | EE15: ذكر | EF15: 0 | EG15: 0 | EH15: 0 | EI15: 0 | EJ15: 0 | EK15: 0 | EL15: =SUM(EF15:EK15) -> 0 | EM15: 0 | EO15: =EC15 -> السليمانية | EP15: سعودي | EQ15: ذكر | ER15: =SUM(EF15) -> 0 | ES15: =SUM(EG15) -> 0 | ET15: =SUM(EH15) -> 0 | EU15: =SUM(EI15) -> 0 | EV15: =SUM(EJ15) -> 0 | EW15: =SUM(EK15) -> 0 | EX15: =SUM(ER15:EW15) -> 0 | EY15: =SUM(EM15) -> 0
C16: أنثى | D16: 2251 | E16: 255 | F16: 3325 | G16: 3663 | H16: 211 | I16: 402 | J16: =SUM(D16:I16) -> 10107 | O16: أنثى | P16: 2251 | Q16: 255 | R16: 3325 | S16: 3663 | T16: 211 | U16: 402 | V16: =SUM(P16:U16) -> 10107 | AA16: أنثى | AB16: 2251 | AC16: 255 | AD16: 3325 | AE16: 3663 | AF16: 211 | AG16: 402 | AH16: =SUM(AB16:AG16) -> 10107 | AM16: أنثى | AN16: 2251 | AO16: 255 | AP16: 3325 | AQ16: 3663 | AR16: 211 | AS16: 402 | AT16: =SUM(AN16:AS16) -> 10107 | AY16: أنثى | AZ16: 2251 | BA16: 255 | BB16: 3325 | BC16: 3663 | BD16: 211 | BE16: 402 | BF16: =SUM(AZ16:BE16) -> 10107 | BK16: أنثى | BL16: 2251 | BM16: 255 | BN16: 3325 | BO16: 3663 | BP16: 211 | BQ16: 402 | BR16: =SUM(BL16:BQ16) -> 10107 | BW16: أنثى | BX16: 2251 | BY16: 255 | BZ16: 3325 | CA16: 3663 | CB16: 211 | CC16: 402 | CD16: =SUM(BX16:CC16) -> 10107 | CI16: أنثى | CJ16: 2251 | CK16: 255 | CL16: 3325 | CM16: 3663 | CN16: 211 | CO16: 402 | CP16: =SUM(CJ16:CO16) -> 10107 | CU16: أنثى | CV16: 2251 | CW16: 255 | CX16: 3325 | CY16: 3663 | CZ16: 211 | DA16: 402 | DB16: =SUM(CV16:DA16) -> 10107 | DG16: أنثى | DH16: 0 | DI16: 0 | DJ16: 0 | DK16: 0 | DL16: 0 | DM16: 0 | DN16: =SUM(DH16:DM16) -> 0 | DS16: أنثى | DT16: 0 | DU16: 0 | DV16: 0 | DW16: 0 | DX16: 0 | DY16: 0 | DZ16: =SUM(DT16:DY16) -> 0 | EE16: أنثى | EF16: 0 | EG16: 0 | EH16: 0 | EI16: 0 | EJ16: 0 | EK16: 0 | EL16: =SUM(EF16:EK16) -> 0 | EQ16: أنثى | ER16: =SUM(EF16) -> 0 | ES16: =SUM(EG16) -> 0 | ET16: =SUM(EH16) -> 0 | EU16: =SUM(EI16) -> 0 | EV16: =SUM(EJ16) -> 0 | EW16: =SUM(EK16) -> 0 | EX16: =SUM(ER16:EW16) -> 0
B17: غير | C17: ذكر | D17: 1247 | E17: 580 | F17: 241 | G17: 248 | H17: 411 | I17: 59 | J17: =SUM(D17:I17) -> 2786 | K17: 2980 | N17: غير | O17: ذكر | P17: 1247 | Q17: 580 | R17: 241 | S17: 248 | T17: 411 | U17: 59 | V17: =SUM(P17:U17) -> 2786 | W17: 2980 | Z17: غير | AA17: ذكر | AB17: 1247 | AC17: 580 | AD17: 241 | AE17: 248 | AF17: 411 | AG17: 59 | AH17: =SUM(AB17:AG17) -> 2786 | AI17: 2980 | AL17: غير | AM17: ذكر | AN17: 1247 | AO17: 580 | AP17: 241 | AQ17: 248 | AR17: 411 | AS17: 59 | AT17: =SUM(AN17:AS17) -> 2786 | AU17: 2980 | AX17: غير | AY17: ذكر | AZ17: 1247 | BA17: 580 | BB17: 241 | BC17: 248 | BD17: 411 | BE17: 59 | BF17: =SUM(AZ17:BE17) -> 2786 | BG17: 2980 | BJ17: غير | BK17: ذكر | BL17: 1247 | BM17: 580 | BN17: 241 | BO17: 248 | BP17: 411 | BQ17: 59 | BR17: =SUM(BL17:BQ17) -> 2786 | BS17: 2980 | BV17: غير | BW17: ذكر | BX17: 1247 | BY17: 580 | BZ17: 241 | CA17: 248 | CB17: 411 | CC17: 59 | CD17: =SUM(BX17:CC17) -> 2786 | CE17: 2980 | CH17: غير | CI17: ذكر | CJ17: 1247 | CK17: 580 | CL17: 241 | CM17: 248 | CN17: 411 | CO17: 59 | CP17: =SUM(CJ17:CO17) -> 2786 | CQ17: 2980 | CT17: غير | CU17: ذكر | CV17: 1247 | CW17: 580 | CX17: 241 | CY17: 248 | CZ17: 411 | DA17: 59 | DB17: =SUM(CV17:DA17) -> 2786 | DC17: 2980 | DF17: غير | DG17: ذكر | DH17: 0 | DI17: 0 | DJ17: 0 | DK17: 0 | DL17: 0 | DM17: 0 | DN17: =SUM(DH17:DM17) -> 0 | DO17: 0 | DR17: غير | DS17: ذكر | DT17: 0 | DU17: 0 | DV17: 0 | DW17: 0 | DX17: 0 | DY17: 0 | DZ17: =SUM(DT17:DY17) -> 0 | EA17: 0 | ED17: غير | EE17: ذكر | EF17: 0 | EG17: 0 | EH17: 0 | EI17: 0 | EJ17: 0 | EK17: 0 | EL17: =SUM(EF17:EK17) -> 0 | EM17: 0 | EP17: غير | EQ17: ذكر | ER17: =SUM(EF17) -> 0 | ES17: =SUM(EG17) -> 0 | ET17: =SUM(EH17) -> 0 | EU17: =SUM(EI17) -> 0 | EV17: =SUM(EJ17) -> 0 | EW17: =SUM(EK17) -> 0 | EX17: =SUM(ER17:EW17) -> 0 | EY17: =SUM(EM17) -> 0
B18: سعودي | C18: أنثى | D18: 975 | E18: 457 | F18: 288 | G18: 254 | H18: 254 | I18: 50 | J18: =SUM(D18:I18) -> 2278 | N18: سعودي | O18: أنثى | P18: 975 | Q18: 457 | R18: 288 | S18: 254 | T18: 254 | U18: 50 | V18: =SUM(P18:U18) -> 2278 | Z18: سعودي | AA18: أنثى | AB18: 975 | AC18: 457 | AD18: 288 | AE18: 254 | AF18: 254 | AG18: 50 | AH18: =SUM(AB18:AG18) -> 2278 | AL18: سعودي | AM18: أنثى | AN18: 975 | AO18: 457 | AP18: 288 | AQ18: 254 | AR18: 254 | AS18: 50 | AT18: =SUM(AN18:AS18) -> 2278 | AX18: سعودي | AY18: أنثى | AZ18: 975 | BA18: 457 | BB18: 288 | BC18: 254 | BD18: 254 | BE18: 50 | BF18: =SUM(AZ18:BE18) -> 2278 | BJ18: سعودي | BK18: أنثى | BL18: 975 | BM18: 457 | BN18: 288 | BO18: 254 | BP18: 254 | BQ18: 50 | BR18: =SUM(BL18:BQ18) -> 2278 | BV18: سعودي | BW18: أنثى | BX18: 975 | BY18: 457 | BZ18: 288 | CA18: 254 | CB18: 254 | CC18: 50 | CD18: =SUM(BX18:CC18) -> 2278 | CH18: سعودي | CI18: أنثى | CJ18: 975 | CK18: 457 | CL18: 288 | CM18: 254 | CN18: 254 | CO18: 50 | CP18: =SUM(CJ18:CO18) -> 2278 | CT18: سعودي | CU18: أنثى | CV18: 975 | CW18: 457 | CX18: 288 | CY18: 254 | CZ18: 254 | DA18: 50 | DB18: =SUM(CV18:DA18) -> 2278 | DF18: سعودي | DG18: أنثى | DH18: 0 | DI18: 0 | DJ18: 0 | DK18: 0 | DL18: 0 | DM18: 0 | DN18: =SUM(DH18:DM18) -> 0 | DR18: سعودي | DS18: أنثى | DT18: 0 | DU18: 0 | DV18: 0 | DW18: 0 | DX18: 0 | DY18: 0 | DZ18: =SUM(DT18:DY18) -> 0 | ED18: سعودي | EE18: أنثى | EF18: 0 | EG18: 0 | EH18: 0 | EI18: 0 | EJ18: 0 | EK18: 0 | EL18: =SUM(EF18:EK18) -> 0 | EP18: سعودي | EQ18: أنثى | ER18: =SUM(EF18) -> 0 | ES18: =SUM(EG18) -> 0 | ET18: =SUM(EH18) -> 0 | EU18: =SUM(EI18) -> 0 | EV18: =SUM(EJ18) -> 0 | EW18: =SUM(EK18) -> 0 | EX18: =SUM(ER18:EW18) -> 0
B19: المجموع | D19: =SUM(D15:D18) -> 6573 | E19: =SUM(E15:E18) -> 1577 | F19: =SUM(F15:F18) -> 7299 | G19: =SUM(G15:G18) -> 7340 | H19: =SUM(H15:H18) -> 3448 | I19: =SUM(I15:I18) -> 1033 | J19: =SUM(J15:J18) -> 27270 | K19: =SUM(K15:K18) -> 10540 | N19: المجموع | P19: =SUM(P15:P18) -> 4473 | Q19: =SUM(Q15:Q18) -> 1577 | R19: =SUM(R15:R18) -> 7299 | S19: =SUM(S15:S18) -> 7340 | T19: =SUM(T15:T18) -> 3448 | U19: =SUM(U15:U18) -> 1033 | V19: =SUM(V15:V18) -> 25170 | W19: =SUM(W15:W18) -> 10540 | Z19: المجموع | AB19: =SUM(AB15:AB18) -> 4473 | AC19: =SUM(AC15:AC18) -> 1577 | AD19: =SUM(AD15:AD18) -> 7299 | AE19: =SUM(AE15:AE18) -> 7340 | AF19: =SUM(AF15:AF18) -> 3448 | AG19: =SUM(AG15:AG18) -> 1033 | AH19: =SUM(AH15:AH18) -> 25170 | AI19: =SUM(AI15:AI18) -> 10540 | AL19: المجموع | AN19: =SUM(AN15:AN18) -> 4473 | AO19: =SUM(AO15:AO18) -> 1577 | AP19: =SUM(AP15:AP18) -> 7299 | AQ19: =SUM(AQ15:AQ18) -> 7340 | AR19: =SUM(AR15:AR18) -> 3448 | AS19: =SUM(AS15:AS18) -> 1033 | AT19: =SUM(AT15:AT18) -> 25170 | AU19: =SUM(AU15:AU18) -> 10540 | AX19: المجموع | AZ19: =SUM(AZ15:AZ18) -> 4473 | BA19: =SUM(BA15:BA18) -> 1577 | BB19: =SUM(BB15:BB18) -> 7299 | BC19: =SUM(BC15:BC18) -> 7340 | BD19: =SUM(BD15:BD18) -> 3448 | BE19: =SUM(BE15:BE18) -> 1033 | BF19: =SUM(BF15:BF18) -> 25170 | BG19: =SUM(BG15:BG18) -> 10540 | BJ19: المجموع | BL19: =SUM(BL15:BL18) -> 4473 | BM19: =SUM(BM15:BM18) -> 1577 | BN19: =SUM(BN15:BN18) -> 7299 | BO19: =SUM(BO15:BO18) -> 7340 | BP19: =SUM(BP15:BP18) -> 3448 | BQ19: =SUM(BQ15:BQ18) -> 1033 | BR19: =SUM(BR15:BR18) -> 25170 | BS19: =SUM(BS15:BS18) -> 10540 | BV19: المجموع | BX19: =SUM(BX15:BX18) -> 4473 | BY19: =SUM(BY15:BY18) -> 1577 | BZ19: =SUM(BZ15:BZ18) -> 7299 | CA19: =SUM(CA15:CA18) -> 7340 | CB19: =SUM(CB15:CB18) -> 3448 | CC19: =SUM(CC15:CC18) -> 1033 | CD19: =SUM(CD15:CD18) -> 25170 | CE19: =SUM(CE15:CE18) -> 10540 | CH19: المجموع | CJ19: =SUM(CJ15:CJ18) -> 4473 | CK19: =SUM(CK15:CK18) -> 1577 | CL19: =SUM(CL15:CL18) -> 7299 | CM19: =SUM(CM15:CM18) -> 7340 | CN19: =SUM(CN15:CN18) -> 3448 | CO19: =SUM(CO15:CO18) -> 1033 | CP19: =SUM(CP15:CP18) -> 25170 | CQ19: =SUM(CQ15:CQ18) -> 10540 | CT19: المجموع | CV19: =SUM(CV15:CV18) -> 4473 | CW19: =SUM(CW15:CW18) -> 1577 | CX19: =SUM(CX15:CX18) -> 7299 | CY19: =SUM(CY15:CY18) -> 7340 | CZ19: =SUM(CZ15:CZ18) -> 3448 | DA19: =SUM(DA15:DA18) -> 1033 | DB19: =SUM(DB15:DB18) -> 25170 | DC19: =SUM(DC15:DC18) -> 10540 | DF19: المجموع | DH19: =SUM(DH15:DH18) -> 0 | DI19: =SUM(DI15:DI18) -> 0 | DJ19: =SUM(DJ15:DJ18) -> 0 | DK19: =SUM(DK15:DK18) -> 0 | DL19: =SUM(DL15:DL18) -> 0 | DM19: =SUM(DM15:DM18) -> 0 | DN19: =SUM(DN15:DN18) -> 0 | DO19: =SUM(DO15:DO18) -> 0 | DR19: المجموع | DT19: =SUM(DT15:DT18) -> 0 | DU19: =SUM(DU15:DU18) -> 0 | DV19: =SUM(DV15:DV18) -> 0 | DW19: =SUM(DW15:DW18) -> 0 | DX19: =SUM(DX15:DX18) -> 0 | DY19: =SUM(DY15:DY18) -> 0 | DZ19: =SUM(DZ15:DZ18) -> 0 | EA19: =SUM(EA15:EA18) -> 0 | ED19: المجموع | EF19: =SUM(EF15:EF18) -> 0 | EG19: =SUM(EG15:EG18) -> 0 | EH19: =SUM(EH15:EH18) -> 0 | EI19: =SUM(EI15:EI18) -> 0 | EJ19: =SUM(EJ15:EJ18) -> 0 | EK19: =SUM(EK15:EK18) -> 0 | EL19: =SUM(EL15:EL18) -> 0 | EM19: =SUM(EM15:EM18) -> 0 | EP19: المجموع | ER19: =SUM(ER15:ER18) -> 0 | ES19: =SUM(ES15:ES18) -> 0 | ET19: =SUM(ET15:ET18) -> 0 | EU19: =SUM(EU15:EU18) -> 0 | EV19: =SUM(EV15:EV18) -> 0 | EW19: =SUM(EW15:EW18) -> 0 | EX19: =SUM(EX15:EX18) -> 0 | EY19: =SUM(EY15:EY18) -> 0
A20: المطار القديم | B20: سعودي | C20: ذكر | D20: 1977 | E20: 5121 | F20: 6530 | G20: 1970 | H20: 1876 | I20: 1100 | J20: =SUM(D20:I20) -> 18574 | K20: 12066 | M20: المطار القديم | N20: سعودي | O20: ذكر | P20: 1977 | Q20: 5121 | R20: 6530 | S20: 1970 | T20: 1876 | U20: 1100 | V20: =SUM(P20:U20) -> 18574 | W20: 12066 | Y20: المطار القديم | Z20: سعودي | AA20: ذكر | AB20: 1977 | AC20: 5121 | AD20: 6530 | AE20: 1970 | AF20: 1876 | AG20: 1100 | AH20: =SUM(AB20:AG20) -> 18574 | AI20: 12066 | AK20: المطار القديم | AL20: سعودي | AM20: ذكر | AN20: 1977 | AO20: 5121 | AP20: 6530 | AQ20: 1970 | AR20: 1876 | AS20: 1100 | AT20: =SUM(AN20:AS20) -> 18574 | AU20: 12066 | AW20: المطار القديم | AX20: سعودي | AY20: ذكر | AZ20: 1977 | BA20: 5121 | BB20: 6530 | BC20: 1970 | BD20: 1876 | BE20: 1100 | BF20: =SUM(AZ20:BE20) -> 18574 | BG20: 12066 | BI20: المطار القديم | BJ20: سعودي | BK20: ذكر | BL20: 1977 | BM20: 5121 | BN20: 6530 | BO20: 1970 | BP20: 1876 | BQ20: 1100 | BR20: =SUM(BL20:BQ20) -> 18574 | BS20: 12066 | BU20: المطار القديم | BV20: سعودي | BW20: ذكر | BX20: 1977 | BY20: 5121 | BZ20: 6530 | CA20: 1970 | CB20: 1876 | CC20: 1100 | CD20: =SUM(BX20:CC20) -> 18574 | CE20: 12066 | CG20: المطار القديم | CH20: سعودي | CI20: ذكر | CJ20: 1977 | CK20: 5121 | CL20: 6530 | CM20: 1970 | CN20: 1876 | CO20: 1100 | CP20: =SUM(CJ20:CO20) -> 18574 | CQ20: 12066 | CS20: المطار القديم | CT20: سعودي | CU20: ذكر | CV20: 1977 | CW20: 5121 | CX20: 6530 | CY20: 1970 | CZ20: 1876 | DA20: 1100 | DB20: =SUM(CV20:DA20) -> 18574 | DC20: 12066 | DE20: المطار القديم | DF20: سعودي | DG20: ذكر | DH20: 0 | DI20: 0 | DJ20: 0 | DK20: 0 | DL20: 0 | DM20: 0 | DN20: =SUM(DH20:DM20) -> 0 | DO20: 0 | DQ20: المطار القديم | DR20: سعودي | DS20: ذكر | DT20: 0 | DU20: 0 | DV20: 0 | DW20: 0 | DX20: 0 | DY20: 0 | DZ20: =SUM(DT20:DY20) -> 0 | EA20: 0 | EC20: المطار القديم | ED20: سعودي | EE20: ذكر | EF20: 0 | EG20: 0 | EH20: 0 | EI20: 0 | EJ20: 0 | EK20: 0 | EL20: =SUM(EF20:EK20) -> 0 | EM20: 0 | EO20: =EC20 -> المطار القديم | EP20: سعودي | EQ20: ذكر | ER20: =SUM(EF20) -> 0 | ES20: =SUM(EG20) -> 0 | ET20: =SUM(EH20) -> 0 | EU20: =SUM(EI20) -> 0 | EV20: =SUM(EJ20) -> 0 | EW20: =SUM(EK20) -> 0 | EX20: =SUM(ER20:EW20) -> 0 | EY20: =SUM(EM20) -> 0
C21: أنثى | D21: 876 | E21: 8976 | F21: 6500 | G21: 1100 | H21: 1400 | I21: 877 | J21: =SUM(D21:I21) -> 19729 | O21: أنثى | P21: 876 | Q21: 8976 | R21: 6500 | S21: 1100 | T21: 1400 | U21: 877 | V21: =SUM(P21:U21) -> 19729 | AA21: أنثى | AB21: 876 | AC21: 8976 | AD21: 6500 | AE21: 1100 | AF21: 1400 | AG21: 877 | AH21: =SUM(AB21:AG21) -> 19729 | AM21: أنثى | AN21: 876 | AO21: 8976 | AP21: 6500 | AQ21: 1100 | AR21: 1400 | AS21: 877 | AT21: =SUM(AN21:AS21) -> 19729 | AY21: أنثى | AZ21: 876 | BA21: 8976 | BB21: 6500 | BC21: 1100 | BD21: 1400 | BE21: 877 | BF21: =SUM(AZ21:BE21) -> 19729 | BK21: أنثى | BL21: 876 | BM21: 8976 | BN21: 6500 | BO21: 1100 | BP21: 1400 | BQ21: 877 | BR21: =SUM(BL21:BQ21) -> 19729 | BW21: أنثى | BX21: 876 | BY21: 8976 | BZ21: 6500 | CA21: 1100 | CB21: 1400 | CC21: 877 | CD21: =SUM(BX21:CC21) -> 19729 | CI21: أنثى | CJ21: 876 | CK21: 8976 | CL21: 6500 | CM21: 1100 | CN21: 1400 | CO21: 877 | CP21: =SUM(CJ21:CO21) -> 19729 | CU21: أنثى | CV21: 876 | CW21: 8976 | CX21: 6500 | CY21: 1100 | CZ21: 1400 | DA21: 877 | DB21: =SUM(CV21:DA21) -> 19729 | DG21: أنثى | DH21: 0 | DI21: 0 | DJ21: 0 | DK21: 0 | DL21: 0 | DM21: 0 | DN21: =SUM(DH21:DM21) -> 0 | DS21: أنثى | DT21: 0 | DU21: 0 | DV21: 0 | DW21: 0 | DX21: 0 | DY21: 0 | DZ21: =SUM(DT21:DY21) -> 0 | EE21: أنثى | EF21: 0 | EG21: 0 | EH21: 0 | EI21: 0 | EJ21: 0 | EK21: 0 | EL21: =SUM(EF21:EK21) -> 0 | EQ21: أنثى | ER21: =SUM(EF21) -> 0 | ES21: =SUM(EG21) -> 0 | ET21: =SUM(EH21) -> 0 | EU21: =SUM(EI21) -> 0 | EV21: =SUM(EJ21) -> 0 | EW21: =SUM(EK21) -> 0 | EX21: =SUM(ER21:EW21) -> 0
B22: غير | C22: ذكر | D22: 76 | E22: 89 | F22: 878 | G22: 1200 | H22: 387 | I22: 20 | J22: =SUM(D22:I22) -> 2650 | K22: 160 | N22: غير | O22: ذكر | P22: 76 | Q22: 89 | R22: 878 | S22: 1200 | T22: 387 | U22: 20 | V22: =SUM(P22:U22) -> 2650 | W22: 160 | Z22: غير | AA22: ذكر | AB22: 76 | AC22: 89 | AD22: 878 | AE22: 1200 | AF22: 387 | AG22: 20 | AH22: =SUM(AB22:AG22) -> 2650 | AI22: 160 | AL22: غير | AM22: ذكر | AN22: 76 | AO22: 89 | AP22: 878 | AQ22: 1200 | AR22: 387 | AS22: 20 | AT22: =SUM(AN22:AS22) -> 2650 | AU22: 160 | AX22: غير | AY22: ذكر | AZ22: 76 | BA22: 89 | BB22: 878 | BC22: 1200 | BD22: 387 | BE22: 20 | BF22: =SUM(AZ22:BE22) -> 2650 | BG22: 160 | BJ22: غير | BK22: ذكر | BL22: 76 | BM22: 89 | BN22: 878 | BO22: 1200 | BP22: 387 | BQ22: 20 | BR22: =SUM(BL22:BQ22) -> 2650 | BS22: 160 | BV22: غير | BW22: ذكر | BX22: 76 | BY22: 89 | BZ22: 878 | CA22: 1200 | CB22: 387 | CC22: 20 | CD22: =SUM(BX22:CC22) -> 2650 | CE22: 160 | CH22: غير | CI22: ذكر | CJ22: 76 | CK22: 89 | CL22: 878 | CM22: 1200 | CN22: 387 | CO22: 20 | CP22: =SUM(CJ22:CO22) -> 2650 | CQ22: 160 | CT22: غير | CU22: ذكر | CV22: 76 | CW22: 89 | CX22: 878 | CY22: 1200 | CZ22: 387 | DA22: 20 | DB22: =SUM(CV22:DA22) -> 2650 | DC22: 160 | DF22: غير | DG22: ذكر | DH22: 0 | DI22: 0 | DJ22: 0 | DK22: 0 | DL22: 0 | DM22: 0 | DN22: =SUM(DH22:DM22) -> 0 | DO22: 0 | DR22: غير | DS22: ذكر | DT22: 0 | DU22: 0 | DV22: 0 | DW22: 0 | DX22: 0 | DY22: 0 | DZ22: =SUM(DT22:DY22) -> 0 | EA22: 0 | ED22: غير | EE22: ذكر | EF22: 0 | EG22: 0 | EH22: 0 | EI22: 0 | EJ22: 0 | EK22: 0 | EL22: =SUM(EF22:EK22) -> 0 | EM22: 0 | EP22: غير | EQ22: ذكر | ER22: =SUM(EF22) -> 0 | ES22: =SUM(EG22) -> 0 | ET22: =SUM(EH22) -> 0 | EU22: =SUM(EI22) -> 0 | EV22: =SUM(EJ22) -> 0 | EW22: =SUM(EK22) -> 0 | EX22: =SUM(ER22:EW22) -> 0 | EY22: =SUM(EM22) -> 0
B23: سعودي | C23: أنثى | D23: 54 | E23: 189 | F23: 879 | G23: 1066 | H23: 106 | I23: 12 | J23: =SUM(D23:I23) -> 2306 | N23: سعودي | O23: أنثى | P23: 54 | Q23: 189 | R23: 879 | S23: 1066 | T23: 106 | U23: 12 | V23: =SUM(P23:U23) -> 2306 | Z23: سعودي | AA23: أنثى | AB23: 54 | AC23: 189 | AD23: 879 | AE23: 1066 | AF23: 106 | AG23: 12 | AH23: =SUM(AB23:AG23) -> 2306 | AL23: سعودي | AM23: أنثى | AN23: 54 | AO23: 189 | AP23: 879 | AQ23: 1066 | AR23: 106 | AS23: 12 | AT23: =SUM(AN23:AS23) -> 2306 | AX23: سعودي | AY23: أنثى | AZ23: 54 | BA23: 189 | BB23: 879 | BC23: 1066 | BD23: 106 | BE23: 12 | BF23: =SUM(AZ23:BE23) -> 2306 | BJ23: سعودي | BK23: أنثى | BL23: 54 | BM23: 189 | BN23: 879 | BO23: 1066 | BP23: 106 | BQ23: 12 | BR23: =SUM(BL23:BQ23) -> 2306 | BV23: سعودي | BW23: أنثى | BX23: 54 | BY23: 189 | BZ23: 879 | CA23: 1066 | CB23: 106 | CC23: 12 | CD23: =SUM(BX23:CC23) -> 2306 | CH23: سعودي | CI23: أنثى | CJ23: 54 | CK23: 189 | CL23: 879 | CM23: 1066 | CN23: 106 | CO23: 12 | CP23: =SUM(CJ23:CO23) -> 2306 | CT23: سعودي | CU23: أنثى | CV23: 54 | CW23: 189 | CX23: 879 | CY23: 1066 | CZ23: 106 | DA23: 12 | DB23: =SUM(CV23:DA23) -> 2306 | DF23: سعودي | DG23: أنثى | DH23: 0 | DI23: 0 | DJ23: 0 | DK23: 0 | DL23: 0 | DM23: 0 | DN23: =SUM(DH23:DM23) -> 0 | DR23: سعودي | DS23: أنثى | DT23: 0 | DU23: 0 | DV23: 0 | DW23: 0 | DX23: 0 | DY23: 0 | DZ23: =SUM(DT23:DY23) -> 0 | ED23: سعودي | EE23: أنثى | EF23: 0 | EG23: 0 | EH23: 0 | EI23: 0 | EJ23: 0 | EK23: 0 | EL23: =SUM(EF23:EK23) -> 0 | EP23: سعودي | EQ23: أنثى | ER23: =SUM(EF23) -> 0 | ES23: =SUM(EG23) -> 0 | ET23: =SUM(EH23) -> 0 | EU23: =SUM(EI23) -> 0 | EV23: =SUM(EJ23) -> 0 | EW23: =SUM(EK23) -> 0 | EX23: =SUM(ER23:EW23) -> 0
B24: المجموع | D24: =SUM(D20:D23) -> 2983 | E24: =SUM(E20:E23) -> 14375 | F24: =SUM(F20:F23) -> 14787 | G24: =SUM(G20:G23) -> 5336 | H24: =SUM(H20:H23) -> 3769 | I24: =SUM(I20:I23) -> 2009 | J24: =SUM(J20:J23) -> 43259 | K24: =SUM(K20:K23) -> 12226 | N24: المجموع | P24: =SUM(P20:P23) -> 2983 | Q24: =SUM(Q20:Q23) -> 14375 | R24: =SUM(R20:R23) -> 14787 | S24: =SUM(S20:S23) -> 5336 | T24: =SUM(T20:T23) -> 3769 | U24: =SUM(U20:U23) -> 2009 | V24: =SUM(V20:V23) -> 43259 | W24: =SUM(W20:W23) -> 12226 | Z24: المجموع | AB24: =SUM(AB20:AB23) -> 2983 | AC24: =SUM(AC20:AC23) -> 14375 | AD24: =SUM(AD20:AD23) -> 14787 | AE24: =SUM(AE20:AE23) -> 5336 | AF24: =SUM(AF20:AF23) -> 3769 | AG24: =SUM(AG20:AG23) -> 2009 | AH24: =SUM(AH20:AH23) -> 43259 | AI24: =SUM(AI20:AI23) -> 12226 | AL24: المجموع | AN24: =SUM(AN20:AN23) -> 2983 | AO24: =SUM(AO20:AO23) -> 14375 | AP24: =SUM(AP20:AP23) -> 14787 | AQ24: =SUM(AQ20:AQ23) -> 5336 | AR24: =SUM(AR20:AR23) -> 3769 | AS24: =SUM(AS20:AS23) -> 2009 | AT24: =SUM(AT20:AT23) -> 43259 | AU24: =SUM(AU20:AU23) -> 12226 | AX24: المجموع | AZ24: =SUM(AZ20:AZ23) -> 2983 | BA24: =SUM(BA20:BA23) -> 14375 | BB24: =SUM(BB20:BB23) -> 14787 | BC24: =SUM(BC20:BC23) -> 5336 | BD24: =SUM(BD20:BD23) -> 3769 | BE24: =SUM(BE20:BE23) -> 2009 | BF24: =SUM(BF20:BF23) -> 43259 | BG24: =SUM(BG20:BG23) -> 12226 | BJ24: المجموع | BL24: =SUM(BL20:BL23) -> 2983 | BM24: =SUM(BM20:BM23) -> 14375 | BN24: =SUM(BN20:BN23) -> 14787 | BO24: =SUM(BO20:BO23) -> 5336 | BP24: =SUM(BP20:BP23) -> 3769 | BQ24: =SUM(BQ20:BQ23) -> 2009 | BR24: =SUM(BR20:BR23) -> 43259 | BS24: =SUM(BS20:BS23) -> 12226 | BV24: المجموع | BX24: =SUM(BX20:BX23) -> 2983 | BY24: =SUM(BY20:BY23) -> 14375 | BZ24: =SUM(BZ20:BZ23) -> 14787 | CA24: =SUM(CA20:CA23) -> 5336 | CB24: =SUM(CB20:CB23) -> 3769 | CC24: =SUM(CC20:CC23) -> 2009 | CD24: =SUM(CD20:CD23) -> 43259 | CE24: =SUM(CE20:CE23) -> 12226 | CH24: المجموع | CJ24: =SUM(CJ20:CJ23) -> 2983 | CK24: =SUM(CK20:CK23) -> 14375 | CL24: =SUM(CL20:CL23) -> 14787 | CM24: =SUM(CM20:CM23) -> 5336 | CN24: =SUM(CN20:CN23) -> 3769 | CO24: =SUM(CO20:CO23) -> 2009 | CP24: =SUM(CP20:CP23) -> 43259 | CQ24: =SUM(CQ20:CQ23) -> 12226 | CT24: المجموع | CV24: =SUM(CV20:CV23) -> 2983 | CW24: =SUM(CW20:CW23) -> 14375 | CX24: =SUM(CX20:CX23) -> 14787 | CY24: =SUM(CY20:CY23) -> 5336 | CZ24: =SUM(CZ20:CZ23) -> 3769 | DA24: =SUM(DA20:DA23) -> 2009 | DB24: =SUM(DB20:DB23) -> 43259 | DC24: =SUM(DC20:DC23) -> 12226 | DF24: المجموع | DH24: =SUM(DH20:DH23) -> 0 | DI24: =SUM(DI20:DI23) -> 0 | DJ24: =SUM(DJ20:DJ23) -> 0 | DK24: =SUM(DK20:DK23) -> 0 | DL24: =SUM(DL20:DL23) -> 0 | DM24: =SUM(DM20:DM23) -> 0 | DN24: =SUM(DN20:DN23) -> 0 | DO24: =SUM(DO20:DO23) -> 0 | DR24: المجموع | DT24: =SUM(DT20:DT23) -> 0 | DU24: =SUM(DU20:DU23) -> 0 | DV24: =SUM(DV20:DV23) -> 0 | DW24: =SUM(DW20:DW23) -> 0 | DX24: =SUM(DX20:DX23) -> 0 | DY24: =SUM(DY20:DY23) -> 0 | DZ24: =SUM(DZ20:DZ23) -> 0 | EA24: =SUM(EA20:EA23) -> 0 | ED24: المجموع | EF24: =SUM(EF20:EF23) -> 0 | EG24: =SUM(EG20:EG23) -> 0 | EH24: =SUM(EH20:EH23) -> 0 | EI24: =SUM(EI20:EI23) -> 0 | EJ24: =SUM(EJ20:EJ23) -> 0 | EK24: =SUM(EK20:EK23) -> 0 | EL24: =SUM(EL20:EL23) -> 0 | EM24: =SUM(EM20:EM23) -> 0 | EP24: المجموع | ER24: =SUM(ER20:ER23) -> 0 | ES24: =SUM(ES20:ES23) -> 0 | ET24: =SUM(ET20:ET23) -> 0 | EU24: =SUM(EU20:EU23) -> 0 | EV24: =SUM(EV20:EV23) -> 0 | EW24: =SUM(EW20:EW23) -> 0 | EX24: =SUM(EX20:EX23) -> 0 | EY24: =SUM(EY20:EY23) -> 0
A25: الروابي | B25: سعودي | C25: ذكر | D25: 0 | E25: 0 | F25: 0 | G25: 0 | H25: 0 | I25: 0 | J25: =SUM(D25:I25) -> 0 | K25: 0 | M25: الروابي | N25: سعودي | O25: ذكر | P25: 0 | Q25: 0 | R25: 0 | S25: 0 | T25: 0 | U25: 0 | V25: =SUM(P25:U25) -> 0 | W25: 0 | Y25: الروابي | Z25: سعودي | AA25: ذكر | AB25: 0 | AC25: 0 | AD25: 0 | AE25: 0 | AF25: 0 | AG25: 0 | AH25: =SUM(AB25:AG25) -> 0 | AI25: 0 | AK25: الروابي | AL25: سعودي | AM25: ذكر | AN25: 0 | AO25: 0 | AP25: 0 | AQ25: 0 | AR25: 0 | AS25: 0 | AT25: =SUM(AN25:AS25) -> 0 | AU25: 0 | AW25: الروابي | AX25: سعودي | AY25: ذكر | AZ25: 0 | BA25: 0 | BB25: 0 | BC25: 0 | BD25: 0 | BE25: 0 | BF25: =SUM(AZ25:BE25) -> 0 | BG25: 0 | BI25: الروابي | BJ25: سعودي | BK25: ذكر | BL25: 0 | BM25: 0 | BN25: 0 | BO25: 0 | BP25: 0 | BQ25: 0 | BR25: =SUM(BL25:BQ25) -> 0 | BS25: 0 | BU25: الروابي | BV25: سعودي | BW25: ذكر | BX25: 0 | BY25: 0 | BZ25: 0 | CA25: 0 | CB25: 0 | CC25: 0 | CD25: =SUM(BX25:CC25) -> 0 | CE25: 0 | CG25: الروابي | CH25: سعودي | CI25: ذكر | CJ25: 0 | CK25: 0 | CL25: 0 | CM25: 0 | CN25: 0 | CO25: 0 | CP25: =SUM(CJ25:CO25) -> 0 | CQ25: 0 | CS25: الروابي | CT25: سعودي | CU25: ذكر | CV25: 0 | CW25: 0 | CX25: 0 | CY25: 0 | CZ25: 0 | DA25: 0 | DB25: =SUM(CV25:DA25) -> 0 | DC25: 0 | DE25: الروابي | DF25: سعودي | DG25: ذكر | DH25: 0 | DI25: 0 | DJ25: 0 | DK25: 0 | DL25: 0 | DM25: 0 | DN25: =SUM(DH25:DM25) -> 0 | DO25: 0 | DQ25: الروابي | DR25: سعودي | DS25: ذكر | DT25: 0 | DU25: 0 | DV25: 0 | DW25: 0 | DX25: 0 | DY25: 0 | DZ25: =SUM(DT25:DY25) -> 0 | EA25: 0 | EC25: الروابي | ED25: سعودي | EE25: ذكر | EF25: 0 | EG25: 0 | EH25: 0 | EI25: 0 | EJ25: 0 | EK25: 0 | EL25: =SUM(EF25:EK25) -> 0 | EM25: 0 | EO25: =EC25 -> الروابي | EP25: سعودي | EQ25: ذكر | ER25: =SUM(EF25) -> 0 | ES25: =SUM(EG25) -> 0 | ET25: =SUM(EH25) -> 0 | EU25: =SUM(EI25) -> 0 | EV25: =SUM(EJ25) -> 0 | EW25: =SUM(EK25) -> 0 | EX25: =SUM(ER25:EW25) -> 0 | EY25: =SUM(EM25) -> 0
C26: أنثى | D26: 0 | E26: 0 | F26: 0 | G26: 0 | H26: 0 | I26: 0 | J26: =SUM(D26:I26) -> 0 | O26: أنثى | P26: 0 | Q26: 0 | R26: 0 | S26: 0 | T26: 0 | U26: 0 | V26: =SUM(P26:U26) -> 0 | AA26: أنثى | AB26: 0 | AC26: 0 | AD26: 0 | AE26: 0 | AF26: 0 | AG26: 0 | AH26: =SUM(AB26:AG26) -> 0 | AM26: أنثى | AN26: 0 | AO26: 0 | AP26: 0 | AQ26: 0 | AR26: 0 | AS26: 0 | AT26: =SUM(AN26:AS26) -> 0 | AY26: أنثى | AZ26: 0 | BA26: 0 | BB26: 0 | BC26: 0 | BD26: 0 | BE26: 0 | BF26: =SUM(AZ26:BE26) -> 0 | BK26: أنثى | BL26: 0 | BM26: 0 | BN26: 0 | BO26: 0 | BP26: 0 | BQ26: 0 | BR26: =SUM(BL26:BQ26) -> 0 | BW26: أنثى | BX26: 0 | BY26: 0 | BZ26: 0 | CA26: 0 | CB26: 0 | CC26: 0 | CD26: =SUM(BX26:CC26) -> 0 | CI26: أنثى | CJ26: 0 | CK26: 0 | CL26: 0 | CM26: 0 | CN26: 0 | CO26: 0 | CP26: =SUM(CJ26:CO26) -> 0 | CU26: أنثى | CV26: 0 | CW26: 0 | CX26: 0 | CY26: 0 | CZ26: 0 | DA26: 0 | DB26: =SUM(CV26:DA26) -> 0 | DG26: أنثى | DH26: 0 | DI26: 0 | DJ26: 0 | DK26: 0 | DL26: 0 | DM26: 0 | DN26: =SUM(DH26:DM26) -> 0 | DS26: أنثى | DT26: 0 | DU26: 0 | DV26: 0 | DW26: 0 | DX26: 0 | DY26: 0 | DZ26: =SUM(DT26:DY26) -> 0 | EE26: أنثى | EF26: 0 | EG26: 0 | EH26: 0 | EI26: 0 | EJ26: 0 | EK26: 0 | EL26: =SUM(EF26:EK26) -> 0 | EQ26: أنثى | ER26: =SUM(EF26) -> 0 | ES26: =SUM(EG26) -> 0 | ET26: =SUM(EH26) -> 0 | EU26: =SUM(EI26) -> 0 | EV26: =SUM(EJ26) -> 0 | EW26: =SUM(EK26) -> 0 | EX26: =SUM(ER26:EW26) -> 0
B27: غير | C27: ذكر | D27: 0 | E27: 0 | F27: 0 | G27: 0 | H27: 0 | I27: 0 | J27: =SUM(D27:I27) -> 0 | K27: 0 | N27: غير | O27: ذكر | P27: 0 | Q27: 0 | R27: 0 | S27: 0 | T27: 0 | U27: 0 | V27: =SUM(P27:U27) -> 0 | W27: 0 | Z27: غير | AA27: ذكر | AB27: 0 | AC27: 0 | AD27: 0 | AE27: 0 | AF27: 0 | AG27: 0 | AH27: =SUM(AB27:AG27) -> 0 | AI27: 0 | AL27: غير | AM27: ذكر | AN27: 0 | AO27: 0 | AP27: 0 | AQ27: 0 | AR27: 0 | AS27: 0 | AT27: =SUM(AN27:AS27) -> 0 | AU27: 0 | AX27: غير | AY27: ذكر | AZ27: 0 | BA27: 0 | BB27: 0 | BC27: 0 | BD27: 0 | BE27: 0 | BF27: =SUM(AZ27:BE27) -> 0 | BG27: 0 | BJ27: غير | BK27: ذكر | BL27: 0 | BM27: 0 | BN27: 0 | BO27: 0 | BP27: 0 | BQ27: 0 | BR27: =SUM(BL27:BQ27) -> 0 | BS27: 0 | BV27: غير | BW27: ذكر | BX27: 0 | BY27: 0 | BZ27: 0 | CA27: 0 | CB27: 0 | CC27: 0 | CD27: =SUM(BX27:CC27) -> 0 | CE27: 0 | CH27: غير | CI27: ذكر | CJ27: 0 | CK27: 0 | CL27: 0 | CM27: 0 | CN27: 0 | CO27: 0 | CP27: =SUM(CJ27:CO27) -> 0 | CQ27: 0 | CT27: غير | CU27: ذكر | CV27: 0 | CW27: 0 | CX27: 0 | CY27: 0 | CZ27: 0 | DA27: 0 | DB27: =SUM(CV27:DA27) -> 0 | DC27: 0 | DF27: غير | DG27: ذكر | DH27: 0 | DI27: 0 | DJ27: 0 | DK27: 0 | DL27: 0 | DM27: 0 | DN27: =SUM(DH27:DM27) -> 0 | DO27: 0 | DR27: غير | DS27: ذكر | DT27: 0 | DU27: 0 | DV27: 0 | DW27: 0 | DX27: 0 | DY27: 0 | DZ27: =SUM(DT27:DY27) -> 0 | EA27: 0 | ED27: غير | EE27: ذكر | EF27: 0 | EG27: 0 | EH27: 0 | EI27: 0 | EJ27: 0 | EK27: 0 | EL27: =SUM(EF27:EK27) -> 0 | EM27: 0 | EP27: غير | EQ27: ذكر | ER27: =SUM(EF27) -> 0 | ES27: =SUM(EG27) -> 0 | ET27: =SUM(EH27) -> 0 | EU27: =SUM(EI27) -> 0 | EV27: =SUM(EJ27) -> 0 | EW27: =SUM(EK27) -> 0 | EX27: =SUM(ER27:EW27) -> 0 | EY27: =SUM(EM27) -> 0
B28: سعودي | C28: أنثى | D28: 0 | E28: 0 | F28: 0 | G28: 0 | H28: 0 | I28: 0 | J28: =SUM(D28:I28) -> 0 | N28: سعودي | O28: أنثى | P28: 0 | Q28: 0 | R28: 0 | S28: 0 | T28: 0 | U28: 0 | V28: =SUM(P28:U28) -> 0 | Z28: سعودي | AA28: أنثى | AB28: 0 | AC28: 0 | AD28: 0 | AE28: 0 | AF28: 0 | AG28: 0 | AH28: =SUM(AB28:AG28) -> 0 | AL28: سعودي | AM28: أنثى | AN28: 0 | AO28: 0 | AP28: 0 | AQ28: 0 | AR28: 0 | AS28: 0 | AT28: =SUM(AN28:AS28) -> 0 | AX28: سعودي | AY28: أنثى | AZ28: 0 | BA28: 0 | BB28: 0 | BC28: 0 | BD28: 0 | BE28: 0 | BF28: =SUM(AZ28:BE28) -> 0 | BJ28: سعودي | BK28: أنثى | BL28: 0 | BM28: 0 | BN28: 0 | BO28: 0 | BP28: 0 | BQ28: 0 | BR28: =SUM(BL28:BQ28) -> 0 | BV28: سعودي | BW28: أنثى | BX28: 0 | BY28: 0 | BZ28: 0 | CA28: 0 | CB28: 0 | CC28: 0 | CD28: =SUM(BX28:CC28) -> 0 | CH28: سعودي | CI28: أنثى | CJ28: 0 | CK28: 0 | CL28: 0 | CM28: 0 | CN28: 0 | CO28: 0 | CP28: =SUM(CJ28:CO28) -> 0 | CT28: سعودي | CU28: أنثى | CV28: 0 | CW28: 0 | CX28: 0 | CY28: 0 | CZ28: 0 | DA28: 0 | DB28: =SUM(CV28:DA28) -> 0 | DF28: سعودي | DG28: أنثى | DH28: 0 | DI28: 0 | DJ28: 0 | DK28: 0 | DL28: 0 | DM28: 0 | DN28: =SUM(DH28:DM28) -> 0 | DR28: سعودي | DS28: أنثى | DT28: 0 | DU28: 0 | DV28: 0 | DW28: 0 | DX28: 0 | DY28: 0 | DZ28: =SUM(DT28:DY28) -> 0 | ED28: سعودي | EE28: أنثى | EF28: 0 | EG28: 0 | EH28: 0 | EI28: 0 | EJ28: 0 | EK28: 0 | EL28: =SUM(EF28:EK28) -> 0 | EP28: سعودي | EQ28: أنثى | ER28: =SUM(EF28) -> 0 | ES28: =SUM(EG28) -> 0 | ET28: =SUM(EH28) -> 0 | EU28: =SUM(EI28) -> 0 | EV28: =SUM(EJ28) -> 0 | EW28: =SUM(EK28) -> 0 | EX28: =SUM(ER28:EW28) -> 0
B29: المجموع | D29: =SUM(D25:D28) -> 0 | E29: =SUM(E25:E28) -> 0 | F29: =SUM(F25:F28) -> 0 | G29: =SUM(G25:G28) -> 0 | H29: =SUM(H25:H28) -> 0 | I29: =SUM(I25:I28) -> 0 | J29: =SUM(J25:J28) -> 0 | K29: =SUM(K25:K28) -> 0 | N29: المجموع | P29: =SUM(P25:P28) -> 0 | Q29: =SUM(Q25:Q28) -> 0 | R29: =SUM(R25:R28) -> 0 | S29: =SUM(S25:S28) -> 0 | T29: =SUM(T25:T28) -> 0 | U29: =SUM(U25:U28) -> 0 | V29: =SUM(V25:V28) -> 0 | W29: =SUM(W25:W28) -> 0 | Z29: المجموع | AB29: =SUM(AB25:AB28) -> 0 | AC29: =SUM(AC25:AC28) -> 0 | AD29: =SUM(AD25:AD28) -> 0 | AE29: =SUM(AE25:AE28) -> 0 | AF29: =SUM(AF25:AF28) -> 0 | AG29: =SUM(AG25:AG28) -> 0 | AH29: =SUM(AH25:AH28) -> 0 | AI29: =SUM(AI25:AI28) -> 0 | AL29: المجموع | AN29: =SUM(AN25:AN28) -> 0 | AO29: =SUM(AO25:AO28) -> 0 | AP29: =SUM(AP25:AP28) -> 0 | AQ29: =SUM(AQ25:AQ28) -> 0 | AR29: =SUM(AR25:AR28) -> 0 | AS29: =SUM(AS25:AS28) -> 0 | AT29: =SUM(AT25:AT28) -> 0 | AU29: =SUM(AU25:AU28) -> 0 | AX29: المجموع | AZ29: =SUM(AZ25:AZ28) -> 0 | BA29: =SUM(BA25:BA28) -> 0 | BB29: =SUM(BB25:BB28) -> 0 | BC29: =SUM(BC25:BC28) -> 0 | BD29: =SUM(BD25:BD28) -> 0 | BE29: =SUM(BE25:BE28) -> 0 | BF29: =SUM(BF25:BF28) -> 0 | BG29: =SUM(BG25:BG28) -> 0 | BJ29: المجموع | BL29: =SUM(BL25:BL28) -> 0 | BM29: =SUM(BM25:BM28) -> 0 | BN29: =SUM(BN25:BN28) -> 0 | BO29: =SUM(BO25:BO28) -> 0 | BP29: =SUM(BP25:BP28) -> 0 | BQ29: =SUM(BQ25:BQ28) -> 0 | BR29: =SUM(BR25:BR28) -> 0 | BS29: =SUM(BS25:BS28) -> 0 | BV29: المجموع | BX29: =SUM(BX25:BX28) -> 0 | BY29: =SUM(BY25:BY28) -> 0 | BZ29: =SUM(BZ25:BZ28) -> 0 | CA29: =SUM(CA25:CA28) -> 0 | CB29: =SUM(CB25:CB28) -> 0 | CC29: =SUM(CC25:CC28) -> 0 | CD29: =SUM(CD25:CD28) -> 0 | CE29: =SUM(CE25:CE28) -> 0 | CH29: المجموع | CJ29: =SUM(CJ25:CJ28) -> 0 | CK29: =SUM(CK25:CK28) -> 0 | CL29: =SUM(CL25:CL28) -> 0 | CM29: =SUM(CM25:CM28) -> 0 | CN29: =SUM(CN25:CN28) -> 0 | CO29: =SUM(CO25:CO28) -> 0 | CP29: =SUM(CP25:CP28) -> 0 | CQ29: =SUM(CQ25:CQ28) -> 0 | CT29: المجموع | CV29: =SUM(CV25:CV28) -> 0 | CW29: =SUM(CW25:CW28) -> 0 | CX29: =SUM(CX25:CX28) -> 0 | CY29: =SUM(CY25:CY28) -> 0 | CZ29: =SUM(CZ25:CZ28) -> 0 | DA29: =SUM(DA25:DA28) -> 0 | DB29: =SUM(DB25:DB28) -> 0 | DC29: =SUM(DC25:DC28) -> 0 | DF29: المجموع | DH29: =SUM(DH25:DH28) -> 0 | DI29: =SUM(DI25:DI28) -> 0 | DJ29: =SUM(DJ25:DJ28) -> 0 | DK29: =SUM(DK25:DK28) -> 0 | DL29: =SUM(DL25:DL28) -> 0 | DM29: =SUM(DM25:DM28) -> 0 | DN29: =SUM(DN25:DN28) -> 0 | DO29: =SUM(DO25:DO28) -> 0 | DR29: المجموع | DT29: =SUM(DT25:DT28) -> 0 | DU29: =SUM(DU25:DU28) -> 0 | DV29: =SUM(DV25:DV28) -> 0 | DW29: =SUM(DW25:DW28) -> 0 | DX29: =SUM(DX25:DX28) -> 0 | DY29: =SUM(DY25:DY28) -> 0 | DZ29: =SUM(DZ25:DZ28) -> 0 | EA29: =SUM(EA25:EA28) -> 0 | ED29: المجموع | EF29: =SUM(EF25:EF28) -> 0 | EG29: =SUM(EG25:EG28) -> 0 | EH29: =SUM(EH25:EH28) -> 0 | EI29: =SUM(EI25:EI28) -> 0 | EJ29: =SUM(EJ25:EJ28) -> 0 | EK29: =SUM(EK25:EK28) -> 0 | EL29: =SUM(EL25:EL28) -> 0 | EM29: =SUM(EM25:EM28) -> 0 | EP29: المجموع | ER29: =SUM(ER25:ER28) -> 0 | ES29: =SUM(ES25:ES28) -> 0 | ET29: =SUM(ET25:ET28) -> 0 | EU29: =SUM(EU25:EU28) -> 0 | EV29: =SUM(EV25:EV28) -> 0 | EW29: =SUM(EW25:EW28) -> 0 | EX29: =SUM(EX25:EX28) -> 0 | EY29: =SUM(EY25:EY28) -> 0
A30: قويزة | B30: سعودي | C30: ذكر | D30: 755 | E30: 4728 | F30: 7927 | G30: 9930 | H30: 2329 | I30: 889 | J30: =SUM(D30:I30) -> 26558 | K30: 7276 | M30: قويزة | N30: سعودي | O30: ذكر | P30: 755 | Q30: 4728 | R30: 7927 | S30: 9930 | T30: 2329 | U30: 889 | V30: =SUM(P30:U30) -> 26558 | W30: 7276 | Y30: قويزة | Z30: سعودي | AA30: ذكر | AB30: 755 | AC30: 4728 | AD30: 7927 | AE30: 9930 | AF30: 2329 | AG30: 889 | AH30: =SUM(AB30:AG30) -> 26558 | AI30: 7276 | AK30: قويزة | AL30: سعودي | AM30: ذكر | AN30: 755 | AO30: 4728 | AP30: 7927 | AQ30: 9930 | AR30: 2329 | AS30: 889 | AT30: =SUM(AN30:AS30) -> 26558 | AU30: 7276 | AW30: قويزة | AX30: سعودي | AY30: ذكر | AZ30: 755 | BA30: 4728 | BB30: 7927 | BC30: 9930 | BD30: 2329 | BE30: 889 | BF30: =SUM(AZ30:BE30) -> 26558 | BG30: 7276 | BI30: قويزة | BJ30: سعودي | BK30: ذكر | BL30: 755 | BM30: 4728 | BN30: 7927 | BO30: 9930 | BP30: 2329 | BQ30: 889 | BR30: =SUM(BL30:BQ30) -> 26558 | BS30: 7276 | BU30: قويزة | BV30: سعودي | BW30: ذكر | BX30: 755 | BY30: 4728 | BZ30: 7927 | CA30: 9930 | CB30: 2329 | CC30: 889 | CD30: =SUM(BX30:CC30) -> 26558 | CE30: 7276 | CG30: قويزة | CH30: سعودي | CI30: ذكر | CJ30: 755 | CK30: 4728 | CL30: 7927 | CM30: 9930 | CN30: 2329 | CO30: 889 | CP30: =SUM(CJ30:CO30) -> 26558 | CQ30: 7276 | CS30: قويزة | CT30: سعودي | CU30: ذكر | CV30: 755 | CW30: 4728 | CX30: 7927 | CY30: 9930 | CZ30: 2329 | DA30: 889 | DB30: =SUM(CV30:DA30) -> 26558 | DC30: 7276 | DE30: قويزة | DF30: سعودي | DG30: ذكر | DH30: 0 | DI30: 0 | DJ30: 0 | DK30: 0 | DL30: 0 | DM30: 0 | DN30: =SUM(DH30:DM30) -> 0 | DO30: 0 | DQ30: قويزة | DR30: سعودي | DS30: ذكر | DT30: 0 | DU30: 0 | DV30: 0 | DW30: 0 | DX30: 0 | DY30: 0 | DZ30: =SUM(DT30:DY30) -> 0 | EA30: 0 | EC30: قويزة | ED30: سعودي | EE30: ذكر | EF30: 0 | EG30: 0 | EH30: 0 | EI30: 0 | EJ30: 0 | EK30: 0 | EL30: =SUM(EF30:EK30) -> 0 | EM30: 0 | EO30: =EC30 -> قويزة | EP30: سعودي | EQ30: ذكر | ER30: =SUM(EF30) -> 0 | ES30: =SUM(EG30) -> 0 | ET30: =SUM(EH30) -> 0 | EU30: =SUM(EI30) -> 0 | EV30: =SUM(EJ30) -> 0 | EW30: =SUM(EK30) -> 0 | EX30: =SUM(ER30:EW30) -> 0 | EY30: =SUM(EM30) -> 0
C31: أنثى | D31: 613 | E31: 4656 | F31: 6603 | G31: 11493 | H31: 1956 | I31: 566 | J31: =SUM(D31:I31) -> 25887 | O31: أنثى | P31: 613 | Q31: 4656 | R31: 6603 | S31: 11493 | T31: 1956 | U31: 566 | V31: =SUM(P31:U31) -> 25887 | AA31: أنثى | AB31: 613 | AC31: 4656 | AD31: 6603 | AE31: 11493 | AF31: 1956 | AG31: 566 | AH31: =SUM(AB31:AG31) -> 25887 | AM31: أنثى | AN31: 613 | AO31: 4656 | AP31: 6603 | AQ31: 11493 | AR31: 1956 | AS31: 566 | AT31: =SUM(AN31:AS31) -> 25887 | AY31: أنثى | AZ31: 613 | BA31: 4656 | BB31: 6603 | BC31: 11493 | BD31: 1956 | BE31: 566 | BF31: =SUM(AZ31:BE31) -> 25887 | BK31: أنثى | BL31: 613 | BM31: 4656 | BN31: 6603 | BO31: 11493 | BP31: 1956 | BQ31: 566 | BR31: =SUM(BL31:BQ31) -> 25887 | BW31: أنثى | BX31: 613 | BY31: 4656 | BZ31: 6603 | CA31: 11493 | CB31: 1956 | CC31: 566 | CD31: =SUM(BX31:CC31) -> 25887 | CI31: أنثى | CJ31: 613 | CK31: 4656 | CL31: 6603 | CM31: 11493 | CN31: 1956 | CO31: 566 | CP31: =SUM(CJ31:CO31) -> 25887 | CU31: أنثى | CV31: 613 | CW31: 4656 | CX31: 6603 | CY31: 11493 | CZ31: 1956 | DA31: 566 | DB31: =SUM(CV31:DA31) -> 25887 | DG31: أنثى | DH31: 0 | DI31: 0 | DJ31: 0 | DK31: 0 | DL31: 0 | DM31: 0 | DN31: =SUM(DH31:DM31) -> 0 | DS31: أنثى | DT31: 0 | DU31: 0 | DV31: 0 | DW31: 0 | DX31: 0 | DY31: 0 | DZ31: =SUM(DT31:DY31) -> 0 | EE31: أنثى | EF31: 0 | EG31: 0 | EH31: 0 | EI31: 0 | EJ31: 0 | EK31: 0 | EL31: =SUM(EF31:EK31) -> 0 | EQ31: أنثى | ER31: =SUM(EF31) -> 0 | ES31: =SUM(EG31) -> 0 | ET31: =SUM(EH31) -> 0 | EU31: =SUM(EI31) -> 0 | EV31: =SUM(EJ31) -> 0 | EW31: =SUM(EK31) -> 0 | EX31: =SUM(ER31:EW31) -> 0
B32: غير | C32: ذكر | D32: 43 | E32: 92 | F32: 253 | G32: 322 | H32: 119 | I32: 67 | J32: =SUM(D32:I32) -> 896 | K32: 1784 | N32: غير | O32: ذكر | P32: 43 | Q32: 92 | R32: 253 | S32: 322 | T32: 119 | U32: 67 | V32: =SUM(P32:U32) -> 896 | W32: 1784 | Z32: غير | AA32: ذكر | AB32: 43 | AC32: 92 | AD32: 253 | AE32: 322 | AF32: 119 | AG32: 67 | AH32: =SUM(AB32:AG32) -> 896 | AI32: 1784 | AL32: غير | AM32: ذكر | AN32: 43 | AO32: 92 | AP32: 253 | AQ32: 322 | AR32: 119 | AS32: 67 | AT32: =SUM(AN32:AS32) -> 896 | AU32: 1784 | AX32: غير | AY32: ذكر | AZ32: 43 | BA32: 92 | BB32: 253 | BC32: 322 | BD32: 119 | BE32: 67 | BF32: =SUM(AZ32:BE32) -> 896 | BG32: 1784 | BJ32: غير | BK32: ذكر | BL32: 43 | BM32: 92 | BN32: 253 | BO32: 322 | BP32: 119 | BQ32: 67 | BR32: =SUM(BL32:BQ32) -> 896 | BS32: 1784 | BV32: غير | BW32: ذكر | BX32: 43 | BY32: 92 | BZ32: 253 | CA32: 322 | CB32: 119 | CC32: 67 | CD32: =SUM(BX32:CC32) -> 896 | CE32: 1784 | CH32: غير | CI32: ذكر | CJ32: 43 | CK32: 92 | CL32: 253 | CM32: 322 | CN32: 119 | CO32: 67 | CP32: =SUM(CJ32:CO32) -> 896 | CQ32: 1784 | CT32: غير | CU32: ذكر | CV32: 43 | CW32: 92 | CX32: 253 | CY32: 322 | CZ32: 119 | DA32: 67 | DB32: =SUM(CV32:DA32) -> 896 | DC32: 1784 | DF32: غير | DG32: ذكر | DH32: 0 | DI32: 0 | DJ32: 0 | DK32: 0 | DL32: 0 | DM32: 0 | DN32: =SUM(DH32:DM32) -> 0 | DO32: 0 | DR32: غير | DS32: ذكر | DT32: 0 | DU32: 0 | DV32: 0 | DW32: 0 | DX32: 0 | DY32: 0 | DZ32: =SUM(DT32:DY32) -> 0 | EA32: 0 | ED32: غير | EE32: ذكر | EF32: 0 | EG32: 0 | EH32: 0 | EI32: 0 | EJ32: 0 | EK32: 0 | EL32: =SUM(EF32:EK32) -> 0 | EM32: 0 | EP32: غير | EQ32: ذكر | ER32: =SUM(EF32) -> 0 | ES32: =SUM(EG32) -> 0 | ET32: =SUM(EH32) -> 0 | EU32: =SUM(EI32) -> 0 | EV32: =SUM(EJ32) -> 0 | EW32: =SUM(EK32) -> 0 | EX32: =SUM(ER32:EW32) -> 0 | EY32: =SUM(EM32) -> 0
B33: سعودي | C33: أنثى | D33: 53 | E33: 114 | F33: 219 | G33: 341 | H33: 107 | I33: 54 | J33: =SUM(D33:I33) -> 888 | N33: سعودي | O33: أنثى | P33: 53 | Q33: 114 | R33: 219 | S33: 341 | T33: 107 | U33: 54 | V33: =SUM(P33:U33) -> 888 | Z33: سعودي | AA33: أنثى | AB33: 53 | AC33: 114 | AD33: 219 | AE33: 341 | AF33: 107 | AG33: 54 | AH33: =SUM(AB33:AG33) -> 888 | AL33: سعودي | AM33: أنثى | AN33: 53 | AO33: 114 | AP33: 219 | AQ33: 341 | AR33: 107 | AS33: 54 | AT33: =SUM(AN33:AS33) -> 888 | AX33: سعودي | AY33: أنثى | AZ33: 53 | BA33: 114 | BB33: 219 | BC33: 341 | BD33: 107 | BE33: 54 | BF33: =SUM(AZ33:BE33) -> 888 | BJ33: سعودي | BK33: أنثى | BL33: 53 | BM33: 114 | BN33: 219 | BO33: 341 | BP33: 107 | BQ33: 54 | BR33: =SUM(BL33:BQ33) -> 888 | BV33: سعودي | BW33: أنثى | BX33: 53 | BY33: 114 | BZ33: 219 | CA33: 341 | CB33: 107 | CC33: 54 | CD33: =SUM(BX33:CC33) -> 888 | CH33: سعودي | CI33: أنثى | CJ33: 53 | CK33: 114 | CL33: 219 | CM33: 341 | CN33: 107 | CO33: 54 | CP33: =SUM(CJ33:CO33) -> 888 | CT33: سعودي | CU33: أنثى | CV33: 53 | CW33: 114 | CX33: 219 | CY33: 341 | CZ33: 107 | DA33: 54 | DB33: =SUM(CV33:DA33) -> 888 | DF33: سعودي | DG33: أنثى | DH33: 0 | DI33: 0 | DJ33: 0 | DK33: 0 | DL33: 0 | DM33: 0 | DN33: =SUM(DH33:DM33) -> 0 | DR33: سعودي | DS33: أنثى | DT33: 0 | DU33: 0 | DV33: 0 | DW33: 0 | DX33: 0 | DY33: 0 | DZ33: =SUM(DT33:DY33) -> 0 | ED33: سعودي | EE33: أنثى | EF33: 0 | EG33: 0 | EH33: 0 | EI33: 0 | EJ33: 0 | EK33: 0 | EL33: =SUM(EF33:EK33) -> 0 | EP33: سعودي | EQ33: أنثى | ER33: =SUM(EF33) -> 0 | ES33: =SUM(EG33) -> 0 | ET33: =SUM(EH33) -> 0 | EU33: =SUM(EI33) -> 0 | EV33: =SUM(EJ33) -> 0 | EW33: =SUM(EK33) -> 0 | EX33: =SUM(ER33:EW33) -> 0
B34: المجموع | D34: =SUM(D30:D33) -> 1464 | E34: =SUM(E30:E33) -> 9590 | F34: =SUM(F30:F33) -> 15002 | G34: =SUM(G30:G33) -> 22086 | H34: =SUM(H30:H33) -> 4511 | I34: =SUM(I30:I33) -> 1576 | J34: =SUM(J30:J33) -> 54229 | K34: =SUM(K30:K33) -> 9060 | N34: المجموع | P34: =SUM(P30:P33) -> 1464 | Q34: =SUM(Q30:Q33) -> 9590 | R34: =SUM(R30:R33) -> 15002 | S34: =SUM(S30:S33) -> 22086 | T34: =SUM(T30:T33) -> 4511 | U34: =SUM(U30:U33) -> 1576 | V34: =SUM(V30:V33) -> 54229 | W34: =SUM(W30:W33) -> 9060 | Z34: المجموع | AB34: =SUM(AB30:AB33) -> 1464 | AC34: =SUM(AC30:AC33) -> 9590 | AD34: =SUM(AD30:AD33) -> 15002 | AE34: =SUM(AE30:AE33) -> 22086 | AF34: =SUM(AF30:AF33) -> 4511 | AG34: =SUM(AG30:AG33) -> 1576 | AH34: =SUM(AH30:AH33) -> 54229 | AI34: =SUM(AI30:AI33) -> 9060 | AL34: المجموع | AN34: =SUM(AN30:AN33) -> 1464 | AO34: =SUM(AO30:AO33) -> 9590 | AP34: =SUM(AP30:AP33) -> 15002 | AQ34: =SUM(AQ30:AQ33) -> 22086 | AR34: =SUM(AR30:AR33) -> 4511 | AS34: =SUM(AS30:AS33) -> 1576 | AT34: =SUM(AT30:AT33) -> 54229 | AU34: =SUM(AU30:AU33) -> 9060 | AX34: المجموع | AZ34: =SUM(AZ30:AZ33) -> 1464 | BA34: =SUM(BA30:BA33) -> 9590 | BB34: =SUM(BB30:BB33) -> 15002 | BC34: =SUM(BC30:BC33) -> 22086 | BD34: =SUM(BD30:BD33) -> 4511 | BE34: =SUM(BE30:BE33) -> 1576 | BF34: =SUM(BF30:BF33) -> 54229 | BG34: =SUM(BG30:BG33) -> 9060 | BJ34: المجموع | BL34: =SUM(BL30:BL33) -> 1464 | BM34: =SUM(BM30:BM33) -> 9590 | BN34: =SUM(BN30:BN33) -> 15002 | BO34: =SUM(BO30:BO33) -> 22086 | BP34: =SUM(BP30:BP33) -> 4511 | BQ34: =SUM(BQ30:BQ33) -> 1576 | BR34: =SUM(BR30:BR33) -> 54229 | BS34: =SUM(BS30:BS33) -> 9060 | BV34: المجموع | BX34: =SUM(BX30:BX33) -> 1464 | BY34: =SUM(BY30:BY33) -> 9590 | BZ34: =SUM(BZ30:BZ33) -> 15002 | CA34: =SUM(CA30:CA33) -> 22086 | CB34: =SUM(CB30:CB33) -> 4511 | CC34: =SUM(CC30:CC33) -> 1576 | CD34: =SUM(CD30:CD33) -> 54229 | CE34: =SUM(CE30:CE33) -> 9060 | CH34: المجموع | CJ34: =SUM(CJ30:CJ33) -> 1464 | CK34: =SUM(CK30:CK33) -> 9590 | CL34: =SUM(CL30:CL33) -> 15002 | CM34: =SUM(CM30:CM33) -> 22086 | CN34: =SUM(CN30:CN33) -> 4511 | CO34: =SUM(CO30:CO33) -> 1576 | CP34: =SUM(CP30:CP33) -> 54229 | CQ34: =SUM(CQ30:CQ33) -> 9060 | CT34: المجموع | CV34: =SUM(CV30:CV33) -> 1464 | CW34: =SUM(CW30:CW33) -> 9590 | CX34: =SUM(CX30:CX33) -> 15002 | CY34: =SUM(CY30:CY33) -> 22086 | CZ34: =SUM(CZ30:CZ33) -> 4511 | DA34: =SUM(DA30:DA33) -> 1576 | DB34: =SUM(DB30:DB33) -> 54229 | DC34: =SUM(DC30:DC33) -> 9060 | DF34: المجموع | DH34: =SUM(DH30:DH33) -> 0 | DI34: =SUM(DI30:DI33) -> 0 | DJ34: =SUM(DJ30:DJ33) -> 0 | DK34: =SUM(DK30:DK33) -> 0 | DL34: =SUM(DL30:DL33) -> 0 | DM34: =SUM(DM30:DM33) -> 0 | DN34: =SUM(DN30:DN33) -> 0 | DO34: =SUM(DO30:DO33) -> 0 | DR34: المجموع | DT34: =SUM(DT30:DT33) -> 0 | DU34: =SUM(DU30:DU33) -> 0 | DV34: =SUM(DV30:DV33) -> 0 | DW34: =SUM(DW30:DW33) -> 0 | DX34: =SUM(DX30:DX33) -> 0 | DY34: =SUM(DY30:DY33) -> 0 | DZ34: =SUM(DZ30:DZ33) -> 0 | EA34: =SUM(EA30:EA33) -> 0 | ED34: المجموع | EF34: =SUM(EF30:EF33) -> 0 | EG34: =SUM(EG30:EG33) -> 0 | EH34: =SUM(EH30:EH33) -> 0 | EI34: =SUM(EI30:EI33) -> 0 | EJ34: =SUM(EJ30:EJ33) -> 0 | EK34: =SUM(EK30:EK33) -> 0 | EL34: =SUM(EL30:EL33) -> 0 | EM34: =SUM(EM30:EM33) -> 0 | EP34: المجموع | ER34: =SUM(ER30:ER33) -> 0 | ES34: =SUM(ES30:ES33) -> 0 | ET34: =SUM(ET30:ET33) -> 0 | EU34: =SUM(EU30:EU33) -> 0 | EV34: =SUM(EV30:EV33) -> 0 | EW34: =SUM(EW30:EW33) -> 0 | EX34: =SUM(EX30:EX33) -> 0 | EY34: =SUM(EY30:EY33) -> 0
A35: الرغامة | B35: سعودي | C35: ذكر | D35: 668 | E35: 4728 | F35: 7927 | G35: 9934 | H35: 2435 | I35: 889 | J35: =SUM(D35:I35) -> 26581 | K35: 7279 | M35: الرغامة | N35: سعودي | O35: ذكر | P35: 668 | Q35: 4728 | R35: 7927 | S35: 9934 | T35: 2435 | U35: 889 | V35: =SUM(P35:U35) -> 26581 | W35: 7279 | Y35: الرغامة | Z35: سعودي | AA35: ذكر | AB35: 668 | AC35: 4728 | AD35: 7927 | AE35: 9934 | AF35: 2435 | AG35: 889 | AH35: =SUM(AB35:AG35) -> 26581 | AI35: 7279 | AK35: الرغامة | AL35: سعودي | AM35: ذكر | AN35: 668 | AO35: 4728 | AP35: 7927 | AQ35: 9934 | AR35: 2435 | AS35: 889 | AT35: =SUM(AN35:AS35) -> 26581 | AU35: 7279 | AW35: الرغامة | AX35: سعودي | AY35: ذكر | AZ35: 668 | BA35: 4728 | BB35: 7927 | BC35: 9934 | BD35: 2435 | BE35: 889 | BF35: =SUM(AZ35:BE35) -> 26581 | BG35: 7279 | BI35: الرغامة | BJ35: سعودي | BK35: ذكر | BL35: 668 | BM35: 4728 | BN35: 7927 | BO35: 9934 | BP35: 2435 | BQ35: 889 | BR35: =SUM(BL35:BQ35) -> 26581 | BS35: 7279 | BU35: الرغامة | BV35: سعودي | BW35: ذكر | BX35: 668 | BY35: 4728 | BZ35: 7927 | CA35: 9934 | CB35: 2435 | CC35: 889 | CD35: =SUM(BX35:CC35) -> 26581 | CE35: 7279 | CG35: الرغامة | CH35: سعودي | CI35: ذكر | CJ35: 668 | CK35: 4728 | CL35: 7927 | CM35: 9934 | CN35: 2435 | CO35: 889 | CP35: =SUM(CJ35:CO35) -> 26581 | CQ35: 7279 | CS35: الرغامة | CT35: سعودي | CU35: ذكر | CV35: 668 | CW35: 4728 | CX35: 7927 | CY35: 9934 | CZ35: 2435 | DA35: 889 | DB35: =SUM(CV35:DA35) -> 26581 | DC35: 7279 | DE35: الرغامة | DF35: سعودي | DG35: ذكر | DH35: 0 | DI35: 0 | DJ35: 0 | DK35: 0 | DL35: 0 | DM35: 0 | DN35: =SUM(DH35:DM35) -> 0 | DO35: 0 | DQ35: الرغامة | DR35: سعودي | DS35: ذكر | DT35: 0 | DU35: 0 | DV35: 0 | DW35: 0 | DX35: 0 | DY35: 0 | DZ35: =SUM(DT35:DY35) -> 0 | EA35: 0 | EC35: الرغامة | ED35: سعودي | EE35: ذكر | EF35: 0 | EG35: 0 | EH35: 0 | EI35: 0 | EJ35: 0 | EK35: 0 | EL35: =SUM(EF35:EK35) -> 0 | EM35: 0 | EO35: =EC35 -> الرغامة | EP35: سعودي | EQ35: ذكر | ER35: =SUM(EF35) -> 0 | ES35: =SUM(EG35) -> 0 | ET35: =SUM(EH35) -> 0 | EU35: =SUM(EI35) -> 0 | EV35: =SUM(EJ35) -> 0 | EW35: =SUM(EK35) -> 0 | EX35: =SUM(ER35:EW35) -> 0 | EY35: =SUM(EM35) -> 0
C36: أنثى | D36: 618 | E36: 4678 | F36: 6607 | G36: 11493 | H36: 1956 | I36: 569 | J36: =SUM(D36:I36) -> 25921 | O36: أنثى | P36: 618 | Q36: 4678 | R36: 6607 | S36: 11493 | T36: 1956 | U36: 569 | V36: =SUM(P36:U36) -> 25921 | AA36: أنثى | AB36: 618 | AC36: 4678 | AD36: 6607 | AE36: 11493 | AF36: 1956 | AG36: 569 | AH36: =SUM(AB36:AG36) -> 25921 | AM36: أنثى | AN36: 618 | AO36: 4678 | AP36: 6607 | AQ36: 11493 | AR36: 1956 | AS36: 569 | AT36: =SUM(AN36:AS36) -> 25921 | AY36: أنثى | AZ36: 618 | BA36: 4678 | BB36: 6607 | BC36: 11493 | BD36: 1956 | BE36: 569 | BF36: =SUM(AZ36:BE36) -> 25921 | BK36: أنثى | BL36: 618 | BM36: 4678 | BN36: 6607 | BO36: 11493 | BP36: 1956 | BQ36: 569 | BR36: =SUM(BL36:BQ36) -> 25921 | BW36: أنثى | BX36: 618 | BY36: 4678 | BZ36: 6607 | CA36: 11493 | CB36: 1956 | CC36: 569 | CD36: =SUM(BX36:CC36) -> 25921 | CI36: أنثى | CJ36: 618 | CK36: 4678 | CL36: 6607 | CM36: 11493 | CN36: 1956 | CO36: 569 | CP36: =SUM(CJ36:CO36) -> 25921 | CU36: أنثى | CV36: 618 | CW36: 4678 | CX36: 6607 | CY36: 11493 | CZ36: 1956 | DA36: 569 | DB36: =SUM(CV36:DA36) -> 25921 | DG36: أنثى | DH36: 0 | DI36: 0 | DJ36: 0 | DK36: 0 | DL36: 0 | DM36: 0 | DN36: =SUM(DH36:DM36) -> 0 | DS36: أنثى | DT36: 0 | DU36: 0 | DV36: 0 | DW36: 0 | DX36: 0 | DY36: 0 | DZ36: =SUM(DT36:DY36) -> 0 | EE36: أنثى | EF36: 0 | EG36: 0 | EH36: 0 | EI36: 0 | EJ36: 0 | EK36: 0 | EL36: =SUM(EF36:EK36) -> 0 | EQ36: أنثى | ER36: =SUM(EF36) -> 0 | ES36: =SUM(EG36) -> 0 | ET36: =SUM(EH36) -> 0 | EU36: =SUM(EI36) -> 0 | EV36: =SUM(EJ36) -> 0 | EW36: =SUM(EK36) -> 0 | EX36: =SUM(ER36:EW36) -> 0
B37: غير | C37: ذكر | D37: 44 | E37: 95 | F37: 253 | G37: 322 | H37: 122 | I37: 71 | J37: =SUM(D37:I37) -> 907 | K37: 131 | N37: غير | O37: ذكر | P37: 44 | Q37: 95 | R37: 253 | S37: 322 | T37: 122 | U37: 71 | V37: =SUM(P37:U37) -> 907 | W37: 131 | Z37: غير | AA37: ذكر | AB37: 44 | AC37: 95 | AD37: 253 | AE37: 322 | AF37: 122 | AG37: 71 | AH37: =SUM(AB37:AG37) -> 907 | AI37: 131 | AL37: غير | AM37: ذكر | AN37: 44 | AO37: 95 | AP37: 253 | AQ37: 322 | AR37: 122 | AS37: 71 | AT37: =SUM(AN37:AS37) -> 907 | AU37: 131 | AX37: غير | AY37: ذكر | AZ37: 44 | BA37: 95 | BB37: 253 | BC37: 322 | BD37: 122 | BE37: 71 | BF37: =SUM(AZ37:BE37) -> 907 | BG37: 131 | BJ37: غير | BK37: ذكر | BL37: 44 | BM37: 95 | BN37: 253 | BO37: 322 | BP37: 122 | BQ37: 71 | BR37: =SUM(BL37:BQ37) -> 907 | BS37: 131 | BV37: غير | BW37: ذكر | BX37: 44 | BY37: 95 | BZ37: 253 | CA37: 322 | CB37: 122 | CC37: 71 | CD37: =SUM(BX37:CC37) -> 907 | CE37: 131 | CH37: غير | CI37: ذكر | CJ37: 44 | CK37: 95 | CL37: 253 | CM37: 322 | CN37: 122 | CO37: 71 | CP37: =SUM(CJ37:CO37) -> 907 | CQ37: 131 | CT37: غير | CU37: ذكر | CV37: 44 | CW37: 95 | CX37: 253 | CY37: 322 | CZ37: 122 | DA37: 71 | DB37: =SUM(CV37:DA37) -> 907 | DC37: 131 | DF37: غير | DG37: ذكر | DH37: 0 | DI37: 0 | DJ37: 0 | DK37: 0 | DL37: 0 | DM37: 0 | DN37: =SUM(DH37:DM37) -> 0 | DO37: 0 | DR37: غير | DS37: ذكر | DT37: 0 | DU37: 0 | DV37: 0 | DW37: 0 | DX37: 0 | DY37: 0 | DZ37: =SUM(DT37:DY37) -> 0 | EA37: 0 | ED37: غير | EE37: ذكر | EF37: 0 | EG37: 0 | EH37: 0 | EI37: 0 | EJ37: 0 | EK37: 0 | EL37: =SUM(EF37:EK37) -> 0 | EM37: 0 | EP37: غير | EQ37: ذكر | ER37: =SUM(EF37) -> 0 | ES37: =SUM(EG37) -> 0 | ET37: =SUM(EH37) -> 0 | EU37: =SUM(EI37) -> 0 | EV37: =SUM(EJ37) -> 0 | EW37: =SUM(EK37) -> 0 | EX37: =SUM(ER37:EW37) -> 0 | EY37: =SUM(EM37) -> 0
B38: سعودي | C38: أنثى | D38: 59 | E38: 114 | F38: 219 | G38: 341 | H38: 112 | I38: 57 | J38: =SUM(D38:I38) -> 902 | N38: سعودي | O38: أنثى | P38: 59 | Q38: 114 | R38: 219 | S38: 341 | T38: 112 | U38: 57 | V38: =SUM(P38:U38) -> 902 | Z38: سعودي | AA38: أنثى | AB38: 59 | AC38: 114 | AD38: 219 | AE38: 341 | AF38: 112 | AG38: 57 | AH38: =SUM(AB38:AG38) -> 902 | AL38: سعودي | AM38: أنثى | AN38: 59 | AO38: 114 | AP38: 219 | AQ38: 341 | AR38: 112 | AS38: 57 | AT38: =SUM(AN38:AS38) -> 902 | AX38: سعودي | AY38: أنثى | AZ38: 59 | BA38: 114 | BB38: 219 | BC38: 341 | BD38: 112 | BE38: 57 | BF38: =SUM(AZ38:BE38) -> 902 | BJ38: سعودي | BK38: أنثى | BL38: 59 | BM38: 114 | BN38: 219 | BO38: 341 | BP38: 112 | BQ38: 57 | BR38: =SUM(BL38:BQ38) -> 902 | BV38: سعودي | BW38: أنثى | BX38: 59 | BY38: 114 | BZ38: 219 | CA38: 341 | CB38: 112 | CC38: 57 | CD38: =SUM(BX38:CC38) -> 902 | CH38: سعودي | CI38: أنثى | CJ38: 59 | CK38: 114 | CL38: 219 | CM38: 341 | CN38: 112 | CO38: 57 | CP38: =SUM(CJ38:CO38) -> 902 | CT38: سعودي | CU38: أنثى | CV38: 59 | CW38: 114 | CX38: 219 | CY38: 341 | CZ38: 112 | DA38: 57 | DB38: =SUM(CV38:DA38) -> 902 | DF38: سعودي | DG38: أنثى | DH38: 0 | DI38: 0 | DJ38: 0 | DK38: 0 | DL38: 0 | DM38: 0 | DN38: =SUM(DH38:DM38) -> 0 | DR38: سعودي | DS38: أنثى | DT38: 0 | DU38: 0 | DV38: 0 | DW38: 0 | DX38: 0 | DY38: 0 | DZ38: =SUM(DT38:DY38) -> 0 | ED38: سعودي | EE38: أنثى | EF38: 0 | EG38: 0 | EH38: 0 | EI38: 0 | EJ38: 0 | EK38: 0 | EL38: =SUM(EF38:EK38) -> 0 | EP38: سعودي | EQ38: أنثى | ER38: =SUM(EF38) -> 0 | ES38: =SUM(EG38) -> 0 | ET38: =SUM(EH38) -> 0 | EU38: =SUM(EI38) -> 0 | EV38: =SUM(EJ38) -> 0 | EW38: =SUM(EK38) -> 0 | EX38: =SUM(ER38:EW38) -> 0
B39: المجموع | D39: =SUM(D35:D38) -> 1389 | E39: =SUM(E35:E38) -> 9615 | F39: =SUM(F35:F38) -> 15006 | G39: =SUM(G35:G38) -> 22090 | H39: =SUM(H35:H38) -> 4625 | I39: =SUM(I35:I38) -> 1586 | J39: =SUM(J35:J38) -> 54311 | K39: =SUM(K35:K38) -> 7410 | N39: المجموع | P39: =SUM(P35:P38) -> 1389 | Q39: =SUM(Q35:Q38) -> 9615 | R39: =SUM(R35:R38) -> 15006 | S39: =SUM(S35:S38) -> 22090 | T39: =SUM(T35:T38) -> 4625 | U39: =SUM(U35:U38) -> 1586 | V39: =SUM(V35:V38) -> 54311 | W39: =SUM(W35:W38) -> 7410 | Z39: المجموع | AB39: =SUM(AB35:AB38) -> 1389 | AC39: =SUM(AC35:AC38) -> 9615 | AD39: =SUM(AD35:AD38) -> 15006 | AE39: =SUM(AE35:AE38) -> 22090 | AF39: =SUM(AF35:AF38) -> 4625 | AG39: =SUM(AG35:AG38) -> 1586 | AH39: =SUM(AH35:AH38) -> 54311 | AI39: =SUM(AI35:AI38) -> 7410 | AL39: المجموع | AN39: =SUM(AN35:AN38) -> 1389 | AO39: =SUM(AO35:AO38) -> 9615 | AP39: =SUM(AP35:AP38) -> 15006 | AQ39: =SUM(AQ35:AQ38) -> 22090 | AR39: =SUM(AR35:AR38) -> 4625 | AS39: =SUM(AS35:AS38) -> 1586 | AT39: =SUM(AT35:AT38) -> 54311 | AU39: =SUM(AU35:AU38) -> 7410 | AX39: المجموع | AZ39: =SUM(AZ35:AZ38) -> 1389 | BA39: =SUM(BA35:BA38) -> 9615 | BB39: =SUM(BB35:BB38) -> 15006 | BC39: =SUM(BC35:BC38) -> 22090 | BD39: =SUM(BD35:BD38) -> 4625 | BE39: =SUM(BE35:BE38) -> 1586 | BF39: =SUM(BF35:BF38) -> 54311 | BG39: =SUM(BG35:BG38) -> 7410 | BJ39: المجموع | BL39: =SUM(BL35:BL38) -> 1389 | BM39: =SUM(BM35:BM38) -> 9615 | BN39: =SUM(BN35:BN38) -> 15006 | BO39: =SUM(BO35:BO38) -> 22090 | BP39: =SUM(BP35:BP38) -> 4625 | BQ39: =SUM(BQ35:BQ38) -> 1586 | BR39: =SUM(BR35:BR38) -> 54311 | BS39: =SUM(BS35:BS38) -> 7410 | BV39: المجموع | BX39: =SUM(BX35:BX38) -> 1389 | BY39: =SUM(BY35:BY38) -> 9615 | BZ39: =SUM(BZ35:BZ38) -> 15006 | CA39: =SUM(CA35:CA38) -> 22090 | CB39: =SUM(CB35:CB38) -> 4625 | CC39: =SUM(CC35:CC38) -> 1586 | CD39: =SUM(CD35:CD38) -> 54311 | CE39: =SUM(CE35:CE38) -> 7410 | CH39: المجموع | CJ39: =SUM(CJ35:CJ38) -> 1389 | CK39: =SUM(CK35:CK38) -> 9615 | CL39: =SUM(CL35:CL38) -> 15006 | CM39: =SUM(CM35:CM38) -> 22090 | CN39: =SUM(CN35:CN38) -> 4625 | CO39: =SUM(CO35:CO38) -> 1586 | CP39: =SUM(CP35:CP38) -> 54311 | CQ39: =SUM(CQ35:CQ38) -> 7410 | CT39: المجموع | CV39: =SUM(CV35:CV38) -> 1389 | CW39: =SUM(CW35:CW38) -> 9615 | CX39: =SUM(CX35:CX38) -> 15006 | CY39: =SUM(CY35:CY38) -> 22090 | CZ39: =SUM(CZ35:CZ38) -> 4625 | DA39: =SUM(DA35:DA38) -> 1586 | DB39: =SUM(DB35:DB38) -> 54311 | DC39: =SUM(DC35:DC38) -> 7410 | DF39: المجموع | DH39: =SUM(DH35:DH38) -> 0 | DI39: =SUM(DI35:DI38) -> 0 | DJ39: =SUM(DJ35:DJ38) -> 0 | DK39: =SUM(DK35:DK38) -> 0 | DL39: =SUM(DL35:DL38) -> 0 | DM39: =SUM(DM35:DM38) -> 0 | DN39: =SUM(DN35:DN38) -> 0 | DO39: =SUM(DO35:DO38) -> 0 | DR39: المجموع | DT39: =SUM(DT35:DT38) -> 0 | DU39: =SUM(DU35:DU38) -> 0 | DV39: =SUM(DV35:DV38) -> 0 | DW39: =SUM(DW35:DW38) -> 0 | DX39: =SUM(DX35:DX38) -> 0 | DY39: =SUM(DY35:DY38) -> 0 | DZ39: =SUM(DZ35:DZ38) -> 0 | EA39: =SUM(EA35:EA38) -> 0 | ED39: المجموع | EF39: =SUM(EF35:EF38) -> 0 | EG39: =SUM(EG35:EG38) -> 0 | EH39: =SUM(EH35:EH38) -> 0 | EI39: =SUM(EI35:EI38) -> 0 | EJ39: =SUM(EJ35:EJ38) -> 0 | EK39: =SUM(EK35:EK38) -> 0 | EL39: =SUM(EL35:EL38) -> 0 | EM39: =SUM(EM35:EM38) -> 0 | EP39: المجموع | ER39: =SUM(ER35:ER38) -> 0 | ES39: =SUM(ES35:ES38) -> 0 | ET39: =SUM(ET35:ET38) -> 0 | EU39: =SUM(EU35:EU38) -> 0 | EV39: =SUM(EV35:EV38) -> 0 | EW39: =SUM(EW35:EW38) -> 0 | EX39: =SUM(EX35:EX38) -> 0 | EY39: =SUM(EY35:EY38) -> 0
A40: الواحة | B40: سعودي | C40: ذكر | D40: 1190 | E40: 3214 | F40: 6445 | G40: 16029 | H40: 3898 | I40: 1517 | J40: =SUM(D40:I40) -> 32293 | K40: 13297 | M40: الواحة | N40: سعودي | O40: ذكر | P40: 1190 | Q40: 3214 | R40: 6445 | S40: 16029 | T40: 3898 | U40: 1517 | V40: =SUM(P40:U40) -> 32293 | W40: 13297 | Y40: الواحة | Z40: سعودي | AA40: ذكر | AB40: 1190 | AC40: 3214 | AD40: 6445 | AE40: 16029 | AF40: 3898 | AG40: 1517 | AH40: =SUM(AB40:AG40) -> 32293 | AI40: 13297 | AK40: الواحة | AL40: سعودي | AM40: ذكر | AN40: 1190 | AO40: 3214 | AP40: 6445 | AQ40: 16029 | AR40: 3898 | AS40: 1517 | AT40: =SUM(AN40:AS40) -> 32293 | AU40: 13297 | AW40: الواحة | AX40: سعودي | AY40: ذكر | AZ40: 1190 | BA40: 3214 | BB40: 6445 | BC40: 16029 | BD40: 3898 | BE40: 1517 | BF40: =SUM(AZ40:BE40) -> 32293 | BG40: 13297 | BI40: الواحة | BJ40: سعودي | BK40: ذكر | BL40: 1190 | BM40: 3214 | BN40: 6445 | BO40: 16029 | BP40: 3898 | BQ40: 1517 | BR40: =SUM(BL40:BQ40) -> 32293 | BS40: 13297 | BU40: الواحة | BV40: سعودي | BW40: ذكر | BX40: 1190 | BY40: 3214 | BZ40: 6445 | CA40: 16029 | CB40: 3898 | CC40: 1517 | CD40: =SUM(BX40:CC40) -> 32293 | CE40: 13297 | CG40: الواحة | CH40: سعودي | CI40: ذكر | CJ40: 1190 | CK40: 3214 | CL40: 6445 | CM40: 16029 | CN40: 3898 | CO40: 1517 | CP40: =SUM(CJ40:CO40) -> 32293 | CQ40: 13297 | CS40: الواحة | CT40: سعودي | CU40: ذكر | CV40: 1190 | CW40: 3214 | CX40: 6445 | CY40: 16029 | CZ40: 3898 | DA40: 1517 | DB40: =SUM(CV40:DA40) -> 32293 | DC40: 13297 | DE40: الواحة | DF40: سعودي | DG40: ذكر | DH40: 0 | DI40: 0 | DJ40: 0 | DK40: 0 | DL40: 0 | DM40: 0 | DN40: =SUM(DH40:DM40) -> 0 | DO40: 0 | DQ40: الواحة | DR40: سعودي | DS40: ذكر | DT40: 0 | DU40: 0 | DV40: 0 | DW40: 0 | DX40: 0 | DY40: 0 | DZ40: =SUM(DT40:DY40) -> 0 | EA40: 0 | EC40: الواحة | ED40: سعودي | EE40: ذكر | EF40: 0 | EG40: 0 | EH40: 0 | EI40: 0 | EJ40: 0 | EK40: 0 | EL40: =SUM(EF40:EK40) -> 0 | EM40: 0 | EO40: =EC40 -> الواحة | EP40: سعودي | EQ40: ذكر | ER40: =SUM(EF40) -> 0 | ES40: =SUM(EG40) -> 0 | ET40: =SUM(EH40) -> 0 | EU40: =SUM(EI40) -> 0 | EV40: =SUM(EJ40) -> 0 | EW40: =SUM(EK40) -> 0 | EX40: =SUM(ER40:EW40) -> 0 | EY40: =SUM(EM40) -> 0
C41: أنثى | D41: 1030 | E41: 3016 | F41: 6583 | G41: 18438 | H41: 3992 | I41: 996 | J41: =SUM(D41:I41) -> 34055 | O41: أنثى | P41: 1030 | Q41: 3016 | R41: 6583 | S41: 18438 | T41: 3992 | U41: 996 | V41: =SUM(P41:U41) -> 34055 | AA41: أنثى | AB41: 1030 | AC41: 3016 | AD41: 6583 | AE41: 18438 | AF41: 3992 | AG41: 996 | AH41: =SUM(AB41:AG41) -> 34055 | AM41: أنثى | AN41: 1030 | AO41: 3016 | AP41: 6583 | AQ41: 18438 | AR41: 3992 | AS41: 996 | AT41: =SUM(AN41:AS41) -> 34055 | AY41: أنثى | AZ41: 1030 | BA41: 3016 | BB41: 6583 | BC41: 18438 | BD41: 3992 | BE41: 996 | BF41: =SUM(AZ41:BE41) -> 34055 | BK41: أنثى | BL41: 1030 | BM41: 3016 | BN41: 6583 | BO41: 18438 | BP41: 3992 | BQ41: 996 | BR41: =SUM(BL41:BQ41) -> 34055 | BW41: أنثى | BX41: 1030 | BY41: 3016 | BZ41: 6583 | CA41: 18438 | CB41: 3992 | CC41: 996 | CD41: =SUM(BX41:CC41) -> 34055 | CI41: أنثى | CJ41: 1030 | CK41: 3016 | CL41: 6583 | CM41: 18438 | CN41: 3992 | CO41: 996 | CP41: =SUM(CJ41:CO41) -> 34055 | CU41: أنثى | CV41: 1030 | CW41: 3016 | CX41: 6583 | CY41: 18438 | CZ41: 3992 | DA41: 996 | DB41: =SUM(CV41:DA41) -> 34055 | DG41: أنثى | DH41: 0 | DI41: 0 | DJ41: 0 | DK41: 0 | DL41: 0 | DM41: 0 | DN41: =SUM(DH41:DM41) -> 0 | DS41: أنثى | DT41: 0 | DU41: 0 | DV41: 0 | DW41: 0 | DX41: 0 | DY41: 0 | DZ41: =SUM(DT41:DY41) -> 0 | EE41: أنثى | EF41: 0 | EG41: 0 | EH41: 0 | EI41: 0 | EJ41: 0 | EK41: 0 | EL41: =SUM(EF41:EK41) -> 0 | EQ41: أنثى | ER41: =SUM(EF41) -> 0 | ES41: =SUM(EG41) -> 0 | ET41: =SUM(EH41) -> 0 | EU41: =SUM(EI41) -> 0 | EV41: =SUM(EJ41) -> 0 | EW41: =SUM(EK41) -> 0 | EX41: =SUM(ER41:EW41) -> 0
B42: غير | C42: ذكر | D42: 71 | E42: 14 | F42: 20 | G42: 48 | H42: 20 | I42: 30 | J42: =SUM(D42:I42) -> 203 | K42: 133 | N42: غير | O42: ذكر | P42: 71 | Q42: 14 | R42: 20 | S42: 48 | T42: 20 | U42: 30 | V42: =SUM(P42:U42) -> 203 | W42: 133 | Z42: غير | AA42: ذكر | AB42: 71 | AC42: 14 | AD42: 20 | AE42: 48 | AF42: 20 | AG42: 30 | AH42: =SUM(AB42:AG42) -> 203 | AI42: 133 | AL42: غير | AM42: ذكر | AN42: 71 | AO42: 14 | AP42: 20 | AQ42: 48 | AR42: 20 | AS42: 30 | AT42: =SUM(AN42:AS42) -> 203 | AU42: 133 | AX42: غير | AY42: ذكر | AZ42: 71 | BA42: 14 | BB42: 20 | BC42: 48 | BD42: 20 | BE42: 30 | BF42: =SUM(AZ42:BE42) -> 203 | BG42: 133 | BJ42: غير | BK42: ذكر | BL42: 71 | BM42: 14 | BN42: 20 | BO42: 48 | BP42: 20 | BQ42: 30 | BR42: =SUM(BL42:BQ42) -> 203 | BS42: 133 | BV42: غير | BW42: ذكر | BX42: 71 | BY42: 14 | BZ42: 20 | CA42: 48 | CB42: 20 | CC42: 30 | CD42: =SUM(BX42:CC42) -> 203 | CE42: 133 | CH42: غير | CI42: ذكر | CJ42: 71 | CK42: 14 | CL42: 20 | CM42: 48 | CN42: 20 | CO42: 30 | CP42: =SUM(CJ42:CO42) -> 203 | CQ42: 133 | CT42: غير | CU42: ذكر | CV42: 71 | CW42: 14 | CX42: 20 | CY42: 48 | CZ42: 20 | DA42: 30 | DB42: =SUM(CV42:DA42) -> 203 | DC42: 133 | DF42: غير | DG42: ذكر | DH42: 0 | DI42: 0 | DJ42: 0 | DK42: 0 | DL42: 0 | DM42: 0 | DN42: =SUM(DH42:DM42) -> 0 | DO42: 0 | DR42: غير | DS42: ذكر | DT42: 0 | DU42: 0 | DV42: 0 | DW42: 0 | DX42: 0 | DY42: 0 | DZ42: =SUM(DT42:DY42) -> 0 | EA42: 0 | ED42: غير | EE42: ذكر | EF42: 0 | EG42: 0 | EH42: 0 | EI42: 0 | EJ42: 0 | EK42: 0 | EL42: =SUM(EF42:EK42) -> 0 | EM42: 0 | EP42: غير | EQ42: ذكر | ER42: =SUM(EF42) -> 0 | ES42: =SUM(EG42) -> 0 | ET42: =SUM(EH42) -> 0 | EU42: =SUM(EI42) -> 0 | EV42: =SUM(EJ42) -> 0 | EW42: =SUM(EK42) -> 0 | EX42: =SUM(ER42:EW42) -> 0 | EY42: =SUM(EM42) -> 0
B43: سعودي | C43: أنثى | D43: 31 | E43: 16 | F43: 15 | G43: 46 | H43: 15 | I43: 6 | J43: =SUM(D43:I43) -> 129 | N43: سعودي | O43: أنثى | P43: 31 | Q43: 16 | R43: 15 | S43: 46 | T43: 15 | U43: 6 | V43: =SUM(P43:U43) -> 129 | Z43: سعودي | AA43: أنثى | AB43: 31 | AC43: 16 | AD43: 15 | AE43: 46 | AF43: 15 | AG43: 6 | AH43: =SUM(AB43:AG43) -> 129 | AL43: سعودي | AM43: أنثى | AN43: 31 | AO43: 16 | AP43: 15 | AQ43: 46 | AR43: 15 | AS43: 6 | AT43: =SUM(AN43:AS43) -> 129 | AX43: سعودي | AY43: أنثى | AZ43: 31 | BA43: 16 | BB43: 15 | BC43: 46 | BD43: 15 | BE43: 6 | BF43: =SUM(AZ43:BE43) -> 129 | BJ43: سعودي | BK43: أنثى | BL43: 31 | BM43: 16 | BN43: 15 | BO43: 46 | BP43: 15 | BQ43: 6 | BR43: =SUM(BL43:BQ43) -> 129 | BV43: سعودي | BW43: أنثى | BX43: 31 | BY43: 16 | BZ43: 15 | CA43: 46 | CB43: 15 | CC43: 6 | CD43: =SUM(BX43:CC43) -> 129 | CH43: سعودي | CI43: أنثى | CJ43: 31 | CK43: 16 | CL43: 15 | CM43: 46 | CN43: 15 | CO43: 6 | CP43: =SUM(CJ43:CO43) -> 129 | CT43: سعودي | CU43: أنثى | CV43: 31 | CW43: 16 | CX43: 15 | CY43: 46 | CZ43: 15 | DA43: 6 | DB43: =SUM(CV43:DA43) -> 129 | DF43: سعودي | DG43: أنثى | DH43: 0 | DI43: 0 | DJ43: 0 | DK43: 0 | DL43: 0 | DM43: 0 | DN43: =SUM(DH43:DM43) -> 0 | DR43: سعودي | DS43: أنثى | DT43: 0 | DU43: 0 | DV43: 0 | DW43: 0 | DX43: 0 | DY43: 0 | DZ43: =SUM(DT43:DY43) -> 0 | ED43: سعودي | EE43: أنثى | EF43: 0 | EG43: 0 | EH43: 0 | EI43: 0 | EJ43: 0 | EK43: 0 | EL43: =SUM(EF43:EK43) -> 0 | EP43: سعودي | EQ43: أنثى | ER43: =SUM(EF43) -> 0 | ES43: =SUM(EG43) -> 0 | ET43: =SUM(EH43) -> 0 | EU43: =SUM(EI43) -> 0 | EV43: =SUM(EJ43) -> 0 | EW43: =SUM(EK43) -> 0 | EX43: =SUM(ER43:EW43) -> 0
B44: المجموع | D44: =SUM(D40:D43) -> 2322 | E44: =SUM(E40:E43) -> 6260 | F44: =SUM(F40:F43) -> 13063 | G44: =SUM(G40:G43) -> 34561 | H44: =SUM(H40:H43) -> 7925 | I44: =SUM(I40:I43) -> 2549 | J44: =SUM(J40:J43) -> 66680 | K44: =SUM(K40:K43) -> 13430 | N44: المجموع | P44: =SUM(P40:P43) -> 2322 | Q44: =SUM(Q40:Q43) -> 6260 | R44: =SUM(R40:R43) -> 13063 | S44: =SUM(S40:S43) -> 34561 | T44: =SUM(T40:T43) -> 7925 | U44: =SUM(U40:U43) -> 2549 | V44: =SUM(V40:V43) -> 66680 | W44: =SUM(W40:W43) -> 13430 | Z44: المجموع | AB44: =SUM(AB40:AB43) -> 2322 | AC44: =SUM(AC40:AC43) -> 6260 | AD44: =SUM(AD40:AD43) -> 13063 | AE44: =SUM(AE40:AE43) -> 34561 | AF44: =SUM(AF40:AF43) -> 7925 | AG44: =SUM(AG40:AG43) -> 2549 | AH44: =SUM(AH40:AH43) -> 66680 | AI44: =SUM(AI40:AI43) -> 13430 | AL44: المجموع | AN44: =SUM(AN40:AN43) -> 2322 | AO44: =SUM(AO40:AO43) -> 6260 | AP44: =SUM(AP40:AP43) -> 13063 | AQ44: =SUM(AQ40:AQ43) -> 34561 | AR44: =SUM(AR40:AR43) -> 7925 | AS44: =SUM(AS40:AS43) -> 2549 | AT44: =SUM(AT40:AT43) -> 66680 | AU44: =SUM(AU40:AU43) -> 13430 | AX44: المجموع | AZ44: =SUM(AZ40:AZ43) -> 2322 | BA44: =SUM(BA40:BA43) -> 6260 | BB44: =SUM(BB40:BB43) -> 13063 | BC44: =SUM(BC40:BC43) -> 34561 | BD44: =SUM(BD40:BD43) -> 7925 | BE44: =SUM(BE40:BE43) -> 2549 | BF44: =SUM(BF40:BF43) -> 66680 | BG44: =SUM(BG40:BG43) -> 13430 | BJ44: المجموع | BL44: =SUM(BL40:BL43) -> 2322 | BM44: =SUM(BM40:BM43) -> 6260 | BN44: =SUM(BN40:BN43) -> 13063 | BO44: =SUM(BO40:BO43) -> 34561 | BP44: =SUM(BP40:BP43) -> 7925 | BQ44: =SUM(BQ40:BQ43) -> 2549 | BR44: =SUM(BR40:BR43) -> 66680 | BS44: =SUM(BS40:BS43) -> 13430 | BV44: المجموع | BX44: =SUM(BX40:BX43) -> 2322 | BY44: =SUM(BY40:BY43) -> 6260 | BZ44: =SUM(BZ40:BZ43) -> 13063 | CA44: =SUM(CA40:CA43) -> 34561 | CB44: =SUM(CB40:CB43) -> 7925 | CC44: =SUM(CC40:CC43) -> 2549 | CD44: =SUM(CD40:CD43) -> 66680 | CE44: =SUM(CE40:CE43) -> 13430 | CH44: المجموع | CJ44: =SUM(CJ40:CJ43) -> 2322 | CK44: =SUM(CK40:CK43) -> 6260 | CL44: =SUM(CL40:CL43) -> 13063 | CM44: =SUM(CM40:CM43) -> 34561 | CN44: =SUM(CN40:CN43) -> 7925 | CO44: =SUM(CO40:CO43) -> 2549 | CP44: =SUM(CP40:CP43) -> 66680 | CQ44: =SUM(CQ40:CQ43) -> 13430 | CT44: المجموع | CV44: =SUM(CV40:CV43) -> 2322 | CW44: =SUM(CW40:CW43) -> 6260 | CX44: =SUM(CX40:CX43) -> 13063 | CY44: =SUM(CY40:CY43) -> 34561 | CZ44: =SUM(CZ40:CZ43) -> 7925 | DA44: =SUM(DA40:DA43) -> 2549 | DB44: =SUM(DB40:DB43) -> 66680 | DC44: =SUM(DC40:DC43) -> 13430 | DF44: المجموع | DH44: =SUM(DH40:DH43) -> 0 | DI44: =SUM(DI40:DI43) -> 0 | DJ44: =SUM(DJ40:DJ43) -> 0 | DK44: =SUM(DK40:DK43) -> 0 | DL44: =SUM(DL40:DL43) -> 0 | DM44: =SUM(DM40:DM43) -> 0 | DN44: =SUM(DN40:DN43) -> 0 | DO44: =SUM(DO40:DO43) -> 0 | DR44: المجموع | DT44: =SUM(DT40:DT43) -> 0 | DU44: =SUM(DU40:DU43) -> 0 | DV44: =SUM(DV40:DV43) -> 0 | DW44: =SUM(DW40:DW43) -> 0 | DX44: =SUM(DX40:DX43) -> 0 | DY44: =SUM(DY40:DY43) -> 0 | DZ44: =SUM(DZ40:DZ43) -> 0 | EA44: =SUM(EA40:EA43) -> 0 | ED44: المجموع | EF44: =SUM(EF40:EF43) -> 0 | EG44: =SUM(EG40:EG43) -> 0 | EH44: =SUM(EH40:EH43) -> 0 | EI44: =SUM(EI40:EI43) -> 0 | EJ44: =SUM(EJ40:EJ43) -> 0 | EK44: =SUM(EK40:EK43) -> 0 | EL44: =SUM(EL40:EL43) -> 0 | EM44: =SUM(EM40:EM43) -> 0 | EP44: المجموع | ER44: =SUM(ER40:ER43) -> 0 | ES44: =SUM(ES40:ES43) -> 0 | ET44: =SUM(ET40:ET43) -> 0 | EU44: =SUM(EU40:EU43) -> 0 | EV44: =SUM(EV40:EV43) -> 0 | EW44: =SUM(EW40:EW43) -> 0 | EX44: =SUM(EX40:EX43) -> 0 | EY44: =SUM(EY40:EY43) -> 0
A45: 0 | B45: سعودي | C45: ذكر | D45: 0 | E45: 0 | F45: 0 | G45: 0 | H45: 0 | I45: 0 | J45: =SUM(D45:I45) -> 0 | K45: 0 | M45: 0 | N45: سعودي | O45: ذكر | P45: 0 | Q45: 0 | R45: 0 | S45: 0 | T45: 0 | U45: 0 | V45: =SUM(P45:U45) -> 0 | W45: 0 | Y45: 0 | Z45: سعودي | AA45: ذكر | AB45: 0 | AC45: 0 | AD45: 0 | AE45: 0 | AF45: 0 | AG45: 0 | AH45: =SUM(AB45:AG45) -> 0 | AI45: 0 | AK45: 0 | AL45: سعودي | AM45: ذكر | AN45: 0 | AO45: 0 | AP45: 0 | AQ45: 0 | AR45: 0 | AS45: 0 | AT45: =SUM(AN45:AS45) -> 0 | AU45: 0 | AW45: 0 | AX45: سعودي | AY45: ذكر | AZ45: 0 | BA45: 0 | BB45: 0 | BC45: 0 | BD45: 0 | BE45: 0 | BF45: =SUM(AZ45:BE45) -> 0 | BG45: 0 | BI45: 0 | BJ45: سعودي | BK45: ذكر | BL45: 0 | BM45: 0 | BN45: 0 | BO45: 0 | BP45: 0 | BQ45: 0 | BR45: =SUM(BL45:BQ45) -> 0 | BS45: 0 | BU45: 0 | BV45: سعودي | BW45: ذكر | BX45: 0 | BY45: 0 | BZ45: 0 | CA45: 0 | CB45: 0 | CC45: 0 | CD45: =SUM(BX45:CC45) -> 0 | CE45: 0 | CG45: 0 | CH45: سعودي | CI45: ذكر | CJ45: 0 | CK45: 0 | CL45: 0 | CM45: 0 | CN45: 0 | CO45: 0 | CP45: =SUM(CJ45:CO45) -> 0 | CQ45: 0 | CS45: 0 | CT45: سعودي | CU45: ذكر | CV45: 0 | CW45: 0 | CX45: 0 | CY45: 0 | CZ45: 0 | DA45: 0 | DB45: =SUM(CV45:DA45) -> 0 | DC45: 0 | DE45: 0 | DF45: سعودي | DG45: ذكر | DH45: 0 | DI45: 0 | DJ45: 0 | DK45: 0 | DL45: 0 | DM45: 0 | DN45: =SUM(DH45:DM45) -> 0 | DO45: 0 | DQ45: 0 | DR45: سعودي | DS45: ذكر | DT45: 0 | DU45: 0 | DV45: 0 | DW45: 0 | DX45: 0 | DY45: 0 | DZ45: =SUM(DT45:DY45) -> 0 | EA45: 0 | EC45: 0 | ED45: سعودي | EE45: ذكر | EF45: 0 | EG45: 0 | EH45: 0 | EI45: 0 | EJ45: 0 | EK45: 0 | EL45: =SUM(EF45:EK45) -> 0 | EM45: 0 | EO45: =EC45 -> 0 | EP45: سعودي | EQ45: ذكر | ER45: =SUM(EF45) -> 0 | ES45: =SUM(EG45) -> 0 | ET45: =SUM(EH45) -> 0 | EU45: =SUM(EI45) -> 0 | EV45: =SUM(EJ45) -> 0 | EW45: =SUM(EK45) -> 0 | EX45: =SUM(ER45:EW45) -> 0 | EY45: =SUM(EM45) -> 0
C46: أنثى | D46: 0 | E46: 0 | F46: 0 | G46: 0 | H46: 0 | I46: 0 | J46: =SUM(D46:I46) -> 0 | O46: أنثى | P46: 0 | Q46: 0 | R46: 0 | S46: 0 | T46: 0 | U46: 0 | V46: =SUM(P46:U46) -> 0 | AA46: أنثى | AB46: 0 | AC46: 0 | AD46: 0 | AE46: 0 | AF46: 0 | AG46: 0 | AH46: =SUM(AB46:AG46) -> 0 | AM46: أنثى | AN46: 0 | AO46: 0 | AP46: 0 | AQ46: 0 | AR46: 0 | AS46: 0 | AT46: =SUM(AN46:AS46) -> 0 | AY46: أنثى | AZ46: 0 | BA46: 0 | BB46: 0 | BC46: 0 | BD46: 0 | BE46: 0 | BF46: =SUM(AZ46:BE46) -> 0 | BK46: أنثى | BL46: 0 | BM46: 0 | BN46: 0 | BO46: 0 | BP46: 0 | BQ46: 0 | BR46: =SUM(BL46:BQ46) -> 0 | BW46: أنثى | BX46: 0 | BY46: 0 | BZ46: 0 | CA46: 0 | CB46: 0 | CC46: 0 | CD46: =SUM(BX46:CC46) -> 0 | CI46: أنثى | CJ46: 0 | CK46: 0 | CL46: 0 | CM46: 0 | CN46: 0 | CO46: 0 | CP46: =SUM(CJ46:CO46) -> 0 | CU46: أنثى | CV46: 0 | CW46: 0 | CX46: 0 | CY46: 0 | CZ46: 0 | DA46: 0 | DB46: =SUM(CV46:DA46) -> 0 | DG46: أنثى | DH46: 0 | DI46: 0 | DJ46: 0 | DK46: 0 | DL46: 0 | DM46: 0 | DN46: =SUM(DH46:DM46) -> 0 | DS46: أنثى | DT46: 0 | DU46: 0 | DV46: 0 | DW46: 0 | DX46: 0 | DY46: 0 | DZ46: =SUM(DT46:DY46) -> 0 | EE46: أنثى | EF46: 0 | EG46: 0 | EH46: 0 | EI46: 0 | EJ46: 0 | EK46: 0 | EL46: =SUM(EF46:EK46) -> 0 | EQ46: أنثى | ER46: =SUM(EF46) -> 0 | ES46: =SUM(EG46) -> 0 | ET46: =SUM(EH46) -> 0 | EU46: =SUM(EI46) -> 0 | EV46: =SUM(EJ46) -> 0 | EW46: =SUM(EK46) -> 0 | EX46: =SUM(ER46:EW46) -> 0
B47: غير | C47: ذكر | D47: 0 | E47: 0 | F47: 0 | G47: 0 | H47: 0 | I47: 0 | J47: =SUM(D47:I47) -> 0 | K47: 0 | N47: غير | O47: ذكر | P47: 0 | Q47: 0 | R47: 0 | S47: 0 | T47: 0 | U47: 0 | V47: =SUM(P47:U47) -> 0 | W47: 0 | Z47: غير | AA47: ذكر | AB47: 0 | AC47: 0 | AD47: 0 | AE47: 0 | AF47: 0 | AG47: 0 | AH47: =SUM(AB47:AG47) -> 0 | AI47: 0 | AL47: غير | AM47: ذكر | AN47: 0 | AO47: 0 | AP47: 0 | AQ47: 0 | AR47: 0 | AS47: 0 | AT47: =SUM(AN47:AS47) -> 0 | AU47: 0 | AX47: غير | AY47: ذكر | AZ47: 0 | BA47: 0 | BB47: 0 | BC47: 0 | BD47: 0 | BE47: 0 | BF47: =SUM(AZ47:BE47) -> 0 | BG47: 0 | BJ47: غير | BK47: ذكر | BL47: 0 | BM47: 0 | BN47: 0 | BO47: 0 | BP47: 0 | BQ47: 0 | BR47: =SUM(BL47:BQ47) -> 0 | BS47: 0 | BV47: غير | BW47: ذكر | BX47: 0 | BY47: 0 | BZ47: 0 | CA47: 0 | CB47: 0 | CC47: 0 | CD47: =SUM(BX47:CC47) -> 0 | CE47: 0 | CH47: غير | CI47: ذكر | CJ47: 0 | CK47: 0 | CL47: 0 | CM47: 0 | CN47: 0 | CO47: 0 | CP47: =SUM(CJ47:CO47) -> 0 | CQ47: 0 | CT47: غير | CU47: ذكر | CV47: 0 | CW47: 0 | CX47: 0 | CY47: 0 | CZ47: 0 | DA47: 0 | DB47: =SUM(CV47:DA47) -> 0 | DC47: 0 | DF47: غير | DG47: ذكر | DH47: 0 | DI47: 0 | DJ47: 0 | DK47: 0 | DL47: 0 | DM47: 0 | DN47: =SUM(DH47:DM47) -> 0 | DO47: 0 | DR47: غير | DS47: ذكر | DT47: 0 | DU47: 0 | DV47: 0 | DW47: 0 | DX47: 0 | DY47: 0 | DZ47: =SUM(DT47:DY47) -> 0 | EA47: 0 | ED47: غير | EE47: ذكر | EF47: 0 | EG47: 0 | EH47: 0 | EI47: 0 | EJ47: 0 | EK47: 0 | EL47: =SUM(EF47:EK47) -> 0 | EM47: 0 | EP47: غير | EQ47: ذكر | ER47: =SUM(EF47) -> 0 | ES47: =SUM(EG47) -> 0 | ET47: =SUM(EH47) -> 0 | EU47: =SUM(EI47) -> 0 | EV47: =SUM(EJ47) -> 0 | EW47: =SUM(EK47) -> 0 | EX47: =SUM(ER47:EW47) -> 0 | EY47: =SUM(EM47) -> 0
B48: سعودي | C48: أنثى | D48: 0 | E48: 0 | F48: 0 | G48: 0 | H48: 0 | I48: 0 | J48: =SUM(D48:I48) -> 0 | N48: سعودي | O48: أنثى | P48: 0 | Q48: 0 | R48: 0 | S48: 0 | T48: 0 | U48: 0 | V48: =SUM(P48:U48) -> 0 | Z48: سعودي | AA48: أنثى | AB48: 0 | AC48: 0 | AD48: 0 | AE48: 0 | AF48: 0 | AG48: 0 | AH48: =SUM(AB48:AG48) -> 0 | AL48: سعودي | AM48: أنثى | AN48: 0 | AO48: 0 | AP48: 0 | AQ48: 0 | AR48: 0 | AS48: 0 | AT48: =SUM(AN48:AS48) -> 0 | AX48: سعودي | AY48: أنثى | AZ48: 0 | BA48: 0 | BB48: 0 | BC48: 0 | BD48: 0 | BE48: 0 | BF48: =SUM(AZ48:BE48) -> 0 | BJ48: سعودي | BK48: أنثى | BL48: 0 | BM48: 0 | BN48: 0 | BO48: 0 | BP48: 0 | BQ48: 0 | BR48: =SUM(BL48:BQ48) -> 0 | BV48: سعودي | BW48: أنثى | BX48: 0 | BY48: 0 | BZ48: 0 | CA48: 0 | CB48: 0 | CC48: 0 | CD48: =SUM(BX48:CC48) -> 0 | CH48: سعودي | CI48: أنثى | CJ48: 0 | CK48: 0 | CL48: 0 | CM48: 0 | CN48: 0 | CO48: 0 | CP48: =SUM(CJ48:CO48) -> 0 | CT48: سعودي | CU48: أنثى | CV48: 0 | CW48: 0 | CX48: 0 | CY48: 0 | CZ48: 0 | DA48: 0 | DB48: =SUM(CV48:DA48) -> 0 | DF48: سعودي | DG48: أنثى | DH48: 0 | DI48: 0 | DJ48: 0 | DK48: 0 | DL48: 0 | DM48: 0 | DN48: =SUM(DH48:DM48) -> 0 | DR48: سعودي | DS48: أنثى | DT48: 0 | DU48: 0 | DV48: 0 | DW48: 0 | DX48: 0 | DY48: 0 | DZ48: =SUM(DT48:DY48) -> 0 | ED48: سعودي | EE48: أنثى | EF48: 0 | EG48: 0 | EH48: 0 | EI48: 0 | EJ48: 0 | EK48: 0 | EL48: =SUM(EF48:EK48) -> 0 | EP48: سعودي | EQ48: أنثى | ER48: =SUM(EF48) -> 0 | ES48: =SUM(EG48) -> 0 | ET48: =SUM(EH48) -> 0 | EU48: =SUM(EI48) -> 0 | EV48: =SUM(EJ48) -> 0 | EW48: =SUM(EK48) -> 0 | EX48: =SUM(ER48:EW48) -> 0
B49: المجموع | D49: =SUM(D45:D48) -> 0 | E49: =SUM(E45:E48) -> 0 | F49: =SUM(F45:F48) -> 0 | G49: =SUM(G45:G48) -> 0 | H49: =SUM(H45:H48) -> 0 | I49: =SUM(I45:I48) -> 0 | J49: =SUM(J45:J48) -> 0 | K49: =SUM(K45:K48) -> 0 | N49: المجموع | P49: =SUM(P45:P48) -> 0 | Q49: =SUM(Q45:Q48) -> 0 | R49: =SUM(R45:R48) -> 0 | S49: =SUM(S45:S48) -> 0 | T49: =SUM(T45:T48) -> 0 | U49: =SUM(U45:U48) -> 0 | V49: =SUM(V45:V48) -> 0 | W49: =SUM(W45:W48) -> 0 | Z49: المجموع | AB49: =SUM(AB45:AB48) -> 0 | AC49: =SUM(AC45:AC48) -> 0 | AD49: =SUM(AD45:AD48) -> 0 | AE49: =SUM(AE45:AE48) -> 0 | AF49: =SUM(AF45:AF48) -> 0 | AG49: =SUM(AG45:AG48) -> 0 | AH49: =SUM(AH45:AH48) -> 0 | AI49: =SUM(AI45:AI48) -> 0 | AL49: المجموع | AN49: =SUM(AN45:AN48) -> 0 | AO49: =SUM(AO45:AO48) -> 0 | AP49: =SUM(AP45:AP48) -> 0 | AQ49: =SUM(AQ45:AQ48) -> 0 | AR49: =SUM(AR45:AR48) -> 0 | AS49: =SUM(AS45:AS48) -> 0 | AT49: =SUM(AT45:AT48) -> 0 | AU49: =SUM(AU45:AU48) -> 0 | AX49: المجموع | AZ49: =SUM(AZ45:AZ48) -> 0 | BA49: =SUM(BA45:BA48) -> 0 | BB49: =SUM(BB45:BB48) -> 0 | BC49: =SUM(BC45:BC48) -> 0 | BD49: =SUM(BD45:BD48) -> 0 | BE49: =SUM(BE45:BE48) -> 0 | BF49: =SUM(BF45:BF48) -> 0 | BG49: =SUM(BG45:BG48) -> 0 | BJ49: المجموع | BL49: =SUM(BL45:BL48) -> 0 | BM49: =SUM(BM45:BM48) -> 0 | BN49: =SUM(BN45:BN48) -> 0 | BO49: =SUM(BO45:BO48) -> 0 | BP49: =SUM(BP45:BP48) -> 0 | BQ49: =SUM(BQ45:BQ48) -> 0 | BR49: =SUM(BR45:BR48) -> 0 | BS49: =SUM(BS45:BS48) -> 0 | BV49: المجموع | BX49: =SUM(BX45:BX48) -> 0 | BY49: =SUM(BY45:BY48) -> 0 | BZ49: =SUM(BZ45:BZ48) -> 0 | CA49: =SUM(CA45:CA48) -> 0 | CB49: =SUM(CB45:CB48) -> 0 | CC49: =SUM(CC45:CC48) -> 0 | CD49: =SUM(CD45:CD48) -> 0 | CE49: =SUM(CE45:CE48) -> 0 | CH49: المجموع | CJ49: =SUM(CJ45:CJ48) -> 0 | CK49: =SUM(CK45:CK48) -> 0 | CL49: =SUM(CL45:CL48) -> 0 | CM49: =SUM(CM45:CM48) -> 0 | CN49: =SUM(CN45:CN48) -> 0 | CO49: =SUM(CO45:CO48) -> 0 | CP49: =SUM(CP45:CP48) -> 0 | CQ49: =SUM(CQ45:CQ48) -> 0 | CT49: المجموع | CV49: =SUM(CV45:CV48) -> 0 | CW49: =SUM(CW45:CW48) -> 0 | CX49: =SUM(CX45:CX48) -> 0 | CY49: =SUM(CY45:CY48) -> 0 | CZ49: =SUM(CZ45:CZ48) -> 0 | DA49: =SUM(DA45:DA48) -> 0 | DB49: =SUM(DB45:DB48) -> 0 | DC49: =SUM(DC45:DC48) -> 0 | DF49: المجموع | DH49: =SUM(DH45:DH48) -> 0 | DI49: =SUM(DI45:DI48) -> 0 | DJ49: =SUM(DJ45:DJ48) -> 0 | DK49: =SUM(DK45:DK48) -> 0 | DL49: =SUM(DL45:DL48) -> 0 | DM49: =SUM(DM45:DM48) -> 0 | DN49: =SUM(DN45:DN48) -> 0 | DO49: =SUM(DO45:DO48) -> 0 | DR49: المجموع | DT49: =SUM(DT45:DT48) -> 0 | DU49: =SUM(DU45:DU48) -> 0 | DV49: =SUM(DV45:DV48) -> 0 | DW49: =SUM(DW45:DW48) -> 0 | DX49: =SUM(DX45:DX48) -> 0 | DY49: =SUM(DY45:DY48) -> 0 | DZ49: =SUM(DZ45:DZ48) -> 0 | EA49: =SUM(EA45:EA48) -> 0 | ED49: المجموع | EF49: =SUM(EF45:EF48) -> 0 | EG49: =SUM(EG45:EG48) -> 0 | EH49: =SUM(EH45:EH48) -> 0 | EI49: =SUM(EI45:EI48) -> 0 | EJ49: =SUM(EJ45:EJ48) -> 0 | EK49: =SUM(EK45:EK48) -> 0 | EL49: =SUM(EL45:EL48) -> 0 | EM49: =SUM(EM45:EM48) -> 0 | EP49: المجموع | ER49: =SUM(ER45:ER48) -> 0 | ES49: =SUM(ES45:ES48) -> 0 | ET49: =SUM(ET45:ET48) -> 0 | EU49: =SUM(EU45:EU48) -> 0 | EV49: =SUM(EV45:EV48) -> 0 | EW49: =SUM(EW45:EW48) -> 0 | EX49: =SUM(EX45:EX48) -> 0 | EY49: =SUM(EY45:EY48) -> 0
A50: 0 | B50: سعودي | C50: ذكر | D50: 0 | E50: 0 | F50: 0 | G50: 0 | H50: 0 | I50: 0 | J50: =SUM(D50:I50) -> 0 | K50: 0 | M50: 0 | N50: سعودي | O50: ذكر | P50: 0 | Q50: 0 | R50: 0 | S50: 0 | T50: 0 | U50: 0 | V50: =SUM(P50:U50) -> 0 | W50: 0 | Y50: 0 | Z50: سعودي | AA50: ذكر | AB50: 0 | AC50: 0 | AD50: 0 | AE50: 0 | AF50: 0 | AG50: 0 | AH50: =SUM(AB50:AG50) -> 0 | AI50: 0 | AK50: 0 | AL50: سعودي | AM50: ذكر | AN50: 0 | AO50: 0 | AP50: 0 | AQ50: 0 | AR50: 0 | AS50: 0 | AT50: =SUM(AN50:AS50) -> 0 | AU50: 0 | AW50: 0 | AX50: سعودي | AY50: ذكر | AZ50: 0 | BA50: 0 | BB50: 0 | BC50: 0 | BD50: 0 | BE50: 0 | BF50: =SUM(AZ50:BE50) -> 0 | BG50: 0 | BI50: 0 | BJ50: سعودي | BK50: ذكر | BL50: 0 | BM50: 0 | BN50: 0 | BO50: 0 | BP50: 0 | BQ50: 0 | BR50: =SUM(BL50:BQ50) -> 0 | BS50: 0 | BU50: 0 | BV50: سعودي | BW50: ذكر | BX50: 0 | BY50: 0 | BZ50: 0 | CA50: 0 | CB50: 0 | CC50: 0 | CD50: =SUM(BX50:CC50) -> 0 | CE50: 0 | CG50: 0 | CH50: سعودي | CI50: ذكر | CJ50: 0 | CK50: 0 | CL50: 0 | CM50: 0 | CN50: 0 | CO50: 0 | CP50: =SUM(CJ50:CO50) -> 0 | CQ50: 0 | CS50: 0 | CT50: سعودي | CU50: ذكر | CV50: 0 | CW50: 0 | CX50: 0 | CY50: 0 | CZ50: 0 | DA50: 0 | DB50: =SUM(CV50:DA50) -> 0 | DC50: 0 | DE50: 0 | DF50: سعودي | DG50: ذكر | DH50: 0 | DI50: 0 | DJ50: 0 | DK50: 0 | DL50: 0 | DM50: 0 | DN50: =SUM(DH50:DM50) -> 0 | DO50: 0 | DQ50: 0 | DR50: سعودي | DS50: ذكر | DT50: 0 | DU50: 0 | DV50: 0 | DW50: 0 | DX50: 0 | DY50: 0 | DZ50: =SUM(DT50:DY50) -> 0 | EA50: 0 | EC50: 0 | ED50: سعودي | EE50: ذكر | EF50: 0 | EG50: 0 | EH50: 0 | EI50: 0 | EJ50: 0 | EK50: 0 | EL50: =SUM(EF50:EK50) -> 0 | EM50: 0 | EO50: =EC50 -> 0 | EP50: سعودي | EQ50: ذكر | ER50: =SUM(EF50) -> 0 | ES50: =SUM(EG50) -> 0 | ET50: =SUM(EH50) -> 0 | EU50: =SUM(EI50) -> 0 | EV50: =SUM(EJ50) -> 0 | EW50: =SUM(EK50) -> 0 | EX50: =SUM(ER50:EW50) -> 0 | EY50: =SUM(EM50) -> 0
C51: أنثى | D51: 0 | E51: 0 | F51: 0 | G51: 0 | H51: 0 | I51: 0 | J51: =SUM(D51:I51) -> 0 | O51: أنثى | P51: 0 | Q51: 0 | R51: 0 | S51: 0 | T51: 0 | U51: 0 | V51: =SUM(P51:U51) -> 0 | AA51: أنثى | AB51: 0 | AC51: 0 | AD51: 0 | AE51: 0 | AF51: 0 | AG51: 0 | AH51: =SUM(AB51:AG51) -> 0 | AM51: أنثى | AN51: 0 | AO51: 0 | AP51: 0 | AQ51: 0 | AR51: 0 | AS51: 0 | AT51: =SUM(AN51:AS51) -> 0 | AY51: أنثى | AZ51: 0 | BA51: 0 | BB51: 0 | BC51: 0 | BD51: 0 | BE51: 0 | BF51: =SUM(AZ51:BE51) -> 0 | BK51: أنثى | BL51: 0 | BM51: 0 | BN51: 0 | BO51: 0 | BP51: 0 | BQ51: 0 | BR51: =SUM(BL51:BQ51) -> 0 | BW51: أنثى | BX51: 0 | BY51: 0 | BZ51: 0 | CA51: 0 | CB51: 0 | CC51: 0 | CD51: =SUM(BX51:CC51) -> 0 | CI51: أنثى | CJ51: 0 | CK51: 0 | CL51: 0 | CM51: 0 | CN51: 0 | CO51: 0 | CP51: =SUM(CJ51:CO51) -> 0 | CU51: أنثى | CV51: 0 | CW51: 0 | CX51: 0 | CY51: 0 | CZ51: 0 | DA51: 0 | DB51: =SUM(CV51:DA51) -> 0 | DG51: أنثى | DH51: 0 | DI51: 0 | DJ51: 0 | DK51: 0 | DL51: 0 | DM51: 0 | DN51: =SUM(DH51:DM51) -> 0 | DS51: أنثى | DT51: 0 | DU51: 0 | DV51: 0 | DW51: 0 | DX51: 0 | DY51: 0 | DZ51: =SUM(DT51:DY51) -> 0 | EE51: أنثى | EF51: 0 | EG51: 0 | EH51: 0 | EI51: 0 | EJ51: 0 | EK51: 0 | EL51: =SUM(EF51:EK51) -> 0 | EQ51: أنثى | ER51: =SUM(EF51) -> 0 | ES51: =SUM(EG51) -> 0 | ET51: =SUM(EH51) -> 0 | EU51: =SUM(EI51) -> 0 | EV51: =SUM(EJ51) -> 0 | EW51: =SUM(EK51) -> 0 | EX51: =SUM(ER51:EW51) -> 0
B52: غير | C52: ذكر | D52: 0 | E52: 0 | F52: 0 | G52: 0 | H52: 0 | I52: 0 | J52: =SUM(D52:I52) -> 0 | K52: 0 | N52: غير | O52: ذكر | P52: 0 | Q52: 0 | R52: 0 | S52: 0 | T52: 0 | U52: 0 | V52: =SUM(P52:U52) -> 0 | W52: 0 | Z52: غير | AA52: ذكر | AB52: 0 | AC52: 0 | AD52: 0 | AE52: 0 | AF52: 0 | AG52: 0 | AH52: =SUM(AB52:AG52) -> 0 | AI52: 0 | AL52: غير | AM52: ذكر | AN52: 0 | AO52: 0 | AP52: 0 | AQ52: 0 | AR52: 0 | AS52: 0 | AT52: =SUM(AN52:AS52) -> 0 | AU52: 0 | AX52: غير | AY52: ذكر | AZ52: 0 | BA52: 0 | BB52: 0 | BC52: 0 | BD52: 0 | BE52: 0 | BF52: =SUM(AZ52:BE52) -> 0 | BG52: 0 | BJ52: غير | BK52: ذكر | BL52: 0 | BM52: 0 | BN52: 0 | BO52: 0 | BP52: 0 | BQ52: 0 | BR52: =SUM(BL52:BQ52) -> 0 | BS52: 0 | BV52: غير | BW52: ذكر | BX52: 0 | BY52: 0 | BZ52: 0 | CA52: 0 | CB52: 0 | CC52: 0 | CD52: =SUM(BX52:CC52) -> 0 | CE52: 0 | CH52: غير | CI52: ذكر | CJ52: 0 | CK52: 0 | CL52: 0 | CM52: 0 | CN52: 0 | CO52: 0 | CP52: =SUM(CJ52:CO52) -> 0 | CQ52: 0 | CT52: غير | CU52: ذكر | CV52: 0 | CW52: 0 | CX52: 0 | CY52: 0 | CZ52: 0 | DA52: 0 | DB52: =SUM(CV52:DA52) -> 0 | DC52: 0 | DF52: غير | DG52: ذكر | DH52: 0 | DI52: 0 | DJ52: 0 | DK52: 0 | DL52: 0 | DM52: 0 | DN52: =SUM(DH52:DM52) -> 0 | DO52: 0 | DR52: غير | DS52: ذكر | DT52: 0 | DU52: 0 | DV52: 0 | DW52: 0 | DX52: 0 | DY52: 0 | DZ52: =SUM(DT52:DY52) -> 0 | EA52: 0 | ED52: غير | EE52: ذكر | EF52: 0 | EG52: 0 | EH52: 0 | EI52: 0 | EJ52: 0 | EK52: 0 | EL52: =SUM(EF52:EK52) -> 0 | EM52: 0 | EP52: غير | EQ52: ذكر | ER52: =SUM(EF52) -> 0 | ES52: =SUM(EG52) -> 0 | ET52: =SUM(EH52) -> 0 | EU52: =SUM(EI52) -> 0 | EV52: =SUM(EJ52) -> 0 | EW52: =SUM(EK52) -> 0 | EX52: =SUM(ER52:EW52) -> 0 | EY52: =SUM(EM52) -> 0
B53: سعودي | C53: أنثى | D53: 0 | E53: 0 | F53: 0 | G53: 0 | H53: 0 | I53: 0 | J53: =SUM(D53:I53) -> 0 | N53: سعودي | O53: أنثى | P53: 0 | Q53: 0 | R53: 0 | S53: 0 | T53: 0 | U53: 0 | V53: =SUM(P53:U53) -> 0 | Z53: سعودي | AA53: أنثى | AB53: 0 | AC53: 0 | AD53: 0 | AE53: 0 | AF53: 0 | AG53: 0 | AH53: =SUM(AB53:AG53) -> 0 | AL53: سعودي | AM53: أنثى | AN53: 0 | AO53: 0 | AP53: 0 | AQ53: 0 | AR53: 0 | AS53: 0 | AT53: =SUM(AN53:AS53) -> 0 | AX53: سعودي | AY53: أنثى | AZ53: 0 | BA53: 0 | BB53: 0 | BC53: 0 | BD53: 0 | BE53: 0 | BF53: =SUM(AZ53:BE53) -> 0 | BJ53: سعودي | BK53: أنثى | BL53: 0 | BM53: 0 | BN53: 0 | BO53: 0 | BP53: 0 | BQ53: 0 | BR53: =SUM(BL53:BQ53) -> 0 | BV53: سعودي | BW53: أنثى | BX53: 0 | BY53: 0 | BZ53: 0 | CA53: 0 | CB53: 0 | CC53: 0 | CD53: =SUM(BX53:CC53) -> 0 | CH53: سعودي | CI53: أنثى | CJ53: 0 | CK53: 0 | CL53: 0 | CM53: 0 | CN53: 0 | CO53: 0 | CP53: =SUM(CJ53:CO53) -> 0 | CT53: سعودي | CU53: أنثى | CV53: 0 | CW53: 0 | CX53: 0 | CY53: 0 | CZ53: 0 | DA53: 0 | DB53: =SUM(CV53:DA53) -> 0 | DF53: سعودي | DG53: أنثى | DH53: 0 | DI53: 0 | DJ53: 0 | DK53: 0 | DL53: 0 | DM53: 0 | DN53: =SUM(DH53:DM53) -> 0 | DR53: سعودي | DS53: أنثى | DT53: 0 | DU53: 0 | DV53: 0 | DW53: 0 | DX53: 0 | DY53: 0 | DZ53: =SUM(DT53:DY53) -> 0 | ED53: سعودي | EE53: أنثى | EF53: 0 | EG53: 0 | EH53: 0 | EI53: 0 | EJ53: 0 | EK53: 0 | EL53: =SUM(EF53:EK53) -> 0 | EP53: سعودي | EQ53: أنثى | ER53: =SUM(EF53) -> 0 | ES53: =SUM(EG53) -> 0 | ET53: =SUM(EH53) -> 0 | EU53: =SUM(EI53) -> 0 | EV53: =SUM(EJ53) -> 0 | EW53: =SUM(EK53) -> 0 | EX53: =SUM(ER53:EW53) -> 0
B54: المجموع | D54: =SUM(D50:D53) -> 0 | E54: =SUM(E50:E53) -> 0 | F54: =SUM(F50:F53) -> 0 | G54: =SUM(G50:G53) -> 0 | H54: =SUM(H50:H53) -> 0 | I54: =SUM(I50:I53) -> 0 | J54: =SUM(J50:J53) -> 0 | K54: =SUM(K50:K53) -> 0 | N54: المجموع | P54: =SUM(P50:P53) -> 0 | Q54: =SUM(Q50:Q53) -> 0 | R54: =SUM(R50:R53) -> 0 | S54: =SUM(S50:S53) -> 0 | T54: =SUM(T50:T53) -> 0 | U54: =SUM(U50:U53) -> 0 | V54: =SUM(V50:V53) -> 0 | W54: =SUM(W50:W53) -> 0 | Z54: المجموع | AB54: =SUM(AB50:AB53) -> 0 | AC54: =SUM(AC50:AC53) -> 0 | AD54: =SUM(AD50:AD53) -> 0 | AE54: =SUM(AE50:AE53) -> 0 | AF54: =SUM(AF50:AF53) -> 0 | AG54: =SUM(AG50:AG53) -> 0 | AH54: =SUM(AH50:AH53) -> 0 | AI54: =SUM(AI50:AI53) -> 0 | AL54: المجموع | AN54: =SUM(AN50:AN53) -> 0 | AO54: =SUM(AO50:AO53) -> 0 | AP54: =SUM(AP50:AP53) -> 0 | AQ54: =SUM(AQ50:AQ53) -> 0 | AR54: =SUM(AR50:AR53) -> 0 | AS54: =SUM(AS50:AS53) -> 0 | AT54: =SUM(AT50:AT53) -> 0 | AU54: =SUM(AU50:AU53) -> 0 | AX54: المجموع | AZ54: =SUM(AZ50:AZ53) -> 0 | BA54: =SUM(BA50:BA53) -> 0 | BB54: =SUM(BB50:BB53) -> 0 | BC54: =SUM(BC50:BC53) -> 0 | BD54: =SUM(BD50:BD53) -> 0 | BE54: =SUM(BE50:BE53) -> 0 | BF54: =SUM(BF50:BF53) -> 0 | BG54: =SUM(BG50:BG53) -> 0 | BJ54: المجموع | BL54: =SUM(BL50:BL53) -> 0 | BM54: =SUM(BM50:BM53) -> 0 | BN54: =SUM(BN50:BN53) -> 0 | BO54: =SUM(BO50:BO53) -> 0 | BP54: =SUM(BP50:BP53) -> 0 | BQ54: =SUM(BQ50:BQ53) -> 0 | BR54: =SUM(BR50:BR53) -> 0 | BS54: =SUM(BS50:BS53) -> 0 | BV54: المجموع | BX54: =SUM(BX50:BX53) -> 0 | BY54: =SUM(BY50:BY53) -> 0 | BZ54: =SUM(BZ50:BZ53) -> 0 | CA54: =SUM(CA50:CA53) -> 0 | CB54: =SUM(CB50:CB53) -> 0 | CC54: =SUM(CC50:CC53) -> 0 | CD54: =SUM(CD50:CD53) -> 0 | CE54: =SUM(CE50:CE53) -> 0 | CH54: المجموع | CJ54: =SUM(CJ50:CJ53) -> 0 | CK54: =SUM(CK50:CK53) -> 0 | CL54: =SUM(CL50:CL53) -> 0 | CM54: =SUM(CM50:CM53) -> 0 | CN54: =SUM(CN50:CN53) -> 0 | CO54: =SUM(CO50:CO53) -> 0 | CP54: =SUM(CP50:CP53) -> 0 | CQ54: =SUM(CQ50:CQ53) -> 0 | CT54: المجموع | CV54: =SUM(CV50:CV53) -> 0 | CW54: =SUM(CW50:CW53) -> 0 | CX54: =SUM(CX50:CX53) -> 0 | CY54: =SUM(CY50:CY53) -> 0 | CZ54: =SUM(CZ50:CZ53) -> 0 | DA54: =SUM(DA50:DA53) -> 0 | DB54: =SUM(DB50:DB53) -> 0 | DC54: =SUM(DC50:DC53) -> 0 | DF54: المجموع | DH54: =SUM(DH50:DH53) -> 0 | DI54: =SUM(DI50:DI53) -> 0 | DJ54: =SUM(DJ50:DJ53) -> 0 | DK54: =SUM(DK50:DK53) -> 0 | DL54: =SUM(DL50:DL53) -> 0 | DM54: =SUM(DM50:DM53) -> 0 | DN54: =SUM(DN50:DN53) -> 0 | DO54: =SUM(DO50:DO53) -> 0 | DR54: المجموع | DT54: =SUM(DT50:DT53) -> 0 | DU54: =SUM(DU50:DU53) -> 0 | DV54: =SUM(DV50:DV53) -> 0 | DW54: =SUM(DW50:DW53) -> 0 | DX54: =SUM(DX50:DX53) -> 0 | DY54: =SUM(DY50:DY53) -> 0 | DZ54: =SUM(DZ50:DZ53) -> 0 | EA54: =SUM(EA50:EA53) -> 0 | ED54: المجموع | EF54: =SUM(EF50:EF53) -> 0 | EG54: =SUM(EG50:EG53) -> 0 | EH54: =SUM(EH50:EH53) -> 0 | EI54: =SUM(EI50:EI53) -> 0 | EJ54: =SUM(EJ50:EJ53) -> 0 | EK54: =SUM(EK50:EK53) -> 0 | EL54: =SUM(EL50:EL53) -> 0 | EM54: =SUM(EM50:EM53) -> 0 | EP54: المجموع | ER54: =SUM(ER50:ER53) -> 0 | ES54: =SUM(ES50:ES53) -> 0 | ET54: =SUM(ET50:ET53) -> 0 | EU54: =SUM(EU50:EU53) -> 0 | EV54: =SUM(EV50:EV53) -> 0 | EW54: =SUM(EW50:EW53) -> 0 | EX54: =SUM(EX50:EX53) -> 0 | EY54: =SUM(EY50:EY53) -> 0
B55: سعودي | C55: ذكر | D55: 0 | E55: 0 | F55: 0 | G55: 0 | H55: 0 | I55: 0 | J55: =SUM(D55:I55) -> 0 | K55: 0 | N55: سعودي | O55: ذكر | P55: 0 | Q55: 0 | R55: 0 | S55: 0 | T55: 0 | U55: 0 | V55: =SUM(P55:U55) -> 0 | W55: 0 | Z55: سعودي | AA55: ذكر | AB55: 0 | AC55: 0 | AD55: 0 | AE55: 0 | AF55: 0 | AG55: 0 | AH55: =SUM(AB55:AG55) -> 0 | AI55: 0 | AL55: سعودي | AM55: ذكر | AN55: 0 | AO55: 0 | AP55: 0 | AQ55: 0 | AR55: 0 | AS55: 0 | AT55: =SUM(AN55:AS55) -> 0 | AU55: 0 | AX55: سعودي | AY55: ذكر | AZ55: 0 | BA55: 0 | BB55: 0 | BC55: 0 | BD55: 0 | BE55: 0 | BF55: =SUM(AZ55:BE55) -> 0 | BG55: 0 | BJ55: سعودي | BK55: ذكر | BL55: 0 | BM55: 0 | BN55: 0 | BO55: 0 | BP55: 0 | BQ55: 0 | BR55: =SUM(BL55:BQ55) -> 0 | BS55: 0 | BV55: سعودي | BW55: ذكر | BX55: 0 | BY55: 0 | BZ55: 0 | CA55: 0 | CB55: 0 | CC55: 0 | CD55: =SUM(BX55:CC55) -> 0 | CE55: 0 | CH55: سعودي | CI55: ذكر | CJ55: 0 | CK55: 0 | CL55: 0 | CM55: 0 | CN55: 0 | CO55: 0 | CP55: =SUM(CJ55:CO55) -> 0 | CQ55: 0 | CT55: سعودي | CU55: ذكر | CV55: 0 | CW55: 0 | CX55: 0 | CY55: 0 | CZ55: 0 | DA55: 0 | DB55: =SUM(CV55:DA55) -> 0 | DC55: 0 | DF55: سعودي | DG55: ذكر | DH55: 0 | DI55: 0 | DJ55: 0 | DK55: 0 | DL55: 0 | DM55: 0 | DN55: =SUM(DH55:DM55) -> 0 | DO55: 0 | DR55: سعودي | DS55: ذكر | DT55: 0 | DU55: 0 | DV55: 0 | DW55: 0 | DX55: 0 | DY55: 0 | DZ55: =SUM(DT55:DY55) -> 0 | EA55: 0 | ED55: سعودي | EE55: ذكر | EF55: 0 | EG55: 0 | EH55: 0 | EI55: 0 | EJ55: 0 | EK55: 0 | EL55: =SUM(EF55:EK55) -> 0 | EM55: 0 | EO55: =EC55 -> 0 | EP55: سعودي | EQ55: ذكر | ER55: =SUM(EF55) -> 0 | ES55: =SUM(EG55) -> 0 | ET55: =SUM(EH55) -> 0 | EU55: =SUM(EI55) -> 0 | EV55: =SUM(EJ55) -> 0 | EW55: =SUM(EK55) -> 0 | EX55: =SUM(ER55:EW55) -> 0 | EY55: =SUM(EM55) -> 0
C56: أنثى | D56: 0 | E56: 0 | F56: 0 | G56: 0 | H56: 0 | I56: 0 | J56: =SUM(D56:I56) -> 0 | O56: أنثى | P56: 0 | Q56: 0 | R56: 0 | S56: 0 | T56: 0 | U56: 0 | V56: =SUM(P56:U56) -> 0 | AA56: أنثى | AB56: 0 | AC56: 0 | AD56: 0 | AE56: 0 | AF56: 0 | AG56: 0 | AH56: =SUM(AB56:AG56) -> 0 | AM56: أنثى | AN56: 0 | AO56: 0 | AP56: 0 | AQ56: 0 | AR56: 0 | AS56: 0 | AT56: =SUM(AN56:AS56) -> 0 | AY56: أنثى | AZ56: 0 | BA56: 0 | BB56: 0 | BC56: 0 | BD56: 0 | BE56: 0 | BF56: =SUM(AZ56:BE56) -> 0 | BK56: أنثى | BL56: 0 | BM56: 0 | BN56: 0 | BO56: 0 | BP56: 0 | BQ56: 0 | BR56: =SUM(BL56:BQ56) -> 0 | BW56: أنثى | BX56: 0 | BY56: 0 | BZ56: 0 | CA56: 0 | CB56: 0 | CC56: 0 | CD56: =SUM(BX56:CC56) -> 0 | CI56: أنثى | CJ56: 0 | CK56: 0 | CL56: 0 | CM56: 0 | CN56: 0 | CO56: 0 | CP56: =SUM(CJ56:CO56) -> 0 | CU56: أنثى | CV56: 0 | CW56: 0 | CX56: 0 | CY56: 0 | CZ56: 0 | DA56: 0 | DB56: =SUM(CV56:DA56) -> 0 | DG56: أنثى | DH56: 0 | DI56: 0 | DJ56: 0 | DK56: 0 | DL56: 0 | DM56: 0 | DN56: =SUM(DH56:DM56) -> 0 | DS56: أنثى | DT56: 0 | DU56: 0 | DV56: 0 | DW56: 0 | DX56: 0 | DY56: 0 | DZ56: =SUM(DT56:DY56) -> 0 | EE56: أنثى | EF56: 0 | EG56: 0 | EH56: 0 | EI56: 0 | EJ56: 0 | EK56: 0 | EL56: =SUM(EF56:EK56) -> 0 | EQ56: أنثى | ER56: =SUM(EF56) -> 0 | ES56: =SUM(EG56) -> 0 | ET56: =SUM(EH56) -> 0 | EU56: =SUM(EI56) -> 0 | EV56: =SUM(EJ56) -> 0 | EW56: =SUM(EK56) -> 0 | EX56: =SUM(ER56:EW56) -> 0
B57: غير | C57: ذكر | D57: 0 | E57: 0 | F57: 0 | G57: 0 | H57: 0 | I57: 0 | J57: =SUM(D57:I57) -> 0 | K57: 0 | N57: غير | O57: ذكر | P57: 0 | Q57: 0 | R57: 0 | S57: 0 | T57: 0 | U57: 0 | V57: =SUM(P57:U57) -> 0 | W57: 0 | Z57: غير | AA57: ذكر | AB57: 0 | AC57: 0 | AD57: 0 | AE57: 0 | AF57: 0 | AG57: 0 | AH57: =SUM(AB57:AG57) -> 0 | AI57: 0 | AL57: غير | AM57: ذكر | AN57: 0 | AO57: 0 | AP57: 0 | AQ57: 0 | AR57: 0 | AS57: 0 | AT57: =SUM(AN57:AS57) -> 0 | AU57: 0 | AX57: غير | AY57: ذكر | AZ57: 0 | BA57: 0 | BB57: 0 | BC57: 0 | BD57: 0 | BE57: 0 | BF57: =SUM(AZ57:BE57) -> 0 | BG57: 0 | BJ57: غير | BK57: ذكر | BL57: 0 | BM57: 0 | BN57: 0 | BO57: 0 | BP57: 0 | BQ57: 0 | BR57: =SUM(BL57:BQ57) -> 0 | BS57: 0 | BV57: غير | BW57: ذكر | BX57: 0 | BY57: 0 | BZ57: 0 | CA57: 0 | CB57: 0 | CC57: 0 | CD57: =SUM(BX57:CC57) -> 0 | CE57: 0 | CH57: غير | CI57: ذكر | CJ57: 0 | CK57: 0 | CL57: 0 | CM57: 0 | CN57: 0 | CO57: 0 | CP57: =SUM(CJ57:CO57) -> 0 | CQ57: 0 | CT57: غير | CU57: ذكر | CV57: 0 | CW57: 0 | CX57: 0 | CY57: 0 | CZ57: 0 | DA57: 0 | DB57: =SUM(CV57:DA57) -> 0 | DC57: 0 | DF57: غير | DG57: ذكر | DH57: 0 | DI57: 0 | DJ57: 0 | DK57: 0 | DL57: 0 | DM57: 0 | DN57: =SUM(DH57:DM57) -> 0 | DO57: 0 | DR57: غير | DS57: ذكر | DT57: 0 | DU57: 0 | DV57: 0 | DW57: 0 | DX57: 0 | DY57: 0 | DZ57: =SUM(DT57:DY57) -> 0 | EA57: 0 | ED57: غير | EE57: ذكر | EF57: 0 | EG57: 0 | EH57: 0 | EI57: 0 | EJ57: 0 | EK57: 0 | EL57: =SUM(EF57:EK57) -> 0 | EM57: 0 | EP57: غير | EQ57: ذكر | ER57: =SUM(EF57) -> 0 | ES57: =SUM(EG57) -> 0 | ET57: =SUM(EH57) -> 0 | EU57: =SUM(EI57) -> 0 | EV57: =SUM(EJ57) -> 0 | EW57: =SUM(EK57) -> 0 | EX57: =SUM(ER57:EW57) -> 0 | EY57: =SUM(EM57) -> 0
B58: سعودي | C58: أنثى | D58: 0 | E58: 0 | F58: 0 | G58: 0 | H58: 0 | I58: 0 | J58: =SUM(D58:I58) -> 0 | N58: سعودي | O58: أنثى | P58: 0 | Q58: 0 | R58: 0 | S58: 0 | T58: 0 | U58: 0 | V58: =SUM(P58:U58) -> 0 | Z58: سعودي | AA58: أنثى | AB58: 0 | AC58: 0 | AD58: 0 | AE58: 0 | AF58: 0 | AG58: 0 | AH58: =SUM(AB58:AG58) -> 0 | AL58: سعودي | AM58: أنثى | AN58: 0 | AO58: 0 | AP58: 0 | AQ58: 0 | AR58: 0 | AS58: 0 | AT58: =SUM(AN58:AS58) -> 0 | AX58: سعودي | AY58: أنثى | AZ58: 0 | BA58: 0 | BB58: 0 | BC58: 0 | BD58: 0 | BE58: 0 | BF58: =SUM(AZ58:BE58) -> 0 | BJ58: سعودي | BK58: أنثى | BL58: 0 | BM58: 0 | BN58: 0 | BO58: 0 | BP58: 0 | BQ58: 0 | BR58: =SUM(BL58:BQ58) -> 0 | BV58: سعودي | BW58: أنثى | BX58: 0 | BY58: 0 | BZ58: 0 | CA58: 0 | CB58: 0 | CC58: 0 | CD58: =SUM(BX58:CC58) -> 0 | CH58: سعودي | CI58: أنثى | CJ58: 0 | CK58: 0 | CL58: 0 | CM58: 0 | CN58: 0 | CO58: 0 | CP58: =SUM(CJ58:CO58) -> 0 | CT58: سعودي | CU58: أنثى | CV58: 0 | CW58: 0 | CX58: 0 | CY58: 0 | CZ58: 0 | DA58: 0 | DB58: =SUM(CV58:DA58) -> 0 | DF58: سعودي | DG58: أنثى | DH58: 0 | DI58: 0 | DJ58: 0 | DK58: 0 | DL58: 0 | DM58: 0 | DN58: =SUM(DH58:DM58) -> 0 | DR58: سعودي | DS58: أنثى | DT58: 0 | DU58: 0 | DV58: 0 | DW58: 0 | DX58: 0 | DY58: 0 | DZ58: =SUM(DT58:DY58) -> 0 | ED58: سعودي | EE58: أنثى | EF58: 0 | EG58: 0 | EH58: 0 | EI58: 0 | EJ58: 0 | EK58: 0 | EL58: =SUM(EF58:EK58) -> 0 | EP58: سعودي | EQ58: أنثى | ER58: =SUM(EF58) -> 0 | ES58: =SUM(EG58) -> 0 | ET58: =SUM(EH58) -> 0 | EU58: =SUM(EI58) -> 0 | EV58: =SUM(EJ58) -> 0 | EW58: =SUM(EK58) -> 0 | EX58: =SUM(ER58:EW58) -> 0
B59: المجموع | D59: =SUM(D55:D58) -> 0 | E59: =SUM(E55:E58) -> 0 | F59: =SUM(F55:F58) -> 0 | G59: =SUM(G55:G58) -> 0 | H59: =SUM(H55:H58) -> 0 | I59: =SUM(I55:I58) -> 0 | J59: =SUM(J55:J58) -> 0 | K59: =SUM(K55:K58) -> 0 | N59: المجموع | P59: =SUM(P55:P58) -> 0 | Q59: =SUM(Q55:Q58) -> 0 | R59: =SUM(R55:R58) -> 0 | S59: =SUM(S55:S58) -> 0 | T59: =SUM(T55:T58) -> 0 | U59: =SUM(U55:U58) -> 0 | V59: =SUM(V55:V58) -> 0 | W59: =SUM(W55:W58) -> 0 | Z59: المجموع | AB59: =SUM(AB55:AB58) -> 0 | AC59: =SUM(AC55:AC58) -> 0 | AD59: =SUM(AD55:AD58) -> 0 | AE59: =SUM(AE55:AE58) -> 0 | AF59: =SUM(AF55:AF58) -> 0 | AG59: =SUM(AG55:AG58) -> 0 | AH59: =SUM(AH55:AH58) -> 0 | AI59: =SUM(AI55:AI58) -> 0 | AL59: المجموع | AN59: =SUM(AN55:AN58) -> 0 | AO59: =SUM(AO55:AO58) -> 0 | AP59: =SUM(AP55:AP58) -> 0 | AQ59: =SUM(AQ55:AQ58) -> 0 | AR59: =SUM(AR55:AR58) -> 0 | AS59: =SUM(AS55:AS58) -> 0 | AT59: =SUM(AT55:AT58) -> 0 | AU59: =SUM(AU55:AU58) -> 0 | AX59: المجموع | AZ59: =SUM(AZ55:AZ58) -> 0 | BA59: =SUM(BA55:BA58) -> 0 | BB59: =SUM(BB55:BB58) -> 0 | BC59: =SUM(BC55:BC58) -> 0 | BD59: =SUM(BD55:BD58) -> 0 | BE59: =SUM(BE55:BE58) -> 0 | BF59: =SUM(BF55:BF58) -> 0 | BG59: =SUM(BG55:BG58) -> 0 | BJ59: المجموع | BL59: =SUM(BL55:BL58) -> 0 | BM59: =SUM(BM55:BM58) -> 0 | BN59: =SUM(BN55:BN58) -> 0 | BO59: =SUM(BO55:BO58) -> 0 | BP59: =SUM(BP55:BP58) -> 0 | BQ59: =SUM(BQ55:BQ58) -> 0 | BR59: =SUM(BR55:BR58) -> 0 | BS59: =SUM(BS55:BS58) -> 0 | BV59: المجموع | BX59: =SUM(BX55:BX58) -> 0 | BY59: =SUM(BY55:BY58) -> 0 | BZ59: =SUM(BZ55:BZ58) -> 0 | CA59: =SUM(CA55:CA58) -> 0 | CB59: =SUM(CB55:CB58) -> 0 | CC59: =SUM(CC55:CC58) -> 0 | CD59: =SUM(CD55:CD58) -> 0 | CE59: =SUM(CE55:CE58) -> 0 | CH59: المجموع | CJ59: =SUM(CJ55:CJ58) -> 0 | CK59: =SUM(CK55:CK58) -> 0 | CL59: =SUM(CL55:CL58) -> 0 | CM59: =SUM(CM55:CM58) -> 0 | CN59: =SUM(CN55:CN58) -> 0 | CO59: =SUM(CO55:CO58) -> 0 | CP59: =SUM(CP55:CP58) -> 0 | CQ59: =SUM(CQ55:CQ58) -> 0 | CT59: المجموع | CV59: =SUM(CV55:CV58) -> 0 | CW59: =SUM(CW55:CW58) -> 0 | CX59: =SUM(CX55:CX58) -> 0 | CY59: =SUM(CY55:CY58) -> 0 | CZ59: =SUM(CZ55:CZ58) -> 0 | DA59: =SUM(DA55:DA58) -> 0 | DB59: =SUM(DB55:DB58) -> 0 | DC59: =SUM(DC55:DC58) -> 0 | DF59: المجموع | DH59: =SUM(DH55:DH58) -> 0 | DI59: =SUM(DI55:DI58) -> 0 | DJ59: =SUM(DJ55:DJ58) -> 0 | DK59: =SUM(DK55:DK58) -> 0 | DL59: =SUM(DL55:DL58) -> 0 | DM59: =SUM(DM55:DM58) -> 0 | DN59: =SUM(DN55:DN58) -> 0 | DO59: =SUM(DO55:DO58) -> 0 | DR59: المجموع | DT59: =SUM(DT55:DT58) -> 0 | DU59: =SUM(DU55:DU58) -> 0 | DV59: =SUM(DV55:DV58) -> 0 | DW59: =SUM(DW55:DW58) -> 0 | DX59: =SUM(DX55:DX58) -> 0 | DY59: =SUM(DY55:DY58) -> 0 | DZ59: =SUM(DZ55:DZ58) -> 0 | EA59: =SUM(EA55:EA58) -> 0 | ED59: المجموع | EF59: =SUM(EF55:EF58) -> 0 | EG59: =SUM(EG55:EG58) -> 0 | EH59: =SUM(EH55:EH58) -> 0 | EI59: =SUM(EI55:EI58) -> 0 | EJ59: =SUM(EJ55:EJ58) -> 0 | EK59: =SUM(EK55:EK58) -> 0 | EL59: =SUM(EL55:EL58) -> 0 | EM59: =SUM(EM55:EM58) -> 0 | EP59: المجموع | ER59: =SUM(ER55:ER58) -> 0 | ES59: =SUM(ES55:ES58) -> 0 | ET59: =SUM(ET55:ET58) -> 0 | EU59: =SUM(EU55:EU58) -> 0 | EV59: =SUM(EV55:EV58) -> 0 | EW59: =SUM(EW55:EW58) -> 0 | EX59: =SUM(EX55:EX58) -> 0 | EY59: =SUM(EY55:EY58) -> 0
B60: سعودي | C60: ذكر | D60: 0 | E60: 0 | F60: 0 | G60: 0 | H60: 0 | I60: 0 | J60: =SUM(D60:I60) -> 0 | K60: 0 | M60: =A60 -> 0 | N60: سعودي | O60: ذكر | P60: 0 | Q60: 0 | R60: 0 | S60: 0 | T60: 0 | U60: 0 | V60: =SUM(P60:U60) -> 0 | W60: 0 | Y60: =M60 -> 0 | Z60: سعودي | AA60: ذكر | AB60: 0 | AC60: 0 | AD60: 0 | AE60: 0 | AF60: 0 | AG60: 0 | AH60: =SUM(AB60:AG60) -> 0 | AI60: 0 | AK60: =Y60 -> 0 | AL60: سعودي | AM60: ذكر | AN60: 0 | AO60: 0 | AP60: 0 | AQ60: 0 | AR60: 0 | AS60: 0 | AT60: =SUM(AN60:AS60) -> 0 | AU60: 0 | AW60: =AK60 -> 0 | AX60: سعودي | AY60: ذكر | AZ60: 0 | BA60: 0 | BB60: 0 | BC60: 0 | BD60: 0 | BE60: 0 | BF60: =SUM(AZ60:BE60) -> 0 | BG60: 0 | BI60: =AW60 -> 0 | BJ60: سعودي | BK60: ذكر | BL60: 0 | BM60: 0 | BN60: 0 | BO60: 0 | BP60: 0 | BQ60: 0 | BR60: =SUM(BL60:BQ60) -> 0 | BS60: 0 | BU60: =BI60 -> 0 | BV60: سعودي | BW60: ذكر | BX60: 0 | BY60: 0 | BZ60: 0 | CA60: 0 | CB60: 0 | CC60: 0 | CD60: =SUM(BX60:CC60) -> 0 | CE60: 0 | CG60: =BU60 -> 0 | CH60: سعودي | CI60: ذكر | CJ60: 0 | CK60: 0 | CL60: 0 | CM60: 0 | CN60: 0 | CO60: 0 | CP60: =SUM(CJ60:CO60) -> 0 | CQ60: 0 | CS60: =CG60 -> 0 | CT60: سعودي | CU60: ذكر | CV60: 0 | CW60: 0 | CX60: 0 | CY60: 0 | CZ60: 0 | DA60: 0 | DB60: =SUM(CV60:DA60) -> 0 | DC60: 0 | DE60: =CS60 -> 0 | DF60: سعودي | DG60: ذكر | DH60: 0 | DI60: 0 | DJ60: 0 | DK60: 0 | DL60: 0 | DM60: 0 | DN60: =SUM(DH60:DM60) -> 0 | DO60: 0 | DQ60: =DE60 -> 0 | DR60: سعودي | DS60: ذكر | DT60: 0 | DU60: 0 | DV60: 0 | DW60: 0 | DX60: 0 | DY60: 0 | DZ60: =SUM(DT60:DY60) -> 0 | EA60: 0 | EC60: =DQ60 -> 0 | ED60: سعودي | EE60: ذكر | EF60: 0 | EG60: 0 | EH60: 0 | EI60: 0 | EJ60: 0 | EK60: 0 | EL60: =SUM(EF60:EK60) -> 0 | EM60: 0 | EO60: =EC60 -> 0 | EP60: سعودي | EQ60: ذكر | ER60: =SUM(EF60) -> 0 | ES60: =SUM(EG60) -> 0 | ET60: =SUM(EH60) -> 0 | EU60: =SUM(EI60) -> 0 | EV60: =SUM(EJ60) -> 0 | EW60: =SUM(EK60) -> 0 | EX60: =SUM(ER60:EW60) -> 0 | EY60: =SUM(EM60) -> 0
C61: أنثى | D61: 0 | E61: 0 | F61: 0 | G61: 0 | H61: 0 | I61: 0 | J61: =SUM(D61:I61) -> 0 | O61: أنثى | P61: 0 | Q61: 0 | R61: 0 | S61: 0 | T61: 0 | U61: 0 | V61: =SUM(P61:U61) -> 0 | AA61: أنثى | AB61: 0 | AC61: 0 | AD61: 0 | AE61: 0 | AF61: 0 | AG61: 0 | AH61: =SUM(AB61:AG61) -> 0 | AM61: أنثى | AN61: 0 | AO61: 0 | AP61: 0 | AQ61: 0 | AR61: 0 | AS61: 0 | AT61: =SUM(AN61:AS61) -> 0 | AY61: أنثى | AZ61: 0 | BA61: 0 | BB61: 0 | BC61: 0 | BD61: 0 | BE61: 0 | BF61: =SUM(AZ61:BE61) -> 0 | BK61: أنثى | BL61: 0 | BM61: 0 | BN61: 0 | BO61: 0 | BP61: 0 | BQ61: 0 | BR61: =SUM(BL61:BQ61) -> 0 | BW61: أنثى | BX61: 0 | BY61: 0 | BZ61: 0 | CA61: 0 | CB61: 0 | CC61: 0 | CD61: =SUM(BX61:CC61) -> 0 | CI61: أنثى | CJ61: 0 | CK61: 0 | CL61: 0 | CM61: 0 | CN61: 0 | CO61: 0 | CP61: =SUM(CJ61:CO61) -> 0 | CU61: أنثى | CV61: 0 | CW61: 0 | CX61: 0 | CY61: 0 | CZ61: 0 | DA61: 0 | DB61: =SUM(CV61:DA61) -> 0 | DG61: أنثى | DH61: 0 | DI61: 0 | DJ61: 0 | DK61: 0 | DL61: 0 | DM61: 0 | DN61: =SUM(DH61:DM61) -> 0 | DS61: أنثى | DT61: 0 | DU61: 0 | DV61: 0 | DW61: 0 | DX61: 0 | DY61: 0 | DZ61: =SUM(DT61:DY61) -> 0 | EE61: أنثى | EF61: 0 | EG61: 0 | EH61: 0 | EI61: 0 | EJ61: 0 | EK61: 0 | EL61: =SUM(EF61:EK61) -> 0 | EQ61: أنثى | ER61: =SUM(EF61) -> 0 | ES61: =SUM(EG61) -> 0 | ET61: =SUM(EH61) -> 0 | EU61: =SUM(EI61) -> 0 | EV61: =SUM(EJ61) -> 0 | EW61: =SUM(EK61) -> 0 | EX61: =SUM(ER61:EW61) -> 0
B62: غير | C62: ذكر | D62: 0 | E62: 0 | F62: 0 | G62: 0 | H62: 0 | I62: 0 | J62: =SUM(D62:I62) -> 0 | K62: 0 | N62: غير | O62: ذكر | P62: 0 | Q62: 0 | R62: 0 | S62: 0 | T62: 0 | U62: 0 | V62: =SUM(P62:U62) -> 0 | W62: 0 | Z62: غير | AA62: ذكر | AB62: 0 | AC62: 0 | AD62: 0 | AE62: 0 | AF62: 0 | AG62: 0 | AH62: =SUM(AB62:AG62) -> 0 | AI62: 0 | AL62: غير | AM62: ذكر | AN62: 0 | AO62: 0 | AP62: 0 | AQ62: 0 | AR62: 0 | AS62: 0 | AT62: =SUM(AN62:AS62) -> 0 | AU62: 0 | AX62: غير | AY62: ذكر | AZ62: 0 | BA62: 0 | BB62: 0 | BC62: 0 | BD62: 0 | BE62: 0 | BF62: =SUM(AZ62:BE62) -> 0 | BG62: 0 | BJ62: غير | BK62: ذكر | BL62: 0 | BM62: 0 | BN62: 0 | BO62: 0 | BP62: 0 | BQ62: 0 | BR62: =SUM(BL62:BQ62) -> 0 | BS62: 0 | BV62: غير | BW62: ذكر | BX62: 0 | BY62: 0 | BZ62: 0 | CA62: 0 | CB62: 0 | CC62: 0 | CD62: =SUM(BX62:CC62) -> 0 | CE62: 0 | CH62: غير | CI62: ذكر | CJ62: 0 | CK62: 0 | CL62: 0 | CM62: 0 | CN62: 0 | CO62: 0 | CP62: =SUM(CJ62:CO62) -> 0 | CQ62: 0 | CT62: غير | CU62: ذكر | CV62: 0 | CW62: 0 | CX62: 0 | CY62: 0 | CZ62: 0 | DA62: 0 | DB62: =SUM(CV62:DA62) -> 0 | DC62: 0 | DF62: غير | DG62: ذكر | DH62: 0 | DI62: 0 | DJ62: 0 | DK62: 0 | DL62: 0 | DM62: 0 | DN62: =SUM(DH62:DM62) -> 0 | DO62: 0 | DR62: غير | DS62: ذكر | DT62: 0 | DU62: 0 | DV62: 0 | DW62: 0 | DX62: 0 | DY62: 0 | DZ62: =SUM(DT62:DY62) -> 0 | EA62: 0 | ED62: غير | EE62: ذكر | EF62: 0 | EG62: 0 | EH62: 0 | EI62: 0 | EJ62: 0 | EK62: 0 | EL62: =SUM(EF62:EK62) -> 0 | EM62: 0 | EP62: غير | EQ62: ذكر | ER62: =SUM(EF62) -> 0 | ES62: =SUM(EG62) -> 0 | ET62: =SUM(EH62) -> 0 | EU62: =SUM(EI62) -> 0 | EV62: =SUM(EJ62) -> 0 | EW62: =SUM(EK62) -> 0 | EX62: =SUM(ER62:EW62) -> 0 | EY62: =SUM(EM62) -> 0
B63: سعودي | C63: أنثى | D63: 0 | E63: 0 | F63: 0 | G63: 0 | H63: 0 | I63: 0 | J63: =SUM(D63:I63) -> 0 | N63: سعودي | O63: أنثى | P63: 0 | Q63: 0 | R63: 0 | S63: 0 | T63: 0 | U63: 0 | V63: =SUM(P63:U63) -> 0 | Z63: سعودي | AA63: أنثى | AB63: 0 | AC63: 0 | AD63: 0 | AE63: 0 | AF63: 0 | AG63: 0 | AH63: =SUM(AB63:AG63) -> 0 | AL63: سعودي | AM63: أنثى | AN63: 0 | AO63: 0 | AP63: 0 | AQ63: 0 | AR63: 0 | AS63: 0 | AT63: =SUM(AN63:AS63) -> 0 | AX63: سعودي | AY63: أنثى | AZ63: 0 | BA63: 0 | BB63: 0 | BC63: 0 | BD63: 0 | BE63: 0 | BF63: =SUM(AZ63:BE63) -> 0 | BJ63: سعودي | BK63: أنثى | BL63: 0 | BM63: 0 | BN63: 0 | BO63: 0 | BP63: 0 | BQ63: 0 | BR63: =SUM(BL63:BQ63) -> 0 | BV63: سعودي | BW63: أنثى | BX63: 0 | BY63: 0 | BZ63: 0 | CA63: 0 | CB63: 0 | CC63: 0 | CD63: =SUM(BX63:CC63) -> 0 | CH63: سعودي | CI63: أنثى | CJ63: 0 | CK63: 0 | CL63: 0 | CM63: 0 | CN63: 0 | CO63: 0 | CP63: =SUM(CJ63:CO63) -> 0 | CT63: سعودي | CU63: أنثى | CV63: 0 | CW63: 0 | CX63: 0 | CY63: 0 | CZ63: 0 | DA63: 0 | DB63: =SUM(CV63:DA63) -> 0 | DF63: سعودي | DG63: أنثى | DH63: 0 | DI63: 0 | DJ63: 0 | DK63: 0 | DL63: 0 | DM63: 0 | DN63: =SUM(DH63:DM63) -> 0 | DR63: سعودي | DS63: أنثى | DT63: 0 | DU63: 0 | DV63: 0 | DW63: 0 | DX63: 0 | DY63: 0 | DZ63: =SUM(DT63:DY63) -> 0 | ED63: سعودي | EE63: أنثى | EF63: 0 | EG63: 0 | EH63: 0 | EI63: 0 | EJ63: 0 | EK63: 0 | EL63: =SUM(EF63:EK63) -> 0 | EP63: سعودي | EQ63: أنثى | ER63: =SUM(EF63) -> 0 | ES63: =SUM(EG63) -> 0 | ET63: =SUM(EH63) -> 0 | EU63: =SUM(EI63) -> 0 | EV63: =SUM(EJ63) -> 0 | EW63: =SUM(EK63) -> 0 | EX63: =SUM(ER63:EW63) -> 0
B64: المجموع | D64: =SUM(D60:D63) -> 0 | E64: =SUM(E60:E63) -> 0 | F64: =SUM(F60:F63) -> 0 | G64: =SUM(G60:G63) -> 0 | H64: =SUM(H60:H63) -> 0 | I64: =SUM(I60:I63) -> 0 | J64: =SUM(J60:J63) -> 0 | K64: =SUM(K60:K63) -> 0 | N64: المجموع | P64: =SUM(P60:P63) -> 0 | Q64: =SUM(Q60:Q63) -> 0 | R64: =SUM(R60:R63) -> 0 | S64: =SUM(S60:S63) -> 0 | T64: =SUM(T60:T63) -> 0 | U64: =SUM(U60:U63) -> 0 | V64: =SUM(V60:V63) -> 0 | W64: =SUM(W60:W63) -> 0 | Z64: المجموع | AB64: =SUM(AB60:AB63) -> 0 | AC64: =SUM(AC60:AC63) -> 0 | AD64: =SUM(AD60:AD63) -> 0 | AE64: =SUM(AE60:AE63) -> 0 | AF64: =SUM(AF60:AF63) -> 0 | AG64: =SUM(AG60:AG63) -> 0 | AH64: =SUM(AH60:AH63) -> 0 | AI64: =SUM(AI60:AI63) -> 0 | AL64: المجموع | AN64: =SUM(AN60:AN63) -> 0 | AO64: =SUM(AO60:AO63) -> 0 | AP64: =SUM(AP60:AP63) -> 0 | AQ64: =SUM(AQ60:AQ63) -> 0 | AR64: =SUM(AR60:AR63) -> 0 | AS64: =SUM(AS60:AS63) -> 0 | AT64: =SUM(AT60:AT63) -> 0 | AU64: =SUM(AU60:AU63) -> 0 | AX64: المجموع | AZ64: =SUM(AZ60:AZ63) -> 0 | BA64: =SUM(BA60:BA63) -> 0 | BB64: =SUM(BB60:BB63) -> 0 | BC64: =SUM(BC60:BC63) -> 0 | BD64: =SUM(BD60:BD63) -> 0 | BE64: =SUM(BE60:BE63) -> 0 | BF64: =SUM(BF60:BF63) -> 0 | BG64: =SUM(BG60:BG63) -> 0 | BJ64: المجموع | BL64: =SUM(BL60:BL63) -> 0 | BM64: =SUM(BM60:BM63) -> 0 | BN64: =SUM(BN60:BN63) -> 0 | BO64: =SUM(BO60:BO63) -> 0 | BP64: =SUM(BP60:BP63) -> 0 | BQ64: =SUM(BQ60:BQ63) -> 0 | BR64: =SUM(BR60:BR63) -> 0 | BS64: =SUM(BS60:BS63) -> 0 | BV64: المجموع | BX64: =SUM(BX60:BX63) -> 0 | BY64: =SUM(BY60:BY63) -> 0 | BZ64: =SUM(BZ60:BZ63) -> 0 | CA64: =SUM(CA60:CA63) -> 0 | CB64: =SUM(CB60:CB63) -> 0 | CC64: =SUM(CC60:CC63) -> 0 | CD64: =SUM(CD60:CD63) -> 0 | CE64: =SUM(CE60:CE63) -> 0 | CH64: المجموع | CJ64: =SUM(CJ60:CJ63) -> 0 | CK64: =SUM(CK60:CK63) -> 0 | CL64: =SUM(CL60:CL63) -> 0 | CM64: =SUM(CM60:CM63) -> 0 | CN64: =SUM(CN60:CN63) -> 0 | CO64: =SUM(CO60:CO63) -> 0 | CP64: =SUM(CP60:CP63) -> 0 | CQ64: =SUM(CQ60:CQ63) -> 0 | CT64: المجموع | CV64: =SUM(CV60:CV63) -> 0 | CW64: =SUM(CW60:CW63) -> 0 | CX64: =SUM(CX60:CX63) -> 0 | CY64: =SUM(CY60:CY63) -> 0 | CZ64: =SUM(CZ60:CZ63) -> 0 | DA64: =SUM(DA60:DA63) -> 0 | DB64: =SUM(DB60:DB63) -> 0 | DC64: =SUM(DC60:DC63) -> 0 | DF64: المجموع | DH64: =SUM(DH60:DH63) -> 0 | DI64: =SUM(DI60:DI63) -> 0 | DJ64: =SUM(DJ60:DJ63) -> 0 | DK64: =SUM(DK60:DK63) -> 0 | DL64: =SUM(DL60:DL63) -> 0 | DM64: =SUM(DM60:DM63) -> 0 | DN64: =SUM(DN60:DN63) -> 0 | DO64: =SUM(DO60:DO63) -> 0 | DR64: المجموع | DT64: =SUM(DT60:DT63) -> 0 | DU64: =SUM(DU60:DU63) -> 0 | DV64: =SUM(DV60:DV63) -> 0 | DW64: =SUM(DW60:DW63) -> 0 | DX64: =SUM(DX60:DX63) -> 0 | DY64: =SUM(DY60:DY63) -> 0 | DZ64: =SUM(DZ60:DZ63) -> 0 | EA64: =SUM(EA60:EA63) -> 0 | ED64: المجموع | EF64: =SUM(EF60:EF63) -> 0 | EG64: =SUM(EG60:EG63) -> 0 | EH64: =SUM(EH60:EH63) -> 0 | EI64: =SUM(EI60:EI63) -> 0 | EJ64: =SUM(EJ60:EJ63) -> 0 | EK64: =SUM(EK60:EK63) -> 0 | EL64: =SUM(EL60:EL63) -> 0 | EM64: =SUM(EM60:EM63) -> 0 | EP64: المجموع | ER64: =SUM(ER60:ER63) -> 0 | ES64: =SUM(ES60:ES63) -> 0 | ET64: =SUM(ET60:ET63) -> 0 | EU64: =SUM(EU60:EU63) -> 0 | EV64: =SUM(EV60:EV63) -> 0 | EW64: =SUM(EW60:EW63) -> 0 | EX64: =SUM(EX60:EX63) -> 0 | EY64: =SUM(EY60:EY63) -> 0
A66: إجمالي مراكز شرق جدة | D66: شهر | E66: =E2 -> 1 | F66: 1447 | G66: بيان عدد السكان والأسر المشمولين بالخدمة من واقع الملفات الصحية | M66: إجمالي مراكز شرق جدة | P66: شهر | Q66: =Q2 -> 2 | R66: 1447 | S66: بيان عدد السكان والأسر المشمولين بالخدمة من واقع الملفات الصحية | Y66: إجمالي مراكز شرق جدة | AB66: شهر | AC66: =AC2 -> 3 | AD66: 1447 | AE66: بيان عدد السكان والأسر المشمولين بالخدمة من واقع الملفات الصحية | AK66: إجمالي مراكز شرق جدة | AN66: شهر | AO66: =AO2 -> 4 | AP66: 1447 | AQ66: بيان عدد السكان والأسر المشمولين بالخدمة من واقع الملفات الصحية | AW66: إجمالي مراكز شرق جدة | AZ66: شهر | BA66: =BA2 -> 5 | BB66: 1447 | BC66: بيان عدد السكان والأسر المشمولين بالخدمة من واقع الملفات الصحية | BI66: إجمالي مراكز شرق جدة | BL66: شهر | BM66: =BM2 -> 6 | BN66: 1447 | BO66: بيان عدد السكان والأسر المشمولين بالخدمة من واقع الملفات الصحية | BU66: إجمالي مراكز شرق جدة | BX66: شهر | BY66: =BY2 -> 7 | BZ66: 1447 | CA66: بيان عدد السكان والأسر المشمولين بالخدمة من واقع الملفات الصحية | CG66: إجمالي مراكز شرق جدة | CJ66: شهر | CK66: =CK2 -> 8 | CL66: 1447 | CM66: بيان عدد السكان والأسر المشمولين بالخدمة من واقع الملفات الصحية | CS66: إجمالي مراكز شرق جدة | CV66: شهر | CW66: =CW2 -> 9 | CX66: 1447 | CY66: بيان عدد السكان والأسر المشمولين بالخدمة من واقع الملفات الصحية | DE66: إجمالي مراكز شرق جدة | DH66: شهر | DI66: =DI2 -> 10 | DJ66: 1447 | DK66: بيان عدد السكان والأسر المشمولين بالخدمة من واقع الملفات الصحية | DQ66: إجمالي مراكز شرق جدة | DT66: شهر | DU66: =DU2 -> 11 | DV66: 1447 | DW66: بيان عدد السكان والأسر المشمولين بالخدمة من واقع الملفات الصحية | EC66: إجمالي مراكز شرق جدة | EF66: شهر | EG66: =EG2 -> 12 | EH66: 1447 | EI66: بيان عدد السكان والأسر المشمولين بالخدمة من واقع الملفات الصحية | EO66: إجمالي مراكز شرق جدة | ES66: عام | ET66: 1447 | EY66: بيان عدد السكان والأسر المشمولين بالخدمة من واقع الملفات الصحية
A67: مراكز | B67: الجنسية | C67: الجنس | D67: الفئات العمرية | J67: الإجمالي | K67: عدد الأسر | M67: مراكز | N67: الجنسية | O67: الجنس | P67: الفئات العمرية | V67: الإجمالي | W67: عدد الأسر | Y67: مراكز | Z67: الجنسية | AA67: الجنس | AB67: الفئات العمرية | AH67: الإجمالي | AI67: عدد الأسر | AK67: مراكز | AL67: الجنسية | AM67: الجنس | AN67: الفئات العمرية | AT67: الإجمالي | AU67: عدد الأسر | AW67: مراكز | AX67: الجنسية | AY67: الجنس | AZ67: الفئات العمرية | BF67: الإجمالي | BG67: عدد الأسر | BI67: مراكز | BJ67: الجنسية | BK67: الجنس | BL67: الفئات العمرية | BR67: الإجمالي | BS67: عدد الأسر | BU67: مراكز | BV67: الجنسية | BW67: الجنس | BX67: الفئات العمرية | CD67: الإجمالي | CE67: عدد الأسر | CG67: مراكز | CH67: الجنسية | CI67: الجنس | CJ67: الفئات العمرية | CP67: الإجمالي | CQ67: عدد الأسر | CS67: مراكز | CT67: الجنسية | CU67: الجنس | CV67: الفئات العمرية | DB67: الإجمالي | DC67: عدد الأسر | DE67: مراكز | DF67: الجنسية | DG67: الجنس | DH67: الفئات العمرية | DN67: الإجمالي | DO67: عدد الأسر | DQ67: مراكز | DR67: الجنسية | DS67: الجنس | DT67: الفئات العمرية | DZ67: الإجمالي | EA67: عدد الأسر | EC67: مراكز | ED67: الجنسية | EE67: الجنس | EF67: الفئات العمرية | EL67: الإجمالي | EM67: عدد الأسر | EO67: مراكز | EP67: الجنسية | EQ67: الجنس | ER67: الفئات العمرية | EX67: الإجمالي | EY67: عدد الأسر
D68: أقل من سنة | E68: من 4:1 | F68: من14:5 | G68: من44:15 | H68: من60:45 | I68: أكثر من 60 | P68: أقل من سنة | Q68: من 4:1 | R68: من14:5 | S68: من44:15 | T68: من60:45 | U68: أكثر من 60 | AB68: أقل من سنة | AC68: من 4:1 | AD68: من14:5 | AE68: من44:15 | AF68: من60:45 | AG68: أكثر من 60 | AN68: أقل من سنة | AO68: من 4:1 | AP68: من14:5 | AQ68: من44:15 | AR68: من60:45 | AS68: أكثر من 60 | AZ68: أقل من سنة | BA68: من 4:1 | BB68: من14:5 | BC68: من44:15 | BD68: من60:45 | BE68: أكثر من 60 | BL68: أقل من سنة | BM68: من 4:1 | BN68: من14:5 | BO68: من44:15 | BP68: من60:45 | BQ68: أكثر من 60 | BX68: أقل من سنة | BY68: من 4:1 | BZ68: من14:5 | CA68: من44:15 | CB68: من60:45 | CC68: أكثر من 60 | CJ68: أقل من سنة | CK68: من 4:1 | CL68: من14:5 | CM68: من44:15 | CN68: من60:45 | CO68: أكثر من 60 | CV68: أقل من سنة | CW68: من 4:1 | CX68: من14:5 | CY68: من44:15 | CZ68: من60:45 | DA68: أكثر من 60 | DH68: أقل من سنة | DI68: من 4:1 | DJ68: من14:5 | DK68: من44:15 | DL68: من60:45 | DM68: أكثر من 60 | DT68: أقل من سنة | DU68: من 4:1 | DV68: من14:5 | DW68: من44:15 | DX68: من60:45 | DY68: أكثر من 60 | EF68: أقل من سنة | EG68: من 4:1 | EH68: من14:5 | EI68: من44:15 | EJ68: من60:45 | EK68: أكثر من 60 | ER68: أقل من سنة | ES68: من 4:1 | ET68: من14:5 | EU68: من44:15 | EV68: من60:45 | EW68: أكثر من 60
A69: مراكز شرق جدة | B69: سعودي | C69: ذكر | D69: =D5+D10+D15+D20+D25+D30+D35+D40+D45+D50+D55+D60 -> 8169 | E69: =E5+E10+E15+E20+E25+E30+E35+E40+E45+E50+E55+E60 -> 20698 | F69: =F5+F10+F15+F20+F25+F30+F35+F40+F45+F50+F55+F60 -> 39558 | G69: =G5+G10+G15+G20+G25+G30+G35+G40+G45+G50+G55+G60 -> 60478 | H69: =H5+H10+H15+H20+H25+H30+H35+H40+H45+H50+H55+H60 -> 16703 | I69: =I5+I10+I15+I20+I25+I30+I35+I40+I45+I50+I55+I60 -> 6882 | J69: =SUM(D69:I69) -> 152488 | K69: =K5+K10+K15+K20+K25+K30+K35+K40+K45+K50+K55+K60 -> 57225 | M69: مراكز شرق جدة | N69: سعودي | O69: ذكر | P69: =P5+P10+P15+P20+P25+P30+P35+P40+P45+P50+P55+P60 -> #VALUE! | Q69: =Q5+Q10+Q15+Q20+Q25+Q30+Q35+Q40+Q45+Q50+Q55+Q60 -> 20698 | R69: =R5+R10+R15+R20+R25+R30+R35+R40+R45+R50+R55+R60 -> 39558 | S69: =S5+S10+S15+S20+S25+S30+S35+S40+S45+S50+S55+S60 -> 60478 | T69: =T5+T10+T15+T20+T25+T30+T35+T40+T45+T50+T55+T60 -> 16703 | U69: =U5+U10+U15+U20+U25+U30+U35+U40+U45+U50+U55+U60 -> 6882 | V69: =SUM(P69:U69) -> #VALUE! | W69: =W5+W10+W15+W20+W25+W30+W35+W40+W45+W50+W55+W60 -> 57225 | Y69: مراكز شرق جدة | Z69: سعودي | AA69: ذكر | AB69: =AB5+AB10+AB15+AB20+AB25+AB30+AB35+AB40+AB45+AB50+AB55+AB60 -> #VALUE! | AC69: =AC5+AC10+AC15+AC20+AC25+AC30+AC35+AC40+AC45+AC50+AC55+AC60 -> 20698 | AD69: =AD5+AD10+AD15+AD20+AD25+AD30+AD35+AD40+AD45+AD50+AD55+AD60 -> 39558 | AE69: =AE5+AE10+AE15+AE20+AE25+AE30+AE35+AE40+AE45+AE50+AE55+AE60 -> 60478 | AF69: =AF5+AF10+AF15+AF20+AF25+AF30+AF35+AF40+AF45+AF50+AF55+AF60 -> 16703 | AG69: =AG5+AG10+AG15+AG20+AG25+AG30+AG35+AG40+AG45+AG50+AG55+AG60 -> 6882 | AH69: =SUM(AB69:AG69) -> #VALUE! | AI69: =AI5+AI10+AI15+AI20+AI25+AI30+AI35+AI40+AI45+AI50+AI55+AI60 -> 57225 | AK69: مراكز شرق جدة | AL69: سعودي | AM69: ذكر | AN69: =AN5+AN10+AN15+AN20+AN25+AN30+AN35+AN40+AN45+AN50+AN55+AN60 -> #VALUE! | AO69: =AO5+AO10+AO15+AO20+AO25+AO30+AO35+AO40+AO45+AO50+AO55+AO60 -> 20698 | AP69: =AP5+AP10+AP15+AP20+AP25+AP30+AP35+AP40+AP45+AP50+AP55+AP60 -> 39558 | AQ69: =AQ5+AQ10+AQ15+AQ20+AQ25+AQ30+AQ35+AQ40+AQ45+AQ50+AQ55+AQ60 -> 60478 | AR69: =AR5+AR10+AR15+AR20+AR25+AR30+AR35+AR40+AR45+AR50+AR55+AR60 -> 16703 | AS69: =AS5+AS10+AS15+AS20+AS25+AS30+AS35+AS40+AS45+AS50+AS55+AS60 -> 6882 | AT69: =SUM(AN69:AS69) -> #VALUE! | AU69: =AU5+AU10+AU15+AU20+AU25+AU30+AU35+AU40+AU45+AU50+AU55+AU60 -> 57225 | AW69: مراكز شرق جدة | AX69: سعودي | AY69: ذكر | AZ69: =AZ5+AZ10+AZ15+AZ20+AZ25+AZ30+AZ35+AZ40+AZ45+AZ50+AZ55+AZ60 -> #VALUE! | BA69: =BA5+BA10+BA15+BA20+BA25+BA30+BA35+BA40+BA45+BA50+BA55+BA60 -> 20698 | BB69: =BB5+BB10+BB15+BB20+BB25+BB30+BB35+BB40+BB45+BB50+BB55+BB60 -> 39558 | BC69: =BC5+BC10+BC15+BC20+BC25+BC30+BC35+BC40+BC45+BC50+BC55+BC60 -> 60478 | BD69: =BD5+BD10+BD15+BD20+BD25+BD30+BD35+BD40+BD45+BD50+BD55+BD60 -> 16703 | BE69: =BE5+BE10+BE15+BE20+BE25+BE30+BE35+BE40+BE45+BE50+BE55+BE60 -> 6882 | BF69: =SUM(AZ69:BE69) -> #VALUE! | BG69: =BG5+BG10+BG15+BG20+BG25+BG30+BG35+BG40+BG45+BG50+BG55+BG60 -> 57225 | BI69: مراكز شرق جدة | BJ69: سعودي | BK69: ذكر | BL69: =BL5+BL10+BL15+BL20+BL25+BL30+BL35+BL40+BL45+BL50+BL55+BL60 -> #VALUE! | BM69: =BM5+BM10+BM15+BM20+BM25+BM30+BM35+BM40+BM45+BM50+BM55+BM60 -> 20698 | BN69: =BN5+BN10+BN15+BN20+BN25+BN30+BN35+BN40+BN45+BN50+BN55+BN60 -> 39558 | BO69: =BO5+BO10+BO15+BO20+BO25+BO30+BO35+BO40+BO45+BO50+BO55+BO60 -> 60478 | BP69: =BP5+BP10+BP15+BP20+BP25+BP30+BP35+BP40+BP45+BP50+BP55+BP60 -> 16703 | BQ69: =BQ5+BQ10+BQ15+BQ20+BQ25+BQ30+BQ35+BQ40+BQ45+BQ50+BQ55+BQ60 -> 6882 | BR69: =SUM(BL69:BQ69) -> #VALUE! | BS69: =BS5+BS10+BS15+BS20+BS25+BS30+BS35+BS40+BS45+BS50+BS55+BS60 -> 57225 | BU69: مراكز شرق جدة | BV69: سعودي | BW69: ذكر | BX69: =BX5+BX10+BX15+BX20+BX25+BX30+BX35+BX40+BX45+BX50+BX55+BX60 -> #VALUE! | BY69: =BY5+BY10+BY15+BY20+BY25+BY30+BY35+BY40+BY45+BY50+BY55+BY60 -> 20698 | BZ69: =BZ5+BZ10+BZ15+BZ20+BZ25+BZ30+BZ35+BZ40+BZ45+BZ50+BZ55+BZ60 -> 39558 | CA69: =CA5+CA10+CA15+CA20+CA25+CA30+CA35+CA40+CA45+CA50+CA55+CA60 -> 60478 | CB69: =CB5+CB10+CB15+CB20+CB25+CB30+CB35+CB40+CB45+CB50+CB55+CB60 -> 16703 | CC69: =CC5+CC10+CC15+CC20+CC25+CC30+CC35+CC40+CC45+CC50+CC55+CC60 -> 6882 | CD69: =SUM(BX69:CC69) -> #VALUE! | CE69: =CE5+CE10+CE15+CE20+CE25+CE30+CE35+CE40+CE45+CE50+CE55+CE60 -> 57225 | CG69: مراكز شرق جدة | CH69: سعودي | CI69: ذكر | CJ69: =CJ5+CJ10+CJ15+CJ20+CJ25+CJ30+CJ35+CJ40+CJ45+CJ50+CJ55+CJ60 -> #VALUE! | CK69: =CK5+CK10+CK15+CK20+CK25+CK30+CK35+CK40+CK45+CK50+CK55+CK60 -> 20698 | CL69: =CL5+CL10+CL15+CL20+CL25+CL30+CL35+CL40+CL45+CL50+CL55+CL60 -> 39558 | CM69: =CM5+CM10+CM15+CM20+CM25+CM30+CM35+CM40+CM45+CM50+CM55+CM60 -> 60478 | CN69: =CN5+CN10+CN15+CN20+CN25+CN30+CN35+CN40+CN45+CN50+CN55+CN60 -> 16703 | CO69: =CO5+CO10+CO15+CO20+CO25+CO30+CO35+CO40+CO45+CO50+CO55+CO60 -> 6882 | CP69: =SUM(CJ69:CO69) -> #VALUE! | CQ69: =CQ5+CQ10+CQ15+CQ20+CQ25+CQ30+CQ35+CQ40+CQ45+CQ50+CQ55+CQ60 -> 57225 | CS69: مراكز شرق جدة | CT69: سعودي | CU69: ذكر | CV69: =CV5+CV10+CV15+CV20+CV25+CV30+CV35+CV40+CV45+CV50+CV55+CV60 -> #VALUE! | CW69: =CW5+CW10+CW15+CW20+CW25+CW30+CW35+CW40+CW45+CW50+CW55+CW60 -> 20698 | CX69: =CX5+CX10+CX15+CX20+CX25+CX30+CX35+CX40+CX45+CX50+CX55+CX60 -> 39558 | CY69: =CY5+CY10+CY15+CY20+CY25+CY30+CY35+CY40+CY45+CY50+CY55+CY60 -> 60478 | CZ69: =CZ5+CZ10+CZ15+CZ20+CZ25+CZ30+CZ35+CZ40+CZ45+CZ50+CZ55+CZ60 -> 16703 | DA69: =DA5+DA10+DA15+DA20+DA25+DA30+DA35+DA40+DA45+DA50+DA55+DA60 -> 6882 | DB69: =SUM(CV69:DA69) -> #VALUE! | DC69: =DC5+DC10+DC15+DC20+DC25+DC30+DC35+DC40+DC45+DC50+DC55+DC60 -> 57225 | DE69: مراكز شرق جدة | DF69: سعودي | DG69: ذكر | DH69: =DH5+DH10+DH15+DH20+DH25+DH30+DH35+DH40+DH45+DH50+DH55+DH60 -> 0 | DI69: =DI5+DI10+DI15+DI20+DI25+DI30+DI35+DI40+DI45+DI50+DI55+DI60 -> 0 | DJ69: =DJ5+DJ10+DJ15+DJ20+DJ25+DJ30+DJ35+DJ40+DJ45+DJ50+DJ55+DJ60 -> 0 | DK69: =DK5+DK10+DK15+DK20+DK25+DK30+DK35+DK40+DK45+DK50+DK55+DK60 -> 0 | DL69: =DL5+DL10+DL15+DL20+DL25+DL30+DL35+DL40+DL45+DL50+DL55+DL60 -> 0 | DM69: =DM5+DM10+DM15+DM20+DM25+DM30+DM35+DM40+DM45+DM50+DM55+DM60 -> 0 | DN69: =SUM(DH69:DM69) -> 0 | DO69: =DO5+DO10+DO15+DO20+DO25+DO30+DO35+DO40+DO45+DO50+DO55+DO60 -> 0 | DQ69: مراكز شرق جدة | DR69: سعودي | DS69: ذكر | DT69: =DT5+DT10+DT15+DT20+DT25+DT30+DT35+DT40+DT45+DT50+DT55+DT60 -> 0 | DU69: =DU5+DU10+DU15+DU20+DU25+DU30+DU35+DU40+DU45+DU50+DU55+DU60 -> 0 | DV69: =DV5+DV10+DV15+DV20+DV25+DV30+DV35+DV40+DV45+DV50+DV55+DV60 -> 0 | DW69: =DW5+DW10+DW15+DW20+DW25+DW30+DW35+DW40+DW45+DW50+DW55+DW60 -> 0 | DX69: =DX5+DX10+DX15+DX20+DX25+DX30+DX35+DX40+DX45+DX50+DX55+DX60 -> 0 | DY69: =DY5+DY10+DY15+DY20+DY25+DY30+DY35+DY40+DY45+DY50+DY55+DY60 -> 0 | DZ69: =SUM(DT69:DY69) -> 0 | EA69: =EA5+EA10+EA15+EA20+EA25+EA30+EA35+EA40+EA45+EA50+EA55+EA60 -> 0 | EC69: مراكز شرق جدة | ED69: سعودي | EE69: ذكر | EF69: =EF5+EF10+EF15+EF20+EF25+EF30+EF35+EF40+EF45+EF50+EF55+EF60 -> 0 | EG69: =EG5+EG10+EG15+EG20+EG25+EG30+EG35+EG40+EG45+EG50+EG55+EG60 -> 0 | EH69: =EH5+EH10+EH15+EH20+EH25+EH30+EH35+EH40+EH45+EH50+EH55+EH60 -> 0 | EI69: =EI5+EI10+EI15+EI20+EI25+EI30+EI35+EI40+EI45+EI50+EI55+EI60 -> 0 | EJ69: =EJ5+EJ10+EJ15+EJ20+EJ25+EJ30+EJ35+EJ40+EJ45+EJ50+EJ55+EJ60 -> 0 | EK69: =EK5+EK10+EK15+EK20+EK25+EK30+EK35+EK40+EK45+EK50+EK55+EK60 -> 0 | EL69: =SUM(EF69:EK69) -> 0 | EM69: =EM5+EM10+EM15+EM20+EM25+EM30+EM35+EM40+EM45+EM50+EM55+EM60 -> 0 | EO69: مراكز شرق جدة | EP69: سعودي | EQ69: ذكر | ER69: =ER5+ER10+ER15+ER20+ER25+ER30+ER35+ER40+ER45+ER50+ER55+ER60 -> 0 | ES69: =ES5+ES10+ES15+ES20+ES25+ES30+ES35+ES40+ES45+ES50+ES55+ES60 -> 0 | ET69: =ET5+ET10+ET15+ET20+ET25+ET30+ET35+ET40+ET45+ET50+ET55+ET60 -> 0 | EU69: =EU5+EU10+EU15+EU20+EU25+EU30+EU35+EU40+EU45+EU50+EU55+EU60 -> 0 | EV69: =EV5+EV10+EV15+EV20+EV25+EV30+EV35+EV40+EV45+EV50+EV55+EV60 -> 0 | EW69: =EW5+EW10+EW15+EW20+EW25+EW30+EW35+EW40+EW45+EW50+EW55+EW60 -> 0 | EX69: =SUM(ER69:EW69) -> 0 | EY69: =EY5+EY10+EY15+EY20+EY25+EY30+EY35+EY40+EY45+EY50+EY55+EY60 -> 0
C70: أنثى | D70: =D6+D11+D16+D21+D26+D31+D36+D41+D46+D51+D56+D61 -> 6430 | E70: =E6+E11+E16+E21+E26+E31+E36+E41+E46+E51+E56+E61 -> 33944 | F70: =F6+F11+F16+F21+F26+F31+F36+F41+F46+F51+F56+F61 -> 37032 | G70: =G6+G11+G16+G21+G26+G31+G36+G41+G46+G51+G56+G61 -> 67067 | H70: =H6+H11+H16+H21+H26+H31+H36+H41+H46+H51+H56+H61 -> 13092 | I70: =I6+I11+I16+I21+I26+I31+I36+I41+I46+I51+I56+I61 -> 4975 | J70: =SUM(D70:I70) -> 162540 | O70: أنثى | P70: =P6+P11+P16+P21+P26+P31+P36+P41+P46+P51+P56+P61 -> 6430 | Q70: =Q6+Q11+Q16+Q21+Q26+Q31+Q36+Q41+Q46+Q51+Q56+Q61 -> 33944 | R70: =R6+R11+R16+R21+R26+R31+R36+R41+R46+R51+R56+R61 -> 37032 | S70: =S6+S11+S16+S21+S26+S31+S36+S41+S46+S51+S56+S61 -> 67067 | T70: =T6+T11+T16+T21+T26+T31+T36+T41+T46+T51+T56+T61 -> 13092 | U70: =U6+U11+U16+U21+U26+U31+U36+U41+U46+U51+U56+U61 -> 4975 | V70: =SUM(P70:U70) -> 162540 | AA70: أنثى | AB70: =AB6+AB11+AB16+AB21+AB26+AB31+AB36+AB41+AB46+AB51+AB56+AB61 -> 6430 | AC70: =AC6+AC11+AC16+AC21+AC26+AC31+AC36+AC41+AC46+AC51+AC56+AC61 -> 33944 | AD70: =AD6+AD11+AD16+AD21+AD26+AD31+AD36+AD41+AD46+AD51+AD56+AD61 -> 37032 | AE70: =AE6+AE11+AE16+AE21+AE26+AE31+AE36+AE41+AE46+AE51+AE56+AE61 -> 67067 | AF70: =AF6+AF11+AF16+AF21+AF26+AF31+AF36+AF41+AF46+AF51+AF56+AF61 -> 13092 | AG70: =AG6+AG11+AG16+AG21+AG26+AG31+AG36+AG41+AG46+AG51+AG56+AG61 -> 4975 | AH70: =SUM(AB70:AG70) -> 162540 | AM70: أنثى | AN70: =AN6+AN11+AN16+AN21+AN26+AN31+AN36+AN41+AN46+AN51+AN56+AN61 -> 6430 | AO70: =AO6+AO11+AO16+AO21+AO26+AO31+AO36+AO41+AO46+AO51+AO56+AO61 -> 33944 | AP70: =AP6+AP11+AP16+AP21+AP26+AP31+AP36+AP41+AP46+AP51+AP56+AP61 -> 37032 | AQ70: =AQ6+AQ11+AQ16+AQ21+AQ26+AQ31+AQ36+AQ41+AQ46+AQ51+AQ56+AQ61 -> 67067 | AR70: =AR6+AR11+AR16+AR21+AR26+AR31+AR36+AR41+AR46+AR51+AR56+AR61 -> 13092 | AS70: =AS6+AS11+AS16+AS21+AS26+AS31+AS36+AS41+AS46+AS51+AS56+AS61 -> 4975 | AT70: =SUM(AN70:AS70) -> 162540 | AY70: أنثى | AZ70: =AZ6+AZ11+AZ16+AZ21+AZ26+AZ31+AZ36+AZ41+AZ46+AZ51+AZ56+AZ61 -> 6430 | BA70: =BA6+BA11+BA16+BA21+BA26+BA31+BA36+BA41+BA46+BA51+BA56+BA61 -> 33944 | BB70: =BB6+BB11+BB16+BB21+BB26+BB31+BB36+BB41+BB46+BB51+BB56+BB61 -> 37032 | BC70: =BC6+BC11+BC16+BC21+BC26+BC31+BC36+BC41+BC46+BC51+BC56+BC61 -> 67067 | BD70: =BD6+BD11+BD16+BD21+BD26+BD31+BD36+BD41+BD46+BD51+BD56+BD61 -> 13092 | BE70: =BE6+BE11+BE16+BE21+BE26+BE31+BE36+BE41+BE46+BE51+BE56+BE61 -> 4975 | BF70: =SUM(AZ70:BE70) -> 162540 | BK70: أنثى | BL70: =BL6+BL11+BL16+BL21+BL26+BL31+BL36+BL41+BL46+BL51+BL56+BL61 -> 6430 | BM70: =BM6+BM11+BM16+BM21+BM26+BM31+BM36+BM41+BM46+BM51+BM56+BM61 -> 33944 | BN70: =BN6+BN11+BN16+BN21+BN26+BN31+BN36+BN41+BN46+BN51+BN56+BN61 -> 37032 | BO70: =BO6+BO11+BO16+BO21+BO26+BO31+BO36+BO41+BO46+BO51+BO56+BO61 -> 67067 | BP70: =BP6+BP11+BP16+BP21+BP26+BP31+BP36+BP41+BP46+BP51+BP56+BP61 -> 13092 | BQ70: =BQ6+BQ11+BQ16+BQ21+BQ26+BQ31+BQ36+BQ41+BQ46+BQ51+BQ56+BQ61 -> 4975 | BR70: =SUM(BL70:BQ70) -> 162540 | BW70: أنثى | BX70: =BX6+BX11+BX16+BX21+BX26+BX31+BX36+BX41+BX46+BX51+BX56+BX61 -> 6430 | BY70: =BY6+BY11+BY16+BY21+BY26+BY31+BY36+BY41+BY46+BY51+BY56+BY61 -> 33944 | BZ70: =BZ6+BZ11+BZ16+BZ21+BZ26+BZ31+BZ36+BZ41+BZ46+BZ51+BZ56+BZ61 -> 37032 | CA70: =CA6+CA11+CA16+CA21+CA26+CA31+CA36+CA41+CA46+CA51+CA56+CA61 -> 67067 | CB70: =CB6+CB11+CB16+CB21+CB26+CB31+CB36+CB41+CB46+CB51+CB56+CB61 -> 13092 | CC70: =CC6+CC11+CC16+CC21+CC26+CC31+CC36+CC41+CC46+CC51+CC56+CC61 -> 4975 | CD70: =SUM(BX70:CC70) -> 162540 | CI70: أنثى | CJ70: =CJ6+CJ11+CJ16+CJ21+CJ26+CJ31+CJ36+CJ41+CJ46+CJ51+CJ56+CJ61 -> 6430 | CK70: =CK6+CK11+CK16+CK21+CK26+CK31+CK36+CK41+CK46+CK51+CK56+CK61 -> 33944 | CL70: =CL6+CL11+CL16+CL21+CL26+CL31+CL36+CL41+CL46+CL51+CL56+CL61 -> 37032 | CM70: =CM6+CM11+CM16+CM21+CM26+CM31+CM36+CM41+CM46+CM51+CM56+CM61 -> 67067 | CN70: =CN6+CN11+CN16+CN21+CN26+CN31+CN36+CN41+CN46+CN51+CN56+CN61 -> 13092 | CO70: =CO6+CO11+CO16+CO21+CO26+CO31+CO36+CO41+CO46+CO51+CO56+CO61 -> 4975 | CP70: =SUM(CJ70:CO70) -> 162540 | CU70: أنثى | CV70: =CV6+CV11+CV16+CV21+CV26+CV31+CV36+CV41+CV46+CV51+CV56+CV61 -> 6430 | CW70: =CW6+CW11+CW16+CW21+CW26+CW31+CW36+CW41+CW46+CW51+CW56+CW61 -> 33944 | CX70: =CX6+CX11+CX16+CX21+CX26+CX31+CX36+CX41+CX46+CX51+CX56+CX61 -> 37032 | CY70: =CY6+CY11+CY16+CY21+CY26+CY31+CY36+CY41+CY46+CY51+CY56+CY61 -> 67067 | CZ70: =CZ6+CZ11+CZ16+CZ21+CZ26+CZ31+CZ36+CZ41+CZ46+CZ51+CZ56+CZ61 -> 13092 | DA70: =DA6+DA11+DA16+DA21+DA26+DA31+DA36+DA41+DA46+DA51+DA56+DA61 -> 4975 | DB70: =SUM(CV70:DA70) -> 162540 | DG70: أنثى | DH70: =DH6+DH11+DH16+DH21+DH26+DH31+DH36+DH41+DH46+DH51+DH56+DH61 -> 0 | DI70: =DI6+DI11+DI16+DI21+DI26+DI31+DI36+DI41+DI46+DI51+DI56+DI61 -> 0 | DJ70: =DJ6+DJ11+DJ16+DJ21+DJ26+DJ31+DJ36+DJ41+DJ46+DJ51+DJ56+DJ61 -> 0 | DK70: =DK6+DK11+DK16+DK21+DK26+DK31+DK36+DK41+DK46+DK51+DK56+DK61 -> 0 | DL70: =DL6+DL11+DL16+DL21+DL26+DL31+DL36+DL41+DL46+DL51+DL56+DL61 -> 0 | DM70: =DM6+DM11+DM16+DM21+DM26+DM31+DM36+DM41+DM46+DM51+DM56+DM61 -> 0 | DN70: =SUM(DH70:DM70) -> 0 | DS70: أنثى | DT70: =DT6+DT11+DT16+DT21+DT26+DT31+DT36+DT41+DT46+DT51+DT56+DT61 -> 0 | DU70: =DU6+DU11+DU16+DU21+DU26+DU31+DU36+DU41+DU46+DU51+DU56+DU61 -> 0 | DV70: =DV6+DV11+DV16+DV21+DV26+DV31+DV36+DV41+DV46+DV51+DV56+DV61 -> 0 | DW70: =DW6+DW11+DW16+DW21+DW26+DW31+DW36+DW41+DW46+DW51+DW56+DW61 -> 0 | DX70: =DX6+DX11+DX16+DX21+DX26+DX31+DX36+DX41+DX46+DX51+DX56+DX61 -> 0 | DY70: =DY6+DY11+DY16+DY21+DY26+DY31+DY36+DY41+DY46+DY51+DY56+DY61 -> 0 | DZ70: =SUM(DT70:DY70) -> 0 | EE70: أنثى | EF70: =EF6+EF11+EF16+EF21+EF26+EF31+EF36+EF41+EF46+EF51+EF56+EF61 -> 0 | EG70: =EG6+EG11+EG16+EG21+EG26+EG31+EG36+EG41+EG46+EG51+EG56+EG61 -> 0 | EH70: =EH6+EH11+EH16+EH21+EH26+EH31+EH36+EH41+EH46+EH51+EH56+EH61 -> 0 | EI70: =EI6+EI11+EI16+EI21+EI26+EI31+EI36+EI41+EI46+EI51+EI56+EI61 -> 0 | EJ70: =EJ6+EJ11+EJ16+EJ21+EJ26+EJ31+EJ36+EJ41+EJ46+EJ51+EJ56+EJ61 -> 0 | EK70: =EK6+EK11+EK16+EK21+EK26+EK31+EK36+EK41+EK46+EK51+EK56+EK61 -> 0 | EL70: =SUM(EF70:EK70) -> 0 | EQ70: أنثى | ER70: =ER6+ER11+ER16+ER21+ER26+ER31+ER36+ER41+ER46+ER51+ER56+ER61 -> 0 | ES70: =ES6+ES11+ES16+ES21+ES26+ES31+ES36+ES41+ES46+ES51+ES56+ES61 -> 0 | ET70: =ET6+ET11+ET16+ET21+ET26+ET31+ET36+ET41+ET46+ET51+ET56+ET61 -> 0 | EU70: =EU6+EU11+EU16+EU21+EU26+EU31+EU36+EU41+EU46+EU51+EU56+EU61 -> 0 | EV70: =EV6+EV11+EV16+EV21+EV26+EV31+EV36+EV41+EV46+EV51+EV56+EV61 -> 0 | EW70: =EW6+EW11+EW16+EW21+EW26+EW31+EW36+EW41+EW46+EW51+EW56+EW61 -> 0 | EX70: =SUM(ER70:EW70) -> 0
B71: غير | C71: ذكر | D71: =D7+D12+D17+D22+D27+D32+D37+D42+D47+D52+D57+D62 -> 1505 | E71: =E7+E12+E17+E22+E27+E32+E37+E42+E47+E52+E57+E62 -> 1267 | F71: =F7+F12+F17+F22+F27+F32+F37+F42+F47+F52+F57+F62 -> 2281 | G71: =G7+G12+G17+G22+G27+G32+G37+G42+G47+G52+G57+G62 -> 2741 | H71: =H7+H12+H17+H22+H27+H32+H37+H42+H47+H52+H57+H62 -> 1389 | I71: =I7+I12+I17+I22+I27+I32+I37+I42+I47+I52+I57+I62 -> 322 | J71: =SUM(D71:I71) -> 9505 | K71: =K7+K12+K17+K22+K27+K32+K37+K42+K47+K52+K57+K62 -> 7269 | N71: غير | O71: ذكر | P71: =P7+P12+P17+P22+P27+P32+P37+P42+P47+P52+P57+P62 -> 1505 | Q71: =Q7+Q12+Q17+Q22+Q27+Q32+Q37+Q42+Q47+Q52+Q57+Q62 -> 1267 | R71: =R7+R12+R17+R22+R27+R32+R37+R42+R47+R52+R57+R62 -> 2281 | S71: =S7+S12+S17+S22+S27+S32+S37+S42+S47+S52+S57+S62 -> 2741 | T71: =T7+T12+T17+T22+T27+T32+T37+T42+T47+T52+T57+T62 -> 1389 | U71: =U7+U12+U17+U22+U27+U32+U37+U42+U47+U52+U57+U62 -> 322 | V71: =SUM(P71:U71) -> 9505 | W71: =W7+W12+W17+W22+W27+W32+W37+W42+W47+W52+W57+W62 -> 7269 | Z71: غير | AA71: ذكر | AB71: =AB7+AB12+AB17+AB22+AB27+AB32+AB37+AB42+AB47+AB52+AB57+AB62 -> 1505 | AC71: =AC7+AC12+AC17+AC22+AC27+AC32+AC37+AC42+AC47+AC52+AC57+AC62 -> 1267 | AD71: =AD7+AD12+AD17+AD22+AD27+AD32+AD37+AD42+AD47+AD52+AD57+AD62 -> 2281 | AE71: =AE7+AE12+AE17+AE22+AE27+AE32+AE37+AE42+AE47+AE52+AE57+AE62 -> 2741 | AF71: =AF7+AF12+AF17+AF22+AF27+AF32+AF37+AF42+AF47+AF52+AF57+AF62 -> 1389 | AG71: =AG7+AG12+AG17+AG22+AG27+AG32+AG37+AG42+AG47+AG52+AG57+AG62 -> 322 | AH71: =SUM(AB71:AG71) -> 9505 | AI71: =AI7+AI12+AI17+AI22+AI27+AI32+AI37+AI42+AI47+AI52+AI57+AI62 -> 7269 | AL71: غير | AM71: ذكر | AN71: =AN7+AN12+AN17+AN22+AN27+AN32+AN37+AN42+AN47+AN52+AN57+AN62 -> 1505 | AO71: =AO7+AO12+AO17+AO22+AO27+AO32+AO37+AO42+AO47+AO52+AO57+AO62 -> 1267 | AP71: =AP7+AP12+AP17+AP22+AP27+AP32+AP37+AP42+AP47+AP52+AP57+AP62 -> 2281 | AQ71: =AQ7+AQ12+AQ17+AQ22+AQ27+AQ32+AQ37+AQ42+AQ47+AQ52+AQ57+AQ62 -> 2741 | AR71: =AR7+AR12+AR17+AR22+AR27+AR32+AR37+AR42+AR47+AR52+AR57+AR62 -> 1389 | AS71: =AS7+AS12+AS17+AS22+AS27+AS32+AS37+AS42+AS47+AS52+AS57+AS62 -> 322 | AT71: =SUM(AN71:AS71) -> 9505 | AU71: =AU7+AU12+AU17+AU22+AU27+AU32+AU37+AU42+AU47+AU52+AU57+AU62 -> 7269 | AX71: غير | AY71: ذكر | AZ71: =AZ7+AZ12+AZ17+AZ22+AZ27+AZ32+AZ37+AZ42+AZ47+AZ52+AZ57+AZ62 -> 1505 | BA71: =BA7+BA12+BA17+BA22+BA27+BA32+BA37+BA42+BA47+BA52+BA57+BA62 -> 1267 | BB71: =BB7+BB12+BB17+BB22+BB27+BB32+BB37+BB42+BB47+BB52+BB57+BB62 -> 2281 | BC71: =BC7+BC12+BC17+BC22+BC27+BC32+BC37+BC42+BC47+BC52+BC57+BC62 -> 2741 | BD71: =BD7+BD12+BD17+BD22+BD27+BD32+BD37+BD42+BD47+BD52+BD57+BD62 -> 1389 | BE71: =BE7+BE12+BE17+BE22+BE27+BE32+BE37+BE42+BE47+BE52+BE57+BE62 -> 322 | BF71: =SUM(AZ71:BE71) -> 9505 | BG71: =BG7+BG12+BG17+BG22+BG27+BG32+BG37+BG42+BG47+BG52+BG57+BG62 -> 7269 | BJ71: غير | BK71: ذكر | BL71: =BL7+BL12+BL17+BL22+BL27+BL32+BL37+BL42+BL47+BL52+BL57+BL62 -> 1505 | BM71: =BM7+BM12+BM17+BM22+BM27+BM32+BM37+BM42+BM47+BM52+BM57+BM62 -> 1267 | BN71: =BN7+BN12+BN17+BN22+BN27+BN32+BN37+BN42+BN47+BN52+BN57+BN62 -> 2281 | BO71: =BO7+BO12+BO17+BO22+BO27+BO32+BO37+BO42+BO47+BO52+BO57+BO62 -> 2741 | BP71: =BP7+BP12+BP17+BP22+BP27+BP32+BP37+BP42+BP47+BP52+BP57+BP62 -> 1389 | BQ71: =BQ7+BQ12+BQ17+BQ22+BQ27+BQ32+BQ37+BQ42+BQ47+BQ52+BQ57+BQ62 -> 322 | BR71: =SUM(BL71:BQ71) -> 9505 | BS71: =BS7+BS12+BS17+BS22+BS27+BS32+BS37+BS42+BS47+BS52+BS57+BS62 -> 7269 | BV71: غير | BW71: ذكر | BX71: =BX7+BX12+BX17+BX22+BX27+BX32+BX37+BX42+BX47+BX52+BX57+BX62 -> 1505 | BY71: =BY7+BY12+BY17+BY22+BY27+BY32+BY37+BY42+BY47+BY52+BY57+BY62 -> 1267 | BZ71: =BZ7+BZ12+BZ17+BZ22+BZ27+BZ32+BZ37+BZ42+BZ47+BZ52+BZ57+BZ62 -> 2281 | CA71: =CA7+CA12+CA17+CA22+CA27+CA32+CA37+CA42+CA47+CA52+CA57+CA62 -> 2741 | CB71: =CB7+CB12+CB17+CB22+CB27+CB32+CB37+CB42+CB47+CB52+CB57+CB62 -> 1389 | CC71: =CC7+CC12+CC17+CC22+CC27+CC32+CC37+CC42+CC47+CC52+CC57+CC62 -> 322 | CD71: =SUM(BX71:CC71) -> 9505 | CE71: =CE7+CE12+CE17+CE22+CE27+CE32+CE37+CE42+CE47+CE52+CE57+CE62 -> 7269 | CH71: غير | CI71: ذكر | CJ71: =CJ7+CJ12+CJ17+CJ22+CJ27+CJ32+CJ37+CJ42+CJ47+CJ52+CJ57+CJ62 -> 1505 | CK71: =CK7+CK12+CK17+CK22+CK27+CK32+CK37+CK42+CK47+CK52+CK57+CK62 -> 1267 | CL71: =CL7+CL12+CL17+CL22+CL27+CL32+CL37+CL42+CL47+CL52+CL57+CL62 -> 2281 | CM71: =CM7+CM12+CM17+CM22+CM27+CM32+CM37+CM42+CM47+CM52+CM57+CM62 -> 2741 | CN71: =CN7+CN12+CN17+CN22+CN27+CN32+CN37+CN42+CN47+CN52+CN57+CN62 -> 1389 | CO71: =CO7+CO12+CO17+CO22+CO27+CO32+CO37+CO42+CO47+CO52+CO57+CO62 -> 322 | CP71: =SUM(CJ71:CO71) -> 9505 | CQ71: =CQ7+CQ12+CQ17+CQ22+CQ27+CQ32+CQ37+CQ42+CQ47+CQ52+CQ57+CQ62 -> 7269 | CT71: غير | CU71: ذكر | CV71: =CV7+CV12+CV17+CV22+CV27+CV32+CV37+CV42+CV47+CV52+CV57+CV62 -> 1505 | CW71: =CW7+CW12+CW17+CW22+CW27+CW32+CW37+CW42+CW47+CW52+CW57+CW62 -> 1267 | CX71: =CX7+CX12+CX17+CX22+CX27+CX32+CX37+CX42+CX47+CX52+CX57+CX62 -> 2281 | CY71: =CY7+CY12+CY17+CY22+CY27+CY32+CY37+CY42+CY47+CY52+CY57+CY62 -> 2741 | CZ71: =CZ7+CZ12+CZ17+CZ22+CZ27+CZ32+CZ37+CZ42+CZ47+CZ52+CZ57+CZ62 -> 1389 | DA71: =DA7+DA12+DA17+DA22+DA27+DA32+DA37+DA42+DA47+DA52+DA57+DA62 -> 322 | DB71: =SUM(CV71:DA71) -> 9505 | DC71: =DC7+DC12+DC17+DC22+DC27+DC32+DC37+DC42+DC47+DC52+DC57+DC62 -> 7269 | DF71: غير | DG71: ذكر | DH71: =DH7+DH12+DH17+DH22+DH27+DH32+DH37+DH42+DH47+DH52+DH57+DH62 -> 0 | DI71: =DI7+DI12+DI17+DI22+DI27+DI32+DI37+DI42+DI47+DI52+DI57+DI62 -> 0 | DJ71: =DJ7+DJ12+DJ17+DJ22+DJ27+DJ32+DJ37+DJ42+DJ47+DJ52+DJ57+DJ62 -> 0 | DK71: =DK7+DK12+DK17+DK22+DK27+DK32+DK37+DK42+DK47+DK52+DK57+DK62 -> 0 | DL71: =DL7+DL12+DL17+DL22+DL27+DL32+DL37+DL42+DL47+DL52+DL57+DL62 -> 0 | DM71: =DM7+DM12+DM17+DM22+DM27+DM32+DM37+DM42+DM47+DM52+DM57+DM62 -> 0 | DN71: =SUM(DH71:DM71) -> 0 | DO71: =DO7+DO12+DO17+DO22+DO27+DO32+DO37+DO42+DO47+DO52+DO57+DO62 -> 0 | DR71: غير | DS71: ذكر | DT71: =DT7+DT12+DT17+DT22+DT27+DT32+DT37+DT42+DT47+DT52+DT57+DT62 -> 0 | DU71: =DU7+DU12+DU17+DU22+DU27+DU32+DU37+DU42+DU47+DU52+DU57+DU62 -> 0 | DV71: =DV7+DV12+DV17+DV22+DV27+DV32+DV37+DV42+DV47+DV52+DV57+DV62 -> 0 | DW71: =DW7+DW12+DW17+DW22+DW27+DW32+DW37+DW42+DW47+DW52+DW57+DW62 -> 0 | DX71: =DX7+DX12+DX17+DX22+DX27+DX32+DX37+DX42+DX47+DX52+DX57+DX62 -> 0 | DY71: =DY7+DY12+DY17+DY22+DY27+DY32+DY37+DY42+DY47+DY52+DY57+DY62 -> 0 | DZ71: =SUM(DT71:DY71) -> 0 | EA71: =EA7+EA12+EA17+EA22+EA27+EA32+EA37+EA42+EA47+EA52+EA57+EA62 -> 0 | ED71: غير | EE71: ذكر | EF71: =EF7+EF12+EF17+EF22+EF27+EF32+EF37+EF42+EF47+EF52+EF57+EF62 -> 0 | EG71: =EG7+EG12+EG17+EG22+EG27+EG32+EG37+EG42+EG47+EG52+EG57+EG62 -> 0 | EH71: =EH7+EH12+EH17+EH22+EH27+EH32+EH37+EH42+EH47+EH52+EH57+EH62 -> 0 | EI71: =EI7+EI12+EI17+EI22+EI27+EI32+EI37+EI42+EI47+EI52+EI57+EI62 -> 0 | EJ71: =EJ7+EJ12+EJ17+EJ22+EJ27+EJ32+EJ37+EJ42+EJ47+EJ52+EJ57+EJ62 -> 0 | EK71: =EK7+EK12+EK17+EK22+EK27+EK32+EK37+EK42+EK47+EK52+EK57+EK62 -> 0 | EL71: =SUM(EF71:EK71) -> 0 | EM71: =EM7+EM12+EM17+EM22+EM27+EM32+EM37+EM42+EM47+EM52+EM57+EM62 -> 0 | EP71: غير | EQ71: ذكر | ER71: =ER7+ER12+ER17+ER22+ER27+ER32+ER37+ER42+ER47+ER52+ER57+ER62 -> 0 | ES71: =ES7+ES12+ES17+ES22+ES27+ES32+ES37+ES42+ES47+ES52+ES57+ES62 -> 0 | ET71: =ET7+ET12+ET17+ET22+ET27+ET32+ET37+ET42+ET47+ET52+ET57+ET62 -> 0 | EU71: =EU7+EU12+EU17+EU22+EU27+EU32+EU37+EU42+EU47+EU52+EU57+EU62 -> 0 | EV71: =EV7+EV12+EV17+EV22+EV27+EV32+EV37+EV42+EV47+EV52+EV57+EV62 -> 0 | EW71: =EW7+EW12+EW17+EW22+EW27+EW32+EW37+EW42+EW47+EW52+EW57+EW62 -> 0 | EX71: =SUM(ER71:EW71) -> 0 | EY71: =EY7+EY12+EY17+EY22+EY27+EY32+EY37+EY42+EY47+EY52+EY57+EY62 -> 0
B72: سعودي | C72: أنثى | D72: =D8+D13+D18+D23+D28+D33+D38+D43+D48+D53+D58+D63 -> 1216 | E72: =E8+E13+E18+E23+E28+E33+E38+E43+E48+E53+E58+E63 -> 1278 | F72: =F8+F13+F18+F23+F28+F33+F38+F43+F48+F53+F58+F63 -> 2375 | G72: =G8+G13+G18+G23+G28+G33+G38+G43+G48+G53+G58+G63 -> 2888 | H72: =H8+H13+H18+H23+H28+H33+H38+H43+H48+H53+H58+H63 -> 943 | I72: =I8+I13+I18+I23+I28+I33+I38+I43+I48+I53+I58+I63 -> 241 | J72: =SUM(D72:I72) -> 8941 | N72: سعودي | O72: أنثى | P72: =P8+P13+P18+P23+P28+P33+P38+P43+P48+P53+P58+P63 -> 1216 | Q72: =Q8+Q13+Q18+Q23+Q28+Q33+Q38+Q43+Q48+Q53+Q58+Q63 -> 1278 | R72: =R8+R13+R18+R23+R28+R33+R38+R43+R48+R53+R58+R63 -> 2375 | S72: =S8+S13+S18+S23+S28+S33+S38+S43+S48+S53+S58+S63 -> 2888 | T72: =T8+T13+T18+T23+T28+T33+T38+T43+T48+T53+T58+T63 -> 943 | U72: =U8+U13+U18+U23+U28+U33+U38+U43+U48+U53+U58+U63 -> 241 | V72: =SUM(P72:U72) -> 8941 | Z72: سعودي | AA72: أنثى | AB72: =AB8+AB13+AB18+AB23+AB28+AB33+AB38+AB43+AB48+AB53+AB58+AB63 -> 1216 | AC72: =AC8+AC13+AC18+AC23+AC28+AC33+AC38+AC43+AC48+AC53+AC58+AC63 -> 1278 | AD72: =AD8+AD13+AD18+AD23+AD28+AD33+AD38+AD43+AD48+AD53+AD58+AD63 -> 2375 | AE72: =AE8+AE13+AE18+AE23+AE28+AE33+AE38+AE43+AE48+AE53+AE58+AE63 -> 2888 | AF72: =AF8+AF13+AF18+AF23+AF28+AF33+AF38+AF43+AF48+AF53+AF58+AF63 -> 943 | AG72: =AG8+AG13+AG18+AG23+AG28+AG33+AG38+AG43+AG48+AG53+AG58+AG63 -> 241 | AH72: =SUM(AB72:AG72) -> 8941 | AL72: سعودي | AM72: أنثى | AN72: =AN8+AN13+AN18+AN23+AN28+AN33+AN38+AN43+AN48+AN53+AN58+AN63 -> 1216 | AO72: =AO8+AO13+AO18+AO23+AO28+AO33+AO38+AO43+AO48+AO53+AO58+AO63 -> 1278 | AP72: =AP8+AP13+AP18+AP23+AP28+AP33+AP38+AP43+AP48+AP53+AP58+AP63 -> 2375 | AQ72: =AQ8+AQ13+AQ18+AQ23+AQ28+AQ33+AQ38+AQ43+AQ48+AQ53+AQ58+AQ63 -> 2888 | AR72: =AR8+AR13+AR18+AR23+AR28+AR33+AR38+AR43+AR48+AR53+AR58+AR63 -> 943 | AS72: =AS8+AS13+AS18+AS23+AS28+AS33+AS38+AS43+AS48+AS53+AS58+AS63 -> 241 | AT72: =SUM(AN72:AS72) -> 8941 | AX72: سعودي | AY72: أنثى | AZ72: =AZ8+AZ13+AZ18+AZ23+AZ28+AZ33+AZ38+AZ43+AZ48+AZ53+AZ58+AZ63 -> 1216 | BA72: =BA8+BA13+BA18+BA23+BA28+BA33+BA38+BA43+BA48+BA53+BA58+BA63 -> 1278 | BB72: =BB8+BB13+BB18+BB23+BB28+BB33+BB38+BB43+BB48+BB53+BB58+BB63 -> 2375 | BC72: =BC8+BC13+BC18+BC23+BC28+BC33+BC38+BC43+BC48+BC53+BC58+BC63 -> 2888 | BD72: =BD8+BD13+BD18+BD23+BD28+BD33+BD38+BD43+BD48+BD53+BD58+BD63 -> 943 | BE72: =BE8+BE13+BE18+BE23+BE28+BE33+BE38+BE43+BE48+BE53+BE58+BE63 -> 241 | BF72: =SUM(AZ72:BE72) -> 8941 | BJ72: سعودي | BK72: أنثى | BL72: =BL8+BL13+BL18+BL23+BL28+BL33+BL38+BL43+BL48+BL53+BL58+BL63 -> 1216 | BM72: =BM8+BM13+BM18+BM23+BM28+BM33+BM38+BM43+BM48+BM53+BM58+BM63 -> 1278 | BN72: =BN8+BN13+BN18+BN23+BN28+BN33+BN38+BN43+BN48+BN53+BN58+BN63 -> 2375 | BO72: =BO8+BO13+BO18+BO23+BO28+BO33+BO38+BO43+BO48+BO53+BO58+BO63 -> 2888 | BP72: =BP8+BP13+BP18+BP23+BP28+BP33+BP38+BP43+BP48+BP53+BP58+BP63 -> 943 | BQ72: =BQ8+BQ13+BQ18+BQ23+BQ28+BQ33+BQ38+BQ43+BQ48+BQ53+BQ58+BQ63 -> 241 | BR72: =SUM(BL72:BQ72) -> 8941 | BV72: سعودي | BW72: أنثى | BX72: =BX8+BX13+BX18+BX23+BX28+BX33+BX38+BX43+BX48+BX53+BX58+BX63 -> 1216 | BY72: =BY8+BY13+BY18+BY23+BY28+BY33+BY38+BY43+BY48+BY53+BY58+BY63 -> 1278 | BZ72: =BZ8+BZ13+BZ18+BZ23+BZ28+BZ33+BZ38+BZ43+BZ48+BZ53+BZ58+BZ63 -> 2375 | CA72: =CA8+CA13+CA18+CA23+CA28+CA33+CA38+CA43+CA48+CA53+CA58+CA63 -> 2888 | CB72: =CB8+CB13+CB18+CB23+CB28+CB33+CB38+CB43+CB48+CB53+CB58+CB63 -> 943 | CC72: =CC8+CC13+CC18+CC23+CC28+CC33+CC38+CC43+CC48+CC53+CC58+CC63 -> 241 | CD72: =SUM(BX72:CC72) -> 8941 | CH72: سعودي | CI72: أنثى | CJ72: =CJ8+CJ13+CJ18+CJ23+CJ28+CJ33+CJ38+CJ43+CJ48+CJ53+CJ58+CJ63 -> 1216 | CK72: =CK8+CK13+CK18+CK23+CK28+CK33+CK38+CK43+CK48+CK53+CK58+CK63 -> 1278 | CL72: =CL8+CL13+CL18+CL23+CL28+CL33+CL38+CL43+CL48+CL53+CL58+CL63 -> 2375 | CM72: =CM8+CM13+CM18+CM23+CM28+CM33+CM38+CM43+CM48+CM53+CM58+CM63 -> 2888 | CN72: =CN8+CN13+CN18+CN23+CN28+CN33+CN38+CN43+CN48+CN53+CN58+CN63 -> 943 | CO72: =CO8+CO13+CO18+CO23+CO28+CO33+CO38+CO43+CO48+CO53+CO58+CO63 -> 241 | CP72: =SUM(CJ72:CO72) -> 8941 | CT72: سعودي | CU72: أنثى | CV72: =CV8+CV13+CV18+CV23+CV28+CV33+CV38+CV43+CV48+CV53+CV58+CV63 -> 1216 | CW72: =CW8+CW13+CW18+CW23+CW28+CW33+CW38+CW43+CW48+CW53+CW58+CW63 -> 1278 | CX72: =CX8+CX13+CX18+CX23+CX28+CX33+CX38+CX43+CX48+CX53+CX58+CX63 -> 2375 | CY72: =CY8+CY13+CY18+CY23+CY28+CY33+CY38+CY43+CY48+CY53+CY58+CY63 -> 2888 | CZ72: =CZ8+CZ13+CZ18+CZ23+CZ28+CZ33+CZ38+CZ43+CZ48+CZ53+CZ58+CZ63 -> 943 | DA72: =DA8+DA13+DA18+DA23+DA28+DA33+DA38+DA43+DA48+DA53+DA58+DA63 -> 241 | DB72: =SUM(CV72:DA72) -> 8941 | DF72: سعودي | DG72: أنثى | DH72: =DH8+DH13+DH18+DH23+DH28+DH33+DH38+DH43+DH48+DH53+DH58+DH63 -> 0 | DI72: =DI8+DI13+DI18+DI23+DI28+DI33+DI38+DI43+DI48+DI53+DI58+DI63 -> 0 | DJ72: =DJ8+DJ13+DJ18+DJ23+DJ28+DJ33+DJ38+DJ43+DJ48+DJ53+DJ58+DJ63 -> 0 | DK72: =DK8+DK13+DK18+DK23+DK28+DK33+DK38+DK43+DK48+DK53+DK58+DK63 -> 0 | DL72: =DL8+DL13+DL18+DL23+DL28+DL33+DL38+DL43+DL48+DL53+DL58+DL63 -> 0 | DM72: =DM8+DM13+DM18+DM23+DM28+DM33+DM38+DM43+DM48+DM53+DM58+DM63 -> 0 | DN72: =SUM(DH72:DM72) -> 0 | DR72: سعودي | DS72: أنثى | DT72: =DT8+DT13+DT18+DT23+DT28+DT33+DT38+DT43+DT48+DT53+DT58+DT63 -> 0 | DU72: =DU8+DU13+DU18+DU23+DU28+DU33+DU38+DU43+DU48+DU53+DU58+DU63 -> 0 | DV72: =DV8+DV13+DV18+DV23+DV28+DV33+DV38+DV43+DV48+DV53+DV58+DV63 -> 0 | DW72: =DW8+DW13+DW18+DW23+DW28+DW33+DW38+DW43+DW48+DW53+DW58+DW63 -> 0 | DX72: =DX8+DX13+DX18+DX23+DX28+DX33+DX38+DX43+DX48+DX53+DX58+DX63 -> 0 | DY72: =DY8+DY13+DY18+DY23+DY28+DY33+DY38+DY43+DY48+DY53+DY58+DY63 -> 0 | DZ72: =SUM(DT72:DY72) -> 0 | ED72: سعودي | EE72: أنثى | EF72: =EF8+EF13+EF18+EF23+EF28+EF33+EF38+EF43+EF48+EF53+EF58+EF63 -> 0 | EG72: =EG8+EG13+EG18+EG23+EG28+EG33+EG38+EG43+EG48+EG53+EG58+EG63 -> 0 | EH72: =EH8+EH13+EH18+EH23+EH28+EH33+EH38+EH43+EH48+EH53+EH58+EH63 -> 0 | EI72: =EI8+EI13+EI18+EI23+EI28+EI33+EI38+EI43+EI48+EI53+EI58+EI63 -> 0 | EJ72: =EJ8+EJ13+EJ18+EJ23+EJ28+EJ33+EJ38+EJ43+EJ48+EJ53+EJ58+EJ63 -> 0 | EK72: =EK8+EK13+EK18+EK23+EK28+EK33+EK38+EK43+EK48+EK53+EK58+EK63 -> 0 | EL72: =SUM(EF72:EK72) -> 0 | EP72: سعودي | EQ72: أنثى | ER72: =ER8+ER13+ER18+ER23+ER28+ER33+ER38+ER43+ER48+ER53+ER58+ER63 -> 0 | ES72: =ES8+ES13+ES18+ES23+ES28+ES33+ES38+ES43+ES48+ES53+ES58+ES63 -> 0 | ET72: =ET8+ET13+ET18+ET23+ET28+ET33+ET38+ET43+ET48+ET53+ET58+ET63 -> 0 | EU72: =EU8+EU13+EU18+EU23+EU28+EU33+EU38+EU43+EU48+EU53+EU58+EU63 -> 0 | EV72: =EV8+EV13+EV18+EV23+EV28+EV33+EV38+EV43+EV48+EV53+EV58+EV63 -> 0 | EW72: =EW8+EW13+EW18+EW23+EW28+EW33+EW38+EW43+EW48+EW53+EW58+EW63 -> 0 | EX72: =SUM(ER72:EW72) -> 0
B73: المجموع | D73: =SUM(D69:D72) -> 17320 | E73: =SUM(E69:E72) -> 57187 | F73: =SUM(F69:F72) -> 81246 | G73: =SUM(G69:G72) -> 133174 | H73: =SUM(H69:H72) -> 32127 | I73: =SUM(I69:I72) -> 12420 | J73: =SUM(J69:J72) -> 333474 | K73: =SUM(K69:K72) -> 64494 | N73: المجموع | P73: =SUM(P69:P72) -> #VALUE! | Q73: =SUM(Q69:Q72) -> 57187 | R73: =SUM(R69:R72) -> 81246 | S73: =SUM(S69:S72) -> 133174 | T73: =SUM(T69:T72) -> 32127 | U73: =SUM(U69:U72) -> 12420 | V73: =SUM(V69:V72) -> #VALUE! | W73: =SUM(W69:W72) -> 64494 | Z73: المجموع | AB73: =SUM(AB69:AB72) -> #VALUE! | AC73: =SUM(AC69:AC72) -> 57187 | AD73: =SUM(AD69:AD72) -> 81246 | AE73: =SUM(AE69:AE72) -> 133174 | AF73: =SUM(AF69:AF72) -> 32127 | AG73: =SUM(AG69:AG72) -> 12420 | AH73: =SUM(AH69:AH72) -> #VALUE! | AI73: =SUM(AI69:AI72) -> 64494 | AL73: المجموع | AN73: =SUM(AN69:AN72) -> #VALUE! | AO73: =SUM(AO69:AO72) -> 57187 | AP73: =SUM(AP69:AP72) -> 81246 | AQ73: =SUM(AQ69:AQ72) -> 133174 | AR73: =SUM(AR69:AR72) -> 32127 | AS73: =SUM(AS69:AS72) -> 12420 | AT73: =SUM(AT69:AT72) -> #VALUE! | AU73: =SUM(AU69:AU72) -> 64494 | AX73: المجموع | AZ73: =SUM(AZ69:AZ72) -> #VALUE! | BA73: =SUM(BA69:BA72) -> 57187 | BB73: =SUM(BB69:BB72) -> 81246 | BC73: =SUM(BC69:BC72) -> 133174 | BD73: =SUM(BD69:BD72) -> 32127 | BE73: =SUM(BE69:BE72) -> 12420 | BF73: =SUM(BF69:BF72) -> #VALUE! | BG73: =SUM(BG69:BG72) -> 64494 | BJ73: المجموع | BL73: =SUM(BL69:BL72) -> #VALUE! | BM73: =SUM(BM69:BM72) -> 57187 | BN73: =SUM(BN69:BN72) -> 81246 | BO73: =SUM(BO69:BO72) -> 133174 | BP73: =SUM(BP69:BP72) -> 32127 | BQ73: =SUM(BQ69:BQ72) -> 12420 | BR73: =SUM(BR69:BR72) -> #VALUE! | BS73: =SUM(BS69:BS72) -> 64494 | BV73: المجموع | BX73: =SUM(BX69:BX72) -> #VALUE! | BY73: =SUM(BY69:BY72) -> 57187 | BZ73: =SUM(BZ69:BZ72) -> 81246 | CA73: =SUM(CA69:CA72) -> 133174 | CB73: =SUM(CB69:CB72) -> 32127 | CC73: =SUM(CC69:CC72) -> 12420 | CD73: =SUM(CD69:CD72) -> #VALUE! | CE73: =SUM(CE69:CE72) -> 64494 | CH73: المجموع | CJ73: =SUM(CJ69:CJ72) -> #VALUE! | CK73: =SUM(CK69:CK72) -> 57187 | CL73: =SUM(CL69:CL72) -> 81246 | CM73: =SUM(CM69:CM72) -> 133174 | CN73: =SUM(CN69:CN72) -> 32127 | CO73: =SUM(CO69:CO72) -> 12420 | CP73: =SUM(CP69:CP72) -> #VALUE! | CQ73: =SUM(CQ69:CQ72) -> 64494 | CT73: المجموع | CV73: =SUM(CV69:CV72) -> #VALUE! | CW73: =SUM(CW69:CW72) -> 57187 | CX73: =SUM(CX69:CX72) -> 81246 | CY73: =SUM(CY69:CY72) -> 133174 | CZ73: =SUM(CZ69:CZ72) -> 32127 | DA73: =SUM(DA69:DA72) -> 12420 | DB73: =SUM(DB69:DB72) -> #VALUE! | DC73: =SUM(DC69:DC72) -> 64494 | DF73: المجموع | DH73: =SUM(DH69:DH72) -> 0 | DI73: =SUM(DI69:DI72) -> 0 | DJ73: =SUM(DJ69:DJ72) -> 0 | DK73: =SUM(DK69:DK72) -> 0 | DL73: =SUM(DL69:DL72) -> 0 | DM73: =SUM(DM69:DM72) -> 0 | DN73: =SUM(DN69:DN72) -> 0 | DO73: =SUM(DO69:DO72) -> 0 | DR73: المجموع | DT73: =SUM(DT69:DT72) -> 0 | DU73: =SUM(DU69:DU72) -> 0 | DV73: =SUM(DV69:DV72) -> 0 | DW73: =SUM(DW69:DW72) -> 0 | DX73: =SUM(DX69:DX72) -> 0 | DY73: =SUM(DY69:DY72) -> 0 | DZ73: =SUM(DZ69:DZ72) -> 0 | EA73: =SUM(EA69:EA72) -> 0 | ED73: المجموع | EF73: =SUM(EF69:EF72) -> 0 | EG73: =SUM(EG69:EG72) -> 0 | EH73: =SUM(EH69:EH72) -> 0 | EI73: =SUM(EI69:EI72) -> 0 | EJ73: =SUM(EJ69:EJ72) -> 0 | EK73: =SUM(EK69:EK72) -> 0 | EL73: =SUM(EL69:EL72) -> 0 | EM73: =SUM(EM69:EM72) -> 0 | EP73: المجموع | ER73: =SUM(ER69:ER72) -> 0 | ES73: =SUM(ES69:ES72) -> 0 | ET73: =SUM(ET69:ET72) -> 0 | EU73: =SUM(EU69:EU72) -> 0 | EV73: =SUM(EV69:EV72) -> 0 | EW73: =SUM(EW69:EW72) -> 0 | EX73: =SUM(EX69:EX72) -> 0 | EY73: =SUM(EY69:EY72) -> 0

Sheet الإجمالي
A2: بيان عدد السكان والأسر المشمولين بالخدمة من واقع الملفات الصحية | G2: شهر | H2: 1 | I2: =SUM('سكان وأسر'!F2) -> 1447 | K2: شرق جدة | M2: بيان عدد السكان والأسر المشمولين بالخدمة من واقع الملفات الصحية | S2: شهر | T2: 2 | U2: =SUM('سكان وأسر'!R2) -> 1447 | W2: شرق جدة | Y2: بيان عدد السكان والأسر المشمولين بالخدمة من واقع الملفات الصحية | AE2: شهر | AF2: 3 | AG2: =SUM('سكان وأسر'!AD2) -> 1447 | AI2: شرق جدة | AK2: بيان عدد السكان والأسر المشمولين بالخدمة من واقع الملفات الصحية | AQ2: شهر | AR2: 4 | AS2: =SUM('سكان وأسر'!AP2) -> 1447 | AU2: شرق جدة | AW2: بيان عدد السكان والأسر المشمولين بالخدمة من واقع الملفات الصحية | BC2: شهر | BD2: 5 | BE2: =SUM('سكان وأسر'!BB2) -> 1447 | BG2: شرق جدة | BI2: بيان عدد السكان والأسر المشمولين بالخدمة من واقع الملفات الصحية | BO2: شهر | BP2: 6 | BQ2: =SUM('سكان وأسر'!BN2) -> 1447 | BS2: شرق جدة | BU2: بيان عدد السكان والأسر المشمولين بالخدمة من واقع الملفات الصحية | CA2: شهر | CB2: 7 | CC2: =SUM('سكان وأسر'!BZ2) -> 1447 | CE2: شرق جدة | CG2: بيان عدد السكان والأسر المشمولين بالخدمة من واقع الملفات الصحية | CM2: شهر | CN2: 8 | CO2: =SUM('سكان وأسر'!CL2) -> 1447 | CQ2: شرق جدة | CS2: بيان عدد السكان والأسر المشمولين بالخدمة من واقع الملفات الصحية | CY2: شهر | CZ2: 9 | DA2: =SUM('سكان وأسر'!CX2) -> 1447 | DC2: شرق جدة | DE2: بيان عدد السكان والأسر المشمولين بالخدمة من واقع الملفات الصحية | DK2: شهر | DL2: 10 | DM2: =SUM('سكان وأسر'!DJ2) -> 1447 | DO2: شرق جدة | DQ2: بيان عدد السكان والأسر المشمولين بالخدمة من واقع الملفات الصحية | DW2: شهر | DX2: 11 | DY2: =SUM('سكان وأسر'!DV2) -> 1447 | EA2: شرق جدة | EC2: بيان عدد السكان والأسر المشمولين بالخدمة من واقع الملفات الصحية | EI2: شهر | EJ2: 12 | EK2: =SUM('سكان وأسر'!EH2) -> 1447 | EM2: شرق جدة | EP2: بيان عدد السكان والأسر من واقع أخر مسح سكاني | EW2: عام | EX2: =SUM(EK2) -> 1447 | EZ2: شرق جدة
A3: المنطقة | B3: الجنسية | C3: الجنس | D3: الفئات العمرية | J3: الإجمالي | K3: عدد الأسر | M3: المنطقة | N3: الجنسية | O3: الجنس | P3: الفئات العمرية | V3: الإجمالي | W3: عدد الأسر | Y3: المنطقة | Z3: الجنسية | AA3: الجنس | AB3: الفئات العمرية | AH3: الإجمالي | AI3: عدد الأسر | AK3: المنطقة | AL3: الجنسية | AM3: الجنس | AN3: الفئات العمرية | AT3: الإجمالي | AU3: عدد الأسر | AW3: المنطقة | AX3: الجنسية | AY3: الجنس | AZ3: الفئات العمرية | BF3: الإجمالي | BG3: عدد الأسر | BI3: المنطقة | BJ3: الجنسية | BK3: الجنس | BL3: الفئات العمرية | BR3: الإجمالي | BS3: عدد الأسر | BU3: المنطقة | BV3: الجنسية | BW3: الجنس | BX3: الفئات العمرية | CD3: الإجمالي | CE3: عدد الأسر | CG3: المنطقة | CH3: الجنسية | CI3: الجنس | CJ3: الفئات العمرية | CP3: الإجمالي | CQ3: عدد الأسر | CS3: المنطقة | CT3: الجنسية | CU3: الجنس | CV3: الفئات العمرية | DB3: الإجمالي | DC3: عدد الأسر | DE3: المنطقة | DF3: الجنسية | DG3: الجنس | DH3: الفئات العمرية | DN3: الإجمالي | DO3: عدد الأسر | DQ3: المنطقة | DR3: الجنسية | DS3: الجنس | DT3: الفئات العمرية | DZ3: الإجمالي | EA3: عدد الأسر | EC3: المنطقة | ED3: الجنسية | EE3: الجنس | EF3: الفئات العمرية | EL3: الإجمالي | EM3: عدد الأسر | EP3: المنطقة | EQ3: الجنسية | ER3: الجنس | ES3: الفئات العمرية | EY3: الإجمالي | EZ3: عدد الأسر
D4: أقل من سنة | E4: من 4:1 | F4: من14:5 | G4: من44:15 | H4: من60:45 | I4: أكثر من 60 | P4: أقل من سنة | Q4: من 4:1 | R4: من14:5 | S4: من44:15 | T4: من60:45 | U4: أكثر من 60 | AB4: أقل من سنة | AC4: من 4:1 | AD4: من14:5 | AE4: من44:15 | AF4: من60:45 | AG4: أكثر من 60 | AN4: أقل من سنة | AO4: من 4:1 | AP4: من14:5 | AQ4: من44:15 | AR4: من60:45 | AS4: أكثر من 60 | AZ4: أقل من سنة | BA4: من 4:1 | BB4: من14:5 | BC4: من44:15 | BD4: من60:45 | BE4: أكثر من 60 | BL4: أقل من سنة | BM4: من 4:1 | BN4: من14:5 | BO4: من44:15 | BP4: من60:45 | BQ4: أكثر من 60 | BX4: أقل من سنة | BY4: من 4:1 | BZ4: من14:5 | CA4: من44:15 | CB4: من60:45 | CC4: أكثر من 60 | CJ4: أقل من سنة | CK4: من 4:1 | CL4: من14:5 | CM4: من44:15 | CN4: من60:45 | CO4: أكثر من 60 | CV4: أقل من سنة | CW4: من 4:1 | CX4: من14:5 | CY4: من44:15 | CZ4: من60:45 | DA4: أكثر من 60 | DH4: أقل من سنة | DI4: من 4:1 | DJ4: من14:5 | DK4: من44:15 | DL4: من60:45 | DM4: أكثر من 60 | DT4: أقل من سنة | DU4: من 4:1 | DV4: من14:5 | DW4: من44:15 | DX4: من60:45 | DY4: أكثر من 60 | EF4: أقل من سنة | EG4: من 4:1 | EH4: من14:5 | EI4: من44:15 | EJ4: من60:45 | EK4: أكثر من 60 | ES4: أقل من سنة | ET4: من 4:1 | EU4: من14:5 | EV4: من44:15 | EW4: من60:45 | EX4: أكثر من 60
A5: إجمالي مراكز شرق جدة | C5: ذكر | D5: =SUM('سكان وأسر'!D69) -> 8169 | E5: =SUM('سكان وأسر'!E69) -> 20698 | F5: =SUM('سكان وأسر'!F69) -> 39558 | G5: =SUM('سكان وأسر'!G69) -> 60478 | H5: =SUM('سكان وأسر'!H69) -> 16703 | I5: =SUM('سكان وأسر'!I69) -> 6882 | J5: =SUM(D5:I5) -> 152488 | K5: =SUM('سكان وأسر'!K69) -> 57225 | M5: إجمالي مراكز شرق جدة | O5: ذكر | P5: =SUM('سكان وأسر'!P69) -> #VALUE! | Q5: =SUM('سكان وأسر'!Q69) -> 20698 | R5: =SUM('سكان وأسر'!R69) -> 39558 | S5: =SUM('سكان وأسر'!S69) -> 60478 | T5: =SUM('سكان وأسر'!T69) -> 16703 | U5: =SUM('سكان وأسر'!U69) -> 6882 | V5: =SUM(P5:U5) -> #VALUE! | W5: =SUM('سكان وأسر'!W69) -> 57225 | Y5: إجمالي مراكز شرق جدة | AA5: ذكر | AB5: =SUM('سكان وأسر'!AB69) -> #VALUE! | AC5: =SUM('سكان وأسر'!AC69) -> 20698 | AD5: =SUM('سكان وأسر'!AD69) -> 39558 | AE5: =SUM('سكان وأسر'!AE69) -> 60478 | AF5: =SUM('سكان وأسر'!AF69) -> 16703 | AG5: =SUM('سكان وأسر'!AG69) -> 6882 | AH5: =SUM(AB5:AG5) -> #VALUE! | AI5: =SUM('سكان وأسر'!AI69) -> 57225 | AK5: إجمالي مراكز شرق جدة | AM5: ذكر | AN5: =SUM('سكان وأسر'!AN69) -> #VALUE! | AO5: =SUM('سكان وأسر'!AO69) -> 20698 | AP5: =SUM('سكان وأسر'!AP69) -> 39558 | AQ5: =SUM('سكان وأسر'!AQ69) -> 60478 | AR5: =SUM('سكان وأسر'!AR69) -> 16703 | AS5: =SUM('سكان وأسر'!AS69) -> 6882 | AT5: =SUM(AN5:AS5) -> #VALUE! | AU5: =SUM('سكان وأسر'!AU69) -> 57225 | AW5: إجمالي مراكز شرق جدة | AY5: ذكر | AZ5: =SUM('سكان وأسر'!AZ69) -> #VALUE! | BA5: =SUM('سكان وأسر'!BA69) -> 20698 | BB5: =SUM('سكان وأسر'!BB69) -> 39558 | BC5: =SUM('سكان وأسر'!BC69) -> 60478 | BD5: =SUM('سكان وأسر'!BD69) -> 16703 | BE5: =SUM('سكان وأسر'!BE69) -> 6882 | BF5: =SUM(AZ5:BE5) -> #VALUE! | BG5: =SUM('سكان وأسر'!BG69) -> 57225 | BI5: إجمالي مراكز شرق جدة | BK5: ذكر | BL5: =SUM('سكان وأسر'!BL69) -> #VALUE! | BM5: =SUM('سكان وأسر'!BM69) -> 20698 | BN5: =SUM('سكان وأسر'!BN69) -> 39558 | BO5: =SUM('سكان وأسر'!BO69) -> 60478 | BP5: =SUM('سكان وأسر'!BP69) -> 16703 | BQ5: =SUM('سكان وأسر'!BQ69) -> 6882 | BR5: =SUM(BL5:BQ5) -> #VALUE! | BS5: =SUM('سكان وأسر'!BS69) -> 57225 | BU5: إجمالي مراكز شرق جدة | BW5: ذكر | BX5: =SUM('سكان وأسر'!BX69) -> #VALUE! | BY5: =SUM('سكان وأسر'!BY69) -> 20698 | BZ5: =SUM('سكان وأسر'!BZ69) -> 39558 | CA5: =SUM('سكان وأسر'!CA69) -> 60478 | CB5: =SUM('سكان وأسر'!CB69) -> 16703 | CC5: =SUM('سكان وأسر'!CC69) -> 6882 | CD5: =SUM(BX5:CC5) -> #VALUE! | CE5: =SUM('سكان وأسر'!CE69) -> 57225 | CG5: إجمالي مراكز شرق جدة | CI5: ذكر | CJ5: =SUM('سكان وأسر'!CJ69) -> #VALUE! | CK5: =SUM('سكان وأسر'!CK69) -> 20698 | CL5: =SUM('سكان وأسر'!CL69) -> 39558 | CM5: =SUM('سكان وأسر'!CM69) -> 60478 | CN5: =SUM('سكان وأسر'!CN69) -> 16703 | CO5: =SUM('سكان وأسر'!CO69) -> 6882 | CP5: =SUM(CJ5:CO5) -> #VALUE! | CQ5: =SUM('سكان وأسر'!CQ69) -> 57225 | CS5: إجمالي مراكز شرق جدة | CU5: ذكر | CV5: =SUM('سكان وأسر'!CV69) -> #VALUE! | CW5: =SUM('سكان وأسر'!CW69) -> 20698 | CX5: =SUM('سكان وأسر'!CX69) -> 39558 | CY5: =SUM('سكان وأسر'!CY69) -> 60478 | CZ5: =SUM('سكان وأسر'!CZ69) -> 16703 | DA5: =SUM('سكان وأسر'!DA69) -> 6882 | DB5: =SUM(CV5:DA5) -> #VALUE! | DC5: =SUM('سكان وأسر'!DC69) -> 57225 | DE5: إجمالي مراكز شرق جدة | DG5: ذكر | DH5: =SUM('سكان وأسر'!DH69) -> 0 | DI5: =SUM('سكان وأسر'!DI69) -> 0 | DJ5: =SUM('سكان وأسر'!DJ69) -> 0 | DK5: =SUM('سكان وأسر'!DK69) -> 0 | DL5: =SUM('سكان وأسر'!DL69) -> 0 | DM5: =SUM('سكان وأسر'!DM69) -> 0 | DN5: =SUM(DH5:DM5) -> 0 | DO5: =SUM('سكان وأسر'!DO69) -> 0 | DQ5: إجمالي مراكز شرق جدة | DS5: ذكر | DT5: =SUM('سكان وأسر'!DT69) -> 0 | DU5: =SUM('سكان وأسر'!DU69) -> 0 | DV5: =SUM('سكان وأسر'!DV69) -> 0 | DW5: =SUM('سكان وأسر'!DW69) -> 0 | DX5: =SUM('سكان وأسر'!DX69) -> 0 | DY5: =SUM('سكان وأسر'!DY69) -> 0 | DZ5: =SUM(DT5:DY5) -> 0 | EA5: =SUM('سكان وأسر'!EA69) -> 0 | EC5: إجمالي مراكز شرق جدة | EE5: ذكر | EF5: =SUM('سكان وأسر'!EF69) -> 0 | EG5: =SUM('سكان وأسر'!EG69) -> 0 | EH5: =SUM('سكان وأسر'!EH69) -> 0 | EI5: =SUM('سكان وأسر'!EI69) -> 0 | EJ5: =SUM('سكان وأسر'!EJ69) -> 0 | EK5: =SUM('سكان وأسر'!EK69) -> 0 | EL5: =SUM(EF5:EK5) -> 0 | EM5: =SUM('سكان وأسر'!EM69) -> 0 | EP5: إجمالي مراكز شرق جدة | ER5: ذكر | ES5: =SUM(EF5) -> 0 | ET5: =SUM(EG5) -> 0 | EU5: =SUM(EH5) -> 0 | EV5: =SUM(EI5) -> 0 | EW5: =SUM(EJ5) -> 0 | EX5: =SUM(EK5) -> 0 | EY5: =SUM(ES5:EX5) -> 0 | EZ5: =SUM(EM5) -> 0
B6: سعودي | C6: أنثى | D6: =SUM('سكان وأسر'!D70) -> 6430 | E6: =SUM('سكان وأسر'!E70) -> 33944 | F6: =SUM('سكان وأسر'!F70) -> 37032 | G6: =SUM('سكان وأسر'!G70) -> 67067 | H6: =SUM('سكان وأسر'!H70) -> 13092 | I6: =SUM('سكان وأسر'!I70) -> 4975 | J6: =SUM(D6:I6) -> 162540 | N6: سعودي | O6: أنثى | P6: =SUM('سكان وأسر'!P70) -> 6430 | Q6: =SUM('سكان وأسر'!Q70) -> 33944 | R6: =SUM('سكان وأسر'!R70) -> 37032 | S6: =SUM('سكان وأسر'!S70) -> 67067 | T6: =SUM('سكان وأسر'!T70) -> 13092 | U6: =SUM('سكان وأسر'!U70) -> 4975 | V6: =SUM(P6:U6) -> 162540 | Z6: سعودي | AA6: أنثى | AB6: =SUM('سكان وأسر'!AB70) -> 6430 | AC6: =SUM('سكان وأسر'!AC70) -> 33944 | AD6: =SUM('سكان وأسر'!AD70) -> 37032 | AE6: =SUM('سكان وأسر'!AE70) -> 67067 | AF6: =SUM('سكان وأسر'!AF70) -> 13092 | AG6: =SUM('سكان وأسر'!AG70) -> 4975 | AH6: =SUM(AB6:AG6) -> 162540 | AL6: سعودي | AM6: أنثى | AN6: =SUM('سكان وأسر'!AN70) -> 6430 | AO6: =SUM('سكان وأسر'!AO70) -> 33944 | AP6: =SUM('سكان وأسر'!AP70) -> 37032 | AQ6: =SUM('سكان وأسر'!AQ70) -> 67067 | AR6: =SUM('سكان وأسر'!AR70) -> 13092 | AS6: =SUM('سكان وأسر'!AS70) -> 4975 | AT6: =SUM(AN6:AS6) -> 162540 | AX6: سعودي | AY6: أنثى | AZ6: =SUM('سكان وأسر'!AZ70) -> 6430 | BA6: =SUM('سكان وأسر'!BA70) -> 33944 | BB6: =SUM('سكان وأسر'!BB70) -> 37032 | BC6: =SUM('سكان وأسر'!BC70) -> 67067 | BD6: =SUM('سكان وأسر'!BD70) -> 13092 | BE6: =SUM('سكان وأسر'!BE70) -> 4975 | BF6: =SUM(AZ6:BE6) -> 162540 | BJ6: سعودي | BK6: أنثى | BL6: =SUM('سكان وأسر'!BL70) -> 6430 | BM6: =SUM('سكان وأسر'!BM70) -> 33944 | BN6: =SUM('سكان وأسر'!BN70) -> 37032 | BO6: =SUM('سكان وأسر'!BO70) -> 67067 | BP6: =SUM('سكان وأسر'!BP70) -> 13092 | BQ6: =SUM('سكان وأسر'!BQ70) -> 4975 | BR6: =SUM(BL6:BQ6) -> 162540 | BV6: سعودي | BW6: أنثى | BX6: =SUM('سكان وأسر'!BX70) -> 6430 | BY6: =SUM('سكان وأسر'!BY70) -> 33944 | BZ6: =SUM('سكان وأسر'!BZ70) -> 37032 | CA6: =SUM('سكان وأسر'!CA70) -> 67067 | CB6: =SUM('سكان وأسر'!CB70) -> 13092 | CC6: =SUM('سكان وأسر'!CC70) -> 4975 | CD6: =SUM(BX6:CC6) -> 162540 | CH6: سعودي | CI6: أنثى | CJ6: =SUM('سكان وأسر'!CJ70) -> 6430 | CK6: =SUM('سكان وأسر'!CK70) -> 33944 | CL6: =SUM('سكان وأسر'!CL70) -> 37032 | CM6: =SUM('سكان وأسر'!CM70) -> 67067 | CN6: =SUM('سكان وأسر'!CN70) -> 13092 | CO6: =SUM('سكان وأسر'!CO70) -> 4975 | CP6: =SUM(CJ6:CO6) -> 162540 | CT6: سعودي | CU6: أنثى | CV6: =SUM('سكان وأسر'!CV70) -> 6430 | CW6: =SUM('سكان وأسر'!CW70) -> 33944 | CX6: =SUM('سكان وأسر'!CX70) -> 37032 | CY6: =SUM('سكان وأسر'!CY70) -> 67067 | CZ6: =SUM('سكان وأسر'!CZ70) -> 13092 | DA6: =SUM('سكان وأسر'!DA70) -> 4975 | DB6: =SUM(CV6:DA6) -> 162540 | DF6: سعودي | DG6: أنثى | DH6: =SUM('سكان وأسر'!DH70) -> 0 | DI6: =SUM('سكان وأسر'!DI70) -> 0 | DJ6: =SUM('سكان وأسر'!DJ70) -> 0 | DK6: =SUM('سكان وأسر'!DK70) -> 0 | DL6: =SUM('سكان وأسر'!DL70) -> 0 | DM6: =SUM('سكان وأسر'!DM70) -> 0 | DN6: =SUM(DH6:DM6) -> 0 | DR6: سعودي | DS6: أنثى | DT6: =SUM('سكان وأسر'!DT70) -> 0 | DU6: =SUM('سكان وأسر'!DU70) -> 0 | DV6: =SUM('سكان وأسر'!DV70) -> 0 | DW6: =SUM('سكان وأسر'!DW70) -> 0 | DX6: =SUM('سكان وأسر'!DX70) -> 0 | DY6: =SUM('سكان وأسر'!DY70) -> 0 | DZ6: =SUM(DT6:DY6) -> 0 | ED6: سعودي | EE6: أنثى | EF6: =SUM('سكان وأسر'!EF70) -> 0 | EG6: =SUM('سكان وأسر'!EG70) -> 0 | EH6: =SUM('سكان وأسر'!EH70) -> 0 | EI6: =SUM('سكان وأسر'!EI70) -> 0 | EJ6: =SUM('سكان وأسر'!EJ70) -> 0 | EK6: =SUM('سكان وأسر'!EK70) -> 0 | EL6: =SUM(EF6:EK6) -> 0 | EQ6: سعودي | ER6: أنثى | ES6: =SUM(EF6) -> 0 | ET6: =SUM(EG6) -> 0 | EU6: =SUM(EH6) -> 0 | EV6: =SUM(EI6) -> 0 | EW6: =SUM(EJ6) -> 0 | EX6: =SUM(EK6) -> 0 | EY6: =SUM(ES6:EX6) -> 0
B7: غير | C7: ذكر | D7: =SUM('سكان وأسر'!D71) -> 1505 | E7: =SUM('سكان وأسر'!E71) -> 1267 | F7: =SUM('سكان وأسر'!F71) -> 2281 | G7: =SUM('سكان وأسر'!G71) -> 2741 | H7: =SUM('سكان وأسر'!H71) -> 1389 | I7: =SUM('سكان وأسر'!I71) -> 322 | J7: =SUM(D7:I7) -> 9505 | K7: =SUM('سكان وأسر'!K71) -> 7269 | N7: غير | O7: ذكر | P7: =SUM('سكان وأسر'!P71) -> 1505 | Q7: =SUM('سكان وأسر'!Q71) -> 1267 | R7: =SUM('سكان وأسر'!R71) -> 2281 | S7: =SUM('سكان وأسر'!S71) -> 2741 | T7: =SUM('سكان وأسر'!T71) -> 1389 | U7: =SUM('سكان وأسر'!U71) -> 322 | V7: =SUM(P7:U7) -> 9505 | W7: =SUM('سكان وأسر'!W71) -> 7269 | Z7: غير | AA7: ذكر | AB7: =SUM('سكان وأسر'!AB71) -> 1505 | AC7: =SUM('سكان وأسر'!AC71) -> 1267 | AD7: =SUM('سكان وأسر'!AD71) -> 2281 | AE7: =SUM('سكان وأسر'!AE71) -> 2741 | AF7: =SUM('سكان وأسر'!AF71) -> 1389 | AG7: =SUM('سكان وأسر'!AG71) -> 322 | AH7: =SUM(AB7:AG7) -> 9505 | AI7: =SUM('سكان وأسر'!AI71) -> 7269 | AL7: غير | AM7: ذكر | AN7: =SUM('سكان وأسر'!AN71) -> 1505 | AO7: =SUM('سكان وأسر'!AO71) -> 1267 | AP7: =SUM('سكان وأسر'!AP71) -> 2281 | AQ7: =SUM('سكان وأسر'!AQ71) -> 2741 | AR7: =SUM('سكان وأسر'!AR71) -> 1389 | AS7: =SUM('سكان وأسر'!AS71) -> 322 | AT7: =SUM(AN7:AS7) -> 9505 | AU7: =SUM('سكان وأسر'!AU71) -> 7269 | AX7: غير | AY7: ذكر | AZ7: =SUM('سكان وأسر'!AZ71) -> 1505 | BA7: =SUM('سكان وأسر'!BA71) -> 1267 | BB7: =SUM('سكان وأسر'!BB71) -> 2281 | BC7: =SUM('سكان وأسر'!BC71) -> 2741 | BD7: =SUM('سكان وأسر'!BD71) -> 1389 | BE7: =SUM('سكان وأسر'!BE71) -> 322 | BF7: =SUM(AZ7:BE7) -> 9505 | BG7: =SUM('سكان وأسر'!BG71) -> 7269 | BJ7: غير | BK7: ذكر | BL7: =SUM('سكان وأسر'!BL71) -> 1505 | BM7: =SUM('سكان وأسر'!BM71) -> 1267 | BN7: =SUM('سكان وأسر'!BN71) -> 2281 | BO7: =SUM('سكان وأسر'!BO71) -> 2741 | BP7: =SUM('سكان وأسر'!BP71) -> 1389 | BQ7: =SUM('سكان وأسر'!BQ71) -> 322 | BR7: =SUM(BL7:BQ7) -> 9505 | BS7: =SUM('سكان وأسر'!BS71) -> 7269 | BV7: غير | BW7: ذكر | BX7: =SUM('سكان وأسر'!BX71) -> 1505 | BY7: =SUM('سكان وأسر'!BY71) -> 1267 | BZ7: =SUM('سكان وأسر'!BZ71) -> 2281 | CA7: =SUM('سكان وأسر'!CA71) -> 2741 | CB7: =SUM('سكان وأسر'!CB71) -> 1389 | CC7: =SUM('سكان وأسر'!CC71) -> 322 | CD7: =SUM(BX7:CC7) -> 9505 | CE7: =SUM('سكان وأسر'!CE71) -> 7269 | CH7: غير | CI7: ذكر | CJ7: =SUM('سكان وأسر'!CJ71) -> 1505 | CK7: =SUM('سكان وأسر'!CK71) -> 1267 | CL7: =SUM('سكان وأسر'!CL71) -> 2281 | CM7: =SUM('سكان وأسر'!CM71) -> 2741 | CN7: =SUM('سكان وأسر'!CN71) -> 1389 | CO7: =SUM('سكان وأسر'!CO71) -> 322 | CP7: =SUM(CJ7:CO7) -> 9505 | CQ7: =SUM('سكان وأسر'!CQ71) -> 7269 | CT7: غير | CU7: ذكر | CV7: =SUM('سكان وأسر'!CV71) -> 1505 | CW7: =SUM('سكان وأسر'!CW71) -> 1267 | CX7: =SUM('سكان وأسر'!CX71) -> 2281 | CY7: =SUM('سكان وأسر'!CY71) -> 2741 | CZ7: =SUM('سكان وأسر'!CZ71) -> 1389 | DA7: =SUM('سكان وأسر'!DA71) -> 322 | DB7: =SUM(CV7:DA7) -> 9505 | DC7: =SUM('سكان وأسر'!DC71) -> 7269 | DF7: غير | DG7: ذكر | DH7: =SUM('سكان وأسر'!DH71) -> 0 | DI7: =SUM('سكان وأسر'!DI71) -> 0 | DJ7: =SUM('سكان وأسر'!DJ71) -> 0 | DK7: =SUM('سكان وأسر'!DK71) -> 0 | DL7: =SUM('سكان وأسر'!DL71) -> 0 | DM7: =SUM('سكان وأسر'!DM71) -> 0 | DN7: =SUM(DH7:DM7) -> 0 | DO7: =SUM('سكان وأسر'!DO71) -> 0 | DR7: غير | DS7: ذكر | DT7: =SUM('سكان وأسر'!DT71) -> 0 | DU7: =SUM('سكان وأسر'!DU71) -> 0 | DV7: =SUM('سكان وأسر'!DV71) -> 0 | DW7: =SUM('سكان وأسر'!DW71) -> 0 | DX7: =SUM('سكان وأسر'!DX71) -> 0 | DY7: =SUM('سكان وأسر'!DY71) -> 0 | DZ7: =SUM(DT7:DY7) -> 0 | EA7: =SUM('سكان وأسر'!EA71) -> 0 | ED7: غير | EE7: ذكر | EF7: =SUM('سكان وأسر'!EF71) -> 0 | EG7: =SUM('سكان وأسر'!EG71) -> 0 | EH7: =SUM('سكان وأسر'!EH71) -> 0 | EI7: =SUM('سكان وأسر'!EI71) -> 0 | EJ7: =SUM('سكان وأسر'!EJ71) -> 0 | EK7: =SUM('سكان وأسر'!EK71) -> 0 | EL7: =SUM(EF7:EK7) -> 0 | EM7: =SUM('سكان وأسر'!EM71) -> 0 | EQ7: غير | ER7: ذكر | ES7: =SUM(EF7) -> 0 | ET7: =SUM(EG7) -> 0 | EU7: =SUM(EH7) -> 0 | EV7: =SUM(EI7) -> 0 | EW7: =SUM(EJ7) -> 0 | EX7: =SUM(EK7) -> 0 | EY7: =SUM(ES7:EX7) -> 0 | EZ7: =SUM(EM7) -> 0
B8: سعودي | C8: أنثى | D8: =SUM('سكان وأسر'!D72) -> 1216 | E8: =SUM('سكان وأسر'!E72) -> 1278 | F8: =SUM('سكان وأسر'!F72) -> 2375 | G8: =SUM('سكان وأسر'!G72) -> 2888 | H8: =SUM('سكان وأسر'!H72) -> 943 | I8: =SUM('سكان وأسر'!I72) -> 241 | J8: =SUM(D8:I8) -> 8941 | N8: سعودي | O8: أنثى | P8: =SUM('سكان وأسر'!P72) -> 1216 | Q8: =SUM('سكان وأسر'!Q72) -> 1278 | R8: =SUM('سكان وأسر'!R72) -> 2375 | S8: =SUM('سكان وأسر'!S72) -> 2888 | T8: =SUM('سكان وأسر'!T72) -> 943 | U8: =SUM('سكان وأسر'!U72) -> 241 | V8: =SUM(P8:U8) -> 8941 | Z8: سعودي | AA8: أنثى | AB8: =SUM('سكان وأسر'!AB72) -> 1216 | AC8: =SUM('سكان وأسر'!AC72) -> 1278 | AD8: =SUM('سكان وأسر'!AD72) -> 2375 | AE8: =SUM('سكان وأسر'!AE72) -> 2888 | AF8: =SUM('سكان وأسر'!AF72) -> 943 | AG8: =SUM('سكان وأسر'!AG72) -> 241 | AH8: =SUM(AB8:AG8) -> 8941 | AL8: سعودي | AM8: أنثى | AN8: =SUM('سكان وأسر'!AN72) -> 1216 | AO8: =SUM('سكان وأسر'!AO72) -> 1278 | AP8: =SUM('سكان وأسر'!AP72) -> 2375 | AQ8: =SUM('سكان وأسر'!AQ72) -> 2888 | AR8: =SUM('سكان وأسر'!AR72) -> 943 | AS8: =SUM('سكان وأسر'!AS72) -> 241 | AT8: =SUM(AN8:AS8) -> 8941 | AX8: سعودي | AY8: أنثى | AZ8: =SUM('سكان وأسر'!AZ72) -> 1216 | BA8: =SUM('سكان وأسر'!BA72) -> 1278 | BB8: =SUM('سكان وأسر'!BB72) -> 2375 | BC8: =SUM('سكان وأسر'!BC72) -> 2888 | BD8: =SUM('سكان وأسر'!BD72) -> 943 | BE8: =SUM('سكان وأسر'!BE72) -> 241 | BF8: =SUM(AZ8:BE8) -> 8941 | BJ8: سعودي | BK8: أنثى | BL8: =SUM('سكان وأسر'!BL72) -> 1216 | BM8: =SUM('سكان وأسر'!BM72) -> 1278 | BN8: =SUM('سكان وأسر'!BN72) -> 2375 | BO8: =SUM('سكان وأسر'!BO72) -> 2888 | BP8: =SUM('سكان وأسر'!BP72) -> 943 | BQ8: =SUM('سكان وأسر'!BQ72) -> 241 | BR8: =SUM(BL8:BQ8) -> 8941 | BV8: سعودي | BW8: أنثى | BX8: =SUM('سكان وأسر'!BX72) -> 1216 | BY8: =SUM('سكان وأسر'!BY72) -> 1278 | BZ8: =SUM('سكان وأسر'!BZ72) -> 2375 | CA8: =SUM('سكان وأسر'!CA72) -> 2888 | CB8: =SUM('سكان وأسر'!CB72) -> 943 | CC8: =SUM('سكان وأسر'!CC72) -> 241 | CD8: =SUM(BX8:CC8) -> 8941 | CH8: سعودي | CI8: أنثى | CJ8: =SUM('سكان وأسر'!CJ72) -> 1216 | CK8: =SUM('سكان وأسر'!CK72) -> 1278 | CL8: =SUM('سكان وأسر'!CL72) -> 2375 | CM8: =SUM('سكان وأسر'!CM72) -> 2888 | CN8: =SUM('سكان وأسر'!CN72) -> 943 | CO8: =SUM('سكان وأسر'!CO72) -> 241 | CP8: =SUM(CJ8:CO8) -> 8941 | CT8: سعودي | CU8: أنثى | CV8: =SUM('سكان وأسر'!CV72) -> 1216 | CW8: =SUM('سكان وأسر'!CW72) -> 1278 | CX8: =SUM('سكان وأسر'!CX72) -> 2375 | CY8: =SUM('سكان وأسر'!CY72) -> 2888 | CZ8: =SUM('سكان وأسر'!CZ72) -> 943 | DA8: =SUM('سكان وأسر'!DA72) -> 241 | DB8: =SUM(CV8:DA8) -> 8941 | DF8: سعودي | DG8: أنثى | DH8: =SUM('سكان وأسر'!DH72) -> 0 | DI8: =SUM('سكان وأسر'!DI72) -> 0 | DJ8: =SUM('سكان وأسر'!DJ72) -> 0 | DK8: =SUM('سكان وأسر'!DK72) -> 0 | DL8: =SUM('سكان وأسر'!DL72) -> 0 | DM8: =SUM('سكان وأسر'!DM72) -> 0 | DN8: =SUM(DH8:DM8) -> 0 | DR8: سعودي | DS8: أنثى | DT8: =SUM('سكان وأسر'!DT72) -> 0 | DU8: =SUM('سكان وأسر'!DU72) -> 0 | DV8: =SUM('سكان وأسر'!DV72) -> 0 | DW8: =SUM('سكان وأسر'!DW72) -> 0 | DX8: =SUM('سكان وأسر'!DX72) -> 0 | DY8: =SUM('سكان وأسر'!DY72) -> 0 | DZ8: =SUM(DT8:DY8) -> 0 | ED8: سعودي | EE8: أنثى | EF8: =SUM('سكان وأسر'!EF72) -> 0 | EG8: =SUM('سكان وأسر'!EG72) -> 0 | EH8: =SUM('سكان وأسر'!EH72) -> 0 | EI8: =SUM('سكان وأسر'!EI72) -> 0 | EJ8: =SUM('سكان وأسر'!EJ72) -> 0 | EK8: =SUM('سكان وأسر'!EK72) -> 0 | EL8: =SUM(EF8:EK8) -> 0 | EQ8: سعودي | ER8: أنثى | ES8: =SUM(EF8) -> 0 | ET8: =SUM(EG8) -> 0 | EU8: =SUM(EH8) -> 0 | EV8: =SUM(EI8) -> 0 | EW8: =SUM(EJ8) -> 0 | EX8: =SUM(EK8) -> 0 | EY8: =SUM(ES8:EX8) -> 0
B9: المجموع | D9: =SUM(D5:D8) -> 17320 | E9: =SUM(E5:E8) -> 57187 | F9: =SUM(F5:F8) -> 81246 | G9: =SUM(G5:G8) -> 133174 | H9: =SUM(H5:H8) -> 32127 | I9: =SUM(I5:I8) -> 12420 | J9: =SUM(J5:J8) -> 333474 | K9: =SUM(K5:K8) -> 64494 | N9: المجموع | P9: =SUM(P5:P8) -> #VALUE! | Q9: =SUM(Q5:Q8) -> 57187 | R9: =SUM(R5:R8) -> 81246 | S9: =SUM(S5:S8) -> 133174 | T9: =SUM(T5:T8) -> 32127 | U9: =SUM(U5:U8) -> 12420 | V9: =SUM(V5:V8) -> #VALUE! | W9: =SUM(W5:W8) -> 64494 | Z9: المجموع | AB9: =SUM(AB5:AB8) -> #VALUE! | AC9: =SUM(AC5:AC8) -> 57187 | AD9: =SUM(AD5:AD8) -> 81246 | AE9: =SUM(AE5:AE8) -> 133174 | AF9: =SUM(AF5:AF8) -> 32127 | AG9: =SUM(AG5:AG8) -> 12420 | AH9: =SUM(AH5:AH8) -> #VALUE! | AI9: =SUM(AI5:AI8) -> 64494 | AL9: المجموع | AN9: =SUM(AN5:AN8) -> #VALUE! | AO9: =SUM(AO5:AO8) -> 57187 | AP9: =SUM(AP5:AP8) -> 81246 | AQ9: =SUM(AQ5:AQ8) -> 133174 | AR9: =SUM(AR5:AR8) -> 32127 | AS9: =SUM(AS5:AS8) -> 12420 | AT9: =SUM(AT5:AT8) -> #VALUE! | AU9: =SUM(AU5:AU8) -> 64494 | AX9: المجموع | AZ9: =SUM(AZ5:AZ8) -> #VALUE! | BA9: =SUM(BA5:BA8) -> 57187 | BB9: =SUM(BB5:BB8) -> 81246 | BC9: =SUM(BC5:BC8) -> 133174 | BD9: =SUM(BD5:BD8) -> 32127 | BE9: =SUM(BE5:BE8) -> 12420 | BF9: =SUM(BF5:BF8) -> #VALUE! | BG9: =SUM(BG5:BG8) -> 64494 | BJ9: المجموع | BL9: =SUM(BL5:BL8) -> #VALUE! | BM9: =SUM(BM5:BM8) -> 57187 | BN9: =SUM(BN5:BN8) -> 81246 | BO9: =SUM(BO5:BO8) -> 133174 | BP9: =SUM(BP5:BP8) -> 32127 | BQ9: =SUM(BQ5:BQ8) -> 12420 | BR9: =SUM(BR5:BR8) -> #VALUE! | BS9: =SUM(BS5:BS8) -> 64494 | BV9: المجموع | BX9: =SUM(BX5:BX8) -> #VALUE! | BY9: =SUM(BY5:BY8) -> 57187 | BZ9: =SUM(BZ5:BZ8) -> 81246 | CA9: =SUM(CA5:CA8) -> 133174 | CB9: =SUM(CB5:CB8) -> 32127 | CC9: =SUM(CC5:CC8) -> 12420 | CD9: =SUM(CD5:CD8) -> #VALUE! | CE9: =SUM(CE5:CE8) -> 64494 | CH9: المجموع | CJ9: =SUM(CJ5:CJ8) -> #VALUE! | CK9: =SUM(CK5:CK8) -> 57187 | CL9: =SUM(CL5:CL8) -> 81246 | CM9: =SUM(CM5:CM8) -> 133174 | CN9: =SUM(CN5:CN8) -> 32127 | CO9: =SUM(CO5:CO8) -> 12420 | CP9: =SUM(CP5:CP8) -> #VALUE! | CQ9: =SUM(CQ5:CQ8) -> 64494 | CT9: المجموع | CV9: =SUM(CV5:CV8) -> #VALUE! | CW9: =SUM(CW5:CW8) -> 57187 | CX9: =SUM(CX5:CX8) -> 81246 | CY9: =SUM(CY5:CY8) -> 133174 | CZ9: =SUM(CZ5:CZ8) -> 32127 | DA9: =SUM(DA5:DA8) -> 12420 | DB9: =SUM(DB5:DB8) -> #VALUE! | DC9: =SUM(DC5:DC8) -> 64494 | DF9: المجموع | DH9: =SUM(DH5:DH8) -> 0 | DI9: =SUM(DI5:DI8) -> 0 | DJ9: =SUM(DJ5:DJ8) -> 0 | DK9: =SUM(DK5:DK8) -> 0 | DL9: =SUM(DL5:DL8) -> 0 | DM9: =SUM(DM5:DM8) -> 0 | DN9: =SUM(DN5:DN8) -> 0 | DO9: =SUM(DO5:DO8) -> 0 | DR9: المجموع | DT9: =SUM(DT5:DT8) -> 0 | DU9: =SUM(DU5:DU8) -> 0 | DV9: =SUM(DV5:DV8) -> 0 | DW9: =SUM(DW5:DW8) -> 0 | DX9: =SUM(DX5:DX8) -> 0 | DY9: =SUM(DY5:DY8) -> 0 | DZ9: =SUM(DZ5:DZ8) -> 0 | EA9: =SUM(EA5:EA8) -> 0 | ED9: المجموع | EF9: =SUM(EF5:EF8) -> 0 | EG9: =SUM(EG5:EG8) -> 0 | EH9: =SUM(EH5:EH8) -> 0 | EI9: =SUM(EI5:EI8) -> 0 | EJ9: =SUM(EJ5:EJ8) -> 0 | EK9: =SUM(EK5:EK8) -> 0 | EL9: =SUM(EL5:EL8) -> 0 | EM9: =SUM(EM5:EM8) -> 0 | EQ9: المجموع | ES9: =SUM(ES5:ES8) -> 0 | ET9: =SUM(ET5:ET8) -> 0 | EU9: =SUM(EU5:EU8) -> 0 | EV9: =SUM(EV5:EV8) -> 0 | EW9: =SUM(EW5:EW8) -> 0 | EX9: =SUM(EX5:EX8) -> 0 | EY9: =SUM(EY5:EY8) -> 0 | EZ9: =SUM(EZ5:EZ8) -> 0
A13: محمد الزهراني | J13: ادارة الاحصاء | M13: محمد الزهراني | V13: ادارة الاحصاء | Y13: محمد الزهراني | AH13: ادارة الاحصاء | AK13: محمد الزهراني | AT13: ادارة الاحصاء | AW13: محمد الزهراني | BF13: ادارة الاحصاء | BI13: محمد الزهراني | BR13: ادارة الاحصاء | BU13: محمد الزهراني | CD13: ادارة الاحصاء | CG13: محمد الزهراني | CP13: ادارة الاحصاء | CS13: محمد الزهراني | DB13: ادارة الاحصاء | DE13: محمد الزهراني | DN13: ادارة الاحصاء | DQ13: محمد الزهراني | DZ13: ادارة الاحصاء | EC13: محمد الزهراني | EL13: ادارة الاحصاء | EP13: محمد الزهراني | EY13: ادارة الاحصاء
