Workbook

Sheet نتائج إيجابية
A2: 12 ـ ب :النتائج الإيجابية | F2: شهر | G2: 1 | H2: عام | I2: 1447 | J2: هـ | L2: 12 ـ ب :النتائج الإيجابية | Q2: شهر | R2: 2 | S2: عام | T2: 1447 | U2: هـ | W2: 12 ـ ب :النتائج الإيجابية | AB2: شهر | AC2: 3 | AD2: عام | AE2: 1447 | AF2: هـ | AH2: 12 ـ ب :النتائج الإيجابية | AM2: شهر | AN2: 4 | AO2: عام | AP2: 1447 | AQ2: هـ | AS2: 12 ـ ب :النتائج الإيجابية | AX2: شهر | AY2: 5 | AZ2: عام | BA2: 1447 | BB2: هـ | BD2: 12 ـ ب :النتائج الإيجابية | BI2: شهر | BJ2: 6 | BK2: عام | BL2: 1447 | BM2: هـ | BO2: 12 ـ ب :النتائج الإيجابية | BT2: شهر | BU2: 7 | BV2: عام | BW2: 1447 | BX2: هـ | BZ2: 12 ـ ب :النتائج الإيجابية | CE2: شهر | CF2: 8 | CG2: عام | CH2: 1447 | CI2: هـ | CK2: 12 ـ ب :النتائج الإيجابية | CP2: شهر | CQ2: 9 | CR2: عام | CS2: 1447 | CT2: هـ | CV2: 12 ـ ب :النتائج الإيجابية | DA2: شهر | DB2: 10 | DC2: عام | DD2: 1447 | DE2: هـ | DG2: 12 ـ ب :النتائج الإيجابية | DL2: شهر | DM2: 11 | DN2: عام | DO2: 1447 | DP2: هـ | DR2: 12 ـ ب :النتائج الإيجابية | DW2: شهر | DX2: 12 | DY2: عام | DZ2: 1447 | EA2: هـ | EC2: 12 ـ ب :النتائج الإيجابية | EJ2: عام | EK2: =SUM(DZ2) -> 1447 | EL2: هـ
A4: المركز الصحي | B4: نوع الإصابة ( العددالإيجابي من عدد الفحوصات ) | D4: بلهارسيا بولية | E4: بلهارسيا معوية | F4: دوسنتاريا | G4: ملاريا | H4: حمل | I4: أخرى | J4: المجموع | L4: المركز الصحي | M4: نوع الإصابة ( العددالإيجابي من عدد الفحوصات ) | O4: بلهارسيا بولية | P4: بلهارسيا معوية | Q4: دوسنتاريا | R4: ملاريا | S4: حمل | T4: أخرى | U4: المجموع | W4: المركز الصحي | X4: نوع الإصابة ( العددالإيجابي من عدد الفحوصات ) | Z4: بلهارسيا بولية | AA4: بلهارسيا معوية | AB4: دوسنتاريا | AC4: ملاريا | AD4: حمل | AE4: أخرى | AF4: المجموع | AH4: المركز الصحي | AI4: نوع الإصابة ( العددالإيجابي من عدد الفحوصات ) | AK4: بلهارسيا بولية | AL4: بلهارسيا معوية | AM4: دوسنتاريا | AN4: ملاريا | AO4: حمل | AP4: أخرى | AQ4: المجموع | AS4: المركز الصحي | AT4: نوع الإصابة ( العددالإيجابي من عدد الفحوصات ) | AV4: بلهارسيا بولية | AW4: بلهارسيا معوية | AX4: دوسنتاريا | AY4: ملاريا | AZ4: حمل | BA4: أخرى | BB4: المجموع | BD4: المركز الصحي | BE4: نوع الإصابة ( العددالإيجابي من عدد الفحوصات ) | BG4: بلهارسيا بولية | BH4: بلهارسيا معوية | BI4: دوسنتاريا | BJ4: ملاريا | BK4: حمل | BL4: أخرى | BM4: المجموع | BO4: المركز الصحي | BP4: نوع الإصابة ( العددالإيجابي من عدد الفحوصات ) | BR4: بلهارسيا بولية | BS4: بلهارسيا معوية | BT4: دوسنتاريا | BU4: ملاريا | BV4: حمل | BW4: أخرى | BX4: المجموع | BZ4: المركز الصحي | CA4: نوع الإصابة ( العددالإيجابي من عدد الفحوصات ) | CC4: بلهارسيا بولية | CD4: بلهارسيا معوية | CE4: دوسنتاريا | CF4: ملاريا | CG4: حمل | CH4: أخرى | CI4: المجموع | CK4: المركز الصحي | CL4: نوع الإصابة ( العددالإيجابي من عدد الفحوصات ) | CN4: بلهارسيا بولية | CO4: بلهارسيا معوية | CP4: دوسنتاريا | CQ4: ملاريا | CR4: حمل | CS4: أخرى | CT4: المجموع | CV4: المركز الصحي | CW4: نوع الإصابة ( العددالإيجابي من عدد الفحوصات ) | CY4: بلهارسيا بولية | CZ4: بلهارسيا معوية | DA4: دوسنتاريا | DB4: ملاريا | DC4: حمل | DD4: أخرى | DE4: المجموع | DG4: المركز الصحي | DH4: نوع الإصابة ( العددالإيجابي من عدد الفحوصات ) | DJ4: بلهارسيا بولية | DK4: بلهارسيا معوية | DL4: دوسنتاريا | DM4: ملاريا | DN4: حمل | DO4: أخرى | DP4: المجموع | DR4: المركز الصحي | DS4: نوع الإصابة ( العددالإيجابي من عدد الفحوصات ) | DU4: بلهارسيا بولية | DV4: بلهارسيا معوية | DW4: دوسنتاريا | DX4: ملاريا | DY4: حمل | DZ4: أخرى | EA4: المجموع | EC4: المركز الصحي | ED4: نوع الإصابة ( العددالإيجابي من عدد الفحوصات ) | EF4: بلهارسيا بولية | EG4: بلهارسيا معوية | EH4: دوسنتاريا | EI4: ملاريا | EJ4: حمل | EK4: أخرى | EL4: المجموع
A6: الربيع والتوفيق | B6: سعودي | C6: ذكر | D6: 0 | E6: 0 | F6: 0 | G6: 0 | H6: 0 | I6: 0 | J6: =SUM(D6:I6) -> 0 | L6: الربيع والتوفيق | M6: سعودي | N6: ذكر | O6: 0 | P6: 0 | Q6: 0 | R6: 0 | S6: 0 | T6: 0 | U6: =SUM(O6:T6) -> 0 | W6: الربيع والتوفيق | X6: سعودي | Y6: ذكر | Z6: 0 | AA6: 0 | AB6: 0 | AC6: 0 | AD6: 0 | AE6: 0 | AF6: =SUM(Z6:AE6) -> 0 | AH6: الربيع والتوفيق | AI6: سعودي | AJ6: ذكر | AK6: 0 | AL6: 0 | AM6: 0 | AN6: 0 | AO6: 0 | AP6: 0 | AQ6: =SUM(AK6:AP6) -> 0 | AS6: الربيع والتوفيق | AT6: سعودي | AU6: ذكر | AV6: 0 | AW6: 0 | AX6: 0 | AY6: 0 | AZ6: 0 | BA6: 0 | BB6: =SUM(AV6:BA6) -> 0 | BD6: الربيع والتوفيق | BE6: سعودي | BF6: ذكر | BG6: 0 | BH6: 0 | BI6: 0 | BJ6: 0 | BK6: 0 | BL6: 0 | BM6: =SUM(BG6:BL6) -> 0 | BO6: الربيع والتوفيق | BP6: سعودي | BQ6: ذكر | BR6: 0 | BS6: 0 | BT6: 0 | BU6: 0 | BV6: 0 | BW6: 0 | BX6: =SUM(BR6:BW6) -> 0 | BZ6: الربيع والتوفيق | CA6: سعودي | CB6: ذكر | CC6: 0 | CD6: 0 | CE6: 0 | CF6: 0 | CG6: 0 | CH6: 0 | CI6: =SUM(CC6:CH6) -> 0 | CK6: الربيع والتوفيق | CL6: سعودي | CM6: ذكر | CN6: 0 | CO6: 0 | CP6: 0 | CQ6: 0 | CR6: 0 | CS6: 0 | CT6: =SUM(CN6:CS6) -> 0 | CV6: الربيع والتوفيق | CW6: سعودي | CX6: ذكر | CY6: 0 | CZ6: 0 | DA6: 0 | DB6: 0 | DC6: 0 | DD6: 0 | DE6: =SUM(CY6:DD6) -> 0 | DG6: الربيع والتوفيق | DH6: سعودي | DI6: ذكر | DJ6: 0 | DK6: 0 | DL6: 0 | DM6: 0 | DN6: 0 | DO6: 0 | DP6: =SUM(DJ6:DO6) -> 0 | DR6: الربيع والتوفيق | DS6: سعودي | DT6: ذكر | DU6: 0 | DV6: 0 | DW6: 0 | DX6: 0 | DY6: 0 | DZ6: 0 | EA6: =SUM(DU6:DZ6) -> 0 | EC6: =DR6 -> الربيع والتوفيق | ED6: سعودي | EE6: ذكر | EF6: =SUM(D6+O6+Z6+AK6+AV6+BG6+BR6+CC6+CN6+CY6+DJ6+DU6) -> 0 | EG6: =SUM(E6+P6+AA6+AL6+AW6+BH6+BS6+CD6+CO6+CZ6+DK6+DV6) -> 0 | EH6: =SUM(F6+Q6+AB6+AM6+AX6+BI6+BT6+CE6+CP6+DA6+DL6+DW6) -> 0 | EI6: =SUM(G6+R6+AC6+AN6+AY6+BJ6+BU6+CF6+CQ6+DB6+DM6+DX6) -> 0 | EJ6: 0 | EK6: =SUM(I6+T6+AE6+AP6+BA6+BL6+BW6+CH6+CS6+DD6+DO6+DZ6) -> 0 | EL6: =SUM(EF6:EK6) -> 0
C7: أنثى | D7: 0 | E7: 0 | F7: 0 | G7: 0 | H7: 0 | I7: 0 | J7: =SUM(D7:I7) -> 0 | N7: أنثى | O7: 0 | P7: 0 | Q7: 0 | R7: 0 | S7: 0 | T7: 0 | U7: =SUM(O7:T7) -> 0 | Y7: أنثى | Z7: 0 | AA7: 0 | AB7: 0 | AC7: 0 | AD7: 0 | AE7: 0 | AF7: =SUM(Z7:AE7) -> 0 | AJ7: أنثى | AK7: 0 | AL7: 0 | AM7: 0 | AN7: 0 | AO7: 0 | AP7: 0 | AQ7: =SUM(AK7:AP7) -> 0 | AU7: أنثى | AV7: 0 | AW7: 0 | AX7: 0 | AY7: 0 | AZ7: 0 | BA7: 0 | BB7: =SUM(AV7:BA7) -> 0 | BF7: أنثى | BG7: 0 | BH7: 0 | BI7: 0 | BJ7: 0 | BK7: 0 | BL7: 0 | BM7: =SUM(BG7:BL7) -> 0 | BQ7: أنثى | BR7: 0 | BS7: 0 | BT7: 0 | BU7: 0 | BV7: 0 | BW7: 0 | BX7: =SUM(BR7:BW7) -> 0 | CB7: أنثى | CC7: 0 | CD7: 0 | CE7: 0 | CF7: 0 | CG7: 0 | CH7: 0 | CI7: =SUM(CC7:CH7) -> 0 | CM7: أنثى | CN7: 0 | CO7: 0 | CP7: 0 | CQ7: 0 | CR7: 0 | CS7: 0 | CT7: =SUM(CN7:CS7) -> 0 | CX7: أنثى | CY7: 0 | CZ7: 0 | DA7: 0 | DB7: 0 | DC7: 0 | DD7: 0 | DE7: =SUM(CY7:DD7) -> 0 | DI7: أنثى | DJ7: 0 | DK7: 0 | DL7: 0 | DM7: 0 | DN7: 0 | DO7: 0 | DP7: =SUM(DJ7:DO7) -> 0 | DT7: أنثى | DU7: 0 | DV7: 0 | DW7: 0 | DX7: 0 | DY7: 0 | DZ7: 0 | EA7: =SUM(DU7:DZ7) -> 0 | EE7: أنثى | EF7: =SUM(D7+O7+Z7+AK7+AV7+BG7+BR7+CC7+CN7+CY7+DJ7+DU7) -> 0 | EG7: =SUM(E7+P7+AA7+AL7+AW7+BH7+BS7+CD7+CO7+CZ7+DK7+DV7) -> 0 | EH7: =SUM(F7+Q7+AB7+AM7+AX7+BI7+BT7+CE7+CP7+DA7+DL7+DW7) -> 0 | EI7: =SUM(G7+R7+AC7+AN7+AY7+BJ7+BU7+CF7+CQ7+DB7+DM7+DX7) -> 0 | EJ7: =SUM(H7+S7+AD7+AO7+AZ7+BK7+BV7+CG7+CR7+DC7+DN7+DY7) -> 0 | EK7: =SUM(I7+T7+AE7+AP7+BA7+BL7+BW7+CH7+CS7+DD7+DO7+DZ7) -> 0 | EL7: =SUM(EF7:EK7) -> 0
B8: مجموع السعوديين | D8: =SUM(D6:D7) -> 0 | E8: =SUM(E6:E7) -> 0 | F8: =SUM(F6:F7) -> 0 | G8: =SUM(G6:G7) -> 0 | H8: =SUM(H6:H7) -> 0 | I8: =SUM(I6:I7) -> 0 | J8: =SUM(J6:J7) -> 0 | M8: مجموع السعوديين | O8: =SUM(O6:O7) -> 0 | P8: =SUM(P6:P7) -> 0 | Q8: =SUM(Q6:Q7) -> 0 | R8: =SUM(R6:R7) -> 0 | S8: =SUM(S6:S7) -> 0 | T8: =SUM(T6:T7) -> 0 | U8: =SUM(U6:U7) -> 0 | X8: مجموع السعوديين | Z8: =SUM(Z6:Z7) -> 0 | AA8: =SUM(AA6:AA7) -> 0 | AB8: =SUM(AB6:AB7) -> 0 | AC8: =SUM(AC6:AC7) -> 0 | AD8: =SUM(AD6:AD7) -> 0 | AE8: =SUM(AE6:AE7) -> 0 | AF8: =SUM(AF6:AF7) -> 0 | AI8: مجموع السعوديين | AK8: =SUM(AK6:AK7) -> 0 | AL8: =SUM(AL6:AL7) -> 0 | AM8: =SUM(AM6:AM7) -> 0 | AN8: =SUM(AN6:AN7) -> 0 | AO8: =SUM(AO6:AO7) -> 0 | AP8: =SUM(AP6:AP7) -> 0 | AQ8: =SUM(AQ6:AQ7) -> 0 | AT8: مجموع السعوديين | AV8: =SUM(AV6:AV7) -> 0 | AW8: =SUM(AW6:AW7) -> 0 | AX8: =SUM(AX6:AX7) -> 0 | AY8: =SUM(AY6:AY7) -> 0 | AZ8: =SUM(AZ6:AZ7) -> 0 | BA8: =SUM(BA6:BA7) -> 0 | BB8: =SUM(BB6:BB7) -> 0 | BE8: مجموع السعوديين | BG8: =SUM(BG6:BG7) -> 0 | BH8: =SUM(BH6:BH7) -> 0 | BI8: =SUM(BI6:BI7) -> 0 | BJ8: =SUM(BJ6:BJ7) -> 0 | BK8: =SUM(BK6:BK7) -> 0 | BL8: =SUM(BL6:BL7) -> 0 | BM8: =SUM(BM6:BM7) -> 0 | BP8: مجموع السعوديين | BR8: =SUM(BR6:BR7) -> 0 | BS8: =SUM(BS6:BS7) -> 0 | BT8: =SUM(BT6:BT7) -> 0 | BU8: =SUM(BU6:BU7) -> 0 | BV8: =SUM(BV6:BV7) -> 0 | BW8: =SUM(BW6:BW7) -> 0 | BX8: =SUM(BX6:BX7) -> 0 | CA8: مجموع السعوديين | CC8: =SUM(CC6:CC7) -> 0 | CD8: =SUM(CD6:CD7) -> 0 | CE8: =SUM(CE6:CE7) -> 0 | CF8: =SUM(CF6:CF7) -> 0 | CG8: =SUM(CG6:CG7) -> 0 | CH8: =SUM(CH6:CH7) -> 0 | CI8: =SUM(CI6:CI7) -> 0 | CL8: مجموع السعوديين | CN8: =SUM(CN6:CN7) -> 0 | CO8: =SUM(CO6:CO7) -> 0 | CP8: =SUM(CP6:CP7) -> 0 | CQ8: =SUM(CQ6:CQ7) -> 0 | CR8: =SUM(CR6:CR7) -> 0 | CS8: =SUM(CS6:CS7) -> 0 | CT8: =SUM(CT6:CT7) -> 0 | CW8: مجموع السعوديين | CY8: =SUM(CY6:CY7) -> 0 | CZ8: =SUM(CZ6:CZ7) -> 0 | DA8: =SUM(DA6:DA7) -> 0 | DB8: =SUM(DB6:DB7) -> 0 | DC8: =SUM(DC6:DC7) -> 0 | DD8: =SUM(DD6:DD7) -> 0 | DE8: =SUM(DE6:DE7) -> 0 | DH8: مجموع السعوديين | DJ8: =SUM(DJ6:DJ7) -> 0 | DK8: =SUM(DK6:DK7) -> 0 | DL8: =SUM(DL6:DL7) -> 0 | DM8: =SUM(DM6:DM7) -> 0 | DN8: =SUM(DN6:DN7) -> 0 | DO8: =SUM(DO6:DO7) -> 0 | DP8: =SUM(DP6:DP7) -> 0 | DS8: مجموع السعوديين | DU8: =SUM(DU6:DU7) -> 0 | DV8: =SUM(DV6:DV7) -> 0 | DW8: =SUM(DW6:DW7) -> 0 | DX8: =SUM(DX6:DX7) -> 0 | DY8: =SUM(DY6:DY7) -> 0 | DZ8: =SUM(DZ6:DZ7) -> 0 | EA8: =SUM(EA6:EA7) -> 0 | ED8: مجموع السعوديين | EF8: =SUM(EF6:EF7) -> 0 | EG8: =SUM(EG6:EG7) -> 0 | EH8: =SUM(EH6:EH7) -> 0 | EI8: =SUM(EI6:EI7) -> 0 | EJ8: =SUM(EJ6:EJ7) -> 0 | EK8: =SUM(EK6:EK7) -> 0 | EL8: =SUM(EL6:EL7) -> 0
B9: غير سعودي | C9: ذكر | D9: 0 | E9: 0 | F9: 0 | G9: 0 | H9: 0 | I9: 0 | J9: =SUM(D9:I9) -> 0 | M9: غير سعودي | N9: ذكر | O9: 0 | P9: 0 | Q9: 0 | R9: 0 | S9: 0 | T9: 0 | U9: =SUM(O9:T9) -> 0 | X9: غير سعودي | Y9: ذكر | Z9: 0 | AA9: 0 | AB9: 0 | AC9: 0 | AD9: 0 | AE9: 0 | AF9: =SUM(Z9:AE9) -> 0 | AI9: غير سعودي | AJ9: ذكر | AK9: 0 | AL9: 0 | AM9: 0 | AN9: 0 | AO9: 0 | AP9: 0 | AQ9: =SUM(AK9:AP9) -> 0 | AT9: غير سعودي | AU9: ذكر | AV9: 0 | AW9: 0 | AX9: 0 | AY9: 0 | AZ9: 0 | BA9: 0 | BB9: =SUM(AV9:BA9) -> 0 | BE9: غير سعودي | BF9: ذكر | BG9: 0 | BH9: 0 | BI9: 0 | BJ9: 0 | BK9: 0 | BL9: 0 | BM9: =SUM(BG9:BL9) -> 0 | BP9: غير سعودي | BQ9: ذكر | BR9: 0 | BS9: 0 | BT9: 0 | BU9: 0 | BV9: 0 | BW9: 0 | BX9: =SUM(BR9:BW9) -> 0 | CA9: غير سعودي | CB9: ذكر | CC9: 0 | CD9: 0 | CE9: 0 | CF9: 0 | CG9: 0 | CH9: 0 | CI9: =SUM(CC9:CH9) -> 0 | CL9: غير سعودي | CM9: ذكر | CN9: 0 | CO9: 0 | CP9: 0 | CQ9: 0 | CR9: 0 | CS9: 0 | CT9: =SUM(CN9:CS9) -> 0 | CW9: غير سعودي | CX9: ذكر | CY9: 0 | CZ9: 0 | DA9: 0 | DB9: 0 | DC9: 0 | DD9: 0 | DE9: =SUM(CY9:DD9) -> 0 | DH9: غير سعودي | DI9: ذكر | DJ9: 0 | DK9: 0 | DL9: 0 | DM9: 0 | DN9: 0 | DO9: 0 | DP9: =SUM(DJ9:DO9) -> 0 | DS9: غير سعودي | DT9: ذكر | DU9: 0 | DV9: 0 | DW9: 0 | DX9: 0 | DY9: 0 | DZ9: 0 | EA9: =SUM(DU9:DZ9) -> 0 | ED9: غير سعودي | EE9: ذكر | EF9: =SUM(D9+O9+Z9+AK9+AV9+BG9+BR9+CC9+CN9+CY9+DJ9+DU9) -> 0 | EG9: =SUM(E9+P9+AA9+AL9+AW9+BH9+BS9+CD9+CO9+CZ9+DK9+DV9) -> 0 | EH9: =SUM(F9+Q9+AB9+AM9+AX9+BI9+BT9+CE9+CP9+DA9+DL9+DW9) -> 0 | EI9: =SUM(G9+R9+AC9+AN9+AY9+BJ9+BU9+CF9+CQ9+DB9+DM9+DX9) -> 0 | EJ9: 0 | EK9: =SUM(I9+T9+AE9+AP9+BA9+BL9+BW9+CH9+CS9+DD9+DO9+DZ9) -> 0 | EL9: =SUM(EF9:EK9) -> 0
C10: أنثى | D10: 0 | E10: 0 | F10: 0 | G10: 0 | H10: 0 | I10: 0 | J10: =SUM(D10:I10) -> 0 | N10: أنثى | O10: 0 | P10: 0 | Q10: 0 | R10: 0 | S10: 0 | T10: 0 | U10: =SUM(O10:T10) -> 0 | Y10: أنثى | Z10: 0 | AA10: 0 | AB10: 0 | AC10: 0 | AD10: 0 | AE10: 0 | AF10: =SUM(Z10:AE10) -> 0 | AJ10: أنثى | AK10: 0 | AL10: 0 | AM10: 0 | AN10: 0 | AO10: 0 | AP10: 0 | AQ10: =SUM(AK10:AP10) -> 0 | AU10: أنثى | AV10: 0 | AW10: 0 | AX10: 0 | AY10: 0 | AZ10: 0 | BA10: 0 | BB10: =SUM(AV10:BA10) -> 0 | BF10: أنثى | BG10: 0 | BH10: 0 | BI10: 0 | BJ10: 0 | BK10: 0 | BL10: 0 | BM10: =SUM(BG10:BL10) -> 0 | BQ10: أنثى | BR10: 0 | BS10: 0 | BT10: 0 | BU10: 0 | BV10: 0 | BW10: 0 | BX10: =SUM(BR10:BW10) -> 0 | CB10: أنثى | CC10: 0 | CD10: 0 | CE10: 0 | CF10: 0 | CG10: 0 | CH10: 0 | CI10: =SUM(CC10:CH10) -> 0 | CM10: أنثى | CN10: 0 | CO10: 0 | CP10: 0 | CQ10: 0 | CR10: 0 | CS10: 0 | CT10: =SUM(CN10:CS10) -> 0 | CX10: أنثى | CY10: 0 | CZ10: 0 | DA10: 0 | DB10: 0 | DC10: 0 | DD10: 0 | DE10: =SUM(CY10:DD10) -> 0 | DI10: أنثى | DJ10: 0 | DK10: 0 | DL10: 0 | DM10: 0 | DN10: 0 | DO10: 0 | DP10: =SUM(DJ10:DO10) -> 0 | DT10: أنثى | DU10: 0 | DV10: 0 | DW10: 0 | DX10: 0 | DY10: 0 | DZ10: 0 | EA10: =SUM(DU10:DZ10) -> 0 | EE10: أنثى | EF10: =SUM(D10+O10+Z10+AK10+AV10+BG10+BR10+CC10+CN10+CY10+DJ10+DU10) -> 0 | EG10: =SUM(E10+P10+AA10+AL10+AW10+BH10+BS10+CD10+CO10+CZ10+DK10+DV10) -> 0 | EH10: =SUM(F10+Q10+AB10+AM10+AX10+BI10+BT10+CE10+CP10+DA10+DL10+DW10) -> 0 | EI10: =SUM(G10+R10+AC10+AN10+AY10+BJ10+BU10+CF10+CQ10+DB10+DM10+DX10) -> 0 | EJ10: =SUM(H10+S10+AD10+AO10+AZ10+BK10+BV10+CG10+CR10+DC10+DN10+DY10) -> 0 | EK10: =SUM(I10+T10+AE10+AP10+BA10+BL10+BW10+CH10+CS10+DD10+DO10+DZ10) -> 0 | EL10: =SUM(EF10:EK10) -> 0
B11: مجموع الغير سعوديين | D11: =SUM(D9:D10) -> 0 | E11: =SUM(E9:E10) -> 0 | F11: =SUM(F9:F10) -> 0 | G11: =SUM(G9:G10) -> 0 | H11: =SUM(H9:H10) -> 0 | I11: =SUM(I9:I10) -> 0 | J11: =SUM(J9:J10) -> 0 | M11: مجموع الغير سعوديين | O11: =SUM(O9:O10) -> 0 | P11: =SUM(P9:P10) -> 0 | Q11: =SUM(Q9:Q10) -> 0 | R11: =SUM(R9:R10) -> 0 | S11: =SUM(S9:S10) -> 0 | T11: =SUM(T9:T10) -> 0 | U11: =SUM(U9:U10) -> 0 | X11: مجموع الغير سعوديين | Z11: =SUM(Z9:Z10) -> 0 | AA11: =SUM(AA9:AA10) -> 0 | AB11: =SUM(AB9:AB10) -> 0 | AC11: =SUM(AC9:AC10) -> 0 | AD11: =SUM(AD9:AD10) -> 0 | AE11: =SUM(AE9:AE10) -> 0 | AF11: =SUM(AF9:AF10) -> 0 | AI11: مجموع الغير سعوديين | AK11: =SUM(AK9:AK10) -> 0 | AL11: =SUM(AL9:AL10) -> 0 | AM11: =SUM(AM9:AM10) -> 0 | AN11: =SUM(AN9:AN10) -> 0 | AO11: =SUM(AO9:AO10) -> 0 | AP11: =SUM(AP9:AP10) -> 0 | AQ11: =SUM(AQ9:AQ10) -> 0 | AT11: مجموع الغير سعوديين | AV11: =SUM(AV9:AV10) -> 0 | AW11: =SUM(AW9:AW10) -> 0 | AX11: =SUM(AX9:AX10) -> 0 | AY11: =SUM(AY9:AY10) -> 0 | AZ11: =SUM(AZ9:AZ10) -> 0 | BA11: =SUM(BA9:BA10) -> 0 | BB11: =SUM(BB9:BB10) -> 0 | BE11: مجموع الغير سعوديين | BG11: =SUM(BG9:BG10) -> 0 | BH11: =SUM(BH9:BH10) -> 0 | BI11: =SUM(BI9:BI10) -> 0 | BJ11: =SUM(BJ9:BJ10) -> 0 | BK11: =SUM(BK9:BK10) -> 0 | BL11: =SUM(BL9:BL10) -> 0 | BM11: =SUM(BM9:BM10) -> 0 | BP11: مجموع الغير سعوديين | BR11: =SUM(BR9:BR10) -> 0 | BS11: =SUM(BS9:BS10) -> 0 | BT11: =SUM(BT9:BT10) -> 0 | BU11: =SUM(BU9:BU10) -> 0 | BV11: =SUM(BV9:BV10) -> 0 | BW11: =SUM(BW9:BW10) -> 0 | BX11: =SUM(BX9:BX10) -> 0 | CA11: مجموع الغير سعوديين | CC11: =SUM(CC9:CC10) -> 0 | CD11: =SUM(CD9:CD10) -> 0 | CE11: =SUM(CE9:CE10) -> 0 | CF11: =SUM(CF9:CF10) -> 0 | CG11: =SUM(CG9:CG10) -> 0 | CH11: =SUM(CH9:CH10) -> 0 | CI11: =SUM(CI9:CI10) -> 0 | CL11: مجموع الغير سعوديين | CN11: =SUM(CN9:CN10) -> 0 | CO11: =SUM(CO9:CO10) -> 0 | CP11: =SUM(CP9:CP10) -> 0 | CQ11: =SUM(CQ9:CQ10) -> 0 | CR11: =SUM(CR9:CR10) -> 0 | CS11: =SUM(CS9:CS10) -> 0 | CT11: =SUM(CT9:CT10) -> 0 | CW11: مجموع الغير سعوديين | CY11: =SUM(CY9:CY10) -> 0 | CZ11: =SUM(CZ9:CZ10) -> 0 | DA11: =SUM(DA9:DA10) -> 0 | DB11: =SUM(DB9:DB10) -> 0 | DC11: =SUM(DC9:DC10) -> 0 | DD11: =SUM(DD9:DD10) -> 0 | DE11: =SUM(DE9:DE10) -> 0 | DH11: مجموع الغير سعوديين | DJ11: =SUM(DJ9:DJ10) -> 0 | DK11: =SUM(DK9:DK10) -> 0 | DL11: =SUM(DL9:DL10) -> 0 | DM11: =SUM(DM9:DM10) -> 0 | DN11: =SUM(DN9:DN10) -> 0 | DO11: =SUM(DO9:DO10) -> 0 | DP11: =SUM(DP9:DP10) -> 0 | DS11: مجموع الغير سعوديين | DU11: =SUM(DU9:DU10) -> 0 | DV11: =SUM(DV9:DV10) -> 0 | DW11: =SUM(DW9:DW10) -> 0 | DX11: =SUM(DX9:DX10) -> 0 | DY11: =SUM(DY9:DY10) -> 0 | DZ11: =SUM(DZ9:DZ10) -> 0 | EA11: =SUM(EA9:EA10) -> 0 | ED11: مجموع الغير سعوديين | EF11: =SUM(EF9:EF10) -> 0 | EG11: =SUM(EG9:EG10) -> 0 | EH11: =SUM(EH9:EH10) -> 0 | EI11: =SUM(EI9:EI10) -> 0 | EJ11: =SUM(EJ9:EJ10) -> 0 | EK11: =SUM(EK9:EK10) -> 0 | EL11: =SUM(EL9:EL10) -> 0
B12: المجموع الكلي | D12: =SUM(D8+D11) -> 0 | E12: =SUM(E8+E11) -> 0 | F12: =SUM(F8+F11) -> 0 | G12: =SUM(G8+G11) -> 0 | H12: =SUM(H8+H11) -> 0 | I12: =SUM(I8+I11) -> 0 | J12: =SUM(J8+J11) -> 0 | M12: المجموع الكلي | O12: =SUM(O8+O11) -> 0 | P12: =SUM(P8+P11) -> 0 | Q12: =SUM(Q8+Q11) -> 0 | R12: =SUM(R8+R11) -> 0 | S12: =SUM(S8+S11) -> 0 | T12: =SUM(T8+T11) -> 0 | U12: =SUM(U8+U11) -> 0 | X12: المجموع الكلي | Z12: =SUM(Z8+Z11) -> 0 | AA12: =SUM(AA8+AA11) -> 0 | AB12: =SUM(AB8+AB11) -> 0 | AC12: =SUM(AC8+AC11) -> 0 | AD12: =SUM(AD8+AD11) -> 0 | AE12: =SUM(AE8+AE11) -> 0 | AF12: =SUM(AF8+AF11) -> 0 | AI12: المجموع الكلي | AK12: =SUM(AK8+AK11) -> 0 | AL12: =SUM(AL8+AL11) -> 0 | AM12: =SUM(AM8+AM11) -> 0 | AN12: =SUM(AN8+AN11) -> 0 | AO12: =SUM(AO8+AO11) -> 0 | AP12: =SUM(AP8+AP11) -> 0 | AQ12: =SUM(AQ8+AQ11) -> 0 | AT12: المجموع الكلي | AV12: =SUM(AV8+AV11) -> 0 | AW12: =SUM(AW8+AW11) -> 0 | AX12: =SUM(AX8+AX11) -> 0 | AY12: =SUM(AY8+AY11) -> 0 | AZ12: =SUM(AZ8+AZ11) -> 0 | BA12: =SUM(BA8+BA11) -> 0 | BB12: =SUM(BB8+BB11) -> 0 | BE12: المجموع الكلي | BG12: =SUM(BG8+BG11) -> 0 | BH12: =SUM(BH8+BH11) -> 0 | BI12: =SUM(BI8+BI11) -> 0 | BJ12: =SUM(BJ8+BJ11) -> 0 | BK12: =SUM(BK8+BK11) -> 0 | BL12: =SUM(BL8+BL11) -> 0 | BM12: =SUM(BM8+BM11) -> 0 | BP12: المجموع الكلي | BR12: =SUM(BR8+BR11) -> 0 | BS12: =SUM(BS8+BS11) -> 0 | BT12: =SUM(BT8+BT11) -> 0 | BU12: =SUM(BU8+BU11) -> 0 | BV12: =SUM(BV8+BV11) -> 0 | BW12: =SUM(BW8+BW11) -> 0 | BX12: =SUM(BX8+BX11) -> 0 | CA12: المجموع الكلي | CC12: =SUM(CC8+CC11) -> 0 | CD12: =SUM(CD8+CD11) -> 0 | CE12: =SUM(CE8+CE11) -> 0 | CF12: =SUM(CF8+CF11) -> 0 | CG12: =SUM(CG8+CG11) -> 0 | CH12: =SUM(CH8+CH11) -> 0 | CI12: =SUM(CI8+CI11) -> 0 | CL12: المجموع الكلي | CN12: =SUM(CN8+CN11) -> 0 | CO12: =SUM(CO8+CO11) -> 0 | CP12: =SUM(CP8+CP11) -> 0 | CQ12: =SUM(CQ8+CQ11) -> 0 | CR12: =SUM(CR8+CR11) -> 0 | CS12: =SUM(CS8+CS11) -> 0 | CT12: =SUM(CT8+CT11) -> 0 | CW12: المجموع الكلي | CY12: =SUM(CY8+CY11) -> 0 | CZ12: =SUM(CZ8+CZ11) -> 0 | DA12: =SUM(DA8+DA11) -> 0 | DB12: =SUM(DB8+DB11) -> 0 | DC12: =SUM(DC8+DC11) -> 0 | DD12: =SUM(DD8+DD11) -> 0 | DE12: =SUM(DE8+DE11) -> 0 | DH12: المجموع الكلي | DJ12: =SUM(DJ8+DJ11) -> 0 | DK12: =SUM(DK8+DK11) -> 0 | DL12: =SUM(DL8+DL11) -> 0 | DM12: =SUM(DM8+DM11) -> 0 | DN12: =SUM(DN8+DN11) -> 0 | DO12: =SUM(DO8+DO11) -> 0 | DP12: =SUM(DP8+DP11) -> 0 | DS12: المجموع الكلي | DU12: =SUM(DU8+DU11) -> 0 | DV12: =SUM(DV8+DV11) -> 0 | DW12: =SUM(DW8+DW11) -> 0 | DX12: =SUM(DX8+DX11) -> 0 | DY12: =SUM(DY8+DY11) -> 0 | DZ12: =SUM(DZ8+DZ11) -> 0 | EA12: =SUM(EA8+EA11) -> 0 | ED12: المجموع الكلي | EF12: =SUM(EF8+EF11) -> 0 | EG12: =SUM(EG8+EG11) -> 0 | EH12: =SUM(EH8+EH11) -> 0 | EI12: =SUM(EI8+EI11) -> 0 | EJ12: =SUM(EJ8+EJ11) -> 0 | EK12: =SUM(EK8+EK11) -> 0 | EL12: =SUM(EL8+EL11) -> 0
A13: الجامعة | B13: سعودي | C13: ذكر | D13: 0 | E13: 0 | F13: 0 | G13: 0 | H13: 0 | I13: 0 | J13: =SUM(D13:I13) -> 0 | L13: الجامعة | M13: سعودي | N13: ذكر | O13: 0 | P13: 0 | Q13: 0 | R13: 0 | S13: 0 | T13: 0 | U13: =SUM(O13:T13) -> 0 | W13: الجامعة | X13: سعودي | Y13: ذكر | Z13: 0 | AA13: 0 | AB13: 0 | AC13: 0 | AD13: 0 | AE13: 0 | AF13: =SUM(Z13:AE13) -> 0 | AH13: الجامعة | AI13: سعودي | AJ13: ذكر | AK13: 0 | AL13: 0 | AM13: 0 | AN13: 0 | AO13: 0 | AP13: 66 | AQ13: =SUM(AK13:AP13) -> 66 | AS13: الجامعة | AT13: سعودي | AU13: ذكر | AV13: 0 | AW13: 0 | AX13: 0 | AY13: 0 | AZ13: 0 | BA13: 0 | BB13: =SUM(AV13:BA13) -> 0 | BD13: الجامعة | BE13: سعودي | BF13: ذكر | BG13: 0 | BH13: 0 | BI13: 0 | BJ13: 0 | BK13: 0 | BL13: 0 | BM13: =SUM(BG13:BL13) -> 0 | BO13: الجامعة | BP13: سعودي | BQ13: ذكر | BR13: 0 | BS13: 0 | BT13: 0 | BU13: 0 | BV13: 0 | BW13: 0 | BX13: =SUM(BR13:BW13) -> 0 | BZ13: الجامعة | CA13: سعودي | CB13: ذكر | CC13: 0 | CD13: 0 | CE13: 0 | CF13: 0 | CG13: 0 | CH13: 0 | CI13: =SUM(CC13:CH13) -> 0 | CK13: الجامعة | CL13: سعودي | CM13: ذكر | CN13: 0 | CO13: 0 | CP13: 0 | CQ13: 0 | CR13: 0 | CS13: 0 | CT13: =SUM(CN13:CS13) -> 0 | CV13: الجامعة | CW13: سعودي | CX13: ذكر | CY13: 0 | CZ13: 0 | DA13: 0 | DB13: 0 | DC13: 0 | DD13: 0 | DE13: =SUM(CY13:DD13) -> 0 | DG13: الجامعة | DH13: سعودي | DI13: ذكر | DJ13: 0 | DK13: 0 | DL13: 0 | DM13: 0 | DN13: 0 | DO13: 0 | DP13: =SUM(DJ13:DO13) -> 0 | DR13: الجامعة | DS13: سعودي | DT13: ذكر | DU13: 0 | DV13: 0 | DW13: 0 | DX13: 0 | DY13: 0 | DZ13: 0 | EA13: =SUM(DU13:DZ13) -> 0 | EC13: =DR13 -> الجامعة | ED13: سعودي | EE13: ذكر | EF13: =SUM(D13+O13+Z13+AK13+AV13+BG13+BR13+CC13+CN13+CY13+DJ13+DU13) -> 0 | EG13: =SUM(E13+P13+AA13+AL13+AW13+BH13+BS13+CD13+CO13+CZ13+DK13+DV13) -> 0 | EH13: =SUM(F13+Q13+AB13+AM13+AX13+BI13+BT13+CE13+CP13+DA13+DL13+DW13) -> 0 | EI13: =SUM(G13+R13+AC13+AN13+AY13+BJ13+BU13+CF13+CQ13+DB13+DM13+DX13) -> 0 | EJ13: 0 | EK13: =SUM(I13+T13+AE13+AP13+BA13+BL13+BW13+CH13+CS13+DD13+DO13+DZ13) -> 66 | EL13: =SUM(EF13:EK13) -> 66
C14: أنثى | D14: 0 | E14: 0 | F14: 0 | G14: 0 | H14: 0 | I14: 0 | J14: =SUM(D14:I14) -> 0 | N14: أنثى | O14: 0 | P14: 0 | Q14: 0 | R14: 0 | S14: 0 | T14: 0 | U14: =SUM(O14:T14) -> 0 | Y14: أنثى | Z14: 0 | AA14: 0 | AB14: 0 | AC14: 0 | AD14: 0 | AE14: 0 | AF14: =SUM(Z14:AE14) -> 0 | AJ14: أنثى | AK14: 0 | AL14: 0 | AM14: 0 | AN14: 0 | AO14: 25 | AP14: 2 | AQ14: =SUM(AK14:AP14) -> 27 | AU14: أنثى | AV14: 0 | AW14: 0 | AX14: 0 | AY14: 0 | AZ14: 0 | BA14: 0 | BB14: =SUM(AV14:BA14) -> 0 | BF14: أنثى | BG14: 0 | BH14: 0 | BI14: 0 | BJ14: 0 | BK14: 0 | BL14: 0 | BM14: =SUM(BG14:BL14) -> 0 | BQ14: أنثى | BR14: 0 | BS14: 0 | BT14: 0 | BU14: 0 | BV14: 0 | BW14: 0 | BX14: =SUM(BR14:BW14) -> 0 | CB14: أنثى | CC14: 0 | CD14: 0 | CE14: 0 | CF14: 0 | CG14: 0 | CH14: 0 | CI14: =SUM(CC14:CH14) -> 0 | CM14: أنثى | CN14: 0 | CO14: 0 | CP14: 0 | CQ14: 0 | CR14: 0 | CS14: 0 | CT14: =SUM(CN14:CS14) -> 0 | CX14: أنثى | CY14: 0 | CZ14: 0 | DA14: 0 | DB14: 0 | DC14: 0 | DD14: 0 | DE14: =SUM(CY14:DD14) -> 0 | DI14: أنثى | DJ14: 0 | DK14: 0 | DL14: 0 | DM14: 0 | DN14: 0 | DO14: 0 | DP14: =SUM(DJ14:DO14) -> 0 | DT14: أنثى | DU14: 0 | DV14: 0 | DW14: 0 | DX14: 0 | DY14: 0 | DZ14: 0 | EA14: =SUM(DU14:DZ14) -> 0 | EE14: أنثى | EF14: =SUM(D14+O14+Z14+AK14+AV14+BG14+BR14+CC14+CN14+CY14+DJ14+DU14) -> 0 | EG14: =SUM(E14+P14+AA14+AL14+AW14+BH14+BS14+CD14+CO14+CZ14+DK14+DV14) -> 0 | EH14: =SUM(F14+Q14+AB14+AM14+AX14+BI14+BT14+CE14+CP14+DA14+DL14+DW14) -> 0 | EI14: =SUM(G14+R14+AC14+AN14+AY14+BJ14+BU14+CF14+CQ14+DB14+DM14+DX14) -> 0 | EJ14: =SUM(H14+S14+AD14+AO14+AZ14+BK14+BV14+CG14+CR14+DC14+DN14+DY14) -> 25 | EK14: =SUM(I14+T14+AE14+AP14+BA14+BL14+BW14+CH14+CS14+DD14+DO14+DZ14) -> 2 | EL14: =SUM(EF14:EK14) -> 27
B15: مجموع السعوديين | D15: =SUM(D13:D14) -> 0 | E15: =SUM(E13:E14) -> 0 | F15: =SUM(F13:F14) -> 0 | G15: =SUM(G13:G14) -> 0 | H15: =SUM(H13:H14) -> 0 | I15: =SUM(I13:I14) -> 0 | J15: =SUM(J13:J14) -> 0 | M15: مجموع السعوديين | O15: =SUM(O13:O14) -> 0 | P15: =SUM(P13:P14) -> 0 | Q15: =SUM(Q13:Q14) -> 0 | R15: =SUM(R13:R14) -> 0 | S15: =SUM(S13:S14) -> 0 | T15: =SUM(T13:T14) -> 0 | U15: =SUM(U13:U14) -> 0 | X15: مجموع السعوديين | Z15: =SUM(Z13:Z14) -> 0 | AA15: =SUM(AA13:AA14) -> 0 | AB15: =SUM(AB13:AB14) -> 0 | AC15: =SUM(AC13:AC14) -> 0 | AD15: =SUM(AD13:AD14) -> 0 | AE15: =SUM(AE13:AE14) -> 0 | AF15: =SUM(AF13:AF14) -> 0 | AI15: مجموع السعوديين | AK15: =SUM(AK13:AK14) -> 0 | AL15: =SUM(AL13:AL14) -> 0 | AM15: =SUM(AM13:AM14) -> 0 | AN15: =SUM(AN13:AN14) -> 0 | AO15: =SUM(AO13:AO14) -> 25 | AP15: =SUM(AP13:AP14) -> 68 | AQ15: =SUM(AQ13:AQ14) -> 93 | AT15: مجموع السعوديين | AV15: =SUM(AV13:AV14) -> 0 | AW15: =SUM(AW13:AW14) -> 0 | AX15: =SUM(AX13:AX14) -> 0 | AY15: =SUM(AY13:AY14) -> 0 | AZ15: =SUM(AZ13:AZ14) -> 0 | BA15: =SUM(BA13:BA14) -> 0 | BB15: =SUM(BB13:BB14) -> 0 | BE15: مجموع السعوديين | BG15: =SUM(BG13:BG14) -> 0 | BH15: =SUM(BH13:BH14) -> 0 | BI15: =SUM(BI13:BI14) -> 0 | BJ15: =SUM(BJ13:BJ14) -> 0 | BK15: =SUM(BK13:BK14) -> 0 | BL15: =SUM(BL13:BL14) -> 0 | BM15: =SUM(BM13:BM14) -> 0 | BP15: مجموع السعوديين | BR15: =SUM(BR13:BR14) -> 0 | BS15: =SUM(BS13:BS14) -> 0 | BT15: =SUM(BT13:BT14) -> 0 | BU15: =SUM(BU13:BU14) -> 0 | BV15: =SUM(BV13:BV14) -> 0 | BW15: =SUM(BW13:BW14) -> 0 | BX15: =SUM(BX13:BX14) -> 0 | CA15: مجموع السعوديين | CC15: =SUM(CC13:CC14) -> 0 | CD15: =SUM(CD13:CD14) -> 0 | CE15: =SUM(CE13:CE14) -> 0 | CF15: =SUM(CF13:CF14) -> 0 | CG15: =SUM(CG13:CG14) -> 0 | CH15: =SUM(CH13:CH14) -> 0 | CI15: =SUM(CI13:CI14) -> 0 | CL15: مجموع السعوديين | CN15: =SUM(CN13:CN14) -> 0 | CO15: =SUM(CO13:CO14) -> 0 | CP15: =SUM(CP13:CP14) -> 0 | CQ15: =SUM(CQ13:CQ14) -> 0 | CR15: =SUM(CR13:CR14) -> 0 | CS15: =SUM(CS13:CS14) -> 0 | CT15: =SUM(CT13:CT14) -> 0 | CW15: مجموع السعوديين | CY15: =SUM(CY13:CY14) -> 0 | CZ15: =SUM(CZ13:CZ14) -> 0 | DA15: =SUM(DA13:DA14) -> 0 | DB15: =SUM(DB13:DB14) -> 0 | DC15: =SUM(DC13:DC14) -> 0 | DD15: =SUM(DD13:DD14) -> 0 | DE15: =SUM(DE13:DE14) -> 0 | DH15: مجموع السعوديين | DJ15: =SUM(DJ13:DJ14) -> 0 | DK15: =SUM(DK13:DK14) -> 0 | DL15: =SUM(DL13:DL14) -> 0 | DM15: =SUM(DM13:DM14) -> 0 | DN15: =SUM(DN13:DN14) -> 0 | DO15: =SUM(DO13:DO14) -> 0 | DP15: =SUM(DP13:DP14) -> 0 | DS15: مجموع السعوديين | DU15: =SUM(DU13:DU14) -> 0 | DV15: =SUM(DV13:DV14) -> 0 | DW15: =SUM(DW13:DW14) -> 0 | DX15: =SUM(DX13:DX14) -> 0 | DY15: =SUM(DY13:DY14) -> 0 | DZ15: =SUM(DZ13:DZ14) -> 0 | EA15: =SUM(EA13:EA14) -> 0 | ED15: مجموع السعوديين | EF15: =SUM(EF13:EF14) -> 0 | EG15: =SUM(EG13:EG14) -> 0 | EH15: =SUM(EH13:EH14) -> 0 | EI15: =SUM(EI13:EI14) -> 0 | EJ15: =SUM(EJ13:EJ14) -> 25 | EK15: =SUM(EK13:EK14) -> 68 | EL15: =SUM(EL13:EL14) -> 93
B16: غير سعودي | C16: ذكر | D16: 0 | E16: 0 | F16: 0 | G16: 0 | H16: 0 | I16: 0 | J16: =SUM(D16:I16) -> 0 | M16: غير سعودي | N16: ذكر | O16: 0 | P16: 0 | Q16: 0 | R16: 0 | S16: 0 | T16: 0 | U16: =SUM(O16:T16) -> 0 | X16: غير سعودي | Y16: ذكر | Z16: 0 | AA16: 0 | AB16: 0 | AC16: 0 | AD16: 0 | AE16: 0 | AF16: =SUM(Z16:AE16) -> 0 | AI16: غير سعودي | AJ16: ذكر | AK16: 0 | AL16: 0 | AM16: 0 | AN16: 0 | AO16: 0 | AP16: 5 | AQ16: =SUM(AK16:AP16) -> 5 | AT16: غير سعودي | AU16: ذكر | AV16: 0 | AW16: 0 | AX16: 0 | AY16: 0 | AZ16: 0 | BA16: 0 | BB16: =SUM(AV16:BA16) -> 0 | BE16: غير سعودي | BF16: ذكر | BG16: 0 | BH16: 0 | BI16: 0 | BJ16: 0 | BK16: 0 | BL16: 0 | BM16: =SUM(BG16:BL16) -> 0 | BP16: غير سعودي | BQ16: ذكر | BR16: 0 | BS16: 0 | BT16: 0 | BU16: 0 | BV16: 0 | BW16: 0 | BX16: =SUM(BR16:BW16) -> 0 | CA16: غير سعودي | CB16: ذكر | CC16: 0 | CD16: 0 | CE16: 0 | CF16: 0 | CG16: 0 | CH16: 0 | CI16: =SUM(CC16:CH16) -> 0 | CL16: غير سعودي | CM16: ذكر | CN16: 0 | CO16: 0 | CP16: 0 | CQ16: 0 | CR16: 0 | CS16: 0 | CT16: =SUM(CN16:CS16) -> 0 | CW16: غير سعودي | CX16: ذكر | CY16: 0 | CZ16: 0 | DA16: 0 | DB16: 0 | DC16: 0 | DD16: 0 | DE16: =SUM(CY16:DD16) -> 0 | DH16: غير سعودي | DI16: ذكر | DJ16: 0 | DK16: 0 | DL16: 0 | DM16: 0 | DN16: 0 | DO16: 0 | DP16: =SUM(DJ16:DO16) -> 0 | DS16: غير سعودي | DT16: ذكر | DU16: 0 | DV16: 0 | DW16: 0 | DX16: 0 | DY16: 0 | DZ16: 0 | EA16: =SUM(DU16:DZ16) -> 0 | ED16: غير سعودي | EE16: ذكر | EF16: =SUM(D16+O16+Z16+AK16+AV16+BG16+BR16+CC16+CN16+CY16+DJ16+DU16) -> 0 | EG16: =SUM(E16+P16+AA16+AL16+AW16+BH16+BS16+CD16+CO16+CZ16+DK16+DV16) -> 0 | EH16: =SUM(F16+Q16+AB16+AM16+AX16+BI16+BT16+CE16+CP16+DA16+DL16+DW16) -> 0 | EI16: =SUM(G16+R16+AC16+AN16+AY16+BJ16+BU16+CF16+CQ16+DB16+DM16+DX16) -> 0 | EJ16: 0 | EK16: =SUM(I16+T16+AE16+AP16+BA16+BL16+BW16+CH16+CS16+DD16+DO16+DZ16) -> 5 | EL16: =SUM(EF16:EK16) -> 5
C17: أنثى | D17: 0 | E17: 0 | F17: 0 | G17: 0 | H17: 0 | I17: 0 | J17: =SUM(D17:I17) -> 0 | N17: أنثى | O17: 0 | P17: 0 | Q17: 0 | R17: 0 | S17: 0 | T17: 0 | U17: =SUM(O17:T17) -> 0 | Y17: أنثى | Z17: 0 | AA17: 0 | AB17: 0 | AC17: 0 | AD17: 0 | AE17: 0 | AF17: =SUM(Z17:AE17) -> 0 | AJ17: أنثى | AK17: 0 | AL17: 0 | AM17: 0 | AN17: 0 | AO17: 2 | AP17: 1 | AQ17: =SUM(AK17:AP17) -> 3 | AU17: أنثى | AV17: 0 | AW17: 0 | AX17: 0 | AY17: 0 | AZ17: 0 | BA17: 0 | BB17: =SUM(AV17:BA17) -> 0 | BF17: أنثى | BG17: 0 | BH17: 0 | BI17: 0 | BJ17: 0 | BK17: 0 | BL17: 0 | BM17: =SUM(BG17:BL17) -> 0 | BQ17: أنثى | BR17: 0 | BS17: 0 | BT17: 0 | BU17: 0 | BV17: 0 | BW17: 0 | BX17: =SUM(BR17:BW17) -> 0 | CB17: أنثى | CC17: 0 | CD17: 0 | CE17: 0 | CF17: 0 | CG17: 0 | CH17: 0 | CI17: =SUM(CC17:CH17) -> 0 | CM17: أنثى | CN17: 0 | CO17: 0 | CP17: 0 | CQ17: 0 | CR17: 0 | CS17: 0 | CT17: =SUM(CN17:CS17) -> 0 | CX17: أنثى | CY17: 0 | CZ17: 0 | DA17: 0 | DB17: 0 | DC17: 0 | DD17: 0 | DE17: =SUM(CY17:DD17) -> 0 | DI17: أنثى | DJ17: 0 | DK17: 0 | DL17: 0 | DM17: 0 | DN17: 0 | DO17: 0 | DP17: =SUM(DJ17:DO17) -> 0 | DT17: أنثى | DU17: 0 | DV17: 0 | DW17: 0 | DX17: 0 | DY17: 0 | DZ17: 0 | EA17: =SUM(DU17:DZ17) -> 0 | EE17: أنثى | EF17: =SUM(D17+O17+Z17+AK17+AV17+BG17+BR17+CC17+CN17+CY17+DJ17+DU17) -> 0 | EG17: =SUM(E17+P17+AA17+AL17+AW17+BH17+BS17+CD17+CO17+CZ17+DK17+DV17) -> 0 | EH17: =SUM(F17+Q17+AB17+AM17+AX17+BI17+BT17+CE17+CP17+DA17+DL17+DW17) -> 0 | EI17: =SUM(G17+R17+AC17+AN17+AY17+BJ17+BU17+CF17+CQ17+DB17+DM17+DX17) -> 0 | EJ17: =SUM(H17+S17+AD17+AO17+AZ17+BK17+BV17+CG17+CR17+DC17+DN17+DY17) -> 2 | EK17: =SUM(I17+T17+AE17+AP17+BA17+BL17+BW17+CH17+CS17+DD17+DO17+DZ17) -> 1 | EL17: =SUM(EF17:EK17) -> 3
B18: مجموع الغير سعوديين | D18: =SUM(D16:D17) -> 0 | E18: =SUM(E16:E17) -> 0 | F18: =SUM(F16:F17) -> 0 | G18: =SUM(G16:G17) -> 0 | H18: =SUM(H16:H17) -> 0 | I18: =SUM(I16:I17) -> 0 | J18: =SUM(J16:J17) -> 0 | M18: مجموع الغير سعوديين | O18: =SUM(O16:O17) -> 0 | P18: =SUM(P16:P17) -> 0 | Q18: =SUM(Q16:Q17) -> 0 | R18: =SUM(R16:R17) -> 0 | S18: =SUM(S16:S17) -> 0 | T18: =SUM(T16:T17) -> 0 | U18: =SUM(U16:U17) -> 0 | X18: مجموع الغير سعوديين | Z18: =SUM(Z16:Z17) -> 0 | AA18: =SUM(AA16:AA17) -> 0 | AB18: =SUM(AB16:AB17) -> 0 | AC18: =SUM(AC16:AC17) -> 0 | AD18: =SUM(AD16:AD17) -> 0 | AE18: =SUM(AE16:AE17) -> 0 | AF18: =SUM(AF16:AF17) -> 0 | AI18: مجموع الغير سعوديين | AK18: =SUM(AK16:AK17) -> 0 | AL18: =SUM(AL16:AL17) -> 0 | AM18: =SUM(AM16:AM17) -> 0 | AN18: =SUM(AN16:AN17) -> 0 | AO18: =SUM(AO16:AO17) -> 2 | AP18: =SUM(AP16:AP17) -> 6 | AQ18: =SUM(AQ16:AQ17) -> 8 | AT18: مجموع الغير سعوديين | AV18: =SUM(AV16:AV17) -> 0 | AW18: =SUM(AW16:AW17) -> 0 | AX18: =SUM(AX16:AX17) -> 0 | AY18: =SUM(AY16:AY17) -> 0 | AZ18: =SUM(AZ16:AZ17) -> 0 | BA18: =SUM(BA16:BA17) -> 0 | BB18: =SUM(BB16:BB17) -> 0 | BE18: مجموع الغير سعوديين | BG18: =SUM(BG16:BG17) -> 0 | BH18: =SUM(BH16:BH17) -> 0 | BI18: =SUM(BI16:BI17) -> 0 | BJ18: =SUM(BJ16:BJ17) -> 0 | BK18: =SUM(BK16:BK17) -> 0 | BL18: =SUM(BL16:BL17) -> 0 | BM18: =SUM(BM16:BM17) -> 0 | BP18: مجموع الغير سعوديين | BR18: =SUM(BR16:BR17) -> 0 | BS18: =SUM(BS16:BS17) -> 0 | BT18: =SUM(BT16:BT17) -> 0 | BU18: =SUM(BU16:BU17) -> 0 | BV18: =SUM(BV16:BV17) -> 0 | BW18: =SUM(BW16:BW17) -> 0 | BX18: =SUM(BX16:BX17) -> 0 | CA18: مجموع الغير سعوديين | CC18: =SUM(CC16:CC17) -> 0 | CD18: =SUM(CD16:CD17) -> 0 | CE18: =SUM(CE16:CE17) -> 0 | CF18: =SUM(CF16:CF17) -> 0 | CG18: =SUM(CG16:CG17) -> 0 | CH18: =SUM(CH16:CH17) -> 0 | CI18: =SUM(CI16:CI17) -> 0 | CL18: مجموع الغير سعوديين | CN18: =SUM(CN16:CN17) -> 0 | CO18: =SUM(CO16:CO17) -> 0 | CP18: =SUM(CP16:CP17) -> 0 | CQ18: =SUM(CQ16:CQ17) -> 0 | CR18: =SUM(CR16:CR17) -> 0 | CS18: =SUM(CS16:CS17) -> 0 | CT18: =SUM(CT16:CT17) -> 0 | CW18: مجموع الغير سعوديين | CY18: =SUM(CY16:CY17) -> 0 | CZ18: =SUM(CZ16:CZ17) -> 0 | DA18: =SUM(DA16:DA17) -> 0 | DB18: =SUM(DB16:DB17) -> 0 | DC18: =SUM(DC16:DC17) -> 0 | DD18: =SUM(DD16:DD17) -> 0 | DE18: =SUM(DE16:DE17) -> 0 | DH18: مجموع الغير سعوديين | DJ18: =SUM(DJ16:DJ17) -> 0 | DK18: =SUM(DK16:DK17) -> 0 | DL18: =SUM(DL16:DL17) -> 0 | DM18: =SUM(DM16:DM17) -> 0 | DN18: =SUM(DN16:DN17) -> 0 | DO18: =SUM(DO16:DO17) -> 0 | DP18: =SUM(DP16:DP17) -> 0 | DS18: مجموع الغير سعوديين | DU18: =SUM(DU16:DU17) -> 0 | DV18: =SUM(DV16:DV17) -> 0 | DW18: =SUM(DW16:DW17) -> 0 | DX18: =SUM(DX16:DX17) -> 0 | DY18: =SUM(DY16:DY17) -> 0 | DZ18: =SUM(DZ16:DZ17) -> 0 | EA18: =SUM(EA16:EA17) -> 0 | ED18: مجموع الغير سعوديين | EF18: =SUM(EF16:EF17) -> 0 | EG18: =SUM(EG16:EG17) -> 0 | EH18: =SUM(EH16:EH17) -> 0 | EI18: =SUM(EI16:EI17) -> 0 | EJ18: =SUM(EJ16:EJ17) -> 2 | EK18: =SUM(EK16:EK17) -> 6 | EL18: =SUM(EL16:EL17) -> 8
B19: المجموع الكلي | D19: =SUM(D15+D18) -> 0 | E19: =SUM(E15+E18) -> 0 | F19: =SUM(F15+F18) -> 0 | G19: =SUM(G15+G18) -> 0 | H19: =SUM(H15+H18) -> 0 | I19: =SUM(I15+I18) -> 0 | J19: =SUM(J15+J18) -> 0 | M19: المجموع الكلي | O19: =SUM(O15+O18) -> 0 | P19: =SUM(P15+P18) -> 0 | Q19: =SUM(Q15+Q18) -> 0 | R19: =SUM(R15+R18) -> 0 | S19: =SUM(S15+S18) -> 0 | T19: =SUM(T15+T18) -> 0 | U19: =SUM(U15+U18) -> 0 | X19: المجموع الكلي | Z19: =SUM(Z15+Z18) -> 0 | AA19: =SUM(AA15+AA18) -> 0 | AB19: =SUM(AB15+AB18) -> 0 | AC19: =SUM(AC15+AC18) -> 0 | AD19: =SUM(AD15+AD18) -> 0 | AE19: =SUM(AE15+AE18) -> 0 | AF19: =SUM(AF15+AF18) -> 0 | AI19: المجموع الكلي | AK19: =SUM(AK15+AK18) -> 0 | AL19: =SUM(AL15+AL18) -> 0 | AM19: =SUM(AM15+AM18) -> 0 | AN19: =SUM(AN15+AN18) -> 0 | AO19: =SUM(AO15+AO18) -> 27 | AP19: =SUM(AP15+AP18) -> 74 | AQ19: =SUM(AQ15+AQ18) -> 101 | AT19: المجموع الكلي | AV19: =SUM(AV15+AV18) -> 0 | AW19: =SUM(AW15+AW18) -> 0 | AX19: =SUM(AX15+AX18) -> 0 | AY19: =SUM(AY15+AY18) -> 0 | AZ19: =SUM(AZ15+AZ18) -> 0 | BA19: =SUM(BA15+BA18) -> 0 | BB19: =SUM(BB15+BB18) -> 0 | BE19: المجموع الكلي | BG19: =SUM(BG15+BG18) -> 0 | BH19: =SUM(BH15+BH18) -> 0 | BI19: =SUM(BI15+BI18) -> 0 | BJ19: =SUM(BJ15+BJ18) -> 0 | BK19: =SUM(BK15+BK18) -> 0 | BL19: =SUM(BL15+BL18) -> 0 | BM19: =SUM(BM15+BM18) -> 0 | BP19: المجموع الكلي | BR19: =SUM(BR15+BR18) -> 0 | BS19: =SUM(BS15+BS18) -> 0 | BT19: =SUM(BT15+BT18) -> 0 | BU19: =SUM(BU15+BU18) -> 0 | BV19: =SUM(BV15+BV18) -> 0 | BW19: =SUM(BW15+BW18) -> 0 | BX19: =SUM(BX15+BX18) -> 0 | CA19: المجموع الكلي | CC19: =SUM(CC15+CC18) -> 0 | CD19: =SUM(CD15+CD18) -> 0 | CE19: =SUM(CE15+CE18) -> 0 | CF19: =SUM(CF15+CF18) -> 0 | CG19: =SUM(CG15+CG18) -> 0 | CH19: =SUM(CH15+CH18) -> 0 | CI19: =SUM(CI15+CI18) -> 0 | CL19: المجموع الكلي | CN19: =SUM(CN15+CN18) -> 0 | CO19: =SUM(CO15+CO18) -> 0 | CP19: =SUM(CP15+CP18) -> 0 | CQ19: =SUM(CQ15+CQ18) -> 0 | CR19: =SUM(CR15+CR18) -> 0 | CS19: =SUM(CS15+CS18) -> 0 | CT19: =SUM(CT15+CT18) -> 0 | CW19: المجموع الكلي | CY19: =SUM(CY15+CY18) -> 0 | CZ19: =SUM(CZ15+CZ18) -> 0 | DA19: =SUM(DA15+DA18) -> 0 | DB19: =SUM(DB15+DB18) -> 0 | DC19: =SUM(DC15+DC18) -> 0 | DD19: =SUM(DD15+DD18) -> 0 | DE19: =SUM(DE15+DE18) -> 0 | DH19: المجموع الكلي | DJ19: =SUM(DJ15+DJ18) -> 0 | DK19: =SUM(DK15+DK18) -> 0 | DL19: =SUM(DL15+DL18) -> 0 | DM19: =SUM(DM15+DM18) -> 0 | DN19: =SUM(DN15+DN18) -> 0 | DO19: =SUM(DO15+DO18) -> 0 | DP19: =SUM(DP15+DP18) -> 0 | DS19: المجموع الكلي | DU19: =SUM(DU15+DU18) -> 0 | DV19: =SUM(DV15+DV18) -> 0 | DW19: =SUM(DW15+DW18) -> 0 | DX19: =SUM(DX15+DX18) -> 0 | DY19: =SUM(DY15+DY18) -> 0 | DZ19: =SUM(DZ15+DZ18) -> 0 | EA19: =SUM(EA15+EA18) -> 0 | ED19: المجموع الكلي | EF19: =SUM(EF15+EF18) -> 0 | EG19: =SUM(EG15+EG18) -> 0 | EH19: =SUM(EH15+EH18) -> 0 | EI19: =SUM(EI15+EI18) -> 0 | EJ19: =SUM(EJ15+EJ18) -> 27 | EK19: =SUM(EK15+EK18) -> 74 | EL19: =SUM(EL15+EL18) -> 101
A20: السليمانية | B20: سعودي | C20: ذكر | D20: 0 | E20: 0 | F20: 0 | G20: 0 | H20: 0 | I20: 0 | J20: =SUM(D20:I20) -> 0 | L20: السليمانية | M20: سعودي | N20: ذكر | O20: 0 | P20: 0 | Q20: 0 | R20: 0 | S20: 0 | T20: 0 | U20: =SUM(O20:T20) -> 0 | W20: السليمانية | X20: سعودي | Y20: ذكر | Z20: 0 | AA20: 0 | AB20: 0 | AC20: 0 | AD20: 0 | AE20: 0 | AF20: =SUM(Z20:AE20) -> 0 | AH20: السليمانية | AI20: سعودي | AJ20: ذكر | AK20: 0 | AL20: 0 | AM20: 0 | AN20: 0 | AO20: 0 | AP20: 0 | AQ20: =SUM(AK20:AP20) -> 0 | AS20: السليمانية | AT20: سعودي | AU20: ذكر | AV20: 0 | AW20: 0 | AX20: 0 | AY20: 0 | AZ20: 0 | BA20: 0 | BB20: =SUM(AV20:BA20) -> 0 | BD20: السليمانية | BE20: سعودي | BF20: ذكر | BG20: 0 | BH20: 0 | BI20: 0 | BJ20: 0 | BK20: 0 | BL20: 0 | BM20: =SUM(BG20:BL20) -> 0 | BO20: السليمانية | BP20: سعودي | BQ20: ذكر | BR20: 0 | BS20: 0 | BT20: 0 | BU20: 0 | BV20: 0 | BW20: 0 | BX20: =SUM(BR20:BW20) -> 0 | BZ20: السليمانية | CA20: سعودي | CB20: ذكر | CC20: 0 | CD20: 0 | CE20: 0 | CF20: 0 | CG20: 0 | CH20: 0 | CI20: =SUM(CC20:CH20) -> 0 | CK20: السليمانية | CL20: سعودي | CM20: ذكر | CN20: 0 | CO20: 0 | CP20: 0 | CQ20: 0 | CR20: 0 | CS20: 0 | CT20: =SUM(CN20:CS20) -> 0 | CV20: السليمانية | CW20: سعودي | CX20: ذكر | CY20: 0 | CZ20: 0 | DA20: 0 | DB20: 0 | DC20: 0 | DD20: 0 | DE20: =SUM(CY20:DD20) -> 0 | DG20: السليمانية | DH20: سعودي | DI20: ذكر | DJ20: 0 | DK20: 0 | DL20: 0 | DM20: 0 | DN20: 0 | DO20: 0 | DP20: =SUM(DJ20:DO20) -> 0 | DR20: السليمانية | DS20: سعودي | DT20: ذكر | DU20: 0 | DV20: 0 | DW20: 0 | DX20: 0 | DY20: 0 | DZ20: 0 | EA20: =SUM(DU20:DZ20) -> 0 | EC20: =DR20 -> السليمانية | ED20: سعودي | EE20: ذكر | EF20: =SUM(D20+O20+Z20+AK20+AV20+BG20+BR20+CC20+CN20+CY20+DJ20+DU20) -> 0 | EG20: =SUM(E20+P20+AA20+AL20+AW20+BH20+BS20+CD20+CO20+CZ20+DK20+DV20) -> 0 | EH20: =SUM(F20+Q20+AB20+AM20+AX20+BI20+BT20+CE20+CP20+DA20+DL20+DW20) -> 0 | EI20: =SUM(G20+R20+AC20+AN20+AY20+BJ20+BU20+CF20+CQ20+DB20+DM20+DX20) -> 0 | EJ20: 0 | EK20: =SUM(I20+T20+AE20+AP20+BA20+BL20+BW20+CH20+CS20+DD20+DO20+DZ20) -> 0 | EL20: =SUM(EF20:EK20) -> 0
C21: أنثى | D21: 0 | E21: 0 | F21: 0 | G21: 0 | H21: 0 | I21: 0 | J21: =SUM(D21:I21) -> 0 | N21: أنثى | O21: 0 | P21: 0 | Q21: 0 | R21: 0 | S21: 0 | T21: 0 | U21: =SUM(O21:T21) -> 0 | Y21: أنثى | Z21: 0 | AA21: 0 | AB21: 0 | AC21: 0 | AD21: 0 | AE21: 0 | AF21: =SUM(Z21:AE21) -> 0 | AJ21: أنثى | AK21: 0 | AL21: 0 | AM21: 0 | AN21: 0 | AO21: 10 | AP21: 0 | AQ21: =SUM(AK21:AP21) -> 10 | AU21: أنثى | AV21: 0 | AW21: 0 | AX21: 0 | AY21: 0 | AZ21: 0 | BA21: 0 | BB21: =SUM(AV21:BA21) -> 0 | BF21: أنثى | BG21: 0 | BH21: 0 | BI21: 0 | BJ21: 0 | BK21: 0 | BL21: 0 | BM21: =SUM(BG21:BL21) -> 0 | BQ21: أنثى | BR21: 0 | BS21: 0 | BT21: 0 | BU21: 0 | BV21: 0 | BW21: 0 | BX21: =SUM(BR21:BW21) -> 0 | CB21: أنثى | CC21: 0 | CD21: 0 | CE21: 0 | CF21: 0 | CG21: 0 | CH21: 0 | CI21: =SUM(CC21:CH21) -> 0 | CM21: أنثى | CN21: 0 | CO21: 0 | CP21: 0 | CQ21: 0 | CR21: 0 | CS21: 0 | CT21: =SUM(CN21:CS21) -> 0 | CX21: أنثى | CY21: 0 | CZ21: 0 | DA21: 0 | DB21: 0 | DC21: 0 | DD21: 0 | DE21: =SUM(CY21:DD21) -> 0 | DI21: أنثى | DJ21: 0 | DK21: 0 | DL21: 0 | DM21: 0 | DN21: 0 | DO21: 0 | DP21: =SUM(DJ21:DO21) -> 0 | DT21: أنثى | DU21: 0 | DV21: 0 | DW21: 0 | DX21: 0 | DY21: 0 | DZ21: 0 | EA21: =SUM(DU21:DZ21) -> 0 | EE21: أنثى | EF21: =SUM(D21+O21+Z21+AK21+AV21+BG21+BR21+CC21+CN21+CY21+DJ21+DU21) -> 0 | EG21: =SUM(E21+P21+AA21+AL21+AW21+BH21+BS21+CD21+CO21+CZ21+DK21+DV21) -> 0 | EH21: =SUM(F21+Q21+AB21+AM21+AX21+BI21+BT21+CE21+CP21+DA21+DL21+DW21) -> 0 | EI21: =SUM(G21+R21+AC21+AN21+AY21+BJ21+BU21+CF21+CQ21+DB21+DM21+DX21) -> 0 | EJ21: =SUM(H21+S21+AD21+AO21+AZ21+BK21+BV21+CG21+CR21+DC21+DN21+DY21) -> 10 | EK21: =SUM(I21+T21+AE21+AP21+BA21+BL21+BW21+CH21+CS21+DD21+DO21+DZ21) -> 0 | EL21: =SUM(EF21:EK21) -> 10
B22: مجموع السعوديين | D22: =SUM(D20:D21) -> 0 | E22: =SUM(E20:E21) -> 0 | F22: =SUM(F20:F21) -> 0 | G22: =SUM(G20:G21) -> 0 | H22: =SUM(H20:H21) -> 0 | I22: =SUM(I20:I21) -> 0 | J22: =SUM(J20:J21) -> 0 | M22: مجموع السعوديين | O22: =SUM(O20:O21) -> 0 | P22: =SUM(P20:P21) -> 0 | Q22: =SUM(Q20:Q21) -> 0 | R22: =SUM(R20:R21) -> 0 | S22: =SUM(S20:S21) -> 0 | T22: =SUM(T20:T21) -> 0 | U22: =SUM(U20:U21) -> 0 | X22: مجموع السعوديين | Z22: =SUM(Z20:Z21) -> 0 | AA22: =SUM(AA20:AA21) -> 0 | AB22: =SUM(AB20:AB21) -> 0 | AC22: =SUM(AC20:AC21) -> 0 | AD22: =SUM(AD20:AD21) -> 0 | AE22: =SUM(AE20:AE21) -> 0 | AF22: =SUM(AF20:AF21) -> 0 | AI22: مجموع السعوديين | AK22: 0 | AL22: 0 | AM22: 0 | AN22: 0 | AO22: 10 | AP22: 0 | AQ22: =SUM(AQ20:AQ21) -> 10 | AT22: مجموع السعوديين | AV22: =SUM(AV20:AV21) -> 0 | AW22: =SUM(AW20:AW21) -> 0 | AX22: =SUM(AX20:AX21) -> 0 | AY22: =SUM(AY20:AY21) -> 0 | AZ22: =SUM(AZ20:AZ21) -> 0 | BA22: =SUM(BA20:BA21) -> 0 | BB22: =SUM(BB20:BB21) -> 0 | BE22: مجموع السعوديين | BG22: =SUM(BG20:BG21) -> 0 | BH22: =SUM(BH20:BH21) -> 0 | BI22: =SUM(BI20:BI21) -> 0 | BJ22: =SUM(BJ20:BJ21) -> 0 | BK22: =SUM(BK20:BK21) -> 0 | BL22: =SUM(BL20:BL21) -> 0 | BM22: =SUM(BM20:BM21) -> 0 | BP22: مجموع السعوديين | BR22: =SUM(BR20:BR21) -> 0 | BS22: =SUM(BS20:BS21) -> 0 | BT22: =SUM(BT20:BT21) -> 0 | BU22: =SUM(BU20:BU21) -> 0 | BV22: =SUM(BV20:BV21) -> 0 | BW22: =SUM(BW20:BW21) -> 0 | BX22: =SUM(BX20:BX21) -> 0 | CA22: مجموع السعوديين | CC22: =SUM(CC20:CC21) -> 0 | CD22: =SUM(CD20:CD21) -> 0 | CE22: =SUM(CE20:CE21) -> 0 | CF22: =SUM(CF20:CF21) -> 0 | CG22: =SUM(CG20:CG21) -> 0 | CH22: =SUM(CH20:CH21) -> 0 | CI22: =SUM(CI20:CI21) -> 0 | CL22: مجموع السعوديين | CN22: =SUM(CN20:CN21) -> 0 | CO22: =SUM(CO20:CO21) -> 0 | CP22: =SUM(CP20:CP21) -> 0 | CQ22: =SUM(CQ20:CQ21) -> 0 | CR22: =SUM(CR20:CR21) -> 0 | CS22: =SUM(CS20:CS21) -> 0 | CT22: =SUM(CT20:CT21) -> 0 | CW22: مجموع السعوديين | CY22: =SUM(CY20:CY21) -> 0 | CZ22: =SUM(CZ20:CZ21) -> 0 | DA22: =SUM(DA20:DA21) -> 0 | DB22: =SUM(DB20:DB21) -> 0 | DC22: =SUM(DC20:DC21) -> 0 | DD22: =SUM(DD20:DD21) -> 0 | DE22: =SUM(DE20:DE21) -> 0 | DH22: مجموع السعوديين | DJ22: =SUM(DJ20:DJ21) -> 0 | DK22: =SUM(DK20:DK21) -> 0 | DL22: =SUM(DL20:DL21) -> 0 | DM22: =SUM(DM20:DM21) -> 0 | DN22: =SUM(DN20:DN21) -> 0 | DO22: =SUM(DO20:DO21) -> 0 | DP22: =SUM(DP20:DP21) -> 0 | DS22: مجموع السعوديين | DU22: =SUM(DU20:DU21) -> 0 | DV22: =SUM(DV20:DV21) -> 0 | DW22: =SUM(DW20:DW21) -> 0 | DX22: =SUM(DX20:DX21) -> 0 | DY22: =SUM(DY20:DY21) -> 0 | DZ22: =SUM(DZ20:DZ21) -> 0 | EA22: =SUM(EA20:EA21) -> 0 | ED22: مجموع السعوديين | EF22: =SUM(EF20:EF21) -> 0 | EG22: =SUM(EG20:EG21) -> 0 | EH22: =SUM(EH20:EH21) -> 0 | EI22: =SUM(EI20:EI21) -> 0 | EJ22: =SUM(EJ20:EJ21) -> 10 | EK22: =SUM(EK20:EK21) -> 0 | EL22: =SUM(EL20:EL21) -> 10
B23: غير سعودي | C23: ذكر | D23: 0 | E23: 0 | F23: 0 | G23: 0 | H23: 0 | I23: 0 | J23: =SUM(D23:I23) -> 0 | M23: غير سعودي | N23: ذكر | O23: 0 | P23: 0 | Q23: 0 | R23: 0 | S23: 0 | T23: 0 | U23: =SUM(O23:T23) -> 0 | X23: غير سعودي | Y23: ذكر | Z23: 0 | AA23: 0 | AB23: 0 | AC23: 0 | AD23: 0 | AE23: 0 | AF23: =SUM(Z23:AE23) -> 0 | AI23: غير سعودي | AJ23: ذكر | AK23: 0 | AL23: 0 | AM23: 0 | AN23: 0 | AO23: 0 | AP23: 0 | AQ23: =SUM(AK23:AP23) -> 0 | AT23: غير سعودي | AU23: ذكر | AV23: 0 | AW23: 0 | AX23: 0 | AY23: 0 | AZ23: 0 | BA23: 0 | BB23: =SUM(AV23:BA23) -> 0 | BE23: غير سعودي | BF23: ذكر | BG23: 0 | BH23: 0 | BI23: 0 | BJ23: 0 | BK23: 0 | BL23: 0 | BM23: =SUM(BG23:BL23) -> 0 | BP23: غير سعودي | BQ23: ذكر | BR23: 0 | BS23: 0 | BT23: 0 | BU23: 0 | BV23: 0 | BW23: 0 | BX23: =SUM(BR23:BW23) -> 0 | CA23: غير سعودي | CB23: ذكر | CC23: 0 | CD23: 0 | CE23: 0 | CF23: 0 | CG23: 0 | CH23: 0 | CI23: =SUM(CC23:CH23) -> 0 | CL23: غير سعودي | CM23: ذكر | CN23: 0 | CO23: 0 | CP23: 0 | CQ23: 0 | CR23: 0 | CS23: 0 | CT23: =SUM(CN23:CS23) -> 0 | CW23: غير سعودي | CX23: ذكر | CY23: 0 | CZ23: 0 | DA23: 0 | DB23: 0 | DC23: 0 | DD23: 0 | DE23: =SUM(CY23:DD23) -> 0 | DH23: غير سعودي | DI23: ذكر | DJ23: 0 | DK23: 0 | DL23: 0 | DM23: 0 | DN23: 0 | DO23: 0 | DP23: =SUM(DJ23:DO23) -> 0 | DS23: غير سعودي | DT23: ذكر | DU23: 0 | DV23: 0 | DW23: 0 | DX23: 0 | DY23: 0 | DZ23: 0 | EA23: =SUM(DU23:DZ23) -> 0 | ED23: غير سعودي | EE23: ذكر | EF23: =SUM(D23+O23+Z23+AK23+AV23+BG23+BR23+CC23+CN23+CY23+DJ23+DU23) -> 0 | EG23: =SUM(E23+P23+AA23+AL23+AW23+BH23+BS23+CD23+CO23+CZ23+DK23+DV23) -> 0 | EH23: =SUM(F23+Q23+AB23+AM23+AX23+BI23+BT23+CE23+CP23+DA23+DL23+DW23) -> 0 | EI23: =SUM(G23+R23+AC23+AN23+AY23+BJ23+BU23+CF23+CQ23+DB23+DM23+DX23) -> 0 | EJ23: 0 | EK23: =SUM(I23+T23+AE23+AP23+BA23+BL23+BW23+CH23+CS23+DD23+DO23+DZ23) -> 0 | EL23: =SUM(EF23:EK23) -> 0
C24: أنثى | D24: 0 | E24: 0 | F24: 0 | G24: 0 | H24: 0 | I24: 0 | J24: =SUM(D24:I24) -> 0 | N24: أنثى | O24: 0 | P24: 0 | Q24: 0 | R24: 0 | S24: 0 | T24: 0 | U24: =SUM(O24:T24) -> 0 | Y24: أنثى | Z24: 0 | AA24: 0 | AB24: 0 | AC24: 0 | AD24: 0 | AE24: 0 | AF24: =SUM(Z24:AE24) -> 0 | AJ24: أنثى | AK24: 0 | AL24: 0 | AM24: 0 | AN24: 0 | AO24: 0 | AP24: 5 | AQ24: =SUM(AK24:AP24) -> 5 | AU24: أنثى | AV24: 0 | AW24: 0 | AX24: 0 | AY24: 0 | AZ24: 0 | BA24: 0 | BB24: =SUM(AV24:BA24) -> 0 | BF24: أنثى | BG24: 0 | BH24: 0 | BI24: 0 | BJ24: 0 | BK24: 0 | BL24: 0 | BM24: =SUM(BG24:BL24) -> 0 | BQ24: أنثى | BR24: 0 | BS24: 0 | BT24: 0 | BU24: 0 | BV24: 0 | BW24: 0 | BX24: =SUM(BR24:BW24) -> 0 | CB24: أنثى | CC24: 0 | CD24: 0 | CE24: 0 | CF24: 0 | CG24: 0 | CH24: 0 | CI24: =SUM(CC24:CH24) -> 0 | CM24: أنثى | CN24: 0 | CO24: 0 | CP24: 0 | CQ24: 0 | CR24: 0 | CS24: 0 | CT24: =SUM(CN24:CS24) -> 0 | CX24: أنثى | CY24: 0 | CZ24: 0 | DA24: 0 | DB24: 0 | DC24: 0 | DD24: 0 | DE24: =SUM(CY24:DD24) -> 0 | DI24: أنثى | DJ24: 0 | DK24: 0 | DL24: 0 | DM24: 0 | DN24: 0 | DO24: 0 | DP24: =SUM(DJ24:DO24) -> 0 | DT24: أنثى | DU24: 0 | DV24: 0 | DW24: 0 | DX24: 0 | DY24: 0 | DZ24: 0 | EA24: =SUM(DU24:DZ24) -> 0 | EE24: أنثى | EF24: =SUM(D24+O24+Z24+AK24+AV24+BG24+BR24+CC24+CN24+CY24+DJ24+DU24) -> 0 | EG24: =SUM(E24+P24+AA24+AL24+AW24+BH24+BS24+CD24+CO24+CZ24+DK24+DV24) -> 0 | EH24: =SUM(F24+Q24+AB24+AM24+AX24+BI24+BT24+CE24+CP24+DA24+DL24+DW24) -> 0 | EI24: =SUM(G24+R24+AC24+AN24+AY24+BJ24+BU24+CF24+CQ24+DB24+DM24+DX24) -> 0 | EJ24: =SUM(H24+S24+AD24+AO24+AZ24+BK24+BV24+CG24+CR24+DC24+DN24+DY24) -> 0 | EK24: =SUM(I24+T24+AE24+AP24+BA24+BL24+BW24+CH24+CS24+DD24+DO24+DZ24) -> 5 | EL24: =SUM(EF24:EK24) -> 5
B25: مجموع الغير سعوديين | D25: =SUM(D23:D24) -> 0 | E25: =SUM(E23:E24) -> 0 | F25: =SUM(F23:F24) -> 0 | G25: =SUM(G23:G24) -> 0 | H25: =SUM(H23:H24) -> 0 | I25: =SUM(I23:I24) -> 0 | J25: =SUM(J23:J24) -> 0 | M25: مجموع الغير سعوديين | O25: =SUM(O23:O24) -> 0 | P25: =SUM(P23:P24) -> 0 | Q25: =SUM(Q23:Q24) -> 0 | R25: =SUM(R23:R24) -> 0 | S25: =SUM(S23:S24) -> 0 | T25: =SUM(T23:T24) -> 0 | U25: =SUM(U23:U24) -> 0 | X25: مجموع الغير سعوديين | Z25: =SUM(Z23:Z24) -> 0 | AA25: =SUM(AA23:AA24) -> 0 | AB25: =SUM(AB23:AB24) -> 0 | AC25: =SUM(AC23:AC24) -> 0 | AD25: =SUM(AD23:AD24) -> 0 | AE25: =SUM(AE23:AE24) -> 0 | AF25: =SUM(AF23:AF24) -> 0 | AI25: مجموع الغير سعوديين | AK25: =SUM(AK23:AK24) -> 0 | AL25: =SUM(AL23:AL24) -> 0 | AM25: =SUM(AM23:AM24) -> 0 | AN25: =SUM(AN23:AN24) -> 0 | AO25: =SUM(AO23:AO24) -> 0 | AP25: =SUM(AP23:AP24) -> 5 | AQ25: =SUM(AQ23:AQ24) -> 5 | AT25: مجموع الغير سعوديين | AV25: =SUM(AV23:AV24) -> 0 | AW25: =SUM(AW23:AW24) -> 0 | AX25: =SUM(AX23:AX24) -> 0 | AY25: =SUM(AY23:AY24) -> 0 | AZ25: =SUM(AZ23:AZ24) -> 0 | BA25: =SUM(BA23:BA24) -> 0 | BB25: =SUM(BB23:BB24) -> 0 | BE25: مجموع الغير سعوديين | BG25: =SUM(BG23:BG24) -> 0 | BH25: =SUM(BH23:BH24) -> 0 | BI25: =SUM(BI23:BI24) -> 0 | BJ25: =SUM(BJ23:BJ24) -> 0 | BK25: =SUM(BK23:BK24) -> 0 | BL25: =SUM(BL23:BL24) -> 0 | BM25: =SUM(BM23:BM24) -> 0 | BP25: مجموع الغير سعوديين | BR25: =SUM(BR23:BR24) -> 0 | BS25: =SUM(BS23:BS24) -> 0 | BT25: =SUM(BT23:BT24) -> 0 | BU25: =SUM(BU23:BU24) -> 0 | BV25: =SUM(BV23:BV24) -> 0 | BW25: =SUM(BW23:BW24) -> 0 | BX25: =SUM(BX23:BX24) -> 0 | CA25: مجموع الغير سعوديين | CC25: =SUM(CC23:CC24) -> 0 | CD25: =SUM(CD23:CD24) -> 0 | CE25: =SUM(CE23:CE24) -> 0 | CF25: =SUM(CF23:CF24) -> 0 | CG25: =SUM(CG23:CG24) -> 0 | CH25: =SUM(CH23:CH24) -> 0 | CI25: =SUM(CI23:CI24) -> 0 | CL25: مجموع الغير سعوديين | CN25: =SUM(CN23:CN24) -> 0 | CO25: =SUM(CO23:CO24) -> 0 | CP25: =SUM(CP23:CP24) -> 0 | CQ25: =SUM(CQ23:CQ24) -> 0 | CR25: =SUM(CR23:CR24) -> 0 | CS25: =SUM(CS23:CS24) -> 0 | CT25: =SUM(CT23:CT24) -> 0 | CW25: مجموع الغير سعوديين | CY25: =SUM(CY23:CY24) -> 0 | CZ25: =SUM(CZ23:CZ24) -> 0 | DA25: =SUM(DA23:DA24) -> 0 | DB25: =SUM(DB23:DB24) -> 0 | DC25: =SUM(DC23:DC24) -> 0 | DD25: =SUM(DD23:DD24) -> 0 | DE25: =SUM(DE23:DE24) -> 0 | DH25: مجموع الغير سعوديين | DJ25: =SUM(DJ23:DJ24) -> 0 | DK25: =SUM(DK23:DK24) -> 0 | DL25: =SUM(DL23:DL24) -> 0 | DM25: =SUM(DM23:DM24) -> 0 | DN25: =SUM(DN23:DN24) -> 0 | DO25: =SUM(DO23:DO24) -> 0 | DP25: =SUM(DP23:DP24) -> 0 | DS25: مجموع الغير سعوديين | DU25: =SUM(DU23:DU24) -> 0 | DV25: =SUM(DV23:DV24) -> 0 | DW25: =SUM(DW23:DW24) -> 0 | DX25: =SUM(DX23:DX24) -> 0 | DY25: =SUM(DY23:DY24) -> 0 | DZ25: =SUM(DZ23:DZ24) -> 0 | EA25: =SUM(EA23:EA24) -> 0 | ED25: مجموع الغير سعوديين | EF25: =SUM(EF23:EF24) -> 0 | EG25: =SUM(EG23:EG24) -> 0 | EH25: =SUM(EH23:EH24) -> 0 | EI25: =SUM(EI23:EI24) -> 0 | EJ25: =SUM(EJ23:EJ24) -> 0 | EK25: =SUM(EK23:EK24) -> 5 | EL25: =SUM(EL23:EL24) -> 5
B26: المجموع الكلي | D26: =SUM(D22+D25) -> 0 | E26: =SUM(E22+E25) -> 0 | F26: =SUM(F22+F25) -> 0 | G26: =SUM(G22+G25) -> 0 | H26: =SUM(H22+H25) -> 0 | I26: =SUM(I22+I25) -> 0 | J26: =SUM(J22+J25) -> 0 | M26: المجموع الكلي | O26: =SUM(O22+O25) -> 0 | P26: =SUM(P22+P25) -> 0 | Q26: =SUM(Q22+Q25) -> 0 | R26: =SUM(R22+R25) -> 0 | S26: =SUM(S22+S25) -> 0 | T26: =SUM(T22+T25) -> 0 | U26: =SUM(U22+U25) -> 0 | X26: المجموع الكلي | Z26: =SUM(Z22+Z25) -> 0 | AA26: =SUM(AA22+AA25) -> 0 | AB26: =SUM(AB22+AB25) -> 0 | AC26: =SUM(AC22+AC25) -> 0 | AD26: =SUM(AD22+AD25) -> 0 | AE26: =SUM(AE22+AE25) -> 0 | AF26: =SUM(AF22+AF25) -> 0 | AI26: المجموع الكلي | AK26: =SUM(AK22+AK25) -> 0 | AL26: =SUM(AL22+AL25) -> 0 | AM26: =SUM(AM22+AM25) -> 0 | AN26: =SUM(AN22+AN25) -> 0 | AO26: =SUM(AO22+AO25) -> 10 | AP26: =SUM(AP22+AP25) -> 5 | AQ26: =SUM(AQ22+AQ25) -> 15 | AT26: المجموع الكلي | AV26: =SUM(AV22+AV25) -> 0 | AW26: =SUM(AW22+AW25) -> 0 | AX26: =SUM(AX22+AX25) -> 0 | AY26: =SUM(AY22+AY25) -> 0 | AZ26: =SUM(AZ22+AZ25) -> 0 | BA26: =SUM(BA22+BA25) -> 0 | BB26: =SUM(BB22+BB25) -> 0 | BE26: المجموع الكلي | BG26: =SUM(BG22+BG25) -> 0 | BH26: =SUM(BH22+BH25) -> 0 | BI26: =SUM(BI22+BI25) -> 0 | BJ26: =SUM(BJ22+BJ25) -> 0 | BK26: =SUM(BK22+BK25) -> 0 | BL26: =SUM(BL22+BL25) -> 0 | BM26: =SUM(BM22+BM25) -> 0 | BP26: المجموع الكلي | BR26: =SUM(BR22+BR25) -> 0 | BS26: =SUM(BS22+BS25) -> 0 | BT26: =SUM(BT22+BT25) -> 0 | BU26: =SUM(BU22+BU25) -> 0 | BV26: =SUM(BV22+BV25) -> 0 | BW26: =SUM(BW22+BW25) -> 0 | BX26: =SUM(BX22+BX25) -> 0 | CA26: المجموع الكلي | CC26: =SUM(CC22+CC25) -> 0 | CD26: =SUM(CD22+CD25) -> 0 | CE26: =SUM(CE22+CE25) -> 0 | CF26: =SUM(CF22+CF25) -> 0 | CG26: =SUM(CG22+CG25) -> 0 | CH26: =SUM(CH22+CH25) -> 0 | CI26: =SUM(CI22+CI25) -> 0 | CL26: المجموع الكلي | CN26: =SUM(CN22+CN25) -> 0 | CO26: =SUM(CO22+CO25) -> 0 | CP26: =SUM(CP22+CP25) -> 0 | CQ26: =SUM(CQ22+CQ25) -> 0 | CR26: =SUM(CR22+CR25) -> 0 | CS26: =SUM(CS22+CS25) -> 0 | CT26: =SUM(CT22+CT25) -> 0 | CW26: المجموع الكلي | CY26: =SUM(CY22+CY25) -> 0 | CZ26: =SUM(CZ22+CZ25) -> 0 | DA26: =SUM(DA22+DA25) -> 0 | DB26: =SUM(DB22+DB25) -> 0 | DC26: =SUM(DC22+DC25) -> 0 | DD26: =SUM(DD22+DD25) -> 0 | DE26: =SUM(DE22+DE25) -> 0 | DH26: المجموع الكلي | DJ26: =SUM(DJ22+DJ25) -> 0 | DK26: =SUM(DK22+DK25) -> 0 | DL26: =SUM(DL22+DL25) -> 0 | DM26: =SUM(DM22+DM25) -> 0 | DN26: =SUM(DN22+DN25) -> 0 | DO26: =SUM(DO22+DO25) -> 0 | DP26: =SUM(DP22+DP25) -> 0 | DS26: المجموع الكلي | DU26: =SUM(DU22+DU25) -> 0 | DV26: =SUM(DV22+DV25) -> 0 | DW26: =SUM(DW22+DW25) -> 0 | DX26: =SUM(DX22+DX25) -> 0 | DY26: =SUM(DY22+DY25) -> 0 | DZ26: =SUM(DZ22+DZ25) -> 0 | EA26: =SUM(EA22+EA25) -> 0 | ED26: المجموع الكلي | EF26: =SUM(EF22+EF25) -> 0 | EG26: =SUM(EG22+EG25) -> 0 | EH26: =SUM(EH22+EH25) -> 0 | EI26: =SUM(EI22+EI25) -> 0 | EJ26: =SUM(EJ22+EJ25) -> 10 | EK26: =SUM(EK22+EK25) -> 5 | EL26: =SUM(EL22+EL25) -> 15
A27: المطار القديم | B27: سعودي | C27: ذكر | D27: 0 | E27: 0 | F27: 0 | G27: 0 | H27: 0 | I27: 0 | J27: =SUM(D27:I27) -> 0 | L27: المطار القديم | M27: سعودي | N27: ذكر | O27: 0 | P27: 0 | Q27: 0 | R27: 0 | S27: 0 | T27: 0 | U27: =SUM(O27:T27) -> 0 | W27: المطار القديم | X27: سعودي | Y27: ذكر | Z27: 0 | AA27: 0 | AB27: 0 | AC27: 0 | AD27: 0 | AE27: 0 | AF27: =SUM(Z27:AE27) -> 0 | AH27: المطار القديم | AI27: سعودي | AJ27: ذكر | AK27: 0 | AL27: 0 | AM27: 0 | AN27: 0 | AO27: 0 | AP27: 16 | AQ27: =SUM(AK27:AP27) -> 16 | AS27: المطار القديم | AT27: سعودي | AU27: ذكر | AV27: 0 | AW27: 0 | AX27: 0 | AY27: 0 | AZ27: 0 | BA27: 0 | BB27: =SUM(AV27:BA27) -> 0 | BD27: المطار القديم | BE27: سعودي | BF27: ذكر | BG27: 0 | BH27: 0 | BI27: 0 | BJ27: 0 | BK27: 0 | BL27: 0 | BM27: =SUM(BG27:BL27) -> 0 | BO27: المطار القديم | BP27: سعودي | BQ27: ذكر | BR27: 0 | BS27: 0 | BT27: 0 | BU27: 0 | BV27: 0 | BW27: 0 | BX27: =SUM(BR27:BW27) -> 0 | BZ27: المطار القديم | CA27: سعودي | CB27: ذكر | CC27: 0 | CD27: 0 | CE27: 0 | CF27: 0 | CG27: 0 | CH27: 0 | CI27: =SUM(CC27:CH27) -> 0 | CK27: المطار القديم | CL27: سعودي | CM27: ذكر | CN27: 0 | CO27: 0 | CP27: 0 | CQ27: 0 | CR27: 0 | CS27: 0 | CT27: =SUM(CN27:CS27) -> 0 | CV27: المطار القديم | CW27: سعودي | CX27: ذكر | CY27: 0 | CZ27: 0 | DA27: 0 | DB27: 0 | DC27: 0 | DD27: 0 | DE27: =SUM(CY27:DD27) -> 0 | DG27: المطار القديم | DH27: سعودي | DI27: ذكر | DJ27: 0 | DK27: 0 | DL27: 0 | DM27: 0 | DN27: 0 | DO27: 0 | DP27: =SUM(DJ27:DO27) -> 0 | DR27: المطار القديم | DS27: سعودي | DT27: ذكر | DU27: 0 | DV27: 0 | DW27: 0 | DX27: 0 | DY27: 0 | DZ27: 0 | EA27: =SUM(DU27:DZ27) -> 0 | EC27: =DR27 -> المطار القديم | ED27: سعودي | EE27: ذكر | EF27: =SUM(D27+O27+Z27+AK27+AV27+BG27+BR27+CC27+CN27+CY27+DJ27+DU27) -> 0 | EG27: =SUM(E27+P27+AA27+AL27+AW27+BH27+BS27+CD27+CO27+CZ27+DK27+DV27) -> 0 | EH27: =SUM(F27+Q27+AB27+AM27+AX27+BI27+BT27+CE27+CP27+DA27+DL27+DW27) -> 0 | EI27: =SUM(G27+R27+AC27+AN27+AY27+BJ27+BU27+CF27+CQ27+DB27+DM27+DX27) -> 0 | EJ27: 0 | EK27: =SUM(I27+T27+AE27+AP27+BA27+BL27+BW27+CH27+CS27+DD27+DO27+DZ27) -> 16 | EL27: =SUM(EF27:EK27) -> 16
C28: أنثى | D28: 0 | E28: 0 | F28: 0 | G28: 0 | H28: 0 | I28: 0 | J28: =SUM(D28:I28) -> 0 | N28: أنثى | O28: 0 | P28: 0 | Q28: 0 | R28: 0 | S28: 0 | T28: 0 | U28: =SUM(O28:T28) -> 0 | Y28: أنثى | Z28: 0 | AA28: 0 | AB28: 0 | AC28: 0 | AD28: 0 | AE28: 0 | AF28: =SUM(Z28:AE28) -> 0 | AJ28: أنثى | AK28: 0 | AL28: 0 | AM28: 0 | AN28: 0 | AO28: 11 | AP28: 37 | AQ28: =SUM(AK28:AP28) -> 48 | AU28: أنثى | AV28: 0 | AW28: 0 | AX28: 0 | AY28: 0 | AZ28: 0 | BA28: 0 | BB28: =SUM(AV28:BA28) -> 0 | BF28: أنثى | BG28: 0 | BH28: 0 | BI28: 0 | BJ28: 0 | BK28: 0 | BL28: 0 | BM28: =SUM(BG28:BL28) -> 0 | BQ28: أنثى | BR28: 0 | BS28: 0 | BT28: 0 | BU28: 0 | BV28: 0 | BW28: 0 | BX28: =SUM(BR28:BW28) -> 0 | CB28: أنثى | CC28: 0 | CD28: 0 | CE28: 0 | CF28: 0 | CG28: 0 | CH28: 0 | CI28: =SUM(CC28:CH28) -> 0 | CM28: أنثى | CN28: 0 | CO28: 0 | CP28: 0 | CQ28: 0 | CR28: 0 | CS28: 0 | CT28: =SUM(CN28:CS28) -> 0 | CX28: أنثى | CY28: 0 | CZ28: 0 | DA28: 0 | DB28: 0 | DC28: 0 | DD28: 0 | DE28: =SUM(CY28:DD28) -> 0 | DI28: أنثى | DJ28: 0 | DK28: 0 | DL28: 0 | DM28: 0 | DN28: 0 | DO28: 0 | DP28: =SUM(DJ28:DO28) -> 0 | DT28: أنثى | DU28: 0 | DV28: 0 | DW28: 0 | DX28: 0 | DY28: 0 | DZ28: 0 | EA28: =SUM(DU28:DZ28) -> 0 | EE28: أنثى | EF28: =SUM(D28+O28+Z28+AK28+AV28+BG28+BR28+CC28+CN28+CY28+DJ28+DU28) -> 0 | EG28: =SUM(E28+P28+AA28+AL28+AW28+BH28+BS28+CD28+CO28+CZ28+DK28+DV28) -> 0 | EH28: =SUM(F28+Q28+AB28+AM28+AX28+BI28+BT28+CE28+CP28+DA28+DL28+DW28) -> 0 | EI28: =SUM(G28+R28+AC28+AN28+AY28+BJ28+BU28+CF28+CQ28+DB28+DM28+DX28) -> 0 | EJ28: =SUM(H28+S28+AD28+AO28+AZ28+BK28+BV28+CG28+CR28+DC28+DN28+DY28) -> 11 | EK28: =SUM(I28+T28+AE28+AP28+BA28+BL28+BW28+CH28+CS28+DD28+DO28+DZ28) -> 37 | EL28: =SUM(EF28:EK28) -> 48
B29: مجموع السعوديين | D29: =SUM(D27:D28) -> 0 | E29: =SUM(E27:E28) -> 0 | F29: =SUM(F27:F28) -> 0 | G29: =SUM(G27:G28) -> 0 | H29: =SUM(H27:H28) -> 0 | I29: =SUM(I27:I28) -> 0 | J29: =SUM(J27:J28) -> 0 | M29: مجموع السعوديين | O29: =SUM(O27:O28) -> 0 | P29: =SUM(P27:P28) -> 0 | Q29: =SUM(Q27:Q28) -> 0 | R29: =SUM(R27:R28) -> 0 | S29: =SUM(S27:S28) -> 0 | T29: =SUM(T27:T28) -> 0 | U29: =SUM(U27:U28) -> 0 | X29: مجموع السعوديين | Z29: =SUM(Z27:Z28) -> 0 | AA29: =SUM(AA27:AA28) -> 0 | AB29: =SUM(AB27:AB28) -> 0 | AC29: =SUM(AC27:AC28) -> 0 | AD29: =SUM(AD27:AD28) -> 0 | AE29: =SUM(AE27:AE28) -> 0 | AF29: =SUM(AF27:AF28) -> 0 | AI29: مجموع السعوديين | AK29: =SUM(AK27:AK28) -> 0 | AL29: =SUM(AL27:AL28) -> 0 | AM29: =SUM(AM27:AM28) -> 0 | AN29: =SUM(AN27:AN28) -> 0 | AO29: =SUM(AO27:AO28) -> 11 | AP29: =SUM(AP27:AP28) -> 53 | AQ29: =SUM(AQ27:AQ28) -> 64 | AT29: مجموع السعوديين | AV29: =SUM(AV27:AV28) -> 0 | AW29: =SUM(AW27:AW28) -> 0 | AX29: =SUM(AX27:AX28) -> 0 | AY29: =SUM(AY27:AY28) -> 0 | AZ29: =SUM(AZ27:AZ28) -> 0 | BA29: =SUM(BA27:BA28) -> 0 | BB29: =SUM(BB27:BB28) -> 0 | BE29: مجموع السعوديين | BG29: =SUM(BG27:BG28) -> 0 | BH29: =SUM(BH27:BH28) -> 0 | BI29: =SUM(BI27:BI28) -> 0 | BJ29: =SUM(BJ27:BJ28) -> 0 | BK29: =SUM(BK27:BK28) -> 0 | BL29: =SUM(BL27:BL28) -> 0 | BM29: =SUM(BM27:BM28) -> 0 | BP29: مجموع السعوديين | BR29: =SUM(BR27:BR28) -> 0 | BS29: =SUM(BS27:BS28) -> 0 | BT29: =SUM(BT27:BT28) -> 0 | BU29: =SUM(BU27:BU28) -> 0 | BV29: =SUM(BV27:BV28) -> 0 | BW29: =SUM(BW27:BW28) -> 0 | BX29: =SUM(BX27:BX28) -> 0 | CA29: مجموع السعوديين | CC29: =SUM(CC27:CC28) -> 0 | CD29: =SUM(CD27:CD28) -> 0 | CE29: =SUM(CE27:CE28) -> 0 | CF29: =SUM(CF27:CF28) -> 0 | CG29: =SUM(CG27:CG28) -> 0 | CH29: =SUM(CH27:CH28) -> 0 | CI29: =SUM(CI27:CI28) -> 0 | CL29: مجموع السعوديين | CN29: =SUM(CN27:CN28) -> 0 | CO29: =SUM(CO27:CO28) -> 0 | CP29: =SUM(CP27:CP28) -> 0 | CQ29: =SUM(CQ27:CQ28) -> 0 | CR29: =SUM(CR27:CR28) -> 0 | CS29: =SUM(CS27:CS28) -> 0 | CT29: =SUM(CT27:CT28) -> 0 | CW29: مجموع السعوديين | CY29: =SUM(CY27:CY28) -> 0 | CZ29: =SUM(CZ27:CZ28) -> 0 | DA29: =SUM(DA27:DA28) -> 0 | DB29: =SUM(DB27:DB28) -> 0 | DC29: =SUM(DC27:DC28) -> 0 | DD29: =SUM(DD27:DD28) -> 0 | DE29: =SUM(DE27:DE28) -> 0 | DH29: مجموع السعوديين | DJ29: =SUM(DJ27:DJ28) -> 0 | DK29: =SUM(DK27:DK28) -> 0 | DL29: =SUM(DL27:DL28) -> 0 | DM29: =SUM(DM27:DM28) -> 0 | DN29: =SUM(DN27:DN28) -> 0 | DO29: =SUM(DO27:DO28) -> 0 | DP29: =SUM(DP27:DP28) -> 0 | DS29: مجموع السعوديين | DU29: =SUM(DU27:DU28) -> 0 | DV29: =SUM(DV27:DV28) -> 0 | DW29: =SUM(DW27:DW28) -> 0 | DX29: =SUM(DX27:DX28) -> 0 | DY29: =SUM(DY27:DY28) -> 0 | DZ29: =SUM(DZ27:DZ28) -> 0 | EA29: =SUM(EA27:EA28) -> 0 | ED29: مجموع السعوديين | EF29: =SUM(EF27:EF28) -> 0 | EG29: =SUM(EG27:EG28) -> 0 | EH29: =SUM(EH27:EH28) -> 0 | EI29: =SUM(EI27:EI28) -> 0 | EJ29: =SUM(EJ27:EJ28) -> 11 | EK29: =SUM(EK27:EK28) -> 53 | EL29: =SUM(EL27:EL28) -> 64
B30: غير سعودي | C30: ذكر | D30: 0 | E30: 0 | F30: 0 | G30: 0 | H30: 0 | I30: 0 | J30: =SUM(D30:I30) -> 0 | M30: غير سعودي | N30: ذكر | O30: 0 | P30: 0 | Q30: 0 | R30: 0 | S30: 0 | T30: 0 | U30: =SUM(O30:T30) -> 0 | X30: غير سعودي | Y30: ذكر | Z30: 0 | AA30: 0 | AB30: 0 | AC30: 0 | AD30: 0 | AE30: 0 | AF30: =SUM(Z30:AE30) -> 0 | AI30: غير سعودي | AJ30: ذكر | AK30: 0 | AL30: 0 | AM30: 0 | AN30: 0 | AO30: 0 | AP30: 2 | AQ30: =SUM(AK30:AP30) -> 2 | AT30: غير سعودي | AU30: ذكر | AV30: 0 | AW30: 0 | AX30: 0 | AY30: 0 | AZ30: 0 | BA30: 0 | BB30: =SUM(AV30:BA30) -> 0 | BE30: غير سعودي | BF30: ذكر | BG30: 0 | BH30: 0 | BI30: 0 | BJ30: 0 | BK30: 0 | BL30: 0 | BM30: =SUM(BG30:BL30) -> 0 | BP30: غير سعودي | BQ30: ذكر | BR30: 0 | BS30: 0 | BT30: 0 | BU30: 0 | BV30: 0 | BW30: 0 | BX30: =SUM(BR30:BW30) -> 0 | CA30: غير سعودي | CB30: ذكر | CC30: 0 | CD30: 0 | CE30: 0 | CF30: 0 | CG30: 0 | CH30: 0 | CI30: =SUM(CC30:CH30) -> 0 | CL30: غير سعودي | CM30: ذكر | CN30: 0 | CO30: 0 | CP30: 0 | CQ30: 0 | CR30: 0 | CS30: 0 | CT30: =SUM(CN30:CS30) -> 0 | CW30: غير سعودي | CX30: ذكر | CY30: 0 | CZ30: 0 | DA30: 0 | DB30: 0 | DC30: 0 | DD30: 0 | DE30: =SUM(CY30:DD30) -> 0 | DH30: غير سعودي | DI30: ذكر | DJ30: 0 | DK30: 0 | DL30: 0 | DM30: 0 | DN30: 0 | DO30: 0 | DP30: =SUM(DJ30:DO30) -> 0 | DS30: غير سعودي | DT30: ذكر | DU30: 0 | DV30: 0 | DW30: 0 | DX30: 0 | DY30: 0 | DZ30: 0 | EA30: =SUM(DU30:DZ30) -> 0 | ED30: غير سعودي | EE30: ذكر | EF30: =SUM(D30+O30+Z30+AK30+AV30+BG30+BR30+CC30+CN30+CY30+DJ30+DU30) -> 0 | EG30: =SUM(E30+P30+AA30+AL30+AW30+BH30+BS30+CD30+CO30+CZ30+DK30+DV30) -> 0 | EH30: =SUM(F30+Q30+AB30+AM30+AX30+BI30+BT30+CE30+CP30+DA30+DL30+DW30) -> 0 | EI30: =SUM(G30+R30+AC30+AN30+AY30+BJ30+BU30+CF30+CQ30+DB30+DM30+DX30) -> 0 | EJ30: 0 | EK30: =SUM(I30+T30+AE30+AP30+BA30+BL30+BW30+CH30+CS30+DD30+DO30+DZ30) -> 2 | EL30: =SUM(EF30:EK30) -> 2
C31: أنثى | D31: 0 | E31: 0 | F31: 0 | G31: 0 | H31: 0 | I31: 0 | J31: =SUM(D31:I31) -> 0 | N31: أنثى | O31: 0 | P31: 0 | Q31: 0 | R31: 0 | S31: 0 | T31: 0 | U31: =SUM(O31:T31) -> 0 | Y31: أنثى | Z31: 0 | AA31: 0 | AB31: 0 | AC31: 0 | AD31: 0 | AE31: 0 | AF31: =SUM(Z31:AE31) -> 0 | AJ31: أنثى | AK31: 0 | AL31: 0 | AM31: 0 | AN31: 0 | AO31: 0 | AP31: 0 | AQ31: =SUM(AK31:AP31) -> 0 | AU31: أنثى | AV31: 0 | AW31: 0 | AX31: 0 | AY31: 0 | AZ31: 0 | BA31: 0 | BB31: =SUM(AV31:BA31) -> 0 | BF31: أنثى | BG31: 0 | BH31: 0 | BI31: 0 | BJ31: 0 | BK31: 0 | BL31: 0 | BM31: =SUM(BG31:BL31) -> 0 | BQ31: أنثى | BR31: 0 | BS31: 0 | BT31: 0 | BU31: 0 | BV31: 0 | BW31: 0 | BX31: =SUM(BR31:BW31) -> 0 | CB31: أنثى | CC31: 0 | CD31: 0 | CE31: 0 | CF31: 0 | CG31: 0 | CH31: 0 | CI31: =SUM(CC31:CH31) -> 0 | CM31: أنثى | CN31: 0 | CO31: 0 | CP31: 0 | CQ31: 0 | CR31: 0 | CS31: 0 | CT31: =SUM(CN31:CS31) -> 0 | CX31: أنثى | CY31: 0 | CZ31: 0 | DA31: 0 | DB31: 0 | DC31: 0 | DD31: 0 | DE31: =SUM(CY31:DD31) -> 0 | DI31: أنثى | DJ31: 0 | DK31: 0 | DL31: 0 | DM31: 0 | DN31: 0 | DO31: 0 | DP31: =SUM(DJ31:DO31) -> 0 | DT31: أنثى | DU31: 0 | DV31: 0 | DW31: 0 | DX31: 0 | DY31: 0 | DZ31: 0 | EA31: =SUM(DU31:DZ31) -> 0 | EE31: أنثى | EF31: =SUM(D31+O31+Z31+AK31+AV31+BG31+BR31+CC31+CN31+CY31+DJ31+DU31) -> 0 | EG31: =SUM(E31+P31+AA31+AL31+AW31+BH31+BS31+CD31+CO31+CZ31+DK31+DV31) -> 0 | EH31: =SUM(F31+Q31+AB31+AM31+AX31+BI31+BT31+CE31+CP31+DA31+DL31+DW31) -> 0 | EI31: =SUM(G31+R31+AC31+AN31+AY31+BJ31+BU31+CF31+CQ31+DB31+DM31+DX31) -> 0 | EJ31: =SUM(H31+S31+AD31+AO31+AZ31+BK31+BV31+CG31+CR31+DC31+DN31+DY31) -> 0 | EK31: =SUM(I31+T31+AE31+AP31+BA31+BL31+BW31+CH31+CS31+DD31+DO31+DZ31) -> 0 | EL31: =SUM(EF31:EK31) -> 0
B32: مجموع الغير سعوديين | D32: =SUM(D30:D31) -> 0 | E32: =SUM(E30:E31) -> 0 | F32: =SUM(F30:F31) -> 0 | G32: =SUM(G30:G31) -> 0 | H32: =SUM(H30:H31) -> 0 | I32: =SUM(I30:I31) -> 0 | J32: =SUM(J30:J31) -> 0 | M32: مجموع الغير سعوديين | O32: =SUM(O30:O31) -> 0 | P32: =SUM(P30:P31) -> 0 | Q32: =SUM(Q30:Q31) -> 0 | R32: =SUM(R30:R31) -> 0 | S32: =SUM(S30:S31) -> 0 | T32: =SUM(T30:T31) -> 0 | U32: =SUM(U30:U31) -> 0 | X32: مجموع الغير سعوديين | Z32: =SUM(Z30:Z31) -> 0 | AA32: =SUM(AA30:AA31) -> 0 | AB32: =SUM(AB30:AB31) -> 0 | AC32: =SUM(AC30:AC31) -> 0 | AD32: =SUM(AD30:AD31) -> 0 | AE32: =SUM(AE30:AE31) -> 0 | AF32: =SUM(AF30:AF31) -> 0 | AI32: مجموع الغير سعوديين | AK32: =SUM(AK30:AK31) -> 0 | AL32: =SUM(AL30:AL31) -> 0 | AM32: =SUM(AM30:AM31) -> 0 | AN32: =SUM(AN30:AN31) -> 0 | AO32: =SUM(AO30:AO31) -> 0 | AP32: =SUM(AP30:AP31) -> 2 | AQ32: =SUM(AQ30:AQ31) -> 2 | AT32: مجموع الغير سعوديين | AV32: =SUM(AV30:AV31) -> 0 | AW32: =SUM(AW30:AW31) -> 0 | AX32: =SUM(AX30:AX31) -> 0 | AY32: =SUM(AY30:AY31) -> 0 | AZ32: =SUM(AZ30:AZ31) -> 0 | BA32: =SUM(BA30:BA31) -> 0 | BB32: =SUM(BB30:BB31) -> 0 | BE32: مجموع الغير سعوديين | BG32: =SUM(BG30:BG31) -> 0 | BH32: =SUM(BH30:BH31) -> 0 | BI32: =SUM(BI30:BI31) -> 0 | BJ32: =SUM(BJ30:BJ31) -> 0 | BK32: =SUM(BK30:BK31) -> 0 | BL32: =SUM(BL30:BL31) -> 0 | BM32: =SUM(BM30:BM31) -> 0 | BP32: مجموع الغير سعوديين | BR32: =SUM(BR30:BR31) -> 0 | BS32: =SUM(BS30:BS31) -> 0 | BT32: =SUM(BT30:BT31) -> 0 | BU32: =SUM(BU30:BU31) -> 0 | BV32: =SUM(BV30:BV31) -> 0 | BW32: =SUM(BW30:BW31) -> 0 | BX32: =SUM(BX30:BX31) -> 0 | CA32: مجموع الغير سعوديين | CC32: =SUM(CC30:CC31) -> 0 | CD32: =SUM(CD30:CD31) -> 0 | CE32: =SUM(CE30:CE31) -> 0 | CF32: =SUM(CF30:CF31) -> 0 | CG32: =SUM(CG30:CG31) -> 0 | CH32: =SUM(CH30:CH31) -> 0 | CI32: =SUM(CI30:CI31) -> 0 | CL32: مجموع الغير سعوديين | CN32: =SUM(CN30:CN31) -> 0 | CO32: =SUM(CO30:CO31) -> 0 | CP32: =SUM(CP30:CP31) -> 0 | CQ32: =SUM(CQ30:CQ31) -> 0 | CR32: =SUM(CR30:CR31) -> 0 | CS32: =SUM(CS30:CS31) -> 0 | CT32: =SUM(CT30:CT31) -> 0 | CW32: مجموع الغير سعوديين | CY32: =SUM(CY30:CY31) -> 0 | CZ32: =SUM(CZ30:CZ31) -> 0 | DA32: =SUM(DA30:DA31) -> 0 | DB32: =SUM(DB30:DB31) -> 0 | DC32: =SUM(DC30:DC31) -> 0 | DD32: =SUM(DD30:DD31) -> 0 | DE32: =SUM(DE30:DE31) -> 0 | DH32: مجموع الغير سعوديين | DJ32: =SUM(DJ30:DJ31) -> 0 | DK32: =SUM(DK30:DK31) -> 0 | DL32: =SUM(DL30:DL31) -> 0 | DM32: =SUM(DM30:DM31) -> 0 | DN32: =SUM(DN30:DN31) -> 0 | DO32: =SUM(DO30:DO31) -> 0 | DP32: =SUM(DP30:DP31) -> 0 | DS32: مجموع الغير سعوديين | DU32: =SUM(DU30:DU31) -> 0 | DV32: =SUM(DV30:DV31) -> 0 | DW32: =SUM(DW30:DW31) -> 0 | DX32: =SUM(DX30:DX31) -> 0 | DY32: =SUM(DY30:DY31) -> 0 | DZ32: =SUM(DZ30:DZ31) -> 0 | EA32: =SUM(EA30:EA31) -> 0 | ED32: مجموع الغير سعوديين | EF32: =SUM(EF30:EF31) -> 0 | EG32: =SUM(EG30:EG31) -> 0 | EH32: =SUM(EH30:EH31) -> 0 | EI32: =SUM(EI30:EI31) -> 0 | EJ32: =SUM(EJ30:EJ31) -> 0 | EK32: =SUM(EK30:EK31) -> 2 | EL32: =SUM(EL30:EL31) -> 2
B33: المجموع الكلي | D33: =SUM(D29+D32) -> 0 | E33: =SUM(E29+E32) -> 0 | F33: =SUM(F29+F32) -> 0 | G33: =SUM(G29+G32) -> 0 | H33: =SUM(H29+H32) -> 0 | I33: =SUM(I29+I32) -> 0 | J33: =SUM(J29+J32) -> 0 | M33: المجموع الكلي | O33: =SUM(O29+O32) -> 0 | P33: =SUM(P29+P32) -> 0 | Q33: =SUM(Q29+Q32) -> 0 | R33: =SUM(R29+R32) -> 0 | S33: =SUM(S29+S32) -> 0 | T33: =SUM(T29+T32) -> 0 | U33: =SUM(U29+U32) -> 0 | X33: المجموع الكلي | Z33: =SUM(Z29+Z32) -> 0 | AA33: =SUM(AA29+AA32) -> 0 | AB33: =SUM(AB29+AB32) -> 0 | AC33: =SUM(AC29+AC32) -> 0 | AD33: =SUM(AD29+AD32) -> 0 | AE33: =SUM(AE29+AE32) -> 0 | AF33: =SUM(AF29+AF32) -> 0 | AI33: المجموع الكلي | AK33: =SUM(AK29+AK32) -> 0 | AL33: =SUM(AL29+AL32) -> 0 | AM33: =SUM(AM29+AM32) -> 0 | AN33: =SUM(AN29+AN32) -> 0 | AO33: =SUM(AO29+AO32) -> 11 | AP33: =SUM(AP29+AP32) -> 55 | AQ33: =SUM(AQ29+AQ32) -> 66 | AT33: المجموع الكلي | AV33: =SUM(AV29+AV32) -> 0 | AW33: =SUM(AW29+AW32) -> 0 | AX33: =SUM(AX29+AX32) -> 0 | AY33: =SUM(AY29+AY32) -> 0 | AZ33: =SUM(AZ29+AZ32) -> 0 | BA33: =SUM(BA29+BA32) -> 0 | BB33: =SUM(BB29+BB32) -> 0 | BE33: المجموع الكلي | BG33: =SUM(BG29+BG32) -> 0 | BH33: =SUM(BH29+BH32) -> 0 | BI33: =SUM(BI29+BI32) -> 0 | BJ33: =SUM(BJ29+BJ32) -> 0 | BK33: =SUM(BK29+BK32) -> 0 | BL33: =SUM(BL29+BL32) -> 0 | BM33: =SUM(BM29+BM32) -> 0 | BP33: المجموع الكلي | BR33: =SUM(BR29+BR32) -> 0 | BS33: =SUM(BS29+BS32) -> 0 | BT33: =SUM(BT29+BT32) -> 0 | BU33: =SUM(BU29+BU32) -> 0 | BV33: =SUM(BV29+BV32) -> 0 | BW33: =SUM(BW29+BW32) -> 0 | BX33: =SUM(BX29+BX32) -> 0 | CA33: المجموع الكلي | CC33: =SUM(CC29+CC32) -> 0 | CD33: =SUM(CD29+CD32) -> 0 | CE33: =SUM(CE29+CE32) -> 0 | CF33: =SUM(CF29+CF32) -> 0 | CG33: =SUM(CG29+CG32) -> 0 | CH33: =SUM(CH29+CH32) -> 0 | CI33: =SUM(CI29+CI32) -> 0 | CL33: المجموع الكلي | CN33: =SUM(CN29+CN32) -> 0 | CO33: =SUM(CO29+CO32) -> 0 | CP33: =SUM(CP29+CP32) -> 0 | CQ33: =SUM(CQ29+CQ32) -> 0 | CR33: =SUM(CR29+CR32) -> 0 | CS33: =SUM(CS29+CS32) -> 0 | CT33: =SUM(CT29+CT32) -> 0 | CW33: المجموع الكلي | CY33: =SUM(CY29+CY32) -> 0 | CZ33: =SUM(CZ29+CZ32) -> 0 | DA33: =SUM(DA29+DA32) -> 0 | DB33: =SUM(DB29+DB32) -> 0 | DC33: =SUM(DC29+DC32) -> 0 | DD33: =SUM(DD29+DD32) -> 0 | DE33: =SUM(DE29+DE32) -> 0 | DH33: المجموع الكلي | DJ33: =SUM(DJ29+DJ32) -> 0 | DK33: =SUM(DK29+DK32) -> 0 | DL33: =SUM(DL29+DL32) -> 0 | DM33: =SUM(DM29+DM32) -> 0 | DN33: =SUM(DN29+DN32) -> 0 | DO33: =SUM(DO29+DO32) -> 0 | DP33: =SUM(DP29+DP32) -> 0 | DS33: المجموع الكلي | DU33: =SUM(DU29+DU32) -> 0 | DV33: =SUM(DV29+DV32) -> 0 | DW33: =SUM(DW29+DW32) -> 0 | DX33: =SUM(DX29+DX32) -> 0 | DY33: =SUM(DY29+DY32) -> 0 | DZ33: =SUM(DZ29+DZ32) -> 0 | EA33: =SUM(EA29+EA32) -> 0 | ED33: المجموع الكلي | EF33: =SUM(EF29+EF32) -> 0 | EG33: =SUM(EG29+EG32) -> 0 | EH33: =SUM(EH29+EH32) -> 0 | EI33: =SUM(EI29+EI32) -> 0 | EJ33: =SUM(EJ29+EJ32) -> 11 | EK33: =SUM(EK29+EK32) -> 55 | EL33: =SUM(EL29+EL32) -> 66
A34: الروابي | B34: سعودي | C34: ذكر | D34: 0 | E34: 0 | F34: 0 | G34: 0 | H34: 0 | I34: 0 | J34: =SUM(D34:I34) -> 0 | L34: الروابي | M34: سعودي | N34: ذكر | O34: 0 | P34: 0 | Q34: 0 | R34: 0 | S34: 0 | T34: 0 | U34: =SUM(O34:T34) -> 0 | W34: الروابي | X34: سعودي | Y34: ذكر | Z34: 0 | AA34: 0 | AB34: 0 | AC34: 0 | AD34: 0 | AE34: 0 | AF34: =SUM(Z34:AE34) -> 0 | AH34: الروابي | AI34: سعودي | AJ34: ذكر | AK34: 0 | AL34: 0 | AM34: 0 | AN34: 0 | AO34: 0 | AP34: 0 | AQ34: =SUM(AK34:AP34) -> 0 | AS34: الروابي | AT34: سعودي | AU34: ذكر | AV34: 0 | AW34: 0 | AX34: 0 | AY34: 0 | AZ34: 0 | BA34: 0 | BB34: =SUM(AV34:BA34) -> 0 | BD34: الروابي | BE34: سعودي | BF34: ذكر | BG34: 0 | BH34: 0 | BI34: 0 | BJ34: 0 | BK34: 0 | BL34: 0 | BM34: =SUM(BG34:BL34) -> 0 | BO34: الروابي | BP34: سعودي | BQ34: ذكر | BR34: 0 | BS34: 0 | BT34: 0 | BU34: 0 | BV34: 0 | BW34: 0 | BX34: =SUM(BR34:BW34) -> 0 | BZ34: الروابي | CA34: سعودي | CB34: ذكر | CC34: 0 | CD34: 0 | CE34: 0 | CF34: 0 | CG34: 0 | CH34: 0 | CI34: =SUM(CC34:CH34) -> 0 | CK34: الروابي | CL34: سعودي | CM34: ذكر | CN34: 0 | CO34: 0 | CP34: 0 | CQ34: 0 | CR34: 0 | CS34: 0 | CT34: =SUM(CN34:CS34) -> 0 | CV34: الروابي | CW34: سعودي | CX34: ذكر | CY34: 0 | CZ34: 0 | DA34: 0 | DB34: 0 | DC34: 0 | DD34: 0 | DE34: =SUM(CY34:DD34) -> 0 | DG34: الروابي | DH34: سعودي | DI34: ذكر | DJ34: 0 | DK34: 0 | DL34: 0 | DM34: 0 | DN34: 0 | DO34: 0 | DP34: =SUM(DJ34:DO34) -> 0 | DR34: الروابي | DS34: سعودي | DT34: ذكر | DU34: 0 | DV34: 0 | DW34: 0 | DX34: 0 | DY34: 0 | DZ34: 0 | EA34: =SUM(DU34:DZ34) -> 0 | EC34: =DR34 -> الروابي | ED34: سعودي | EE34: ذكر | EF34: =SUM(D34+O34+Z34+AK34+AV34+BG34+BR34+CC34+CN34+CY34+DJ34+DU34) -> 0 | EG34: =SUM(E34+P34+AA34+AL34+AW34+BH34+BS34+CD34+CO34+CZ34+DK34+DV34) -> 0 | EH34: =SUM(F34+Q34+AB34+AM34+AX34+BI34+BT34+CE34+CP34+DA34+DL34+DW34) -> 0 | EI34: =SUM(G34+R34+AC34+AN34+AY34+BJ34+BU34+CF34+CQ34+DB34+DM34+DX34) -> 0 | EJ34: 0 | EK34: =SUM(I34+T34+AE34+AP34+BA34+BL34+BW34+CH34+CS34+DD34+DO34+DZ34) -> 0 | EL34: =SUM(EF34:EK34) -> 0
C35: أنثى | D35: 0 | E35: 0 | F35: 0 | G35: 0 | H35: 0 | I35: 0 | J35: =SUM(D35:I35) -> 0 | N35: أنثى | O35: 0 | P35: 0 | Q35: 0 | R35: 0 | S35: 0 | T35: 0 | U35: =SUM(O35:T35) -> 0 | Y35: أنثى | Z35: 0 | AA35: 0 | AB35: 0 | AC35: 0 | AD35: 0 | AE35: 0 | AF35: =SUM(Z35:AE35) -> 0 | AJ35: أنثى | AK35: 0 | AL35: 0 | AM35: 0 | AN35: 0 | AO35: 0 | AP35: 0 | AQ35: =SUM(AK35:AP35) -> 0 | AU35: أنثى | AV35: 0 | AW35: 0 | AX35: 0 | AY35: 0 | AZ35: 0 | BA35: 0 | BB35: =SUM(AV35:BA35) -> 0 | BF35: أنثى | BG35: 0 | BH35: 0 | BI35: 0 | BJ35: 0 | BK35: 0 | BL35: 0 | BM35: =SUM(BG35:BL35) -> 0 | BQ35: أنثى | BR35: 0 | BS35: 0 | BT35: 0 | BU35: 0 | BV35: 0 | BW35: 0 | BX35: =SUM(BR35:BW35) -> 0 | CB35: أنثى | CC35: 0 | CD35: 0 | CE35: 0 | CF35: 0 | CG35: 0 | CH35: 0 | CI35: =SUM(CC35:CH35) -> 0 | CM35: أنثى | CN35: 0 | CO35: 0 | CP35: 0 | CQ35: 0 | CR35: 0 | CS35: 0 | CT35: =SUM(CN35:CS35) -> 0 | CX35: أنثى | CY35: 0 | CZ35: 0 | DA35: 0 | DB35: 0 | DC35: 0 | DD35: 0 | DE35: =SUM(CY35:DD35) -> 0 | DI35: أنثى | DJ35: 0 | DK35: 0 | DL35: 0 | DM35: 0 | DN35: 0 | DO35: 0 | DP35: =SUM(DJ35:DO35) -> 0 | DT35: أنثى | DU35: 0 | DV35: 0 | DW35: 0 | DX35: 0 | DY35: 0 | DZ35: 0 | EA35: =SUM(DU35:DZ35) -> 0 | EE35: أنثى | EF35: =SUM(D35+O35+Z35+AK35+AV35+BG35+BR35+CC35+CN35+CY35+DJ35+DU35) -> 0 | EG35: =SUM(E35+P35+AA35+AL35+AW35+BH35+BS35+CD35+CO35+CZ35+DK35+DV35) -> 0 | EH35: =SUM(F35+Q35+AB35+AM35+AX35+BI35+BT35+CE35+CP35+DA35+DL35+DW35) -> 0 | EI35: =SUM(G35+R35+AC35+AN35+AY35+BJ35+BU35+CF35+CQ35+DB35+DM35+DX35) -> 0 | EJ35: =SUM(H35+S35+AD35+AO35+AZ35+BK35+BV35+CG35+CR35+DC35+DN35+DY35) -> 0 | EK35: =SUM(I35+T35+AE35+AP35+BA35+BL35+BW35+CH35+CS35+DD35+DO35+DZ35) -> 0 | EL35: =SUM(EF35:EK35) -> 0
B36: مجموع السعوديين | D36: =SUM(D34:D35) -> 0 | E36: =SUM(E34:E35) -> 0 | F36: =SUM(F34:F35) -> 0 | G36: =SUM(G34:G35) -> 0 | H36: =SUM(H34:H35) -> 0 | I36: =SUM(I34:I35) -> 0 | J36: =SUM(J34:J35) -> 0 | M36: مجموع السعوديين | O36: =SUM(O34:O35) -> 0 | P36: =SUM(P34:P35) -> 0 | Q36: =SUM(Q34:Q35) -> 0 | R36: =SUM(R34:R35) -> 0 | S36: =SUM(S34:S35) -> 0 | T36: =SUM(T34:T35) -> 0 | U36: =SUM(U34:U35) -> 0 | X36: مجموع السعوديين | Z36: =SUM(Z34:Z35) -> 0 | AA36: =SUM(AA34:AA35) -> 0 | AB36: =SUM(AB34:AB35) -> 0 | AC36: =SUM(AC34:AC35) -> 0 | AD36: =SUM(AD34:AD35) -> 0 | AE36: =SUM(AE34:AE35) -> 0 | AF36: =SUM(AF34:AF35) -> 0 | AI36: مجموع السعوديين | AK36: =SUM(AK34:AK35) -> 0 | AL36: =SUM(AL34:AL35) -> 0 | AM36: =SUM(AM34:AM35) -> 0 | AN36: =SUM(AN34:AN35) -> 0 | AO36: =SUM(AO34:AO35) -> 0 | AP36: =SUM(AP34:AP35) -> 0 | AQ36: =SUM(AQ34:AQ35) -> 0 | AT36: مجموع السعوديين | AV36: =SUM(AV34:AV35) -> 0 | AW36: =SUM(AW34:AW35) -> 0 | AX36: =SUM(AX34:AX35) -> 0 | AY36: =SUM(AY34:AY35) -> 0 | AZ36: =SUM(AZ34:AZ35) -> 0 | BA36: =SUM(BA34:BA35) -> 0 | BB36: =SUM(BB34:BB35) -> 0 | BE36: مجموع السعوديين | BG36: =SUM(BG34:BG35) -> 0 | BH36: =SUM(BH34:BH35) -> 0 | BI36: =SUM(BI34:BI35) -> 0 | BJ36: =SUM(BJ34:BJ35) -> 0 | BK36: =SUM(BK34:BK35) -> 0 | BL36: =SUM(BL34:BL35) -> 0 | BM36: =SUM(BM34:BM35) -> 0 | BP36: مجموع السعوديين | BR36: =SUM(BR34:BR35) -> 0 | BS36: =SUM(BS34:BS35) -> 0 | BT36: =SUM(BT34:BT35) -> 0 | BU36: =SUM(BU34:BU35) -> 0 | BV36: =SUM(BV34:BV35) -> 0 | BW36: =SUM(BW34:BW35) -> 0 | BX36: =SUM(BX34:BX35) -> 0 | CA36: مجموع السعوديين | CC36: =SUM(CC34:CC35) -> 0 | CD36: =SUM(CD34:CD35) -> 0 | CE36: =SUM(CE34:CE35) -> 0 | CF36: =SUM(CF34:CF35) -> 0 | CG36: =SUM(CG34:CG35) -> 0 | CH36: =SUM(CH34:CH35) -> 0 | CI36: =SUM(CI34:CI35) -> 0 | CL36: مجموع السعوديين | CN36: =SUM(CN34:CN35) -> 0 | CO36: =SUM(CO34:CO35) -> 0 | CP36: =SUM(CP34:CP35) -> 0 | CQ36: =SUM(CQ34:CQ35) -> 0 | CR36: =SUM(CR34:CR35) -> 0 | CS36: =SUM(CS34:CS35) -> 0 | CT36: =SUM(CT34:CT35) -> 0 | CW36: مجموع السعوديين | CY36: =SUM(CY34:CY35) -> 0 | CZ36: =SUM(CZ34:CZ35) -> 0 | DA36: =SUM(DA34:DA35) -> 0 | DB36: =SUM(DB34:DB35) -> 0 | DC36: =SUM(DC34:DC35) -> 0 | DD36: =SUM(DD34:DD35) -> 0 | DE36: =SUM(DE34:DE35) -> 0 | DH36: مجموع السعوديين | DJ36: =SUM(DJ34:DJ35) -> 0 | DK36: =SUM(DK34:DK35) -> 0 | DL36: =SUM(DL34:DL35) -> 0 | DM36: =SUM(DM34:DM35) -> 0 | DN36: =SUM(DN34:DN35) -> 0 | DO36: =SUM(DO34:DO35) -> 0 | DP36: =SUM(DP34:DP35) -> 0 | DS36: مجموع السعوديين | DU36: =SUM(DU34:DU35) -> 0 | DV36: =SUM(DV34:DV35) -> 0 | DW36: =SUM(DW34:DW35) -> 0 | DX36: =SUM(DX34:DX35) -> 0 | DY36: =SUM(DY34:DY35) -> 0 | DZ36: =SUM(DZ34:DZ35) -> 0 | EA36: =SUM(EA34:EA35) -> 0 | ED36: مجموع السعوديين | EF36: =SUM(EF34:EF35) -> 0 | EG36: =SUM(EG34:EG35) -> 0 | EH36: =SUM(EH34:EH35) -> 0 | EI36: =SUM(EI34:EI35) -> 0 | EJ36: =SUM(EJ34:EJ35) -> 0 | EK36: =SUM(EK34:EK35) -> 0 | EL36: =SUM(EL34:EL35) -> 0
B37: غير سعودي | C37: ذكر | D37: 0 | E37: 0 | F37: 0 | G37: 0 | H37: 0 | I37: 0 | J37: =SUM(D37:I37) -> 0 | M37: غير سعودي | N37: ذكر | O37: 0 | P37: 0 | Q37: 0 | R37: 0 | S37: 0 | T37: 0 | U37: =SUM(O37:T37) -> 0 | X37: غير سعودي | Y37: ذكر | Z37: 0 | AA37: 0 | AB37: 0 | AC37: 0 | AD37: 0 | AE37: 0 | AF37: =SUM(Z37:AE37) -> 0 | AI37: غير سعودي | AJ37: ذكر | AK37: 0 | AL37: 0 | AM37: 0 | AN37: 0 | AO37: 0 | AP37: 0 | AQ37: =SUM(AK37:AP37) -> 0 | AT37: غير سعودي | AU37: ذكر | AV37: 0 | AW37: 0 | AX37: 0 | AY37: 0 | AZ37: 0 | BA37: 0 | BB37: =SUM(AV37:BA37) -> 0 | BE37: غير سعودي | BF37: ذكر | BG37: 0 | BH37: 0 | BI37: 0 | BJ37: 0 | BK37: 0 | BL37: 0 | BM37: =SUM(BG37:BL37) -> 0 | BP37: غير سعودي | BQ37: ذكر | BR37: 0 | BS37: 0 | BT37: 0 | BU37: 0 | BV37: 0 | BW37: 0 | BX37: =SUM(BR37:BW37) -> 0 | CA37: غير سعودي | CB37: ذكر | CC37: 0 | CD37: 0 | CE37: 0 | CF37: 0 | CG37: 0 | CH37: 0 | CI37: =SUM(CC37:CH37) -> 0 | CL37: غير سعودي | CM37: ذكر | CN37: 0 | CO37: 0 | CP37: 0 | CQ37: 0 | CR37: 0 | CS37: 0 | CT37: =SUM(CN37:CS37) -> 0 | CW37: غير سعودي | CX37: ذكر | CY37: 0 | CZ37: 0 | DA37: 0 | DB37: 0 | DC37: 0 | DD37: 0 | DE37: =SUM(CY37:DD37) -> 0 | DH37: غير سعودي | DI37: ذكر | DJ37: 0 | DK37: 0 | DL37: 0 | DM37: 0 | DN37: 0 | DO37: 0 | DP37: =SUM(DJ37:DO37) -> 0 | DS37: غير سعودي | DT37: ذكر | DU37: 0 | DV37: 0 | DW37: 0 | DX37: 0 | DY37: 0 | DZ37: 0 | EA37: =SUM(DU37:DZ37) -> 0 | ED37: غير سعودي | EE37: ذكر | EF37: =SUM(D37+O37+Z37+AK37+AV37+BG37+BR37+CC37+CN37+CY37+DJ37+DU37) -> 0 | EG37: =SUM(E37+P37+AA37+AL37+AW37+BH37+BS37+CD37+CO37+CZ37+DK37+DV37) -> 0 | EH37: =SUM(F37+Q37+AB37+AM37+AX37+BI37+BT37+CE37+CP37+DA37+DL37+DW37) -> 0 | EI37: =SUM(G37+R37+AC37+AN37+AY37+BJ37+BU37+CF37+CQ37+DB37+DM37+DX37) -> 0 | EJ37: 0 | EK37: =SUM(I37+T37+AE37+AP37+BA37+BL37+BW37+CH37+CS37+DD37+DO37+DZ37) -> 0 | EL37: =SUM(EF37:EK37) -> 0
C38: أنثى | D38: 0 | E38: 0 | F38: 0 | G38: 0 | H38: 0 | I38: 0 | J38: =SUM(D38:I38) -> 0 | N38: أنثى | O38: 0 | P38: 0 | Q38: 0 | R38: 0 | S38: 0 | T38: 0 | U38: =SUM(O38:T38) -> 0 | Y38: أنثى | Z38: 0 | AA38: 0 | AB38: 0 | AC38: 0 | AD38: 0 | AE38: 0 | AF38: =SUM(Z38:AE38) -> 0 | AJ38: أنثى | AK38: 0 | AL38: 0 | AM38: 0 | AN38: 0 | AO38: 0 | AP38: 0 | AQ38: =SUM(AK38:AP38) -> 0 | AU38: أنثى | AV38: 0 | AW38: 0 | AX38: 0 | AY38: 0 | AZ38: 0 | BA38: 0 | BB38: =SUM(AV38:BA38) -> 0 | BF38: أنثى | BG38: 0 | BH38: 0 | BI38: 0 | BJ38: 0 | BK38: 0 | BL38: 0 | BM38: =SUM(BG38:BL38) -> 0 | BQ38: أنثى | BR38: 0 | BS38: 0 | BT38: 0 | BU38: 0 | BV38: 0 | BW38: 0 | BX38: =SUM(BR38:BW38) -> 0 | CB38: أنثى | CC38: 0 | CD38: 0 | CE38: 0 | CF38: 0 | CG38: 0 | CH38: 0 | CI38: =SUM(CC38:CH38) -> 0 | CM38: أنثى | CN38: 0 | CO38: 0 | CP38: 0 | CQ38: 0 | CR38: 0 | CS38: 0 | CT38: =SUM(CN38:CS38) -> 0 | CX38: أنثى | CY38: 0 | CZ38: 0 | DA38: 0 | DB38: 0 | DC38: 0 | DD38: 0 | DE38: =SUM(CY38:DD38) -> 0 | DI38: أنثى | DJ38: 0 | DK38: 0 | DL38: 0 | DM38: 0 | DN38: 0 | DO38: 0 | DP38: =SUM(DJ38:DO38) -> 0 | DT38: أنثى | DU38: 0 | DV38: 0 | DW38: 0 | DX38: 0 | DY38: 0 | DZ38: 0 | EA38: =SUM(DU38:DZ38) -> 0 | EE38: أنثى | EF38: =SUM(D38+O38+Z38+AK38+AV38+BG38+BR38+CC38+CN38+CY38+DJ38+DU38) -> 0 | EG38: =SUM(E38+P38+AA38+AL38+AW38+BH38+BS38+CD38+CO38+CZ38+DK38+DV38) -> 0 | EH38: =SUM(F38+Q38+AB38+AM38+AX38+BI38+BT38+CE38+CP38+DA38+DL38+DW38) -> 0 | EI38: =SUM(G38+R38+AC38+AN38+AY38+BJ38+BU38+CF38+CQ38+DB38+DM38+DX38) -> 0 | EJ38: =SUM(H38+S38+AD38+AO38+AZ38+BK38+BV38+CG38+CR38+DC38+DN38+DY38) -> 0 | EK38: =SUM(I38+T38+AE38+AP38+BA38+BL38+BW38+CH38+CS38+DD38+DO38+DZ38) -> 0 | EL38: =SUM(EF38:EK38) -> 0
B39: مجموع الغير سعوديين | D39: =SUM(D37:D38) -> 0 | E39: =SUM(E37:E38) -> 0 | F39: =SUM(F37:F38) -> 0 | G39: =SUM(G37:G38) -> 0 | H39: =SUM(H37:H38) -> 0 | I39: =SUM(I37:I38) -> 0 | J39: =SUM(J37:J38) -> 0 | M39: مجموع الغير سعوديين | O39: =SUM(O37:O38) -> 0 | P39: =SUM(P37:P38) -> 0 | Q39: =SUM(Q37:Q38) -> 0 | R39: =SUM(R37:R38) -> 0 | S39: =SUM(S37:S38) -> 0 | T39: =SUM(T37:T38) -> 0 | U39: =SUM(U37:U38) -> 0 | X39: مجموع الغير سعوديين | Z39: =SUM(Z37:Z38) -> 0 | AA39: =SUM(AA37:AA38) -> 0 | AB39: =SUM(AB37:AB38) -> 0 | AC39: =SUM(AC37:AC38) -> 0 | AD39: =SUM(AD37:AD38) -> 0 | AE39: =SUM(AE37:AE38) -> 0 | AF39: =SUM(AF37:AF38) -> 0 | AI39: مجموع الغير سعوديين | AK39: =SUM(AK37:AK38) -> 0 | AL39: =SUM(AL37:AL38) -> 0 | AM39: =SUM(AM37:AM38) -> 0 | AN39: =SUM(AN37:AN38) -> 0 | AO39: =SUM(AO37:AO38) -> 0 | AP39: =SUM(AP37:AP38) -> 0 | AQ39: =SUM(AQ37:AQ38) -> 0 | AT39: مجموع الغير سعوديين | AV39: =SUM(AV37:AV38) -> 0 | AW39: =SUM(AW37:AW38) -> 0 | AX39: =SUM(AX37:AX38) -> 0 | AY39: =SUM(AY37:AY38) -> 0 | AZ39: =SUM(AZ37:AZ38) -> 0 | BA39: =SUM(BA37:BA38) -> 0 | BB39: =SUM(BB37:BB38) -> 0 | BE39: مجموع الغير سعوديين | BG39: =SUM(BG37:BG38) -> 0 | BH39: =SUM(BH37:BH38) -> 0 | BI39: =SUM(BI37:BI38) -> 0 | BJ39: =SUM(BJ37:BJ38) -> 0 | BK39: =SUM(BK37:BK38) -> 0 | BL39: =SUM(BL37:BL38) -> 0 | BM39: =SUM(BM37:BM38) -> 0 | BP39: مجموع الغير سعوديين | BR39: =SUM(BR37:BR38) -> 0 | BS39: =SUM(BS37:BS38) -> 0 | BT39: =SUM(BT37:BT38) -> 0 | BU39: =SUM(BU37:BU38) -> 0 | BV39: =SUM(BV37:BV38) -> 0 | BW39: =SUM(BW37:BW38) -> 0 | BX39: =SUM(BX37:BX38) -> 0 | CA39: مجموع الغير سعوديين | CC39: =SUM(CC37:CC38) -> 0 | CD39: =SUM(CD37:CD38) -> 0 | CE39: =SUM(CE37:CE38) -> 0 | CF39: =SUM(CF37:CF38) -> 0 | CG39: =SUM(CG37:CG38) -> 0 | CH39: =SUM(CH37:CH38) -> 0 | CI39: =SUM(CI37:CI38) -> 0 | CL39: مجموع الغير سعوديين | CN39: =SUM(CN37:CN38) -> 0 | CO39: =SUM(CO37:CO38) -> 0 | CP39: =SUM(CP37:CP38) -> 0 | CQ39: =SUM(CQ37:CQ38) -> 0 | CR39: =SUM(CR37:CR38) -> 0 | CS39: =SUM(CS37:CS38) -> 0 | CT39: =SUM(CT37:CT38) -> 0 | CW39: مجموع الغير سعوديين | CY39: =SUM(CY37:CY38) -> 0 | CZ39: =SUM(CZ37:CZ38) -> 0 | DA39: =SUM(DA37:DA38) -> 0 | DB39: =SUM(DB37:DB38) -> 0 | DC39: =SUM(DC37:DC38) -> 0 | DD39: =SUM(DD37:DD38) -> 0 | DE39: =SUM(DE37:DE38) -> 0 | DH39: مجموع الغير سعوديين | DJ39: =SUM(DJ37:DJ38) -> 0 | DK39: =SUM(DK37:DK38) -> 0 | DL39: =SUM(DL37:DL38) -> 0 | DM39: =SUM(DM37:DM38) -> 0 | DN39: =SUM(DN37:DN38) -> 0 | DO39: =SUM(DO37:DO38) -> 0 | DP39: =SUM(DP37:DP38) -> 0 | DS39: مجموع الغير سعوديين | DU39: =SUM(DU37:DU38) -> 0 | DV39: =SUM(DV37:DV38) -> 0 | DW39: =SUM(DW37:DW38) -> 0 | DX39: =SUM(DX37:DX38) -> 0 | DY39: =SUM(DY37:DY38) -> 0 | DZ39: =SUM(DZ37:DZ38) -> 0 | EA39: =SUM(EA37:EA38) -> 0 | ED39: مجموع الغير سعوديين | EF39: =SUM(EF37:EF38) -> 0 | EG39: =SUM(EG37:EG38) -> 0 | EH39: =SUM(EH37:EH38) -> 0 | EI39: =SUM(EI37:EI38) -> 0 | EJ39: =SUM(EJ37:EJ38) -> 0 | EK39: =SUM(EK37:EK38) -> 0 | EL39: =SUM(EL37:EL38) -> 0
B40: المجموع الكلي | D40: =SUM(D36+D39) -> 0 | E40: =SUM(E36+E39) -> 0 | F40: =SUM(F36+F39) -> 0 | G40: =SUM(G36+G39) -> 0 | H40: =SUM(H36+H39) -> 0 | I40: =SUM(I36+I39) -> 0 | J40: =SUM(J36+J39) -> 0 | M40: المجموع الكلي | O40: =SUM(O36+O39) -> 0 | P40: =SUM(P36+P39) -> 0 | Q40: =SUM(Q36+Q39) -> 0 | R40: =SUM(R36+R39) -> 0 | S40: =SUM(S36+S39) -> 0 | T40: =SUM(T36+T39) -> 0 | U40: =SUM(U36+U39) -> 0 | X40: المجموع الكلي | Z40: =SUM(Z36+Z39) -> 0 | AA40: =SUM(AA36+AA39) -> 0 | AB40: =SUM(AB36+AB39) -> 0 | AC40: =SUM(AC36+AC39) -> 0 | AD40: =SUM(AD36+AD39) -> 0 | AE40: =SUM(AE36+AE39) -> 0 | AF40: =SUM(AF36+AF39) -> 0 | AI40: المجموع الكلي | AK40: =SUM(AK36+AK39) -> 0 | AL40: =SUM(AL36+AL39) -> 0 | AM40: =SUM(AM36+AM39) -> 0 | AN40: =SUM(AN36+AN39) -> 0 | AO40: =SUM(AO36+AO39) -> 0 | AP40: =SUM(AP36+AP39) -> 0 | AQ40: =SUM(AQ36+AQ39) -> 0 | AT40: المجموع الكلي | AV40: =SUM(AV36+AV39) -> 0 | AW40: =SUM(AW36+AW39) -> 0 | AX40: =SUM(AX36+AX39) -> 0 | AY40: =SUM(AY36+AY39) -> 0 | AZ40: =SUM(AZ36+AZ39) -> 0 | BA40: =SUM(BA36+BA39) -> 0 | BB40: =SUM(BB36+BB39) -> 0 | BE40: المجموع الكلي | BG40: =SUM(BG36+BG39) -> 0 | BH40: =SUM(BH36+BH39) -> 0 | BI40: =SUM(BI36+BI39) -> 0 | BJ40: =SUM(BJ36+BJ39) -> 0 | BK40: =SUM(BK36+BK39) -> 0 | BL40: =SUM(BL36+BL39) -> 0 | BM40: =SUM(BM36+BM39) -> 0 | BP40: المجموع الكلي | BR40: =SUM(BR36+BR39) -> 0 | BS40: =SUM(BS36+BS39) -> 0 | BT40: =SUM(BT36+BT39) -> 0 | BU40: =SUM(BU36+BU39) -> 0 | BV40: =SUM(BV36+BV39) -> 0 | BW40: =SUM(BW36+BW39) -> 0 | BX40: =SUM(BX36+BX39) -> 0 | CA40: المجموع الكلي | CC40: =SUM(CC36+CC39) -> 0 | CD40: =SUM(CD36+CD39) -> 0 | CE40: =SUM(CE36+CE39) -> 0 | CF40: =SUM(CF36+CF39) -> 0 | CG40: =SUM(CG36+CG39) -> 0 | CH40: =SUM(CH36+CH39) -> 0 | CI40: =SUM(CI36+CI39) -> 0 | CL40: المجموع الكلي | CN40: =SUM(CN36+CN39) -> 0 | CO40: =SUM(CO36+CO39) -> 0 | CP40: =SUM(CP36+CP39) -> 0 | CQ40: =SUM(CQ36+CQ39) -> 0 | CR40: =SUM(CR36+CR39) -> 0 | CS40: =SUM(CS36+CS39) -> 0 | CT40: =SUM(CT36+CT39) -> 0 | CW40: المجموع الكلي | CY40: =SUM(CY36+CY39) -> 0 | CZ40: =SUM(CZ36+CZ39) -> 0 | DA40: =SUM(DA36+DA39) -> 0 | DB40: =SUM(DB36+DB39) -> 0 | DC40: =SUM(DC36+DC39) -> 0 | DD40: =SUM(DD36+DD39) -> 0 | DE40: =SUM(DE36+DE39) -> 0 | DH40: المجموع الكلي | DJ40: =SUM(DJ36+DJ39) -> 0 | DK40: =SUM(DK36+DK39) -> 0 | DL40: =SUM(DL36+DL39) -> 0 | DM40: =SUM(DM36+DM39) -> 0 | DN40: =SUM(DN36+DN39) -> 0 | DO40: =SUM(DO36+DO39) -> 0 | DP40: =SUM(DP36+DP39) -> 0 | DS40: المجموع الكلي | DU40: =SUM(DU36+DU39) -> 0 | DV40: =SUM(DV36+DV39) -> 0 | DW40: =SUM(DW36+DW39) -> 0 | DX40: =SUM(DX36+DX39) -> 0 | DY40: =SUM(DY36+DY39) -> 0 | DZ40: =SUM(DZ36+DZ39) -> 0 | EA40: =SUM(EA36+EA39) -> 0 | ED40: المجموع الكلي | EF40: =SUM(EF36+EF39) -> 0 | EG40: =SUM(EG36+EG39) -> 0 | EH40: =SUM(EH36+EH39) -> 0 | EI40: =SUM(EI36+EI39) -> 0 | EJ40: =SUM(EJ36+EJ39) -> 0 | EK40: =SUM(EK36+EK39) -> 0 | EL40: =SUM(EL36+EL39) -> 0
A41: قويزة | B41: سعودي | C41: ذكر | D41: 0 | E41: 0 | F41: 0 | G41: 0 | H41: 0 | I41: 0 | J41: =SUM(D41:I41) -> 0 | L41: قويزة | M41: سعودي | N41: ذكر | O41: 0 | P41: 0 | Q41: 0 | R41: 0 | S41: 0 | T41: 0 | U41: =SUM(O41:T41) -> 0 | W41: قويزة | X41: سعودي | Y41: ذكر | Z41: 0 | AA41: 0 | AB41: 0 | AC41: 0 | AD41: 0 | AE41: 0 | AF41: =SUM(Z41:AE41) -> 0 | AH41: قويزة | AI41: سعودي | AJ41: ذكر | AK41: 0 | AL41: 0 | AM41: 0 | AN41: 0 | AO41: 0 | AP41: 0 | AQ41: =SUM(AK41:AP41) -> 0 | AS41: قويزة | AT41: سعودي | AU41: ذكر | AV41: 0 | AW41: 0 | AX41: 0 | AY41: 0 | AZ41: 0 | BA41: 0 | BB41: =SUM(AV41:BA41) -> 0 | BD41: قويزة | BE41: سعودي | BF41: ذكر | BG41: 0 | BH41: 0 | BI41: 0 | BJ41: 0 | BK41: 0 | BL41: 0 | BM41: =SUM(BG41:BL41) -> 0 | BO41: قويزة | BP41: سعودي | BQ41: ذكر | BR41: 0 | BS41: 0 | BT41: 0 | BU41: 0 | BV41: 0 | BW41: 0 | BX41: =SUM(BR41:BW41) -> 0 | BZ41: قويزة | CA41: سعودي | CB41: ذكر | CC41: 0 | CD41: 0 | CE41: 0 | CF41: 0 | CG41: 0 | CH41: 0 | CI41: =SUM(CC41:CH41) -> 0 | CK41: قويزة | CL41: سعودي | CM41: ذكر | CN41: 0 | CO41: 0 | CP41: 0 | CQ41: 0 | CR41: 0 | CS41: 0 | CT41: =SUM(CN41:CS41) -> 0 | CV41: قويزة | CW41: سعودي | CX41: ذكر | CY41: 0 | CZ41: 0 | DA41: 0 | DB41: 0 | DC41: 0 | DD41: 0 | DE41: =SUM(CY41:DD41) -> 0 | DG41: قويزة | DH41: سعودي | DI41: ذكر | DJ41: 0 | DK41: 0 | DL41: 0 | DM41: 0 | DN41: 0 | DO41: 0 | DP41: =SUM(DJ41:DO41) -> 0 | DR41: قويزة | DS41: سعودي | DT41: ذكر | DU41: 0 | DV41: 0 | DW41: 0 | DX41: 0 | DY41: 0 | DZ41: 0 | EA41: =SUM(DU41:DZ41) -> 0 | EC41: =DR41 -> قويزة | ED41: سعودي | EE41: ذكر | EF41: =SUM(D41+O41+Z41+AK41+AV41+BG41+BR41+CC41+CN41+CY41+DJ41+DU41) -> 0 | EG41: =SUM(E41+P41+AA41+AL41+AW41+BH41+BS41+CD41+CO41+CZ41+DK41+DV41) -> 0 | EH41: =SUM(F41+Q41+AB41+AM41+AX41+BI41+BT41+CE41+CP41+DA41+DL41+DW41) -> 0 | EI41: =SUM(G41+R41+AC41+AN41+AY41+BJ41+BU41+CF41+CQ41+DB41+DM41+DX41) -> 0 | EJ41: 0 | EK41: =SUM(I41+T41+AE41+AP41+BA41+BL41+BW41+CH41+CS41+DD41+DO41+DZ41) -> 0 | EL41: =SUM(EF41:EK41) -> 0
C42: أنثى | D42: 0 | E42: 0 | F42: 0 | G42: 0 | H42: 0 | I42: 0 | J42: =SUM(D42:I42) -> 0 | N42: أنثى | O42: 0 | P42: 0 | Q42: 0 | R42: 0 | S42: 0 | T42: 0 | U42: =SUM(O42:T42) -> 0 | Y42: أنثى | Z42: 0 | AA42: 0 | AB42: 0 | AC42: 0 | AD42: 0 | AE42: 0 | AF42: =SUM(Z42:AE42) -> 0 | AJ42: أنثى | AK42: 0 | AL42: 0 | AM42: 0 | AN42: 0 | AO42: 2 | AP42: 0 | AQ42: =SUM(AK42:AP42) -> 2 | AU42: أنثى | AV42: 0 | AW42: 0 | AX42: 0 | AY42: 0 | AZ42: 0 | BA42: 0 | BB42: =SUM(AV42:BA42) -> 0 | BF42: أنثى | BG42: 0 | BH42: 0 | BI42: 0 | BJ42: 0 | BK42: 0 | BL42: 0 | BM42: =SUM(BG42:BL42) -> 0 | BQ42: أنثى | BR42: 0 | BS42: 0 | BT42: 0 | BU42: 0 | BV42: 0 | BW42: 0 | BX42: =SUM(BR42:BW42) -> 0 | CB42: أنثى | CC42: 0 | CD42: 0 | CE42: 0 | CF42: 0 | CG42: 0 | CH42: 0 | CI42: =SUM(CC42:CH42) -> 0 | CM42: أنثى | CN42: 0 | CO42: 0 | CP42: 0 | CQ42: 0 | CR42: 0 | CS42: 0 | CT42: =SUM(CN42:CS42) -> 0 | CX42: أنثى | CY42: 0 | CZ42: 0 | DA42: 0 | DB42: 0 | DC42: 0 | DD42: 0 | DE42: =SUM(CY42:DD42) -> 0 | DI42: أنثى | DJ42: 0 | DK42: 0 | DL42: 0 | DM42: 0 | DN42: 0 | DO42: 0 | DP42: =SUM(DJ42:DO42) -> 0 | DT42: أنثى | DU42: 0 | DV42: 0 | DW42: 0 | DX42: 0 | DY42: 0 | DZ42: 0 | EA42: =SUM(DU42:DZ42) -> 0 | EE42: أنثى | EF42: =SUM(D42+O42+Z42+AK42+AV42+BG42+BR42+CC42+CN42+CY42+DJ42+DU42) -> 0 | EG42: =SUM(E42+P42+AA42+AL42+AW42+BH42+BS42+CD42+CO42+CZ42+DK42+DV42) -> 0 | EH42: =SUM(F42+Q42+AB42+AM42+AX42+BI42+BT42+CE42+CP42+DA42+DL42+DW42) -> 0 | EI42: =SUM(G42+R42+AC42+AN42+AY42+BJ42+BU42+CF42+CQ42+DB42+DM42+DX42) -> 0 | EJ42: =SUM(H42+S42+AD42+AO42+AZ42+BK42+BV42+CG42+CR42+DC42+DN42+DY42) -> 2 | EK42: =SUM(I42+T42+AE42+AP42+BA42+BL42+BW42+CH42+CS42+DD42+DO42+DZ42) -> 0 | EL42: =SUM(EF42:EK42) -> 2
B43: مجموع السعوديين | D43: =SUM(D41:D42) -> 0 | E43: =SUM(E41:E42) -> 0 | F43: =SUM(F41:F42) -> 0 | G43: =SUM(G41:G42) -> 0 | H43: =SUM(H41:H42) -> 0 | I43: =SUM(I41:I42) -> 0 | J43: =SUM(J41:J42) -> 0 | M43: مجموع السعوديين | O43: =SUM(O41:O42) -> 0 | P43: =SUM(P41:P42) -> 0 | Q43: =SUM(Q41:Q42) -> 0 | R43: =SUM(R41:R42) -> 0 | S43: =SUM(S41:S42) -> 0 | T43: =SUM(T41:T42) -> 0 | U43: =SUM(U41:U42) -> 0 | X43: مجموع السعوديين | Z43: =SUM(Z41:Z42) -> 0 | AA43: =SUM(AA41:AA42) -> 0 | AB43: =SUM(AB41:AB42) -> 0 | AC43: =SUM(AC41:AC42) -> 0 | AD43: =SUM(AD41:AD42) -> 0 | AE43: =SUM(AE41:AE42) -> 0 | AF43: =SUM(AF41:AF42) -> 0 | AI43: مجموع السعوديين | AK43: =SUM(AK41:AK42) -> 0 | AL43: =SUM(AL41:AL42) -> 0 | AM43: =SUM(AM41:AM42) -> 0 | AN43: =SUM(AN41:AN42) -> 0 | AO43: =SUM(AO41:AO42) -> 2 | AP43: =SUM(AP41:AP42) -> 0 | AQ43: =SUM(AQ41:AQ42) -> 2 | AT43: مجموع السعوديين | AV43: =SUM(AV41:AV42) -> 0 | AW43: =SUM(AW41:AW42) -> 0 | AX43: =SUM(AX41:AX42) -> 0 | AY43: =SUM(AY41:AY42) -> 0 | AZ43: =SUM(AZ41:AZ42) -> 0 | BA43: =SUM(BA41:BA42) -> 0 | BB43: =SUM(BB41:BB42) -> 0 | BE43: مجموع السعوديين | BG43: =SUM(BG41:BG42) -> 0 | BH43: =SUM(BH41:BH42) -> 0 | BI43: =SUM(BI41:BI42) -> 0 | BJ43: =SUM(BJ41:BJ42) -> 0 | BK43: =SUM(BK41:BK42) -> 0 | BL43: =SUM(BL41:BL42) -> 0 | BM43: =SUM(BM41:BM42) -> 0 | BP43: مجموع السعوديين | BR43: =SUM(BR41:BR42) -> 0 | BS43: =SUM(BS41:BS42) -> 0 | BT43: =SUM(BT41:BT42) -> 0 | BU43: =SUM(BU41:BU42) -> 0 | BV43: =SUM(BV41:BV42) -> 0 | BW43: =SUM(BW41:BW42) -> 0 | BX43: =SUM(BX41:BX42) -> 0 | CA43: مجموع السعوديين | CC43: =SUM(CC41:CC42) -> 0 | CD43: =SUM(CD41:CD42) -> 0 | CE43: =SUM(CE41:CE42) -> 0 | CF43: =SUM(CF41:CF42) -> 0 | CG43: =SUM(CG41:CG42) -> 0 | CH43: =SUM(CH41:CH42) -> 0 | CI43: =SUM(CI41:CI42) -> 0 | CL43: مجموع السعوديين | CN43: =SUM(CN41:CN42) -> 0 | CO43: =SUM(CO41:CO42) -> 0 | CP43: =SUM(CP41:CP42) -> 0 | CQ43: =SUM(CQ41:CQ42) -> 0 | CR43: =SUM(CR41:CR42) -> 0 | CS43: =SUM(CS41:CS42) -> 0 | CT43: =SUM(CT41:CT42) -> 0 | CW43: مجموع السعوديين | CY43: =SUM(CY41:CY42) -> 0 | CZ43: =SUM(CZ41:CZ42) -> 0 | DA43: =SUM(DA41:DA42) -> 0 | DB43: =SUM(DB41:DB42) -> 0 | DC43: =SUM(DC41:DC42) -> 0 | DD43: =SUM(DD41:DD42) -> 0 | DE43: =SUM(DE41:DE42) -> 0 | DH43: مجموع السعوديين | DJ43: =SUM(DJ41:DJ42) -> 0 | DK43: =SUM(DK41:DK42) -> 0 | DL43: =SUM(DL41:DL42) -> 0 | DM43: =SUM(DM41:DM42) -> 0 | DN43: =SUM(DN41:DN42) -> 0 | DO43: =SUM(DO41:DO42) -> 0 | DP43: =SUM(DP41:DP42) -> 0 | DS43: مجموع السعوديين | DU43: =SUM(DU41:DU42) -> 0 | DV43: =SUM(DV41:DV42) -> 0 | DW43: =SUM(DW41:DW42) -> 0 | DX43: =SUM(DX41:DX42) -> 0 | DY43: =SUM(DY41:DY42) -> 0 | DZ43: =SUM(DZ41:DZ42) -> 0 | EA43: =SUM(EA41:EA42) -> 0 | ED43: مجموع السعوديين | EF43: =SUM(EF41:EF42) -> 0 | EG43: =SUM(EG41:EG42) -> 0 | EH43: =SUM(EH41:EH42) -> 0 | EI43: =SUM(EI41:EI42) -> 0 | EJ43: =SUM(EJ41:EJ42) -> 2 | EK43: =SUM(EK41:EK42) -> 0 | EL43: =SUM(EL41:EL42) -> 2
B44: غير سعودي | C44: ذكر | D44: 0 | E44: 0 | F44: 0 | G44: 0 | H44: 0 | I44: 0 | J44: =SUM(D44:I44) -> 0 | M44: غير سعودي | N44: ذكر | O44: 0 | P44: 0 | Q44: 0 | R44: 0 | S44: 0 | T44: 0 | U44: =SUM(O44:T44) -> 0 | X44: غير سعودي | Y44: ذكر | Z44: 0 | AA44: 0 | AB44: 0 | AC44: 0 | AD44: 0 | AE44: 0 | AF44: =SUM(Z44:AE44) -> 0 | AI44: غير سعودي | AJ44: ذكر | AK44: 0 | AL44: 0 | AM44: 0 | AN44: 0 | AO44: 0 | AP44: 0 | AQ44: =SUM(AK44:AP44) -> 0 | AT44: غير سعودي | AU44: ذكر | AV44: 0 | AW44: 0 | AX44: 0 | AY44: 0 | AZ44: 0 | BA44: 0 | BB44: =SUM(AV44:BA44) -> 0 | BE44: غير سعودي | BF44: ذكر | BG44: 0 | BH44: 0 | BI44: 0 | BJ44: 0 | BK44: 0 | BL44: 0 | BM44: =SUM(BG44:BL44) -> 0 | BP44: غير سعودي | BQ44: ذكر | BR44: 0 | BS44: 0 | BT44: 0 | BU44: 0 | BV44: 0 | BW44: 0 | BX44: =SUM(BR44:BW44) -> 0 | CA44: غير سعودي | CB44: ذكر | CC44: 0 | CD44: 0 | CE44: 0 | CF44: 0 | CG44: 0 | CH44: 0 | CI44: =SUM(CC44:CH44) -> 0 | CL44: غير سعودي | CM44: ذكر | CN44: 0 | CO44: 0 | CP44: 0 | CQ44: 0 | CR44: 0 | CS44: 0 | CT44: =SUM(CN44:CS44) -> 0 | CW44: غير سعودي | CX44: ذكر | CY44: 0 | CZ44: 0 | DA44: 0 | DB44: 0 | DC44: 0 | DD44: 0 | DE44: =SUM(CY44:DD44) -> 0 | DH44: غير سعودي | DI44: ذكر | DJ44: 0 | DK44: 0 | DL44: 0 | DM44: 0 | DN44: 0 | DO44: 0 | DP44: =SUM(DJ44:DO44) -> 0 | DS44: غير سعودي | DT44: ذكر | DU44: 0 | DV44: 0 | DW44: 0 | DX44: 0 | DY44: 0 | DZ44: 0 | EA44: =SUM(DU44:DZ44) -> 0 | ED44: غير سعودي | EE44: ذكر | EF44: =SUM(D44+O44+Z44+AK44+AV44+BG44+BR44+CC44+CN44+CY44+DJ44+DU44) -> 0 | EG44: =SUM(E44+P44+AA44+AL44+AW44+BH44+BS44+CD44+CO44+CZ44+DK44+DV44) -> 0 | EH44: =SUM(F44+Q44+AB44+AM44+AX44+BI44+BT44+CE44+CP44+DA44+DL44+DW44) -> 0 | EI44: =SUM(G44+R44+AC44+AN44+AY44+BJ44+BU44+CF44+CQ44+DB44+DM44+DX44) -> 0 | EJ44: 0 | EK44: =SUM(I44+T44+AE44+AP44+BA44+BL44+BW44+CH44+CS44+DD44+DO44+DZ44) -> 0 | EL44: =SUM(EF44:EK44) -> 0
C45: أنثى | D45: 0 | E45: 0 | F45: 0 | G45: 0 | H45: 0 | I45: 0 | J45: =SUM(D45:I45) -> 0 | N45: أنثى | O45: 0 | P45: 0 | Q45: 0 | R45: 0 | S45: 0 | T45: 0 | U45: =SUM(O45:T45) -> 0 | Y45: أنثى | Z45: 0 | AA45: 0 | AB45: 0 | AC45: 0 | AD45: 0 | AE45: 0 | AF45: =SUM(Z45:AE45) -> 0 | AJ45: أنثى | AK45: 0 | AL45: 0 | AM45: 0 | AN45: 0 | AO45: 0 | AP45: 0 | AQ45: =SUM(AK45:AP45) -> 0 | AU45: أنثى | AV45: 0 | AW45: 0 | AX45: 0 | AY45: 0 | AZ45: 0 | BA45: 0 | BB45: =SUM(AV45:BA45) -> 0 | BF45: أنثى | BG45: 0 | BH45: 0 | BI45: 0 | BJ45: 0 | BK45: 0 | BL45: 0 | BM45: =SUM(BG45:BL45) -> 0 | BQ45: أنثى | BR45: 0 | BS45: 0 | BT45: 0 | BU45: 0 | BV45: 0 | BW45: 0 | BX45: =SUM(BR45:BW45) -> 0 | CB45: أنثى | CC45: 0 | CD45: 0 | CE45: 0 | CF45: 0 | CG45: 0 | CH45: 0 | CI45: =SUM(CC45:CH45) -> 0 | CM45: أنثى | CN45: 0 | CO45: 0 | CP45: 0 | CQ45: 0 | CR45: 0 | CS45: 0 | CT45: =SUM(CN45:CS45) -> 0 | CX45: أنثى | CY45: 0 | CZ45: 0 | DA45: 0 | DB45: 0 | DC45: 0 | DD45: 0 | DE45: =SUM(CY45:DD45) -> 0 | DI45: أنثى | DJ45: 0 | DK45: 0 | DL45: 0 | DM45: 0 | DN45: 0 | DO45: 0 | DP45: =SUM(DJ45:DO45) -> 0 | DT45: أنثى | DU45: 0 | DV45: 0 | DW45: 0 | DX45: 0 | DY45: 0 | DZ45: 0 | EA45: =SUM(DU45:DZ45) -> 0 | EE45: أنثى | EF45: =SUM(D45+O45+Z45+AK45+AV45+BG45+BR45+CC45+CN45+CY45+DJ45+DU45) -> 0 | EG45: =SUM(E45+P45+AA45+AL45+AW45+BH45+BS45+CD45+CO45+CZ45+DK45+DV45) -> 0 | EH45: =SUM(F45+Q45+AB45+AM45+AX45+BI45+BT45+CE45+CP45+DA45+DL45+DW45) -> 0 | EI45: =SUM(G45+R45+AC45+AN45+AY45+BJ45+BU45+CF45+CQ45+DB45+DM45+DX45) -> 0 | EJ45: =SUM(H45+S45+AD45+AO45+AZ45+BK45+BV45+CG45+CR45+DC45+DN45+DY45) -> 0 | EK45: =SUM(I45+T45+AE45+AP45+BA45+BL45+BW45+CH45+CS45+DD45+DO45+DZ45) -> 0 | EL45: =SUM(EF45:EK45) -> 0
B46: مجموع الغير سعوديين | D46: =SUM(D44:D45) -> 0 | E46: =SUM(E44:E45) -> 0 | F46: =SUM(F44:F45) -> 0 | G46: =SUM(G44:G45) -> 0 | H46: =SUM(H44:H45) -> 0 | I46: =SUM(I44:I45) -> 0 | J46: =SUM(J44:J45) -> 0 | M46: مجموع الغير سعوديين | O46: =SUM(O44:O45) -> 0 | P46: =SUM(P44:P45) -> 0 | Q46: =SUM(Q44:Q45) -> 0 | R46: =SUM(R44:R45) -> 0 | S46: =SUM(S44:S45) -> 0 | T46: =SUM(T44:T45) -> 0 | U46: =SUM(U44:U45) -> 0 | X46: مجموع الغير سعوديين | Z46: =SUM(Z44:Z45) -> 0 | AA46: =SUM(AA44:AA45) -> 0 | AB46: =SUM(AB44:AB45) -> 0 | AC46: =SUM(AC44:AC45) -> 0 | AD46: =SUM(AD44:AD45) -> 0 | AE46: =SUM(AE44:AE45) -> 0 | AF46: =SUM(AF44:AF45) -> 0 | AI46: مجموع الغير سعوديين | AK46: =SUM(AK44:AK45) -> 0 | AL46: =SUM(AL44:AL45) -> 0 | AM46: =SUM(AM44:AM45) -> 0 | AN46: =SUM(AN44:AN45) -> 0 | AO46: =SUM(AO44:AO45) -> 0 | AP46: =SUM(AP44:AP45) -> 0 | AQ46: =SUM(AQ44:AQ45) -> 0 | AT46: مجموع الغير سعوديين | AV46: =SUM(AV44:AV45) -> 0 | AW46: =SUM(AW44:AW45) -> 0 | AX46: =SUM(AX44:AX45) -> 0 | AY46: =SUM(AY44:AY45) -> 0 | AZ46: =SUM(AZ44:AZ45) -> 0 | BA46: =SUM(BA44:BA45) -> 0 | BB46: =SUM(BB44:BB45) -> 0 | BE46: مجموع الغير سعوديين | BG46: =SUM(BG44:BG45) -> 0 | BH46: =SUM(BH44:BH45) -> 0 | BI46: =SUM(BI44:BI45) -> 0 | BJ46: =SUM(BJ44:BJ45) -> 0 | BK46: =SUM(BK44:BK45) -> 0 | BL46: =SUM(BL44:BL45) -> 0 | BM46: =SUM(BM44:BM45) -> 0 | BP46: مجموع الغير سعوديين | BR46: =SUM(BR44:BR45) -> 0 | BS46: =SUM(BS44:BS45) -> 0 | BT46: =SUM(BT44:BT45) -> 0 | BU46: =SUM(BU44:BU45) -> 0 | BV46: =SUM(BV44:BV45) -> 0 | BW46: =SUM(BW44:BW45) -> 0 | BX46: =SUM(BX44:BX45) -> 0 | CA46: مجموع الغير سعوديين | CC46: =SUM(CC44:CC45) -> 0 | CD46: =SUM(CD44:CD45) -> 0 | CE46: =SUM(CE44:CE45) -> 0 | CF46: =SUM(CF44:CF45) -> 0 | CG46: =SUM(CG44:CG45) -> 0 | CH46: =SUM(CH44:CH45) -> 0 | CI46: =SUM(CI44:CI45) -> 0 | CL46: مجموع الغير سعوديين | CN46: =SUM(CN44:CN45) -> 0 | CO46: =SUM(CO44:CO45) -> 0 | CP46: =SUM(CP44:CP45) -> 0 | CQ46: =SUM(CQ44:CQ45) -> 0 | CR46: =SUM(CR44:CR45) -> 0 | CS46: =SUM(CS44:CS45) -> 0 | CT46: =SUM(CT44:CT45) -> 0 | CW46: مجموع الغير سعوديين | CY46: =SUM(CY44:CY45) -> 0 | CZ46: =SUM(CZ44:CZ45) -> 0 | DA46: =SUM(DA44:DA45) -> 0 | DB46: =SUM(DB44:DB45) -> 0 | DC46: =SUM(DC44:DC45) -> 0 | DD46: =SUM(DD44:DD45) -> 0 | DE46: =SUM(DE44:DE45) -> 0 | DH46: مجموع الغير سعوديين | DJ46: =SUM(DJ44:DJ45) -> 0 | DK46: =SUM(DK44:DK45) -> 0 | DL46: =SUM(DL44:DL45) -> 0 | DM46: =SUM(DM44:DM45) -> 0 | DN46: =SUM(DN44:DN45) -> 0 | DO46: =SUM(DO44:DO45) -> 0 | DP46: =SUM(DP44:DP45) -> 0 | DS46: مجموع الغير سعوديين | DU46: =SUM(DU44:DU45) -> 0 | DV46: =SUM(DV44:DV45) -> 0 | DW46: =SUM(DW44:DW45) -> 0 | DX46: =SUM(DX44:DX45) -> 0 | DY46: =SUM(DY44:DY45) -> 0 | DZ46: =SUM(DZ44:DZ45) -> 0 | EA46: =SUM(EA44:EA45) -> 0 | ED46: مجموع الغير سعوديين | EF46: =SUM(EF44:EF45) -> 0 | EG46: =SUM(EG44:EG45) -> 0 | EH46: =SUM(EH44:EH45) -> 0 | EI46: =SUM(EI44:EI45) -> 0 | EJ46: =SUM(EJ44:EJ45) -> 0 | EK46: =SUM(EK44:EK45) -> 0 | EL46: =SUM(EL44:EL45) -> 0
B47: المجموع الكلي | D47: =SUM(D43+D46) -> 0 | E47: =SUM(E43+E46) -> 0 | F47: =SUM(F43+F46) -> 0 | G47: =SUM(G43+G46) -> 0 | H47: =SUM(H43+H46) -> 0 | I47: =SUM(I43+I46) -> 0 | J47: =SUM(J43+J46) -> 0 | M47: المجموع الكلي | O47: =SUM(O43+O46) -> 0 | P47: =SUM(P43+P46) -> 0 | Q47: =SUM(Q43+Q46) -> 0 | R47: =SUM(R43+R46) -> 0 | S47: =SUM(S43+S46) -> 0 | T47: =SUM(T43+T46) -> 0 | U47: =SUM(U43+U46) -> 0 | X47: المجموع الكلي | Z47: =SUM(Z43+Z46) -> 0 | AA47: =SUM(AA43+AA46) -> 0 | AB47: =SUM(AB43+AB46) -> 0 | AC47: =SUM(AC43+AC46) -> 0 | AD47: =SUM(AD43+AD46) -> 0 | AE47: =SUM(AE43+AE46) -> 0 | AF47: =SUM(AF43+AF46) -> 0 | AI47: المجموع الكلي | AK47: =SUM(AK43+AK46) -> 0 | AL47: =SUM(AL43+AL46) -> 0 | AM47: =SUM(AM43+AM46) -> 0 | AN47: =SUM(AN43+AN46) -> 0 | AO47: =SUM(AO43+AO46) -> 2 | AP47: =SUM(AP43+AP46) -> 0 | AQ47: =SUM(AQ43+AQ46) -> 2 | AT47: المجموع الكلي | AV47: =SUM(AV43+AV46) -> 0 | AW47: =SUM(AW43+AW46) -> 0 | AX47: =SUM(AX43+AX46) -> 0 | AY47: =SUM(AY43+AY46) -> 0 | AZ47: =SUM(AZ43+AZ46) -> 0 | BA47: =SUM(BA43+BA46) -> 0 | BB47: =SUM(BB43+BB46) -> 0 | BE47: المجموع الكلي | BG47: =SUM(BG43+BG46) -> 0 | BH47: =SUM(BH43+BH46) -> 0 | BI47: =SUM(BI43+BI46) -> 0 | BJ47: =SUM(BJ43+BJ46) -> 0 | BK47: =SUM(BK43+BK46) -> 0 | BL47: =SUM(BL43+BL46) -> 0 | BM47: =SUM(BM43+BM46) -> 0 | BP47: المجموع الكلي | BR47: =SUM(BR43+BR46) -> 0 | BS47: =SUM(BS43+BS46) -> 0 | BT47: =SUM(BT43+BT46) -> 0 | BU47: =SUM(BU43+BU46) -> 0 | BV47: =SUM(BV43+BV46) -> 0 | BW47: =SUM(BW43+BW46) -> 0 | BX47: =SUM(BX43+BX46) -> 0 | CA47: المجموع الكلي | CC47: =SUM(CC43+CC46) -> 0 | CD47: =SUM(CD43+CD46) -> 0 | CE47: =SUM(CE43+CE46) -> 0 | CF47: =SUM(CF43+CF46) -> 0 | CG47: =SUM(CG43+CG46) -> 0 | CH47: =SUM(CH43+CH46) -> 0 | CI47: =SUM(CI43+CI46) -> 0 | CL47: المجموع الكلي | CN47: =SUM(CN43+CN46) -> 0 | CO47: =SUM(CO43+CO46) -> 0 | CP47: =SUM(CP43+CP46) -> 0 | CQ47: =SUM(CQ43+CQ46) -> 0 | CR47: =SUM(CR43+CR46) -> 0 | CS47: =SUM(CS43+CS46) -> 0 | CT47: =SUM(CT43+CT46) -> 0 | CW47: المجموع الكلي | CY47: =SUM(CY43+CY46) -> 0 | CZ47: =SUM(CZ43+CZ46) -> 0 | DA47: =SUM(DA43+DA46) -> 0 | DB47: =SUM(DB43+DB46) -> 0 | DC47: =SUM(DC43+DC46) -> 0 | DD47: =SUM(DD43+DD46) -> 0 | DE47: =SUM(DE43+DE46) -> 0 | DH47: المجموع الكلي | DJ47: =SUM(DJ43+DJ46) -> 0 | DK47: =SUM(DK43+DK46) -> 0 | DL47: =SUM(DL43+DL46) -> 0 | DM47: =SUM(DM43+DM46) -> 0 | DN47: =SUM(DN43+DN46) -> 0 | DO47: =SUM(DO43+DO46) -> 0 | DP47: =SUM(DP43+DP46) -> 0 | DS47: المجموع الكلي | DU47: =SUM(DU43+DU46) -> 0 | DV47: =SUM(DV43+DV46) -> 0 | DW47: =SUM(DW43+DW46) -> 0 | DX47: =SUM(DX43+DX46) -> 0 | DY47: =SUM(DY43+DY46) -> 0 | DZ47: =SUM(DZ43+DZ46) -> 0 | EA47: =SUM(EA43+EA46) -> 0 | ED47: المجموع الكلي | EF47: =SUM(EF43+EF46) -> 0 | EG47: =SUM(EG43+EG46) -> 0 | EH47: =SUM(EH43+EH46) -> 0 | EI47: =SUM(EI43+EI46) -> 0 | EJ47: =SUM(EJ43+EJ46) -> 2 | EK47: =SUM(EK43+EK46) -> 0 | EL47: =SUM(EL43+EL46) -> 2
A48: الرغامة | B48: سعودي | C48: ذكر | D48: 0 | E48: 0 | F48: 0 | G48: 0 | H48: 0 | I48: 0 | J48: =SUM(D48:I48) -> 0 | L48: الرغامة | M48: سعودي | N48: ذكر | O48: 0 | P48: 0 | Q48: 0 | R48: 0 | S48: 0 | T48: 0 | U48: =SUM(O48:T48) -> 0 | W48: الرغامة | X48: سعودي | Y48: ذكر | Z48: 0 | AA48: 0 | AB48: 0 | AC48: 0 | AD48: 0 | AE48: 0 | AF48: =SUM(Z48:AE48) -> 0 | AH48: الرغامة | AI48: سعودي | AJ48: ذكر | AK48: 0 | AL48: 0 | AM48: 0 | AN48: 0 | AO48: 0 | AP48: 0 | AQ48: =SUM(AK48:AP48) -> 0 | AS48: الرغامة | AT48: سعودي | AU48: ذكر | AV48: 0 | AW48: 0 | AX48: 0 | AY48: 0 | AZ48: 0 | BA48: 0 | BB48: =SUM(AV48:BA48) -> 0 | BD48: الرغامة | BE48: سعودي | BF48: ذكر | BG48: 0 | BH48: 0 | BI48: 0 | BJ48: 0 | BK48: 0 | BL48: 0 | BM48: =SUM(BG48:BL48) -> 0 | BO48: الرغامة | BP48: سعودي | BQ48: ذكر | BR48: 0 | BS48: 0 | BT48: 0 | BU48: 0 | BV48: 0 | BW48: 0 | BX48: =SUM(BR48:BW48) -> 0 | BZ48: الرغامة | CA48: سعودي | CB48: ذكر | CC48: 0 | CD48: 0 | CE48: 0 | CF48: 0 | CG48: 0 | CH48: 0 | CI48: =SUM(CC48:CH48) -> 0 | CK48: الرغامة | CL48: سعودي | CM48: ذكر | CN48: 0 | CO48: 0 | CP48: 0 | CQ48: 0 | CR48: 0 | CS48: 0 | CT48: =SUM(CN48:CS48) -> 0 | CV48: الرغامة | CW48: سعودي | CX48: ذكر | CY48: 0 | CZ48: 0 | DA48: 0 | DB48: 0 | DC48: 0 | DD48: 0 | DE48: =SUM(CY48:DD48) -> 0 | DG48: الرغامة | DH48: سعودي | DI48: ذكر | DJ48: 0 | DK48: 0 | DL48: 0 | DM48: 0 | DN48: 0 | DO48: 0 | DP48: =SUM(DJ48:DO48) -> 0 | DR48: الرغامة | DS48: سعودي | DT48: ذكر | DU48: 0 | DV48: 0 | DW48: 0 | DX48: 0 | DY48: 0 | DZ48: 0 | EA48: =SUM(DU48:DZ48) -> 0 | EC48: =DR48 -> الرغامة | ED48: سعودي | EE48: ذكر | EF48: =SUM(D48+O48+Z48+AK48+AV48+BG48+BR48+CC48+CN48+CY48+DJ48+DU48) -> 0 | EG48: =SUM(E48+P48+AA48+AL48+AW48+BH48+BS48+CD48+CO48+CZ48+DK48+DV48) -> 0 | EH48: =SUM(F48+Q48+AB48+AM48+AX48+BI48+BT48+CE48+CP48+DA48+DL48+DW48) -> 0 | EI48: =SUM(G48+R48+AC48+AN48+AY48+BJ48+BU48+CF48+CQ48+DB48+DM48+DX48) -> 0 | EJ48: 0 | EK48: =SUM(I48+T48+AE48+AP48+BA48+BL48+BW48+CH48+CS48+DD48+DO48+DZ48) -> 0 | EL48: =SUM(EF48:EK48) -> 0
C49: أنثى | D49: 0 | E49: 0 | F49: 0 | G49: 0 | H49: 0 | I49: 0 | J49: =SUM(D49:I49) -> 0 | N49: أنثى | O49: 0 | P49: 0 | Q49: 0 | R49: 0 | S49: 0 | T49: 0 | U49: =SUM(O49:T49) -> 0 | Y49: أنثى | Z49: 0 | AA49: 0 | AB49: 0 | AC49: 0 | AD49: 0 | AE49: 0 | AF49: =SUM(Z49:AE49) -> 0 | AJ49: أنثى | AK49: 0 | AL49: 0 | AM49: 0 | AN49: 0 | AO49: 3 | AP49: 0 | AQ49: =SUM(AK49:AP49) -> 3 | AU49: أنثى | AV49: 0 | AW49: 0 | AX49: 0 | AY49: 0 | AZ49: 0 | BA49: 0 | BB49: =SUM(AV49:BA49) -> 0 | BF49: أنثى | BG49: 0 | BH49: 0 | BI49: 0 | BJ49: 0 | BK49: 0 | BL49: 0 | BM49: =SUM(BG49:BL49) -> 0 | BQ49: أنثى | BR49: 0 | BS49: 0 | BT49: 0 | BU49: 0 | BV49: 0 | BW49: 0 | BX49: =SUM(BR49:BW49) -> 0 | CB49: أنثى | CC49: 0 | CD49: 0 | CE49: 0 | CF49: 0 | CG49: 0 | CH49: 0 | CI49: =SUM(CC49:CH49) -> 0 | CM49: أنثى | CN49: 0 | CO49: 0 | CP49: 0 | CQ49: 0 | CR49: 0 | CS49: 0 | CT49: =SUM(CN49:CS49) -> 0 | CX49: أنثى | CY49: 0 | CZ49: 0 | DA49: 0 | DB49: 0 | DC49: 0 | DD49: 0 | DE49: =SUM(CY49:DD49) -> 0 | DI49: أنثى | DJ49: 0 | DK49: 0 | DL49: 0 | DM49: 0 | DN49: 0 | DO49: 0 | DP49: =SUM(DJ49:DO49) -> 0 | DT49: أنثى | DU49: 0 | DV49: 0 | DW49: 0 | DX49: 0 | DY49: 0 | DZ49: 0 | EA49: =SUM(DU49:DZ49) -> 0 | EE49: أنثى | EF49: =SUM(D49+O49+Z49+AK49+AV49+BG49+BR49+CC49+CN49+CY49+DJ49+DU49) -> 0 | EG49: =SUM(E49+P49+AA49+AL49+AW49+BH49+BS49+CD49+CO49+CZ49+DK49+DV49) -> 0 | EH49: =SUM(F49+Q49+AB49+AM49+AX49+BI49+BT49+CE49+CP49+DA49+DL49+DW49) -> 0 | EI49: =SUM(G49+R49+AC49+AN49+AY49+BJ49+BU49+CF49+CQ49+DB49+DM49+DX49) -> 0 | EJ49: =SUM(H49+S49+AD49+AO49+AZ49+BK49+BV49+CG49+CR49+DC49+DN49+DY49) -> 3 | EK49: =SUM(I49+T49+AE49+AP49+BA49+BL49+BW49+CH49+CS49+DD49+DO49+DZ49) -> 0 | EL49: =SUM(EF49:EK49) -> 3
B50: مجموع السعوديين | D50: =SUM(D48:D49) -> 0 | E50: =SUM(E48:E49) -> 0 | F50: =SUM(F48:F49) -> 0 | G50: =SUM(G48:G49) -> 0 | H50: =SUM(H48:H49) -> 0 | I50: =SUM(I48:I49) -> 0 | J50: =SUM(J48:J49) -> 0 | M50: مجموع السعوديين | O50: =SUM(O48:O49) -> 0 | P50: =SUM(P48:P49) -> 0 | Q50: =SUM(Q48:Q49) -> 0 | R50: =SUM(R48:R49) -> 0 | S50: =SUM(S48:S49) -> 0 | T50: =SUM(T48:T49) -> 0 | U50: =SUM(U48:U49) -> 0 | X50: مجموع السعوديين | Z50: =SUM(Z48:Z49) -> 0 | AA50: =SUM(AA48:AA49) -> 0 | AB50: =SUM(AB48:AB49) -> 0 | AC50: =SUM(AC48:AC49) -> 0 | AD50: =SUM(AD48:AD49) -> 0 | AE50: =SUM(AE48:AE49) -> 0 | AF50: =SUM(AF48:AF49) -> 0 | AI50: مجموع السعوديين | AK50: =SUM(AK48:AK49) -> 0 | AL50: =SUM(AL48:AL49) -> 0 | AM50: =SUM(AM48:AM49) -> 0 | AN50: =SUM(AN48:AN49) -> 0 | AO50: =SUM(AO48:AO49) -> 3 | AP50: =SUM(AP48:AP49) -> 0 | AQ50: =SUM(AQ48:AQ49) -> 3 | AT50: مجموع السعوديين | AV50: =SUM(AV48:AV49) -> 0 | AW50: =SUM(AW48:AW49) -> 0 | AX50: =SUM(AX48:AX49) -> 0 | AY50: =SUM(AY48:AY49) -> 0 | AZ50: =SUM(AZ48:AZ49) -> 0 | BA50: =SUM(BA48:BA49) -> 0 | BB50: =SUM(BB48:BB49) -> 0 | BE50: مجموع السعوديين | BG50: =SUM(BG48:BG49) -> 0 | BH50: =SUM(BH48:BH49) -> 0 | BI50: =SUM(BI48:BI49) -> 0 | BJ50: =SUM(BJ48:BJ49) -> 0 | BK50: =SUM(BK48:BK49) -> 0 | BL50: =SUM(BL48:BL49) -> 0 | BM50: =SUM(BM48:BM49) -> 0 | BP50: مجموع السعوديين | BR50: =SUM(BR48:BR49) -> 0 | BS50: =SUM(BS48:BS49) -> 0 | BT50: =SUM(BT48:BT49) -> 0 | BU50: =SUM(BU48:BU49) -> 0 | BV50: =SUM(BV48:BV49) -> 0 | BW50: =SUM(BW48:BW49) -> 0 | BX50: =SUM(BX48:BX49) -> 0 | CA50: مجموع السعوديين | CC50: =SUM(CC48:CC49) -> 0 | CD50: =SUM(CD48:CD49) -> 0 | CE50: =SUM(CE48:CE49) -> 0 | CF50: =SUM(CF48:CF49) -> 0 | CG50: =SUM(CG48:CG49) -> 0 | CH50: =SUM(CH48:CH49) -> 0 | CI50: =SUM(CI48:CI49) -> 0 | CL50: مجموع السعوديين | CN50: =SUM(CN48:CN49) -> 0 | CO50: =SUM(CO48:CO49) -> 0 | CP50: =SUM(CP48:CP49) -> 0 | CQ50: =SUM(CQ48:CQ49) -> 0 | CR50: =SUM(CR48:CR49) -> 0 | CS50: =SUM(CS48:CS49) -> 0 | CT50: =SUM(CT48:CT49) -> 0 | CW50: مجموع السعوديين | CY50: =SUM(CY48:CY49) -> 0 | CZ50: =SUM(CZ48:CZ49) -> 0 | DA50: =SUM(DA48:DA49) -> 0 | DB50: =SUM(DB48:DB49) -> 0 | DC50: =SUM(DC48:DC49) -> 0 | DD50: =SUM(DD48:DD49) -> 0 | DE50: =SUM(DE48:DE49) -> 0 | DH50: مجموع السعوديين | DJ50: =SUM(DJ48:DJ49) -> 0 | DK50: =SUM(DK48:DK49) -> 0 | DL50: =SUM(DL48:DL49) -> 0 | DM50: =SUM(DM48:DM49) -> 0 | DN50: =SUM(DN48:DN49) -> 0 | DO50: =SUM(DO48:DO49) -> 0 | DP50: =SUM(DP48:DP49) -> 0 | DS50: مجموع السعوديين | DU50: =SUM(DU48:DU49) -> 0 | DV50: =SUM(DV48:DV49) -> 0 | DW50: =SUM(DW48:DW49) -> 0 | DX50: =SUM(DX48:DX49) -> 0 | DY50: =SUM(DY48:DY49) -> 0 | DZ50: =SUM(DZ48:DZ49) -> 0 | EA50: =SUM(EA48:EA49) -> 0 | ED50: مجموع السعوديين | EF50: =SUM(EF48:EF49) -> 0 | EG50: =SUM(EG48:EG49) -> 0 | EH50: =SUM(EH48:EH49) -> 0 | EI50: =SUM(EI48:EI49) -> 0 | EJ50: =SUM(EJ48:EJ49) -> 3 | EK50: =SUM(EK48:EK49) -> 0 | EL50: =SUM(EL48:EL49) -> 3
B51: غير سعودي | C51: ذكر | D51: 0 | E51: 0 | F51: 0 | G51: 0 | H51: 0 | I51: 0 | J51: =SUM(D51:I51) -> 0 | M51: غير سعودي | N51: ذكر | O51: 0 | P51: 0 | Q51: 0 | R51: 0 | S51: 0 | T51: 0 | U51: =SUM(O51:T51) -> 0 | X51: غير سعودي | Y51: ذكر | Z51: 0 | AA51: 0 | AB51: 0 | AC51: 0 | AD51: 0 | AE51: 0 | AF51: =SUM(Z51:AE51) -> 0 | AI51: غير سعودي | AJ51: ذكر | AK51: 0 | AL51: 0 | AM51: 0 | AN51: 0 | AO51: 0 | AP51: 0 | AQ51: =SUM(AK51:AP51) -> 0 | AT51: غير سعودي | AU51: ذكر | AV51: 0 | AW51: 0 | AX51: 0 | AY51: 0 | AZ51: 0 | BA51: 0 | BB51: =SUM(AV51:BA51) -> 0 | BE51: غير سعودي | BF51: ذكر | BG51: 0 | BH51: 0 | BI51: 0 | BJ51: 0 | BK51: 0 | BL51: 0 | BM51: =SUM(BG51:BL51) -> 0 | BP51: غير سعودي | BQ51: ذكر | BR51: 0 | BS51: 0 | BT51: 0 | BU51: 0 | BV51: 0 | BW51: 0 | BX51: =SUM(BR51:BW51) -> 0 | CA51: غير سعودي | CB51: ذكر | CC51: 0 | CD51: 0 | CE51: 0 | CF51: 0 | CG51: 0 | CH51: 0 | CI51: =SUM(CC51:CH51) -> 0 | CL51: غير سعودي | CM51: ذكر | CN51: 0 | CO51: 0 | CP51: 0 | CQ51: 0 | CR51: 0 | CS51: 0 | CT51: =SUM(CN51:CS51) -> 0 | CW51: غير سعودي | CX51: ذكر | CY51: 0 | CZ51: 0 | DA51: 0 | DB51: 0 | DC51: 0 | DD51: 0 | DE51: =SUM(CY51:DD51) -> 0 | DH51: غير سعودي | DI51: ذكر | DJ51: 0 | DK51: 0 | DL51: 0 | DM51: 0 | DN51: 0 | DO51: 0 | DP51: =SUM(DJ51:DO51) -> 0 | DS51: غير سعودي | DT51: ذكر | DU51: 0 | DV51: 0 | DW51: 0 | DX51: 0 | DY51: 0 | DZ51: 0 | EA51: =SUM(DU51:DZ51) -> 0 | ED51: غير سعودي | EE51: ذكر | EF51: =SUM(D51+O51+Z51+AK51+AV51+BG51+BR51+CC51+CN51+CY51+DJ51+DU51) -> 0 | EG51: =SUM(E51+P51+AA51+AL51+AW51+BH51+BS51+CD51+CO51+CZ51+DK51+DV51) -> 0 | EH51: =SUM(F51+Q51+AB51+AM51+AX51+BI51+BT51+CE51+CP51+DA51+DL51+DW51) -> 0 | EI51: =SUM(G51+R51+AC51+AN51+AY51+BJ51+BU51+CF51+CQ51+DB51+DM51+DX51) -> 0 | EJ51: 0 | EK51: =SUM(I51+T51+AE51+AP51+BA51+BL51+BW51+CH51+CS51+DD51+DO51+DZ51) -> 0 | EL51: =SUM(EF51:EK51) -> 0
C52: أنثى | D52: 0 | E52: 0 | F52: 0 | G52: 0 | H52: 0 | I52: 0 | J52: =SUM(D52:I52) -> 0 | N52: أنثى | O52: 0 | P52: 0 | Q52: 0 | R52: 0 | S52: 0 | T52: 0 | U52: =SUM(O52:T52) -> 0 | Y52: أنثى | Z52: 0 | AA52: 0 | AB52: 0 | AC52: 0 | AD52: 0 | AE52: 0 | AF52: =SUM(Z52:AE52) -> 0 | AJ52: أنثى | AK52: 0 | AL52: 0 | AM52: 0 | AN52: 0 | AO52: 0 | AP52: 0 | AQ52: =SUM(AK52:AP52) -> 0 | AU52: أنثى | AV52: 0 | AW52: 0 | AX52: 0 | AY52: 0 | AZ52: 0 | BA52: 0 | BB52: =SUM(AV52:BA52) -> 0 | BF52: أنثى | BG52: 0 | BH52: 0 | BI52: 0 | BJ52: 0 | BK52: 0 | BL52: 0 | BM52: =SUM(BG52:BL52) -> 0 | BQ52: أنثى | BR52: 0 | BS52: 0 | BT52: 0 | BU52: 0 | BV52: 0 | BW52: 0 | BX52: =SUM(BR52:BW52) -> 0 | CB52: أنثى | CC52: 0 | CD52: 0 | CE52: 0 | CF52: 0 | CG52: 0 | CH52: 0 | CI52: =SUM(CC52:CH52) -> 0 | CM52: أنثى | CN52: 0 | CO52: 0 | CP52: 0 | CQ52: 0 | CR52: 0 | CS52: 0 | CT52: =SUM(CN52:CS52) -> 0 | CX52: أنثى | CY52: 0 | CZ52: 0 | DA52: 0 | DB52: 0 | DC52: 0 | DD52: 0 | DE52: =SUM(CY52:DD52) -> 0 | DI52: أنثى | DJ52: 0 | DK52: 0 | DL52: 0 | DM52: 0 | DN52: 0 | DO52: 0 | DP52: =SUM(DJ52:DO52) -> 0 | DT52: أنثى | DU52: 0 | DV52: 0 | DW52: 0 | DX52: 0 | DY52: 0 | DZ52: 0 | EA52: =SUM(DU52:DZ52) -> 0 | EE52: أنثى | EF52: =SUM(D52+O52+Z52+AK52+AV52+BG52+BR52+CC52+CN52+CY52+DJ52+DU52) -> 0 | EG52: =SUM(E52+P52+AA52+AL52+AW52+BH52+BS52+CD52+CO52+CZ52+DK52+DV52) -> 0 | EH52: =SUM(F52+Q52+AB52+AM52+AX52+BI52+BT52+CE52+CP52+DA52+DL52+DW52) -> 0 | EI52: =SUM(G52+R52+AC52+AN52+AY52+BJ52+BU52+CF52+CQ52+DB52+DM52+DX52) -> 0 | EJ52: =SUM(H52+S52+AD52+AO52+AZ52+BK52+BV52+CG52+CR52+DC52+DN52+DY52) -> 0 | EK52: =SUM(I52+T52+AE52+AP52+BA52+BL52+BW52+CH52+CS52+DD52+DO52+DZ52) -> 0 | EL52: =SUM(EF52:EK52) -> 0
B53: مجموع الغير سعوديين | D53: =SUM(D51:D52) -> 0 | E53: =SUM(E51:E52) -> 0 | F53: =SUM(F51:F52) -> 0 | G53: =SUM(G51:G52) -> 0 | H53: =SUM(H51:H52) -> 0 | I53: =SUM(I51:I52) -> 0 | J53: =SUM(J51:J52) -> 0 | M53: مجموع الغير سعوديين | O53: =SUM(O51:O52) -> 0 | P53: =SUM(P51:P52) -> 0 | Q53: =SUM(Q51:Q52) -> 0 | R53: =SUM(R51:R52) -> 0 | S53: =SUM(S51:S52) -> 0 | T53: =SUM(T51:T52) -> 0 | U53: =SUM(U51:U52) -> 0 | X53: مجموع الغير سعوديين | Z53: =SUM(Z51:Z52) -> 0 | AA53: =SUM(AA51:AA52) -> 0 | AB53: =SUM(AB51:AB52) -> 0 | AC53: =SUM(AC51:AC52) -> 0 | AD53: =SUM(AD51:AD52) -> 0 | AE53: =SUM(AE51:AE52) -> 0 | AF53: =SUM(AF51:AF52) -> 0 | AI53: مجموع الغير سعوديين | AK53: =SUM(AK51:AK52) -> 0 | AL53: =SUM(AL51:AL52) -> 0 | AM53: =SUM(AM51:AM52) -> 0 | AN53: =SUM(AN51:AN52) -> 0 | AO53: =SUM(AO51:AO52) -> 0 | AP53: =SUM(AP51:AP52) -> 0 | AQ53: =SUM(AQ51:AQ52) -> 0 | AT53: مجموع الغير سعوديين | AV53: =SUM(AV51:AV52) -> 0 | AW53: =SUM(AW51:AW52) -> 0 | AX53: =SUM(AX51:AX52) -> 0 | AY53: =SUM(AY51:AY52) -> 0 | AZ53: =SUM(AZ51:AZ52) -> 0 | BA53: =SUM(BA51:BA52) -> 0 | BB53: =SUM(BB51:BB52) -> 0 | BE53: مجموع الغير سعوديين | BG53: =SUM(BG51:BG52) -> 0 | BH53: =SUM(BH51:BH52) -> 0 | BI53: =SUM(BI51:BI52) -> 0 | BJ53: =SUM(BJ51:BJ52) -> 0 | BK53: =SUM(BK51:BK52) -> 0 | BL53: =SUM(BL51:BL52) -> 0 | BM53: =SUM(BM51:BM52) -> 0 | BP53: مجموع الغير سعوديين | BR53: =SUM(BR51:BR52) -> 0 | BS53: =SUM(BS51:BS52) -> 0 | BT53: =SUM(BT51:BT52) -> 0 | BU53: =SUM(BU51:BU52) -> 0 | BV53: =SUM(BV51:BV52) -> 0 | BW53: =SUM(BW51:BW52) -> 0 | BX53: =SUM(BX51:BX52) -> 0 | CA53: مجموع الغير سعوديين | CC53: =SUM(CC51:CC52) -> 0 | CD53: =SUM(CD51:CD52) -> 0 | CE53: =SUM(CE51:CE52) -> 0 | CF53: =SUM(CF51:CF52) -> 0 | CG53: =SUM(CG51:CG52) -> 0 | CH53: =SUM(CH51:CH52) -> 0 | CI53: =SUM(CI51:CI52) -> 0 | CL53: مجموع الغير سعوديين | CN53: =SUM(CN51:CN52) -> 0 | CO53: =SUM(CO51:CO52) -> 0 | CP53: =SUM(CP51:CP52) -> 0 | CQ53: =SUM(CQ51:CQ52) -> 0 | CR53: =SUM(CR51:CR52) -> 0 | CS53: =SUM(CS51:CS52) -> 0 | CT53: =SUM(CT51:CT52) -> 0 | CW53: مجموع الغير سعوديين | CY53: =SUM(CY51:CY52) -> 0 | CZ53: =SUM(CZ51:CZ52) -> 0 | DA53: =SUM(DA51:DA52) -> 0 | DB53: =SUM(DB51:DB52) -> 0 | DC53: =SUM(DC51:DC52) -> 0 | DD53: =SUM(DD51:DD52) -> 0 | DE53: =SUM(DE51:DE52) -> 0 | DH53: مجموع الغير سعوديين | DJ53: =SUM(DJ51:DJ52) -> 0 | DK53: =SUM(DK51:DK52) -> 0 | DL53: =SUM(DL51:DL52) -> 0 | DM53: =SUM(DM51:DM52) -> 0 | DN53: =SUM(DN51:DN52) -> 0 | DO53: =SUM(DO51:DO52) -> 0 | DP53: =SUM(DP51:DP52) -> 0 | DS53: مجموع الغير سعوديين | DU53: =SUM(DU51:DU52) -> 0 | DV53: =SUM(DV51:DV52) -> 0 | DW53: =SUM(DW51:DW52) -> 0 | DX53: =SUM(DX51:DX52) -> 0 | DY53: =SUM(DY51:DY52) -> 0 | DZ53: =SUM(DZ51:DZ52) -> 0 | EA53: =SUM(EA51:EA52) -> 0 | ED53: مجموع الغير سعوديين | EF53: =SUM(EF51:EF52) -> 0 | EG53: =SUM(EG51:EG52) -> 0 | EH53: =SUM(EH51:EH52) -> 0 | EI53: =SUM(EI51:EI52) -> 0 | EJ53: =SUM(EJ51:EJ52) -> 0 | EK53: =SUM(EK51:EK52) -> 0 | EL53: =SUM(EL51:EL52) -> 0
B54: المجموع الكلي | D54: =SUM(D50+D53) -> 0 | E54: =SUM(E50+E53) -> 0 | F54: =SUM(F50+F53) -> 0 | G54: =SUM(G50+G53) -> 0 | H54: =SUM(H50+H53) -> 0 | I54: =SUM(I50+I53) -> 0 | J54: =SUM(J50+J53) -> 0 | M54: المجموع الكلي | O54: =SUM(O50+O53) -> 0 | P54: =SUM(P50+P53) -> 0 | Q54: =SUM(Q50+Q53) -> 0 | R54: =SUM(R50+R53) -> 0 | S54: =SUM(S50+S53) -> 0 | T54: =SUM(T50+T53) -> 0 | U54: =SUM(U50+U53) -> 0 | X54: المجموع الكلي | Z54: =SUM(Z50+Z53) -> 0 | AA54: =SUM(AA50+AA53) -> 0 | AB54: =SUM(AB50+AB53) -> 0 | AC54: =SUM(AC50+AC53) -> 0 | AD54: =SUM(AD50+AD53) -> 0 | AE54: =SUM(AE50+AE53) -> 0 | AF54: =SUM(AF50+AF53) -> 0 | AI54: المجموع الكلي | AK54: =SUM(AK50+AK53) -> 0 | AL54: =SUM(AL50+AL53) -> 0 | AM54: =SUM(AM50+AM53) -> 0 | AN54: =SUM(AN50+AN53) -> 0 | AO54: =SUM(AO50+AO53) -> 3 | AP54: =SUM(AP50+AP53) -> 0 | AQ54: =SUM(AQ50+AQ53) -> 3 | AT54: المجموع الكلي | AV54: =SUM(AV50+AV53) -> 0 | AW54: =SUM(AW50+AW53) -> 0 | AX54: =SUM(AX50+AX53) -> 0 | AY54: =SUM(AY50+AY53) -> 0 | AZ54: =SUM(AZ50+AZ53) -> 0 | BA54: =SUM(BA50+BA53) -> 0 | BB54: =SUM(BB50+BB53) -> 0 | BE54: المجموع الكلي | BG54: =SUM(BG50+BG53) -> 0 | BH54: =SUM(BH50+BH53) -> 0 | BI54: =SUM(BI50+BI53) -> 0 | BJ54: =SUM(BJ50+BJ53) -> 0 | BK54: =SUM(BK50+BK53) -> 0 | BL54: =SUM(BL50+BL53) -> 0 | BM54: =SUM(BM50+BM53) -> 0 | BP54: المجموع الكلي | BR54: =SUM(BR50+BR53) -> 0 | BS54: =SUM(BS50+BS53) -> 0 | BT54: =SUM(BT50+BT53) -> 0 | BU54: =SUM(BU50+BU53) -> 0 | BV54: =SUM(BV50+BV53) -> 0 | BW54: =SUM(BW50+BW53) -> 0 | BX54: =SUM(BX50+BX53) -> 0 | CA54: المجموع الكلي | CC54: =SUM(CC50+CC53) -> 0 | CD54: =SUM(CD50+CD53) -> 0 | CE54: =SUM(CE50+CE53) -> 0 | CF54: =SUM(CF50+CF53) -> 0 | CG54: =SUM(CG50+CG53) -> 0 | CH54: =SUM(CH50+CH53) -> 0 | CI54: =SUM(CI50+CI53) -> 0 | CL54: المجموع الكلي | CN54: =SUM(CN50+CN53) -> 0 | CO54: =SUM(CO50+CO53) -> 0 | CP54: =SUM(CP50+CP53) -> 0 | CQ54: =SUM(CQ50+CQ53) -> 0 | CR54: =SUM(CR50+CR53) -> 0 | CS54: =SUM(CS50+CS53) -> 0 | CT54: =SUM(CT50+CT53) -> 0 | CW54: المجموع الكلي | CY54: =SUM(CY50+CY53) -> 0 | CZ54: =SUM(CZ50+CZ53) -> 0 | DA54: =SUM(DA50+DA53) -> 0 | DB54: =SUM(DB50+DB53) -> 0 | DC54: =SUM(DC50+DC53) -> 0 | DD54: =SUM(DD50+DD53) -> 0 | DE54: =SUM(DE50+DE53) -> 0 | DH54: المجموع الكلي | DJ54: =SUM(DJ50+DJ53) -> 0 | DK54: =SUM(DK50+DK53) -> 0 | DL54: =SUM(DL50+DL53) -> 0 | DM54: =SUM(DM50+DM53) -> 0 | DN54: =SUM(DN50+DN53) -> 0 | DO54: =SUM(DO50+DO53) -> 0 | DP54: =SUM(DP50+DP53) -> 0 | DS54: المجموع الكلي | DU54: =SUM(DU50+DU53) -> 0 | DV54: =SUM(DV50+DV53) -> 0 | DW54: =SUM(DW50+DW53) -> 0 | DX54: =SUM(DX50+DX53) -> 0 | DY54: =SUM(DY50+DY53) -> 0 | DZ54: =SUM(DZ50+DZ53) -> 0 | EA54: =SUM(EA50+EA53) -> 0 | ED54: المجموع الكلي | EF54: =SUM(EF50+EF53) -> 0 | EG54: =SUM(EG50+EG53) -> 0 | EH54: =SUM(EH50+EH53) -> 0 | EI54: =SUM(EI50+EI53) -> 0 | EJ54: =SUM(EJ50+EJ53) -> 3 | EK54: =SUM(EK50+EK53) -> 0 | EL54: =SUM(EL50+EL53) -> 3
A55: الواحة | B55: سعودي | C55: ذكر | D55: 0 | E55: 0 | F55: 0 | G55: 0 | H55: 0 | I55: 0 | J55: =SUM(D55:I55) -> 0 | L55: الواحة | M55: سعودي | N55: ذكر | O55: 0 | P55: 0 | Q55: 0 | R55: 0 | S55: 0 | T55: 0 | U55: =SUM(O55:T55) -> 0 | W55: الواحة | X55: سعودي | Y55: ذكر | Z55: 0 | AA55: 0 | AB55: 0 | AC55: 0 | AD55: 0 | AE55: 0 | AF55: =SUM(Z55:AE55) -> 0 | AH55: الواحة | AI55: سعودي | AJ55: ذكر | AK55: 0 | AL55: 0 | AM55: 0 | AN55: 0 | AO55: 0 | AP55: 1 | AQ55: =SUM(AK55:AP55) -> 1 | AS55: الواحة | AT55: سعودي | AU55: ذكر | AV55: 0 | AW55: 0 | AX55: 0 | AY55: 0 | AZ55: 0 | BA55: 0 | BB55: =SUM(AV55:BA55) -> 0 | BD55: الواحة | BE55: سعودي | BF55: ذكر | BG55: 0 | BH55: 0 | BI55: 0 | BJ55: 0 | BK55: 0 | BL55: 0 | BM55: =SUM(BG55:BL55) -> 0 | BO55: الواحة | BP55: سعودي | BQ55: ذكر | BR55: 0 | BS55: 0 | BT55: 0 | BU55: 0 | BV55: 0 | BW55: 0 | BX55: =SUM(BR55:BW55) -> 0 | BZ55: الواحة | CA55: سعودي | CB55: ذكر | CC55: 0 | CD55: 0 | CE55: 0 | CF55: 0 | CG55: 0 | CH55: 0 | CI55: =SUM(CC55:CH55) -> 0 | CK55: الواحة | CL55: سعودي | CM55: ذكر | CN55: 0 | CO55: 0 | CP55: 0 | CQ55: 0 | CR55: 0 | CS55: 0 | CT55: =SUM(CN55:CS55) -> 0 | CV55: الواحة | CW55: سعودي | CX55: ذكر | CY55: 0 | CZ55: 0 | DA55: 0 | DB55: 0 | DC55: 0 | DD55: 0 | DE55: =SUM(CY55:DD55) -> 0 | DG55: الواحة | DH55: سعودي | DI55: ذكر | DJ55: 0 | DK55: 0 | DL55: 0 | DM55: 0 | DN55: 0 | DO55: 0 | DP55: =SUM(DJ55:DO55) -> 0 | DR55: الواحة | DS55: سعودي | DT55: ذكر | DU55: 0 | DV55: 0 | DW55: 0 | DX55: 0 | DY55: 0 | DZ55: 0 | EA55: =SUM(DU55:DZ55) -> 0 | EC55: =DR55 -> الواحة | ED55: سعودي | EE55: ذكر | EF55: =SUM(D55+O55+Z55+AK55+AV55+BG55+BR55+CC55+CN55+CY55+DJ55+DU55) -> 0 | EG55: =SUM(E55+P55+AA55+AL55+AW55+BH55+BS55+CD55+CO55+CZ55+DK55+DV55) -> 0 | EH55: =SUM(F55+Q55+AB55+AM55+AX55+BI55+BT55+CE55+CP55+DA55+DL55+DW55) -> 0 | EI55: =SUM(G55+R55+AC55+AN55+AY55+BJ55+BU55+CF55+CQ55+DB55+DM55+DX55) -> 0 | EJ55: 0 | EK55: =SUM(I55+T55+AE55+AP55+BA55+BL55+BW55+CH55+CS55+DD55+DO55+DZ55) -> 1 | EL55: =SUM(EF55:EK55) -> 1
C56: أنثى | D56: 0 | E56: 0 | F56: 0 | G56: 0 | H56: 0 | I56: 0 | J56: =SUM(D56:I56) -> 0 | N56: أنثى | O56: 0 | P56: 0 | Q56: 0 | R56: 0 | S56: 0 | T56: 0 | U56: =SUM(O56:T56) -> 0 | Y56: أنثى | Z56: 0 | AA56: 0 | AB56: 0 | AC56: 0 | AD56: 0 | AE56: 0 | AF56: =SUM(Z56:AE56) -> 0 | AJ56: أنثى | AK56: 0 | AL56: 0 | AM56: 0 | AN56: 0 | AO56: 12 | AP56: 0 | AQ56: =SUM(AK56:AP56) -> 12 | AU56: أنثى | AV56: 0 | AW56: 0 | AX56: 0 | AY56: 0 | AZ56: 0 | BA56: 0 | BB56: =SUM(AV56:BA56) -> 0 | BF56: أنثى | BG56: 0 | BH56: 0 | BI56: 0 | BJ56: 0 | BK56: 0 | BL56: 0 | BM56: =SUM(BG56:BL56) -> 0 | BQ56: أنثى | BR56: 0 | BS56: 0 | BT56: 0 | BU56: 0 | BV56: 0 | BW56: 0 | BX56: =SUM(BR56:BW56) -> 0 | CB56: أنثى | CC56: 0 | CD56: 0 | CE56: 0 | CF56: 0 | CG56: 0 | CH56: 0 | CI56: =SUM(CC56:CH56) -> 0 | CM56: أنثى | CN56: 0 | CO56: 0 | CP56: 0 | CQ56: 0 | CR56: 0 | CS56: 0 | CT56: =SUM(CN56:CS56) -> 0 | CX56: أنثى | CY56: 0 | CZ56: 0 | DA56: 0 | DB56: 0 | DC56: 0 | DD56: 0 | DE56: =SUM(CY56:DD56) -> 0 | DI56: أنثى | DJ56: 0 | DK56: 0 | DL56: 0 | DM56: 0 | DN56: 0 | DO56: 0 | DP56: =SUM(DJ56:DO56) -> 0 | DT56: أنثى | DU56: 0 | DV56: 0 | DW56: 0 | DX56: 0 | DY56: 0 | DZ56: 0 | EA56: =SUM(DU56:DZ56) -> 0 | EE56: أنثى | EF56: =SUM(D56+O56+Z56+AK56+AV56+BG56+BR56+CC56+CN56+CY56+DJ56+DU56) -> 0 | EG56: =SUM(E56+P56+AA56+AL56+AW56+BH56+BS56+CD56+CO56+CZ56+DK56+DV56) -> 0 | EH56: =SUM(F56+Q56+AB56+AM56+AX56+BI56+BT56+CE56+CP56+DA56+DL56+DW56) -> 0 | EI56: =SUM(G56+R56+AC56+AN56+AY56+BJ56+BU56+CF56+CQ56+DB56+DM56+DX56) -> 0 | EJ56: =SUM(H56+S56+AD56+AO56+AZ56+BK56+BV56+CG56+CR56+DC56+DN56+DY56) -> 12 | EK56: =SUM(I56+T56+AE56+AP56+BA56+BL56+BW56+CH56+CS56+DD56+DO56+DZ56) -> 0 | EL56: =SUM(EF56:EK56) -> 12
B57: مجموع السعوديين | D57: =SUM(D55:D56) -> 0 | E57: =SUM(E55:E56) -> 0 | F57: =SUM(F55:F56) -> 0 | G57: =SUM(G55:G56) -> 0 | H57: =SUM(H55:H56) -> 0 | I57: =SUM(I55:I56) -> 0 | J57: =SUM(J55:J56) -> 0 | M57: مجموع السعوديين | O57: =SUM(O55:O56) -> 0 | P57: =SUM(P55:P56) -> 0 | Q57: =SUM(Q55:Q56) -> 0 | R57: =SUM(R55:R56) -> 0 | S57: =SUM(S55:S56) -> 0 | T57: =SUM(T55:T56) -> 0 | U57: =SUM(U55:U56) -> 0 | X57: مجموع السعوديين | Z57: =SUM(Z55:Z56) -> 0 | AA57: =SUM(AA55:AA56) -> 0 | AB57: =SUM(AB55:AB56) -> 0 | AC57: =SUM(AC55:AC56) -> 0 | AD57: =SUM(AD55:AD56) -> 0 | AE57: =SUM(AE55:AE56) -> 0 | AF57: =SUM(AF55:AF56) -> 0 | AI57: مجموع السعوديين | AK57: =SUM(AK55:AK56) -> 0 | AL57: =SUM(AL55:AL56) -> 0 | AM57: =SUM(AM55:AM56) -> 0 | AN57: =SUM(AN55:AN56) -> 0 | AO57: =SUM(AO55:AO56) -> 12 | AP57: =SUM(AP55:AP56) -> 1 | AQ57: =SUM(AQ55:AQ56) -> 13 | AT57: مجموع السعوديين | AV57: =SUM(AV55:AV56) -> 0 | AW57: =SUM(AW55:AW56) -> 0 | AX57: =SUM(AX55:AX56) -> 0 | AY57: =SUM(AY55:AY56) -> 0 | AZ57: =SUM(AZ55:AZ56) -> 0 | BA57: =SUM(BA55:BA56) -> 0 | BB57: =SUM(BB55:BB56) -> 0 | BE57: مجموع السعوديين | BG57: =SUM(BG55:BG56) -> 0 | BH57: =SUM(BH55:BH56) -> 0 | BI57: =SUM(BI55:BI56) -> 0 | BJ57: =SUM(BJ55:BJ56) -> 0 | BK57: =SUM(BK55:BK56) -> 0 | BL57: =SUM(BL55:BL56) -> 0 | BM57: =SUM(BM55:BM56) -> 0 | BP57: مجموع السعوديين | BR57: =SUM(BR55:BR56) -> 0 | BS57: =SUM(BS55:BS56) -> 0 | BT57: =SUM(BT55:BT56) -> 0 | BU57: =SUM(BU55:BU56) -> 0 | BV57: =SUM(BV55:BV56) -> 0 | BW57: =SUM(BW55:BW56) -> 0 | BX57: =SUM(BX55:BX56) -> 0 | CA57: مجموع السعوديين | CC57: =SUM(CC55:CC56) -> 0 | CD57: =SUM(CD55:CD56) -> 0 | CE57: =SUM(CE55:CE56) -> 0 | CF57: =SUM(CF55:CF56) -> 0 | CG57: =SUM(CG55:CG56) -> 0 | CH57: =SUM(CH55:CH56) -> 0 | CI57: =SUM(CI55:CI56) -> 0 | CL57: مجموع السعوديين | CN57: =SUM(CN55:CN56) -> 0 | CO57: =SUM(CO55:CO56) -> 0 | CP57: =SUM(CP55:CP56) -> 0 | CQ57: =SUM(CQ55:CQ56) -> 0 | CR57: =SUM(CR55:CR56) -> 0 | CS57: =SUM(CS55:CS56) -> 0 | CT57: =SUM(CT55:CT56) -> 0 | CW57: مجموع السعوديين | CY57: =SUM(CY55:CY56) -> 0 | CZ57: =SUM(CZ55:CZ56) -> 0 | DA57: =SUM(DA55:DA56) -> 0 | DB57: =SUM(DB55:DB56) -> 0 | DC57: =SUM(DC55:DC56) -> 0 | DD57: =SUM(DD55:DD56) -> 0 | DE57: =SUM(DE55:DE56) -> 0 | DH57: مجموع السعوديين | DJ57: =SUM(DJ55:DJ56) -> 0 | DK57: =SUM(DK55:DK56) -> 0 | DL57: =SUM(DL55:DL56) -> 0 | DM57: =SUM(DM55:DM56) -> 0 | DN57: =SUM(DN55:DN56) -> 0 | DO57: =SUM(DO55:DO56) -> 0 | DP57: =SUM(DP55:DP56) -> 0 | DS57: مجموع السعوديين | DU57: =SUM(DU55:DU56) -> 0 | DV57: =SUM(DV55:DV56) -> 0 | DW57: =SUM(DW55:DW56) -> 0 | DX57: =SUM(DX55:DX56) -> 0 | DY57: =SUM(DY55:DY56) -> 0 | DZ57: =SUM(DZ55:DZ56) -> 0 | EA57: =SUM(EA55:EA56) -> 0 | ED57: مجموع السعوديين | EF57: =SUM(EF55:EF56) -> 0 | EG57: =SUM(EG55:EG56) -> 0 | EH57: =SUM(EH55:EH56) -> 0 | EI57: =SUM(EI55:EI56) -> 0 | EJ57: =SUM(EJ55:EJ56) -> 12 | EK57: =SUM(EK55:EK56) -> 1 | EL57: =SUM(EL55:EL56) -> 13
B58: غير سعودي | C58: ذكر | D58: 0 | E58: 0 | F58: 0 | G58: 0 | H58: 0 | I58: 0 | J58: =SUM(D58:I58) -> 0 | M58: غير سعودي | N58: ذكر | O58: 0 | P58: 0 | Q58: 0 | R58: 0 | S58: 0 | T58: 0 | U58: =SUM(O58:T58) -> 0 | X58: غير سعودي | Y58: ذكر | Z58: 0 | AA58: 0 | AB58: 0 | AC58: 0 | AD58: 0 | AE58: 0 | AF58: =SUM(Z58:AE58) -> 0 | AI58: غير سعودي | AJ58: ذكر | AK58: 0 | AL58: 0 | AM58: 0 | AN58: 0 | AO58: 0 | AP58: 2 | AQ58: =SUM(AK58:AP58) -> 2 | AT58: غير سعودي | AU58: ذكر | AV58: 0 | AW58: 0 | AX58: 0 | AY58: 0 | AZ58: 0 | BA58: 0 | BB58: =SUM(AV58:BA58) -> 0 | BE58: غير سعودي | BF58: ذكر | BG58: 0 | BH58: 0 | BI58: 0 | BJ58: 0 | BK58: 0 | BL58: 0 | BM58: =SUM(BG58:BL58) -> 0 | BP58: غير سعودي | BQ58: ذكر | BR58: 0 | BS58: 0 | BT58: 0 | BU58: 0 | BV58: 0 | BW58: 0 | BX58: =SUM(BR58:BW58) -> 0 | CA58: غير سعودي | CB58: ذكر | CC58: 0 | CD58: 0 | CE58: 0 | CF58: 0 | CG58: 0 | CH58: 0 | CI58: =SUM(CC58:CH58) -> 0 | CL58: غير سعودي | CM58: ذكر | CN58: 0 | CO58: 0 | CP58: 0 | CQ58: 0 | CR58: 0 | CS58: 0 | CT58: =SUM(CN58:CS58) -> 0 | CW58: غير سعودي | CX58: ذكر | CY58: 0 | CZ58: 0 | DA58: 0 | DB58: 0 | DC58: 0 | DD58: 0 | DE58: =SUM(CY58:DD58) -> 0 | DH58: غير سعودي | DI58: ذكر | DJ58: 0 | DK58: 0 | DL58: 0 | DM58: 0 | DN58: 0 | DO58: 0 | DP58: =SUM(DJ58:DO58) -> 0 | DS58: غير سعودي | DT58: ذكر | DU58: 0 | DV58: 0 | DW58: 0 | DX58: 0 | DY58: 0 | DZ58: 0 | EA58: =SUM(DU58:DZ58) -> 0 | ED58: غير سعودي | EE58: ذكر | EF58: =SUM(D58+O58+Z58+AK58+AV58+BG58+BR58+CC58+CN58+CY58+DJ58+DU58) -> 0 | EG58: =SUM(E58+P58+AA58+AL58+AW58+BH58+BS58+CD58+CO58+CZ58+DK58+DV58) -> 0 | EH58: =SUM(F58+Q58+AB58+AM58+AX58+BI58+BT58+CE58+CP58+DA58+DL58+DW58) -> 0 | EI58: =SUM(G58+R58+AC58+AN58+AY58+BJ58+BU58+CF58+CQ58+DB58+DM58+DX58) -> 0 | EJ58: 0 | EK58: =SUM(I58+T58+AE58+AP58+BA58+BL58+BW58+CH58+CS58+DD58+DO58+DZ58) -> 2 | EL58: =SUM(EF58:EK58) -> 2
C59: أنثى | D59: 0 | E59: 0 | F59: 0 | G59: 0 | H59: 0 | I59: 0 | J59: =SUM(D59:I59) -> 0 | N59: أنثى | O59: 0 | P59: 0 | Q59: 0 | R59: 0 | S59: 0 | T59: 0 | U59: =SUM(O59:T59) -> 0 | Y59: أنثى | Z59: 0 | AA59: 0 | AB59: 0 | AC59: 0 | AD59: 0 | AE59: 0 | AF59: =SUM(Z59:AE59) -> 0 | AJ59: أنثى | AK59: 0 | AL59: 0 | AM59: 0 | AN59: 0 | AO59: 0 | AP59: 2 | AQ59: =SUM(AK59:AP59) -> 2 | AU59: أنثى | AV59: 0 | AW59: 0 | AX59: 0 | AY59: 0 | AZ59: 0 | BA59: 0 | BB59: =SUM(AV59:BA59) -> 0 | BF59: أنثى | BG59: 0 | BH59: 0 | BI59: 0 | BJ59: 0 | BK59: 0 | BL59: 0 | BM59: =SUM(BG59:BL59) -> 0 | BQ59: أنثى | BR59: 0 | BS59: 0 | BT59: 0 | BU59: 0 | BV59: 0 | BW59: 0 | BX59: =SUM(BR59:BW59) -> 0 | CB59: أنثى | CC59: 0 | CD59: 0 | CE59: 0 | CF59: 0 | CG59: 0 | CH59: 0 | CI59: =SUM(CC59:CH59) -> 0 | CM59: أنثى | CN59: 0 | CO59: 0 | CP59: 0 | CQ59: 0 | CR59: 0 | CS59: 0 | CT59: =SUM(CN59:CS59) -> 0 | CX59: أنثى | CY59: 0 | CZ59: 0 | DA59: 0 | DB59: 0 | DC59: 0 | DD59: 0 | DE59: =SUM(CY59:DD59) -> 0 | DI59: أنثى | DJ59: 0 | DK59: 0 | DL59: 0 | DM59: 0 | DN59: 0 | DO59: 0 | DP59: =SUM(DJ59:DO59) -> 0 | DT59: أنثى | DU59: 0 | DV59: 0 | DW59: 0 | DX59: 0 | DY59: 0 | DZ59: 0 | EA59: =SUM(DU59:DZ59) -> 0 | EE59: أنثى | EF59: =SUM(D59+O59+Z59+AK59+AV59+BG59+BR59+CC59+CN59+CY59+DJ59+DU59) -> 0 | EG59: =SUM(E59+P59+AA59+AL59+AW59+BH59+BS59+CD59+CO59+CZ59+DK59+DV59) -> 0 | EH59: =SUM(F59+Q59+AB59+AM59+AX59+BI59+BT59+CE59+CP59+DA59+DL59+DW59) -> 0 | EI59: =SUM(G59+R59+AC59+AN59+AY59+BJ59+BU59+CF59+CQ59+DB59+DM59+DX59) -> 0 | EJ59: =SUM(H59+S59+AD59+AO59+AZ59+BK59+BV59+CG59+CR59+DC59+DN59+DY59) -> 0 | EK59: =SUM(I59+T59+AE59+AP59+BA59+BL59+BW59+CH59+CS59+DD59+DO59+DZ59) -> 2 | EL59: =SUM(EF59:EK59) -> 2
B60: مجموع الغير سعوديين | D60: =SUM(D58:D59) -> 0 | E60: =SUM(E58:E59) -> 0 | F60: =SUM(F58:F59) -> 0 | G60: =SUM(G58:G59) -> 0 | H60: =SUM(H58:H59) -> 0 | I60: =SUM(I58:I59) -> 0 | J60: =SUM(J58:J59) -> 0 | M60: مجموع الغير سعوديين | O60: =SUM(O58:O59) -> 0 | P60: =SUM(P58:P59) -> 0 | Q60: =SUM(Q58:Q59) -> 0 | R60: =SUM(R58:R59) -> 0 | S60: =SUM(S58:S59) -> 0 | T60: =SUM(T58:T59) -> 0 | U60: =SUM(U58:U59) -> 0 | X60: مجموع الغير سعوديين | Z60: =SUM(Z58:Z59) -> 0 | AA60: =SUM(AA58:AA59) -> 0 | AB60: =SUM(AB58:AB59) -> 0 | AC60: =SUM(AC58:AC59) -> 0 | AD60: =SUM(AD58:AD59) -> 0 | AE60: =SUM(AE58:AE59) -> 0 | AF60: =SUM(AF58:AF59) -> 0 | AI60: مجموع الغير سعوديين | AK60: =SUM(AK58:AK59) -> 0 | AL60: =SUM(AL58:AL59) -> 0 | AM60: =SUM(AM58:AM59) -> 0 | AN60: =SUM(AN58:AN59) -> 0 | AO60: =SUM(AO58:AO59) -> 0 | AP60: =SUM(AP58:AP59) -> 4 | AQ60: =SUM(AQ58:AQ59) -> 4 | AT60: مجموع الغير سعوديين | AV60: =SUM(AV58:AV59) -> 0 | AW60: =SUM(AW58:AW59) -> 0 | AX60: =SUM(AX58:AX59) -> 0 | AY60: =SUM(AY58:AY59) -> 0 | AZ60: =SUM(AZ58:AZ59) -> 0 | BA60: =SUM(BA58:BA59) -> 0 | BB60: =SUM(BB58:BB59) -> 0 | BE60: مجموع الغير سعوديين | BG60: =SUM(BG58:BG59) -> 0 | BH60: =SUM(BH58:BH59) -> 0 | BI60: =SUM(BI58:BI59) -> 0 | BJ60: =SUM(BJ58:BJ59) -> 0 | BK60: =SUM(BK58:BK59) -> 0 | BL60: =SUM(BL58:BL59) -> 0 | BM60: =SUM(BM58:BM59) -> 0 | BP60: مجموع الغير سعوديين | BR60: =SUM(BR58:BR59) -> 0 | BS60: =SUM(BS58:BS59) -> 0 | BT60: =SUM(BT58:BT59) -> 0 | BU60: =SUM(BU58:BU59) -> 0 | BV60: =SUM(BV58:BV59) -> 0 | BW60: =SUM(BW58:BW59) -> 0 | BX60: =SUM(BX58:BX59) -> 0 | CA60: مجموع الغير سعوديين | CC60: =SUM(CC58:CC59) -> 0 | CD60: =SUM(CD58:CD59) -> 0 | CE60: =SUM(CE58:CE59) -> 0 | CF60: =SUM(CF58:CF59) -> 0 | CG60: =SUM(CG58:CG59) -> 0 | CH60: =SUM(CH58:CH59) -> 0 | CI60: =SUM(CI58:CI59) -> 0 | CL60: مجموع الغير سعوديين | CN60: =SUM(CN58:CN59) -> 0 | CO60: =SUM(CO58:CO59) -> 0 | CP60: =SUM(CP58:CP59) -> 0 | CQ60: =SUM(CQ58:CQ59) -> 0 | CR60: =SUM(CR58:CR59) -> 0 | CS60: =SUM(CS58:CS59) -> 0 | CT60: =SUM(CT58:CT59) -> 0 | CW60: مجموع الغير سعوديين | CY60: =SUM(CY58:CY59) -> 0 | CZ60: =SUM(CZ58:CZ59) -> 0 | DA60: =SUM(DA58:DA59) -> 0 | DB60: =SUM(DB58:DB59) -> 0 | DC60: =SUM(DC58:DC59) -> 0 | DD60: =SUM(DD58:DD59) -> 0 | DE60: =SUM(DE58:DE59) -> 0 | DH60: مجموع الغير سعوديين | DJ60: =SUM(DJ58:DJ59) -> 0 | DK60: =SUM(DK58:DK59) -> 0 | DL60: =SUM(DL58:DL59) -> 0 | DM60: =SUM(DM58:DM59) -> 0 | DN60: =SUM(DN58:DN59) -> 0 | DO60: =SUM(DO58:DO59) -> 0 | DP60: =SUM(DP58:DP59) -> 0 | DS60: مجموع الغير سعوديين | DU60: =SUM(DU58:DU59) -> 0 | DV60: =SUM(DV58:DV59) -> 0 | DW60: =SUM(DW58:DW59) -> 0 | DX60: =SUM(DX58:DX59) -> 0 | DY60: =SUM(DY58:DY59) -> 0 | DZ60: =SUM(DZ58:DZ59) -> 0 | EA60: =SUM(EA58:EA59) -> 0 | ED60: مجموع الغير سعوديين | EF60: =SUM(EF58:EF59) -> 0 | EG60: =SUM(EG58:EG59) -> 0 | EH60: =SUM(EH58:EH59) -> 0 | EI60: =SUM(EI58:EI59) -> 0 | EJ60: =SUM(EJ58:EJ59) -> 0 | EK60: =SUM(EK58:EK59) -> 4 | EL60: =SUM(EL58:EL59) -> 4
B61: المجموع الكلي | D61: =SUM(D57+D60) -> 0 | E61: =SUM(E57+E60) -> 0 | F61: =SUM(F57+F60) -> 0 | G61: =SUM(G57+G60) -> 0 | H61: =SUM(H57+H60) -> 0 | I61: =SUM(I57+I60) -> 0 | J61: =SUM(J57+J60) -> 0 | M61: المجموع الكلي | O61: =SUM(O57+O60) -> 0 | P61: =SUM(P57+P60) -> 0 | Q61: =SUM(Q57+Q60) -> 0 | R61: =SUM(R57+R60) -> 0 | S61: =SUM(S57+S60) -> 0 | T61: =SUM(T57+T60) -> 0 | U61: =SUM(U57+U60) -> 0 | X61: المجموع الكلي | Z61: =SUM(Z57+Z60) -> 0 | AA61: =SUM(AA57+AA60) -> 0 | AB61: =SUM(AB57+AB60) -> 0 | AC61: =SUM(AC57+AC60) -> 0 | AD61: =SUM(AD57+AD60) -> 0 | AE61: =SUM(AE57+AE60) -> 0 | AF61: =SUM(AF57+AF60) -> 0 | AI61: المجموع الكلي | AK61: =SUM(AK57+AK60) -> 0 | AL61: =SUM(AL57+AL60) -> 0 | AM61: =SUM(AM57+AM60) -> 0 | AN61: =SUM(AN57+AN60) -> 0 | AO61: =SUM(AO57+AO60) -> 12 | AP61: =SUM(AP57+AP60) -> 5 | AQ61: =SUM(AQ57+AQ60) -> 17 | AT61: المجموع الكلي | AV61: =SUM(AV57+AV60) -> 0 | AW61: =SUM(AW57+AW60) -> 0 | AX61: =SUM(AX57+AX60) -> 0 | AY61: =SUM(AY57+AY60) -> 0 | AZ61: =SUM(AZ57+AZ60) -> 0 | BA61: =SUM(BA57+BA60) -> 0 | BB61: =SUM(BB57+BB60) -> 0 | BE61: المجموع الكلي | BG61: =SUM(BG57+BG60) -> 0 | BH61: =SUM(BH57+BH60) -> 0 | BI61: =SUM(BI57+BI60) -> 0 | BJ61: =SUM(BJ57+BJ60) -> 0 | BK61: =SUM(BK57+BK60) -> 0 | BL61: =SUM(BL57+BL60) -> 0 | BM61: =SUM(BM57+BM60) -> 0 | BP61: المجموع الكلي | BR61: =SUM(BR57+BR60) -> 0 | BS61: =SUM(BS57+BS60) -> 0 | BT61: =SUM(BT57+BT60) -> 0 | BU61: =SUM(BU57+BU60) -> 0 | BV61: =SUM(BV57+BV60) -> 0 | BW61: =SUM(BW57+BW60) -> 0 | BX61: =SUM(BX57+BX60) -> 0 | CA61: المجموع الكلي | CC61: =SUM(CC57+CC60) -> 0 | CD61: =SUM(CD57+CD60) -> 0 | CE61: =SUM(CE57+CE60) -> 0 | CF61: =SUM(CF57+CF60) -> 0 | CG61: =SUM(CG57+CG60) -> 0 | CH61: =SUM(CH57+CH60) -> 0 | CI61: =SUM(CI57+CI60) -> 0 | CL61: المجموع الكلي | CN61: =SUM(CN57+CN60) -> 0 | CO61: =SUM(CO57+CO60) -> 0 | CP61: =SUM(CP57+CP60) -> 0 | CQ61: =SUM(CQ57+CQ60) -> 0 | CR61: =SUM(CR57+CR60) -> 0 | CS61: =SUM(CS57+CS60) -> 0 | CT61: =SUM(CT57+CT60) -> 0 | CW61: المجموع الكلي | CY61: =SUM(CY57+CY60) -> 0 | CZ61: =SUM(CZ57+CZ60) -> 0 | DA61: =SUM(DA57+DA60) -> 0 | DB61: =SUM(DB57+DB60) -> 0 | DC61: =SUM(DC57+DC60) -> 0 | DD61: =SUM(DD57+DD60) -> 0 | DE61: =SUM(DE57+DE60) -> 0 | DH61: المجموع الكلي | DJ61: =SUM(DJ57+DJ60) -> 0 | DK61: =SUM(DK57+DK60) -> 0 | DL61: =SUM(DL57+DL60) -> 0 | DM61: =SUM(DM57+DM60) -> 0 | DN61: =SUM(DN57+DN60) -> 0 | DO61: =SUM(DO57+DO60) -> 0 | DP61: =SUM(DP57+DP60) -> 0 | DS61: المجموع الكلي | DU61: =SUM(DU57+DU60) -> 0 | DV61: =SUM(DV57+DV60) -> 0 | DW61: =SUM(DW57+DW60) -> 0 | DX61: =SUM(DX57+DX60) -> 0 | DY61: =SUM(DY57+DY60) -> 0 | DZ61: =SUM(DZ57+DZ60) -> 0 | EA61: =SUM(EA57+EA60) -> 0 | ED61: المجموع الكلي | EF61: =SUM(EF57+EF60) -> 0 | EG61: =SUM(EG57+EG60) -> 0 | EH61: =SUM(EH57+EH60) -> 0 | EI61: =SUM(EI57+EI60) -> 0 | EJ61: =SUM(EJ57+EJ60) -> 12 | EK61: =SUM(EK57+EK60) -> 5 | EL61: =SUM(EL57+EL60) -> 17
A62: 0 | B62: سعودي | C62: ذكر | D62: 0 | E62: 0 | F62: 0 | G62: 0 | H62: 0 | I62: 0 | J62: =SUM(D62:I62) -> 0 | L62: 0 | M62: سعودي | N62: ذكر | O62: 0 | P62: 0 | Q62: 0 | R62: 0 | S62: 0 | T62: 0 | U62: =SUM(O62:T62) -> 0 | W62: 0 | X62: سعودي | Y62: ذكر | Z62: 0 | AA62: 0 | AB62: 0 | AC62: 0 | AD62: 0 | AE62: 0 | AF62: =SUM(Z62:AE62) -> 0 | AH62: 0 | AI62: سعودي | AJ62: ذكر | AK62: 0 | AL62: 0 | AM62: 0 | AN62: 0 | AO62: 0 | AP62: 0 | AQ62: =SUM(AK62:AP62) -> 0 | AS62: 0 | AT62: سعودي | AU62: ذكر | AV62: 0 | AW62: 0 | AX62: 0 | AY62: 0 | AZ62: 0 | BA62: 0 | BB62: =SUM(AV62:BA62) -> 0 | BD62: 0 | BE62: سعودي | BF62: ذكر | BG62: 0 | BH62: 0 | BI62: 0 | BJ62: 0 | BK62: 0 | BL62: 0 | BM62: =SUM(BG62:BL62) -> 0 | BO62: 0 | BP62: سعودي | BQ62: ذكر | BR62: 0 | BS62: 0 | BT62: 0 | BU62: 0 | BV62: 0 | BW62: 0 | BX62: =SUM(BR62:BW62) -> 0 | BZ62: 0 | CA62: سعودي | CB62: ذكر | CC62: 0 | CD62: 0 | CE62: 0 | CF62: 0 | CG62: 0 | CH62: 0 | CI62: =SUM(CC62:CH62) -> 0 | CK62: 0 | CL62: سعودي | CM62: ذكر | CN62: 0 | CO62: 0 | CP62: 0 | CQ62: 0 | CR62: 0 | CS62: 0 | CT62: =SUM(CN62:CS62) -> 0 | CV62: 0 | CW62: سعودي | CX62: ذكر | CY62: 0 | CZ62: 0 | DA62: 0 | DB62: 0 | DC62: 0 | DD62: 0 | DE62: =SUM(CY62:DD62) -> 0 | DG62: 0 | DH62: سعودي | DI62: ذكر | DJ62: 0 | DK62: 0 | DL62: 0 | DM62: 0 | DN62: 0 | DO62: 0 | DP62: =SUM(DJ62:DO62) -> 0 | DR62: 0 | DS62: سعودي | DT62: ذكر | DU62: 0 | DV62: 0 | DW62: 0 | DX62: 0 | DY62: 0 | DZ62: 0 | EA62: =SUM(DU62:DZ62) -> 0 | EC62: =DR62 -> 0 | ED62: سعودي | EE62: ذكر | EF62: =SUM(D62+O62+Z62+AK62+AV62+BG62+BR62+CC62+CN62+CY62+DJ62+DU62) -> 0 | EG62: =SUM(E62+P62+AA62+AL62+AW62+BH62+BS62+CD62+CO62+CZ62+DK62+DV62) -> 0 | EH62: =SUM(F62+Q62+AB62+AM62+AX62+BI62+BT62+CE62+CP62+DA62+DL62+DW62) -> 0 | EI62: =SUM(G62+R62+AC62+AN62+AY62+BJ62+BU62+CF62+CQ62+DB62+DM62+DX62) -> 0 | EJ62: 0 | EK62: =SUM(I62+T62+AE62+AP62+BA62+BL62+BW62+CH62+CS62+DD62+DO62+DZ62) -> 0 | EL62: =SUM(EF62:EK62) -> 0
C63: أنثى | D63: 0 | E63: 0 | F63: 0 | G63: 0 | H63: 0 | I63: 0 | J63: =SUM(D63:I63) -> 0 | N63: أنثى | O63: 0 | P63: 0 | Q63: 0 | R63: 0 | S63: 0 | T63: 0 | U63: =SUM(O63:T63) -> 0 | Y63: أنثى | Z63: 0 | AA63: 0 | AB63: 0 | AC63: 0 | AD63: 0 | AE63: 0 | AF63: =SUM(Z63:AE63) -> 0 | AJ63: أنثى | AK63: 0 | AL63: 0 | AM63: 0 | AN63: 0 | AO63: 0 | AP63: 0 | AQ63: =SUM(AK63:AP63) -> 0 | AU63: أنثى | AV63: 0 | AW63: 0 | AX63: 0 | AY63: 0 | AZ63: 0 | BA63: 0 | BB63: =SUM(AV63:BA63) -> 0 | BF63: أنثى | BG63: 0 | BH63: 0 | BI63: 0 | BJ63: 0 | BK63: 0 | BL63: 0 | BM63: =SUM(BG63:BL63) -> 0 | BQ63: أنثى | BR63: 0 | BS63: 0 | BT63: 0 | BU63: 0 | BV63: 0 | BW63: 0 | BX63: =SUM(BR63:BW63) -> 0 | CB63: أنثى | CC63: 0 | CD63: 0 | CE63: 0 | CF63: 0 | CG63: 0 | CH63: 0 | CI63: =SUM(CC63:CH63) -> 0 | CM63: أنثى | CN63: 0 | CO63: 0 | CP63: 0 | CQ63: 0 | CR63: 0 | CS63: 0 | CT63: =SUM(CN63:CS63) -> 0 | CX63: أنثى | CY63: 0 | CZ63: 0 | DA63: 0 | DB63: 0 | DC63: 0 | DD63: 0 | DE63: =SUM(CY63:DD63) -> 0 | DI63: أنثى | DJ63: 0 | DK63: 0 | DL63: 0 | DM63: 0 | DN63: 0 | DO63: 0 | DP63: =SUM(DJ63:DO63) -> 0 | DT63: أنثى | DU63: 0 | DV63: 0 | DW63: 0 | DX63: 0 | DY63: 0 | DZ63: 0 | EA63: =SUM(DU63:DZ63) -> 0 | EE63: أنثى | EF63: =SUM(D63+O63+Z63+AK63+AV63+BG63+BR63+CC63+CN63+CY63+DJ63+DU63) -> 0 | EG63: =SUM(E63+P63+AA63+AL63+AW63+BH63+BS63+CD63+CO63+CZ63+DK63+DV63) -> 0 | EH63: =SUM(F63+Q63+AB63+AM63+AX63+BI63+BT63+CE63+CP63+DA63+DL63+DW63) -> 0 | EI63: =SUM(G63+R63+AC63+AN63+AY63+BJ63+BU63+CF63+CQ63+DB63+DM63+DX63) -> 0 | EJ63: =SUM(H63+S63+AD63+AO63+AZ63+BK63+BV63+CG63+CR63+DC63+DN63+DY63) -> 0 | EK63: =SUM(I63+T63+AE63+AP63+BA63+BL63+BW63+CH63+CS63+DD63+DO63+DZ63) -> 0 | EL63: =SUM(EF63:EK63) -> 0
B64: مجموع السعوديين | D64: =SUM(D62:D63) -> 0 | E64: =SUM(E62:E63) -> 0 | F64: =SUM(F62:F63) -> 0 | G64: =SUM(G62:G63) -> 0 | H64: =SUM(H62:H63) -> 0 | I64: =SUM(I62:I63) -> 0 | J64: =SUM(J62:J63) -> 0 | M64: مجموع السعوديين | O64: =SUM(O62:O63) -> 0 | P64: =SUM(P62:P63) -> 0 | Q64: =SUM(Q62:Q63) -> 0 | R64: =SUM(R62:R63) -> 0 | S64: =SUM(S62:S63) -> 0 | T64: =SUM(T62:T63) -> 0 | U64: =SUM(U62:U63) -> 0 | X64: مجموع السعوديين | Z64: =SUM(Z62:Z63) -> 0 | AA64: =SUM(AA62:AA63) -> 0 | AB64: =SUM(AB62:AB63) -> 0 | AC64: =SUM(AC62:AC63) -> 0 | AD64: =SUM(AD62:AD63) -> 0 | AE64: =SUM(AE62:AE63) -> 0 | AF64: =SUM(AF62:AF63) -> 0 | AI64: مجموع السعوديين | AK64: =SUM(AK62:AK63) -> 0 | AL64: =SUM(AL62:AL63) -> 0 | AM64: =SUM(AM62:AM63) -> 0 | AN64: =SUM(AN62:AN63) -> 0 | AO64: =SUM(AO62:AO63) -> 0 | AP64: =SUM(AP62:AP63) -> 0 | AQ64: =SUM(AQ62:AQ63) -> 0 | AT64: مجموع السعوديين | AV64: =SUM(AV62:AV63) -> 0 | AW64: =SUM(AW62:AW63) -> 0 | AX64: =SUM(AX62:AX63) -> 0 | AY64: =SUM(AY62:AY63) -> 0 | AZ64: =SUM(AZ62:AZ63) -> 0 | BA64: =SUM(BA62:BA63) -> 0 | BB64: =SUM(BB62:BB63) -> 0 | BE64: مجموع السعوديين | BG64: =SUM(BG62:BG63) -> 0 | BH64: =SUM(BH62:BH63) -> 0 | BI64: =SUM(BI62:BI63) -> 0 | BJ64: =SUM(BJ62:BJ63) -> 0 | BK64: =SUM(BK62:BK63) -> 0 | BL64: =SUM(BL62:BL63) -> 0 | BM64: =SUM(BM62:BM63) -> 0 | BP64: مجموع السعوديين | BR64: =SUM(BR62:BR63) -> 0 | BS64: =SUM(BS62:BS63) -> 0 | BT64: =SUM(BT62:BT63) -> 0 | BU64: =SUM(BU62:BU63) -> 0 | BV64: =SUM(BV62:BV63) -> 0 | BW64: =SUM(BW62:BW63) -> 0 | BX64: =SUM(BX62:BX63) -> 0 | CA64: مجموع السعوديين | CC64: =SUM(CC62:CC63) -> 0 | CD64: =SUM(CD62:CD63) -> 0 | CE64: =SUM(CE62:CE63) -> 0 | CF64: =SUM(CF62:CF63) -> 0 | CG64: =SUM(CG62:CG63) -> 0 | CH64: =SUM(CH62:CH63) -> 0 | CI64: =SUM(CI62:CI63) -> 0 | CL64: مجموع السعوديين | CN64: =SUM(CN62:CN63) -> 0 | CO64: =SUM(CO62:CO63) -> 0 | CP64: =SUM(CP62:CP63) -> 0 | CQ64: =SUM(CQ62:CQ63) -> 0 | CR64: =SUM(CR62:CR63) -> 0 | CS64: =SUM(CS62:CS63) -> 0 | CT64: =SUM(CT62:CT63) -> 0 | CW64: مجموع السعوديين | CY64: =SUM(CY62:CY63) -> 0 | CZ64: =SUM(CZ62:CZ63) -> 0 | DA64: =SUM(DA62:DA63) -> 0 | DB64: =SUM(DB62:DB63) -> 0 | DC64: =SUM(DC62:DC63) -> 0 | DD64: =SUM(DD62:DD63) -> 0 | DE64: =SUM(DE62:DE63) -> 0 | DH64: مجموع السعوديين | DJ64: =SUM(DJ62:DJ63) -> 0 | DK64: =SUM(DK62:DK63) -> 0 | DL64: =SUM(DL62:DL63) -> 0 | DM64: =SUM(DM62:DM63) -> 0 | DN64: =SUM(DN62:DN63) -> 0 | DO64: =SUM(DO62:DO63) -> 0 | DP64: =SUM(DP62:DP63) -> 0 | DS64: مجموع السعوديين | DU64: =SUM(DU62:DU63) -> 0 | DV64: =SUM(DV62:DV63) -> 0 | DW64: =SUM(DW62:DW63) -> 0 | DX64: =SUM(DX62:DX63) -> 0 | DY64: =SUM(DY62:DY63) -> 0 | DZ64: =SUM(DZ62:DZ63) -> 0 | EA64: =SUM(EA62:EA63) -> 0 | ED64: مجموع السعوديين | EF64: =SUM(EF62:EF63) -> 0 | EG64: =SUM(EG62:EG63) -> 0 | EH64: =SUM(EH62:EH63) -> 0 | EI64: =SUM(EI62:EI63) -> 0 | EJ64: =SUM(EJ62:EJ63) -> 0 | EK64: =SUM(EK62:EK63) -> 0 | EL64: =SUM(EL62:EL63) -> 0
B65: غير سعودي | C65: ذكر | D65: 0 | E65: 0 | F65: 0 | G65: 0 | H65: 0 | I65: 0 | J65: =SUM(D65:I65) -> 0 | M65: غير سعودي | N65: ذكر | O65: 0 | P65: 0 | Q65: 0 | R65: 0 | S65: 0 | T65: 0 | U65: =SUM(O65:T65) -> 0 | X65: غير سعودي | Y65: ذكر | Z65: 0 | AA65: 0 | AB65: 0 | AC65: 0 | AD65: 0 | AE65: 0 | AF65: =SUM(Z65:AE65) -> 0 | AI65: غير سعودي | AJ65: ذكر | AK65: 0 | AL65: 0 | AM65: 0 | AN65: 0 | AO65: 0 | AP65: 0 | AQ65: =SUM(AK65:AP65) -> 0 | AT65: غير سعودي | AU65: ذكر | AV65: 0 | AW65: 0 | AX65: 0 | AY65: 0 | AZ65: 0 | BA65: 0 | BB65: =SUM(AV65:BA65) -> 0 | BE65: غير سعودي | BF65: ذكر | BG65: 0 | BH65: 0 | BI65: 0 | BJ65: 0 | BK65: 0 | BL65: 0 | BM65: =SUM(BG65:BL65) -> 0 | BP65: غير سعودي | BQ65: ذكر | BR65: 0 | BS65: 0 | BT65: 0 | BU65: 0 | BV65: 0 | BW65: 0 | BX65: =SUM(BR65:BW65) -> 0 | CA65: غير سعودي | CB65: ذكر | CC65: 0 | CD65: 0 | CE65: 0 | CF65: 0 | CG65: 0 | CH65: 0 | CI65: =SUM(CC65:CH65) -> 0 | CL65: غير سعودي | CM65: ذكر | CN65: 0 | CO65: 0 | CP65: 0 | CQ65: 0 | CR65: 0 | CS65: 0 | CT65: =SUM(CN65:CS65) -> 0 | CW65: غير سعودي | CX65: ذكر | CY65: 0 | CZ65: 0 | DA65: 0 | DB65: 0 | DC65: 0 | DD65: 0 | DE65: =SUM(CY65:DD65) -> 0 | DH65: غير سعودي | DI65: ذكر | DJ65: 0 | DK65: 0 | DL65: 0 | DM65: 0 | DN65: 0 | DO65: 0 | DP65: =SUM(DJ65:DO65) -> 0 | DS65: غير سعودي | DT65: ذكر | DU65: 0 | DV65: 0 | DW65: 0 | DX65: 0 | DY65: 0 | DZ65: 0 | EA65: =SUM(DU65:DZ65) -> 0 | ED65: غير سعودي | EE65: ذكر | EF65: =SUM(D65+O65+Z65+AK65+AV65+BG65+BR65+CC65+CN65+CY65+DJ65+DU65) -> 0 | EG65: =SUM(E65+P65+AA65+AL65+AW65+BH65+BS65+CD65+CO65+CZ65+DK65+DV65) -> 0 | EH65: =SUM(F65+Q65+AB65+AM65+AX65+BI65+BT65+CE65+CP65+DA65+DL65+DW65) -> 0 | EI65: =SUM(G65+R65+AC65+AN65+AY65+BJ65+BU65+CF65+CQ65+DB65+DM65+DX65) -> 0 | EJ65: 0 | EK65: =SUM(I65+T65+AE65+AP65+BA65+BL65+BW65+CH65+CS65+DD65+DO65+DZ65) -> 0 | EL65: =SUM(EF65:EK65) -> 0
C66: أنثى | D66: 0 | E66: 0 | F66: 0 | G66: 0 | H66: 0 | I66: 0 | J66: =SUM(D66:I66) -> 0 | N66: أنثى | O66: 0 | P66: 0 | Q66: 0 | R66: 0 | S66: 0 | T66: 0 | U66: =SUM(O66:T66) -> 0 | Y66: أنثى | Z66: 0 | AA66: 0 | AB66: 0 | AC66: 0 | AD66: 0 | AE66: 0 | AF66: =SUM(Z66:AE66) -> 0 | AJ66: أنثى | AK66: 0 | AL66: 0 | AM66: 0 | AN66: 0 | AO66: 0 | AP66: 0 | AQ66: =SUM(AK66:AP66) -> 0 | AU66: أنثى | AV66: 0 | AW66: 0 | AX66: 0 | AY66: 0 | AZ66: 0 | BA66: 0 | BB66: =SUM(AV66:BA66) -> 0 | BF66: أنثى | BG66: 0 | BH66: 0 | BI66: 0 | BJ66: 0 | BK66: 0 | BL66: 0 | BM66: =SUM(BG66:BL66) -> 0 | BQ66: أنثى | BR66: 0 | BS66: 0 | BT66: 0 | BU66: 0 | BV66: 0 | BW66: 0 | BX66: =SUM(BR66:BW66) -> 0 | CB66: أنثى | CC66: 0 | CD66: 0 | CE66: 0 | CF66: 0 | CG66: 0 | CH66: 0 | CI66: =SUM(CC66:CH66) -> 0 | CM66: أنثى | CN66: 0 | CO66: 0 | CP66: 0 | CQ66: 0 | CR66: 0 | CS66: 0 | CT66: =SUM(CN66:CS66) -> 0 | CX66: أنثى | CY66: 0 | CZ66: 0 | DA66: 0 | DB66: 0 | DC66: 0 | DD66: 0 | DE66: =SUM(CY66:DD66) -> 0 | DI66: أنثى | DJ66: 0 | DK66: 0 | DL66: 0 | DM66: 0 | DN66: 0 | DO66: 0 | DP66: =SUM(DJ66:DO66) -> 0 | DT66: أنثى | DU66: 0 | DV66: 0 | DW66: 0 | DX66: 0 | DY66: 0 | DZ66: 0 | EA66: =SUM(DU66:DZ66) -> 0 | EE66: أنثى | EF66: =SUM(D66+O66+Z66+AK66+AV66+BG66+BR66+CC66+CN66+CY66+DJ66+DU66) -> 0 | EG66: =SUM(E66+P66+AA66+AL66+AW66+BH66+BS66+CD66+CO66+CZ66+DK66+DV66) -> 0 | EH66: =SUM(F66+Q66+AB66+AM66+AX66+BI66+BT66+CE66+CP66+DA66+DL66+DW66) -> 0 | EI66: =SUM(G66+R66+AC66+AN66+AY66+BJ66+BU66+CF66+CQ66+DB66+DM66+DX66) -> 0 | EJ66: =SUM(H66+S66+AD66+AO66+AZ66+BK66+BV66+CG66+CR66+DC66+DN66+DY66) -> 0 | EK66: =SUM(I66+T66+AE66+AP66+BA66+BL66+BW66+CH66+CS66+DD66+DO66+DZ66) -> 0 | EL66: =SUM(EF66:EK66) -> 0
B67: مجموع الغير سعوديين | D67: =SUM(D65:D66) -> 0 | E67: =SUM(E65:E66) -> 0 | F67: =SUM(F65:F66) -> 0 | G67: =SUM(G65:G66) -> 0 | H67: =SUM(H65:H66) -> 0 | I67: =SUM(I65:I66) -> 0 | J67: =SUM(J65:J66) -> 0 | M67: مجموع الغير سعوديين | O67: =SUM(O65:O66) -> 0 | P67: =SUM(P65:P66) -> 0 | Q67: =SUM(Q65:Q66) -> 0 | R67: =SUM(R65:R66) -> 0 | S67: =SUM(S65:S66) -> 0 | T67: =SUM(T65:T66) -> 0 | U67: =SUM(U65:U66) -> 0 | X67: مجموع الغير سعوديين | Z67: =SUM(Z65:Z66) -> 0 | AA67: =SUM(AA65:AA66) -> 0 | AB67: =SUM(AB65:AB66) -> 0 | AC67: =SUM(AC65:AC66) -> 0 | AD67: =SUM(AD65:AD66) -> 0 | AE67: =SUM(AE65:AE66) -> 0 | AF67: =SUM(AF65:AF66) -> 0 | AI67: مجموع الغير سعوديين | AK67: =SUM(AK65:AK66) -> 0 | AL67: =SUM(AL65:AL66) -> 0 | AM67: =SUM(AM65:AM66) -> 0 | AN67: =SUM(AN65:AN66) -> 0 | AO67: =SUM(AO65:AO66) -> 0 | AP67: =SUM(AP65:AP66) -> 0 | AQ67: =SUM(AQ65:AQ66) -> 0 | AT67: مجموع الغير سعوديين | AV67: =SUM(AV65:AV66) -> 0 | AW67: =SUM(AW65:AW66) -> 0 | AX67: =SUM(AX65:AX66) -> 0 | AY67: =SUM(AY65:AY66) -> 0 | AZ67: =SUM(AZ65:AZ66) -> 0 | BA67: =SUM(BA65:BA66) -> 0 | BB67: =SUM(BB65:BB66) -> 0 | BE67: مجموع الغير سعوديين | BG67: =SUM(BG65:BG66) -> 0 | BH67: =SUM(BH65:BH66) -> 0 | BI67: =SUM(BI65:BI66) -> 0 | BJ67: =SUM(BJ65:BJ66) -> 0 | BK67: =SUM(BK65:BK66) -> 0 | BL67: =SUM(BL65:BL66) -> 0 | BM67: =SUM(BM65:BM66) -> 0 | BP67: مجموع الغير سعوديين | BR67: =SUM(BR65:BR66) -> 0 | BS67: =SUM(BS65:BS66) -> 0 | BT67: =SUM(BT65:BT66) -> 0 | BU67: =SUM(BU65:BU66) -> 0 | BV67: =SUM(BV65:BV66) -> 0 | BW67: =SUM(BW65:BW66) -> 0 | BX67: =SUM(BX65:BX66) -> 0 | CA67: مجموع الغير سعوديين | CC67: =SUM(CC65:CC66) -> 0 | CD67: =SUM(CD65:CD66) -> 0 | CE67: =SUM(CE65:CE66) -> 0 | CF67: =SUM(CF65:CF66) -> 0 | CG67: =SUM(CG65:CG66) -> 0 | CH67: =SUM(CH65:CH66) -> 0 | CI67: =SUM(CI65:CI66) -> 0 | CL67: مجموع الغير سعوديين | CN67: =SUM(CN65:CN66) -> 0 | CO67: =SUM(CO65:CO66) -> 0 | CP67: =SUM(CP65:CP66) -> 0 | CQ67: =SUM(CQ65:CQ66) -> 0 | CR67: =SUM(CR65:CR66) -> 0 | CS67: =SUM(CS65:CS66) -> 0 | CT67: =SUM(CT65:CT66) -> 0 | CW67: مجموع الغير سعوديين | CY67: =SUM(CY65:CY66) -> 0 | CZ67: =SUM(CZ65:CZ66) -> 0 | DA67: =SUM(DA65:DA66) -> 0 | DB67: =SUM(DB65:DB66) -> 0 | DC67: =SUM(DC65:DC66) -> 0 | DD67: =SUM(DD65:DD66) -> 0 | DE67: =SUM(DE65:DE66) -> 0 | DH67: مجموع الغير سعوديين | DJ67: =SUM(DJ65:DJ66) -> 0 | DK67: =SUM(DK65:DK66) -> 0 | DL67: =SUM(DL65:DL66) -> 0 | DM67: =SUM(DM65:DM66) -> 0 | DN67: =SUM(DN65:DN66) -> 0 | DO67: =SUM(DO65:DO66) -> 0 | DP67: =SUM(DP65:DP66) -> 0 | DS67: مجموع الغير سعوديين | DU67: =SUM(DU65:DU66) -> 0 | DV67: =SUM(DV65:DV66) -> 0 | DW67: =SUM(DW65:DW66) -> 0 | DX67: =SUM(DX65:DX66) -> 0 | DY67: =SUM(DY65:DY66) -> 0 | DZ67: =SUM(DZ65:DZ66) -> 0 | EA67: =SUM(EA65:EA66) -> 0 | ED67: مجموع الغير سعوديين | EF67: =SUM(EF65:EF66) -> 0 | EG67: =SUM(EG65:EG66) -> 0 | EH67: =SUM(EH65:EH66) -> 0 | EI67: =SUM(EI65:EI66) -> 0 | EJ67: =SUM(EJ65:EJ66) -> 0 | EK67: =SUM(EK65:EK66) -> 0 | EL67: =SUM(EL65:EL66) -> 0
B68: المجموع الكلي | D68: =SUM(D64+D67) -> 0 | E68: =SUM(E64+E67) -> 0 | F68: =SUM(F64+F67) -> 0 | G68: =SUM(G64+G67) -> 0 | H68: =SUM(H64+H67) -> 0 | I68: =SUM(I64+I67) -> 0 | J68: =SUM(J64+J67) -> 0 | M68: المجموع الكلي | O68: =SUM(O64+O67) -> 0 | P68: =SUM(P64+P67) -> 0 | Q68: =SUM(Q64+Q67) -> 0 | R68: =SUM(R64+R67) -> 0 | S68: =SUM(S64+S67) -> 0 | T68: =SUM(T64+T67) -> 0 | U68: =SUM(U64+U67) -> 0 | X68: المجموع الكلي | Z68: =SUM(Z64+Z67) -> 0 | AA68: =SUM(AA64+AA67) -> 0 | AB68: =SUM(AB64+AB67) -> 0 | AC68: =SUM(AC64+AC67) -> 0 | AD68: =SUM(AD64+AD67) -> 0 | AE68: =SUM(AE64+AE67) -> 0 | AF68: =SUM(AF64+AF67) -> 0 | AI68: المجموع الكلي | AK68: =SUM(AK64+AK67) -> 0 | AL68: =SUM(AL64+AL67) -> 0 | AM68: =SUM(AM64+AM67) -> 0 | AN68: =SUM(AN64+AN67) -> 0 | AO68: =SUM(AO64+AO67) -> 0 | AP68: =SUM(AP64+AP67) -> 0 | AQ68: =SUM(AQ64+AQ67) -> 0 | AT68: المجموع الكلي | AV68: =SUM(AV64+AV67) -> 0 | AW68: =SUM(AW64+AW67) -> 0 | AX68: =SUM(AX64+AX67) -> 0 | AY68: =SUM(AY64+AY67) -> 0 | AZ68: =SUM(AZ64+AZ67) -> 0 | BA68: =SUM(BA64+BA67) -> 0 | BB68: =SUM(BB64+BB67) -> 0 | BE68: المجموع الكلي | BG68: =SUM(BG64+BG67) -> 0 | BH68: =SUM(BH64+BH67) -> 0 | BI68: =SUM(BI64+BI67) -> 0 | BJ68: =SUM(BJ64+BJ67) -> 0 | BK68: =SUM(BK64+BK67) -> 0 | BL68: =SUM(BL64+BL67) -> 0 | BM68: =SUM(BM64+BM67) -> 0 | BP68: المجموع الكلي | BR68: =SUM(BR64+BR67) -> 0 | BS68: =SUM(BS64+BS67) -> 0 | BT68: =SUM(BT64+BT67) -> 0 | BU68: =SUM(BU64+BU67) -> 0 | BV68: =SUM(BV64+BV67) -> 0 | BW68: =SUM(BW64+BW67) -> 0 | BX68: =SUM(BX64+BX67) -> 0 | CA68: المجموع الكلي | CC68: =SUM(CC64+CC67) -> 0 | CD68: =SUM(CD64+CD67) -> 0 | CE68: =SUM(CE64+CE67) -> 0 | CF68: =SUM(CF64+CF67) -> 0 | CG68: =SUM(CG64+CG67) -> 0 | CH68: =SUM(CH64+CH67) -> 0 | CI68: =SUM(CI64+CI67) -> 0 | CL68: المجموع الكلي | CN68: =SUM(CN64+CN67) -> 0 | CO68: =SUM(CO64+CO67) -> 0 | CP68: =SUM(CP64+CP67) -> 0 | CQ68: =SUM(CQ64+CQ67) -> 0 | CR68: =SUM(CR64+CR67) -> 0 | CS68: =SUM(CS64+CS67) -> 0 | CT68: =SUM(CT64+CT67) -> 0 | CW68: المجموع الكلي | CY68: =SUM(CY64+CY67) -> 0 | CZ68: =SUM(CZ64+CZ67) -> 0 | DA68: =SUM(DA64+DA67) -> 0 | DB68: =SUM(DB64+DB67) -> 0 | DC68: =SUM(DC64+DC67) -> 0 | DD68: =SUM(DD64+DD67) -> 0 | DE68: =SUM(DE64+DE67) -> 0 | DH68: المجموع الكلي | DJ68: =SUM(DJ64+DJ67) -> 0 | DK68: =SUM(DK64+DK67) -> 0 | DL68: =SUM(DL64+DL67) -> 0 | DM68: =SUM(DM64+DM67) -> 0 | DN68: =SUM(DN64+DN67) -> 0 | DO68: =SUM(DO64+DO67) -> 0 | DP68: =SUM(DP64+DP67) -> 0 | DS68: المجموع الكلي | DU68: =SUM(DU64+DU67) -> 0 | DV68: =SUM(DV64+DV67) -> 0 | DW68: =SUM(DW64+DW67) -> 0 | DX68: =SUM(DX64+DX67) -> 0 | DY68: =SUM(DY64+DY67) -> 0 | DZ68: =SUM(DZ64+DZ67) -> 0 | EA68: =SUM(EA64+EA67) -> 0 | ED68: المجموع الكلي | EF68: =SUM(EF64+EF67) -> 0 | EG68: =SUM(EG64+EG67) -> 0 | EH68: =SUM(EH64+EH67) -> 0 | EI68: =SUM(EI64+EI67) -> 0 | EJ68: =SUM(EJ64+EJ67) -> 0 | EK68: =SUM(EK64+EK67) -> 0 | EL68: =SUM(EL64+EL67) -> 0
A69: 0 | B69: سعودي | C69: ذكر | D69: 0 | E69: 0 | F69: 0 | G69: 0 | H69: 0 | I69: 0 | J69: =SUM(D69:I69) -> 0 | L69: 0 | M69: سعودي | N69: ذكر | O69: 0 | P69: 0 | Q69: 0 | R69: 0 | S69: 0 | T69: 0 | U69: =SUM(O69:T69) -> 0 | W69: 0 | X69: سعودي | Y69: ذكر | Z69: 0 | AA69: 0 | AB69: 0 | AC69: 0 | AD69: 0 | AE69: 0 | AF69: =SUM(Z69:AE69) -> 0 | AH69: 0 | AI69: سعودي | AJ69: ذكر | AK69: 0 | AL69: 0 | AM69: 0 | AN69: 0 | AO69: 0 | AP69: 0 | AQ69: =SUM(AK69:AP69) -> 0 | AS69: 0 | AT69: سعودي | AU69: ذكر | AV69: 0 | AW69: 0 | AX69: 0 | AY69: 0 | AZ69: 0 | BA69: 0 | BB69: =SUM(AV69:BA69) -> 0 | BD69: 0 | BE69: سعودي | BF69: ذكر | BG69: 0 | BH69: 0 | BI69: 0 | BJ69: 0 | BK69: 0 | BL69: 0 | BM69: =SUM(BG69:BL69) -> 0 | BO69: 0 | BP69: سعودي | BQ69: ذكر | BR69: 0 | BS69: 0 | BT69: 0 | BU69: 0 | BV69: 0 | BW69: 0 | BX69: =SUM(BR69:BW69) -> 0 | BZ69: 0 | CA69: سعودي | CB69: ذكر | CC69: 0 | CD69: 0 | CE69: 0 | CF69: 0 | CG69: 0 | CH69: 0 | CI69: =SUM(CC69:CH69) -> 0 | CK69: 0 | CL69: سعودي | CM69: ذكر | CN69: 0 | CO69: 0 | CP69: 0 | CQ69: 0 | CR69: 0 | CS69: 0 | CT69: =SUM(CN69:CS69) -> 0 | CV69: 0 | CW69: سعودي | CX69: ذكر | CY69: 0 | CZ69: 0 | DA69: 0 | DB69: 0 | DC69: 0 | DD69: 0 | DE69: =SUM(CY69:DD69) -> 0 | DG69: 0 | DH69: سعودي | DI69: ذكر | DJ69: 0 | DK69: 0 | DL69: 0 | DM69: 0 | DN69: 0 | DO69: 0 | DP69: =SUM(DJ69:DO69) -> 0 | DR69: 0 | DS69: سعودي | DT69: ذكر | DU69: 0 | DV69: 0 | DW69: 0 | DX69: 0 | DY69: 0 | DZ69: 0 | EA69: =SUM(DU69:DZ69) -> 0 | EC69: =DR69 -> 0 | ED69: سعودي | EE69: ذكر | EF69: =SUM(D69+O69+Z69+AK69+AV69+BG69+BR69+CC69+CN69+CY69+DJ69+DU69) -> 0 | EG69: =SUM(E69+P69+AA69+AL69+AW69+BH69+BS69+CD69+CO69+CZ69+DK69+DV69) -> 0 | EH69: =SUM(F69+Q69+AB69+AM69+AX69+BI69+BT69+CE69+CP69+DA69+DL69+DW69) -> 0 | EI69: =SUM(G69+R69+AC69+AN69+AY69+BJ69+BU69+CF69+CQ69+DB69+DM69+DX69) -> 0 | EJ69: 0 | EK69: =SUM(I69+T69+AE69+AP69+BA69+BL69+BW69+CH69+CS69+DD69+DO69+DZ69) -> 0 | EL69: =SUM(EF69:EK69) -> 0
C70: أنثى | D70: 0 | E70: 0 | F70: 0 | G70: 0 | H70: 0 | I70: 0 | J70: =SUM(D70:I70) -> 0 | N70: أنثى | O70: 0 | P70: 0 | Q70: 0 | R70: 0 | S70: 0 | T70: 0 | U70: =SUM(O70:T70) -> 0 | Y70: أنثى | Z70: 0 | AA70: 0 | AB70: 0 | AC70: 0 | AD70: 0 | AE70: 0 | AF70: =SUM(Z70:AE70) -> 0 | AJ70: أنثى | AK70: 0 | AL70: 0 | AM70: 0 | AN70: 0 | AO70: 0 | AP70: 0 | AQ70: =SUM(AK70:AP70) -> 0 | AU70: أنثى | AV70: 0 | AW70: 0 | AX70: 0 | AY70: 0 | AZ70: 0 | BA70: 0 | BB70: =SUM(AV70:BA70) -> 0 | BF70: أنثى | BG70: 0 | BH70: 0 | BI70: 0 | BJ70: 0 | BK70: 0 | BL70: 0 | BM70: =SUM(BG70:BL70) -> 0 | BQ70: أنثى | BR70: 0 | BS70: 0 | BT70: 0 | BU70: 0 | BV70: 0 | BW70: 0 | BX70: =SUM(BR70:BW70) -> 0 | CB70: أنثى | CC70: 0 | CD70: 0 | CE70: 0 | CF70: 0 | CG70: 0 | CH70: 0 | CI70: =SUM(CC70:CH70) -> 0 | CM70: أنثى | CN70: 0 | CO70: 0 | CP70: 0 | CQ70: 0 | CR70: 0 | CS70: 0 | CT70: =SUM(CN70:CS70) -> 0 | CX70: أنثى | CY70: 0 | CZ70: 0 | DA70: 0 | DB70: 0 | DC70: 0 | DD70: 0 | DE70: =SUM(CY70:DD70) -> 0 | DI70: أنثى | DJ70: 0 | DK70: 0 | DL70: 0 | DM70: 0 | DN70: 0 | DO70: 0 | DP70: =SUM(DJ70:DO70) -> 0 | DT70: أنثى | DU70: 0 | DV70: 0 | DW70: 0 | DX70: 0 | DY70: 0 | DZ70: 0 | EA70: =SUM(DU70:DZ70) -> 0 | EE70: أنثى | EF70: =SUM(D70+O70+Z70+AK70+AV70+BG70+BR70+CC70+CN70+CY70+DJ70+DU70) -> 0 | EG70: =SUM(E70+P70+AA70+AL70+AW70+BH70+BS70+CD70+CO70+CZ70+DK70+DV70) -> 0 | EH70: =SUM(F70+Q70+AB70+AM70+AX70+BI70+BT70+CE70+CP70+DA70+DL70+DW70) -> 0 | EI70: =SUM(G70+R70+AC70+AN70+AY70+BJ70+BU70+CF70+CQ70+DB70+DM70+DX70) -> 0 | EJ70: =SUM(H70+S70+AD70+AO70+AZ70+BK70+BV70+CG70+CR70+DC70+DN70+DY70) -> 0 | EK70: =SUM(I70+T70+AE70+AP70+BA70+BL70+BW70+CH70+CS70+DD70+DO70+DZ70) -> 0 | EL70: =SUM(EF70:EK70) -> 0
B71: مجموع السعوديين | D71: =SUM(D69:D70) -> 0 | E71: =SUM(E69:E70) -> 0 | F71: =SUM(F69:F70) -> 0 | G71: =SUM(G69:G70) -> 0 | H71: =SUM(H69:H70) -> 0 | I71: =SUM(I69:I70) -> 0 | J71: =SUM(J69:J70) -> 0 | M71: مجموع السعوديين | O71: =SUM(O69:O70) -> 0 | P71: =SUM(P69:P70) -> 0 | Q71: =SUM(Q69:Q70) -> 0 | R71: =SUM(R69:R70) -> 0 | S71: =SUM(S69:S70) -> 0 | T71: =SUM(T69:T70) -> 0 | U71: =SUM(U69:U70) -> 0 | X71: مجموع السعوديين | Z71: =SUM(Z69:Z70) -> 0 | AA71: =SUM(AA69:AA70) -> 0 | AB71: =SUM(AB69:AB70) -> 0 | AC71: =SUM(AC69:AC70) -> 0 | AD71: =SUM(AD69:AD70) -> 0 | AE71: =SUM(AE69:AE70) -> 0 | AF71: =SUM(AF69:AF70) -> 0 | AI71: مجموع السعوديين | AK71: =SUM(AK69:AK70) -> 0 | AL71: =SUM(AL69:AL70) -> 0 | AM71: =SUM(AM69:AM70) -> 0 | AN71: =SUM(AN69:AN70) -> 0 | AO71: =SUM(AO69:AO70) -> 0 | AP71: =SUM(AP69:AP70) -> 0 | AQ71: =SUM(AQ69:AQ70) -> 0 | AT71: مجموع السعوديين | AV71: =SUM(AV69:AV70) -> 0 | AW71: =SUM(AW69:AW70) -> 0 | AX71: =SUM(AX69:AX70) -> 0 | AY71: =SUM(AY69:AY70) -> 0 | AZ71: =SUM(AZ69:AZ70) -> 0 | BA71: =SUM(BA69:BA70) -> 0 | BB71: =SUM(BB69:BB70) -> 0 | BE71: مجموع السعوديين | BG71: =SUM(BG69:BG70) -> 0 | BH71: =SUM(BH69:BH70) -> 0 | BI71: =SUM(BI69:BI70) -> 0 | BJ71: =SUM(BJ69:BJ70) -> 0 | BK71: =SUM(BK69:BK70) -> 0 | BL71: =SUM(BL69:BL70) -> 0 | BM71: =SUM(BM69:BM70) -> 0 | BP71: مجموع السعوديين | BR71: =SUM(BR69:BR70) -> 0 | BS71: =SUM(BS69:BS70) -> 0 | BT71: =SUM(BT69:BT70) -> 0 | BU71: =SUM(BU69:BU70) -> 0 | BV71: =SUM(BV69:BV70) -> 0 | BW71: =SUM(BW69:BW70) -> 0 | BX71: =SUM(BX69:BX70) -> 0 | CA71: مجموع السعوديين | CC71: =SUM(CC69:CC70) -> 0 | CD71: =SUM(CD69:CD70) -> 0 | CE71: =SUM(CE69:CE70) -> 0 | CF71: =SUM(CF69:CF70) -> 0 | CG71: =SUM(CG69:CG70) -> 0 | CH71: =SUM(CH69:CH70) -> 0 | CI71: =SUM(CI69:CI70) -> 0 | CL71: مجموع السعوديين | CN71: =SUM(CN69:CN70) -> 0 | CO71: =SUM(CO69:CO70) -> 0 | CP71: =SUM(CP69:CP70) -> 0 | CQ71: =SUM(CQ69:CQ70) -> 0 | CR71: =SUM(CR69:CR70) -> 0 | CS71: =SUM(CS69:CS70) -> 0 | CT71: =SUM(CT69:CT70) -> 0 | CW71: مجموع السعوديين | CY71: =SUM(CY69:CY70) -> 0 | CZ71: =SUM(CZ69:CZ70) -> 0 | DA71: =SUM(DA69:DA70) -> 0 | DB71: =SUM(DB69:DB70) -> 0 | DC71: =SUM(DC69:DC70) -> 0 | DD71: =SUM(DD69:DD70) -> 0 | DE71: =SUM(DE69:DE70) -> 0 | DH71: مجموع السعوديين | DJ71: =SUM(DJ69:DJ70) -> 0 | DK71: =SUM(DK69:DK70) -> 0 | DL71: =SUM(DL69:DL70) -> 0 | DM71: =SUM(DM69:DM70) -> 0 | DN71: =SUM(DN69:DN70) -> 0 | DO71: =SUM(DO69:DO70) -> 0 | DP71: =SUM(DP69:DP70) -> 0 | DS71: مجموع السعوديين | DU71: =SUM(DU69:DU70) -> 0 | DV71: =SUM(DV69:DV70) -> 0 | DW71: =SUM(DW69:DW70) -> 0 | DX71: =SUM(DX69:DX70) -> 0 | DY71: =SUM(DY69:DY70) -> 0 | DZ71: =SUM(DZ69:DZ70) -> 0 | EA71: =SUM(EA69:EA70) -> 0 | ED71: مجموع السعوديين | EF71: =SUM(EF69:EF70) -> 0 | EG71: =SUM(EG69:EG70) -> 0 | EH71: =SUM(EH69:EH70) -> 0 | EI71: =SUM(EI69:EI70) -> 0 | EJ71: =SUM(EJ69:EJ70) -> 0 | EK71: =SUM(EK69:EK70) -> 0 | EL71: =SUM(EL69:EL70) -> 0
B72: غير سعودي | C72: ذكر | D72: 0 | E72: 0 | F72: 0 | G72: 0 | H72: 0 | I72: 0 | J72: =SUM(D72:I72) -> 0 | M72: غير سعودي | N72: ذكر | O72: 0 | P72: 0 | Q72: 0 | R72: 0 | S72: 0 | T72: 0 | U72: =SUM(O72:T72) -> 0 | X72: غير سعودي | Y72: ذكر | Z72: 0 | AA72: 0 | AB72: 0 | AC72: 0 | AD72: 0 | AE72: 0 | AF72: =SUM(Z72:AE72) -> 0 | AI72: غير سعودي | AJ72: ذكر | AK72: 0 | AL72: 0 | AM72: 0 | AN72: 0 | AO72: 0 | AP72: 0 | AQ72: =SUM(AK72:AP72) -> 0 | AT72: غير سعودي | AU72: ذكر | AV72: 0 | AW72: 0 | AX72: 0 | AY72: 0 | AZ72: 0 | BA72: 0 | BB72: =SUM(AV72:BA72) -> 0 | BE72: غير سعودي | BF72: ذكر | BG72: 0 | BH72: 0 | BI72: 0 | BJ72: 0 | BK72: 0 | BL72: 0 | BM72: =SUM(BG72:BL72) -> 0 | BP72: غير سعودي | BQ72: ذكر | BR72: 0 | BS72: 0 | BT72: 0 | BU72: 0 | BV72: 0 | BW72: 0 | BX72: =SUM(BR72:BW72) -> 0 | CA72: غير سعودي | CB72: ذكر | CC72: 0 | CD72: 0 | CE72: 0 | CF72: 0 | CG72: 0 | CH72: 0 | CI72: =SUM(CC72:CH72) -> 0 | CL72: غير سعودي | CM72: ذكر | CN72: 0 | CO72: 0 | CP72: 0 | CQ72: 0 | CR72: 0 | CS72: 0 | CT72: =SUM(CN72:CS72) -> 0 | CW72: غير سعودي | CX72: ذكر | CY72: 0 | CZ72: 0 | DA72: 0 | DB72: 0 | DC72: 0 | DD72: 0 | DE72: =SUM(CY72:DD72) -> 0 | DH72: غير سعودي | DI72: ذكر | DJ72: 0 | DK72: 0 | DL72: 0 | DM72: 0 | DN72: 0 | DO72: 0 | DP72: =SUM(DJ72:DO72) -> 0 | DS72: غير سعودي | DT72: ذكر | DU72: 0 | DV72: 0 | DW72: 0 | DX72: 0 | DY72: 0 | DZ72: 0 | EA72: =SUM(DU72:DZ72) -> 0 | ED72: غير سعودي | EE72: ذكر | EF72: =SUM(D72+O72+Z72+AK72+AV72+BG72+BR72+CC72+CN72+CY72+DJ72+DU72) -> 0 | EG72: =SUM(E72+P72+AA72+AL72+AW72+BH72+BS72+CD72+CO72+CZ72+DK72+DV72) -> 0 | EH72: =SUM(F72+Q72+AB72+AM72+AX72+BI72+BT72+CE72+CP72+DA72+DL72+DW72) -> 0 | EI72: =SUM(G72+R72+AC72+AN72+AY72+BJ72+BU72+CF72+CQ72+DB72+DM72+DX72) -> 0 | EJ72: 0 | EK72: =SUM(I72+T72+AE72+AP72+BA72+BL72+BW72+CH72+CS72+DD72+DO72+DZ72) -> 0 | EL72: =SUM(EF72:EK72) -> 0
C73: أنثى | D73: 0 | E73: 0 | F73: 0 | G73: 0 | H73: 0 | I73: 0 | J73: =SUM(D73:I73) -> 0 | N73: أنثى | O73: 0 | P73: 0 | Q73: 0 | R73: 0 | S73: 0 | T73: 0 | U73: =SUM(O73:T73) -> 0 | Y73: أنثى | Z73: 0 | AA73: 0 | AB73: 0 | AC73: 0 | AD73: 0 | AE73: 0 | AF73: =SUM(Z73:AE73) -> 0 | AJ73: أنثى | AK73: 0 | AL73: 0 | AM73: 0 | AN73: 0 | AO73: 0 | AP73: 0 | AQ73: =SUM(AK73:AP73) -> 0 | AU73: أنثى | AV73: 0 | AW73: 0 | AX73: 0 | AY73: 0 | AZ73: 0 | BA73: 0 | BB73: =SUM(AV73:BA73) -> 0 | BF73: أنثى | BG73: 0 | BH73: 0 | BI73: 0 | BJ73: 0 | BK73: 0 | BL73: 0 | BM73: =SUM(BG73:BL73) -> 0 | BQ73: أنثى | BR73: 0 | BS73: 0 | BT73: 0 | BU73: 0 | BV73: 0 | BW73: 0 | BX73: =SUM(BR73:BW73) -> 0 | CB73: أنثى | CC73: 0 | CD73: 0 | CE73: 0 | CF73: 0 | CG73: 0 | CH73: 0 | CI73: =SUM(CC73:CH73) -> 0 | CM73: أنثى | CN73: 0 | CO73: 0 | CP73: 0 | CQ73: 0 | CR73: 0 | CS73: 0 | CT73: =SUM(CN73:CS73) -> 0 | CX73: أنثى | CY73: 0 | CZ73: 0 | DA73: 0 | DB73: 0 | DC73: 0 | DD73: 0 | DE73: =SUM(CY73:DD73) -> 0 | DI73: أنثى | DJ73: 0 | DK73: 0 | DL73: 0 | DM73: 0 | DN73: 0 | DO73: 0 | DP73: =SUM(DJ73:DO73) -> 0 | DT73: أنثى | DU73: 0 | DV73: 0 | DW73: 0 | DX73: 0 | DY73: 0 | DZ73: 0 | EA73: =SUM(DU73:DZ73) -> 0 | EE73: أنثى | EF73: =SUM(D73+O73+Z73+AK73+AV73+BG73+BR73+CC73+CN73+CY73+DJ73+DU73) -> 0 | EG73: =SUM(E73+P73+AA73+AL73+AW73+BH73+BS73+CD73+CO73+CZ73+DK73+DV73) -> 0 | EH73: =SUM(F73+Q73+AB73+AM73+AX73+BI73+BT73+CE73+CP73+DA73+DL73+DW73) -> 0 | EI73: =SUM(G73+R73+AC73+AN73+AY73+BJ73+BU73+CF73+CQ73+DB73+DM73+DX73) -> 0 | EJ73: =SUM(H73+S73+AD73+AO73+AZ73+BK73+BV73+CG73+CR73+DC73+DN73+DY73) -> 0 | EK73: =SUM(I73+T73+AE73+AP73+BA73+BL73+BW73+CH73+CS73+DD73+DO73+DZ73) -> 0 | EL73: =SUM(EF73:EK73) -> 0
B74: مجموع الغير سعوديين | D74: =SUM(D72:D73) -> 0 | E74: =SUM(E72:E73) -> 0 | F74: =SUM(F72:F73) -> 0 | G74: =SUM(G72:G73) -> 0 | H74: =SUM(H72:H73) -> 0 | I74: =SUM(I72:I73) -> 0 | J74: =SUM(J72:J73) -> 0 | M74: مجموع الغير سعوديين | O74: =SUM(O72:O73) -> 0 | P74: =SUM(P72:P73) -> 0 | Q74: =SUM(Q72:Q73) -> 0 | R74: =SUM(R72:R73) -> 0 | S74: =SUM(S72:S73) -> 0 | T74: =SUM(T72:T73) -> 0 | U74: =SUM(U72:U73) -> 0 | X74: مجموع الغير سعوديين | Z74: =SUM(Z72:Z73) -> 0 | AA74: =SUM(AA72:AA73) -> 0 | AB74: =SUM(AB72:AB73) -> 0 | AC74: =SUM(AC72:AC73) -> 0 | AD74: =SUM(AD72:AD73) -> 0 | AE74: =SUM(AE72:AE73) -> 0 | AF74: =SUM(AF72:AF73) -> 0 | AI74: مجموع الغير سعوديين | AK74: =SUM(AK72:AK73) -> 0 | AL74: =SUM(AL72:AL73) -> 0 | AM74: =SUM(AM72:AM73) -> 0 | AN74: =SUM(AN72:AN73) -> 0 | AO74: =SUM(AO72:AO73) -> 0 | AP74: =SUM(AP72:AP73) -> 0 | AQ74: =SUM(AQ72:AQ73) -> 0 | AT74: مجموع الغير سعوديين | AV74: =SUM(AV72:AV73) -> 0 | AW74: =SUM(AW72:AW73) -> 0 | AX74: =SUM(AX72:AX73) -> 0 | AY74: =SUM(AY72:AY73) -> 0 | AZ74: =SUM(AZ72:AZ73) -> 0 | BA74: =SUM(BA72:BA73) -> 0 | BB74: =SUM(BB72:BB73) -> 0 | BE74: مجموع الغير سعوديين | BG74: =SUM(BG72:BG73) -> 0 | BH74: =SUM(BH72:BH73) -> 0 | BI74: =SUM(BI72:BI73) -> 0 | BJ74: =SUM(BJ72:BJ73) -> 0 | BK74: =SUM(BK72:BK73) -> 0 | BL74: =SUM(BL72:BL73) -> 0 | BM74: =SUM(BM72:BM73) -> 0 | BP74: مجموع الغير سعوديين | BR74: =SUM(BR72:BR73) -> 0 | BS74: =SUM(BS72:BS73) -> 0 | BT74: =SUM(BT72:BT73) -> 0 | BU74: =SUM(BU72:BU73) -> 0 | BV74: =SUM(BV72:BV73) -> 0 | BW74: =SUM(BW72:BW73) -> 0 | BX74: =SUM(BX72:BX73) -> 0 | CA74: مجموع الغير سعوديين | CC74: =SUM(CC72:CC73) -> 0 | CD74: =SUM(CD72:CD73) -> 0 | CE74: =SUM(CE72:CE73) -> 0 | CF74: =SUM(CF72:CF73) -> 0 | CG74: =SUM(CG72:CG73) -> 0 | CH74: =SUM(CH72:CH73) -> 0 | CI74: =SUM(CI72:CI73) -> 0 | CL74: مجموع الغير سعوديين | CN74: =SUM(CN72:CN73) -> 0 | CO74: =SUM(CO72:CO73) -> 0 | CP74: =SUM(CP72:CP73) -> 0 | CQ74: =SUM(CQ72:CQ73) -> 0 | CR74: =SUM(CR72:CR73) -> 0 | CS74: =SUM(CS72:CS73) -> 0 | CT74: =SUM(CT72:CT73) -> 0 | CW74: مجموع الغير سعوديين | CY74: =SUM(CY72:CY73) -> 0 | CZ74: =SUM(CZ72:CZ73) -> 0 | DA74: =SUM(DA72:DA73) -> 0 | DB74: =SUM(DB72:DB73) -> 0 | DC74: =SUM(DC72:DC73) -> 0 | DD74: =SUM(DD72:DD73) -> 0 | DE74: =SUM(DE72:DE73) -> 0 | DH74: مجموع الغير سعوديين | DJ74: =SUM(DJ72:DJ73) -> 0 | DK74: =SUM(DK72:DK73) -> 0 | DL74: =SUM(DL72:DL73) -> 0 | DM74: =SUM(DM72:DM73) -> 0 | DN74: =SUM(DN72:DN73) -> 0 | DO74: =SUM(DO72:DO73) -> 0 | DP74: =SUM(DP72:DP73) -> 0 | DS74: مجموع الغير سعوديين | DU74: =SUM(DU72:DU73) -> 0 | DV74: =SUM(DV72:DV73) -> 0 | DW74: =SUM(DW72:DW73) -> 0 | DX74: =SUM(DX72:DX73) -> 0 | DY74: =SUM(DY72:DY73) -> 0 | DZ74: =SUM(DZ72:DZ73) -> 0 | EA74: =SUM(EA72:EA73) -> 0 | ED74: مجموع الغير سعوديين | EF74: =SUM(EF72:EF73) -> 0 | EG74: =SUM(EG72:EG73) -> 0 | EH74: =SUM(EH72:EH73) -> 0 | EI74: =SUM(EI72:EI73) -> 0 | EJ74: =SUM(EJ72:EJ73) -> 0 | EK74: =SUM(EK72:EK73) -> 0 | EL74: =SUM(EL72:EL73) -> 0
B75: المجموع الكلي | D75: =SUM(D71+D74) -> 0 | E75: =SUM(E71+E74) -> 0 | F75: =SUM(F71+F74) -> 0 | G75: =SUM(G71+G74) -> 0 | H75: =SUM(H71+H74) -> 0 | I75: =SUM(I71+I74) -> 0 | J75: =SUM(J71+J74) -> 0 | M75: المجموع الكلي | O75: =SUM(O71+O74) -> 0 | P75: =SUM(P71+P74) -> 0 | Q75: =SUM(Q71+Q74) -> 0 | R75: =SUM(R71+R74) -> 0 | S75: =SUM(S71+S74) -> 0 | T75: =SUM(T71+T74) -> 0 | U75: =SUM(U71+U74) -> 0 | X75: المجموع الكلي | Z75: =SUM(Z71+Z74) -> 0 | AA75: =SUM(AA71+AA74) -> 0 | AB75: =SUM(AB71+AB74) -> 0 | AC75: =SUM(AC71+AC74) -> 0 | AD75: =SUM(AD71+AD74) -> 0 | AE75: =SUM(AE71+AE74) -> 0 | AF75: =SUM(AF71+AF74) -> 0 | AI75: المجموع الكلي | AK75: =SUM(AK71+AK74) -> 0 | AL75: =SUM(AL71+AL74) -> 0 | AM75: =SUM(AM71+AM74) -> 0 | AN75: =SUM(AN71+AN74) -> 0 | AO75: =SUM(AO71+AO74) -> 0 | AP75: =SUM(AP71+AP74) -> 0 | AQ75: =SUM(AQ71+AQ74) -> 0 | AT75: المجموع الكلي | AV75: =SUM(AV71+AV74) -> 0 | AW75: =SUM(AW71+AW74) -> 0 | AX75: =SUM(AX71+AX74) -> 0 | AY75: =SUM(AY71+AY74) -> 0 | AZ75: =SUM(AZ71+AZ74) -> 0 | BA75: =SUM(BA71+BA74) -> 0 | BB75: =SUM(BB71+BB74) -> 0 | BE75: المجموع الكلي | BG75: =SUM(BG71+BG74) -> 0 | BH75: =SUM(BH71+BH74) -> 0 | BI75: =SUM(BI71+BI74) -> 0 | BJ75: =SUM(BJ71+BJ74) -> 0 | BK75: =SUM(BK71+BK74) -> 0 | BL75: =SUM(BL71+BL74) -> 0 | BM75: =SUM(BM71+BM74) -> 0 | BP75: المجموع الكلي | BR75: =SUM(BR71+BR74) -> 0 | BS75: =SUM(BS71+BS74) -> 0 | BT75: =SUM(BT71+BT74) -> 0 | BU75: =SUM(BU71+BU74) -> 0 | BV75: =SUM(BV71+BV74) -> 0 | BW75: =SUM(BW71+BW74) -> 0 | BX75: =SUM(BX71+BX74) -> 0 | CA75: المجموع الكلي | CC75: =SUM(CC71+CC74) -> 0 | CD75: =SUM(CD71+CD74) -> 0 | CE75: =SUM(CE71+CE74) -> 0 | CF75: =SUM(CF71+CF74) -> 0 | CG75: =SUM(CG71+CG74) -> 0 | CH75: =SUM(CH71+CH74) -> 0 | CI75: =SUM(CI71+CI74) -> 0 | CL75: المجموع الكلي | CN75: =SUM(CN71+CN74) -> 0 | CO75: =SUM(CO71+CO74) -> 0 | CP75: =SUM(CP71+CP74) -> 0 | CQ75: =SUM(CQ71+CQ74) -> 0 | CR75: =SUM(CR71+CR74) -> 0 | CS75: =SUM(CS71+CS74) -> 0 | CT75: =SUM(CT71+CT74) -> 0 | CW75: المجموع الكلي | CY75: =SUM(CY71+CY74) -> 0 | CZ75: =SUM(CZ71+CZ74) -> 0 | DA75: =SUM(DA71+DA74) -> 0 | DB75: =SUM(DB71+DB74) -> 0 | DC75: =SUM(DC71+DC74) -> 0 | DD75: =SUM(DD71+DD74) -> 0 | DE75: =SUM(DE71+DE74) -> 0 | DH75: المجموع الكلي | DJ75: =SUM(DJ71+DJ74) -> 0 | DK75: =SUM(DK71+DK74) -> 0 | DL75: =SUM(DL71+DL74) -> 0 | DM75: =SUM(DM71+DM74) -> 0 | DN75: =SUM(DN71+DN74) -> 0 | DO75: =SUM(DO71+DO74) -> 0 | DP75: =SUM(DP71+DP74) -> 0 | DS75: المجموع الكلي | DU75: =SUM(DU71+DU74) -> 0 | DV75: =SUM(DV71+DV74) -> 0 | DW75: =SUM(DW71+DW74) -> 0 | DX75: =SUM(DX71+DX74) -> 0 | DY75: =SUM(DY71+DY74) -> 0 | DZ75: =SUM(DZ71+DZ74) -> 0 | EA75: =SUM(EA71+EA74) -> 0 | ED75: المجموع الكلي | EF75: =SUM(EF71+EF74) -> 0 | EG75: =SUM(EG71+EG74) -> 0 | EH75: =SUM(EH71+EH74) -> 0 | EI75: =SUM(EI71+EI74) -> 0 | EJ75: =SUM(EJ71+EJ74) -> 0 | EK75: =SUM(EK71+EK74) -> 0 | EL75: =SUM(EL71+EL74) -> 0
A76: 0 | B76: سعودي | C76: ذكر | D76: 0 | E76: 0 | F76: 0 | G76: 0 | H76: 0 | I76: 0 | J76: =SUM(D76:I76) -> 0 | L76: 0 | M76: سعودي | N76: ذكر | O76: 0 | P76: 0 | Q76: 0 | R76: 0 | S76: 0 | T76: 0 | U76: =SUM(O76:T76) -> 0 | W76: 0 | X76: سعودي | Y76: ذكر | Z76: 0 | AA76: 0 | AB76: 0 | AC76: 0 | AD76: 0 | AE76: 0 | AF76: =SUM(Z76:AE76) -> 0 | AH76: 0 | AI76: سعودي | AJ76: ذكر | AK76: 0 | AL76: 0 | AM76: 0 | AN76: 0 | AO76: 0 | AP76: 0 | AQ76: =SUM(AK76:AP76) -> 0 | AS76: 0 | AT76: سعودي | AU76: ذكر | AV76: 0 | AW76: 0 | AX76: 0 | AY76: 0 | AZ76: 0 | BA76: 0 | BB76: =SUM(AV76:BA76) -> 0 | BD76: 0 | BE76: سعودي | BF76: ذكر | BG76: 0 | BH76: 0 | BI76: 0 | BJ76: 0 | BK76: 0 | BL76: 0 | BM76: =SUM(BG76:BL76) -> 0 | BO76: 0 | BP76: سعودي | BQ76: ذكر | BR76: 0 | BS76: 0 | BT76: 0 | BU76: 0 | BV76: 0 | BW76: 0 | BX76: =SUM(BR76:BW76) -> 0 | BZ76: 0 | CA76: سعودي | CB76: ذكر | CC76: 0 | CD76: 0 | CE76: 0 | CF76: 0 | CG76: 0 | CH76: 0 | CI76: =SUM(CC76:CH76) -> 0 | CK76: 0 | CL76: سعودي | CM76: ذكر | CN76: 0 | CO76: 0 | CP76: 0 | CQ76: 0 | CR76: 0 | CS76: 0 | CT76: =SUM(CN76:CS76) -> 0 | CV76: 0 | CW76: سعودي | CX76: ذكر | CY76: 0 | CZ76: 0 | DA76: 0 | DB76: 0 | DC76: 0 | DD76: 0 | DE76: =SUM(CY76:DD76) -> 0 | DG76: 0 | DH76: سعودي | DI76: ذكر | DJ76: 0 | DK76: 0 | DL76: 0 | DM76: 0 | DN76: 0 | DO76: 0 | DP76: =SUM(DJ76:DO76) -> 0 | DR76: 0 | DS76: سعودي | DT76: ذكر | DU76: 0 | DV76: 0 | DW76: 0 | DX76: 0 | DY76: 0 | DZ76: 0 | EA76: =SUM(DU76:DZ76) -> 0 | EC76: =DR76 -> 0 | ED76: سعودي | EE76: ذكر | EF76: =SUM(D76+O76+Z76+AK76+AV76+BG76+BR76+CC76+CN76+CY76+DJ76+DU76) -> 0 | EG76: =SUM(E76+P76+AA76+AL76+AW76+BH76+BS76+CD76+CO76+CZ76+DK76+DV76) -> 0 | EH76: =SUM(F76+Q76+AB76+AM76+AX76+BI76+BT76+CE76+CP76+DA76+DL76+DW76) -> 0 | EI76: =SUM(G76+R76+AC76+AN76+AY76+BJ76+BU76+CF76+CQ76+DB76+DM76+DX76) -> 0 | EJ76: 0 | EK76: =SUM(I76+T76+AE76+AP76+BA76+BL76+BW76+CH76+CS76+DD76+DO76+DZ76) -> 0 | EL76: =SUM(EF76:EK76) -> 0
C77: أنثى | D77: 0 | E77: 0 | F77: 0 | G77: 0 | H77: 0 | I77: 0 | J77: =SUM(D77:I77) -> 0 | N77: أنثى | O77: 0 | P77: 0 | Q77: 0 | R77: 0 | S77: 0 | T77: 0 | U77: =SUM(O77:T77) -> 0 | Y77: أنثى | Z77: 0 | AA77: 0 | AB77: 0 | AC77: 0 | AD77: 0 | AE77: 0 | AF77: =SUM(Z77:AE77) -> 0 | AJ77: أنثى | AK77: 0 | AL77: 0 | AM77: 0 | AN77: 0 | AO77: 0 | AP77: 0 | AQ77: =SUM(AK77:AP77) -> 0 | AU77: أنثى | AV77: 0 | AW77: 0 | AX77: 0 | AY77: 0 | AZ77: 0 | BA77: 0 | BB77: =SUM(AV77:BA77) -> 0 | BF77: أنثى | BG77: 0 | BH77: 0 | BI77: 0 | BJ77: 0 | BK77: 0 | BL77: 0 | BM77: =SUM(BG77:BL77) -> 0 | BQ77: أنثى | BR77: 0 | BS77: 0 | BT77: 0 | BU77: 0 | BV77: 0 | BW77: 0 | BX77: =SUM(BR77:BW77) -> 0 | CB77: أنثى | CC77: 0 | CD77: 0 | CE77: 0 | CF77: 0 | CG77: 0 | CH77: 0 | CI77: =SUM(CC77:CH77) -> 0 | CM77: أنثى | CN77: 0 | CO77: 0 | CP77: 0 | CQ77: 0 | CR77: 0 | CS77: 0 | CT77: =SUM(CN77:CS77) -> 0 | CX77: أنثى | CY77: 0 | CZ77: 0 | DA77: 0 | DB77: 0 | DC77: 0 | DD77: 0 | DE77: =SUM(CY77:DD77) -> 0 | DI77: أنثى | DJ77: 0 | DK77: 0 | DL77: 0 | DM77: 0 | DN77: 0 | DO77: 0 | DP77: =SUM(DJ77:DO77) -> 0 | DT77: أنثى | DU77: 0 | DV77: 0 | DW77: 0 | DX77: 0 | DY77: 0 | DZ77: 0 | EA77: =SUM(DU77:DZ77) -> 0 | EE77: أنثى | EF77: =SUM(D77+O77+Z77+AK77+AV77+BG77+BR77+CC77+CN77+CY77+DJ77+DU77) -> 0 | EG77: =SUM(E77+P77+AA77+AL77+AW77+BH77+BS77+CD77+CO77+CZ77+DK77+DV77) -> 0 | EH77: =SUM(F77+Q77+AB77+AM77+AX77+BI77+BT77+CE77+CP77+DA77+DL77+DW77) -> 0 | EI77: =SUM(G77+R77+AC77+AN77+AY77+BJ77+BU77+CF77+CQ77+DB77+DM77+DX77) -> 0 | EJ77: =SUM(H77+S77+AD77+AO77+AZ77+BK77+BV77+CG77+CR77+DC77+DN77+DY77) -> 0 | EK77: =SUM(I77+T77+AE77+AP77+BA77+BL77+BW77+CH77+CS77+DD77+DO77+DZ77) -> 0 | EL77: =SUM(EF77:EK77) -> 0
B78: مجموع السعوديين | D78: =SUM(D76:D77) -> 0 | E78: =SUM(E76:E77) -> 0 | F78: =SUM(F76:F77) -> 0 | G78: =SUM(G76:G77) -> 0 | H78: =SUM(H76:H77) -> 0 | I78: =SUM(I76:I77) -> 0 | J78: =SUM(J76:J77) -> 0 | M78: مجموع السعوديين | O78: =SUM(O76:O77) -> 0 | P78: =SUM(P76:P77) -> 0 | Q78: =SUM(Q76:Q77) -> 0 | R78: =SUM(R76:R77) -> 0 | S78: =SUM(S76:S77) -> 0 | T78: =SUM(T76:T77) -> 0 | U78: =SUM(U76:U77) -> 0 | X78: مجموع السعوديين | Z78: =SUM(Z76:Z77) -> 0 | AA78: =SUM(AA76:AA77) -> 0 | AB78: =SUM(AB76:AB77) -> 0 | AC78: =SUM(AC76:AC77) -> 0 | AD78: =SUM(AD76:AD77) -> 0 | AE78: =SUM(AE76:AE77) -> 0 | AF78: =SUM(AF76:AF77) -> 0 | AI78: مجموع السعوديين | AK78: =SUM(AK76:AK77) -> 0 | AL78: =SUM(AL76:AL77) -> 0 | AM78: =SUM(AM76:AM77) -> 0 | AN78: =SUM(AN76:AN77) -> 0 | AO78: =SUM(AO76:AO77) -> 0 | AP78: =SUM(AP76:AP77) -> 0 | AQ78: =SUM(AQ76:AQ77) -> 0 | AT78: مجموع السعوديين | AV78: =SUM(AV76:AV77) -> 0 | AW78: =SUM(AW76:AW77) -> 0 | AX78: =SUM(AX76:AX77) -> 0 | AY78: =SUM(AY76:AY77) -> 0 | AZ78: =SUM(AZ76:AZ77) -> 0 | BA78: =SUM(BA76:BA77) -> 0 | BB78: =SUM(BB76:BB77) -> 0 | BE78: مجموع السعوديين | BG78: =SUM(BG76:BG77) -> 0 | BH78: =SUM(BH76:BH77) -> 0 | BI78: =SUM(BI76:BI77) -> 0 | BJ78: =SUM(BJ76:BJ77) -> 0 | BK78: =SUM(BK76:BK77) -> 0 | BL78: =SUM(BL76:BL77) -> 0 | BM78: =SUM(BM76:BM77) -> 0 | BP78: مجموع السعوديين | BR78: =SUM(BR76:BR77) -> 0 | BS78: =SUM(BS76:BS77) -> 0 | BT78: =SUM(BT76:BT77) -> 0 | BU78: =SUM(BU76:BU77) -> 0 | BV78: =SUM(BV76:BV77) -> 0 | BW78: =SUM(BW76:BW77) -> 0 | BX78: =SUM(BX76:BX77) -> 0 | CA78: مجموع السعوديين | CC78: =SUM(CC76:CC77) -> 0 | CD78: =SUM(CD76:CD77) -> 0 | CE78: =SUM(CE76:CE77) -> 0 | CF78: =SUM(CF76:CF77) -> 0 | CG78: =SUM(CG76:CG77) -> 0 | CH78: =SUM(CH76:CH77) -> 0 | CI78: =SUM(CI76:CI77) -> 0 | CL78: مجموع السعوديين | CN78: =SUM(CN76:CN77) -> 0 | CO78: =SUM(CO76:CO77) -> 0 | CP78: =SUM(CP76:CP77) -> 0 | CQ78: =SUM(CQ76:CQ77) -> 0 | CR78: =SUM(CR76:CR77) -> 0 | CS78: =SUM(CS76:CS77) -> 0 | CT78: =SUM(CT76:CT77) -> 0 | CW78: مجموع السعوديين | CY78: =SUM(CY76:CY77) -> 0 | CZ78: =SUM(CZ76:CZ77) -> 0 | DA78: =SUM(DA76:DA77) -> 0 | DB78: =SUM(DB76:DB77) -> 0 | DC78: =SUM(DC76:DC77) -> 0 | DD78: =SUM(DD76:DD77) -> 0 | DE78: =SUM(DE76:DE77) -> 0 | DH78: مجموع السعوديين | DJ78: =SUM(DJ76:DJ77) -> 0 | DK78: =SUM(DK76:DK77) -> 0 | DL78: =SUM(DL76:DL77) -> 0 | DM78: =SUM(DM76:DM77) -> 0 | DN78: =SUM(DN76:DN77) -> 0 | DO78: =SUM(DO76:DO77) -> 0 | DP78: =SUM(DP76:DP77) -> 0 | DS78: مجموع السعوديين | DU78: =SUM(DU76:DU77) -> 0 | DV78: =SUM(DV76:DV77) -> 0 | DW78: =SUM(DW76:DW77) -> 0 | DX78: =SUM(DX76:DX77) -> 0 | DY78: =SUM(DY76:DY77) -> 0 | DZ78: =SUM(DZ76:DZ77) -> 0 | EA78: =SUM(EA76:EA77) -> 0 | ED78: مجموع السعوديين | EF78: =SUM(EF76:EF77) -> 0 | EG78: =SUM(EG76:EG77) -> 0 | EH78: =SUM(EH76:EH77) -> 0 | EI78: =SUM(EI76:EI77) -> 0 | EJ78: =SUM(EJ76:EJ77) -> 0 | EK78: =SUM(EK76:EK77) -> 0 | EL78: =SUM(EL76:EL77) -> 0
B79: غير سعودي | C79: ذكر | D79: 0 | E79: 0 | F79: 0 | G79: 0 | H79: 0 | I79: 0 | J79: =SUM(D79:I79) -> 0 | M79: غير سعودي | N79: ذكر | O79: 0 | P79: 0 | Q79: 0 | R79: 0 | S79: 0 | T79: 0 | U79: =SUM(O79:T79) -> 0 | X79: غير سعودي | Y79: ذكر | Z79: 0 | AA79: 0 | AB79: 0 | AC79: 0 | AD79: 0 | AE79: 0 | AF79: =SUM(Z79:AE79) -> 0 | AI79: غير سعودي | AJ79: ذكر | AK79: 0 | AL79: 0 | AM79: 0 | AN79: 0 | AO79: 0 | AP79: 0 | AQ79: =SUM(AK79:AP79) -> 0 | AT79: غير سعودي | AU79: ذكر | AV79: 0 | AW79: 0 | AX79: 0 | AY79: 0 | AZ79: 0 | BA79: 0 | BB79: =SUM(AV79:BA79) -> 0 | BE79: غير سعودي | BF79: ذكر | BG79: 0 | BH79: 0 | BI79: 0 | BJ79: 0 | BK79: 0 | BL79: 0 | BM79: =SUM(BG79:BL79) -> 0 | BP79: غير سعودي | BQ79: ذكر | BR79: 0 | BS79: 0 | BT79: 0 | BU79: 0 | BV79: 0 | BW79: 0 | BX79: =SUM(BR79:BW79) -> 0 | CA79: غير سعودي | CB79: ذكر | CC79: 0 | CD79: 0 | CE79: 0 | CF79: 0 | CG79: 0 | CH79: 0 | CI79: =SUM(CC79:CH79) -> 0 | CL79: غير سعودي | CM79: ذكر | CN79: 0 | CO79: 0 | CP79: 0 | CQ79: 0 | CR79: 0 | CS79: 0 | CT79: =SUM(CN79:CS79) -> 0 | CW79: غير سعودي | CX79: ذكر | CY79: 0 | CZ79: 0 | DA79: 0 | DB79: 0 | DC79: 0 | DD79: 0 | DE79: =SUM(CY79:DD79) -> 0 | DH79: غير سعودي | DI79: ذكر | DJ79: 0 | DK79: 0 | DL79: 0 | DM79: 0 | DN79: 0 | DO79: 0 | DP79: =SUM(DJ79:DO79) -> 0 | DS79: غير سعودي | DT79: ذكر | DU79: 0 | DV79: 0 | DW79: 0 | DX79: 0 | DY79: 0 | DZ79: 0 | EA79: =SUM(DU79:DZ79) -> 0 | ED79: غير سعودي | EE79: ذكر | EF79: =SUM(D79+O79+Z79+AK79+AV79+BG79+BR79+CC79+CN79+CY79+DJ79+DU79) -> 0 | EG79: =SUM(E79+P79+AA79+AL79+AW79+BH79+BS79+CD79+CO79+CZ79+DK79+DV79) -> 0 | EH79: =SUM(F79+Q79+AB79+AM79+AX79+BI79+BT79+CE79+CP79+DA79+DL79+DW79) -> 0 | EI79: =SUM(G79+R79+AC79+AN79+AY79+BJ79+BU79+CF79+CQ79+DB79+DM79+DX79) -> 0 | EJ79: 0 | EK79: =SUM(I79+T79+AE79+AP79+BA79+BL79+BW79+CH79+CS79+DD79+DO79+DZ79) -> 0 | EL79: =SUM(EF79:EK79) -> 0
C80: أنثى | D80: 0 | E80: 0 | F80: 0 | G80: 0 | H80: 0 | I80: 0 | J80: =SUM(D80:I80) -> 0 | N80: أنثى | O80: 0 | P80: 0 | Q80: 0 | R80: 0 | S80: 0 | T80: 0 | U80: =SUM(O80:T80) -> 0 | Y80: أنثى | Z80: 0 | AA80: 0 | AB80: 0 | AC80: 0 | AD80: 0 | AE80: 0 | AF80: =SUM(Z80:AE80) -> 0 | AJ80: أنثى | AK80: 0 | AL80: 0 | AM80: 0 | AN80: 0 | AO80: 0 | AP80: 0 | AQ80: =SUM(AK80:AP80) -> 0 | AU80: أنثى | AV80: 0 | AW80: 0 | AX80: 0 | AY80: 0 | AZ80: 0 | BA80: 0 | BB80: =SUM(AV80:BA80) -> 0 | BF80: أنثى | BG80: 0 | BH80: 0 | BI80: 0 | BJ80: 0 | BK80: 0 | BL80: 0 | BM80: =SUM(BG80:BL80) -> 0 | BQ80: أنثى | BR80: 0 | BS80: 0 | BT80: 0 | BU80: 0 | BV80: 0 | BW80: 0 | BX80: =SUM(BR80:BW80) -> 0 | CB80: أنثى | CC80: 0 | CD80: 0 | CE80: 0 | CF80: 0 | CG80: 0 | CH80: 0 | CI80: =SUM(CC80:CH80) -> 0 | CM80: أنثى | CN80: 0 | CO80: 0 | CP80: 0 | CQ80: 0 | CR80: 0 | CS80: 0 | CT80: =SUM(CN80:CS80) -> 0 | CX80: أنثى | CY80: 0 | CZ80: 0 | DA80: 0 | DB80: 0 | DC80: 0 | DD80: 0 | DE80: =SUM(CY80:DD80) -> 0 | DI80: أنثى | DJ80: 0 | DK80: 0 | DL80: 0 | DM80: 0 | DN80: 0 | DO80: 0 | DP80: =SUM(DJ80:DO80) -> 0 | DT80: أنثى | DU80: 0 | DV80: 0 | DW80: 0 | DX80: 0 | DY80: 0 | DZ80: 0 | EA80: =SUM(DU80:DZ80) -> 0 | EE80: أنثى | EF80: =SUM(D80+O80+Z80+AK80+AV80+BG80+BR80+CC80+CN80+CY80+DJ80+DU80) -> 0 | EG80: =SUM(E80+P80+AA80+AL80+AW80+BH80+BS80+CD80+CO80+CZ80+DK80+DV80) -> 0 | EH80: =SUM(F80+Q80+AB80+AM80+AX80+BI80+BT80+CE80+CP80+DA80+DL80+DW80) -> 0 | EI80: =SUM(G80+R80+AC80+AN80+AY80+BJ80+BU80+CF80+CQ80+DB80+DM80+DX80) -> 0 | EJ80: =SUM(H80+S80+AD80+AO80+AZ80+BK80+BV80+CG80+CR80+DC80+DN80+DY80) -> 0 | EK80: =SUM(I80+T80+AE80+AP80+BA80+BL80+BW80+CH80+CS80+DD80+DO80+DZ80) -> 0 | EL80: =SUM(EF80:EK80) -> 0
B81: مجموع الغير سعوديين | D81: =SUM(D79:D80) -> 0 | E81: =SUM(E79:E80) -> 0 | F81: =SUM(F79:F80) -> 0 | G81: =SUM(G79:G80) -> 0 | H81: =SUM(H79:H80) -> 0 | I81: =SUM(I79:I80) -> 0 | J81: =SUM(J79:J80) -> 0 | M81: مجموع الغير سعوديين | O81: =SUM(O79:O80) -> 0 | P81: =SUM(P79:P80) -> 0 | Q81: =SUM(Q79:Q80) -> 0 | R81: =SUM(R79:R80) -> 0 | S81: =SUM(S79:S80) -> 0 | T81: =SUM(T79:T80) -> 0 | U81: =SUM(U79:U80) -> 0 | X81: مجموع الغير سعوديين | Z81: =SUM(Z79:Z80) -> 0 | AA81: =SUM(AA79:AA80) -> 0 | AB81: =SUM(AB79:AB80) -> 0 | AC81: =SUM(AC79:AC80) -> 0 | AD81: =SUM(AD79:AD80) -> 0 | AE81: =SUM(AE79:AE80) -> 0 | AF81: =SUM(AF79:AF80) -> 0 | AI81: مجموع الغير سعوديين | AK81: =SUM(AK79:AK80) -> 0 | AL81: =SUM(AL79:AL80) -> 0 | AM81: =SUM(AM79:AM80) -> 0 | AN81: =SUM(AN79:AN80) -> 0 | AO81: =SUM(AO79:AO80) -> 0 | AP81: =SUM(AP79:AP80) -> 0 | AQ81: =SUM(AQ79:AQ80) -> 0 | AT81: مجموع الغير سعوديين | AV81: =SUM(AV79:AV80) -> 0 | AW81: =SUM(AW79:AW80) -> 0 | AX81: =SUM(AX79:AX80) -> 0 | AY81: =SUM(AY79:AY80) -> 0 | AZ81: =SUM(AZ79:AZ80) -> 0 | BA81: =SUM(BA79:BA80) -> 0 | BB81: =SUM(BB79:BB80) -> 0 | BE81: مجموع الغير سعوديين | BG81: =SUM(BG79:BG80) -> 0 | BH81: =SUM(BH79:BH80) -> 0 | BI81: =SUM(BI79:BI80) -> 0 | BJ81: =SUM(BJ79:BJ80) -> 0 | BK81: =SUM(BK79:BK80) -> 0 | BL81: =SUM(BL79:BL80) -> 0 | BM81: =SUM(BM79:BM80) -> 0 | BP81: مجموع الغير سعوديين | BR81: =SUM(BR79:BR80) -> 0 | BS81: =SUM(BS79:BS80) -> 0 | BT81: =SUM(BT79:BT80) -> 0 | BU81: =SUM(BU79:BU80) -> 0 | BV81: =SUM(BV79:BV80) -> 0 | BW81: =SUM(BW79:BW80) -> 0 | BX81: =SUM(BX79:BX80) -> 0 | CA81: مجموع الغير سعوديين | CC81: =SUM(CC79:CC80) -> 0 | CD81: =SUM(CD79:CD80) -> 0 | CE81: =SUM(CE79:CE80) -> 0 | CF81: =SUM(CF79:CF80) -> 0 | CG81: =SUM(CG79:CG80) -> 0 | CH81: =SUM(CH79:CH80) -> 0 | CI81: =SUM(CI79:CI80) -> 0 | CL81: مجموع الغير سعوديين | CN81: =SUM(CN79:CN80) -> 0 | CO81: =SUM(CO79:CO80) -> 0 | CP81: =SUM(CP79:CP80) -> 0 | CQ81: =SUM(CQ79:CQ80) -> 0 | CR81: =SUM(CR79:CR80) -> 0 | CS81: =SUM(CS79:CS80) -> 0 | CT81: =SUM(CT79:CT80) -> 0 | CW81: مجموع الغير سعوديين | CY81: =SUM(CY79:CY80) -> 0 | CZ81: =SUM(CZ79:CZ80) -> 0 | DA81: =SUM(DA79:DA80) -> 0 | DB81: =SUM(DB79:DB80) -> 0 | DC81: =SUM(DC79:DC80) -> 0 | DD81: =SUM(DD79:DD80) -> 0 | DE81: =SUM(DE79:DE80) -> 0 | DH81: مجموع الغير سعوديين | DJ81: =SUM(DJ79:DJ80) -> 0 | DK81: =SUM(DK79:DK80) -> 0 | DL81: =SUM(DL79:DL80) -> 0 | DM81: =SUM(DM79:DM80) -> 0 | DN81: =SUM(DN79:DN80) -> 0 | DO81: =SUM(DO79:DO80) -> 0 | DP81: =SUM(DP79:DP80) -> 0 | DS81: مجموع الغير سعوديين | DU81: =SUM(DU79:DU80) -> 0 | DV81: =SUM(DV79:DV80) -> 0 | DW81: =SUM(DW79:DW80) -> 0 | DX81: =SUM(DX79:DX80) -> 0 | DY81: =SUM(DY79:DY80) -> 0 | DZ81: =SUM(DZ79:DZ80) -> 0 | EA81: =SUM(EA79:EA80) -> 0 | ED81: مجموع الغير سعوديين | EF81: =SUM(EF79:EF80) -> 0 | EG81: =SUM(EG79:EG80) -> 0 | EH81: =SUM(EH79:EH80) -> 0 | EI81: =SUM(EI79:EI80) -> 0 | EJ81: =SUM(EJ79:EJ80) -> 0 | EK81: =SUM(EK79:EK80) -> 0 | EL81: =SUM(EL79:EL80) -> 0
B82: المجموع الكلي | D82: =SUM(D78+D81) -> 0 | E82: =SUM(E78+E81) -> 0 | F82: =SUM(F78+F81) -> 0 | G82: =SUM(G78+G81) -> 0 | H82: =SUM(H78+H81) -> 0 | I82: =SUM(I78+I81) -> 0 | J82: =SUM(J78+J81) -> 0 | M82: المجموع الكلي | O82: =SUM(O78+O81) -> 0 | P82: =SUM(P78+P81) -> 0 | Q82: =SUM(Q78+Q81) -> 0 | R82: =SUM(R78+R81) -> 0 | S82: =SUM(S78+S81) -> 0 | T82: =SUM(T78+T81) -> 0 | U82: =SUM(U78+U81) -> 0 | X82: المجموع الكلي | Z82: =SUM(Z78+Z81) -> 0 | AA82: =SUM(AA78+AA81) -> 0 | AB82: =SUM(AB78+AB81) -> 0 | AC82: =SUM(AC78+AC81) -> 0 | AD82: =SUM(AD78+AD81) -> 0 | AE82: =SUM(AE78+AE81) -> 0 | AF82: =SUM(AF78+AF81) -> 0 | AI82: المجموع الكلي | AK82: =SUM(AK78+AK81) -> 0 | AL82: =SUM(AL78+AL81) -> 0 | AM82: =SUM(AM78+AM81) -> 0 | AN82: =SUM(AN78+AN81) -> 0 | AO82: =SUM(AO78+AO81) -> 0 | AP82: =SUM(AP78+AP81) -> 0 | AQ82: =SUM(AQ78+AQ81) -> 0 | AT82: المجموع الكلي | AV82: =SUM(AV78+AV81) -> 0 | AW82: =SUM(AW78+AW81) -> 0 | AX82: =SUM(AX78+AX81) -> 0 | AY82: =SUM(AY78+AY81) -> 0 | AZ82: =SUM(AZ78+AZ81) -> 0 | BA82: =SUM(BA78+BA81) -> 0 | BB82: =SUM(BB78+BB81) -> 0 | BE82: المجموع الكلي | BG82: =SUM(BG78+BG81) -> 0 | BH82: =SUM(BH78+BH81) -> 0 | BI82: =SUM(BI78+BI81) -> 0 | BJ82: =SUM(BJ78+BJ81) -> 0 | BK82: =SUM(BK78+BK81) -> 0 | BL82: =SUM(BL78+BL81) -> 0 | BM82: =SUM(BM78+BM81) -> 0 | BP82: المجموع الكلي | BR82: =SUM(BR78+BR81) -> 0 | BS82: =SUM(BS78+BS81) -> 0 | BT82: =SUM(BT78+BT81) -> 0 | BU82: =SUM(BU78+BU81) -> 0 | BV82: =SUM(BV78+BV81) -> 0 | BW82: =SUM(BW78+BW81) -> 0 | BX82: =SUM(BX78+BX81) -> 0 | CA82: المجموع الكلي | CC82: =SUM(CC78+CC81) -> 0 | CD82: =SUM(CD78+CD81) -> 0 | CE82: =SUM(CE78+CE81) -> 0 | CF82: =SUM(CF78+CF81) -> 0 | CG82: =SUM(CG78+CG81) -> 0 | CH82: =SUM(CH78+CH81) -> 0 | CI82: =SUM(CI78+CI81) -> 0 | CL82: المجموع الكلي | CN82: =SUM(CN78+CN81) -> 0 | CO82: =SUM(CO78+CO81) -> 0 | CP82: =SUM(CP78+CP81) -> 0 | CQ82: =SUM(CQ78+CQ81) -> 0 | CR82: =SUM(CR78+CR81) -> 0 | CS82: =SUM(CS78+CS81) -> 0 | CT82: =SUM(CT78+CT81) -> 0 | CW82: المجموع الكلي | CY82: =SUM(CY78+CY81) -> 0 | CZ82: =SUM(CZ78+CZ81) -> 0 | DA82: =SUM(DA78+DA81) -> 0 | DB82: =SUM(DB78+DB81) -> 0 | DC82: =SUM(DC78+DC81) -> 0 | DD82: =SUM(DD78+DD81) -> 0 | DE82: =SUM(DE78+DE81) -> 0 | DH82: المجموع الكلي | DJ82: =SUM(DJ78+DJ81) -> 0 | DK82: =SUM(DK78+DK81) -> 0 | DL82: =SUM(DL78+DL81) -> 0 | DM82: =SUM(DM78+DM81) -> 0 | DN82: =SUM(DN78+DN81) -> 0 | DO82: =SUM(DO78+DO81) -> 0 | DP82: =SUM(DP78+DP81) -> 0 | DS82: المجموع الكلي | DU82: =SUM(DU78+DU81) -> 0 | DV82: =SUM(DV78+DV81) -> 0 | DW82: =SUM(DW78+DW81) -> 0 | DX82: =SUM(DX78+DX81) -> 0 | DY82: =SUM(DY78+DY81) -> 0 | DZ82: =SUM(DZ78+DZ81) -> 0 | EA82: =SUM(EA78+EA81) -> 0 | ED82: المجموع الكلي | EF82: =SUM(EF78+EF81) -> 0 | EG82: =SUM(EG78+EG81) -> 0 | EH82: =SUM(EH78+EH81) -> 0 | EI82: =SUM(EI78+EI81) -> 0 | EJ82: =SUM(EJ78+EJ81) -> 0 | EK82: =SUM(EK78+EK81) -> 0 | EL82: =SUM(EL78+EL81) -> 0
A83: 0 | B83: سعودي | C83: ذكر | D83: 0 | E83: 0 | F83: 0 | G83: 0 | H83: 0 | I83: 0 | J83: =SUM(D83:I83) -> 0 | L83: 0 | M83: سعودي | N83: ذكر | O83: 0 | P83: 0 | Q83: 0 | R83: 0 | S83: 0 | T83: 0 | U83: =SUM(O83:T83) -> 0 | W83: 0 | X83: سعودي | Y83: ذكر | Z83: 0 | AA83: 0 | AB83: 0 | AC83: 0 | AD83: 0 | AE83: 0 | AF83: =SUM(Z83:AE83) -> 0 | AH83: 0 | AI83: سعودي | AJ83: ذكر | AK83: 0 | AL83: 0 | AM83: 0 | AN83: 0 | AO83: 0 | AP83: 0 | AQ83: =SUM(AK83:AP83) -> 0 | AS83: 0 | AT83: سعودي | AU83: ذكر | AV83: 0 | AW83: 0 | AX83: 0 | AY83: 0 | AZ83: 0 | BA83: 0 | BB83: =SUM(AV83:BA83) -> 0 | BD83: 0 | BE83: سعودي | BF83: ذكر | BG83: 0 | BH83: 0 | BI83: 0 | BJ83: 0 | BK83: 0 | BL83: 0 | BM83: =SUM(BG83:BL83) -> 0 | BO83: 0 | BP83: سعودي | BQ83: ذكر | BR83: 0 | BS83: 0 | BT83: 0 | BU83: 0 | BV83: 0 | BW83: 0 | BX83: =SUM(BR83:BW83) -> 0 | BZ83: 0 | CA83: سعودي | CB83: ذكر | CC83: 0 | CD83: 0 | CE83: 0 | CF83: 0 | CG83: 0 | CH83: 0 | CI83: =SUM(CC83:CH83) -> 0 | CK83: 0 | CL83: سعودي | CM83: ذكر | CN83: 0 | CO83: 0 | CP83: 0 | CQ83: 0 | CR83: 0 | CS83: 0 | CT83: =SUM(CN83:CS83) -> 0 | CV83: 0 | CW83: سعودي | CX83: ذكر | CY83: 0 | CZ83: 0 | DA83: 0 | DB83: 0 | DC83: 0 | DD83: 0 | DE83: =SUM(CY83:DD83) -> 0 | DG83: 0 | DH83: سعودي | DI83: ذكر | DJ83: 0 | DK83: 0 | DL83: 0 | DM83: 0 | DN83: 0 | DO83: 0 | DP83: =SUM(DJ83:DO83) -> 0 | DR83: 0 | DS83: سعودي | DT83: ذكر | DU83: 0 | DV83: 0 | DW83: 0 | DX83: 0 | DY83: 0 | DZ83: 0 | EA83: =SUM(DU83:DZ83) -> 0 | EC83: =DR83 -> 0 | ED83: سعودي | EE83: ذكر | EF83: =SUM(D83+O83+Z83+AK83+AV83+BG83+BR83+CC83+CN83+CY83+DJ83+DU83) -> 0 | EG83: =SUM(E83+P83+AA83+AL83+AW83+BH83+BS83+CD83+CO83+CZ83+DK83+DV83) -> 0 | EH83: =SUM(F83+Q83+AB83+AM83+AX83+BI83+BT83+CE83+CP83+DA83+DL83+DW83) -> 0 | EI83: =SUM(G83+R83+AC83+AN83+AY83+BJ83+BU83+CF83+CQ83+DB83+DM83+DX83) -> 0 | EJ83: 0 | EK83: =SUM(I83+T83+AE83+AP83+BA83+BL83+BW83+CH83+CS83+DD83+DO83+DZ83) -> 0 | EL83: =SUM(EF83:EK83) -> 0
C84: أنثى | D84: 0 | E84: 0 | F84: 0 | G84: 0 | H84: 0 | I84: 0 | J84: =SUM(D84:I84) -> 0 | N84: أنثى | O84: 0 | P84: 0 | Q84: 0 | R84: 0 | S84: 0 | T84: 0 | U84: =SUM(O84:T84) -> 0 | Y84: أنثى | Z84: 0 | AA84: 0 | AB84: 0 | AC84: 0 | AD84: 0 | AE84: 0 | AF84: =SUM(Z84:AE84) -> 0 | AJ84: أنثى | AK84: 0 | AL84: 0 | AM84: 0 | AN84: 0 | AO84: 0 | AP84: 0 | AQ84: =SUM(AK84:AP84) -> 0 | AU84: أنثى | AV84: 0 | AW84: 0 | AX84: 0 | AY84: 0 | AZ84: 0 | BA84: 0 | BB84: =SUM(AV84:BA84) -> 0 | BF84: أنثى | BG84: 0 | BH84: 0 | BI84: 0 | BJ84: 0 | BK84: 0 | BL84: 0 | BM84: =SUM(BG84:BL84) -> 0 | BQ84: أنثى | BR84: 0 | BS84: 0 | BT84: 0 | BU84: 0 | BV84: 0 | BW84: 0 | BX84: =SUM(BR84:BW84) -> 0 | CB84: أنثى | CC84: 0 | CD84: 0 | CE84: 0 | CF84: 0 | CG84: 0 | CH84: 0 | CI84: =SUM(CC84:CH84) -> 0 | CM84: أنثى | CN84: 0 | CO84: 0 | CP84: 0 | CQ84: 0 | CR84: 0 | CS84: 0 | CT84: =SUM(CN84:CS84) -> 0 | CX84: أنثى | CY84: 0 | CZ84: 0 | DA84: 0 | DB84: 0 | DC84: 0 | DD84: 0 | DE84: =SUM(CY84:DD84) -> 0 | DI84: أنثى | DJ84: 0 | DK84: 0 | DL84: 0 | DM84: 0 | DN84: 0 | DO84: 0 | DP84: =SUM(DJ84:DO84) -> 0 | DT84: أنثى | DU84: 0 | DV84: 0 | DW84: 0 | DX84: 0 | DY84: 0 | DZ84: 0 | EA84: =SUM(DU84:DZ84) -> 0 | EE84: أنثى | EF84: =SUM(D84+O84+Z84+AK84+AV84+BG84+BR84+CC84+CN84+CY84+DJ84+DU84) -> 0 | EG84: =SUM(E84+P84+AA84+AL84+AW84+BH84+BS84+CD84+CO84+CZ84+DK84+DV84) -> 0 | EH84: =SUM(F84+Q84+AB84+AM84+AX84+BI84+BT84+CE84+CP84+DA84+DL84+DW84) -> 0 | EI84: =SUM(G84+R84+AC84+AN84+AY84+BJ84+BU84+CF84+CQ84+DB84+DM84+DX84) -> 0 | EJ84: =SUM(H84+S84+AD84+AO84+AZ84+BK84+BV84+CG84+CR84+DC84+DN84+DY84) -> 0 | EK84: =SUM(I84+T84+AE84+AP84+BA84+BL84+BW84+CH84+CS84+DD84+DO84+DZ84) -> 0 | EL84: =SUM(EF84:EK84) -> 0
B85: مجموع السعوديين | D85: =SUM(D83:D84) -> 0 | E85: =SUM(E83:E84) -> 0 | F85: =SUM(F83:F84) -> 0 | G85: =SUM(G83:G84) -> 0 | H85: =SUM(H83:H84) -> 0 | I85: =SUM(I83:I84) -> 0 | J85: =SUM(J83:J84) -> 0 | M85: مجموع السعوديين | O85: =SUM(O83:O84) -> 0 | P85: =SUM(P83:P84) -> 0 | Q85: =SUM(Q83:Q84) -> 0 | R85: =SUM(R83:R84) -> 0 | S85: =SUM(S83:S84) -> 0 | T85: =SUM(T83:T84) -> 0 | U85: =SUM(U83:U84) -> 0 | X85: مجموع السعوديين | Z85: =SUM(Z83:Z84) -> 0 | AA85: =SUM(AA83:AA84) -> 0 | AB85: =SUM(AB83:AB84) -> 0 | AC85: =SUM(AC83:AC84) -> 0 | AD85: =SUM(AD83:AD84) -> 0 | AE85: =SUM(AE83:AE84) -> 0 | AF85: =SUM(AF83:AF84) -> 0 | AI85: مجموع السعوديين | AK85: =SUM(AK83:AK84) -> 0 | AL85: =SUM(AL83:AL84) -> 0 | AM85: =SUM(AM83:AM84) -> 0 | AN85: =SUM(AN83:AN84) -> 0 | AO85: =SUM(AO83:AO84) -> 0 | AP85: =SUM(AP83:AP84) -> 0 | AQ85: =SUM(AQ83:AQ84) -> 0 | AT85: مجموع السعوديين | AV85: =SUM(AV83:AV84) -> 0 | AW85: =SUM(AW83:AW84) -> 0 | AX85: =SUM(AX83:AX84) -> 0 | AY85: =SUM(AY83:AY84) -> 0 | AZ85: =SUM(AZ83:AZ84) -> 0 | BA85: =SUM(BA83:BA84) -> 0 | BB85: =SUM(BB83:BB84) -> 0 | BE85: مجموع السعوديين | BG85: =SUM(BG83:BG84) -> 0 | BH85: =SUM(BH83:BH84) -> 0 | BI85: =SUM(BI83:BI84) -> 0 | BJ85: =SUM(BJ83:BJ84) -> 0 | BK85: =SUM(BK83:BK84) -> 0 | BL85: =SUM(BL83:BL84) -> 0 | BM85: =SUM(BM83:BM84) -> 0 | BP85: مجموع السعوديين | BR85: =SUM(BR83:BR84) -> 0 | BS85: =SUM(BS83:BS84) -> 0 | BT85: =SUM(BT83:BT84) -> 0 | BU85: =SUM(BU83:BU84) -> 0 | BV85: =SUM(BV83:BV84) -> 0 | BW85: =SUM(BW83:BW84) -> 0 | BX85: =SUM(BX83:BX84) -> 0 | CA85: مجموع السعوديين | CC85: =SUM(CC83:CC84) -> 0 | CD85: =SUM(CD83:CD84) -> 0 | CE85: =SUM(CE83:CE84) -> 0 | CF85: =SUM(CF83:CF84) -> 0 | CG85: =SUM(CG83:CG84) -> 0 | CH85: =SUM(CH83:CH84) -> 0 | CI85: =SUM(CI83:CI84) -> 0 | CL85: مجموع السعوديين | CN85: =SUM(CN83:CN84) -> 0 | CO85: =SUM(CO83:CO84) -> 0 | CP85: =SUM(CP83:CP84) -> 0 | CQ85: =SUM(CQ83:CQ84) -> 0 | CR85: =SUM(CR83:CR84) -> 0 | CS85: =SUM(CS83:CS84) -> 0 | CT85: =SUM(CT83:CT84) -> 0 | CW85: مجموع السعوديين | CY85: =SUM(CY83:CY84) -> 0 | CZ85: =SUM(CZ83:CZ84) -> 0 | DA85: =SUM(DA83:DA84) -> 0 | DB85: =SUM(DB83:DB84) -> 0 | DC85: =SUM(DC83:DC84) -> 0 | DD85: =SUM(DD83:DD84) -> 0 | DE85: =SUM(DE83:DE84) -> 0 | DH85: مجموع السعوديين | DJ85: =SUM(DJ83:DJ84) -> 0 | DK85: =SUM(DK83:DK84) -> 0 | DL85: =SUM(DL83:DL84) -> 0 | DM85: =SUM(DM83:DM84) -> 0 | DN85: =SUM(DN83:DN84) -> 0 | DO85: =SUM(DO83:DO84) -> 0 | DP85: =SUM(DP83:DP84) -> 0 | DS85: مجموع السعوديين | DU85: =SUM(DU83:DU84) -> 0 | DV85: =SUM(DV83:DV84) -> 0 | DW85: =SUM(DW83:DW84) -> 0 | DX85: =SUM(DX83:DX84) -> 0 | DY85: =SUM(DY83:DY84) -> 0 | DZ85: =SUM(DZ83:DZ84) -> 0 | EA85: =SUM(EA83:EA84) -> 0 | ED85: مجموع السعوديين | EF85: =SUM(EF83:EF84) -> 0 | EG85: =SUM(EG83:EG84) -> 0 | EH85: =SUM(EH83:EH84) -> 0 | EI85: =SUM(EI83:EI84) -> 0 | EJ85: =SUM(EJ83:EJ84) -> 0 | EK85: =SUM(EK83:EK84) -> 0 | EL85: =SUM(EL83:EL84) -> 0
B86: غير سعودي | C86: ذكر | D86: 0 | E86: 0 | F86: 0 | G86: 0 | H86: 0 | I86: 0 | J86: =SUM(D86:I86) -> 0 | M86: غير سعودي | N86: ذكر | O86: 0 | P86: 0 | Q86: 0 | R86: 0 | S86: 0 | T86: 0 | U86: =SUM(O86:T86) -> 0 | X86: غير سعودي | Y86: ذكر | Z86: 0 | AA86: 0 | AB86: 0 | AC86: 0 | AD86: 0 | AE86: 0 | AF86: =SUM(Z86:AE86) -> 0 | AI86: غير سعودي | AJ86: ذكر | AK86: 0 | AL86: 0 | AM86: 0 | AN86: 0 | AO86: 0 | AP86: 0 | AQ86: =SUM(AK86:AP86) -> 0 | AT86: غير سعودي | AU86: ذكر | AV86: 0 | AW86: 0 | AX86: 0 | AY86: 0 | AZ86: 0 | BA86: 0 | BB86: =SUM(AV86:BA86) -> 0 | BE86: غير سعودي | BF86: ذكر | BG86: 0 | BH86: 0 | BI86: 0 | BJ86: 0 | BK86: 0 | BL86: 0 | BM86: =SUM(BG86:BL86) -> 0 | BP86: غير سعودي | BQ86: ذكر | BR86: 0 | BS86: 0 | BT86: 0 | BU86: 0 | BV86: 0 | BW86: 0 | BX86: =SUM(BR86:BW86) -> 0 | CA86: غير سعودي | CB86: ذكر | CC86: 0 | CD86: 0 | CE86: 0 | CF86: 0 | CG86: 0 | CH86: 0 | CI86: =SUM(CC86:CH86) -> 0 | CL86: غير سعودي | CM86: ذكر | CN86: 0 | CO86: 0 | CP86: 0 | CQ86: 0 | CR86: 0 | CS86: 0 | CT86: =SUM(CN86:CS86) -> 0 | CW86: غير سعودي | CX86: ذكر | CY86: 0 | CZ86: 0 | DA86: 0 | DB86: 0 | DC86: 0 | DD86: 0 | DE86: =SUM(CY86:DD86) -> 0 | DH86: غير سعودي | DI86: ذكر | DJ86: 0 | DK86: 0 | DL86: 0 | DM86: 0 | DN86: 0 | DO86: 0 | DP86: =SUM(DJ86:DO86) -> 0 | DS86: غير سعودي | DT86: ذكر | DU86: 0 | DV86: 0 | DW86: 0 | DX86: 0 | DY86: 0 | DZ86: 0 | EA86: =SUM(DU86:DZ86) -> 0 | ED86: غير سعودي | EE86: ذكر | EF86: =SUM(D86+O86+Z86+AK86+AV86+BG86+BR86+CC86+CN86+CY86+DJ86+DU86) -> 0 | EG86: =SUM(E86+P86+AA86+AL86+AW86+BH86+BS86+CD86+CO86+CZ86+DK86+DV86) -> 0 | EH86: =SUM(F86+Q86+AB86+AM86+AX86+BI86+BT86+CE86+CP86+DA86+DL86+DW86) -> 0 | EI86: =SUM(G86+R86+AC86+AN86+AY86+BJ86+BU86+CF86+CQ86+DB86+DM86+DX86) -> 0 | EJ86: 0 | EK86: =SUM(I86+T86+AE86+AP86+BA86+BL86+BW86+CH86+CS86+DD86+DO86+DZ86) -> 0 | EL86: =SUM(EF86:EK86) -> 0
C87: أنثى | D87: 0 | E87: 0 | F87: 0 | G87: 0 | H87: 0 | I87: 0 | J87: =SUM(D87:I87) -> 0 | N87: أنثى | O87: 0 | P87: 0 | Q87: 0 | R87: 0 | S87: 0 | T87: 0 | U87: =SUM(O87:T87) -> 0 | Y87: أنثى | Z87: 0 | AA87: 0 | AB87: 0 | AC87: 0 | AD87: 0 | AE87: 0 | AF87: =SUM(Z87:AE87) -> 0 | AJ87: أنثى | AK87: 0 | AL87: 0 | AM87: 0 | AN87: 0 | AO87: 0 | AP87: 0 | AQ87: =SUM(AK87:AP87) -> 0 | AU87: أنثى | AV87: 0 | AW87: 0 | AX87: 0 | AY87: 0 | AZ87: 0 | BA87: 0 | BB87: =SUM(AV87:BA87) -> 0 | BF87: أنثى | BG87: 0 | BH87: 0 | BI87: 0 | BJ87: 0 | BK87: 0 | BL87: 0 | BM87: =SUM(BG87:BL87) -> 0 | BQ87: أنثى | BR87: 0 | BS87: 0 | BT87: 0 | BU87: 0 | BV87: 0 | BW87: 0 | BX87: =SUM(BR87:BW87) -> 0 | CB87: أنثى | CC87: 0 | CD87: 0 | CE87: 0 | CF87: 0 | CG87: 0 | CH87: 0 | CI87: =SUM(CC87:CH87) -> 0 | CM87: أنثى | CN87: 0 | CO87: 0 | CP87: 0 | CQ87: 0 | CR87: 0 | CS87: 0 | CT87: =SUM(CN87:CS87) -> 0 | CX87: أنثى | CY87: 0 | CZ87: 0 | DA87: 0 | DB87: 0 | DC87: 0 | DD87: 0 | DE87: =SUM(CY87:DD87) -> 0 | DI87: أنثى | DJ87: 0 | DK87: 0 | DL87: 0 | DM87: 0 | DN87: 0 | DO87: 0 | DP87: =SUM(DJ87:DO87) -> 0 | DT87: أنثى | DU87: 0 | DV87: 0 | DW87: 0 | DX87: 0 | DY87: 0 | DZ87: 0 | EA87: =SUM(DU87:DZ87) -> 0 | EE87: أنثى | EF87: =SUM(D87+O87+Z87+AK87+AV87+BG87+BR87+CC87+CN87+CY87+DJ87+DU87) -> 0 | EG87: =SUM(E87+P87+AA87+AL87+AW87+BH87+BS87+CD87+CO87+CZ87+DK87+DV87) -> 0 | EH87: =SUM(F87+Q87+AB87+AM87+AX87+BI87+BT87+CE87+CP87+DA87+DL87+DW87) -> 0 | EI87: =SUM(G87+R87+AC87+AN87+AY87+BJ87+BU87+CF87+CQ87+DB87+DM87+DX87) -> 0 | EJ87: =SUM(H87+S87+AD87+AO87+AZ87+BK87+BV87+CG87+CR87+DC87+DN87+DY87) -> 0 | EK87: =SUM(I87+T87+AE87+AP87+BA87+BL87+BW87+CH87+CS87+DD87+DO87+DZ87) -> 0 | EL87: =SUM(EF87:EK87) -> 0
B88: مجموع الغير سعوديين | D88: =SUM(D86:D87) -> 0 | E88: =SUM(E86:E87) -> 0 | F88: =SUM(F86:F87) -> 0 | G88: =SUM(G86:G87) -> 0 | H88: =SUM(H86:H87) -> 0 | I88: =SUM(I86:I87) -> 0 | J88: =SUM(J86:J87) -> 0 | M88: مجموع الغير سعوديين | O88: =SUM(O86:O87) -> 0 | P88: =SUM(P86:P87) -> 0 | Q88: =SUM(Q86:Q87) -> 0 | R88: =SUM(R86:R87) -> 0 | S88: =SUM(S86:S87) -> 0 | T88: =SUM(T86:T87) -> 0 | U88: =SUM(U86:U87) -> 0 | X88: مجموع الغير سعوديين | Z88: =SUM(Z86:Z87) -> 0 | AA88: =SUM(AA86:AA87) -> 0 | AB88: =SUM(AB86:AB87) -> 0 | AC88: =SUM(AC86:AC87) -> 0 | AD88: =SUM(AD86:AD87) -> 0 | AE88: =SUM(AE86:AE87) -> 0 | AF88: =SUM(AF86:AF87) -> 0 | AI88: مجموع الغير سعوديين | AK88: =SUM(AK86:AK87) -> 0 | AL88: =SUM(AL86:AL87) -> 0 | AM88: =SUM(AM86:AM87) -> 0 | AN88: =SUM(AN86:AN87) -> 0 | AO88: =SUM(AO86:AO87) -> 0 | AP88: =SUM(AP86:AP87) -> 0 | AQ88: =SUM(AQ86:AQ87) -> 0 | AT88: مجموع الغير سعوديين | AV88: =SUM(AV86:AV87) -> 0 | AW88: =SUM(AW86:AW87) -> 0 | AX88: =SUM(AX86:AX87) -> 0 | AY88: =SUM(AY86:AY87) -> 0 | AZ88: =SUM(AZ86:AZ87) -> 0 | BA88: =SUM(BA86:BA87) -> 0 | BB88: =SUM(BB86:BB87) -> 0 | BE88: مجموع الغير سعوديين | BG88: =SUM(BG86:BG87) -> 0 | BH88: =SUM(BH86:BH87) -> 0 | BI88: =SUM(BI86:BI87) -> 0 | BJ88: =SUM(BJ86:BJ87) -> 0 | BK88: =SUM(BK86:BK87) -> 0 | BL88: =SUM(BL86:BL87) -> 0 | BM88: =SUM(BM86:BM87) -> 0 | BP88: مجموع الغير سعوديين | BR88: =SUM(BR86:BR87) -> 0 | BS88: =SUM(BS86:BS87) -> 0 | BT88: =SUM(BT86:BT87) -> 0 | BU88: =SUM(BU86:BU87) -> 0 | BV88: =SUM(BV86:BV87) -> 0 | BW88: =SUM(BW86:BW87) -> 0 | BX88: =SUM(BX86:BX87) -> 0 | CA88: مجموع الغير سعوديين | CC88: =SUM(CC86:CC87) -> 0 | CD88: =SUM(CD86:CD87) -> 0 | CE88: =SUM(CE86:CE87) -> 0 | CF88: =SUM(CF86:CF87) -> 0 | CG88: =SUM(CG86:CG87) -> 0 | CH88: =SUM(CH86:CH87) -> 0 | CI88: =SUM(CI86:CI87) -> 0 | CL88: مجموع الغير سعوديين | CN88: =SUM(CN86:CN87) -> 0 | CO88: =SUM(CO86:CO87) -> 0 | CP88: =SUM(CP86:CP87) -> 0 | CQ88: =SUM(CQ86:CQ87) -> 0 | CR88: =SUM(CR86:CR87) -> 0 | CS88: =SUM(CS86:CS87) -> 0 | CT88: =SUM(CT86:CT87) -> 0 | CW88: مجموع الغير سعوديين | CY88: =SUM(CY86:CY87) -> 0 | CZ88: =SUM(CZ86:CZ87) -> 0 | DA88: =SUM(DA86:DA87) -> 0 | DB88: =SUM(DB86:DB87) -> 0 | DC88: =SUM(DC86:DC87) -> 0 | DD88: =SUM(DD86:DD87) -> 0 | DE88: =SUM(DE86:DE87) -> 0 | DH88: مجموع الغير سعوديين | DJ88: =SUM(DJ86:DJ87) -> 0 | DK88: =SUM(DK86:DK87) -> 0 | DL88: =SUM(DL86:DL87) -> 0 | DM88: =SUM(DM86:DM87) -> 0 | DN88: =SUM(DN86:DN87) -> 0 | DO88: =SUM(DO86:DO87) -> 0 | DP88: =SUM(DP86:DP87) -> 0 | DS88: مجموع الغير سعوديين | DU88: =SUM(DU86:DU87) -> 0 | DV88: =SUM(DV86:DV87) -> 0 | DW88: =SUM(DW86:DW87) -> 0 | DX88: =SUM(DX86:DX87) -> 0 | DY88: =SUM(DY86:DY87) -> 0 | DZ88: =SUM(DZ86:DZ87) -> 0 | EA88: =SUM(EA86:EA87) -> 0 | ED88: مجموع الغير سعوديين | EF88: =SUM(EF86:EF87) -> 0 | EG88: =SUM(EG86:EG87) -> 0 | EH88: =SUM(EH86:EH87) -> 0 | EI88: =SUM(EI86:EI87) -> 0 | EJ88: =SUM(EJ86:EJ87) -> 0 | EK88: =SUM(EK86:EK87) -> 0 | EL88: =SUM(EL86:EL87) -> 0
B89: المجموع الكلي | D89: =SUM(D85+D88) -> 0 | E89: =SUM(E85+E88) -> 0 | F89: =SUM(F85+F88) -> 0 | G89: =SUM(G85+G88) -> 0 | H89: =SUM(H85+H88) -> 0 | I89: =SUM(I85+I88) -> 0 | J89: =SUM(J85+J88) -> 0 | M89: المجموع الكلي | O89: =SUM(O85+O88) -> 0 | P89: =SUM(P85+P88) -> 0 | Q89: =SUM(Q85+Q88) -> 0 | R89: =SUM(R85+R88) -> 0 | S89: =SUM(S85+S88) -> 0 | T89: =SUM(T85+T88) -> 0 | U89: =SUM(U85+U88) -> 0 | X89: المجموع الكلي | Z89: =SUM(Z85+Z88) -> 0 | AA89: =SUM(AA85+AA88) -> 0 | AB89: =SUM(AB85+AB88) -> 0 | AC89: =SUM(AC85+AC88) -> 0 | AD89: =SUM(AD85+AD88) -> 0 | AE89: =SUM(AE85+AE88) -> 0 | AF89: =SUM(AF85+AF88) -> 0 | AI89: المجموع الكلي | AK89: =SUM(AK85+AK88) -> 0 | AL89: =SUM(AL85+AL88) -> 0 | AM89: =SUM(AM85+AM88) -> 0 | AN89: =SUM(AN85+AN88) -> 0 | AO89: =SUM(AO85+AO88) -> 0 | AP89: =SUM(AP85+AP88) -> 0 | AQ89: =SUM(AQ85+AQ88) -> 0 | AT89: المجموع الكلي | AV89: =SUM(AV85+AV88) -> 0 | AW89: =SUM(AW85+AW88) -> 0 | AX89: =SUM(AX85+AX88) -> 0 | AY89: =SUM(AY85+AY88) -> 0 | AZ89: =SUM(AZ85+AZ88) -> 0 | BA89: =SUM(BA85+BA88) -> 0 | BB89: =SUM(BB85+BB88) -> 0 | BE89: المجموع الكلي | BG89: =SUM(BG85+BG88) -> 0 | BH89: =SUM(BH85+BH88) -> 0 | BI89: =SUM(BI85+BI88) -> 0 | BJ89: =SUM(BJ85+BJ88) -> 0 | BK89: =SUM(BK85+BK88) -> 0 | BL89: =SUM(BL85+BL88) -> 0 | BM89: =SUM(BM85+BM88) -> 0 | BP89: المجموع الكلي | BR89: =SUM(BR85+BR88) -> 0 | BS89: =SUM(BS85+BS88) -> 0 | BT89: =SUM(BT85+BT88) -> 0 | BU89: =SUM(BU85+BU88) -> 0 | BV89: =SUM(BV85+BV88) -> 0 | BW89: =SUM(BW85+BW88) -> 0 | BX89: =SUM(BX85+BX88) -> 0 | CA89: المجموع الكلي | CC89: =SUM(CC85+CC88) -> 0 | CD89: =SUM(CD85+CD88) -> 0 | CE89: =SUM(CE85+CE88) -> 0 | CF89: =SUM(CF85+CF88) -> 0 | CG89: =SUM(CG85+CG88) -> 0 | CH89: =SUM(CH85+CH88) -> 0 | CI89: =SUM(CI85+CI88) -> 0 | CL89: المجموع الكلي | CN89: =SUM(CN85+CN88) -> 0 | CO89: =SUM(CO85+CO88) -> 0 | CP89: =SUM(CP85+CP88) -> 0 | CQ89: =SUM(CQ85+CQ88) -> 0 | CR89: =SUM(CR85+CR88) -> 0 | CS89: =SUM(CS85+CS88) -> 0 | CT89: =SUM(CT85+CT88) -> 0 | CW89: المجموع الكلي | CY89: =SUM(CY85+CY88) -> 0 | CZ89: =SUM(CZ85+CZ88) -> 0 | DA89: =SUM(DA85+DA88) -> 0 | DB89: =SUM(DB85+DB88) -> 0 | DC89: =SUM(DC85+DC88) -> 0 | DD89: =SUM(DD85+DD88) -> 0 | DE89: =SUM(DE85+DE88) -> 0 | DH89: المجموع الكلي | DJ89: =SUM(DJ85+DJ88) -> 0 | DK89: =SUM(DK85+DK88) -> 0 | DL89: =SUM(DL85+DL88) -> 0 | DM89: =SUM(DM85+DM88) -> 0 | DN89: =SUM(DN85+DN88) -> 0 | DO89: =SUM(DO85+DO88) -> 0 | DP89: =SUM(DP85+DP88) -> 0 | DS89: المجموع الكلي | DU89: =SUM(DU85+DU88) -> 0 | DV89: =SUM(DV85+DV88) -> 0 | DW89: =SUM(DW85+DW88) -> 0 | DX89: =SUM(DX85+DX88) -> 0 | DY89: =SUM(DY85+DY88) -> 0 | DZ89: =SUM(DZ85+DZ88) -> 0 | EA89: =SUM(EA85+EA88) -> 0 | ED89: المجموع الكلي | EF89: =SUM(EF85+EF88) -> 0 | EG89: =SUM(EG85+EG88) -> 0 | EH89: =SUM(EH85+EH88) -> 0 | EI89: =SUM(EI85+EI88) -> 0 | EJ89: =SUM(EJ85+EJ88) -> 0 | EK89: =SUM(EK85+EK88) -> 0 | EL89: =SUM(EL85+EL88) -> 0
B90: نوع الإصابة ( العددالإيجابي من عدد الفحوصات ) | D90: بلهارسيا بولية | E90: بلهارسيا معوية | F90: دوسنتاريا | G90: ملاريا | H90: حمل | I90: أخرى | J90: المجموع | M90: نوع الإصابة ( العددالإيجابي من عدد الفحوصات ) | O90: بلهارسيا بولية | P90: بلهارسيا معوية | Q90: دوسنتاريا | R90: ملاريا | S90: حمل | T90: أخرى | U90: المجموع | X90: نوع الإصابة ( العددالإيجابي من عدد الفحوصات ) | Z90: بلهارسيا بولية | AA90: بلهارسيا معوية | AB90: دوسنتاريا | AC90: ملاريا | AD90: حمل | AE90: أخرى | AF90: المجموع | AI90: نوع الإصابة ( العددالإيجابي من عدد الفحوصات ) | AK90: بلهارسيا بولية | AL90: بلهارسيا معوية | AM90: دوسنتاريا | AN90: ملاريا | AO90: حمل | AP90: أخرى | AQ90: المجموع | AT90: نوع الإصابة ( العددالإيجابي من عدد الفحوصات ) | AV90: بلهارسيا بولية | AW90: بلهارسيا معوية | AX90: دوسنتاريا | AY90: ملاريا | AZ90: حمل | BA90: أخرى | BB90: المجموع | BE90: نوع الإصابة ( العددالإيجابي من عدد الفحوصات ) | BG90: بلهارسيا بولية | BH90: بلهارسيا معوية | BI90: دوسنتاريا | BJ90: ملاريا | BK90: حمل | BL90: أخرى | BM90: المجموع | BP90: نوع الإصابة ( العددالإيجابي من عدد الفحوصات ) | BR90: بلهارسيا بولية | BS90: بلهارسيا معوية | BT90: دوسنتاريا | BU90: ملاريا | BV90: حمل | BW90: أخرى | BX90: المجموع | CA90: نوع الإصابة ( العددالإيجابي من عدد الفحوصات ) | CC90: بلهارسيا بولية | CD90: بلهارسيا معوية | CE90: دوسنتاريا | CF90: ملاريا | CG90: حمل | CH90: أخرى | CI90: المجموع | CL90: نوع الإصابة ( العددالإيجابي من عدد الفحوصات ) | CN90: بلهارسيا بولية | CO90: بلهارسيا معوية | CP90: دوسنتاريا | CQ90: ملاريا | CR90: حمل | CS90: أخرى | CT90: المجموع | CW90: نوع الإصابة ( العددالإيجابي من عدد الفحوصات ) | CY90: بلهارسيا بولية | CZ90: بلهارسيا معوية | DA90: دوسنتاريا | DB90: ملاريا | DC90: حمل | DD90: أخرى | DE90: المجموع | DH90: نوع الإصابة ( العددالإيجابي من عدد الفحوصات ) | DJ90: بلهارسيا بولية | DK90: بلهارسيا معوية | DL90: دوسنتاريا | DM90: ملاريا | DN90: حمل | DO90: أخرى | DP90: المجموع | DS90: نوع الإصابة ( العددالإيجابي من عدد الفحوصات ) | DU90: بلهارسيا بولية | DV90: بلهارسيا معوية | DW90: دوسنتاريا | DX90: ملاريا | DY90: حمل | DZ90: أخرى | EA90: المجموع | ED90: نوع الإصابة ( العددالإيجابي من عدد الفحوصات ) | EF90: بلهارسيا بولية | EG90: بلهارسيا معوية | EH90: دوسنتاريا | EI90: ملاريا | EJ90: حمل | EK90: أخرى | EL90: المجموع
