Workbook

Sheet نساء إنتهى حملهن
A1: شرق جدة | B1: ب ـ نساء إنتهى حملهن خلال شهر | G1: 1 | H1: عام | I1: 1447هـ | P1: شرق جدة | Q1: ب ـ نساء إنتهى حملهن خلال شهر | V1: 2 | W1: عام | X1: 1447هـ | AE1: شرق جدة | AF1: ب ـ نساء إنتهى حملهن خلال شهر | AK1: 3 | AL1: عام | AM1: 1447هـ | AT1: شرق جدة | AU1: ب ـ نساء إنتهى حملهن خلال شهر | AZ1: 4 | BA1: عام | BB1: 1447هـ | BI1: شرق جدة | BJ1: ب ـ نساء إنتهى حملهن خلال شهر | BO1: 5 | BP1: عام | BQ1: 1447هـ | BX1: شرق جدة | BY1: ب ـ نساء إنتهى حملهن خلال شهر | CD1: 6 | CE1: عام | CF1: 1447هـ | CM1: شرق جدة | CN1: ب ـ نساء إنتهى حملهن خلال شهر | CS1: 7 | CT1: عام | CU1: 1447هـ | DB1: شرق جدة | DC1: ب ـ نساء إنتهى حملهن خلال شهر | DH1: 8 | DI1: عام | DJ1: 1447هـ | DQ1: شرق جدة | DR1: ب ـ نساء إنتهى حملهن خلال شهر | DW1: 9 | DX1: عام | DY1: 1447هـ | EF1: شرق جدة | EG1: ب ـ نساء إنتهى حملهن خلال شهر | EL1: 10 | EM1: عام | EN1: 1447هـ | EU1: شرق جدة | EV1: ب ـ نساء إنتهى حملهن خلال شهر | FA1: 11 | FB1: عام | FC1: 1447هـ | FJ1: شرق جدة | FK1: ب ـ نساء إنتهى حملهن خلال شهر | FP1: 12 | FQ1: عام | FR1: 1447هـ | FY1: شرق جدة | FZ1: ب ـ نساء إنتهى حملهن خلال | GF1: عام | GG1: 1447هـ
A3: المركز الصحي | B3: عدد النساء اللاتي إنتهى حملهن خلال الشهر | D3: عدد الزيارات أثناء الحمل | H3: عدد زيارات النفاس | K3: إستكمال تحصينات الكزاز * | P3: المركز الصحي | Q3: عدد النساء اللاتي إنتهى حملهن خلال الشهر | S3: عدد الزيارات أثناء الحمل | W3: عدد زيارات النفاس | Z3: إستكمال تحصينات الكزاز * | AE3: المركز الصحي | AF3: عدد النساء اللاتي إنتهى حملهن خلال الشهر | AH3: عدد الزيارات أثناء الحمل | AL3: عدد زيارات النفاس | AO3: إستكمال تحصينات الكزاز * | AT3: المركز الصحي | AU3: عدد النساء اللاتي إنتهى حملهن خلال الشهر | AW3: عدد الزيارات أثناء الحمل | BA3: عدد زيارات النفاس | BD3: إستكمال تحصينات الكزاز * | BI3: المركز الصحي | BJ3: عدد النساء اللاتي إنتهى حملهن خلال الشهر | BL3: عدد الزيارات أثناء الحمل | BP3: عدد زيارات النفاس | BS3: إستكمال تحصينات الكزاز * | BX3: المركز الصحي | BY3: عدد النساء اللاتي إنتهى حملهن خلال الشهر | CA3: عدد الزيارات أثناء الحمل | CE3: عدد زيارات النفاس | CH3: إستكمال تحصينات الكزاز * | CM3: المركز الصحي | CN3: عدد النساء اللاتي إنتهى حملهن خلال الشهر | CP3: عدد الزيارات أثناء الحمل | CT3: عدد زيارات النفاس | CW3: إستكمال تحصينات الكزاز * | DB3: المركز الصحي | DC3: عدد النساء اللاتي إنتهى حملهن خلال الشهر | DE3: عدد الزيارات أثناء الحمل | DI3: عدد زيارات النفاس | DL3: إستكمال تحصينات الكزاز * | DQ3: المركز الصحي | DR3: عدد النساء اللاتي إنتهى حملهن خلال الشهر | DT3: عدد الزيارات أثناء الحمل | DX3: عدد زيارات النفاس | EA3: إستكمال تحصينات الكزاز * | EF3: المركز الصحي | EG3: عدد النساء اللاتي إنتهى حملهن خلال الشهر | EI3: عدد الزيارات أثناء الحمل | EM3: عدد زيارات النفاس | EP3: إستكمال تحصينات الكزاز * | EU3: المركز الصحي | EV3: عدد النساء اللاتي إنتهى حملهن خلال الشهر | EX3: عدد الزيارات أثناء الحمل | FB3: عدد زيارات النفاس | FE3: إستكمال تحصينات الكزاز * | FJ3: المركز الصحي | FK3: عدد النساء اللاتي إنتهى حملهن خلال الشهر | FM3: عدد الزيارات أثناء الحمل | FQ3: عدد زيارات النفاس | FT3: إستكمال تحصينات الكزاز * | FY3: المركز الصحي | FZ3: عدد النساء اللاتي إنتهى حملهن خلال العام | GB3: عدد الزيارات أثناء الحمل | GF3: عدد زيارات النفاس | GI3: إستكمال تحصينات الكزاز *
D4: أقل من4 زيارات | F4: أكثر من 4 زيارات | H4: خلال 10 أيام الأولى | I4: نهاية الفترة | K4: أكملت | M4: لم تستكمل | S4: أقل من4 زيارات | U4: أكثر من 4 زيارات | W4: خلال 10 أيام الأولى | X4: نهاية الفترة | Z4: أكملت | AB4: لم تستكمل | AH4: أقل من4 زيارات | AJ4: أكثر من 4 زيارات | AL4: خلال 10 أيام الأولى | AM4: نهاية الفترة | AO4: أكملت | AQ4: لم تستكمل | AW4: أقل من4 زيارات | AY4: أكثر من 4 زيارات | BA4: خلال 10 أيام الأولى | BB4: نهاية الفترة | BD4: أكملت | BF4: لم تستكمل | BL4: أقل من4 زيارات | BN4: أكثر من 4 زيارات | BP4: خلال 10 أيام الأولى | BQ4: نهاية الفترة | BS4: أكملت | BU4: لم تستكمل | CA4: أقل من4 زيارات | CC4: أكثر من 4 زيارات | CE4: خلال 10 أيام الأولى | CF4: نهاية الفترة | CH4: أكملت | CJ4: لم تستكمل | CP4: أقل من4 زيارات | CR4: أكثر من 4 زيارات | CT4: خلال 10 أيام الأولى | CU4: نهاية الفترة | CW4: أكملت | CY4: لم تستكمل | DE4: أقل من4 زيارات | DG4: أكثر من 4 زيارات | DI4: خلال 10 أيام الأولى | DJ4: نهاية الفترة | DL4: أكملت | DN4: لم تستكمل | DT4: أقل من4 زيارات | DV4: أكثر من 4 زيارات | DX4: خلال 10 أيام الأولى | DY4: نهاية الفترة | EA4: أكملت | EC4: لم تستكمل | EI4: أقل من4 زيارات | EK4: أكثر من 4 زيارات | EM4: خلال 10 أيام الأولى | EN4: نهاية الفترة | EP4: أكملت | ER4: لم تستكمل | EX4: أقل من4 زيارات | EZ4: أكثر من 4 زيارات | FB4: خلال 10 أيام الأولى | FC4: نهاية الفترة | FE4: أكملت | FG4: لم تستكمل | FM4: أقل من4 زيارات | FO4: أكثر من 4 زيارات | FQ4: خلال 10 أيام الأولى | FR4: نهاية الفترة | FT4: أكملت | FV4: لم تستكمل | GB4: أقل من4 زيارات | GD4: أكثر من 4 زيارات | GF4: خلال 10 أيام الأولى | GG4: نهاية الفترة | GI4: أكملت | GK4: لم تستكمل
A5: الربيع والتوفيق | B5: سعوديات | C5: 0 | D5: 0 | F5: 0 | H5: 0 | I5: 0 | K5: 0 | M5: 0 | O5: =SUM(C5) -> 0 | P5: الربيع والتوفيق | Q5: سعوديات | R5: 0 | S5: 0 | U5: 0 | W5: 0 | X5: 0 | Z5: 0 | AB5: 0 | AD5: =SUM(R5) -> 0 | AE5: الربيع والتوفيق | AF5: سعوديات | AG5: 0 | AH5: 0 | AJ5: 0 | AL5: 0 | AM5: 0 | AO5: 0 | AQ5: 0 | AS5: =SUM(AG5) -> 0 | AT5: الربيع والتوفيق | AU5: سعوديات | AV5: 0 | AW5: 0 | AY5: 0 | BA5: 0 | BB5: 0 | BD5: 0 | BF5: 0 | BH5: =SUM(AV5) -> 0 | BI5: الربيع والتوفيق | BJ5: سعوديات | BK5: 0 | BL5: 0 | BN5: 0 | BP5: 0 | BQ5: 0 | BS5: 0 | BU5: 0 | BW5: =SUM(BK5) -> 0 | BX5: الربيع والتوفيق | BY5: سعوديات | BZ5: 0 | CA5: 0 | CC5: 0 | CE5: 0 | CF5: 0 | CH5: 0 | CJ5: 0 | CL5: =SUM(BZ5) -> 0 | CM5: الربيع والتوفيق | CN5: سعوديات | CO5: 0 | CP5: 0 | CR5: 0 | CT5: 0 | CU5: 0 | CW5: 0 | CY5: 0 | DA5: =SUM(CO5) -> 0 | DB5: الربيع والتوفيق | DC5: سعوديات | DD5: 0 | DE5: 0 | DG5: 0 | DI5: 0 | DJ5: 0 | DL5: 0 | DN5: 0 | DP5: =SUM(DD5) -> 0 | DQ5: الربيع والتوفيق | DR5: سعوديات | DS5: 0 | DT5: 0 | DV5: 0 | DX5: 0 | DY5: 0 | EA5: 0 | EC5: 0 | EE5: =SUM(DS5) -> 0 | EF5: الربيع والتوفيق | EG5: سعوديات | EH5: 0 | EI5: 0 | EK5: 0 | EM5: 0 | EN5: 0 | EP5: 0 | ER5: 0 | ET5: =SUM(EH5) -> 0 | EU5: الربيع والتوفيق | EV5: سعوديات | EW5: 0 | EX5: 0 | EZ5: 0 | FB5: 0 | FC5: 0 | FE5: 0 | FG5: 0 | FI5: =SUM(EW5) -> 0 | FJ5: الربيع والتوفيق | FK5: سعوديات | FL5: 0 | FM5: 0 | FO5: 0 | FQ5: 0 | FR5: 0 | FT5: 0 | FV5: 0 | FX5: =SUM(FL5) -> 0 | FY5: =(FJ5) -> الربيع والتوفيق | FZ5: سعوديات | GA5: =SUM(C5+R5+AG5+AV5+BK5+BZ5+CO5+DD5+DS5+EH5+EW5+FL5) -> 0 | GB5: =SUM(D5+S5+AH5+AW5+BL5+CA5+CP5+DE5+DT5+EI5+EX5+FM5) -> 0 | GD5: =SUM(F5+U5+AJ5+AY5+BN5+CC5+CR5+DG5+DV5+EK5+EZ5+FO5) -> 0 | GF5: =SUM(H5+W5+AL5+BA5+BP5+CE5+CT5+DI5+DX5+EM5+FB5+FQ5) -> 0 | GG5: =SUM(I5+X5+AM5+BB5+BQ5+CF5+CU5+DJ5+DY5+EN5+FC5+FR5) -> 0 | GI5: =SUM(K5+Z5+AO5+BD5+BS5+CH5+CW5+DL5+EA5+EP5+FE5+FT5) -> 0 | GK5: =SUM(M5+AB5+AQ5+BF5+BU5+CJ5+CY5+DN5+EC5+ER5+FG5+FV5) -> 0 | GM5: =SUM(GA5) -> 0
B6: غير سعوديات | C6: 0 | D6: 0 | F6: 0 | H6: 0 | I6: 0 | K6: 0 | M6: 0 | O6: =SUM(D5:G5) -> 0 | Q6: غير سعوديات | R6: 0 | S6: 0 | U6: 0 | W6: 0 | X6: 0 | Z6: 0 | AB6: 0 | AD6: =SUM(S5:V5) -> 0 | AF6: غير سعوديات | AG6: 0 | AH6: 0 | AJ6: 0 | AL6: 0 | AM6: 0 | AO6: 0 | AQ6: 0 | AS6: =SUM(AH5:AK5) -> 0 | AU6: غير سعوديات | AV6: 0 | AW6: 0 | AY6: 0 | BA6: 0 | BB6: 0 | BD6: 0 | BF6: 0 | BH6: =SUM(AW5:AZ5) -> 0 | BJ6: غير سعوديات | BK6: 0 | BL6: 0 | BN6: 0 | BP6: 0 | BQ6: 0 | BS6: 0 | BU6: 0 | BW6: =SUM(BL5:BO5) -> 0 | BY6: غير سعوديات | BZ6: 0 | CA6: 0 | CC6: 0 | CE6: 0 | CF6: 0 | CH6: 0 | CJ6: 0 | CL6: =SUM(CA5:CD5) -> 0 | CN6: غير سعوديات | CO6: 0 | CP6: 0 | CR6: 0 | CT6: 0 | CU6: 0 | CW6: 0 | CY6: 0 | DA6: =SUM(CP5:CS5) -> 0 | DC6: غير سعوديات | DD6: 0 | DE6: 0 | DG6: 0 | DI6: 0 | DJ6: 0 | DL6: 0 | DN6: 0 | DP6: =SUM(DE5:DH5) -> 0 | DR6: غير سعوديات | DS6: 0 | DT6: 0 | DV6: 0 | DX6: 0 | DY6: 0 | EA6: 0 | EC6: 0 | EE6: =SUM(DT5:DW5) -> 0 | EG6: غير سعوديات | EH6: 0 | EI6: 0 | EK6: 0 | EM6: 0 | EN6: 0 | EP6: 0 | ER6: 0 | ET6: =SUM(EI5:EL5) -> 0 | EV6: غير سعوديات | EW6: 0 | EX6: 0 | EZ6: 0 | FB6: 0 | FC6: 0 | FE6: 0 | FG6: 0 | FI6: =SUM(EX5:FA5) -> 0 | FK6: غير سعوديات | FL6: 0 | FM6: 0 | FO6: 0 | FQ6: 0 | FR6: 0 | FT6: 0 | FV6: 0 | FX6: =SUM(FM5:FP5) -> 0 | FZ6: غير سعوديات | GA6: =SUM(C6+R6+AG6+AV6+BK6+BZ6+CO6+DD6+DS6+EH6+EW6+FL6) -> 0 | GB6: =SUM(D6+S6+AH6+AW6+BL6+CA6+CP6+DE6+DT6+EI6+EX6+FM6) -> 0 | GD6: =SUM(F6+U6+AJ6+AY6+BN6+CC6+CR6+DG6+DV6+EK6+EZ6+FO6) -> 0 | GF6: =SUM(H6+W6+AL6+BA6+BP6+CE6+CT6+DI6+DX6+EM6+FB6+FQ6) -> 0 | GG6: =SUM(I6+X6+AM6+BB6+BQ6+CF6+CU6+DJ6+DY6+EN6+FC6+FR6) -> 0 | GI6: =SUM(K6+Z6+AO6+BD6+BS6+CH6+CW6+DL6+EA6+EP6+FE6+FT6) -> 0 | GK6: =SUM(M6+AB6+AQ6+BF6+BU6+CJ6+CY6+DN6+EC6+ER6+FG6+FV6) -> 0 | GM6: =SUM(GB5:GE5) -> 0
B7: المجموع | C7: =SUM(C5:C6) -> 0 | D7: =SUM(D5:E6) -> 0 | F7: =SUM(F5:G6) -> 0 | H7: =SUM(H5:H6) -> 0 | I7: =SUM(I5:J6) -> 0 | K7: =SUM(K5:L6) -> 0 | M7: =SUM(M5:N6) -> 0 | O7: =SUM(K5:N5) -> 0 | Q7: المجموع | R7: =SUM(R5:R6) -> 0 | S7: =SUM(S5:T6) -> 0 | U7: =SUM(U5:V6) -> 0 | W7: =SUM(W5:W6) -> 0 | X7: =SUM(X5:Y6) -> 0 | Z7: =SUM(Z5:AA6) -> 0 | AB7: =SUM(AB5:AC6) -> 0 | AD7: =SUM(Z5:AC5) -> 0 | AF7: المجموع | AG7: =SUM(AG5:AG6) -> 0 | AH7: =SUM(AH5:AI6) -> 0 | AJ7: =SUM(AJ5:AK6) -> 0 | AL7: =SUM(AL5:AL6) -> 0 | AM7: =SUM(AM5:AN6) -> 0 | AO7: =SUM(AO5:AP6) -> 0 | AQ7: =SUM(AQ5:AR6) -> 0 | AS7: =SUM(AO5:AR5) -> 0 | AU7: المجموع | AV7: =SUM(AV5:AV6) -> 0 | AW7: =SUM(AW5:AX6) -> 0 | AY7: =SUM(AY5:AZ6) -> 0 | BA7: =SUM(BA5:BA6) -> 0 | BB7: =SUM(BB5:BC6) -> 0 | BD7: =SUM(BD5:BE6) -> 0 | BF7: =SUM(BF5:BG6) -> 0 | BH7: =SUM(BD5:BG5) -> 0 | BJ7: المجموع | BK7: =SUM(BK5:BK6) -> 0 | BL7: =SUM(BL5:BM6) -> 0 | BN7: =SUM(BN5:BO6) -> 0 | BP7: =SUM(BP5:BP6) -> 0 | BQ7: =SUM(BQ5:BR6) -> 0 | BS7: =SUM(BS5:BT6) -> 0 | BU7: =SUM(BU5:BV6) -> 0 | BW7: =SUM(BS5:BV5) -> 0 | BY7: المجموع | BZ7: =SUM(BZ5:BZ6) -> 0 | CA7: =SUM(CA5:CB6) -> 0 | CC7: =SUM(CC5:CD6) -> 0 | CE7: =SUM(CE5:CE6) -> 0 | CF7: =SUM(CF5:CG6) -> 0 | CH7: =SUM(CH5:CI6) -> 0 | CJ7: =SUM(CJ5:CK6) -> 0 | CL7: =SUM(CH5:CK5) -> 0 | CN7: المجموع | CO7: =SUM(CO5:CO6) -> 0 | CP7: =SUM(CP5:CQ6) -> 0 | CR7: =SUM(CR5:CS6) -> 0 | CT7: =SUM(CT5:CT6) -> 0 | CU7: =SUM(CU5:CV6) -> 0 | CW7: =SUM(CW5:CX6) -> 0 | CY7: =SUM(CY5:CZ6) -> 0 | DA7: =SUM(CW5:CZ5) -> 0 | DC7: المجموع | DD7: =SUM(DD5:DD6) -> 0 | DE7: =SUM(DE5:DF6) -> 0 | DG7: =SUM(DG5:DH6) -> 0 | DI7: =SUM(DI5:DI6) -> 0 | DJ7: =SUM(DJ5:DK6) -> 0 | DL7: =SUM(DL5:DM6) -> 0 | DN7: =SUM(DN5:DO6) -> 0 | DP7: =SUM(DL5:DO5) -> 0 | DR7: المجموع | DS7: =SUM(DS5:DS6) -> 0 | DT7: =SUM(DT5:DU6) -> 0 | DV7: =SUM(DV5:DW6) -> 0 | DX7: =SUM(DX5:DX6) -> 0 | DY7: =SUM(DY5:DZ6) -> 0 | EA7: =SUM(EA5:EB6) -> 0 | EC7: =SUM(EC5:ED6) -> 0 | EE7: =SUM(EA5:ED5) -> 0 | EG7: المجموع | EH7: =SUM(EH5:EH6) -> 0 | EI7: =SUM(EI5:EJ6) -> 0 | EK7: =SUM(EK5:EL6) -> 0 | EM7: =SUM(EM5:EM6) -> 0 | EN7: =SUM(EN5:EO6) -> 0 | EP7: =SUM(EP5:EQ6) -> 0 | ER7: =SUM(ER5:ES6) -> 0 | ET7: =SUM(EP5:ES5) -> 0 | EV7: المجموع | EW7: =SUM(EW5:EW6) -> 0 | EX7: =SUM(EX5:EY6) -> 0 | EZ7: =SUM(EZ5:FA6) -> 0 | FB7: =SUM(FB5:FB6) -> 0 | FC7: =SUM(FC5:FD6) -> 0 | FE7: =SUM(FE5:FF6) -> 0 | FG7: =SUM(FG5:FH6) -> 0 | FI7: =SUM(FE5:FH5) -> 0 | FK7: المجموع | FL7: =SUM(FL5:FL6) -> 0 | FM7: =SUM(FM5:FN6) -> 0 | FO7: =SUM(FO5:FP6) -> 0 | FQ7: =SUM(FQ5:FQ6) -> 0 | FR7: =SUM(FR5:FS6) -> 0 | FT7: =SUM(FT5:FU6) -> 0 | FV7: =SUM(FV5:FW6) -> 0 | FX7: =SUM(FT5:FW5) -> 0 | FZ7: المجموع | GA7: =SUM(GA5:GA6) -> 0 | GB7: =SUM(GB5:GC6) -> 0 | GD7: =SUM(GD5:GE6) -> 0 | GF7: =SUM(GF5:GF6) -> 0 | GG7: =SUM(GG5:GH6) -> 0 | GI7: =SUM(GI5:GJ6) -> 0 | GK7: =SUM(GK5:GL6) -> 0 | GM7: =SUM(GI5:GL5) -> 0
D8: مكان الولادة | H8: نتيجة الحمل | O8: =SUM(D11:G11) -> 0 | S8: مكان الولادة | W8: نتيجة الحمل | AD8: =SUM(S11:V11) -> 0 | AH8: مكان الولادة | AL8: نتيجة الحمل | AS8: =SUM(AH11:AK11) -> 0 | AW8: مكان الولادة | BA8: نتيجة الحمل | BH8: =SUM(AW11:AZ11) -> 0 | BL8: مكان الولادة | BP8: نتيجة الحمل | BW8: =SUM(BL11:BO11) -> 0 | CA8: مكان الولادة | CE8: نتيجة الحمل | CL8: =SUM(CA11:CD11) -> 0 | CP8: مكان الولادة | CT8: نتيجة الحمل | DA8: =SUM(CP11:CS11) -> 0 | DE8: مكان الولادة | DI8: نتيجة الحمل | DP8: =SUM(DE11:DH11) -> 0 | DT8: مكان الولادة | DX8: نتيجة الحمل | EE8: =SUM(DT11:DW11) -> 0 | EI8: مكان الولادة | EM8: نتيجة الحمل | ET8: =SUM(EI11:EL11) -> 0 | EX8: مكان الولادة | FB8: نتيجة الحمل | FI8: =SUM(EX11:FA11) -> 0 | FM8: مكان الولادة | FQ8: نتيجة الحمل | FX8: =SUM(FM11:FP11) -> 0 | GB8: مكان الولادة | GF8: نتيجة الحمل | GM8: =SUM(GB11:GE11) -> 0
D9: بالمنزل | F9: بالمركز الصحي | G9: بالمستشفى | H9: مولود حي | M9: إجهاض | N9: مولود ميت | O9: =SUM(H11:N11) -> 0 | S9: بالمنزل | U9: بالمركز الصحي | V9: بالمستشفى | W9: مولود حي | AB9: إجهاض | AC9: مولود ميت | AD9: =SUM(W11:AC11) -> 0 | AH9: بالمنزل | AJ9: بالمركز الصحي | AK9: بالمستشفى | AL9: مولود حي | AQ9: إجهاض | AR9: مولود ميت | AS9: =SUM(AL11:AR11) -> 0 | AW9: بالمنزل | AY9: بالمركز الصحي | AZ9: بالمستشفى | BA9: مولود حي | BF9: إجهاض | BG9: مولود ميت | BH9: =SUM(BA11:BG11) -> 0 | BL9: بالمنزل | BN9: بالمركز الصحي | BO9: بالمستشفى | BP9: مولود حي | BU9: إجهاض | BV9: مولود ميت | BW9: =SUM(BP11:BV11) -> 0 | CA9: بالمنزل | CC9: بالمركز الصحي | CD9: بالمستشفى | CE9: مولود حي | CJ9: إجهاض | CK9: مولود ميت | CL9: =SUM(CE11:CK11) -> 0 | CP9: بالمنزل | CR9: بالمركز الصحي | CS9: بالمستشفى | CT9: مولود حي | CY9: إجهاض | CZ9: مولود ميت | DA9: =SUM(CT11:CZ11) -> 0 | DE9: بالمنزل | DG9: بالمركز الصحي | DH9: بالمستشفى | DI9: مولود حي | DN9: إجهاض | DO9: مولود ميت | DP9: =SUM(DI11:DO11) -> 0 | DT9: بالمنزل | DV9: بالمركز الصحي | DW9: بالمستشفى | DX9: مولود حي | EC9: إجهاض | ED9: مولود ميت | EE9: =SUM(DX11:ED11) -> 0 | EI9: بالمنزل | EK9: بالمركز الصحي | EL9: بالمستشفى | EM9: مولود حي | ER9: إجهاض | ES9: مولود ميت | ET9: =SUM(EM11:ES11) -> 0 | EX9: بالمنزل | EZ9: بالمركز الصحي | FA9: بالمستشفى | FB9: مولود حي | FG9: إجهاض | FH9: مولود ميت | FI9: =SUM(FB11:FH11) -> 0 | FM9: بالمنزل | FO9: بالمركز الصحي | FP9: بالمستشفى | FQ9: مولود حي | FV9: إجهاض | FW9: مولود ميت | FX9: =SUM(FQ11:FW11) -> 0 | GB9: بالمنزل | GD9: بالمركز الصحي | GE9: بالمستشفى | GF9: مولود حي | GK9: إجهاض | GL9: مولود ميت | GM9: =SUM(GF11:GL11) -> 0
D10: بإشراف | E10: بدون | H10: طبيعي | J10: مبتسر | K10: أقل من 2.5 كجم | O10: =SUM(C6) -> 0 | S10: بإشراف | T10: بدون | W10: طبيعي | Y10: مبتسر | Z10: أقل من 2.5 كجم | AD10: =SUM(R6) -> 0 | AH10: بإشراف | AI10: بدون | AL10: طبيعي | AN10: مبتسر | AO10: أقل من 2.5 كجم | AS10: =SUM(AG6) -> 0 | AW10: بإشراف | AX10: بدون | BA10: طبيعي | BC10: مبتسر | BD10: أقل من 2.5 كجم | BH10: =SUM(AV6) -> 0 | BL10: بإشراف | BM10: بدون | BP10: طبيعي | BR10: مبتسر | BS10: أقل من 2.5 كجم | BW10: =SUM(BK6) -> 0 | CA10: بإشراف | CB10: بدون | CE10: طبيعي | CG10: مبتسر | CH10: أقل من 2.5 كجم | CL10: =SUM(BZ6) -> 0 | CP10: بإشراف | CQ10: بدون | CT10: طبيعي | CV10: مبتسر | CW10: أقل من 2.5 كجم | DA10: =SUM(CO6) -> 0 | DE10: بإشراف | DF10: بدون | DI10: طبيعي | DK10: مبتسر | DL10: أقل من 2.5 كجم | DP10: =SUM(DD6) -> 0 | DT10: بإشراف | DU10: بدون | DX10: طبيعي | DZ10: مبتسر | EA10: أقل من 2.5 كجم | EE10: =SUM(DS6) -> 0 | EI10: بإشراف | EJ10: بدون | EM10: طبيعي | EO10: مبتسر | EP10: أقل من 2.5 كجم | ET10: =SUM(EH6) -> 0 | EX10: بإشراف | EY10: بدون | FB10: طبيعي | FD10: مبتسر | FE10: أقل من 2.5 كجم | FI10: =SUM(EW6) -> 0 | FM10: بإشراف | FN10: بدون | FQ10: طبيعي | FS10: مبتسر | FT10: أقل من 2.5 كجم | FX10: =SUM(FL6) -> 0 | GB10: بإشراف | GC10: بدون | GF10: طبيعي | GH10: مبتسر | GI10: أقل من 2.5 كجم | GM10: =SUM(GA6) -> 0
B11: سعوديات | D11: 0 | E11: 0 | F11: 0 | G11: 0 | H11: 0 | J11: 0 | K11: 0 | M11: 0 | N11: 0 | O11: =SUM(K6:N6) -> 0 | Q11: سعوديات | S11: 0 | T11: 0 | U11: 0 | V11: 0 | W11: 0 | Y11: 0 | Z11: 0 | AB11: 0 | AC11: 0 | AD11: =SUM(Z6:AC6) -> 0 | AF11: سعوديات | AH11: 0 | AI11: 0 | AJ11: 0 | AK11: 0 | AL11: 0 | AN11: 0 | AO11: 0 | AQ11: 0 | AR11: 0 | AS11: =SUM(AO6:AR6) -> 0 | AU11: سعوديات | AW11: 0 | AX11: 0 | AY11: 0 | AZ11: 0 | BA11: 0 | BC11: 0 | BD11: 0 | BF11: 0 | BG11: 0 | BH11: =SUM(BD6:BG6) -> 0 | BJ11: سعوديات | BL11: 0 | BM11: 0 | BN11: 0 | BO11: 0 | BP11: 0 | BR11: 0 | BS11: 0 | BU11: 0 | BV11: 0 | BW11: =SUM(BS6:BV6) -> 0 | BY11: سعوديات | CA11: 0 | CB11: 0 | CC11: 0 | CD11: 0 | CE11: 0 | CG11: 0 | CH11: 0 | CJ11: 0 | CK11: 0 | CL11: =SUM(CH6:CK6) -> 0 | CN11: سعوديات | CP11: 0 | CQ11: 0 | CR11: 0 | CS11: 0 | CT11: 0 | CV11: 0 | CW11: 0 | CY11: 0 | CZ11: 0 | DA11: =SUM(CW6:CZ6) -> 0 | DC11: سعوديات | DE11: 0 | DF11: 0 | DG11: 0 | DH11: 0 | DI11: 0 | DK11: 0 | DL11: 0 | DN11: 0 | DO11: 0 | DP11: =SUM(DL6:DO6) -> 0 | DR11: سعوديات | DT11: 0 | DU11: 0 | DV11: 0 | DW11: 0 | DX11: 0 | DZ11: 0 | EA11: 0 | EC11: 0 | ED11: 0 | EE11: =SUM(EA6:ED6) -> 0 | EG11: سعوديات | EI11: 0 | EJ11: 0 | EK11: 0 | EL11: 0 | EM11: 0 | EO11: 0 | EP11: 0 | ER11: 0 | ES11: 0 | ET11: =SUM(EP6:ES6) -> 0 | EV11: سعوديات | EX11: 0 | EY11: 0 | EZ11: 0 | FA11: 0 | FB11: 0 | FD11: 0 | FE11: 0 | FG11: 0 | FH11: 0 | FI11: =SUM(FE6:FH6) -> 0 | FK11: سعوديات | FM11: 0 | FN11: 0 | FO11: 0 | FP11: 0 | FQ11: 0 | FS11: 0 | FT11: 0 | FV11: 0 | FW11: 0 | FX11: =SUM(FT6:FW6) -> 0 | FZ11: سعوديات | GB11: =SUM(D11+S11+AH11+AW11+BL11+CA11+CP11+DE11+DT11+EI11+EX11+FM11) -> 0 | GC11: =SUM(E11+T11+AI11+AX11+BM11+CB11+CQ11+DF11+DU11+EJ11+EY11+FN11) -> 0 | GD11: =SUM(F11+U11+AJ11+AY11+BN11+CC11+CR11+DG11+DV11+EK11+EZ11+FO11) -> 0 | GE11: =SUM(G11+V11+AK11+AZ11+BO11+CD11+CS11+DH11+DW11+EL11+FA11+FP11) -> 0 | GF11: =SUM(H11+W11+AL11+BA11+BP11+CE11+CT11+DI11+DX11+EM11+FB11+FQ11) -> 0 | GH11: =SUM(J11+Y11+AN11+BC11+BR11+CG11+CV11+DK11+DZ11+EO11+FD11+FS11) -> 0 | GI11: =SUM(K11+Z11+AO11+BD11+BS11+CH11+CW11+DL11+EA11+EP11+FE11+FT11) -> 0 | GK11: =SUM(M11+AB11+AQ11+BF11+BU11+CJ11+CY11+DN11+EC11+ER11+FG11+FV11) -> 0 | GL11: =SUM(N11+AC11+AR11+BG11+BV11+CK11+CZ11+DO11+ED11+ES11+FH11+FW11) -> 0 | GM11: =SUM(GI6:GL6) -> 0
B12: غ.سعوديات | D12: 0 | E12: 0 | F12: 0 | G12: 0 | H12: 0 | J12: 0 | K12: 0 | M12: 0 | N12: 0 | O12: =SUM(D12:G12) -> 0 | Q12: غ.سعوديات | S12: 0 | T12: 0 | U12: 0 | V12: 0 | W12: 0 | Y12: 0 | Z12: 0 | AB12: 0 | AC12: 0 | AD12: =SUM(S12:V12) -> 0 | AF12: غ.سعوديات | AH12: 0 | AI12: 0 | AJ12: 0 | AK12: 0 | AL12: 0 | AN12: 0 | AO12: 0 | AQ12: 0 | AR12: 0 | AS12: =SUM(AH12:AK12) -> 0 | AU12: غ.سعوديات | AW12: 0 | AX12: 0 | AY12: 0 | AZ12: 0 | BA12: 0 | BC12: 0 | BD12: 0 | BF12: 0 | BG12: 0 | BH12: =SUM(AW12:AZ12) -> 0 | BJ12: غ.سعوديات | BL12: 0 | BM12: 0 | BN12: 0 | BO12: 0 | BP12: 0 | BR12: 0 | BS12: 0 | BU12: 0 | BV12: 0 | BW12: =SUM(BL12:BO12) -> 0 | BY12: غ.سعوديات | CA12: 0 | CB12: 0 | CC12: 0 | CD12: 0 | CE12: 0 | CG12: 0 | CH12: 0 | CJ12: 0 | CK12: 0 | CL12: =SUM(CA12:CD12) -> 0 | CN12: غ.سعوديات | CP12: 0 | CQ12: 0 | CR12: 0 | CS12: 0 | CT12: 0 | CV12: 0 | CW12: 0 | CY12: 0 | CZ12: 0 | DA12: =SUM(CP12:CS12) -> 0 | DC12: غ.سعوديات | DE12: 0 | DF12: 0 | DG12: 0 | DH12: 0 | DI12: 0 | DK12: 0 | DL12: 0 | DN12: 0 | DO12: 0 | DP12: =SUM(DE12:DH12) -> 0 | DR12: غ.سعوديات | DT12: 0 | DU12: 0 | DV12: 0 | DW12: 0 | DX12: 0 | DZ12: 0 | EA12: 0 | EC12: 0 | ED12: 0 | EE12: =SUM(DT12:DW12) -> 0 | EG12: غ.سعوديات | EI12: 0 | EJ12: 0 | EK12: 0 | EL12: 0 | EM12: 0 | EO12: 0 | EP12: 0 | ER12: 0 | ES12: 0 | ET12: =SUM(EI12:EL12) -> 0 | EV12: غ.سعوديات | EX12: 0 | EY12: 0 | EZ12: 0 | FA12: 0 | FB12: 0 | FD12: 0 | FE12: 0 | FG12: 0 | FH12: 0 | FI12: =SUM(EX12:FA12) -> 0 | FK12: غ.سعوديات | FM12: 0 | FN12: 0 | FO12: 0 | FP12: 0 | FQ12: 0 | FS12: 0 | FT12: 0 | FV12: 0 | FW12: 0 | FX12: =SUM(FM12:FP12) -> 0 | FZ12: غ.سعوديات | GB12: =SUM(D12+S12+AH12+AW12+BL12+CA12+CP12+DE12+DT12+EI12+EX12+FM12) -> 0 | GC12: =SUM(E12+T12+AI12+AX12+BM12+CB12+CQ12+DF12+DU12+EJ12+EY12+FN12) -> 0 | GD12: =SUM(F12+U12+AJ12+AY12+BN12+CC12+CR12+DG12+DV12+EK12+EZ12+FO12) -> 0 | GE12: =SUM(G12+V12+AK12+AZ12+BO12+CD12+CS12+DH12+DW12+EL12+FA12+FP12) -> 0 | GF12: =SUM(H12+W12+AL12+BA12+BP12+CE12+CT12+DI12+DX12+EM12+FB12+FQ12) -> 0 | GH12: =SUM(J12+Y12+AN12+BC12+BR12+CG12+CV12+DK12+DZ12+EO12+FD12+FS12) -> 0 | GI12: =SUM(K12+Z12+AO12+BD12+BS12+CH12+CW12+DL12+EA12+EP12+FE12+FT12) -> 0 | GK12: =SUM(M12+AB12+AQ12+BF12+BU12+CJ12+CY12+DN12+EC12+ER12+FG12+FV12) -> 0 | GL12: =SUM(N12+AC12+AR12+BG12+BV12+CK12+CZ12+DO12+ED12+ES12+FH12+FW12) -> 0 | GM12: =SUM(GB12:GE12) -> 0
B13: المجموع | D13: =SUM(D11:D12) -> 0 | E13: =SUM(E11:E12) -> 0 | F13: =SUM(F11:F12) -> 0 | G13: =SUM(G11:G12) -> 0 | H13: =SUM(H11:I12) -> 0 | J13: =SUM(J11:J12) -> 0 | K13: =SUM(K11:L12) -> 0 | M13: =SUM(M11:M12) -> 0 | N13: =SUM(N11:N12) -> 0 | O13: =SUM(H12:N12) -> 0 | Q13: المجموع | S13: =SUM(S11:S12) -> 0 | T13: =SUM(T11:T12) -> 0 | U13: =SUM(U11:U12) -> 0 | V13: =SUM(V11:V12) -> 0 | W13: =SUM(W11:X12) -> 0 | Y13: =SUM(Y11:Y12) -> 0 | Z13: =SUM(Z11:AA12) -> 0 | AB13: =SUM(AB11:AB12) -> 0 | AC13: =SUM(AC11:AC12) -> 0 | AD13: =SUM(W12:AC12) -> 0 | AF13: المجموع | AH13: =SUM(AH11:AH12) -> 0 | AI13: =SUM(AI11:AI12) -> 0 | AJ13: =SUM(AJ11:AJ12) -> 0 | AK13: =SUM(AK11:AK12) -> 0 | AL13: =SUM(AL11:AM12) -> 0 | AN13: =SUM(AN11:AN12) -> 0 | AO13: =SUM(AO11:AP12) -> 0 | AQ13: =SUM(AQ11:AQ12) -> 0 | AR13: =SUM(AR11:AR12) -> 0 | AS13: =SUM(AL12:AR12) -> 0 | AU13: المجموع | AW13: =SUM(AW11:AW12) -> 0 | AX13: =SUM(AX11:AX12) -> 0 | AY13: =SUM(AY11:AY12) -> 0 | AZ13: =SUM(AZ11:AZ12) -> 0 | BA13: =SUM(BA11:BB12) -> 0 | BC13: =SUM(BC11:BC12) -> 0 | BD13: =SUM(BD11:BE12) -> 0 | BF13: =SUM(BF11:BF12) -> 0 | BG13: =SUM(BG11:BG12) -> 0 | BH13: =SUM(BA12:BG12) -> 0 | BJ13: المجموع | BL13: =SUM(BL11:BL12) -> 0 | BM13: =SUM(BM11:BM12) -> 0 | BN13: =SUM(BN11:BN12) -> 0 | BO13: =SUM(BO11:BO12) -> 0 | BP13: =SUM(BP11:BQ12) -> 0 | BR13: =SUM(BR11:BR12) -> 0 | BS13: =SUM(BS11:BT12) -> 0 | BU13: =SUM(BU11:BU12) -> 0 | BV13: =SUM(BV11:BV12) -> 0 | BW13: =SUM(BP12:BV12) -> 0 | BY13: المجموع | CA13: =SUM(CA11:CA12) -> 0 | CB13: =SUM(CB11:CB12) -> 0 | CC13: =SUM(CC11:CC12) -> 0 | CD13: =SUM(CD11:CD12) -> 0 | CE13: =SUM(CE11:CF12) -> 0 | CG13: =SUM(CG11:CG12) -> 0 | CH13: =SUM(CH11:CI12) -> 0 | CJ13: =SUM(CJ11:CJ12) -> 0 | CK13: =SUM(CK11:CK12) -> 0 | CL13: =SUM(CE12:CK12) -> 0 | CN13: المجموع | CP13: =SUM(CP11:CP12) -> 0 | CQ13: =SUM(CQ11:CQ12) -> 0 | CR13: =SUM(CR11:CR12) -> 0 | CS13: =SUM(CS11:CS12) -> 0 | CT13: =SUM(CT11:CU12) -> 0 | CV13: =SUM(CV11:CV12) -> 0 | CW13: =SUM(CW11:CX12) -> 0 | CY13: =SUM(CY11:CY12) -> 0 | CZ13: =SUM(CZ11:CZ12) -> 0 | DA13: =SUM(CT12:CZ12) -> 0 | DC13: المجموع | DE13: =SUM(DE11:DE12) -> 0 | DF13: =SUM(DF11:DF12) -> 0 | DG13: =SUM(DG11:DG12) -> 0 | DH13: =SUM(DH11:DH12) -> 0 | DI13: =SUM(DI11:DJ12) -> 0 | DK13: =SUM(DK11:DK12) -> 0 | DL13: =SUM(DL11:DM12) -> 0 | DN13: =SUM(DN11:DN12) -> 0 | DO13: =SUM(DO11:DO12) -> 0 | DP13: =SUM(DI12:DO12) -> 0 | DR13: المجموع | DT13: =SUM(DT11:DT12) -> 0 | DU13: =SUM(DU11:DU12) -> 0 | DV13: =SUM(DV11:DV12) -> 0 | DW13: =SUM(DW11:DW12) -> 0 | DX13: =SUM(DX11:DY12) -> 0 | DZ13: =SUM(DZ11:DZ12) -> 0 | EA13: =SUM(EA11:EB12) -> 0 | EC13: =SUM(EC11:EC12) -> 0 | ED13: =SUM(ED11:ED12) -> 0 | EE13: =SUM(DX12:ED12) -> 0 | EG13: المجموع | EI13: =SUM(EI11:EI12) -> 0 | EJ13: =SUM(EJ11:EJ12) -> 0 | EK13: =SUM(EK11:EK12) -> 0 | EL13: =SUM(EL11:EL12) -> 0 | EM13: =SUM(EM11:EN12) -> 0 | EO13: =SUM(EO11:EO12) -> 0 | EP13: =SUM(EP11:EQ12) -> 0 | ER13: =SUM(ER11:ER12) -> 0 | ES13: =SUM(ES11:ES12) -> 0 | ET13: =SUM(EM12:ES12) -> 0 | EV13: المجموع | EX13: =SUM(EX11:EX12) -> 0 | EY13: =SUM(EY11:EY12) -> 0 | EZ13: =SUM(EZ11:EZ12) -> 0 | FA13: =SUM(FA11:FA12) -> 0 | FB13: =SUM(FB11:FC12) -> 0 | FD13: =SUM(FD11:FD12) -> 0 | FE13: =SUM(FE11:FF12) -> 0 | FG13: =SUM(FG11:FG12) -> 0 | FH13: =SUM(FH11:FH12) -> 0 | FI13: =SUM(FB12:FH12) -> 0 | FK13: المجموع | FM13: =SUM(FM11:FM12) -> 0 | FN13: =SUM(FN11:FN12) -> 0 | FO13: =SUM(FO11:FO12) -> 0 | FP13: =SUM(FP11:FP12) -> 0 | FQ13: =SUM(FQ11:FR12) -> 0 | FS13: =SUM(FS11:FS12) -> 0 | FT13: =SUM(FT11:FU12) -> 0 | FV13: =SUM(FV11:FV12) -> 0 | FW13: =SUM(FW11:FW12) -> 0 | FX13: =SUM(FQ12:FW12) -> 0 | FZ13: المجموع | GB13: =SUM(GB11:GB12) -> 0 | GC13: =SUM(GC11:GC12) -> 0 | GD13: =SUM(GD11:GD12) -> 0 | GE13: =SUM(GE11:GE12) -> 0 | GF13: =SUM(GF11:GG12) -> 0 | GH13: =SUM(GH11:GH12) -> 0 | GI13: =SUM(GI11:GJ12) -> 0 | GK13: =SUM(GK11:GK12) -> 0 | GL13: =SUM(GL11:GL12) -> 0 | GM13: =SUM(GF12:GL12) -> 0
A15: الجامعة | B15: سعوديات | C15: 0 | D15: 0 | F15: 0 | H15: 0 | I15: 0 | K15: 0 | M15: 0 | O15: =SUM(C15) -> 0 | P15: الجامعة | Q15: سعوديات | R15: 0 | S15: 0 | U15: 0 | W15: 0 | X15: 0 | Z15: 0 | AB15: 0 | AD15: =SUM(R15) -> 0 | AE15: الجامعة | AF15: سعوديات | AG15: 0 | AH15: 0 | AJ15: 0 | AL15: 0 | AM15: 0 | AO15: 0 | AQ15: 0 | AS15: =SUM(AG15) -> 0 | AT15: الجامعة | AU15: سعوديات | AV15: 0 | AW15: 0 | AY15: 0 | BA15: 0 | BB15: 0 | BD15: 0 | BF15: 0 | BH15: =SUM(AV15) -> 0 | BI15: الجامعة | BJ15: سعوديات | BK15: 0 | BL15: 0 | BN15: 0 | BP15: 0 | BQ15: 0 | BS15: 0 | BU15: 0 | BW15: =SUM(BK15) -> 0 | BX15: الجامعة | BY15: سعوديات | BZ15: 0 | CA15: 0 | CC15: 0 | CE15: 0 | CF15: 0 | CH15: 0 | CJ15: 0 | CL15: =SUM(BZ15) -> 0 | CM15: الجامعة | CN15: سعوديات | CO15: 0 | CP15: 0 | CR15: 0 | CT15: 0 | CU15: 0 | CW15: 0 | CY15: 0 | DA15: =SUM(CO15) -> 0 | DB15: الجامعة | DC15: سعوديات | DD15: 0 | DE15: 0 | DG15: 0 | DI15: 0 | DJ15: 0 | DL15: 0 | DN15: 0 | DP15: =SUM(DD15) -> 0 | DQ15: الجامعة | DR15: سعوديات | DS15: 0 | DT15: 0 | DV15: 0 | DX15: 0 | DY15: 0 | EA15: 0 | EC15: 0 | EE15: =SUM(DS15) -> 0 | EF15: الجامعة | EG15: سعوديات | EH15: 0 | EI15: 0 | EK15: 0 | EM15: 0 | EN15: 0 | EP15: 0 | ER15: 0 | ET15: =SUM(EH15) -> 0 | EU15: الجامعة | EV15: سعوديات | EW15: 0 | EX15: 0 | EZ15: 0 | FB15: 0 | FC15: 0 | FE15: 0 | FG15: 0 | FI15: =SUM(EW15) -> 0 | FJ15: الجامعة | FK15: سعوديات | FL15: 0 | FM15: 0 | FO15: 0 | FQ15: 0 | FR15: 0 | FT15: 0 | FV15: 0 | FX15: =SUM(FL15) -> 0 | FY15: =(FJ15) -> الجامعة | FZ15: سعوديات | GA15: =SUM(C15+R15+AG15+AV15+BK15+BZ15+CO15+DD15+DS15+EH15+EW15+FL15) -> 0 | GB15: =SUM(D15+S15+AH15+AW15+BL15+CA15+CP15+DE15+DT15+EI15+EX15+FM15) -> 0 | GD15: =SUM(F15+U15+AJ15+AY15+BN15+CC15+CR15+DG15+DV15+EK15+EZ15+FO15) -> 0 | GF15: =SUM(H15+W15+AL15+BA15+BP15+CE15+CT15+DI15+DX15+EM15+FB15+FQ15) -> 0 | GG15: =SUM(I15+X15+AM15+BB15+BQ15+CF15+CU15+DJ15+DY15+EN15+FC15+FR15) -> 0 | GI15: =SUM(K15+Z15+AO15+BD15+BS15+CH15+CW15+DL15+EA15+EP15+FE15+FT15) -> 0 | GK15: =SUM(M15+AB15+AQ15+BF15+BU15+CJ15+CY15+DN15+EC15+ER15+FG15+FV15) -> 0 | GM15: =SUM(GA15) -> 0
B16: غير سعوديات | C16: 0 | D16: 0 | F16: 0 | H16: 0 | I16: 0 | K16: 0 | M16: 0 | O16: =SUM(D15:G15) -> 0 | Q16: غير سعوديات | R16: 0 | S16: 0 | U16: 0 | W16: 0 | X16: 0 | Z16: 0 | AB16: 0 | AD16: =SUM(S15:V15) -> 0 | AF16: غير سعوديات | AG16: 0 | AH16: 0 | AJ16: 0 | AL16: 0 | AM16: 0 | AO16: 0 | AQ16: 0 | AS16: =SUM(AH15:AK15) -> 0 | AU16: غير سعوديات | AV16: 0 | AW16: 0 | AY16: 0 | BA16: 0 | BB16: 0 | BD16: 0 | BF16: 0 | BH16: =SUM(AW15:AZ15) -> 0 | BJ16: غير سعوديات | BK16: 0 | BL16: 0 | BN16: 0 | BP16: 0 | BQ16: 0 | BS16: 0 | BU16: 0 | BW16: =SUM(BL15:BO15) -> 0 | BY16: غير سعوديات | BZ16: 0 | CA16: 0 | CC16: 0 | CE16: 0 | CF16: 0 | CH16: 0 | CJ16: 0 | CL16: =SUM(CA15:CD15) -> 0 | CN16: غير سعوديات | CO16: 0 | CP16: 0 | CR16: 0 | CT16: 0 | CU16: 0 | CW16: 0 | CY16: 0 | DA16: =SUM(CP15:CS15) -> 0 | DC16: غير سعوديات | DD16: 0 | DE16: 0 | DG16: 0 | DI16: 0 | DJ16: 0 | DL16: 0 | DN16: 0 | DP16: =SUM(DE15:DH15) -> 0 | DR16: غير سعوديات | DS16: 0 | DT16: 0 | DV16: 0 | DX16: 0 | DY16: 0 | EA16: 0 | EC16: 0 | EE16: =SUM(DT15:DW15) -> 0 | EG16: غير سعوديات | EH16: 0 | EI16: 0 | EK16: 0 | EM16: 0 | EN16: 0 | EP16: 0 | ER16: 0 | ET16: =SUM(EI15:EL15) -> 0 | EV16: غير سعوديات | EW16: 0 | EX16: 0 | EZ16: 0 | FB16: 0 | FC16: 0 | FE16: 0 | FG16: 0 | FI16: =SUM(EX15:FA15) -> 0 | FK16: غير سعوديات | FL16: 0 | FM16: 0 | FO16: 0 | FQ16: 0 | FR16: 0 | FT16: 0 | FV16: 0 | FX16: =SUM(FM15:FP15) -> 0 | FZ16: غير سعوديات | GA16: =SUM(C16+R16+AG16+AV16+BK16+BZ16+CO16+DD16+DS16+EH16+EW16+FL16) -> 0 | GB16: =SUM(D16+S16+AH16+AW16+BL16+CA16+CP16+DE16+DT16+EI16+EX16+FM16) -> 0 | GD16: =SUM(F16+U16+AJ16+AY16+BN16+CC16+CR16+DG16+DV16+EK16+EZ16+FO16) -> 0 | GF16: =SUM(H16+W16+AL16+BA16+BP16+CE16+CT16+DI16+DX16+EM16+FB16+FQ16) -> 0 | GG16: =SUM(I16+X16+AM16+BB16+BQ16+CF16+CU16+DJ16+DY16+EN16+FC16+FR16) -> 0 | GI16: =SUM(K16+Z16+AO16+BD16+BS16+CH16+CW16+DL16+EA16+EP16+FE16+FT16) -> 0 | GK16: =SUM(M16+AB16+AQ16+BF16+BU16+CJ16+CY16+DN16+EC16+ER16+FG16+FV16) -> 0 | GM16: =SUM(GB15:GE15) -> 0
B17: المجموع | C17: =SUM(C15:C16) -> 0 | D17: =SUM(D15:E16) -> 0 | F17: =SUM(F15:G16) -> 0 | H17: =SUM(H15:H16) -> 0 | I17: =SUM(I15:J16) -> 0 | K17: =SUM(K15:L16) -> 0 | M17: =SUM(M15:N16) -> 0 | O17: =SUM(K15:N15) -> 0 | Q17: المجموع | R17: =SUM(R15:R16) -> 0 | S17: =SUM(S15:T16) -> 0 | U17: =SUM(U15:V16) -> 0 | W17: =SUM(W15:W16) -> 0 | X17: =SUM(X15:Y16) -> 0 | Z17: =SUM(Z15:AA16) -> 0 | AB17: =SUM(AB15:AC16) -> 0 | AD17: =SUM(Z15:AC15) -> 0 | AF17: المجموع | AG17: =SUM(AG15:AG16) -> 0 | AH17: =SUM(AH15:AI16) -> 0 | AJ17: =SUM(AJ15:AK16) -> 0 | AL17: =SUM(AL15:AL16) -> 0 | AM17: =SUM(AM15:AN16) -> 0 | AO17: =SUM(AO15:AP16) -> 0 | AQ17: =SUM(AQ15:AR16) -> 0 | AS17: =SUM(AO15:AR15) -> 0 | AU17: المجموع | AV17: =SUM(AV15:AV16) -> 0 | AW17: =SUM(AW15:AX16) -> 0 | AY17: =SUM(AY15:AZ16) -> 0 | BA17: =SUM(BA15:BA16) -> 0 | BB17: =SUM(BB15:BC16) -> 0 | BD17: =SUM(BD15:BE16) -> 0 | BF17: =SUM(BF15:BG16) -> 0 | BH17: =SUM(BD15:BG15) -> 0 | BJ17: المجموع | BK17: =SUM(BK15:BK16) -> 0 | BL17: =SUM(BL15:BM16) -> 0 | BN17: =SUM(BN15:BO16) -> 0 | BP17: =SUM(BP15:BP16) -> 0 | BQ17: =SUM(BQ15:BR16) -> 0 | BS17: =SUM(BS15:BT16) -> 0 | BU17: =SUM(BU15:BV16) -> 0 | BW17: =SUM(BS15:BV15) -> 0 | BY17: المجموع | BZ17: =SUM(BZ15:BZ16) -> 0 | CA17: =SUM(CA15:CB16) -> 0 | CC17: =SUM(CC15:CD16) -> 0 | CE17: =SUM(CE15:CE16) -> 0 | CF17: =SUM(CF15:CG16) -> 0 | CH17: =SUM(CH15:CI16) -> 0 | CJ17: =SUM(CJ15:CK16) -> 0 | CL17: =SUM(CH15:CK15) -> 0 | CN17: المجموع | CO17: =SUM(CO15:CO16) -> 0 | CP17: =SUM(CP15:CQ16) -> 0 | CR17: =SUM(CR15:CS16) -> 0 | CT17: =SUM(CT15:CT16) -> 0 | CU17: =SUM(CU15:CV16) -> 0 | CW17: =SUM(CW15:CX16) -> 0 | CY17: =SUM(CY15:CZ16) -> 0 | DA17: =SUM(CW15:CZ15) -> 0 | DC17: المجموع | DD17: =SUM(DD15:DD16) -> 0 | DE17: =SUM(DE15:DF16) -> 0 | DG17: =SUM(DG15:DH16) -> 0 | DI17: =SUM(DI15:DI16) -> 0 | DJ17: =SUM(DJ15:DK16) -> 0 | DL17: =SUM(DL15:DM16) -> 0 | DN17: =SUM(DN15:DO16) -> 0 | DP17: =SUM(DL15:DO15) -> 0 | DR17: المجموع | DS17: =SUM(DS15:DS16) -> 0 | DT17: =SUM(DT15:DU16) -> 0 | DV17: =SUM(DV15:DW16) -> 0 | DX17: =SUM(DX15:DX16) -> 0 | DY17: =SUM(DY15:DZ16) -> 0 | EA17: =SUM(EA15:EB16) -> 0 | EC17: =SUM(EC15:ED16) -> 0 | EE17: =SUM(EA15:ED15) -> 0 | EG17: المجموع | EH17: =SUM(EH15:EH16) -> 0 | EI17: =SUM(EI15:EJ16) -> 0 | EK17: =SUM(EK15:EL16) -> 0 | EM17: =SUM(EM15:EM16) -> 0 | EN17: =SUM(EN15:EO16) -> 0 | EP17: =SUM(EP15:EQ16) -> 0 | ER17: =SUM(ER15:ES16) -> 0 | ET17: =SUM(EP15:ES15) -> 0 | EV17: المجموع | EW17: =SUM(EW15:EW16) -> 0 | EX17: =SUM(EX15:EY16) -> 0 | EZ17: =SUM(EZ15:FA16) -> 0 | FB17: =SUM(FB15:FB16) -> 0 | FC17: =SUM(FC15:FD16) -> 0 | FE17: =SUM(FE15:FF16) -> 0 | FG17: =SUM(FG15:FH16) -> 0 | FI17: =SUM(FE15:FH15) -> 0 | FK17: المجموع | FL17: =SUM(FL15:FL16) -> 0 | FM17: =SUM(FM15:FN16) -> 0 | FO17: =SUM(FO15:FP16) -> 0 | FQ17: =SUM(FQ15:FQ16) -> 0 | FR17: =SUM(FR15:FS16) -> 0 | FT17: =SUM(FT15:FU16) -> 0 | FV17: =SUM(FV15:FW16) -> 0 | FX17: =SUM(FT15:FW15) -> 0 | FZ17: المجموع | GA17: =SUM(GA15:GA16) -> 0 | GB17: =SUM(GB15:GC16) -> 0 | GD17: =SUM(GD15:GE16) -> 0 | GF17: =SUM(GF15:GF16) -> 0 | GG17: =SUM(GG15:GH16) -> 0 | GI17: =SUM(GI15:GJ16) -> 0 | GK17: =SUM(GK15:GL16) -> 0 | GM17: =SUM(GI15:GL15) -> 0
D18: مكان الولادة | H18: نتيجة الحمل | O18: =SUM(D21:G21) -> 0 | S18: مكان الولادة | W18: نتيجة الحمل | AD18: =SUM(S21:V21) -> 0 | AH18: مكان الولادة | AL18: نتيجة الحمل | AS18: =SUM(AH21:AK21) -> 0 | AW18: مكان الولادة | BA18: نتيجة الحمل | BH18: =SUM(AW21:AZ21) -> 0 | BL18: مكان الولادة | BP18: نتيجة الحمل | BW18: =SUM(BL21:BO21) -> 0 | CA18: مكان الولادة | CE18: نتيجة الحمل | CL18: =SUM(CA21:CD21) -> 0 | CP18: مكان الولادة | CT18: نتيجة الحمل | DA18: =SUM(CP21:CS21) -> 0 | DE18: مكان الولادة | DI18: نتيجة الحمل | DP18: =SUM(DE21:DH21) -> 0 | DT18: مكان الولادة | DX18: نتيجة الحمل | EE18: =SUM(DT21:DW21) -> 0 | EI18: مكان الولادة | EM18: نتيجة الحمل | ET18: =SUM(EI21:EL21) -> 0 | EX18: مكان الولادة | FB18: نتيجة الحمل | FI18: =SUM(EX21:FA21) -> 0 | FM18: مكان الولادة | FQ18: نتيجة الحمل | FX18: =SUM(FM21:FP21) -> 0 | GB18: مكان الولادة | GF18: نتيجة الحمل | GM18: =SUM(GB21:GE21) -> 0
D19: بالمنزل | F19: بالمركز الصحي | G19: بالمستشفى | H19: مولود حي | M19: إجهاض | N19: مولود ميت | O19: =SUM(H21:N21) -> 0 | S19: بالمنزل | U19: بالمركز الصحي | V19: بالمستشفى | W19: مولود حي | AB19: إجهاض | AC19: مولود ميت | AD19: =SUM(W21:AC21) -> 0 | AH19: بالمنزل | AJ19: بالمركز الصحي | AK19: بالمستشفى | AL19: مولود حي | AQ19: إجهاض | AR19: مولود ميت | AS19: =SUM(AL21:AR21) -> 0 | AW19: بالمنزل | AY19: بالمركز الصحي | AZ19: بالمستشفى | BA19: مولود حي | BF19: إجهاض | BG19: مولود ميت | BH19: =SUM(BA21:BG21) -> 0 | BL19: بالمنزل | BN19: بالمركز الصحي | BO19: بالمستشفى | BP19: مولود حي | BU19: إجهاض | BV19: مولود ميت | BW19: =SUM(BP21:BV21) -> 0 | CA19: بالمنزل | CC19: بالمركز الصحي | CD19: بالمستشفى | CE19: مولود حي | CJ19: إجهاض | CK19: مولود ميت | CL19: =SUM(CE21:CK21) -> 0 | CP19: بالمنزل | CR19: بالمركز الصحي | CS19: بالمستشفى | CT19: مولود حي | CY19: إجهاض | CZ19: مولود ميت | DA19: =SUM(CT21:CZ21) -> 0 | DE19: بالمنزل | DG19: بالمركز الصحي | DH19: بالمستشفى | DI19: مولود حي | DN19: إجهاض | DO19: مولود ميت | DP19: =SUM(DI21:DO21) -> 0 | DT19: بالمنزل | DV19: بالمركز الصحي | DW19: بالمستشفى | DX19: مولود حي | EC19: إجهاض | ED19: مولود ميت | EE19: =SUM(DX21:ED21) -> 0 | EI19: بالمنزل | EK19: بالمركز الصحي | EL19: بالمستشفى | EM19: مولود حي | ER19: إجهاض | ES19: مولود ميت | ET19: =SUM(EM21:ES21) -> 0 | EX19: بالمنزل | EZ19: بالمركز الصحي | FA19: بالمستشفى | FB19: مولود حي | FG19: إجهاض | FH19: مولود ميت | FI19: =SUM(FB21:FH21) -> 0 | FM19: بالمنزل | FO19: بالمركز الصحي | FP19: بالمستشفى | FQ19: مولود حي | FV19: إجهاض | FW19: مولود ميت | FX19: =SUM(FQ21:FW21) -> 0 | GB19: بالمنزل | GD19: بالمركز الصحي | GE19: بالمستشفى | GF19: مولود حي | GK19: إجهاض | GL19: مولود ميت | GM19: =SUM(GF21:GL21) -> 0
D20: بإشراف | E20: بدون | H20: طبيعي | J20: مبتسر | K20: أقل من 2.5 كجم | O20: =SUM(C16) -> 0 | S20: بإشراف | T20: بدون | W20: طبيعي | Y20: مبتسر | Z20: أقل من 2.5 كجم | AD20: =SUM(R16) -> 0 | AH20: بإشراف | AI20: بدون | AL20: طبيعي | AN20: مبتسر | AO20: أقل من 2.5 كجم | AS20: =SUM(AG16) -> 0 | AW20: بإشراف | AX20: بدون | BA20: طبيعي | BC20: مبتسر | BD20: أقل من 2.5 كجم | BH20: =SUM(AV16) -> 0 | BL20: بإشراف | BM20: بدون | BP20: طبيعي | BR20: مبتسر | BS20: أقل من 2.5 كجم | BW20: =SUM(BK16) -> 0 | CA20: بإشراف | CB20: بدون | CE20: طبيعي | CG20: مبتسر | CH20: أقل من 2.5 كجم | CL20: =SUM(BZ16) -> 0 | CP20: بإشراف | CQ20: بدون | CT20: طبيعي | CV20: مبتسر | CW20: أقل من 2.5 كجم | DA20: =SUM(CO16) -> 0 | DE20: بإشراف | DF20: بدون | DI20: طبيعي | DK20: مبتسر | DL20: أقل من 2.5 كجم | DP20: =SUM(DD16) -> 0 | DT20: بإشراف | DU20: بدون | DX20: طبيعي | DZ20: مبتسر | EA20: أقل من 2.5 كجم | EE20: =SUM(DS16) -> 0 | EI20: بإشراف | EJ20: بدون | EM20: طبيعي | EO20: مبتسر | EP20: أقل من 2.5 كجم | ET20: =SUM(EH16) -> 0 | EX20: بإشراف | EY20: بدون | FB20: طبيعي | FD20: مبتسر | FE20: أقل من 2.5 كجم | FI20: =SUM(EW16) -> 0 | FM20: بإشراف | FN20: بدون | FQ20: طبيعي | FS20: مبتسر | FT20: أقل من 2.5 كجم | FX20: =SUM(FL16) -> 0 | GB20: بإشراف | GC20: بدون | GF20: طبيعي | GH20: مبتسر | GI20: أقل من 2.5 كجم | GM20: =SUM(GA16) -> 0
B21: سعوديات | D21: 0 | E21: 0 | F21: 0 | G21: 0 | H21: 0 | J21: 0 | K21: 0 | M21: 0 | N21: 0 | O21: =SUM(K16:N16) -> 0 | Q21: سعوديات | S21: 0 | T21: 0 | U21: 0 | V21: 0 | W21: 0 | Y21: 0 | Z21: 0 | AB21: 0 | AC21: 0 | AD21: =SUM(Z16:AC16) -> 0 | AF21: سعوديات | AH21: 0 | AI21: 0 | AJ21: 0 | AK21: 0 | AL21: 0 | AN21: 0 | AO21: 0 | AQ21: 0 | AR21: 0 | AS21: =SUM(AO16:AR16) -> 0 | AU21: سعوديات | AW21: 0 | AX21: 0 | AY21: 0 | AZ21: 0 | BA21: 0 | BC21: 0 | BD21: 0 | BF21: 0 | BG21: 0 | BH21: =SUM(BD16:BG16) -> 0 | BJ21: سعوديات | BL21: 0 | BM21: 0 | BN21: 0 | BO21: 0 | BP21: 0 | BR21: 0 | BS21: 0 | BU21: 0 | BV21: 0 | BW21: =SUM(BS16:BV16) -> 0 | BY21: سعوديات | CA21: 0 | CB21: 0 | CC21: 0 | CD21: 0 | CE21: 0 | CG21: 0 | CH21: 0 | CJ21: 0 | CK21: 0 | CL21: =SUM(CH16:CK16) -> 0 | CN21: سعوديات | CP21: 0 | CQ21: 0 | CR21: 0 | CS21: 0 | CT21: 0 | CV21: 0 | CW21: 0 | CY21: 0 | CZ21: 0 | DA21: =SUM(CW16:CZ16) -> 0 | DC21: سعوديات | DE21: 0 | DF21: 0 | DG21: 0 | DH21: 0 | DI21: 0 | DK21: 0 | DL21: 0 | DN21: 0 | DO21: 0 | DP21: =SUM(DL16:DO16) -> 0 | DR21: سعوديات | DT21: 0 | DU21: 0 | DV21: 0 | DW21: 0 | DX21: 0 | DZ21: 0 | EA21: 0 | EC21: 0 | ED21: 0 | EE21: =SUM(EA16:ED16) -> 0 | EG21: سعوديات | EI21: 0 | EJ21: 0 | EK21: 0 | EL21: 0 | EM21: 0 | EO21: 0 | EP21: 0 | ER21: 0 | ES21: 0 | ET21: =SUM(EP16:ES16) -> 0 | EV21: سعوديات | EX21: 0 | EY21: 0 | EZ21: 0 | FA21: 0 | FB21: 0 | FD21: 0 | FE21: 0 | FG21: 0 | FH21: 0 | FI21: =SUM(FE16:FH16) -> 0 | FK21: سعوديات | FM21: 0 | FN21: 0 | FO21: 0 | FP21: 0 | FQ21: 0 | FS21: 0 | FT21: 0 | FV21: 0 | FW21: 0 | FX21: =SUM(FT16:FW16) -> 0 | FZ21: سعوديات | GB21: =SUM(D21+S21+AH21+AW21+BL21+CA21+CP21+DE21+DT21+EI21+EX21+FM21) -> 0 | GC21: =SUM(E21+T21+AI21+AX21+BM21+CB21+CQ21+DF21+DU21+EJ21+EY21+FN21) -> 0 | GD21: =SUM(F21+U21+AJ21+AY21+BN21+CC21+CR21+DG21+DV21+EK21+EZ21+FO21) -> 0 | GE21: =SUM(G21+V21+AK21+AZ21+BO21+CD21+CS21+DH21+DW21+EL21+FA21+FP21) -> 0 | GF21: =SUM(H21+W21+AL21+BA21+BP21+CE21+CT21+DI21+DX21+EM21+FB21+FQ21) -> 0 | GH21: =SUM(J21+Y21+AN21+BC21+BR21+CG21+CV21+DK21+DZ21+EO21+FD21+FS21) -> 0 | GI21: =SUM(K21+Z21+AO21+BD21+BS21+CH21+CW21+DL21+EA21+EP21+FE21+FT21) -> 0 | GK21: =SUM(M21+AB21+AQ21+BF21+BU21+CJ21+CY21+DN21+EC21+ER21+FG21+FV21) -> 0 | GL21: =SUM(N21+AC21+AR21+BG21+BV21+CK21+CZ21+DO21+ED21+ES21+FH21+FW21) -> 0 | GM21: =SUM(GI16:GL16) -> 0
B22: غ.سعوديات | D22: 0 | E22: 0 | F22: 0 | G22: 0 | H22: 0 | J22: 0 | K22: 0 | M22: 0 | N22: 0 | O22: =SUM(D22:G22) -> 0 | Q22: غ.سعوديات | S22: 0 | T22: 0 | U22: 0 | V22: 0 | W22: 0 | Y22: 0 | Z22: 0 | AB22: 0 | AC22: 0 | AD22: =SUM(S22:V22) -> 0 | AF22: غ.سعوديات | AH22: 0 | AI22: 0 | AJ22: 0 | AK22: 0 | AL22: 0 | AN22: 0 | AO22: 0 | AQ22: 0 | AR22: 0 | AS22: =SUM(AH22:AK22) -> 0 | AU22: غ.سعوديات | AW22: 0 | AX22: 0 | AY22: 0 | AZ22: 0 | BA22: 0 | BC22: 0 | BD22: 0 | BF22: 0 | BG22: 0 | BH22: =SUM(AW22:AZ22) -> 0 | BJ22: غ.سعوديات | BL22: 0 | BM22: 0 | BN22: 0 | BO22: 0 | BP22: 0 | BR22: 0 | BS22: 0 | BU22: 0 | BV22: 0 | BW22: =SUM(BL22:BO22) -> 0 | BY22: غ.سعوديات | CA22: 0 | CB22: 0 | CC22: 0 | CD22: 0 | CE22: 0 | CG22: 0 | CH22: 0 | CJ22: 0 | CK22: 0 | CL22: =SUM(CA22:CD22) -> 0 | CN22: غ.سعوديات | CP22: 0 | CQ22: 0 | CR22: 0 | CS22: 0 | CT22: 0 | CV22: 0 | CW22: 0 | CY22: 0 | CZ22: 0 | DA22: =SUM(CP22:CS22) -> 0 | DC22: غ.سعوديات | DE22: 0 | DF22: 0 | DG22: 0 | DH22: 0 | DI22: 0 | DK22: 0 | DL22: 0 | DN22: 0 | DO22: 0 | DP22: =SUM(DE22:DH22) -> 0 | DR22: غ.سعوديات | DT22: 0 | DU22: 0 | DV22: 0 | DW22: 0 | DX22: 0 | DZ22: 0 | EA22: 0 | EC22: 0 | ED22: 0 | EE22: =SUM(DT22:DW22) -> 0 | EG22: غ.سعوديات | EI22: 0 | EJ22: 0 | EK22: 0 | EL22: 0 | EM22: 0 | EO22: 0 | EP22: 0 | ER22: 0 | ES22: 0 | ET22: =SUM(EI22:EL22) -> 0 | EV22: غ.سعوديات | EX22: 0 | EY22: 0 | EZ22: 0 | FA22: 0 | FB22: 0 | FD22: 0 | FE22: 0 | FG22: 0 | FH22: 0 | FI22: =SUM(EX22:FA22) -> 0 | FK22: غ.سعوديات | FM22: 0 | FN22: 0 | FO22: 0 | FP22: 0 | FQ22: 0 | FS22: 0 | FT22: 0 | FV22: 0 | FW22: 0 | FX22: =SUM(FM22:FP22) -> 0 | FZ22: غ.سعوديات | GB22: =SUM(D22+S22+AH22+AW22+BL22+CA22+CP22+DE22+DT22+EI22+EX22+FM22) -> 0 | GC22: =SUM(E22+T22+AI22+AX22+BM22+CB22+CQ22+DF22+DU22+EJ22+EY22+FN22) -> 0 | GD22: =SUM(F22+U22+AJ22+AY22+BN22+CC22+CR22+DG22+DV22+EK22+EZ22+FO22) -> 0 | GE22: =SUM(G22+V22+AK22+AZ22+BO22+CD22+CS22+DH22+DW22+EL22+FA22+FP22) -> 0 | GF22: =SUM(H22+W22+AL22+BA22+BP22+CE22+CT22+DI22+DX22+EM22+FB22+FQ22) -> 0 | GH22: =SUM(J22+Y22+AN22+BC22+BR22+CG22+CV22+DK22+DZ22+EO22+FD22+FS22) -> 0 | GI22: =SUM(K22+Z22+AO22+BD22+BS22+CH22+CW22+DL22+EA22+EP22+FE22+FT22) -> 0 | GK22: =SUM(M22+AB22+AQ22+BF22+BU22+CJ22+CY22+DN22+EC22+ER22+FG22+FV22) -> 0 | GL22: =SUM(N22+AC22+AR22+BG22+BV22+CK22+CZ22+DO22+ED22+ES22+FH22+FW22) -> 0 | GM22: =SUM(GB22:GE22) -> 0
B23: المجموع | D23: =SUM(D21:D22) -> 0 | E23: =SUM(E21:E22) -> 0 | F23: =SUM(F21:F22) -> 0 | G23: =SUM(G21:G22) -> 0 | H23: =SUM(H21:I22) -> 0 | J23: =SUM(J21:J22) -> 0 | K23: =SUM(K21:L22) -> 0 | M23: =SUM(M21:M22) -> 0 | N23: =SUM(N21:N22) -> 0 | O23: =SUM(H22:N22) -> 0 | Q23: المجموع | S23: =SUM(S21:S22) -> 0 | T23: =SUM(T21:T22) -> 0 | U23: =SUM(U21:U22) -> 0 | V23: =SUM(V21:V22) -> 0 | W23: =SUM(W21:X22) -> 0 | Y23: =SUM(Y21:Y22) -> 0 | Z23: =SUM(Z21:AA22) -> 0 | AB23: =SUM(AB21:AB22) -> 0 | AC23: =SUM(AC21:AC22) -> 0 | AD23: =SUM(W22:AC22) -> 0 | AF23: المجموع | AH23: =SUM(AH21:AH22) -> 0 | AI23: =SUM(AI21:AI22) -> 0 | AJ23: =SUM(AJ21:AJ22) -> 0 | AK23: =SUM(AK21:AK22) -> 0 | AL23: =SUM(AL21:AM22) -> 0 | AN23: =SUM(AN21:AN22) -> 0 | AO23: =SUM(AO21:AP22) -> 0 | AQ23: =SUM(AQ21:AQ22) -> 0 | AR23: =SUM(AR21:AR22) -> 0 | AS23: =SUM(AL22:AR22) -> 0 | AU23: المجموع | AW23: =SUM(AW21:AW22) -> 0 | AX23: =SUM(AX21:AX22) -> 0 | AY23: =SUM(AY21:AY22) -> 0 | AZ23: =SUM(AZ21:AZ22) -> 0 | BA23: =SUM(BA21:BB22) -> 0 | BC23: =SUM(BC21:BC22) -> 0 | BD23: =SUM(BD21:BE22) -> 0 | BF23: =SUM(BF21:BF22) -> 0 | BG23: =SUM(BG21:BG22) -> 0 | BH23: =SUM(BA22:BG22) -> 0 | BJ23: المجموع | BL23: =SUM(BL21:BL22) -> 0 | BM23: =SUM(BM21:BM22) -> 0 | BN23: =SUM(BN21:BN22) -> 0 | BO23: =SUM(BO21:BO22) -> 0 | BP23: =SUM(BP21:BQ22) -> 0 | BR23: =SUM(BR21:BR22) -> 0 | BS23: =SUM(BS21:BT22) -> 0 | BU23: =SUM(BU21:BU22) -> 0 | BV23: =SUM(BV21:BV22) -> 0 | BW23: =SUM(BP22:BV22) -> 0 | BY23: المجموع | CA23: =SUM(CA21:CA22) -> 0 | CB23: =SUM(CB21:CB22) -> 0 | CC23: =SUM(CC21:CC22) -> 0 | CD23: =SUM(CD21:CD22) -> 0 | CE23: =SUM(CE21:CF22) -> 0 | CG23: =SUM(CG21:CG22) -> 0 | CH23: =SUM(CH21:CI22) -> 0 | CJ23: =SUM(CJ21:CJ22) -> 0 | CK23: =SUM(CK21:CK22) -> 0 | CL23: =SUM(CE22:CK22) -> 0 | CN23: المجموع | CP23: =SUM(CP21:CP22) -> 0 | CQ23: =SUM(CQ21:CQ22) -> 0 | CR23: =SUM(CR21:CR22) -> 0 | CS23: =SUM(CS21:CS22) -> 0 | CT23: =SUM(CT21:CU22) -> 0 | CV23: =SUM(CV21:CV22) -> 0 | CW23: =SUM(CW21:CX22) -> 0 | CY23: =SUM(CY21:CY22) -> 0 | CZ23: =SUM(CZ21:CZ22) -> 0 | DA23: =SUM(CT22:CZ22) -> 0 | DC23: المجموع | DE23: =SUM(DE21:DE22) -> 0 | DF23: =SUM(DF21:DF22) -> 0 | DG23: =SUM(DG21:DG22) -> 0 | DH23: =SUM(DH21:DH22) -> 0 | DI23: =SUM(DI21:DJ22) -> 0 | DK23: =SUM(DK21:DK22) -> 0 | DL23: =SUM(DL21:DM22) -> 0 | DN23: =SUM(DN21:DN22) -> 0 | DO23: =SUM(DO21:DO22) -> 0 | DP23: =SUM(DI22:DO22) -> 0 | DR23: المجموع | DT23: =SUM(DT21:DT22) -> 0 | DU23: =SUM(DU21:DU22) -> 0 | DV23: =SUM(DV21:DV22) -> 0 | DW23: =SUM(DW21:DW22) -> 0 | DX23: =SUM(DX21:DY22) -> 0 | DZ23: =SUM(DZ21:DZ22) -> 0 | EA23: =SUM(EA21:EB22) -> 0 | EC23: =SUM(EC21:EC22) -> 0 | ED23: =SUM(ED21:ED22) -> 0 | EE23: =SUM(DX22:ED22) -> 0 | EG23: المجموع | EI23: =SUM(EI21:EI22) -> 0 | EJ23: =SUM(EJ21:EJ22) -> 0 | EK23: =SUM(EK21:EK22) -> 0 | EL23: =SUM(EL21:EL22) -> 0 | EM23: =SUM(EM21:EN22) -> 0 | EO23: =SUM(EO21:EO22) -> 0 | EP23: =SUM(EP21:EQ22) -> 0 | ER23: =SUM(ER21:ER22) -> 0 | ES23: =SUM(ES21:ES22) -> 0 | ET23: =SUM(EM22:ES22) -> 0 | EV23: المجموع | EX23: =SUM(EX21:EX22) -> 0 | EY23: =SUM(EY21:EY22) -> 0 | EZ23: =SUM(EZ21:EZ22) -> 0 | FA23: =SUM(FA21:FA22) -> 0 | FB23: =SUM(FB21:FC22) -> 0 | FD23: =SUM(FD21:FD22) -> 0 | FE23: =SUM(FE21:FF22) -> 0 | FG23: =SUM(FG21:FG22) -> 0 | FH23: =SUM(FH21:FH22) -> 0 | FI23: =SUM(FB22:FH22) -> 0 | FK23: المجموع | FM23: =SUM(FM21:FM22) -> 0 | FN23: =SUM(FN21:FN22) -> 0 | FO23: =SUM(FO21:FO22) -> 0 | FP23: =SUM(FP21:FP22) -> 0 | FQ23: =SUM(FQ21:FR22) -> 0 | FS23: =SUM(FS21:FS22) -> 0 | FT23: =SUM(FT21:FU22) -> 0 | FV23: =SUM(FV21:FV22) -> 0 | FW23: =SUM(FW21:FW22) -> 0 | FX23: =SUM(FQ22:FW22) -> 0 | FZ23: المجموع | GB23: =SUM(GB21:GB22) -> 0 | GC23: =SUM(GC21:GC22) -> 0 | GD23: =SUM(GD21:GD22) -> 0 | GE23: =SUM(GE21:GE22) -> 0 | GF23: =SUM(GF21:GG22) -> 0 | GH23: =SUM(GH21:GH22) -> 0 | GI23: =SUM(GI21:GJ22) -> 0 | GK23: =SUM(GK21:GK22) -> 0 | GL23: =SUM(GL21:GL22) -> 0 | GM23: =SUM(GF22:GL22) -> 0
A25: السليمانية | B25: سعوديات | C25: 0 | D25: 0 | F25: 0 | H25: 0 | I25: 0 | K25: 0 | M25: 0 | O25: =SUM(C25) -> 0 | P25: السليمانية | Q25: سعوديات | R25: 0 | S25: 0 | U25: 0 | W25: 0 | X25: 0 | Z25: 0 | AB25: 0 | AD25: =SUM(R25) -> 0 | AE25: السليمانية | AF25: سعوديات | AG25: 0 | AH25: 0 | AJ25: 0 | AL25: 0 | AM25: 0 | AO25: 0 | AQ25: 0 | AS25: =SUM(AG25) -> 0 | AT25: السليمانية | AU25: سعوديات | AV25: 0 | AW25: 0 | AY25: 0 | BA25: 0 | BB25: 0 | BD25: 0 | BF25: 0 | BH25: =SUM(AV25) -> 0 | BI25: السليمانية | BJ25: سعوديات | BK25: 0 | BL25: 0 | BN25: 0 | BP25: 0 | BQ25: 0 | BS25: 0 | BU25: 0 | BW25: =SUM(BK25) -> 0 | BX25: السليمانية | BY25: سعوديات | BZ25: 0 | CA25: 0 | CC25: 0 | CE25: 0 | CF25: 0 | CH25: 0 | CJ25: 0 | CL25: =SUM(BZ25) -> 0 | CM25: السليمانية | CN25: سعوديات | CO25: 0 | CP25: 0 | CR25: 0 | CT25: 0 | CU25: 0 | CW25: 0 | CY25: 0 | DA25: =SUM(CO25) -> 0 | DB25: السليمانية | DC25: سعوديات | DD25: 0 | DE25: 0 | DG25: 0 | DI25: 0 | DJ25: 0 | DL25: 0 | DN25: 0 | DP25: =SUM(DD25) -> 0 | DQ25: السليمانية | DR25: سعوديات | DS25: 0 | DT25: 0 | DV25: 0 | DX25: 0 | DY25: 0 | EA25: 0 | EC25: 0 | EE25: =SUM(DS25) -> 0 | EF25: السليمانية | EG25: سعوديات | EH25: 0 | EI25: 0 | EK25: 0 | EM25: 0 | EN25: 0 | EP25: 0 | ER25: 0 | ET25: =SUM(EH25) -> 0 | EU25: السليمانية | EV25: سعوديات | EW25: 0 | EX25: 0 | EZ25: 0 | FB25: 0 | FC25: 0 | FE25: 0 | FG25: 0 | FI25: =SUM(EW25) -> 0 | FJ25: السليمانية | FK25: سعوديات | FL25: 0 | FM25: 0 | FO25: 0 | FQ25: 0 | FR25: 0 | FT25: 0 | FV25: 0 | FX25: =SUM(FL25) -> 0 | FY25: =(FJ25) -> السليمانية | FZ25: سعوديات | GA25: =SUM(C25+R25+AG25+AV25+BK25+BZ25+CO25+DD25+DS25+EH25+EW25+FL25) -> 0 | GB25: =SUM(D25+S25+AH25+AW25+BL25+CA25+CP25+DE25+DT25+EI25+EX25+FM25) -> 0 | GD25: =SUM(F25+U25+AJ25+AY25+BN25+CC25+CR25+DG25+DV25+EK25+EZ25+FO25) -> 0 | GF25: =SUM(H25+W25+AL25+BA25+BP25+CE25+CT25+DI25+DX25+EM25+FB25+FQ25) -> 0 | GG25: =SUM(I25+X25+AM25+BB25+BQ25+CF25+CU25+DJ25+DY25+EN25+FC25+FR25) -> 0 | GI25: =SUM(K25+Z25+AO25+BD25+BS25+CH25+CW25+DL25+EA25+EP25+FE25+FT25) -> 0 | GK25: =SUM(M25+AB25+AQ25+BF25+BU25+CJ25+CY25+DN25+EC25+ER25+FG25+FV25) -> 0 | GM25: =SUM(GA25) -> 0
B26: غير سعوديات | C26: 0 | D26: 0 | F26: 0 | H26: 0 | I26: 0 | K26: 0 | M26: 0 | O26: =SUM(D25:G25) -> 0 | Q26: غير سعوديات | R26: 0 | S26: 0 | U26: 0 | W26: 0 | X26: 0 | Z26: 0 | AB26: 0 | AD26: =SUM(S25:V25) -> 0 | AF26: غير سعوديات | AG26: 0 | AH26: 0 | AJ26: 0 | AL26: 0 | AM26: 0 | AO26: 0 | AQ26: 0 | AS26: =SUM(AH25:AK25) -> 0 | AU26: غير سعوديات | AV26: 0 | AW26: 0 | AY26: 0 | BA26: 0 | BB26: 0 | BD26: 0 | BF26: 0 | BH26: =SUM(AW25:AZ25) -> 0 | BJ26: غير سعوديات | BK26: 0 | BL26: 0 | BN26: 0 | BP26: 0 | BQ26: 0 | BS26: 0 | BU26: 0 | BW26: =SUM(BL25:BO25) -> 0 | BY26: غير سعوديات | BZ26: 0 | CA26: 0 | CC26: 0 | CE26: 0 | CF26: 0 | CH26: 0 | CJ26: 0 | CL26: =SUM(CA25:CD25) -> 0 | CN26: غير سعوديات | CO26: 0 | CP26: 0 | CR26: 0 | CT26: 0 | CU26: 0 | CW26: 0 | CY26: 0 | DA26: =SUM(CP25:CS25) -> 0 | DC26: غير سعوديات | DD26: 0 | DE26: 0 | DG26: 0 | DI26: 0 | DJ26: 0 | DL26: 0 | DN26: 0 | DP26: =SUM(DE25:DH25) -> 0 | DR26: غير سعوديات | DS26: 0 | DT26: 0 | DV26: 0 | DX26: 0 | DY26: 0 | EA26: 0 | EC26: 0 | EE26: =SUM(DT25:DW25) -> 0 | EG26: غير سعوديات | EH26: 0 | EI26: 0 | EK26: 0 | EM26: 0 | EN26: 0 | EP26: 0 | ER26: 0 | ET26: =SUM(EI25:EL25) -> 0 | EV26: غير سعوديات | EW26: 0 | EX26: 0 | EZ26: 0 | FB26: 0 | FC26: 0 | FE26: 0 | FG26: 0 | FI26: =SUM(EX25:FA25) -> 0 | FK26: غير سعوديات | FL26: 0 | FM26: 0 | FO26: 0 | FQ26: 0 | FR26: 0 | FT26: 0 | FV26: 0 | FX26: =SUM(FM25:FP25) -> 0 | FZ26: غير سعوديات | GA26: =SUM(C26+R26+AG26+AV26+BK26+BZ26+CO26+DD26+DS26+EH26+EW26+FL26) -> 0 | GB26: =SUM(D26+S26+AH26+AW26+BL26+CA26+CP26+DE26+DT26+EI26+EX26+FM26) -> 0 | GD26: =SUM(F26+U26+AJ26+AY26+BN26+CC26+CR26+DG26+DV26+EK26+EZ26+FO26) -> 0 | GF26: =SUM(H26+W26+AL26+BA26+BP26+CE26+CT26+DI26+DX26+EM26+FB26+FQ26) -> 0 | GG26: =SUM(I26+X26+AM26+BB26+BQ26+CF26+CU26+DJ26+DY26+EN26+FC26+FR26) -> 0 | GI26: =SUM(K26+Z26+AO26+BD26+BS26+CH26+CW26+DL26+EA26+EP26+FE26+FT26) -> 0 | GK26: =SUM(M26+AB26+AQ26+BF26+BU26+CJ26+CY26+DN26+EC26+ER26+FG26+FV26) -> 0 | GM26: =SUM(GB25:GE25) -> 0
B27: المجموع | C27: =SUM(C25:C26) -> 0 | D27: =SUM(D25:E26) -> 0 | F27: =SUM(F25:G26) -> 0 | H27: =SUM(H25:H26) -> 0 | I27: =SUM(I25:J26) -> 0 | K27: =SUM(K25:L26) -> 0 | M27: =SUM(M25:N26) -> 0 | O27: =SUM(K25:N25) -> 0 | Q27: المجموع | R27: =SUM(R25:R26) -> 0 | S27: =SUM(S25:T26) -> 0 | U27: =SUM(U25:V26) -> 0 | W27: =SUM(W25:W26) -> 0 | X27: =SUM(X25:Y26) -> 0 | Z27: =SUM(Z25:AA26) -> 0 | AB27: =SUM(AB25:AC26) -> 0 | AD27: =SUM(Z25:AC25) -> 0 | AF27: المجموع | AG27: =SUM(AG25:AG26) -> 0 | AH27: =SUM(AH25:AI26) -> 0 | AJ27: =SUM(AJ25:AK26) -> 0 | AL27: =SUM(AL25:AL26) -> 0 | AM27: =SUM(AM25:AN26) -> 0 | AO27: =SUM(AO25:AP26) -> 0 | AQ27: =SUM(AQ25:AR26) -> 0 | AS27: =SUM(AO25:AR25) -> 0 | AU27: المجموع | AV27: =SUM(AV25:AV26) -> 0 | AW27: =SUM(AW25:AX26) -> 0 | AY27: =SUM(AY25:AZ26) -> 0 | BA27: =SUM(BA25:BA26) -> 0 | BB27: =SUM(BB25:BC26) -> 0 | BD27: =SUM(BD25:BE26) -> 0 | BF27: =SUM(BF25:BG26) -> 0 | BH27: =SUM(BD25:BG25) -> 0 | BJ27: المجموع | BK27: =SUM(BK25:BK26) -> 0 | BL27: =SUM(BL25:BM26) -> 0 | BN27: =SUM(BN25:BO26) -> 0 | BP27: =SUM(BP25:BP26) -> 0 | BQ27: =SUM(BQ25:BR26) -> 0 | BS27: =SUM(BS25:BT26) -> 0 | BU27: =SUM(BU25:BV26) -> 0 | BW27: =SUM(BS25:BV25) -> 0 | BY27: المجموع | BZ27: =SUM(BZ25:BZ26) -> 0 | CA27: =SUM(CA25:CB26) -> 0 | CC27: =SUM(CC25:CD26) -> 0 | CE27: =SUM(CE25:CE26) -> 0 | CF27: =SUM(CF25:CG26) -> 0 | CH27: =SUM(CH25:CI26) -> 0 | CJ27: =SUM(CJ25:CK26) -> 0 | CL27: =SUM(CH25:CK25) -> 0 | CN27: المجموع | CO27: =SUM(CO25:CO26) -> 0 | CP27: =SUM(CP25:CQ26) -> 0 | CR27: =SUM(CR25:CS26) -> 0 | CT27: =SUM(CT25:CT26) -> 0 | CU27: =SUM(CU25:CV26) -> 0 | CW27: =SUM(CW25:CX26) -> 0 | CY27: =SUM(CY25:CZ26) -> 0 | DA27: =SUM(CW25:CZ25) -> 0 | DC27: المجموع | DD27: =SUM(DD25:DD26) -> 0 | DE27: =SUM(DE25:DF26) -> 0 | DG27: =SUM(DG25:DH26) -> 0 | DI27: =SUM(DI25:DI26) -> 0 | DJ27: =SUM(DJ25:DK26) -> 0 | DL27: =SUM(DL25:DM26) -> 0 | DN27: =SUM(DN25:DO26) -> 0 | DP27: =SUM(DL25:DO25) -> 0 | DR27: المجموع | DS27: =SUM(DS25:DS26) -> 0 | DT27: =SUM(DT25:DU26) -> 0 | DV27: =SUM(DV25:DW26) -> 0 | DX27: =SUM(DX25:DX26) -> 0 | DY27: =SUM(DY25:DZ26) -> 0 | EA27: =SUM(EA25:EB26) -> 0 | EC27: =SUM(EC25:ED26) -> 0 | EE27: =SUM(EA25:ED25) -> 0 | EG27: المجموع | EH27: =SUM(EH25:EH26) -> 0 | EI27: =SUM(EI25:EJ26) -> 0 | EK27: =SUM(EK25:EL26) -> 0 | EM27: =SUM(EM25:EM26) -> 0 | EN27: =SUM(EN25:EO26) -> 0 | EP27: =SUM(EP25:EQ26) -> 0 | ER27: =SUM(ER25:ES26) -> 0 | ET27: =SUM(EP25:ES25) -> 0 | EV27: المجموع | EW27: =SUM(EW25:EW26) -> 0 | EX27: =SUM(EX25:EY26) -> 0 | EZ27: =SUM(EZ25:FA26) -> 0 | FB27: =SUM(FB25:FB26) -> 0 | FC27: =SUM(FC25:FD26) -> 0 | FE27: =SUM(FE25:FF26) -> 0 | FG27: =SUM(FG25:FH26) -> 0 | FI27: =SUM(FE25:FH25) -> 0 | FK27: المجموع | FL27: =SUM(FL25:FL26) -> 0 | FM27: =SUM(FM25:FN26) -> 0 | FO27: =SUM(FO25:FP26) -> 0 | FQ27: =SUM(FQ25:FQ26) -> 0 | FR27: =SUM(FR25:FS26) -> 0 | FT27: =SUM(FT25:FU26) -> 0 | FV27: =SUM(FV25:FW26) -> 0 | FX27: =SUM(FT25:FW25) -> 0 | FZ27: المجموع | GA27: =SUM(GA25:GA26) -> 0 | GB27: =SUM(GB25:GC26) -> 0 | GD27: =SUM(GD25:GE26) -> 0 | GF27: =SUM(GF25:GF26) -> 0 | GG27: =SUM(GG25:GH26) -> 0 | GI27: =SUM(GI25:GJ26) -> 0 | GK27: =SUM(GK25:GL26) -> 0 | GM27: =SUM(GI25:GL25) -> 0
D28: مكان الولادة | H28: نتيجة الحمل | O28: =SUM(D31:G31) -> 0 | S28: مكان الولادة | W28: نتيجة الحمل | AD28: =SUM(S31:V31) -> 0 | AH28: مكان الولادة | AL28: نتيجة الحمل | AS28: =SUM(AH31:AK31) -> 0 | AW28: مكان الولادة | BA28: نتيجة الحمل | BH28: =SUM(AW31:AZ31) -> 0 | BL28: مكان الولادة | BP28: نتيجة الحمل | BW28: =SUM(BL31:BO31) -> 0 | CA28: مكان الولادة | CE28: نتيجة الحمل | CL28: =SUM(CA31:CD31) -> 0 | CP28: مكان الولادة | CT28: نتيجة الحمل | DA28: =SUM(CP31:CS31) -> 0 | DE28: مكان الولادة | DI28: نتيجة الحمل | DP28: =SUM(DE31:DH31) -> 0 | DT28: مكان الولادة | DX28: نتيجة الحمل | EE28: =SUM(DT31:DW31) -> 0 | EI28: مكان الولادة | EM28: نتيجة الحمل | ET28: =SUM(EI31:EL31) -> 0 | EX28: مكان الولادة | FB28: نتيجة الحمل | FI28: =SUM(EX31:FA31) -> 0 | FM28: مكان الولادة | FQ28: نتيجة الحمل | FX28: =SUM(FM31:FP31) -> 0 | GB28: مكان الولادة | GF28: نتيجة الحمل | GM28: =SUM(GB31:GE31) -> 0
D29: بالمنزل | F29: بالمركز الصحي | G29: بالمستشفى | H29: مولود حي | M29: إجهاض | N29: مولود ميت | O29: =SUM(H31:N31) -> 0 | S29: بالمنزل | U29: بالمركز الصحي | V29: بالمستشفى | W29: مولود حي | AB29: إجهاض | AC29: مولود ميت | AD29: =SUM(W31:AC31) -> 0 | AH29: بالمنزل | AJ29: بالمركز الصحي | AK29: بالمستشفى | AL29: مولود حي | AQ29: إجهاض | AR29: مولود ميت | AS29: =SUM(AL31:AR31) -> 0 | AW29: بالمنزل | AY29: بالمركز الصحي | AZ29: بالمستشفى | BA29: مولود حي | BF29: إجهاض | BG29: مولود ميت | BH29: =SUM(BA31:BG31) -> 0 | BL29: بالمنزل | BN29: بالمركز الصحي | BO29: بالمستشفى | BP29: مولود حي | BU29: إجهاض | BV29: مولود ميت | BW29: =SUM(BP31:BV31) -> 0 | CA29: بالمنزل | CC29: بالمركز الصحي | CD29: بالمستشفى | CE29: مولود حي | CJ29: إجهاض | CK29: مولود ميت | CL29: =SUM(CE31:CK31) -> 0 | CP29: بالمنزل | CR29: بالمركز الصحي | CS29: بالمستشفى | CT29: مولود حي | CY29: إجهاض | CZ29: مولود ميت | DA29: =SUM(CT31:CZ31) -> 0 | DE29: بالمنزل | DG29: بالمركز الصحي | DH29: بالمستشفى | DI29: مولود حي | DN29: إجهاض | DO29: مولود ميت | DP29: =SUM(DI31:DO31) -> 0 | DT29: بالمنزل | DV29: بالمركز الصحي | DW29: بالمستشفى | DX29: مولود حي | EC29: إجهاض | ED29: مولود ميت | EE29: =SUM(DX31:ED31) -> 0 | EI29: بالمنزل | EK29: بالمركز الصحي | EL29: بالمستشفى | EM29: مولود حي | ER29: إجهاض | ES29: مولود ميت | ET29: =SUM(EM31:ES31) -> 0 | EX29: بالمنزل | EZ29: بالمركز الصحي | FA29: بالمستشفى | FB29: مولود حي | FG29: إجهاض | FH29: مولود ميت | FI29: =SUM(FB31:FH31) -> 0 | FM29: بالمنزل | FO29: بالمركز الصحي | FP29: بالمستشفى | FQ29: مولود حي | FV29: إجهاض | FW29: مولود ميت | FX29: =SUM(FQ31:FW31) -> 0 | GB29: بالمنزل | GD29: بالمركز الصحي | GE29: بالمستشفى | GF29: مولود حي | GK29: إجهاض | GL29: مولود ميت | GM29: =SUM(GF31:GL31) -> 0
D30: بإشراف | E30: بدون | H30: طبيعي | J30: مبتسر | K30: أقل من 2.5 كجم | O30: =SUM(C26) -> 0 | S30: بإشراف | T30: بدون | W30: طبيعي | Y30: مبتسر | Z30: أقل من 2.5 كجم | AD30: =SUM(R26) -> 0 | AH30: بإشراف | AI30: بدون | AL30: طبيعي | AN30: مبتسر | AO30: أقل من 2.5 كجم | AS30: =SUM(AG26) -> 0 | AW30: بإشراف | AX30: بدون | BA30: طبيعي | BC30: مبتسر | BD30: أقل من 2.5 كجم | BH30: =SUM(AV26) -> 0 | BL30: بإشراف | BM30: بدون | BP30: طبيعي | BR30: مبتسر | BS30: أقل من 2.5 كجم | BW30: =SUM(BK26) -> 0 | CA30: بإشراف | CB30: بدون | CE30: طبيعي | CG30: مبتسر | CH30: أقل من 2.5 كجم | CL30: =SUM(BZ26) -> 0 | CP30: بإشراف | CQ30: بدون | CT30: طبيعي | CV30: مبتسر | CW30: أقل من 2.5 كجم | DA30: =SUM(CO26) -> 0 | DE30: بإشراف | DF30: بدون | DI30: طبيعي | DK30: مبتسر | DL30: أقل من 2.5 كجم | DP30: =SUM(DD26) -> 0 | DT30: بإشراف | DU30: بدون | DX30: طبيعي | DZ30: مبتسر | EA30: أقل من 2.5 كجم | EE30: =SUM(DS26) -> 0 | EI30: بإشراف | EJ30: بدون | EM30: طبيعي | EO30: مبتسر | EP30: أقل من 2.5 كجم | ET30: =SUM(EH26) -> 0 | EX30: بإشراف | EY30: بدون | FB30: طبيعي | FD30: مبتسر | FE30: أقل من 2.5 كجم | FI30: =SUM(EW26) -> 0 | FM30: بإشراف | FN30: بدون | FQ30: طبيعي | FS30: مبتسر | FT30: أقل من 2.5 كجم | FX30: =SUM(FL26) -> 0 | GB30: بإشراف | GC30: بدون | GF30: طبيعي | GH30: مبتسر | GI30: أقل من 2.5 كجم | GM30: =SUM(GA26) -> 0
B31: سعوديات | D31: 0 | E31: 0 | F31: 0 | G31: 0 | H31: 0 | J31: 0 | K31: 0 | M31: 0 | N31: 0 | O31: =SUM(K26:N26) -> 0 | Q31: سعوديات | S31: 0 | T31: 0 | U31: 0 | V31: 0 | W31: 0 | Y31: 0 | Z31: 0 | AB31: 0 | AC31: 0 | AD31: =SUM(Z26:AC26) -> 0 | AF31: سعوديات | AH31: 0 | AI31: 0 | AJ31: 0 | AK31: 0 | AL31: 0 | AN31: 0 | AO31: 0 | AQ31: 0 | AR31: 0 | AS31: =SUM(AO26:AR26) -> 0 | AU31: سعوديات | AW31: 0 | AX31: 0 | AY31: 0 | AZ31: 0 | BA31: 0 | BC31: 0 | BD31: 0 | BF31: 0 | BG31: 0 | BH31: =SUM(BD26:BG26) -> 0 | BJ31: سعوديات | BL31: 0 | BM31: 0 | BN31: 0 | BO31: 0 | BP31: 0 | BR31: 0 | BS31: 0 | BU31: 0 | BV31: 0 | BW31: =SUM(BS26:BV26) -> 0 | BY31: سعوديات | CA31: 0 | CB31: 0 | CC31: 0 | CD31: 0 | CE31: 0 | CG31: 0 | CH31: 0 | CJ31: 0 | CK31: 0 | CL31: =SUM(CH26:CK26) -> 0 | CN31: سعوديات | CP31: 0 | CQ31: 0 | CR31: 0 | CS31: 0 | CT31: 0 | CV31: 0 | CW31: 0 | CY31: 0 | CZ31: 0 | DA31: =SUM(CW26:CZ26) -> 0 | DC31: سعوديات | DE31: 0 | DF31: 0 | DG31: 0 | DH31: 0 | DI31: 0 | DK31: 0 | DL31: 0 | DN31: 0 | DO31: 0 | DP31: =SUM(DL26:DO26) -> 0 | DR31: سعوديات | DT31: 0 | DU31: 0 | DV31: 0 | DW31: 0 | DX31: 0 | DZ31: 0 | EA31: 0 | EC31: 0 | ED31: 0 | EE31: =SUM(EA26:ED26) -> 0 | EG31: سعوديات | EI31: 0 | EJ31: 0 | EK31: 0 | EL31: 0 | EM31: 0 | EO31: 0 | EP31: 0 | ER31: 0 | ES31: 0 | ET31: =SUM(EP26:ES26) -> 0 | EV31: سعوديات | EX31: 0 | EY31: 0 | EZ31: 0 | FA31: 0 | FB31: 0 | FD31: 0 | FE31: 0 | FG31: 0 | FH31: 0 | FI31: =SUM(FE26:FH26) -> 0 | FK31: سعوديات | FM31: 0 | FN31: 0 | FO31: 0 | FP31: 0 | FQ31: 0 | FS31: 0 | FT31: 0 | FV31: 0 | FW31: 0 | FX31: =SUM(FT26:FW26) -> 0 | FZ31: سعوديات | GB31: =SUM(D31+S31+AH31+AW31+BL31+CA31+CP31+DE31+DT31+EI31+EX31+FM31) -> 0 | GC31: =SUM(E31+T31+AI31+AX31+BM31+CB31+CQ31+DF31+DU31+EJ31+EY31+FN31) -> 0 | GD31: =SUM(F31+U31+AJ31+AY31+BN31+CC31+CR31+DG31+DV31+EK31+EZ31+FO31) -> 0 | GE31: =SUM(G31+V31+AK31+AZ31+BO31+CD31+CS31+DH31+DW31+EL31+FA31+FP31) -> 0 | GF31: =SUM(H31+W31+AL31+BA31+BP31+CE31+CT31+DI31+DX31+EM31+FB31+FQ31) -> 0 | GH31: =SUM(J31+Y31+AN31+BC31+BR31+CG31+CV31+DK31+DZ31+EO31+FD31+FS31) -> 0 | GI31: =SUM(K31+Z31+AO31+BD31+BS31+CH31+CW31+DL31+EA31+EP31+FE31+FT31) -> 0 | GK31: =SUM(M31+AB31+AQ31+BF31+BU31+CJ31+CY31+DN31+EC31+ER31+FG31+FV31) -> 0 | GL31: =SUM(N31+AC31+AR31+BG31+BV31+CK31+CZ31+DO31+ED31+ES31+FH31+FW31) -> 0 | GM31: =SUM(GI26:GL26) -> 0
B32: غ.سعوديات | D32: 0 | E32: 0 | F32: 0 | G32: 0 | H32: 0 | J32: 0 | K32: 0 | M32: 0 | N32: 0 | O32: =SUM(D32:G32) -> 0 | Q32: غ.سعوديات | S32: 0 | T32: 0 | U32: 0 | V32: 0 | W32: 0 | Y32: 0 | Z32: 0 | AB32: 0 | AC32: 0 | AD32: =SUM(S32:V32) -> 0 | AF32: غ.سعوديات | AH32: 0 | AI32: 0 | AJ32: 0 | AK32: 0 | AL32: 0 | AN32: 0 | AO32: 0 | AQ32: 0 | AR32: 0 | AS32: =SUM(AH32:AK32) -> 0 | AU32: غ.سعوديات | AW32: 0 | AX32: 0 | AY32: 0 | AZ32: 0 | BA32: 0 | BC32: 0 | BD32: 0 | BF32: 0 | BG32: 0 | BH32: =SUM(AW32:AZ32) -> 0 | BJ32: غ.سعوديات | BL32: 0 | BM32: 0 | BN32: 0 | BO32: 0 | BP32: 0 | BR32: 0 | BS32: 0 | BU32: 0 | BV32: 0 | BW32: =SUM(BL32:BO32) -> 0 | BY32: غ.سعوديات | CA32: 0 | CB32: 0 | CC32: 0 | CD32: 0 | CE32: 0 | CG32: 0 | CH32: 0 | CJ32: 0 | CK32: 0 | CL32: =SUM(CA32:CD32) -> 0 | CN32: غ.سعوديات | CP32: 0 | CQ32: 0 | CR32: 0 | CS32: 0 | CT32: 0 | CV32: 0 | CW32: 0 | CY32: 0 | CZ32: 0 | DA32: =SUM(CP32:CS32) -> 0 | DC32: غ.سعوديات | DE32: 0 | DF32: 0 | DG32: 0 | DH32: 0 | DI32: 0 | DK32: 0 | DL32: 0 | DN32: 0 | DO32: 0 | DP32: =SUM(DE32:DH32) -> 0 | DR32: غ.سعوديات | DT32: 0 | DU32: 0 | DV32: 0 | DW32: 0 | DX32: 0 | DZ32: 0 | EA32: 0 | EC32: 0 | ED32: 0 | EE32: =SUM(DT32:DW32) -> 0 | EG32: غ.سعوديات | EI32: 0 | EJ32: 0 | EK32: 0 | EL32: 0 | EM32: 0 | EO32: 0 | EP32: 0 | ER32: 0 | ES32: 0 | ET32: =SUM(EI32:EL32) -> 0 | EV32: غ.سعوديات | EX32: 0 | EY32: 0 | EZ32: 0 | FA32: 0 | FB32: 0 | FD32: 0 | FE32: 0 | FG32: 0 | FH32: 0 | FI32: =SUM(EX32:FA32) -> 0 | FK32: غ.سعوديات | FM32: 0 | FN32: 0 | FO32: 0 | FP32: 0 | FQ32: 0 | FS32: 0 | FT32: 0 | FV32: 0 | FW32: 0 | FX32: =SUM(FM32:FP32) -> 0 | FZ32: غ.سعوديات | GB32: =SUM(D32+S32+AH32+AW32+BL32+CA32+CP32+DE32+DT32+EI32+EX32+FM32) -> 0 | GC32: =SUM(E32+T32+AI32+AX32+BM32+CB32+CQ32+DF32+DU32+EJ32+EY32+FN32) -> 0 | GD32: =SUM(F32+U32+AJ32+AY32+BN32+CC32+CR32+DG32+DV32+EK32+EZ32+FO32) -> 0 | GE32: =SUM(G32+V32+AK32+AZ32+BO32+CD32+CS32+DH32+DW32+EL32+FA32+FP32) -> 0 | GF32: =SUM(H32+W32+AL32+BA32+BP32+CE32+CT32+DI32+DX32+EM32+FB32+FQ32) -> 0 | GH32: =SUM(J32+Y32+AN32+BC32+BR32+CG32+CV32+DK32+DZ32+EO32+FD32+FS32) -> 0 | GI32: =SUM(K32+Z32+AO32+BD32+BS32+CH32+CW32+DL32+EA32+EP32+FE32+FT32) -> 0 | GK32: =SUM(M32+AB32+AQ32+BF32+BU32+CJ32+CY32+DN32+EC32+ER32+FG32+FV32) -> 0 | GL32: =SUM(N32+AC32+AR32+BG32+BV32+CK32+CZ32+DO32+ED32+ES32+FH32+FW32) -> 0 | GM32: =SUM(GB32:GE32) -> 0
B33: المجموع | D33: =SUM(D31:D32) -> 0 | E33: =SUM(E31:E32) -> 0 | F33: =SUM(F31:F32) -> 0 | G33: =SUM(G31:G32) -> 0 | H33: =SUM(H31:I32) -> 0 | J33: =SUM(J31:J32) -> 0 | K33: =SUM(K31:L32) -> 0 | M33: =SUM(M31:M32) -> 0 | N33: =SUM(N31:N32) -> 0 | O33: =SUM(H32:N32) -> 0 | Q33: المجموع | S33: =SUM(S31:S32) -> 0 | T33: =SUM(T31:T32) -> 0 | U33: =SUM(U31:U32) -> 0 | V33: =SUM(V31:V32) -> 0 | W33: =SUM(W31:X32) -> 0 | Y33: =SUM(Y31:Y32) -> 0 | Z33: =SUM(Z31:AA32) -> 0 | AB33: =SUM(AB31:AB32) -> 0 | AC33: =SUM(AC31:AC32) -> 0 | AD33: =SUM(W32:AC32) -> 0 | AF33: المجموع | AH33: =SUM(AH31:AH32) -> 0 | AI33: =SUM(AI31:AI32) -> 0 | AJ33: =SUM(AJ31:AJ32) -> 0 | AK33: =SUM(AK31:AK32) -> 0 | AL33: =SUM(AL31:AM32) -> 0 | AN33: =SUM(AN31:AN32) -> 0 | AO33: =SUM(AO31:AP32) -> 0 | AQ33: =SUM(AQ31:AQ32) -> 0 | AR33: =SUM(AR31:AR32) -> 0 | AS33: =SUM(AL32:AR32) -> 0 | AU33: المجموع | AW33: =SUM(AW31:AW32) -> 0 | AX33: =SUM(AX31:AX32) -> 0 | AY33: =SUM(AY31:AY32) -> 0 | AZ33: =SUM(AZ31:AZ32) -> 0 | BA33: =SUM(BA31:BB32) -> 0 | BC33: =SUM(BC31:BC32) -> 0 | BD33: =SUM(BD31:BE32) -> 0 | BF33: =SUM(BF31:BF32) -> 0 | BG33: =SUM(BG31:BG32) -> 0 | BH33: =SUM(BA32:BG32) -> 0 | BJ33: المجموع | BL33: =SUM(BL31:BL32) -> 0 | BM33: =SUM(BM31:BM32) -> 0 | BN33: =SUM(BN31:BN32) -> 0 | BO33: =SUM(BO31:BO32) -> 0 | BP33: =SUM(BP31:BQ32) -> 0 | BR33: =SUM(BR31:BR32) -> 0 | BS33: =SUM(BS31:BT32) -> 0 | BU33: =SUM(BU31:BU32) -> 0 | BV33: =SUM(BV31:BV32) -> 0 | BW33: =SUM(BP32:BV32) -> 0 | BY33: المجموع | CA33: =SUM(CA31:CA32) -> 0 | CB33: =SUM(CB31:CB32) -> 0 | CC33: =SUM(CC31:CC32) -> 0 | CD33: =SUM(CD31:CD32) -> 0 | CE33: =SUM(CE31:CF32) -> 0 | CG33: =SUM(CG31:CG32) -> 0 | CH33: =SUM(CH31:CI32) -> 0 | CJ33: =SUM(CJ31:CJ32) -> 0 | CK33: =SUM(CK31:CK32) -> 0 | CL33: =SUM(CE32:CK32) -> 0 | CN33: المجموع | CP33: =SUM(CP31:CP32) -> 0 | CQ33: =SUM(CQ31:CQ32) -> 0 | CR33: =SUM(CR31:CR32) -> 0 | CS33: =SUM(CS31:CS32) -> 0 | CT33: =SUM(CT31:CU32) -> 0 | CV33: =SUM(CV31:CV32) -> 0 | CW33: =SUM(CW31:CX32) -> 0 | CY33: =SUM(CY31:CY32) -> 0 | CZ33: =SUM(CZ31:CZ32) -> 0 | DA33: =SUM(CT32:CZ32) -> 0 | DC33: المجموع | DE33: =SUM(DE31:DE32) -> 0 | DF33: =SUM(DF31:DF32) -> 0 | DG33: =SUM(DG31:DG32) -> 0 | DH33: =SUM(DH31:DH32) -> 0 | DI33: =SUM(DI31:DJ32) -> 0 | DK33: =SUM(DK31:DK32) -> 0 | DL33: =SUM(DL31:DM32) -> 0 | DN33: =SUM(DN31:DN32) -> 0 | DO33: =SUM(DO31:DO32) -> 0 | DP33: =SUM(DI32:DO32) -> 0 | DR33: المجموع | DT33: =SUM(DT31:DT32) -> 0 | DU33: =SUM(DU31:DU32) -> 0 | DV33: =SUM(DV31:DV32) -> 0 | DW33: =SUM(DW31:DW32) -> 0 | DX33: =SUM(DX31:DY32) -> 0 | DZ33: =SUM(DZ31:DZ32) -> 0 | EA33: =SUM(EA31:EB32) -> 0 | EC33: =SUM(EC31:EC32) -> 0 | ED33: =SUM(ED31:ED32) -> 0 | EE33: =SUM(DX32:ED32) -> 0 | EG33: المجموع | EI33: =SUM(EI31:EI32) -> 0 | EJ33: =SUM(EJ31:EJ32) -> 0 | EK33: =SUM(EK31:EK32) -> 0 | EL33: =SUM(EL31:EL32) -> 0 | EM33: =SUM(EM31:EN32) -> 0 | EO33: =SUM(EO31:EO32) -> 0 | EP33: =SUM(EP31:EQ32) -> 0 | ER33: =SUM(ER31:ER32) -> 0 | ES33: =SUM(ES31:ES32) -> 0 | ET33: =SUM(EM32:ES32) -> 0 | EV33: المجموع | EX33: =SUM(EX31:EX32) -> 0 | EY33: =SUM(EY31:EY32) -> 0 | EZ33: =SUM(EZ31:EZ32) -> 0 | FA33: =SUM(FA31:FA32) -> 0 | FB33: =SUM(FB31:FC32) -> 0 | FD33: =SUM(FD31:FD32) -> 0 | FE33: =SUM(FE31:FF32) -> 0 | FG33: =SUM(FG31:FG32) -> 0 | FH33: =SUM(FH31:FH32) -> 0 | FI33: =SUM(FB32:FH32) -> 0 | FK33: المجموع | FM33: =SUM(FM31:FM32) -> 0 | FN33: =SUM(FN31:FN32) -> 0 | FO33: =SUM(FO31:FO32) -> 0 | FP33: =SUM(FP31:FP32) -> 0 | FQ33: =SUM(FQ31:FR32) -> 0 | FS33: =SUM(FS31:FS32) -> 0 | FT33: =SUM(FT31:FU32) -> 0 | FV33: =SUM(FV31:FV32) -> 0 | FW33: =SUM(FW31:FW32) -> 0 | FX33: =SUM(FQ32:FW32) -> 0 | FZ33: المجموع | GB33: =SUM(GB31:GB32) -> 0 | GC33: =SUM(GC31:GC32) -> 0 | GD33: =SUM(GD31:GD32) -> 0 | GE33: =SUM(GE31:GE32) -> 0 | GF33: =SUM(GF31:GG32) -> 0 | GH33: =SUM(GH31:GH32) -> 0 | GI33: =SUM(GI31:GJ32) -> 0 | GK33: =SUM(GK31:GK32) -> 0 | GL33: =SUM(GL31:GL32) -> 0 | GM33: =SUM(GF32:GL32) -> 0
A35: المطار القديم | B35: سعوديات | C35: 0 | D35: 0 | F35: 0 | H35: 0 | I35: 0 | K35: 0 | M35: 0 | O35: =SUM(C35) -> 0 | P35: المطار القديم | Q35: سعوديات | R35: 0 | S35: 0 | U35: 0 | W35: 0 | X35: 0 | Z35: 0 | AB35: 0 | AD35: =SUM(R35) -> 0 | AE35: المطار القديم | AF35: سعوديات | AG35: 0 | AH35: 0 | AJ35: 0 | AL35: 0 | AM35: 0 | AO35: 0 | AQ35: 0 | AS35: =SUM(AG35) -> 0 | AT35: المطار القديم | AU35: سعوديات | AV35: 0 | AW35: 0 | AY35: 0 | BA35: 0 | BB35: 0 | BD35: 0 | BF35: 0 | BH35: =SUM(AV35) -> 0 | BI35: المطار القديم | BJ35: سعوديات | BK35: 0 | BL35: 0 | BN35: 0 | BP35: 0 | BQ35: 0 | BS35: 0 | BU35: 0 | BW35: =SUM(BK35) -> 0 | BX35: المطار القديم | BY35: سعوديات | BZ35: 0 | CA35: 0 | CC35: 0 | CE35: 0 | CF35: 0 | CH35: 0 | CJ35: 0 | CL35: =SUM(BZ35) -> 0 | CM35: المطار القديم | CN35: سعوديات | CO35: 0 | CP35: 0 | CR35: 0 | CT35: 0 | CU35: 0 | CW35: 0 | CY35: 0 | DA35: =SUM(CO35) -> 0 | DB35: المطار القديم | DC35: سعوديات | DD35: 0 | DE35: 0 | DG35: 0 | DI35: 0 | DJ35: 0 | DL35: 0 | DN35: 0 | DP35: =SUM(DD35) -> 0 | DQ35: المطار القديم | DR35: سعوديات | DS35: 0 | DT35: 0 | DV35: 0 | DX35: 0 | DY35: 0 | EA35: 0 | EC35: 0 | EE35: =SUM(DS35) -> 0 | EF35: المطار القديم | EG35: سعوديات | EH35: 0 | EI35: 0 | EK35: 0 | EM35: 0 | EN35: 0 | EP35: 0 | ER35: 0 | ET35: =SUM(EH35) -> 0 | EU35: المطار القديم | EV35: سعوديات | EW35: 0 | EX35: 0 | EZ35: 0 | FB35: 0 | FC35: 0 | FE35: 0 | FG35: 0 | FI35: =SUM(EW35) -> 0 | FJ35: المطار القديم | FK35: سعوديات | FL35: 0 | FM35: 0 | FO35: 0 | FQ35: 0 | FR35: 0 | FT35: 0 | FV35: 0 | FX35: =SUM(FL35) -> 0 | FY35: =(FJ35) -> المطار القديم | FZ35: سعوديات | GA35: =SUM(C35+R35+AG35+AV35+BK35+BZ35+CO35+DD35+DS35+EH35+EW35+FL35) -> 0 | GB35: =SUM(D35+S35+AH35+AW35+BL35+CA35+CP35+DE35+DT35+EI35+EX35+FM35) -> 0 | GD35: =SUM(F35+U35+AJ35+AY35+BN35+CC35+CR35+DG35+DV35+EK35+EZ35+FO35) -> 0 | GF35: =SUM(H35+W35+AL35+BA35+BP35+CE35+CT35+DI35+DX35+EM35+FB35+FQ35) -> 0 | GG35: =SUM(I35+X35+AM35+BB35+BQ35+CF35+CU35+DJ35+DY35+EN35+FC35+FR35) -> 0 | GI35: =SUM(K35+Z35+AO35+BD35+BS35+CH35+CW35+DL35+EA35+EP35+FE35+FT35) -> 0 | GK35: =SUM(M35+AB35+AQ35+BF35+BU35+CJ35+CY35+DN35+EC35+ER35+FG35+FV35) -> 0 | GM35: =SUM(GA35) -> 0
B36: غير سعوديات | C36: 0 | D36: 0 | F36: 0 | H36: 0 | I36: 0 | K36: 0 | M36: 0 | O36: =SUM(D35:G35) -> 0 | Q36: غير سعوديات | R36: 0 | S36: 0 | U36: 0 | W36: 0 | X36: 0 | Z36: 0 | AB36: 0 | AD36: =SUM(S35:V35) -> 0 | AF36: غير سعوديات | AG36: 0 | AH36: 0 | AJ36: 0 | AL36: 0 | AM36: 0 | AO36: 0 | AQ36: 0 | AS36: =SUM(AH35:AK35) -> 0 | AU36: غير سعوديات | AV36: 0 | AW36: 0 | AY36: 0 | BA36: 0 | BB36: 0 | BD36: 0 | BF36: 0 | BH36: =SUM(AW35:AZ35) -> 0 | BJ36: غير سعوديات | BK36: 0 | BL36: 0 | BN36: 0 | BP36: 0 | BQ36: 0 | BS36: 0 | BU36: 0 | BW36: =SUM(BL35:BO35) -> 0 | BY36: غير سعوديات | BZ36: 0 | CA36: 0 | CC36: 0 | CE36: 0 | CF36: 0 | CH36: 0 | CJ36: 0 | CL36: =SUM(CA35:CD35) -> 0 | CN36: غير سعوديات | CO36: 0 | CP36: 0 | CR36: 0 | CT36: 0 | CU36: 0 | CW36: 0 | CY36: 0 | DA36: =SUM(CP35:CS35) -> 0 | DC36: غير سعوديات | DD36: 0 | DE36: 0 | DG36: 0 | DI36: 0 | DJ36: 0 | DL36: 0 | DN36: 0 | DP36: =SUM(DE35:DH35) -> 0 | DR36: غير سعوديات | DS36: 0 | DT36: 0 | DV36: 0 | DX36: 0 | DY36: 0 | EA36: 0 | EC36: 0 | EE36: =SUM(DT35:DW35) -> 0 | EG36: غير سعوديات | EH36: 0 | EI36: 0 | EK36: 0 | EM36: 0 | EN36: 0 | EP36: 0 | ER36: 0 | ET36: =SUM(EI35:EL35) -> 0 | EV36: غير سعوديات | EW36: 0 | EX36: 0 | EZ36: 0 | FB36: 0 | FC36: 0 | FE36: 0 | FG36: 0 | FI36: =SUM(EX35:FA35) -> 0 | FK36: غير سعوديات | FL36: 0 | FM36: 0 | FO36: 0 | FQ36: 0 | FR36: 0 | FT36: 0 | FV36: 0 | FX36: =SUM(FM35:FP35) -> 0 | FZ36: غير سعوديات | GA36: =SUM(C36+R36+AG36+AV36+BK36+BZ36+CO36+DD36+DS36+EH36+EW36+FL36) -> 0 | GB36: =SUM(D36+S36+AH36+AW36+BL36+CA36+CP36+DE36+DT36+EI36+EX36+FM36) -> 0 | GD36: =SUM(F36+U36+AJ36+AY36+BN36+CC36+CR36+DG36+DV36+EK36+EZ36+FO36) -> 0 | GF36: =SUM(H36+W36+AL36+BA36+BP36+CE36+CT36+DI36+DX36+EM36+FB36+FQ36) -> 0 | GG36: =SUM(I36+X36+AM36+BB36+BQ36+CF36+CU36+DJ36+DY36+EN36+FC36+FR36) -> 0 | GI36: =SUM(K36+Z36+AO36+BD36+BS36+CH36+CW36+DL36+EA36+EP36+FE36+FT36) -> 0 | GK36: =SUM(M36+AB36+AQ36+BF36+BU36+CJ36+CY36+DN36+EC36+ER36+FG36+FV36) -> 0 | GM36: =SUM(GB35:GE35) -> 0
B37: المجموع | C37: =SUM(C35:C36) -> 0 | D37: =SUM(D35:E36) -> 0 | F37: =SUM(F35:G36) -> 0 | H37: =SUM(H35:H36) -> 0 | I37: =SUM(I35:J36) -> 0 | K37: =SUM(K35:L36) -> 0 | M37: =SUM(M35:N36) -> 0 | O37: =SUM(K35:N35) -> 0 | Q37: المجموع | R37: =SUM(R35:R36) -> 0 | S37: =SUM(S35:T36) -> 0 | U37: =SUM(U35:V36) -> 0 | W37: =SUM(W35:W36) -> 0 | X37: =SUM(X35:Y36) -> 0 | Z37: =SUM(Z35:AA36) -> 0 | AB37: =SUM(AB35:AC36) -> 0 | AD37: =SUM(Z35:AC35) -> 0 | AF37: المجموع | AG37: =SUM(AG35:AG36) -> 0 | AH37: =SUM(AH35:AI36) -> 0 | AJ37: =SUM(AJ35:AK36) -> 0 | AL37: =SUM(AL35:AL36) -> 0 | AM37: =SUM(AM35:AN36) -> 0 | AO37: =SUM(AO35:AP36) -> 0 | AQ37: =SUM(AQ35:AR36) -> 0 | AS37: =SUM(AO35:AR35) -> 0 | AU37: المجموع | AV37: =SUM(AV35:AV36) -> 0 | AW37: =SUM(AW35:AX36) -> 0 | AY37: =SUM(AY35:AZ36) -> 0 | BA37: =SUM(BA35:BA36) -> 0 | BB37: =SUM(BB35:BC36) -> 0 | BD37: =SUM(BD35:BE36) -> 0 | BF37: =SUM(BF35:BG36) -> 0 | BH37: =SUM(BD35:BG35) -> 0 | BJ37: المجموع | BK37: =SUM(BK35:BK36) -> 0 | BL37: =SUM(BL35:BM36) -> 0 | BN37: =SUM(BN35:BO36) -> 0 | BP37: =SUM(BP35:BP36) -> 0 | BQ37: =SUM(BQ35:BR36) -> 0 | BS37: =SUM(BS35:BT36) -> 0 | BU37: =SUM(BU35:BV36) -> 0 | BW37: =SUM(BS35:BV35) -> 0 | BY37: المجموع | BZ37: =SUM(BZ35:BZ36) -> 0 | CA37: =SUM(CA35:CB36) -> 0 | CC37: =SUM(CC35:CD36) -> 0 | CE37: =SUM(CE35:CE36) -> 0 | CF37: =SUM(CF35:CG36) -> 0 | CH37: =SUM(CH35:CI36) -> 0 | CJ37: =SUM(CJ35:CK36) -> 0 | CL37: =SUM(CH35:CK35) -> 0 | CN37: المجموع | CO37: =SUM(CO35:CO36) -> 0 | CP37: =SUM(CP35:CQ36) -> 0 | CR37: =SUM(CR35:CS36) -> 0 | CT37: =SUM(CT35:CT36) -> 0 | CU37: =SUM(CU35:CV36) -> 0 | CW37: =SUM(CW35:CX36) -> 0 | CY37: =SUM(CY35:CZ36) -> 0 | DA37: =SUM(CW35:CZ35) -> 0 | DC37: المجموع | DD37: =SUM(DD35:DD36) -> 0 | DE37: =SUM(DE35:DF36) -> 0 | DG37: =SUM(DG35:DH36) -> 0 | DI37: =SUM(DI35:DI36) -> 0 | DJ37: =SUM(DJ35:DK36) -> 0 | DL37: =SUM(DL35:DM36) -> 0 | DN37: =SUM(DN35:DO36) -> 0 | DP37: =SUM(DL35:DO35) -> 0 | DR37: المجموع | DS37: =SUM(DS35:DS36) -> 0 | DT37: =SUM(DT35:DU36) -> 0 | DV37: =SUM(DV35:DW36) -> 0 | DX37: =SUM(DX35:DX36) -> 0 | DY37: =SUM(DY35:DZ36) -> 0 | EA37: =SUM(EA35:EB36) -> 0 | EC37: =SUM(EC35:ED36) -> 0 | EE37: =SUM(EA35:ED35) -> 0 | EG37: المجموع | EH37: =SUM(EH35:EH36) -> 0 | EI37: =SUM(EI35:EJ36) -> 0 | EK37: =SUM(EK35:EL36) -> 0 | EM37: =SUM(EM35:EM36) -> 0 | EN37: =SUM(EN35:EO36) -> 0 | EP37: =SUM(EP35:EQ36) -> 0 | ER37: =SUM(ER35:ES36) -> 0 | ET37: =SUM(EP35:ES35) -> 0 | EV37: المجموع | EW37: =SUM(EW35:EW36) -> 0 | EX37: =SUM(EX35:EY36) -> 0 | EZ37: =SUM(EZ35:FA36) -> 0 | FB37: =SUM(FB35:FB36) -> 0 | FC37: =SUM(FC35:FD36) -> 0 | FE37: =SUM(FE35:FF36) -> 0 | FG37: =SUM(FG35:FH36) -> 0 | FI37: =SUM(FE35:FH35) -> 0 | FK37: المجموع | FL37: =SUM(FL35:FL36) -> 0 | FM37: =SUM(FM35:FN36) -> 0 | FO37: =SUM(FO35:FP36) -> 0 | FQ37: =SUM(FQ35:FQ36) -> 0 | FR37: =SUM(FR35:FS36) -> 0 | FT37: =SUM(FT35:FU36) -> 0 | FV37: =SUM(FV35:FW36) -> 0 | FX37: =SUM(FT35:FW35) -> 0 | FZ37: المجموع | GA37: =SUM(GA35:GA36) -> 0 | GB37: =SUM(GB35:GC36) -> 0 | GD37: =SUM(GD35:GE36) -> 0 | GF37: =SUM(GF35:GF36) -> 0 | GG37: =SUM(GG35:GH36) -> 0 | GI37: =SUM(GI35:GJ36) -> 0 | GK37: =SUM(GK35:GL36) -> 0 | GM37: =SUM(GI35:GL35) -> 0
D38: مكان الولادة | H38: نتيجة الحمل | O38: =SUM(D41:G41) -> 0 | S38: مكان الولادة | W38: نتيجة الحمل | AD38: =SUM(S41:V41) -> 0 | AH38: مكان الولادة | AL38: نتيجة الحمل | AS38: =SUM(AH41:AK41) -> 0 | AW38: مكان الولادة | BA38: نتيجة الحمل | BH38: =SUM(AW41:AZ41) -> 0 | BL38: مكان الولادة | BP38: نتيجة الحمل | BW38: =SUM(BL41:BO41) -> 0 | CA38: مكان الولادة | CE38: نتيجة الحمل | CL38: =SUM(CA41:CD41) -> 0 | CP38: مكان الولادة | CT38: نتيجة الحمل | DA38: =SUM(CP41:CS41) -> 0 | DE38: مكان الولادة | DI38: نتيجة الحمل | DP38: =SUM(DE41:DH41) -> 0 | DT38: مكان الولادة | DX38: نتيجة الحمل | EE38: =SUM(DT41:DW41) -> 0 | EI38: مكان الولادة | EM38: نتيجة الحمل | ET38: =SUM(EI41:EL41) -> 0 | EX38: مكان الولادة | FB38: نتيجة الحمل | FI38: =SUM(EX41:FA41) -> 0 | FM38: مكان الولادة | FQ38: نتيجة الحمل | FX38: =SUM(FM41:FP41) -> 0 | GB38: مكان الولادة | GF38: نتيجة الحمل | GM38: =SUM(GB41:GE41) -> 0
D39: بالمنزل | F39: بالمركز الصحي | G39: بالمستشفى | H39: مولود حي | M39: إجهاض | N39: مولود ميت | O39: =SUM(H41:N41) -> 0 | S39: بالمنزل | U39: بالمركز الصحي | V39: بالمستشفى | W39: مولود حي | AB39: إجهاض | AC39: مولود ميت | AD39: =SUM(W41:AC41) -> 0 | AH39: بالمنزل | AJ39: بالمركز الصحي | AK39: بالمستشفى | AL39: مولود حي | AQ39: إجهاض | AR39: مولود ميت | AS39: =SUM(AL41:AR41) -> 0 | AW39: بالمنزل | AY39: بالمركز الصحي | AZ39: بالمستشفى | BA39: مولود حي | BF39: إجهاض | BG39: مولود ميت | BH39: =SUM(BA41:BG41) -> 0 | BL39: بالمنزل | BN39: بالمركز الصحي | BO39: بالمستشفى | BP39: مولود حي | BU39: إجهاض | BV39: مولود ميت | BW39: =SUM(BP41:BV41) -> 0 | CA39: بالمنزل | CC39: بالمركز الصحي | CD39: بالمستشفى | CE39: مولود حي | CJ39: إجهاض | CK39: مولود ميت | CL39: =SUM(CE41:CK41) -> 0 | CP39: بالمنزل | CR39: بالمركز الصحي | CS39: بالمستشفى | CT39: مولود حي | CY39: إجهاض | CZ39: مولود ميت | DA39: =SUM(CT41:CZ41) -> 0 | DE39: بالمنزل | DG39: بالمركز الصحي | DH39: بالمستشفى | DI39: مولود حي | DN39: إجهاض | DO39: مولود ميت | DP39: =SUM(DI41:DO41) -> 0 | DT39: بالمنزل | DV39: بالمركز الصحي | DW39: بالمستشفى | DX39: مولود حي | EC39: إجهاض | ED39: مولود ميت | EE39: =SUM(DX41:ED41) -> 0 | EI39: بالمنزل | EK39: بالمركز الصحي | EL39: بالمستشفى | EM39: مولود حي | ER39: إجهاض | ES39: مولود ميت | ET39: =SUM(EM41:ES41) -> 0 | EX39: بالمنزل | EZ39: بالمركز الصحي | FA39: بالمستشفى | FB39: مولود حي | FG39: إجهاض | FH39: مولود ميت | FI39: =SUM(FB41:FH41) -> 0 | FM39: بالمنزل | FO39: بالمركز الصحي | FP39: بالمستشفى | FQ39: مولود حي | FV39: إجهاض | FW39: مولود ميت | FX39: =SUM(FQ41:FW41) -> 0 | GB39: بالمنزل | GD39: بالمركز الصحي | GE39: بالمستشفى | GF39: مولود حي | GK39: إجهاض | GL39: مولود ميت | GM39: =SUM(GF41:GL41) -> 0
D40: بإشراف | E40: بدون | H40: طبيعي | J40: مبتسر | K40: أقل من 2.5 كجم | O40: =SUM(C36) -> 0 | S40: بإشراف | T40: بدون | W40: طبيعي | Y40: مبتسر | Z40: أقل من 2.5 كجم | AD40: =SUM(R36) -> 0 | AH40: بإشراف | AI40: بدون | AL40: طبيعي | AN40: مبتسر | AO40: أقل من 2.5 كجم | AS40: =SUM(AG36) -> 0 | AW40: بإشراف | AX40: بدون | BA40: طبيعي | BC40: مبتسر | BD40: أقل من 2.5 كجم | BH40: =SUM(AV36) -> 0 | BL40: بإشراف | BM40: بدون | BP40: طبيعي | BR40: مبتسر | BS40: أقل من 2.5 كجم | BW40: =SUM(BK36) -> 0 | CA40: بإشراف | CB40: بدون | CE40: طبيعي | CG40: مبتسر | CH40: أقل من 2.5 كجم | CL40: =SUM(BZ36) -> 0 | CP40: بإشراف | CQ40: بدون | CT40: طبيعي | CV40: مبتسر | CW40: أقل من 2.5 كجم | DA40: =SUM(CO36) -> 0 | DE40: بإشراف | DF40: بدون | DI40: طبيعي | DK40: مبتسر | DL40: أقل من 2.5 كجم | DP40: =SUM(DD36) -> 0 | DT40: بإشراف | DU40: بدون | DX40: طبيعي | DZ40: مبتسر | EA40: أقل من 2.5 كجم | EE40: =SUM(DS36) -> 0 | EI40: بإشراف | EJ40: بدون | EM40: طبيعي | EO40: مبتسر | EP40: أقل من 2.5 كجم | ET40: =SUM(EH36) -> 0 | EX40: بإشراف | EY40: بدون | FB40: طبيعي | FD40: مبتسر | FE40: أقل من 2.5 كجم | FI40: =SUM(EW36) -> 0 | FM40: بإشراف | FN40: بدون | FQ40: طبيعي | FS40: مبتسر | FT40: أقل من 2.5 كجم | FX40: =SUM(FL36) -> 0 | GB40: بإشراف | GC40: بدون | GF40: طبيعي | GH40: مبتسر | GI40: أقل من 2.5 كجم | GM40: =SUM(GA36) -> 0
B41: سعوديات | D41: 0 | E41: 0 | F41: 0 | G41: 0 | H41: 0 | J41: 0 | K41: 0 | M41: 0 | N41: 0 | O41: =SUM(K36:N36) -> 0 | Q41: سعوديات | S41: 0 | T41: 0 | U41: 0 | V41: 0 | W41: 0 | Y41: 0 | Z41: 0 | AB41: 0 | AC41: 0 | AD41: =SUM(Z36:AC36) -> 0 | AF41: سعوديات | AH41: 0 | AI41: 0 | AJ41: 0 | AK41: 0 | AL41: 0 | AN41: 0 | AO41: 0 | AQ41: 0 | AR41: 0 | AS41: =SUM(AO36:AR36) -> 0 | AU41: سعوديات | AW41: 0 | AX41: 0 | AY41: 0 | AZ41: 0 | BA41: 0 | BC41: 0 | BD41: 0 | BF41: 0 | BG41: 0 | BH41: =SUM(BD36:BG36) -> 0 | BJ41: سعوديات | BL41: 0 | BM41: 0 | BN41: 0 | BO41: 0 | BP41: 0 | BR41: 0 | BS41: 0 | BU41: 0 | BV41: 0 | BW41: =SUM(BS36:BV36) -> 0 | BY41: سعوديات | CA41: 0 | CB41: 0 | CC41: 0 | CD41: 0 | CE41: 0 | CG41: 0 | CH41: 0 | CJ41: 0 | CK41: 0 | CL41: =SUM(CH36:CK36) -> 0 | CN41: سعوديات | CP41: 0 | CQ41: 0 | CR41: 0 | CS41: 0 | CT41: 0 | CV41: 0 | CW41: 0 | CY41: 0 | CZ41: 0 | DA41: =SUM(CW36:CZ36) -> 0 | DC41: سعوديات | DE41: 0 | DF41: 0 | DG41: 0 | DH41: 0 | DI41: 0 | DK41: 0 | DL41: 0 | DN41: 0 | DO41: 0 | DP41: =SUM(DL36:DO36) -> 0 | DR41: سعوديات | DT41: 0 | DU41: 0 | DV41: 0 | DW41: 0 | DX41: 0 | DZ41: 0 | EA41: 0 | EC41: 0 | ED41: 0 | EE41: =SUM(EA36:ED36) -> 0 | EG41: سعوديات | EI41: 0 | EJ41: 0 | EK41: 0 | EL41: 0 | EM41: 0 | EO41: 0 | EP41: 0 | ER41: 0 | ES41: 0 | ET41: =SUM(EP36:ES36) -> 0 | EV41: سعوديات | EX41: 0 | EY41: 0 | EZ41: 0 | FA41: 0 | FB41: 0 | FD41: 0 | FE41: 0 | FG41: 0 | FH41: 0 | FI41: =SUM(FE36:FH36) -> 0 | FK41: سعوديات | FM41: 0 | FN41: 0 | FO41: 0 | FP41: 0 | FQ41: 0 | FS41: 0 | FT41: 0 | FV41: 0 | FW41: 0 | FX41: =SUM(FT36:FW36) -> 0 | FZ41: سعوديات | GB41: =SUM(D41+S41+AH41+AW41+BL41+CA41+CP41+DE41+DT41+EI41+EX41+FM41) -> 0 | GC41: =SUM(E41+T41+AI41+AX41+BM41+CB41+CQ41+DF41+DU41+EJ41+EY41+FN41) -> 0 | GD41: =SUM(F41+U41+AJ41+AY41+BN41+CC41+CR41+DG41+DV41+EK41+EZ41+FO41) -> 0 | GE41: =SUM(G41+V41+AK41+AZ41+BO41+CD41+CS41+DH41+DW41+EL41+FA41+FP41) -> 0 | GF41: =SUM(H41+W41+AL41+BA41+BP41+CE41+CT41+DI41+DX41+EM41+FB41+FQ41) -> 0 | GH41: =SUM(J41+Y41+AN41+BC41+BR41+CG41+CV41+DK41+DZ41+EO41+FD41+FS41) -> 0 | GI41: =SUM(K41+Z41+AO41+BD41+BS41+CH41+CW41+DL41+EA41+EP41+FE41+FT41) -> 0 | GK41: =SUM(M41+AB41+AQ41+BF41+BU41+CJ41+CY41+DN41+EC41+ER41+FG41+FV41) -> 0 | GL41: =SUM(N41+AC41+AR41+BG41+BV41+CK41+CZ41+DO41+ED41+ES41+FH41+FW41) -> 0 | GM41: =SUM(GI36:GL36) -> 0
B42: غ.سعوديات | D42: 0 | E42: 0 | F42: 0 | G42: 0 | H42: 0 | J42: 0 | K42: 0 | M42: 0 | N42: 0 | O42: =SUM(D42:G42) -> 0 | Q42: غ.سعوديات | S42: 0 | T42: 0 | U42: 0 | V42: 0 | W42: 0 | Y42: 0 | Z42: 0 | AB42: 0 | AC42: 0 | AD42: =SUM(S42:V42) -> 0 | AF42: غ.سعوديات | AH42: 0 | AI42: 0 | AJ42: 0 | AK42: 0 | AL42: 0 | AN42: 0 | AO42: 0 | AQ42: 0 | AR42: 0 | AS42: =SUM(AH42:AK42) -> 0 | AU42: غ.سعوديات | AW42: 0 | AX42: 0 | AY42: 0 | AZ42: 0 | BA42: 0 | BC42: 0 | BD42: 0 | BF42: 0 | BG42: 0 | BH42: =SUM(AW42:AZ42) -> 0 | BJ42: غ.سعوديات | BL42: 0 | BM42: 0 | BN42: 0 | BO42: 0 | BP42: 0 | BR42: 0 | BS42: 0 | BU42: 0 | BV42: 0 | BW42: =SUM(BL42:BO42) -> 0 | BY42: غ.سعوديات | CA42: 0 | CB42: 0 | CC42: 0 | CD42: 0 | CE42: 0 | CG42: 0 | CH42: 0 | CJ42: 0 | CK42: 0 | CL42: =SUM(CA42:CD42) -> 0 | CN42: غ.سعوديات | CP42: 0 | CQ42: 0 | CR42: 0 | CS42: 0 | CT42: 0 | CV42: 0 | CW42: 0 | CY42: 0 | CZ42: 0 | DA42: =SUM(CP42:CS42) -> 0 | DC42: غ.سعوديات | DE42: 0 | DF42: 0 | DG42: 0 | DH42: 0 | DI42: 0 | DK42: 0 | DL42: 0 | DN42: 0 | DO42: 0 | DP42: =SUM(DE42:DH42) -> 0 | DR42: غ.سعوديات | DT42: 0 | DU42: 0 | DV42: 0 | DW42: 0 | DX42: 0 | DZ42: 0 | EA42: 0 | EC42: 0 | ED42: 0 | EE42: =SUM(DT42:DW42) -> 0 | EG42: غ.سعوديات | EI42: 0 | EJ42: 0 | EK42: 0 | EL42: 0 | EM42: 0 | EO42: 0 | EP42: 0 | ER42: 0 | ES42: 0 | ET42: =SUM(EI42:EL42) -> 0 | EV42: غ.سعوديات | EX42: 0 | EY42: 0 | EZ42: 0 | FA42: 0 | FB42: 0 | FD42: 0 | FE42: 0 | FG42: 0 | FH42: 0 | FI42: =SUM(EX42:FA42) -> 0 | FK42: غ.سعوديات | FM42: 0 | FN42: 0 | FO42: 0 | FP42: 0 | FQ42: 0 | FS42: 0 | FT42: 0 | FV42: 0 | FW42: 0 | FX42: =SUM(FM42:FP42) -> 0 | FZ42: غ.سعوديات | GB42: =SUM(D42+S42+AH42+AW42+BL42+CA42+CP42+DE42+DT42+EI42+EX42+FM42) -> 0 | GC42: =SUM(E42+T42+AI42+AX42+BM42+CB42+CQ42+DF42+DU42+EJ42+EY42+FN42) -> 0 | GD42: =SUM(F42+U42+AJ42+AY42+BN42+CC42+CR42+DG42+DV42+EK42+EZ42+FO42) -> 0 | GE42: =SUM(G42+V42+AK42+AZ42+BO42+CD42+CS42+DH42+DW42+EL42+FA42+FP42) -> 0 | GF42: =SUM(H42+W42+AL42+BA42+BP42+CE42+CT42+DI42+DX42+EM42+FB42+FQ42) -> 0 | GH42: =SUM(J42+Y42+AN42+BC42+BR42+CG42+CV42+DK42+DZ42+EO42+FD42+FS42) -> 0 | GI42: =SUM(K42+Z42+AO42+BD42+BS42+CH42+CW42+DL42+EA42+EP42+FE42+FT42) -> 0 | GK42: =SUM(M42+AB42+AQ42+BF42+BU42+CJ42+CY42+DN42+EC42+ER42+FG42+FV42) -> 0 | GL42: =SUM(N42+AC42+AR42+BG42+BV42+CK42+CZ42+DO42+ED42+ES42+FH42+FW42) -> 0 | GM42: =SUM(GB42:GE42) -> 0
B43: المجموع | D43: =SUM(D41:D42) -> 0 | E43: =SUM(E41:E42) -> 0 | F43: =SUM(F41:F42) -> 0 | G43: =SUM(G41:G42) -> 0 | H43: =SUM(H41:I42) -> 0 | J43: =SUM(J41:J42) -> 0 | K43: =SUM(K41:L42) -> 0 | M43: =SUM(M41:M42) -> 0 | N43: =SUM(N41:N42) -> 0 | O43: =SUM(H42:N42) -> 0 | Q43: المجموع | S43: =SUM(S41:S42) -> 0 | T43: =SUM(T41:T42) -> 0 | U43: =SUM(U41:U42) -> 0 | V43: =SUM(V41:V42) -> 0 | W43: =SUM(W41:X42) -> 0 | Y43: =SUM(Y41:Y42) -> 0 | Z43: =SUM(Z41:AA42) -> 0 | AB43: =SUM(AB41:AB42) -> 0 | AC43: =SUM(AC41:AC42) -> 0 | AD43: =SUM(W42:AC42) -> 0 | AF43: المجموع | AH43: =SUM(AH41:AH42) -> 0 | AI43: =SUM(AI41:AI42) -> 0 | AJ43: =SUM(AJ41:AJ42) -> 0 | AK43: =SUM(AK41:AK42) -> 0 | AL43: =SUM(AL41:AM42) -> 0 | AN43: =SUM(AN41:AN42) -> 0 | AO43: =SUM(AO41:AP42) -> 0 | AQ43: =SUM(AQ41:AQ42) -> 0 | AR43: =SUM(AR41:AR42) -> 0 | AS43: =SUM(AL42:AR42) -> 0 | AU43: المجموع | AW43: =SUM(AW41:AW42) -> 0 | AX43: =SUM(AX41:AX42) -> 0 | AY43: =SUM(AY41:AY42) -> 0 | AZ43: =SUM(AZ41:AZ42) -> 0 | BA43: =SUM(BA41:BB42) -> 0 | BC43: =SUM(BC41:BC42) -> 0 | BD43: =SUM(BD41:BE42) -> 0 | BF43: =SUM(BF41:BF42) -> 0 | BG43: =SUM(BG41:BG42) -> 0 | BH43: =SUM(BA42:BG42) -> 0 | BJ43: المجموع | BL43: =SUM(BL41:BL42) -> 0 | BM43: =SUM(BM41:BM42) -> 0 | BN43: =SUM(BN41:BN42) -> 0 | BO43: =SUM(BO41:BO42) -> 0 | BP43: =SUM(BP41:BQ42) -> 0 | BR43: =SUM(BR41:BR42) -> 0 | BS43: =SUM(BS41:BT42) -> 0 | BU43: =SUM(BU41:BU42) -> 0 | BV43: =SUM(BV41:BV42) -> 0 | BW43: =SUM(BP42:BV42) -> 0 | BY43: المجموع | CA43: =SUM(CA41:CA42) -> 0 | CB43: =SUM(CB41:CB42) -> 0 | CC43: =SUM(CC41:CC42) -> 0 | CD43: =SUM(CD41:CD42) -> 0 | CE43: =SUM(CE41:CF42) -> 0 | CG43: =SUM(CG41:CG42) -> 0 | CH43: =SUM(CH41:CI42) -> 0 | CJ43: =SUM(CJ41:CJ42) -> 0 | CK43: =SUM(CK41:CK42) -> 0 | CL43: =SUM(CE42:CK42) -> 0 | CN43: المجموع | CP43: =SUM(CP41:CP42) -> 0 | CQ43: =SUM(CQ41:CQ42) -> 0 | CR43: =SUM(CR41:CR42) -> 0 | CS43: =SUM(CS41:CS42) -> 0 | CT43: =SUM(CT41:CU42) -> 0 | CV43: =SUM(CV41:CV42) -> 0 | CW43: =SUM(CW41:CX42) -> 0 | CY43: =SUM(CY41:CY42) -> 0 | CZ43: =SUM(CZ41:CZ42) -> 0 | DA43: =SUM(CT42:CZ42) -> 0 | DC43: المجموع | DE43: =SUM(DE41:DE42) -> 0 | DF43: =SUM(DF41:DF42) -> 0 | DG43: =SUM(DG41:DG42) -> 0 | DH43: =SUM(DH41:DH42) -> 0 | DI43: =SUM(DI41:DJ42) -> 0 | DK43: =SUM(DK41:DK42) -> 0 | DL43: =SUM(DL41:DM42) -> 0 | DN43: =SUM(DN41:DN42) -> 0 | DO43: =SUM(DO41:DO42) -> 0 | DP43: =SUM(DI42:DO42) -> 0 | DR43: المجموع | DT43: =SUM(DT41:DT42) -> 0 | DU43: =SUM(DU41:DU42) -> 0 | DV43: =SUM(DV41:DV42) -> 0 | DW43: =SUM(DW41:DW42) -> 0 | DX43: =SUM(DX41:DY42) -> 0 | DZ43: =SUM(DZ41:DZ42) -> 0 | EA43: =SUM(EA41:EB42) -> 0 | EC43: =SUM(EC41:EC42) -> 0 | ED43: =SUM(ED41:ED42) -> 0 | EE43: =SUM(DX42:ED42) -> 0 | EG43: المجموع | EI43: =SUM(EI41:EI42) -> 0 | EJ43: =SUM(EJ41:EJ42) -> 0 | EK43: =SUM(EK41:EK42) -> 0 | EL43: =SUM(EL41:EL42) -> 0 | EM43: =SUM(EM41:EN42) -> 0 | EO43: =SUM(EO41:EO42) -> 0 | EP43: =SUM(EP41:EQ42) -> 0 | ER43: =SUM(ER41:ER42) -> 0 | ES43: =SUM(ES41:ES42) -> 0 | ET43: =SUM(EM42:ES42) -> 0 | EV43: المجموع | EX43: =SUM(EX41:EX42) -> 0 | EY43: =SUM(EY41:EY42) -> 0 | EZ43: =SUM(EZ41:EZ42) -> 0 | FA43: =SUM(FA41:FA42) -> 0 | FB43: =SUM(FB41:FC42) -> 0 | FD43: =SUM(FD41:FD42) -> 0 | FE43: =SUM(FE41:FF42) -> 0 | FG43: =SUM(FG41:FG42) -> 0 | FH43: =SUM(FH41:FH42) -> 0 | FI43: =SUM(FB42:FH42) -> 0 | FK43: المجموع | FM43: =SUM(FM41:FM42) -> 0 | FN43: =SUM(FN41:FN42) -> 0 | FO43: =SUM(FO41:FO42) -> 0 | FP43: =SUM(FP41:FP42) -> 0 | FQ43: =SUM(FQ41:FR42) -> 0 | FS43: =SUM(FS41:FS42) -> 0 | FT43: =SUM(FT41:FU42) -> 0 | FV43: =SUM(FV41:FV42) -> 0 | FW43: =SUM(FW41:FW42) -> 0 | FX43: =SUM(FQ42:FW42) -> 0 | FZ43: المجموع | GB43: =SUM(GB41:GB42) -> 0 | GC43: =SUM(GC41:GC42) -> 0 | GD43: =SUM(GD41:GD42) -> 0 | GE43: =SUM(GE41:GE42) -> 0 | GF43: =SUM(GF41:GG42) -> 0 | GH43: =SUM(GH41:GH42) -> 0 | GI43: =SUM(GI41:GJ42) -> 0 | GK43: =SUM(GK41:GK42) -> 0 | GL43: =SUM(GL41:GL42) -> 0 | GM43: =SUM(GF42:GL42) -> 0
A45: الروابي | B45: سعوديات | C45: 0 | D45: 0 | F45: 0 | H45: 0 | I45: 0 | K45: 0 | M45: 0 | O45: =SUM(C45) -> 0 | P45: الروابي | Q45: سعوديات | R45: 0 | S45: 0 | U45: 0 | W45: 0 | X45: 0 | Z45: 0 | AB45: 0 | AD45: =SUM(R45) -> 0 | AE45: الروابي | AF45: سعوديات | AG45: 0 | AH45: 0 | AJ45: 0 | AL45: 0 | AM45: 0 | AO45: 0 | AQ45: 0 | AS45: =SUM(AG45) -> 0 | AT45: الروابي | AU45: سعوديات | AV45: 0 | AW45: 0 | AY45: 0 | BA45: 0 | BB45: 0 | BD45: 0 | BF45: 0 | BH45: =SUM(AV45) -> 0 | BI45: الروابي | BJ45: سعوديات | BK45: 0 | BL45: 0 | BN45: 0 | BP45: 0 | BQ45: 0 | BS45: 0 | BU45: 0 | BW45: =SUM(BK45) -> 0 | BX45: الروابي | BY45: سعوديات | BZ45: 0 | CA45: 0 | CC45: 0 | CE45: 0 | CF45: 0 | CH45: 0 | CJ45: 0 | CL45: =SUM(BZ45) -> 0 | CM45: الروابي | CN45: سعوديات | CO45: 0 | CP45: 0 | CR45: 0 | CT45: 0 | CU45: 0 | CW45: 0 | CY45: 0 | DA45: =SUM(CO45) -> 0 | DB45: الروابي | DC45: سعوديات | DD45: 0 | DE45: 0 | DG45: 0 | DI45: 0 | DJ45: 0 | DL45: 0 | DN45: 0 | DP45: =SUM(DD45) -> 0 | DQ45: الروابي | DR45: سعوديات | DS45: 0 | DT45: 0 | DV45: 0 | DX45: 0 | DY45: 0 | EA45: 0 | EC45: 0 | EE45: =SUM(DS45) -> 0 | EF45: الروابي | EG45: سعوديات | EH45: 0 | EI45: 0 | EK45: 0 | EM45: 0 | EN45: 0 | EP45: 0 | ER45: 0 | ET45: =SUM(EH45) -> 0 | EU45: الروابي | EV45: سعوديات | EW45: 0 | EX45: 0 | EZ45: 0 | FB45: 0 | FC45: 0 | FE45: 0 | FG45: 0 | FI45: =SUM(EW45) -> 0 | FJ45: الروابي | FK45: سعوديات | FL45: 0 | FM45: 0 | FO45: 0 | FQ45: 0 | FR45: 0 | FT45: 0 | FV45: 0 | FX45: =SUM(FL45) -> 0 | FY45: =(FJ45) -> الروابي | FZ45: سعوديات | GA45: =SUM(C45+R45+AG45+AV45+BK45+BZ45+CO45+DD45+DS45+EH45+EW45+FL45) -> 0 | GB45: =SUM(D45+S45+AH45+AW45+BL45+CA45+CP45+DE45+DT45+EI45+EX45+FM45) -> 0 | GD45: =SUM(F45+U45+AJ45+AY45+BN45+CC45+CR45+DG45+DV45+EK45+EZ45+FO45) -> 0 | GF45: =SUM(H45+W45+AL45+BA45+BP45+CE45+CT45+DI45+DX45+EM45+FB45+FQ45) -> 0 | GG45: =SUM(I45+X45+AM45+BB45+BQ45+CF45+CU45+DJ45+DY45+EN45+FC45+FR45) -> 0 | GI45: =SUM(K45+Z45+AO45+BD45+BS45+CH45+CW45+DL45+EA45+EP45+FE45+FT45) -> 0 | GK45: =SUM(M45+AB45+AQ45+BF45+BU45+CJ45+CY45+DN45+EC45+ER45+FG45+FV45) -> 0 | GM45: =SUM(GA45) -> 0
B46: غير سعوديات | C46: 0 | D46: 0 | F46: 0 | H46: 0 | I46: 0 | K46: 0 | M46: 0 | O46: =SUM(D45:G45) -> 0 | Q46: غير سعوديات | R46: 0 | S46: 0 | U46: 0 | W46: 0 | X46: 0 | Z46: 0 | AB46: 0 | AD46: =SUM(S45:V45) -> 0 | AF46: غير سعوديات | AG46: 0 | AH46: 0 | AJ46: 0 | AL46: 0 | AM46: 0 | AO46: 0 | AQ46: 0 | AS46: =SUM(AH45:AK45) -> 0 | AU46: غير سعوديات | AV46: 0 | AW46: 0 | AY46: 0 | BA46: 0 | BB46: 0 | BD46: 0 | BF46: 0 | BH46: =SUM(AW45:AZ45) -> 0 | BJ46: غير سعوديات | BK46: 0 | BL46: 0 | BN46: 0 | BP46: 0 | BQ46: 0 | BS46: 0 | BU46: 0 | BW46: =SUM(BL45:BO45) -> 0 | BY46: غير سعوديات | BZ46: 0 | CA46: 0 | CC46: 0 | CE46: 0 | CF46: 0 | CH46: 0 | CJ46: 0 | CL46: =SUM(CA45:CD45) -> 0 | CN46: غير سعوديات | CO46: 0 | CP46: 0 | CR46: 0 | CT46: 0 | CU46: 0 | CW46: 0 | CY46: 0 | DA46: =SUM(CP45:CS45) -> 0 | DC46: غير سعوديات | DD46: 0 | DE46: 0 | DG46: 0 | DI46: 0 | DJ46: 0 | DL46: 0 | DN46: 0 | DP46: =SUM(DE45:DH45) -> 0 | DR46: غير سعوديات | DS46: 0 | DT46: 0 | DV46: 0 | DX46: 0 | DY46: 0 | EA46: 0 | EC46: 0 | EE46: =SUM(DT45:DW45) -> 0 | EG46: غير سعوديات | EH46: 0 | EI46: 0 | EK46: 0 | EM46: 0 | EN46: 0 | EP46: 0 | ER46: 0 | ET46: =SUM(EI45:EL45) -> 0 | EV46: غير سعوديات | EW46: 0 | EX46: 0 | EZ46: 0 | FB46: 0 | FC46: 0 | FE46: 0 | FG46: 0 | FI46: =SUM(EX45:FA45) -> 0 | FK46: غير سعوديات | FL46: 0 | FM46: 0 | FO46: 0 | FQ46: 0 | FR46: 0 | FT46: 0 | FV46: 0 | FX46: =SUM(FM45:FP45) -> 0 | FZ46: غير سعوديات | GA46: =SUM(C46+R46+AG46+AV46+BK46+BZ46+CO46+DD46+DS46+EH46+EW46+FL46) -> 0 | GB46: =SUM(D46+S46+AH46+AW46+BL46+CA46+CP46+DE46+DT46+EI46+EX46+FM46) -> 0 | GD46: =SUM(F46+U46+AJ46+AY46+BN46+CC46+CR46+DG46+DV46+EK46+EZ46+FO46) -> 0 | GF46: =SUM(H46+W46+AL46+BA46+BP46+CE46+CT46+DI46+DX46+EM46+FB46+FQ46) -> 0 | GG46: =SUM(I46+X46+AM46+BB46+BQ46+CF46+CU46+DJ46+DY46+EN46+FC46+FR46) -> 0 | GI46: =SUM(K46+Z46+AO46+BD46+BS46+CH46+CW46+DL46+EA46+EP46+FE46+FT46) -> 0 | GK46: =SUM(M46+AB46+AQ46+BF46+BU46+CJ46+CY46+DN46+EC46+ER46+FG46+FV46) -> 0 | GM46: =SUM(GB45:GE45) -> 0
B47: المجموع | C47: =SUM(C45:C46) -> 0 | D47: =SUM(D45:E46) -> 0 | F47: =SUM(F45:G46) -> 0 | H47: =SUM(H45:H46) -> 0 | I47: =SUM(I45:J46) -> 0 | K47: =SUM(K45:L46) -> 0 | M47: =SUM(M45:N46) -> 0 | O47: =SUM(K45:N45) -> 0 | Q47: المجموع | R47: =SUM(R45:R46) -> 0 | S47: =SUM(S45:T46) -> 0 | U47: =SUM(U45:V46) -> 0 | W47: =SUM(W45:W46) -> 0 | X47: =SUM(X45:Y46) -> 0 | Z47: =SUM(Z45:AA46) -> 0 | AB47: =SUM(AB45:AC46) -> 0 | AD47: =SUM(Z45:AC45) -> 0 | AF47: المجموع | AG47: =SUM(AG45:AG46) -> 0 | AH47: =SUM(AH45:AI46) -> 0 | AJ47: =SUM(AJ45:AK46) -> 0 | AL47: =SUM(AL45:AL46) -> 0 | AM47: =SUM(AM45:AN46) -> 0 | AO47: =SUM(AO45:AP46) -> 0 | AQ47: =SUM(AQ45:AR46) -> 0 | AS47: =SUM(AO45:AR45) -> 0 | AU47: المجموع | AV47: =SUM(AV45:AV46) -> 0 | AW47: =SUM(AW45:AX46) -> 0 | AY47: =SUM(AY45:AZ46) -> 0 | BA47: =SUM(BA45:BA46) -> 0 | BB47: =SUM(BB45:BC46) -> 0 | BD47: =SUM(BD45:BE46) -> 0 | BF47: =SUM(BF45:BG46) -> 0 | BH47: =SUM(BD45:BG45) -> 0 | BJ47: المجموع | BK47: =SUM(BK45:BK46) -> 0 | BL47: =SUM(BL45:BM46) -> 0 | BN47: =SUM(BN45:BO46) -> 0 | BP47: =SUM(BP45:BP46) -> 0 | BQ47: =SUM(BQ45:BR46) -> 0 | BS47: =SUM(BS45:BT46) -> 0 | BU47: =SUM(BU45:BV46) -> 0 | BW47: =SUM(BS45:BV45) -> 0 | BY47: المجموع | BZ47: =SUM(BZ45:BZ46) -> 0 | CA47: =SUM(CA45:CB46) -> 0 | CC47: =SUM(CC45:CD46) -> 0 | CE47: =SUM(CE45:CE46) -> 0 | CF47: =SUM(CF45:CG46) -> 0 | CH47: =SUM(CH45:CI46) -> 0 | CJ47: =SUM(CJ45:CK46) -> 0 | CL47: =SUM(CH45:CK45) -> 0 | CN47: المجموع | CO47: =SUM(CO45:CO46) -> 0 | CP47: =SUM(CP45:CQ46) -> 0 | CR47: =SUM(CR45:CS46) -> 0 | CT47: =SUM(CT45:CT46) -> 0 | CU47: =SUM(CU45:CV46) -> 0 | CW47: =SUM(CW45:CX46) -> 0 | CY47: =SUM(CY45:CZ46) -> 0 | DA47: =SUM(CW45:CZ45) -> 0 | DC47: المجموع | DD47: =SUM(DD45:DD46) -> 0 | DE47: =SUM(DE45:DF46) -> 0 | DG47: =SUM(DG45:DH46) -> 0 | DI47: =SUM(DI45:DI46) -> 0 | DJ47: =SUM(DJ45:DK46) -> 0 | DL47: =SUM(DL45:DM46) -> 0 | DN47: =SUM(DN45:DO46) -> 0 | DP47: =SUM(DL45:DO45) -> 0 | DR47: المجموع | DS47: =SUM(DS45:DS46) -> 0 | DT47: =SUM(DT45:DU46) -> 0 | DV47: =SUM(DV45:DW46) -> 0 | DX47: =SUM(DX45:DX46) -> 0 | DY47: =SUM(DY45:DZ46) -> 0 | EA47: =SUM(EA45:EB46) -> 0 | EC47: =SUM(EC45:ED46) -> 0 | EE47: =SUM(EA45:ED45) -> 0 | EG47: المجموع | EH47: =SUM(EH45:EH46) -> 0 | EI47: =SUM(EI45:EJ46) -> 0 | EK47: =SUM(EK45:EL46) -> 0 | EM47: =SUM(EM45:EM46) -> 0 | EN47: =SUM(EN45:EO46) -> 0 | EP47: =SUM(EP45:EQ46) -> 0 | ER47: =SUM(ER45:ES46) -> 0 | ET47: =SUM(EP45:ES45) -> 0 | EV47: المجموع | EW47: =SUM(EW45:EW46) -> 0 | EX47: =SUM(EX45:EY46) -> 0 | EZ47: =SUM(EZ45:FA46) -> 0 | FB47: =SUM(FB45:FB46) -> 0 | FC47: =SUM(FC45:FD46) -> 0 | FE47: =SUM(FE45:FF46) -> 0 | FG47: =SUM(FG45:FH46) -> 0 | FI47: =SUM(FE45:FH45) -> 0 | FK47: المجموع | FL47: =SUM(FL45:FL46) -> 0 | FM47: =SUM(FM45:FN46) -> 0 | FO47: =SUM(FO45:FP46) -> 0 | FQ47: =SUM(FQ45:FQ46) -> 0 | FR47: =SUM(FR45:FS46) -> 0 | FT47: =SUM(FT45:FU46) -> 0 | FV47: =SUM(FV45:FW46) -> 0 | FX47: =SUM(FT45:FW45) -> 0 | FZ47: المجموع | GA47: =SUM(GA45:GA46) -> 0 | GB47: =SUM(GB45:GC46) -> 0 | GD47: =SUM(GD45:GE46) -> 0 | GF47: =SUM(GF45:GF46) -> 0 | GG47: =SUM(GG45:GH46) -> 0 | GI47: =SUM(GI45:GJ46) -> 0 | GK47: =SUM(GK45:GL46) -> 0 | GM47: =SUM(GI45:GL45) -> 0
D48: مكان الولادة | H48: نتيجة الحمل | O48: =SUM(D51:G51) -> 0 | S48: مكان الولادة | W48: نتيجة الحمل | AD48: =SUM(S51:V51) -> 0 | AH48: مكان الولادة | AL48: نتيجة الحمل | AS48: =SUM(AH51:AK51) -> 0 | AW48: مكان الولادة | BA48: نتيجة الحمل | BH48: =SUM(AW51:AZ51) -> 0 | BL48: مكان الولادة | BP48: نتيجة الحمل | BW48: =SUM(BL51:BO51) -> 0 | CA48: مكان الولادة | CE48: نتيجة الحمل | CL48: =SUM(CA51:CD51) -> 0 | CP48: مكان الولادة | CT48: نتيجة الحمل | DA48: =SUM(CP51:CS51) -> 0 | DE48: مكان الولادة | DI48: نتيجة الحمل | DP48: =SUM(DE51:DH51) -> 0 | DT48: مكان الولادة | DX48: نتيجة الحمل | EE48: =SUM(DT51:DW51) -> 0 | EI48: مكان الولادة | EM48: نتيجة الحمل | ET48: =SUM(EI51:EL51) -> 0 | EX48: مكان الولادة | FB48: نتيجة الحمل | FI48: =SUM(EX51:FA51) -> 0 | FM48: مكان الولادة | FQ48: نتيجة الحمل | FX48: =SUM(FM51:FP51) -> 0 | GB48: مكان الولادة | GF48: نتيجة الحمل | GM48: =SUM(GB51:GE51) -> 0
D49: بالمنزل | F49: بالمركز الصحي | G49: بالمستشفى | H49: مولود حي | M49: إجهاض | N49: مولود ميت | O49: =SUM(H51:N51) -> 0 | S49: بالمنزل | U49: بالمركز الصحي | V49: بالمستشفى | W49: مولود حي | AB49: إجهاض | AC49: مولود ميت | AD49: =SUM(W51:AC51) -> 0 | AH49: بالمنزل | AJ49: بالمركز الصحي | AK49: بالمستشفى | AL49: مولود حي | AQ49: إجهاض | AR49: مولود ميت | AS49: =SUM(AL51:AR51) -> 0 | AW49: بالمنزل | AY49: بالمركز الصحي | AZ49: بالمستشفى | BA49: مولود حي | BF49: إجهاض | BG49: مولود ميت | BH49: =SUM(BA51:BG51) -> 0 | BL49: بالمنزل | BN49: بالمركز الصحي | BO49: بالمستشفى | BP49: مولود حي | BU49: إجهاض | BV49: مولود ميت | BW49: =SUM(BP51:BV51) -> 0 | CA49: بالمنزل | CC49: بالمركز الصحي | CD49: بالمستشفى | CE49: مولود حي | CJ49: إجهاض | CK49: مولود ميت | CL49: =SUM(CE51:CK51) -> 0 | CP49: بالمنزل | CR49: بالمركز الصحي | CS49: بالمستشفى | CT49: مولود حي | CY49: إجهاض | CZ49: مولود ميت | DA49: =SUM(CT51:CZ51) -> 0 | DE49: بالمنزل | DG49: بالمركز الصحي | DH49: بالمستشفى | DI49: مولود حي | DN49: إجهاض | DO49: مولود ميت | DP49: =SUM(DI51:DO51) -> 0 | DT49: بالمنزل | DV49: بالمركز الصحي | DW49: بالمستشفى | DX49: مولود حي | EC49: إجهاض | ED49: مولود ميت | EE49: =SUM(DX51:ED51) -> 0 | EI49: بالمنزل | EK49: بالمركز الصحي | EL49: بالمستشفى | EM49: مولود حي | ER49: إجهاض | ES49: مولود ميت | ET49: =SUM(EM51:ES51) -> 0 | EX49: بالمنزل | EZ49: بالمركز الصحي | FA49: بالمستشفى | FB49: مولود حي | FG49: إجهاض | FH49: مولود ميت | FI49: =SUM(FB51:FH51) -> 0 | FM49: بالمنزل | FO49: بالمركز الصحي | FP49: بالمستشفى | FQ49: مولود حي | FV49: إجهاض | FW49: مولود ميت | FX49: =SUM(FQ51:FW51) -> 0 | GB49: بالمنزل | GD49: بالمركز الصحي | GE49: بالمستشفى | GF49: مولود حي | GK49: إجهاض | GL49: مولود ميت | GM49: =SUM(GF51:GL51) -> 0
D50: بإشراف | E50: بدون | H50: طبيعي | J50: مبتسر | K50: أقل من 2.5 كجم | O50: =SUM(C46) -> 0 | S50: بإشراف | T50: بدون | W50: طبيعي | Y50: مبتسر | Z50: أقل من 2.5 كجم | AD50: =SUM(R46) -> 0 | AH50: بإشراف | AI50: بدون | AL50: طبيعي | AN50: مبتسر | AO50: أقل من 2.5 كجم | AS50: =SUM(AG46) -> 0 | AW50: بإشراف | AX50: بدون | BA50: طبيعي | BC50: مبتسر | BD50: أقل من 2.5 كجم | BH50: =SUM(AV46) -> 0 | BL50: بإشراف | BM50: بدون | BP50: طبيعي | BR50: مبتسر | BS50: أقل من 2.5 كجم | BW50: =SUM(BK46) -> 0 | CA50: بإشراف | CB50: بدون | CE50: طبيعي | CG50: مبتسر | CH50: أقل من 2.5 كجم | CL50: =SUM(BZ46) -> 0 | CP50: بإشراف | CQ50: بدون | CT50: طبيعي | CV50: مبتسر | CW50: أقل من 2.5 كجم | DA50: =SUM(CO46) -> 0 | DE50: بإشراف | DF50: بدون | DI50: طبيعي | DK50: مبتسر | DL50: أقل من 2.5 كجم | DP50: =SUM(DD46) -> 0 | DT50: بإشراف | DU50: بدون | DX50: طبيعي | DZ50: مبتسر | EA50: أقل من 2.5 كجم | EE50: =SUM(DS46) -> 0 | EI50: بإشراف | EJ50: بدون | EM50: طبيعي | EO50: مبتسر | EP50: أقل من 2.5 كجم | ET50: =SUM(EH46) -> 0 | EX50: بإشراف | EY50: بدون | FB50: طبيعي | FD50: مبتسر | FE50: أقل من 2.5 كجم | FI50: =SUM(EW46) -> 0 | FM50: بإشراف | FN50: بدون | FQ50: طبيعي | FS50: مبتسر | FT50: أقل من 2.5 كجم | FX50: =SUM(FL46) -> 0 | GB50: بإشراف | GC50: بدون | GF50: طبيعي | GH50: مبتسر | GI50: أقل من 2.5 كجم | GM50: =SUM(GA46) -> 0
B51: سعوديات | D51: 0 | E51: 0 | F51: 0 | G51: 0 | H51: 0 | J51: 0 | K51: 0 | M51: 0 | N51: 0 | O51: =SUM(K46:N46) -> 0 | Q51: سعوديات | S51: 0 | T51: 0 | U51: 0 | V51: 0 | W51: 0 | Y51: 0 | Z51: 0 | AB51: 0 | AC51: 0 | AD51: =SUM(Z46:AC46) -> 0 | AF51: سعوديات | AH51: 0 | AI51: 0 | AJ51: 0 | AK51: 0 | AL51: 0 | AN51: 0 | AO51: 0 | AQ51: 0 | AR51: 0 | AS51: =SUM(AO46:AR46) -> 0 | AU51: سعوديات | AW51: 0 | AX51: 0 | AY51: 0 | AZ51: 0 | BA51: 0 | BC51: 0 | BD51: 0 | BF51: 0 | BG51: 0 | BH51: =SUM(BD46:BG46) -> 0 | BJ51: سعوديات | BL51: 0 | BM51: 0 | BN51: 0 | BO51: 0 | BP51: 0 | BR51: 0 | BS51: 0 | BU51: 0 | BV51: 0 | BW51: =SUM(BS46:BV46) -> 0 | BY51: سعوديات | CA51: 0 | CB51: 0 | CC51: 0 | CD51: 0 | CE51: 0 | CG51: 0 | CH51: 0 | CJ51: 0 | CK51: 0 | CL51: =SUM(CH46:CK46) -> 0 | CN51: سعوديات | CP51: 0 | CQ51: 0 | CR51: 0 | CS51: 0 | CT51: 0 | CV51: 0 | CW51: 0 | CY51: 0 | CZ51: 0 | DA51: =SUM(CW46:CZ46) -> 0 | DC51: سعوديات | DE51: 0 | DF51: 0 | DG51: 0 | DH51: 0 | DI51: 0 | DK51: 0 | DL51: 0 | DN51: 0 | DO51: 0 | DP51: =SUM(DL46:DO46) -> 0 | DR51: سعوديات | DT51: 0 | DU51: 0 | DV51: 0 | DW51: 0 | DX51: 0 | DZ51: 0 | EA51: 0 | EC51: 0 | ED51: 0 | EE51: =SUM(EA46:ED46) -> 0 | EG51: سعوديات | EI51: 0 | EJ51: 0 | EK51: 0 | EL51: 0 | EM51: 0 | EO51: 0 | EP51: 0 | ER51: 0 | ES51: 0 | ET51: =SUM(EP46:ES46) -> 0 | EV51: سعوديات | EX51: 0 | EY51: 0 | EZ51: 0 | FA51: 0 | FB51: 0 | FD51: 0 | FE51: 0 | FG51: 0 | FH51: 0 | FI51: =SUM(FE46:FH46) -> 0 | FK51: سعوديات | FM51: 0 | FN51: 0 | FO51: 0 | FP51: 0 | FQ51: 0 | FS51: 0 | FT51: 0 | FV51: 0 | FW51: 0 | FX51: =SUM(FT46:FW46) -> 0 | FZ51: سعوديات | GB51: =SUM(D51+S51+AH51+AW51+BL51+CA51+CP51+DE51+DT51+EI51+EX51+FM51) -> 0 | GC51: =SUM(E51+T51+AI51+AX51+BM51+CB51+CQ51+DF51+DU51+EJ51+EY51+FN51) -> 0 | GD51: =SUM(F51+U51+AJ51+AY51+BN51+CC51+CR51+DG51+DV51+EK51+EZ51+FO51) -> 0 | GE51: =SUM(G51+V51+AK51+AZ51+BO51+CD51+CS51+DH51+DW51+EL51+FA51+FP51) -> 0 | GF51: =SUM(H51+W51+AL51+BA51+BP51+CE51+CT51+DI51+DX51+EM51+FB51+FQ51) -> 0 | GH51: =SUM(J51+Y51+AN51+BC51+BR51+CG51+CV51+DK51+DZ51+EO51+FD51+FS51) -> 0 | GI51: =SUM(K51+Z51+AO51+BD51+BS51+CH51+CW51+DL51+EA51+EP51+FE51+FT51) -> 0 | GK51: =SUM(M51+AB51+AQ51+BF51+BU51+CJ51+CY51+DN51+EC51+ER51+FG51+FV51) -> 0 | GL51: =SUM(N51+AC51+AR51+BG51+BV51+CK51+CZ51+DO51+ED51+ES51+FH51+FW51) -> 0 | GM51: =SUM(GI46:GL46) -> 0
B52: غ.سعوديات | D52: 0 | E52: 0 | F52: 0 | G52: 0 | H52: 0 | J52: 0 | K52: 0 | M52: 0 | N52: 0 | O52: =SUM(D52:G52) -> 0 | Q52: غ.سعوديات | S52: 0 | T52: 0 | U52: 0 | V52: 0 | W52: 0 | Y52: 0 | Z52: 0 | AB52: 0 | AC52: 0 | AD52: =SUM(S52:V52) -> 0 | AF52: غ.سعوديات | AH52: 0 | AI52: 0 | AJ52: 0 | AK52: 0 | AL52: 0 | AN52: 0 | AO52: 0 | AQ52: 0 | AR52: 0 | AS52: =SUM(AH52:AK52) -> 0 | AU52: غ.سعوديات | AW52: 0 | AX52: 0 | AY52: 0 | AZ52: 0 | BA52: 0 | BC52: 0 | BD52: 0 | BF52: 0 | BG52: 0 | BH52: =SUM(AW52:AZ52) -> 0 | BJ52: غ.سعوديات | BL52: 0 | BM52: 0 | BN52: 0 | BO52: 0 | BP52: 0 | BR52: 0 | BS52: 0 | BU52: 0 | BV52: 0 | BW52: =SUM(BL52:BO52) -> 0 | BY52: غ.سعوديات | CA52: 0 | CB52: 0 | CC52: 0 | CD52: 0 | CE52: 0 | CG52: 0 | CH52: 0 | CJ52: 0 | CK52: 0 | CL52: =SUM(CA52:CD52) -> 0 | CN52: غ.سعوديات | CP52: 0 | CQ52: 0 | CR52: 0 | CS52: 0 | CT52: 0 | CV52: 0 | CW52: 0 | CY52: 0 | CZ52: 0 | DA52: =SUM(CP52:CS52) -> 0 | DC52: غ.سعوديات | DE52: 0 | DF52: 0 | DG52: 0 | DH52: 0 | DI52: 0 | DK52: 0 | DL52: 0 | DN52: 0 | DO52: 0 | DP52: =SUM(DE52:DH52) -> 0 | DR52: غ.سعوديات | DT52: 0 | DU52: 0 | DV52: 0 | DW52: 0 | DX52: 0 | DZ52: 0 | EA52: 0 | EC52: 0 | ED52: 0 | EE52: =SUM(DT52:DW52) -> 0 | EG52: غ.سعوديات | EI52: 0 | EJ52: 0 | EK52: 0 | EL52: 0 | EM52: 0 | EO52: 0 | EP52: 0 | ER52: 0 | ES52: 0 | ET52: =SUM(EI52:EL52) -> 0 | EV52: غ.سعوديات | EX52: 0 | EY52: 0 | EZ52: 0 | FA52: 0 | FB52: 0 | FD52: 0 | FE52: 0 | FG52: 0 | FH52: 0 | FI52: =SUM(EX52:FA52) -> 0 | FK52: غ.سعوديات | FM52: 0 | FN52: 0 | FO52: 0 | FP52: 0 | FQ52: 0 | FS52: 0 | FT52: 0 | FV52: 0 | FW52: 0 | FX52: =SUM(FM52:FP52) -> 0 | FZ52: غ.سعوديات | GB52: =SUM(D52+S52+AH52+AW52+BL52+CA52+CP52+DE52+DT52+EI52+EX52+FM52) -> 0 | GC52: =SUM(E52+T52+AI52+AX52+BM52+CB52+CQ52+DF52+DU52+EJ52+EY52+FN52) -> 0 | GD52: =SUM(F52+U52+AJ52+AY52+BN52+CC52+CR52+DG52+DV52+EK52+EZ52+FO52) -> 0 | GE52: =SUM(G52+V52+AK52+AZ52+BO52+CD52+CS52+DH52+DW52+EL52+FA52+FP52) -> 0 | GF52: =SUM(H52+W52+AL52+BA52+BP52+CE52+CT52+DI52+DX52+EM52+FB52+FQ52) -> 0 | GH52: =SUM(J52+Y52+AN52+BC52+BR52+CG52+CV52+DK52+DZ52+EO52+FD52+FS52) -> 0 | GI52: =SUM(K52+Z52+AO52+BD52+BS52+CH52+CW52+DL52+EA52+EP52+FE52+FT52) -> 0 | GK52: =SUM(M52+AB52+AQ52+BF52+BU52+CJ52+CY52+DN52+EC52+ER52+FG52+FV52) -> 0 | GL52: =SUM(N52+AC52+AR52+BG52+BV52+CK52+CZ52+DO52+ED52+ES52+FH52+FW52) -> 0 | GM52: =SUM(GB52:GE52) -> 0
B53: المجموع | D53: =SUM(D51:D52) -> 0 | E53: =SUM(E51:E52) -> 0 | F53: =SUM(F51:F52) -> 0 | G53: =SUM(G51:G52) -> 0 | H53: =SUM(H51:I52) -> 0 | J53: =SUM(J51:J52) -> 0 | K53: =SUM(K51:L52) -> 0 | M53: =SUM(M51:M52) -> 0 | N53: =SUM(N51:N52) -> 0 | O53: =SUM(H52:N52) -> 0 | Q53: المجموع | S53: =SUM(S51:S52) -> 0 | T53: =SUM(T51:T52) -> 0 | U53: =SUM(U51:U52) -> 0 | V53: =SUM(V51:V52) -> 0 | W53: =SUM(W51:X52) -> 0 | Y53: =SUM(Y51:Y52) -> 0 | Z53: =SUM(Z51:AA52) -> 0 | AB53: =SUM(AB51:AB52) -> 0 | AC53: =SUM(AC51:AC52) -> 0 | AD53: =SUM(W52:AC52) -> 0 | AF53: المجموع | AH53: =SUM(AH51:AH52) -> 0 | AI53: =SUM(AI51:AI52) -> 0 | AJ53: =SUM(AJ51:AJ52) -> 0 | AK53: =SUM(AK51:AK52) -> 0 | AL53: =SUM(AL51:AM52) -> 0 | AN53: =SUM(AN51:AN52) -> 0 | AO53: =SUM(AO51:AP52) -> 0 | AQ53: =SUM(AQ51:AQ52) -> 0 | AR53: =SUM(AR51:AR52) -> 0 | AS53: =SUM(AL52:AR52) -> 0 | AU53: المجموع | AW53: =SUM(AW51:AW52) -> 0 | AX53: =SUM(AX51:AX52) -> 0 | AY53: =SUM(AY51:AY52) -> 0 | AZ53: =SUM(AZ51:AZ52) -> 0 | BA53: =SUM(BA51:BB52) -> 0 | BC53: =SUM(BC51:BC52) -> 0 | BD53: =SUM(BD51:BE52) -> 0 | BF53: =SUM(BF51:BF52) -> 0 | BG53: =SUM(BG51:BG52) -> 0 | BH53: =SUM(BA52:BG52) -> 0 | BJ53: المجموع | BL53: =SUM(BL51:BL52) -> 0 | BM53: =SUM(BM51:BM52) -> 0 | BN53: =SUM(BN51:BN52) -> 0 | BO53: =SUM(BO51:BO52) -> 0 | BP53: =SUM(BP51:BQ52) -> 0 | BR53: =SUM(BR51:BR52) -> 0 | BS53: =SUM(BS51:BT52) -> 0 | BU53: =SUM(BU51:BU52) -> 0 | BV53: =SUM(BV51:BV52) -> 0 | BW53: =SUM(BP52:BV52) -> 0 | BY53: المجموع | CA53: =SUM(CA51:CA52) -> 0 | CB53: =SUM(CB51:CB52) -> 0 | CC53: =SUM(CC51:CC52) -> 0 | CD53: =SUM(CD51:CD52) -> 0 | CE53: =SUM(CE51:CF52) -> 0 | CG53: =SUM(CG51:CG52) -> 0 | CH53: =SUM(CH51:CI52) -> 0 | CJ53: =SUM(CJ51:CJ52) -> 0 | CK53: =SUM(CK51:CK52) -> 0 | CL53: =SUM(CE52:CK52) -> 0 | CN53: المجموع | CP53: =SUM(CP51:CP52) -> 0 | CQ53: =SUM(CQ51:CQ52) -> 0 | CR53: =SUM(CR51:CR52) -> 0 | CS53: =SUM(CS51:CS52) -> 0 | CT53: =SUM(CT51:CU52) -> 0 | CV53: =SUM(CV51:CV52) -> 0 | CW53: =SUM(CW51:CX52) -> 0 | CY53: =SUM(CY51:CY52) -> 0 | CZ53: =SUM(CZ51:CZ52) -> 0 | DA53: =SUM(CT52:CZ52) -> 0 | DC53: المجموع | DE53: =SUM(DE51:DE52) -> 0 | DF53: =SUM(DF51:DF52) -> 0 | DG53: =SUM(DG51:DG52) -> 0 | DH53: =SUM(DH51:DH52) -> 0 | DI53: =SUM(DI51:DJ52) -> 0 | DK53: =SUM(DK51:DK52) -> 0 | DL53: =SUM(DL51:DM52) -> 0 | DN53: =SUM(DN51:DN52) -> 0 | DO53: =SUM(DO51:DO52) -> 0 | DP53: =SUM(DI52:DO52) -> 0 | DR53: المجموع | DT53: =SUM(DT51:DT52) -> 0 | DU53: =SUM(DU51:DU52) -> 0 | DV53: =SUM(DV51:DV52) -> 0 | DW53: =SUM(DW51:DW52) -> 0 | DX53: =SUM(DX51:DY52) -> 0 | DZ53: =SUM(DZ51:DZ52) -> 0 | EA53: =SUM(EA51:EB52) -> 0 | EC53: =SUM(EC51:EC52) -> 0 | ED53: =SUM(ED51:ED52) -> 0 | EE53: =SUM(DX52:ED52) -> 0 | EG53: المجموع | EI53: =SUM(EI51:EI52) -> 0 | EJ53: =SUM(EJ51:EJ52) -> 0 | EK53: =SUM(EK51:EK52) -> 0 | EL53: =SUM(EL51:EL52) -> 0 | EM53: =SUM(EM51:EN52) -> 0 | EO53: =SUM(EO51:EO52) -> 0 | EP53: =SUM(EP51:EQ52) -> 0 | ER53: =SUM(ER51:ER52) -> 0 | ES53: =SUM(ES51:ES52) -> 0 | ET53: =SUM(EM52:ES52) -> 0 | EV53: المجموع | EX53: =SUM(EX51:EX52) -> 0 | EY53: =SUM(EY51:EY52) -> 0 | EZ53: =SUM(EZ51:EZ52) -> 0 | FA53: =SUM(FA51:FA52) -> 0 | FB53: =SUM(FB51:FC52) -> 0 | FD53: =SUM(FD51:FD52) -> 0 | FE53: =SUM(FE51:FF52) -> 0 | FG53: =SUM(FG51:FG52) -> 0 | FH53: =SUM(FH51:FH52) -> 0 | FI53: =SUM(FB52:FH52) -> 0 | FK53: المجموع | FM53: =SUM(FM51:FM52) -> 0 | FN53: =SUM(FN51:FN52) -> 0 | FO53: =SUM(FO51:FO52) -> 0 | FP53: =SUM(FP51:FP52) -> 0 | FQ53: =SUM(FQ51:FR52) -> 0 | FS53: =SUM(FS51:FS52) -> 0 | FT53: =SUM(FT51:FU52) -> 0 | FV53: =SUM(FV51:FV52) -> 0 | FW53: =SUM(FW51:FW52) -> 0 | FX53: =SUM(FQ52:FW52) -> 0 | FZ53: المجموع | GB53: =SUM(GB51:GB52) -> 0 | GC53: =SUM(GC51:GC52) -> 0 | GD53: =SUM(GD51:GD52) -> 0 | GE53: =SUM(GE51:GE52) -> 0 | GF53: =SUM(GF51:GG52) -> 0 | GH53: =SUM(GH51:GH52) -> 0 | GI53: =SUM(GI51:GJ52) -> 0 | GK53: =SUM(GK51:GK52) -> 0 | GL53: =SUM(GL51:GL52) -> 0 | GM53: =SUM(GF52:GL52) -> 0
A55: قويزة | B55: سعوديات | C55: 0 | D55: 0 | F55: 0 | H55: 0 | I55: 0 | K55: 0 | M55: 0 | O55: =SUM(C55) -> 0 | P55: قويزة | Q55: سعوديات | R55: 0 | S55: 0 | U55: 0 | W55: 0 | X55: 0 | Z55: 0 | AB55: 0 | AD55: =SUM(R55) -> 0 | AE55: قويزة | AF55: سعوديات | AG55: 0 | AH55: 0 | AJ55: 0 | AL55: 0 | AM55: 0 | AO55: 0 | AQ55: 0 | AS55: =SUM(AG55) -> 0 | AT55: قويزة | AU55: سعوديات | AV55: 0 | AW55: 0 | AY55: 0 | BA55: 0 | BB55: 0 | BD55: 0 | BF55: 0 | BH55: =SUM(AV55) -> 0 | BI55: قويزة | BJ55: سعوديات | BK55: 0 | BL55: 0 | BN55: 0 | BP55: 0 | BQ55: 0 | BS55: 0 | BU55: 0 | BW55: =SUM(BK55) -> 0 | BX55: قويزة | BY55: سعوديات | BZ55: 0 | CA55: 0 | CC55: 0 | CE55: 0 | CF55: 0 | CH55: 0 | CJ55: 0 | CL55: =SUM(BZ55) -> 0 | CM55: قويزة | CN55: سعوديات | CO55: 0 | CP55: 0 | CR55: 0 | CT55: 0 | CU55: 0 | CW55: 0 | CY55: 0 | DA55: =SUM(CO55) -> 0 | DB55: قويزة | DC55: سعوديات | DD55: 0 | DE55: 0 | DG55: 0 | DI55: 0 | DJ55: 0 | DL55: 0 | DN55: 0 | DP55: =SUM(DD55) -> 0 | DQ55: قويزة | DR55: سعوديات | DS55: 0 | DT55: 0 | DV55: 0 | DX55: 0 | DY55: 0 | EA55: 0 | EC55: 0 | EE55: =SUM(DS55) -> 0 | EF55: قويزة | EG55: سعوديات | EH55: 0 | EI55: 0 | EK55: 0 | EM55: 0 | EN55: 0 | EP55: 0 | ER55: 0 | ET55: =SUM(EH55) -> 0 | EU55: قويزة | EV55: سعوديات | EW55: 0 | EX55: 0 | EZ55: 0 | FB55: 0 | FC55: 0 | FE55: 0 | FG55: 0 | FI55: =SUM(EW55) -> 0 | FJ55: قويزة | FK55: سعوديات | FL55: 0 | FM55: 0 | FO55: 0 | FQ55: 0 | FR55: 0 | FT55: 0 | FV55: 0 | FX55: =SUM(FL55) -> 0 | FY55: =(FJ55) -> قويزة | FZ55: سعوديات | GA55: =SUM(C55+R55+AG55+AV55+BK55+BZ55+CO55+DD55+DS55+EH55+EW55+FL55) -> 0 | GB55: =SUM(D55+S55+AH55+AW55+BL55+CA55+CP55+DE55+DT55+EI55+EX55+FM55) -> 0 | GD55: =SUM(F55+U55+AJ55+AY55+BN55+CC55+CR55+DG55+DV55+EK55+EZ55+FO55) -> 0 | GF55: =SUM(H55+W55+AL55+BA55+BP55+CE55+CT55+DI55+DX55+EM55+FB55+FQ55) -> 0 | GG55: =SUM(I55+X55+AM55+BB55+BQ55+CF55+CU55+DJ55+DY55+EN55+FC55+FR55) -> 0 | GI55: =SUM(K55+Z55+AO55+BD55+BS55+CH55+CW55+DL55+EA55+EP55+FE55+FT55) -> 0 | GK55: =SUM(M55+AB55+AQ55+BF55+BU55+CJ55+CY55+DN55+EC55+ER55+FG55+FV55) -> 0 | GM55: =SUM(GA55) -> 0
B56: غير سعوديات | C56: 0 | D56: 0 | F56: 0 | H56: 0 | I56: 0 | K56: 0 | M56: 0 | O56: =SUM(D55:G55) -> 0 | Q56: غير سعوديات | R56: 0 | S56: 0 | U56: 0 | W56: 0 | X56: 0 | Z56: 0 | AB56: 0 | AD56: =SUM(S55:V55) -> 0 | AF56: غير سعوديات | AG56: 0 | AH56: 0 | AJ56: 0 | AL56: 0 | AM56: 0 | AO56: 0 | AQ56: 0 | AS56: =SUM(AH55:AK55) -> 0 | AU56: غير سعوديات | AV56: 0 | AW56: 0 | AY56: 0 | BA56: 0 | BB56: 0 | BD56: 0 | BF56: 0 | BH56: =SUM(AW55:AZ55) -> 0 | BJ56: غير سعوديات | BK56: 0 | BL56: 0 | BN56: 0 | BP56: 0 | BQ56: 0 | BS56: 0 | BU56: 0 | BW56: =SUM(BL55:BO55) -> 0 | BY56: غير سعوديات | BZ56: 0 | CA56: 0 | CC56: 0 | CE56: 0 | CF56: 0 | CH56: 0 | CJ56: 0 | CL56: =SUM(CA55:CD55) -> 0 | CN56: غير سعوديات | CO56: 0 | CP56: 0 | CR56: 0 | CT56: 0 | CU56: 0 | CW56: 0 | CY56: 0 | DA56: =SUM(CP55:CS55) -> 0 | DC56: غير سعوديات | DD56: 0 | DE56: 0 | DG56: 0 | DI56: 0 | DJ56: 0 | DL56: 0 | DN56: 0 | DP56: =SUM(DE55:DH55) -> 0 | DR56: غير سعوديات | DS56: 0 | DT56: 0 | DV56: 0 | DX56: 0 | DY56: 0 | EA56: 0 | EC56: 0 | EE56: =SUM(DT55:DW55) -> 0 | EG56: غير سعوديات | EH56: 0 | EI56: 0 | EK56: 0 | EM56: 0 | EN56: 0 | EP56: 0 | ER56: 0 | ET56: =SUM(EI55:EL55) -> 0 | EV56: غير سعوديات | EW56: 0 | EX56: 0 | EZ56: 0 | FB56: 0 | FC56: 0 | FE56: 0 | FG56: 0 | FI56: =SUM(EX55:FA55) -> 0 | FK56: غير سعوديات | FL56: 0 | FM56: 0 | FO56: 0 | FQ56: 0 | FR56: 0 | FT56: 0 | FV56: 0 | FX56: =SUM(FM55:FP55) -> 0 | FZ56: غير سعوديات | GA56: =SUM(C56+R56+AG56+AV56+BK56+BZ56+CO56+DD56+DS56+EH56+EW56+FL56) -> 0 | GB56: =SUM(D56+S56+AH56+AW56+BL56+CA56+CP56+DE56+DT56+EI56+EX56+FM56) -> 0 | GD56: =SUM(F56+U56+AJ56+AY56+BN56+CC56+CR56+DG56+DV56+EK56+EZ56+FO56) -> 0 | GF56: =SUM(H56+W56+AL56+BA56+BP56+CE56+CT56+DI56+DX56+EM56+FB56+FQ56) -> 0 | GG56: =SUM(I56+X56+AM56+BB56+BQ56+CF56+CU56+DJ56+DY56+EN56+FC56+FR56) -> 0 | GI56: =SUM(K56+Z56+AO56+BD56+BS56+CH56+CW56+DL56+EA56+EP56+FE56+FT56) -> 0 | GK56: =SUM(M56+AB56+AQ56+BF56+BU56+CJ56+CY56+DN56+EC56+ER56+FG56+FV56) -> 0 | GM56: =SUM(GB55:GE55) -> 0
B57: المجموع | C57: =SUM(C55:C56) -> 0 | D57: =SUM(D55:E56) -> 0 | F57: =SUM(F55:G56) -> 0 | H57: =SUM(H55:H56) -> 0 | I57: =SUM(I55:J56) -> 0 | K57: =SUM(K55:L56) -> 0 | M57: =SUM(M55:N56) -> 0 | O57: =SUM(K55:N55) -> 0 | Q57: المجموع | R57: =SUM(R55:R56) -> 0 | S57: =SUM(S55:T56) -> 0 | U57: =SUM(U55:V56) -> 0 | W57: =SUM(W55:W56) -> 0 | X57: =SUM(X55:Y56) -> 0 | Z57: =SUM(Z55:AA56) -> 0 | AB57: =SUM(AB55:AC56) -> 0 | AD57: =SUM(Z55:AC55) -> 0 | AF57: المجموع | AG57: =SUM(AG55:AG56) -> 0 | AH57: =SUM(AH55:AI56) -> 0 | AJ57: =SUM(AJ55:AK56) -> 0 | AL57: =SUM(AL55:AL56) -> 0 | AM57: =SUM(AM55:AN56) -> 0 | AO57: =SUM(AO55:AP56) -> 0 | AQ57: =SUM(AQ55:AR56) -> 0 | AS57: =SUM(AO55:AR55) -> 0 | AU57: المجموع | AV57: =SUM(AV55:AV56) -> 0 | AW57: =SUM(AW55:AX56) -> 0 | AY57: =SUM(AY55:AZ56) -> 0 | BA57: =SUM(BA55:BA56) -> 0 | BB57: =SUM(BB55:BC56) -> 0 | BD57: =SUM(BD55:BE56) -> 0 | BF57: =SUM(BF55:BG56) -> 0 | BH57: =SUM(BD55:BG55) -> 0 | BJ57: المجموع | BK57: =SUM(BK55:BK56) -> 0 | BL57: =SUM(BL55:BM56) -> 0 | BN57: =SUM(BN55:BO56) -> 0 | BP57: =SUM(BP55:BP56) -> 0 | BQ57: =SUM(BQ55:BR56) -> 0 | BS57: =SUM(BS55:BT56) -> 0 | BU57: =SUM(BU55:BV56) -> 0 | BW57: =SUM(BS55:BV55) -> 0 | BY57: المجموع | BZ57: =SUM(BZ55:BZ56) -> 0 | CA57: =SUM(CA55:CB56) -> 0 | CC57: =SUM(CC55:CD56) -> 0 | CE57: =SUM(CE55:CE56) -> 0 | CF57: =SUM(CF55:CG56) -> 0 | CH57: =SUM(CH55:CI56) -> 0 | CJ57: =SUM(CJ55:CK56) -> 0 | CL57: =SUM(CH55:CK55) -> 0 | CN57: المجموع | CO57: =SUM(CO55:CO56) -> 0 | CP57: =SUM(CP55:CQ56) -> 0 | CR57: =SUM(CR55:CS56) -> 0 | CT57: =SUM(CT55:CT56) -> 0 | CU57: =SUM(CU55:CV56) -> 0 | CW57: =SUM(CW55:CX56) -> 0 | CY57: =SUM(CY55:CZ56) -> 0 | DA57: =SUM(CW55:CZ55) -> 0 | DC57: المجموع | DD57: =SUM(DD55:DD56) -> 0 | DE57: =SUM(DE55:DF56) -> 0 | DG57: =SUM(DG55:DH56) -> 0 | DI57: =SUM(DI55:DI56) -> 0 | DJ57: =SUM(DJ55:DK56) -> 0 | DL57: =SUM(DL55:DM56) -> 0 | DN57: =SUM(DN55:DO56) -> 0 | DP57: =SUM(DL55:DO55) -> 0 | DR57: المجموع | DS57: =SUM(DS55:DS56) -> 0 | DT57: =SUM(DT55:DU56) -> 0 | DV57: =SUM(DV55:DW56) -> 0 | DX57: =SUM(DX55:DX56) -> 0 | DY57: =SUM(DY55:DZ56) -> 0 | EA57: =SUM(EA55:EB56) -> 0 | EC57: =SUM(EC55:ED56) -> 0 | EE57: =SUM(EA55:ED55) -> 0 | EG57: المجموع | EH57: =SUM(EH55:EH56) -> 0 | EI57: =SUM(EI55:EJ56) -> 0 | EK57: =SUM(EK55:EL56) -> 0 | EM57: =SUM(EM55:EM56) -> 0 | EN57: =SUM(EN55:EO56) -> 0 | EP57: =SUM(EP55:EQ56) -> 0 | ER57: =SUM(ER55:ES56) -> 0 | ET57: =SUM(EP55:ES55) -> 0 | EV57: المجموع | EW57: =SUM(EW55:EW56) -> 0 | EX57: =SUM(EX55:EY56) -> 0 | EZ57: =SUM(EZ55:FA56) -> 0 | FB57: =SUM(FB55:FB56) -> 0 | FC57: =SUM(FC55:FD56) -> 0 | FE57: =SUM(FE55:FF56) -> 0 | FG57: =SUM(FG55:FH56) -> 0 | FI57: =SUM(FE55:FH55) -> 0 | FK57: المجموع | FL57: =SUM(FL55:FL56) -> 0 | FM57: =SUM(FM55:FN56) -> 0 | FO57: =SUM(FO55:FP56) -> 0 | FQ57: =SUM(FQ55:FQ56) -> 0 | FR57: =SUM(FR55:FS56) -> 0 | FT57: =SUM(FT55:FU56) -> 0 | FV57: =SUM(FV55:FW56) -> 0 | FX57: =SUM(FT55:FW55) -> 0 | FZ57: المجموع | GA57: =SUM(GA55:GA56) -> 0 | GB57: =SUM(GB55:GC56) -> 0 | GD57: =SUM(GD55:GE56) -> 0 | GF57: =SUM(GF55:GF56) -> 0 | GG57: =SUM(GG55:GH56) -> 0 | GI57: =SUM(GI55:GJ56) -> 0 | GK57: =SUM(GK55:GL56) -> 0 | GM57: =SUM(GI55:GL55) -> 0
D58: مكان الولادة | H58: نتيجة الحمل | O58: =SUM(D61:G61) -> 0 | S58: مكان الولادة | W58: نتيجة الحمل | AD58: =SUM(S61:V61) -> 0 | AH58: مكان الولادة | AL58: نتيجة الحمل | AS58: =SUM(AH61:AK61) -> 0 | AW58: مكان الولادة | BA58: نتيجة الحمل | BH58: =SUM(AW61:AZ61) -> 0 | BL58: مكان الولادة | BP58: نتيجة الحمل | BW58: =SUM(BL61:BO61) -> 0 | CA58: مكان الولادة | CE58: نتيجة الحمل | CL58: =SUM(CA61:CD61) -> 0 | CP58: مكان الولادة | CT58: نتيجة الحمل | DA58: =SUM(CP61:CS61) -> 0 | DE58: مكان الولادة | DI58: نتيجة الحمل | DP58: =SUM(DE61:DH61) -> 0 | DT58: مكان الولادة | DX58: نتيجة الحمل | EE58: =SUM(DT61:DW61) -> 0 | EI58: مكان الولادة | EM58: نتيجة الحمل | ET58: =SUM(EI61:EL61) -> 0 | EX58: مكان الولادة | FB58: نتيجة الحمل | FI58: =SUM(EX61:FA61) -> 0 | FM58: مكان الولادة | FQ58: نتيجة الحمل | FX58: =SUM(FM61:FP61) -> 0 | GB58: مكان الولادة | GF58: نتيجة الحمل | GM58: =SUM(GB61:GE61) -> 0
D59: بالمنزل | F59: بالمركز الصحي | G59: بالمستشفى | H59: مولود حي | M59: إجهاض | N59: مولود ميت | O59: =SUM(H61:N61) -> 0 | S59: بالمنزل | U59: بالمركز الصحي | V59: بالمستشفى | W59: مولود حي | AB59: إجهاض | AC59: مولود ميت | AD59: =SUM(W61:AC61) -> 0 | AH59: بالمنزل | AJ59: بالمركز الصحي | AK59: بالمستشفى | AL59: مولود حي | AQ59: إجهاض | AR59: مولود ميت | AS59: =SUM(AL61:AR61) -> 0 | AW59: بالمنزل | AY59: بالمركز الصحي | AZ59: بالمستشفى | BA59: مولود حي | BF59: إجهاض | BG59: مولود ميت | BH59: =SUM(BA61:BG61) -> 0 | BL59: بالمنزل | BN59: بالمركز الصحي | BO59: بالمستشفى | BP59: مولود حي | BU59: إجهاض | BV59: مولود ميت | BW59: =SUM(BP61:BV61) -> 0 | CA59: بالمنزل | CC59: بالمركز الصحي | CD59: بالمستشفى | CE59: مولود حي | CJ59: إجهاض | CK59: مولود ميت | CL59: =SUM(CE61:CK61) -> 0 | CP59: بالمنزل | CR59: بالمركز الصحي | CS59: بالمستشفى | CT59: مولود حي | CY59: إجهاض | CZ59: مولود ميت | DA59: =SUM(CT61:CZ61) -> 0 | DE59: بالمنزل | DG59: بالمركز الصحي | DH59: بالمستشفى | DI59: مولود حي | DN59: إجهاض | DO59: مولود ميت | DP59: =SUM(DI61:DO61) -> 0 | DT59: بالمنزل | DV59: بالمركز الصحي | DW59: بالمستشفى | DX59: مولود حي | EC59: إجهاض | ED59: مولود ميت | EE59: =SUM(DX61:ED61) -> 0 | EI59: بالمنزل | EK59: بالمركز الصحي | EL59: بالمستشفى | EM59: مولود حي | ER59: إجهاض | ES59: مولود ميت | ET59: =SUM(EM61:ES61) -> 0 | EX59: بالمنزل | EZ59: بالمركز الصحي | FA59: بالمستشفى | FB59: مولود حي | FG59: إجهاض | FH59: مولود ميت | FI59: =SUM(FB61:FH61) -> 0 | FM59: بالمنزل | FO59: بالمركز الصحي | FP59: بالمستشفى | FQ59: مولود حي | FV59: إجهاض | FW59: مولود ميت | FX59: =SUM(FQ61:FW61) -> 0 | GB59: بالمنزل | GD59: بالمركز الصحي | GE59: بالمستشفى | GF59: مولود حي | GK59: إجهاض | GL59: مولود ميت | GM59: =SUM(GF61:GL61) -> 0
D60: بإشراف | E60: بدون | H60: طبيعي | J60: مبتسر | K60: أقل من 2.5 كجم | O60: =SUM(C56) -> 0 | S60: بإشراف | T60: بدون | W60: طبيعي | Y60: مبتسر | Z60: أقل من 2.5 كجم | AD60: =SUM(R56) -> 0 | AH60: بإشراف | AI60: بدون | AL60: طبيعي | AN60: مبتسر | AO60: أقل من 2.5 كجم | AS60: =SUM(AG56) -> 0 | AW60: بإشراف | AX60: بدون | BA60: طبيعي | BC60: مبتسر | BD60: أقل من 2.5 كجم | BH60: =SUM(AV56) -> 0 | BL60: بإشراف | BM60: بدون | BP60: طبيعي | BR60: مبتسر | BS60: أقل من 2.5 كجم | BW60: =SUM(BK56) -> 0 | CA60: بإشراف | CB60: بدون | CE60: طبيعي | CG60: مبتسر | CH60: أقل من 2.5 كجم | CL60: =SUM(BZ56) -> 0 | CP60: بإشراف | CQ60: بدون | CT60: طبيعي | CV60: مبتسر | CW60: أقل من 2.5 كجم | DA60: =SUM(CO56) -> 0 | DE60: بإشراف | DF60: بدون | DI60: طبيعي | DK60: مبتسر | DL60: أقل من 2.5 كجم | DP60: =SUM(DD56) -> 0 | DT60: بإشراف | DU60: بدون | DX60: طبيعي | DZ60: مبتسر | EA60: أقل من 2.5 كجم | EE60: =SUM(DS56) -> 0 | EI60: بإشراف | EJ60: بدون | EM60: طبيعي | EO60: مبتسر | EP60: أقل من 2.5 كجم | ET60: =SUM(EH56) -> 0 | EX60: بإشراف | EY60: بدون | FB60: طبيعي | FD60: مبتسر | FE60: أقل من 2.5 كجم | FI60: =SUM(EW56) -> 0 | FM60: بإشراف | FN60: بدون | FQ60: طبيعي | FS60: مبتسر | FT60: أقل من 2.5 كجم | FX60: =SUM(FL56) -> 0 | GB60: بإشراف | GC60: بدون | GF60: طبيعي | GH60: مبتسر | GI60: أقل من 2.5 كجم | GM60: =SUM(GA56) -> 0
B61: سعوديات | D61: 0 | E61: 0 | F61: 0 | G61: 0 | H61: 0 | J61: 0 | K61: 0 | M61: 0 | N61: 0 | O61: =SUM(K56:N56) -> 0 | Q61: سعوديات | S61: 0 | T61: 0 | U61: 0 | V61: 0 | W61: 0 | Y61: 0 | Z61: 0 | AB61: 0 | AC61: 0 | AD61: =SUM(Z56:AC56) -> 0 | AF61: سعوديات | AH61: 0 | AI61: 0 | AJ61: 0 | AK61: 0 | AL61: 0 | AN61: 0 | AO61: 0 | AQ61: 0 | AR61: 0 | AS61: =SUM(AO56:AR56) -> 0 | AU61: سعوديات | AW61: 0 | AX61: 0 | AY61: 0 | AZ61: 0 | BA61: 0 | BC61: 0 | BD61: 0 | BF61: 0 | BG61: 0 | BH61: =SUM(BD56:BG56) -> 0 | BJ61: سعوديات | BL61: 0 | BM61: 0 | BN61: 0 | BO61: 0 | BP61: 0 | BR61: 0 | BS61: 0 | BU61: 0 | BV61: 0 | BW61: =SUM(BS56:BV56) -> 0 | BY61: سعوديات | CA61: 0 | CB61: 0 | CC61: 0 | CD61: 0 | CE61: 0 | CG61: 0 | CH61: 0 | CJ61: 0 | CK61: 0 | CL61: =SUM(CH56:CK56) -> 0 | CN61: سعوديات | CP61: 0 | CQ61: 0 | CR61: 0 | CS61: 0 | CT61: 0 | CV61: 0 | CW61: 0 | CY61: 0 | CZ61: 0 | DA61: =SUM(CW56:CZ56) -> 0 | DC61: سعوديات | DE61: 0 | DF61: 0 | DG61: 0 | DH61: 0 | DI61: 0 | DK61: 0 | DL61: 0 | DN61: 0 | DO61: 0 | DP61: =SUM(DL56:DO56) -> 0 | DR61: سعوديات | DT61: 0 | DU61: 0 | DV61: 0 | DW61: 0 | DX61: 0 | DZ61: 0 | EA61: 0 | EC61: 0 | ED61: 0 | EE61: =SUM(EA56:ED56) -> 0 | EG61: سعوديات | EI61: 0 | EJ61: 0 | EK61: 0 | EL61: 0 | EM61: 0 | EO61: 0 | EP61: 0 | ER61: 0 | ES61: 0 | ET61: =SUM(EP56:ES56) -> 0 | EV61: سعوديات | EX61: 0 | EY61: 0 | EZ61: 0 | FA61: 0 | FB61: 0 | FD61: 0 | FE61: 0 | FG61: 0 | FH61: 0 | FI61: =SUM(FE56:FH56) -> 0 | FK61: سعوديات | FM61: 0 | FN61: 0 | FO61: 0 | FP61: 0 | FQ61: 0 | FS61: 0 | FT61: 0 | FV61: 0 | FW61: 0 | FX61: =SUM(FT56:FW56) -> 0 | FZ61: سعوديات | GB61: =SUM(D61+S61+AH61+AW61+BL61+CA61+CP61+DE61+DT61+EI61+EX61+FM61) -> 0 | GC61: =SUM(E61+T61+AI61+AX61+BM61+CB61+CQ61+DF61+DU61+EJ61+EY61+FN61) -> 0 | GD61: =SUM(F61+U61+AJ61+AY61+BN61+CC61+CR61+DG61+DV61+EK61+EZ61+FO61) -> 0 | GE61: =SUM(G61+V61+AK61+AZ61+BO61+CD61+CS61+DH61+DW61+EL61+FA61+FP61) -> 0 | GF61: =SUM(H61+W61+AL61+BA61+BP61+CE61+CT61+DI61+DX61+EM61+FB61+FQ61) -> 0 | GH61: =SUM(J61+Y61+AN61+BC61+BR61+CG61+CV61+DK61+DZ61+EO61+FD61+FS61) -> 0 | GI61: =SUM(K61+Z61+AO61+BD61+BS61+CH61+CW61+DL61+EA61+EP61+FE61+FT61) -> 0 | GK61: =SUM(M61+AB61+AQ61+BF61+BU61+CJ61+CY61+DN61+EC61+ER61+FG61+FV61) -> 0 | GL61: =SUM(N61+AC61+AR61+BG61+BV61+CK61+CZ61+DO61+ED61+ES61+FH61+FW61) -> 0 | GM61: =SUM(GI56:GL56) -> 0
B62: غ.سعوديات | D62: 0 | E62: 0 | F62: 0 | G62: 0 | H62: 0 | J62: 0 | K62: 0 | M62: 0 | N62: 0 | O62: =SUM(D62:G62) -> 0 | Q62: غ.سعوديات | S62: 0 | T62: 0 | U62: 0 | V62: 0 | W62: 0 | Y62: 0 | Z62: 0 | AB62: 0 | AC62: 0 | AD62: =SUM(S62:V62) -> 0 | AF62: غ.سعوديات | AH62: 0 | AI62: 0 | AJ62: 0 | AK62: 0 | AL62: 0 | AN62: 0 | AO62: 0 | AQ62: 0 | AR62: 0 | AS62: =SUM(AH62:AK62) -> 0 | AU62: غ.سعوديات | AW62: 0 | AX62: 0 | AY62: 0 | AZ62: 0 | BA62: 0 | BC62: 0 | BD62: 0 | BF62: 0 | BG62: 0 | BH62: =SUM(AW62:AZ62) -> 0 | BJ62: غ.سعوديات | BL62: 0 | BM62: 0 | BN62: 0 | BO62: 0 | BP62: 0 | BR62: 0 | BS62: 0 | BU62: 0 | BV62: 0 | BW62: =SUM(BL62:BO62) -> 0 | BY62: غ.سعوديات | CA62: 0 | CB62: 0 | CC62: 0 | CD62: 0 | CE62: 0 | CG62: 0 | CH62: 0 | CJ62: 0 | CK62: 0 | CL62: =SUM(CA62:CD62) -> 0 | CN62: غ.سعوديات | CP62: 0 | CQ62: 0 | CR62: 0 | CS62: 0 | CT62: 0 | CV62: 0 | CW62: 0 | CY62: 0 | CZ62: 0 | DA62: =SUM(CP62:CS62) -> 0 | DC62: غ.سعوديات | DE62: 0 | DF62: 0 | DG62: 0 | DH62: 0 | DI62: 0 | DK62: 0 | DL62: 0 | DN62: 0 | DO62: 0 | DP62: =SUM(DE62:DH62) -> 0 | DR62: غ.سعوديات | DT62: 0 | DU62: 0 | DV62: 0 | DW62: 0 | DX62: 0 | DZ62: 0 | EA62: 0 | EC62: 0 | ED62: 0 | EE62: =SUM(DT62:DW62) -> 0 | EG62: غ.سعوديات | EI62: 0 | EJ62: 0 | EK62: 0 | EL62: 0 | EM62: 0 | EO62: 0 | EP62: 0 | ER62: 0 | ES62: 0 | ET62: =SUM(EI62:EL62) -> 0 | EV62: غ.سعوديات | EX62: 0 | EY62: 0 | EZ62: 0 | FA62: 0 | FB62: 0 | FD62: 0 | FE62: 0 | FG62: 0 | FH62: 0 | FI62: =SUM(EX62:FA62) -> 0 | FK62: غ.سعوديات | FM62: 0 | FN62: 0 | FO62: 0 | FP62: 0 | FQ62: 0 | FS62: 0 | FT62: 0 | FV62: 0 | FW62: 0 | FX62: =SUM(FM62:FP62) -> 0 | FZ62: غ.سعوديات | GB62: =SUM(D62+S62+AH62+AW62+BL62+CA62+CP62+DE62+DT62+EI62+EX62+FM62) -> 0 | GC62: =SUM(E62+T62+AI62+AX62+BM62+CB62+CQ62+DF62+DU62+EJ62+EY62+FN62) -> 0 | GD62: =SUM(F62+U62+AJ62+AY62+BN62+CC62+CR62+DG62+DV62+EK62+EZ62+FO62) -> 0 | GE62: =SUM(G62+V62+AK62+AZ62+BO62+CD62+CS62+DH62+DW62+EL62+FA62+FP62) -> 0 | GF62: =SUM(H62+W62+AL62+BA62+BP62+CE62+CT62+DI62+DX62+EM62+FB62+FQ62) -> 0 | GH62: =SUM(J62+Y62+AN62+BC62+BR62+CG62+CV62+DK62+DZ62+EO62+FD62+FS62) -> 0 | GI62: =SUM(K62+Z62+AO62+BD62+BS62+CH62+CW62+DL62+EA62+EP62+FE62+FT62) -> 0 | GK62: =SUM(M62+AB62+AQ62+BF62+BU62+CJ62+CY62+DN62+EC62+ER62+FG62+FV62) -> 0 | GL62: =SUM(N62+AC62+AR62+BG62+BV62+CK62+CZ62+DO62+ED62+ES62+FH62+FW62) -> 0 | GM62: =SUM(GB62:GE62) -> 0
B63: المجموع | D63: =SUM(D61:D62) -> 0 | E63: =SUM(E61:E62) -> 0 | F63: =SUM(F61:F62) -> 0 | G63: =SUM(G61:G62) -> 0 | H63: =SUM(H61:I62) -> 0 | J63: =SUM(J61:J62) -> 0 | K63: =SUM(K61:L62) -> 0 | M63: =SUM(M61:M62) -> 0 | N63: =SUM(N61:N62) -> 0 | O63: =SUM(H62:N62) -> 0 | Q63: المجموع | S63: =SUM(S61:S62) -> 0 | T63: =SUM(T61:T62) -> 0 | U63: =SUM(U61:U62) -> 0 | V63: =SUM(V61:V62) -> 0 | W63: =SUM(W61:X62) -> 0 | Y63: =SUM(Y61:Y62) -> 0 | Z63: =SUM(Z61:AA62) -> 0 | AB63: =SUM(AB61:AB62) -> 0 | AC63: =SUM(AC61:AC62) -> 0 | AD63: =SUM(W62:AC62) -> 0 | AF63: المجموع | AH63: =SUM(AH61:AH62) -> 0 | AI63: =SUM(AI61:AI62) -> 0 | AJ63: =SUM(AJ61:AJ62) -> 0 | AK63: =SUM(AK61:AK62) -> 0 | AL63: =SUM(AL61:AM62) -> 0 | AN63: =SUM(AN61:AN62) -> 0 | AO63: =SUM(AO61:AP62) -> 0 | AQ63: =SUM(AQ61:AQ62) -> 0 | AR63: =SUM(AR61:AR62) -> 0 | AS63: =SUM(AL62:AR62) -> 0 | AU63: المجموع | AW63: =SUM(AW61:AW62) -> 0 | AX63: =SUM(AX61:AX62) -> 0 | AY63: =SUM(AY61:AY62) -> 0 | AZ63: =SUM(AZ61:AZ62) -> 0 | BA63: =SUM(BA61:BB62) -> 0 | BC63: =SUM(BC61:BC62) -> 0 | BD63: =SUM(BD61:BE62) -> 0 | BF63: =SUM(BF61:BF62) -> 0 | BG63: =SUM(BG61:BG62) -> 0 | BH63: =SUM(BA62:BG62) -> 0 | BJ63: المجموع | BL63: =SUM(BL61:BL62) -> 0 | BM63: =SUM(BM61:BM62) -> 0 | BN63: =SUM(BN61:BN62) -> 0 | BO63: =SUM(BO61:BO62) -> 0 | BP63: =SUM(BP61:BQ62) -> 0 | BR63: =SUM(BR61:BR62) -> 0 | BS63: =SUM(BS61:BT62) -> 0 | BU63: =SUM(BU61:BU62) -> 0 | BV63: =SUM(BV61:BV62) -> 0 | BW63: =SUM(BP62:BV62) -> 0 | BY63: المجموع | CA63: =SUM(CA61:CA62) -> 0 | CB63: =SUM(CB61:CB62) -> 0 | CC63: =SUM(CC61:CC62) -> 0 | CD63: =SUM(CD61:CD62) -> 0 | CE63: =SUM(CE61:CF62) -> 0 | CG63: =SUM(CG61:CG62) -> 0 | CH63: =SUM(CH61:CI62) -> 0 | CJ63: =SUM(CJ61:CJ62) -> 0 | CK63: =SUM(CK61:CK62) -> 0 | CL63: =SUM(CE62:CK62) -> 0 | CN63: المجموع | CP63: =SUM(CP61:CP62) -> 0 | CQ63: =SUM(CQ61:CQ62) -> 0 | CR63: =SUM(CR61:CR62) -> 0 | CS63: =SUM(CS61:CS62) -> 0 | CT63: =SUM(CT61:CU62) -> 0 | CV63: =SUM(CV61:CV62) -> 0 | CW63: =SUM(CW61:CX62) -> 0 | CY63: =SUM(CY61:CY62) -> 0 | CZ63: =SUM(CZ61:CZ62) -> 0 | DA63: =SUM(CT62:CZ62) -> 0 | DC63: المجموع | DE63: =SUM(DE61:DE62) -> 0 | DF63: =SUM(DF61:DF62) -> 0 | DG63: =SUM(DG61:DG62) -> 0 | DH63: =SUM(DH61:DH62) -> 0 | DI63: =SUM(DI61:DJ62) -> 0 | DK63: =SUM(DK61:DK62) -> 0 | DL63: =SUM(DL61:DM62) -> 0 | DN63: =SUM(DN61:DN62) -> 0 | DO63: =SUM(DO61:DO62) -> 0 | DP63: =SUM(DI62:DO62) -> 0 | DR63: المجموع | DT63: =SUM(DT61:DT62) -> 0 | DU63: =SUM(DU61:DU62) -> 0 | DV63: =SUM(DV61:DV62) -> 0 | DW63: =SUM(DW61:DW62) -> 0 | DX63: =SUM(DX61:DY62) -> 0 | DZ63: =SUM(DZ61:DZ62) -> 0 | EA63: =SUM(EA61:EB62) -> 0 | EC63: =SUM(EC61:EC62) -> 0 | ED63: =SUM(ED61:ED62) -> 0 | EE63: =SUM(DX62:ED62) -> 0 | EG63: المجموع | EI63: =SUM(EI61:EI62) -> 0 | EJ63: =SUM(EJ61:EJ62) -> 0 | EK63: =SUM(EK61:EK62) -> 0 | EL63: =SUM(EL61:EL62) -> 0 | EM63: =SUM(EM61:EN62) -> 0 | EO63: =SUM(EO61:EO62) -> 0 | EP63: =SUM(EP61:EQ62) -> 0 | ER63: =SUM(ER61:ER62) -> 0 | ES63: =SUM(ES61:ES62) -> 0 | ET63: =SUM(EM62:ES62) -> 0 | EV63: المجموع | EX63: =SUM(EX61:EX62) -> 0 | EY63: =SUM(EY61:EY62) -> 0 | EZ63: =SUM(EZ61:EZ62) -> 0 | FA63: =SUM(FA61:FA62) -> 0 | FB63: =SUM(FB61:FC62) -> 0 | FD63: =SUM(FD61:FD62) -> 0 | FE63: =SUM(FE61:FF62) -> 0 | FG63: =SUM(FG61:FG62) -> 0 | FH63: =SUM(FH61:FH62) -> 0 | FI63: =SUM(FB62:FH62) -> 0 | FK63: المجموع | FM63: =SUM(FM61:FM62) -> 0 | FN63: =SUM(FN61:FN62) -> 0 | FO63: =SUM(FO61:FO62) -> 0 | FP63: =SUM(FP61:FP62) -> 0 | FQ63: =SUM(FQ61:FR62) -> 0 | FS63: =SUM(FS61:FS62) -> 0 | FT63: =SUM(FT61:FU62) -> 0 | FV63: =SUM(FV61:FV62) -> 0 | FW63: =SUM(FW61:FW62) -> 0 | FX63: =SUM(FQ62:FW62) -> 0 | FZ63: المجموع | GB63: =SUM(GB61:GB62) -> 0 | GC63: =SUM(GC61:GC62) -> 0 | GD63: =SUM(GD61:GD62) -> 0 | GE63: =SUM(GE61:GE62) -> 0 | GF63: =SUM(GF61:GG62) -> 0 | GH63: =SUM(GH61:GH62) -> 0 | GI63: =SUM(GI61:GJ62) -> 0 | GK63: =SUM(GK61:GK62) -> 0 | GL63: =SUM(GL61:GL62) -> 0 | GM63: =SUM(GF62:GL62) -> 0
A65: الرغامة | B65: سعوديات | C65: 0 | D65: 0 | F65: 0 | H65: 0 | I65: 0 | K65: 0 | M65: 0 | O65: =SUM(C65) -> 0 | P65: الرغامة | Q65: سعوديات | R65: 0 | S65: 0 | U65: 0 | W65: 0 | X65: 0 | Z65: 0 | AB65: 0 | AD65: =SUM(R65) -> 0 | AE65: الرغامة | AF65: سعوديات | AG65: 0 | AH65: 0 | AJ65: 0 | AL65: 0 | AM65: 0 | AO65: 0 | AQ65: 0 | AS65: =SUM(AG65) -> 0 | AT65: الرغامة | AU65: سعوديات | AV65: 0 | AW65: 0 | AY65: 0 | BA65: 0 | BB65: 0 | BD65: 0 | BF65: 0 | BH65: =SUM(AV65) -> 0 | BI65: الرغامة | BJ65: سعوديات | BK65: 0 | BL65: 0 | BN65: 0 | BP65: 0 | BQ65: 0 | BS65: 0 | BU65: 0 | BW65: =SUM(BK65) -> 0 | BX65: الرغامة | BY65: سعوديات | BZ65: 0 | CA65: 0 | CC65: 0 | CE65: 0 | CF65: 0 | CH65: 0 | CJ65: 0 | CL65: =SUM(BZ65) -> 0 | CM65: الرغامة | CN65: سعوديات | CO65: 0 | CP65: 0 | CR65: 0 | CT65: 0 | CU65: 0 | CW65: 0 | CY65: 0 | DA65: =SUM(CO65) -> 0 | DB65: الرغامة | DC65: سعوديات | DD65: 0 | DE65: 0 | DG65: 0 | DI65: 0 | DJ65: 0 | DL65: 0 | DN65: 0 | DP65: =SUM(DD65) -> 0 | DQ65: الرغامة | DR65: سعوديات | DS65: 0 | DT65: 0 | DV65: 0 | DX65: 0 | DY65: 0 | EA65: 0 | EC65: 0 | EE65: =SUM(DS65) -> 0 | EF65: الرغامة | EG65: سعوديات | EH65: 0 | EI65: 0 | EK65: 0 | EM65: 0 | EN65: 0 | EP65: 0 | ER65: 0 | ET65: =SUM(EH65) -> 0 | EU65: الرغامة | EV65: سعوديات | EW65: 0 | EX65: 0 | EZ65: 0 | FB65: 0 | FC65: 0 | FE65: 0 | FG65: 0 | FI65: =SUM(EW65) -> 0 | FJ65: الرغامة | FK65: سعوديات | FL65: 0 | FM65: 0 | FO65: 0 | FQ65: 0 | FR65: 0 | FT65: 0 | FV65: 0 | FX65: =SUM(FL65) -> 0 | FY65: =(FJ65) -> الرغامة | FZ65: سعوديات | GA65: =SUM(C65+R65+AG65+AV65+BK65+BZ65+CO65+DD65+DS65+EH65+EW65+FL65) -> 0 | GB65: =SUM(D65+S65+AH65+AW65+BL65+CA65+CP65+DE65+DT65+EI65+EX65+FM65) -> 0 | GD65: =SUM(F65+U65+AJ65+AY65+BN65+CC65+CR65+DG65+DV65+EK65+EZ65+FO65) -> 0 | GF65: =SUM(H65+W65+AL65+BA65+BP65+CE65+CT65+DI65+DX65+EM65+FB65+FQ65) -> 0 | GG65: =SUM(I65+X65+AM65+BB65+BQ65+CF65+CU65+DJ65+DY65+EN65+FC65+FR65) -> 0 | GI65: =SUM(K65+Z65+AO65+BD65+BS65+CH65+CW65+DL65+EA65+EP65+FE65+FT65) -> 0 | GK65: =SUM(M65+AB65+AQ65+BF65+BU65+CJ65+CY65+DN65+EC65+ER65+FG65+FV65) -> 0 | GM65: =SUM(GA65) -> 0
B66: غير سعوديات | C66: 0 | D66: 0 | F66: 0 | H66: 0 | I66: 0 | K66: 0 | M66: 0 | O66: =SUM(D65:G65) -> 0 | Q66: غير سعوديات | R66: 0 | S66: 0 | U66: 0 | W66: 0 | X66: 0 | Z66: 0 | AB66: 0 | AD66: =SUM(S65:V65) -> 0 | AF66: غير سعوديات | AG66: 0 | AH66: 0 | AJ66: 0 | AL66: 0 | AM66: 0 | AO66: 0 | AQ66: 0 | AS66: =SUM(AH65:AK65) -> 0 | AU66: غير سعوديات | AV66: 0 | AW66: 0 | AY66: 0 | BA66: 0 | BB66: 0 | BD66: 0 | BF66: 0 | BH66: =SUM(AW65:AZ65) -> 0 | BJ66: غير سعوديات | BK66: 0 | BL66: 0 | BN66: 0 | BP66: 0 | BQ66: 0 | BS66: 0 | BU66: 0 | BW66: =SUM(BL65:BO65) -> 0 | BY66: غير سعوديات | BZ66: 0 | CA66: 0 | CC66: 0 | CE66: 0 | CF66: 0 | CH66: 0 | CJ66: 0 | CL66: =SUM(CA65:CD65) -> 0 | CN66: غير سعوديات | CO66: 0 | CP66: 0 | CR66: 0 | CT66: 0 | CU66: 0 | CW66: 0 | CY66: 0 | DA66: =SUM(CP65:CS65) -> 0 | DC66: غير سعوديات | DD66: 0 | DE66: 0 | DG66: 0 | DI66: 0 | DJ66: 0 | DL66: 0 | DN66: 0 | DP66: =SUM(DE65:DH65) -> 0 | DR66: غير سعوديات | DS66: 0 | DT66: 0 | DV66: 0 | DX66: 0 | DY66: 0 | EA66: 0 | EC66: 0 | EE66: =SUM(DT65:DW65) -> 0 | EG66: غير سعوديات | EH66: 0 | EI66: 0 | EK66: 0 | EM66: 0 | EN66: 0 | EP66: 0 | ER66: 0 | ET66: =SUM(EI65:EL65) -> 0 | EV66: غير سعوديات | EW66: 0 | EX66: 0 | EZ66: 0 | FB66: 0 | FC66: 0 | FE66: 0 | FG66: 0 | FI66: =SUM(EX65:FA65) -> 0 | FK66: غير سعوديات | FL66: 0 | FM66: 0 | FO66: 0 | FQ66: 0 | FR66: 0 | FT66: 0 | FV66: 0 | FX66: =SUM(FM65:FP65) -> 0 | FZ66: غير سعوديات | GA66: =SUM(C66+R66+AG66+AV66+BK66+BZ66+CO66+DD66+DS66+EH66+EW66+FL66) -> 0 | GB66: =SUM(D66+S66+AH66+AW66+BL66+CA66+CP66+DE66+DT66+EI66+EX66+FM66) -> 0 | GD66: =SUM(F66+U66+AJ66+AY66+BN66+CC66+CR66+DG66+DV66+EK66+EZ66+FO66) -> 0 | GF66: =SUM(H66+W66+AL66+BA66+BP66+CE66+CT66+DI66+DX66+EM66+FB66+FQ66) -> 0 | GG66: =SUM(I66+X66+AM66+BB66+BQ66+CF66+CU66+DJ66+DY66+EN66+FC66+FR66) -> 0 | GI66: =SUM(K66+Z66+AO66+BD66+BS66+CH66+CW66+DL66+EA66+EP66+FE66+FT66) -> 0 | GK66: =SUM(M66+AB66+AQ66+BF66+BU66+CJ66+CY66+DN66+EC66+ER66+FG66+FV66) -> 0 | GM66: =SUM(GB65:GE65) -> 0
B67: المجموع | C67: =SUM(C65:C66) -> 0 | D67: =SUM(D65:E66) -> 0 | F67: =SUM(F65:G66) -> 0 | H67: =SUM(H65:H66) -> 0 | I67: =SUM(I65:J66) -> 0 | K67: =SUM(K65:L66) -> 0 | M67: =SUM(M65:N66) -> 0 | O67: =SUM(K65:N65) -> 0 | Q67: المجموع | R67: =SUM(R65:R66) -> 0 | S67: =SUM(S65:T66) -> 0 | U67: =SUM(U65:V66) -> 0 | W67: =SUM(W65:W66) -> 0 | X67: =SUM(X65:Y66) -> 0 | Z67: =SUM(Z65:AA66) -> 0 | AB67: =SUM(AB65:AC66) -> 0 | AD67: =SUM(Z65:AC65) -> 0 | AF67: المجموع | AG67: =SUM(AG65:AG66) -> 0 | AH67: =SUM(AH65:AI66) -> 0 | AJ67: =SUM(AJ65:AK66) -> 0 | AL67: =SUM(AL65:AL66) -> 0 | AM67: =SUM(AM65:AN66) -> 0 | AO67: =SUM(AO65:AP66) -> 0 | AQ67: =SUM(AQ65:AR66) -> 0 | AS67: =SUM(AO65:AR65) -> 0 | AU67: المجموع | AV67: =SUM(AV65:AV66) -> 0 | AW67: =SUM(AW65:AX66) -> 0 | AY67: =SUM(AY65:AZ66) -> 0 | BA67: =SUM(BA65:BA66) -> 0 | BB67: =SUM(BB65:BC66) -> 0 | BD67: =SUM(BD65:BE66) -> 0 | BF67: =SUM(BF65:BG66) -> 0 | BH67: =SUM(BD65:BG65) -> 0 | BJ67: المجموع | BK67: =SUM(BK65:BK66) -> 0 | BL67: =SUM(BL65:BM66) -> 0 | BN67: =SUM(BN65:BO66) -> 0 | BP67: =SUM(BP65:BP66) -> 0 | BQ67: =SUM(BQ65:BR66) -> 0 | BS67: =SUM(BS65:BT66) -> 0 | BU67: =SUM(BU65:BV66) -> 0 | BW67: =SUM(BS65:BV65) -> 0 | BY67: المجموع | BZ67: =SUM(BZ65:BZ66) -> 0 | CA67: =SUM(CA65:CB66) -> 0 | CC67: =SUM(CC65:CD66) -> 0 | CE67: =SUM(CE65:CE66) -> 0 | CF67: =SUM(CF65:CG66) -> 0 | CH67: =SUM(CH65:CI66) -> 0 | CJ67: =SUM(CJ65:CK66) -> 0 | CL67: =SUM(CH65:CK65) -> 0 | CN67: المجموع | CO67: =SUM(CO65:CO66) -> 0 | CP67: =SUM(CP65:CQ66) -> 0 | CR67: =SUM(CR65:CS66) -> 0 | CT67: =SUM(CT65:CT66) -> 0 | CU67: =SUM(CU65:CV66) -> 0 | CW67: =SUM(CW65:CX66) -> 0 | CY67: =SUM(CY65:CZ66) -> 0 | DA67: =SUM(CW65:CZ65) -> 0 | DC67: المجموع | DD67: =SUM(DD65:DD66) -> 0 | DE67: =SUM(DE65:DF66) -> 0 | DG67: =SUM(DG65:DH66) -> 0 | DI67: =SUM(DI65:DI66) -> 0 | DJ67: =SUM(DJ65:DK66) -> 0 | DL67: =SUM(DL65:DM66) -> 0 | DN67: =SUM(DN65:DO66) -> 0 | DP67: =SUM(DL65:DO65) -> 0 | DR67: المجموع | DS67: =SUM(DS65:DS66) -> 0 | DT67: =SUM(DT65:DU66) -> 0 | DV67: =SUM(DV65:DW66) -> 0 | DX67: =SUM(DX65:DX66) -> 0 | DY67: =SUM(DY65:DZ66) -> 0 | EA67: =SUM(EA65:EB66) -> 0 | EC67: =SUM(EC65:ED66) -> 0 | EE67: =SUM(EA65:ED65) -> 0 | EG67: المجموع | EH67: =SUM(EH65:EH66) -> 0 | EI67: =SUM(EI65:EJ66) -> 0 | EK67: =SUM(EK65:EL66) -> 0 | EM67: =SUM(EM65:EM66) -> 0 | EN67: =SUM(EN65:EO66) -> 0 | EP67: =SUM(EP65:EQ66) -> 0 | ER67: =SUM(ER65:ES66) -> 0 | ET67: =SUM(EP65:ES65) -> 0 | EV67: المجموع | EW67: =SUM(EW65:EW66) -> 0 | EX67: =SUM(EX65:EY66) -> 0 | EZ67: =SUM(EZ65:FA66) -> 0 | FB67: =SUM(FB65:FB66) -> 0 | FC67: =SUM(FC65:FD66) -> 0 | FE67: =SUM(FE65:FF66) -> 0 | FG67: =SUM(FG65:FH66) -> 0 | FI67: =SUM(FE65:FH65) -> 0 | FK67: المجموع | FL67: =SUM(FL65:FL66) -> 0 | FM67: =SUM(FM65:FN66) -> 0 | FO67: =SUM(FO65:FP66) -> 0 | FQ67: =SUM(FQ65:FQ66) -> 0 | FR67: =SUM(FR65:FS66) -> 0 | FT67: =SUM(FT65:FU66) -> 0 | FV67: =SUM(FV65:FW66) -> 0 | FX67: =SUM(FT65:FW65) -> 0 | FZ67: المجموع | GA67: =SUM(GA65:GA66) -> 0 | GB67: =SUM(GB65:GC66) -> 0 | GD67: =SUM(GD65:GE66) -> 0 | GF67: =SUM(GF65:GF66) -> 0 | GG67: =SUM(GG65:GH66) -> 0 | GI67: =SUM(GI65:GJ66) -> 0 | GK67: =SUM(GK65:GL66) -> 0 | GM67: =SUM(GI65:GL65) -> 0
D68: مكان الولادة | H68: نتيجة الحمل | O68: =SUM(D71:G71) -> 0 | S68: مكان الولادة | W68: نتيجة الحمل | AD68: =SUM(S71:V71) -> 0 | AH68: مكان الولادة | AL68: نتيجة الحمل | AS68: =SUM(AH71:AK71) -> 0 | AW68: مكان الولادة | BA68: نتيجة الحمل | BH68: =SUM(AW71:AZ71) -> 0 | BL68: مكان الولادة | BP68: نتيجة الحمل | BW68: =SUM(BL71:BO71) -> 0 | CA68: مكان الولادة | CE68: نتيجة الحمل | CL68: =SUM(CA71:CD71) -> 0 | CP68: مكان الولادة | CT68: نتيجة الحمل | DA68: =SUM(CP71:CS71) -> 0 | DE68: مكان الولادة | DI68: نتيجة الحمل | DP68: =SUM(DE71:DH71) -> 0 | DT68: مكان الولادة | DX68: نتيجة الحمل | EE68: =SUM(DT71:DW71) -> 0 | EI68: مكان الولادة | EM68: نتيجة الحمل | ET68: =SUM(EI71:EL71) -> 0 | EX68: مكان الولادة | FB68: نتيجة الحمل | FI68: =SUM(EX71:FA71) -> 0 | FM68: مكان الولادة | FQ68: نتيجة الحمل | FX68: =SUM(FM71:FP71) -> 0 | GB68: مكان الولادة | GF68: نتيجة الحمل | GM68: =SUM(GB71:GE71) -> 0
D69: بالمنزل | F69: بالمركز الصحي | G69: بالمستشفى | H69: مولود حي | M69: إجهاض | N69: مولود ميت | O69: =SUM(H71:N71) -> 0 | S69: بالمنزل | U69: بالمركز الصحي | V69: بالمستشفى | W69: مولود حي | AB69: إجهاض | AC69: مولود ميت | AD69: =SUM(W71:AC71) -> 0 | AH69: بالمنزل | AJ69: بالمركز الصحي | AK69: بالمستشفى | AL69: مولود حي | AQ69: إجهاض | AR69: مولود ميت | AS69: =SUM(AL71:AR71) -> 0 | AW69: بالمنزل | AY69: بالمركز الصحي | AZ69: بالمستشفى | BA69: مولود حي | BF69: إجهاض | BG69: مولود ميت | BH69: =SUM(BA71:BG71) -> 0 | BL69: بالمنزل | BN69: بالمركز الصحي | BO69: بالمستشفى | BP69: مولود حي | BU69: إجهاض | BV69: مولود ميت | BW69: =SUM(BP71:BV71) -> 0 | CA69: بالمنزل | CC69: بالمركز الصحي | CD69: بالمستشفى | CE69: مولود حي | CJ69: إجهاض | CK69: مولود ميت | CL69: =SUM(CE71:CK71) -> 0 | CP69: بالمنزل | CR69: بالمركز الصحي | CS69: بالمستشفى | CT69: مولود حي | CY69: إجهاض | CZ69: مولود ميت | DA69: =SUM(CT71:CZ71) -> 0 | DE69: بالمنزل | DG69: بالمركز الصحي | DH69: بالمستشفى | DI69: مولود حي | DN69: إجهاض | DO69: مولود ميت | DP69: =SUM(DI71:DO71) -> 0 | DT69: بالمنزل | DV69: بالمركز الصحي | DW69: بالمستشفى | DX69: مولود حي | EC69: إجهاض | ED69: مولود ميت | EE69: =SUM(DX71:ED71) -> 0 | EI69: بالمنزل | EK69: بالمركز الصحي | EL69: بالمستشفى | EM69: مولود حي | ER69: إجهاض | ES69: مولود ميت | ET69: =SUM(EM71:ES71) -> 0 | EX69: بالمنزل | EZ69: بالمركز الصحي | FA69: بالمستشفى | FB69: مولود حي | FG69: إجهاض | FH69: مولود ميت | FI69: =SUM(FB71:FH71) -> 0 | FM69: بالمنزل | FO69: بالمركز الصحي | FP69: بالمستشفى | FQ69: مولود حي | FV69: إجهاض | FW69: مولود ميت | FX69: =SUM(FQ71:FW71) -> 0 | GB69: بالمنزل | GD69: بالمركز الصحي | GE69: بالمستشفى | GF69: مولود حي | GK69: إجهاض | GL69: مولود ميت | GM69: =SUM(GF71:GL71) -> 0
D70: بإشراف | E70: بدون | H70: طبيعي | J70: مبتسر | K70: أقل من 2.5 كجم | O70: =SUM(C66) -> 0 | S70: بإشراف | T70: بدون | W70: طبيعي | Y70: مبتسر | Z70: أقل من 2.5 كجم | AD70: =SUM(R66) -> 0 | AH70: بإشراف | AI70: بدون | AL70: طبيعي | AN70: مبتسر | AO70: أقل من 2.5 كجم | AS70: =SUM(AG66) -> 0 | AW70: بإشراف | AX70: بدون | BA70: طبيعي | BC70: مبتسر | BD70: أقل من 2.5 كجم | BH70: =SUM(AV66) -> 0 | BL70: بإشراف | BM70: بدون | BP70: طبيعي | BR70: مبتسر | BS70: أقل من 2.5 كجم | BW70: =SUM(BK66) -> 0 | CA70: بإشراف | CB70: بدون | CE70: طبيعي | CG70: مبتسر | CH70: أقل من 2.5 كجم | CL70: =SUM(BZ66) -> 0 | CP70: بإشراف | CQ70: بدون | CT70: طبيعي | CV70: مبتسر | CW70: أقل من 2.5 كجم | DA70: =SUM(CO66) -> 0 | DE70: بإشراف | DF70: بدون | DI70: طبيعي | DK70: مبتسر | DL70: أقل من 2.5 كجم | DP70: =SUM(DD66) -> 0 | DT70: بإشراف | DU70: بدون | DX70: طبيعي | DZ70: مبتسر | EA70: أقل من 2.5 كجم | EE70: =SUM(DS66) -> 0 | EI70: بإشراف | EJ70: بدون | EM70: طبيعي | EO70: مبتسر | EP70: أقل من 2.5 كجم | ET70: =SUM(EH66) -> 0 | EX70: بإشراف | EY70: بدون | FB70: طبيعي | FD70: مبتسر | FE70: أقل من 2.5 كجم | FI70: =SUM(EW66) -> 0 | FM70: بإشراف | FN70: بدون | FQ70: طبيعي | FS70: مبتسر | FT70: أقل من 2.5 كجم | FX70: =SUM(FL66) -> 0 | GB70: بإشراف | GC70: بدون | GF70: طبيعي | GH70: مبتسر | GI70: أقل من 2.5 كجم | GM70: =SUM(GA66) -> 0
B71: سعوديات | D71: 0 | E71: 0 | F71: 0 | G71: 0 | H71: 0 | J71: 0 | K71: 0 | M71: 0 | N71: 0 | O71: =SUM(K66:N66) -> 0 | Q71: سعوديات | S71: 0 | T71: 0 | U71: 0 | V71: 0 | W71: 0 | Y71: 0 | Z71: 0 | AB71: 0 | AC71: 0 | AD71: =SUM(Z66:AC66) -> 0 | AF71: سعوديات | AH71: 0 | AI71: 0 | AJ71: 0 | AK71: 0 | AL71: 0 | AN71: 0 | AO71: 0 | AQ71: 0 | AR71: 0 | AS71: =SUM(AO66:AR66) -> 0 | AU71: سعوديات | AW71: 0 | AX71: 0 | AY71: 0 | AZ71: 0 | BA71: 0 | BC71: 0 | BD71: 0 | BF71: 0 | BG71: 0 | BH71: =SUM(BD66:BG66) -> 0 | BJ71: سعوديات | BL71: 0 | BM71: 0 | BN71: 0 | BO71: 0 | BP71: 0 | BR71: 0 | BS71: 0 | BU71: 0 | BV71: 0 | BW71: =SUM(BS66:BV66) -> 0 | BY71: سعوديات | CA71: 0 | CB71: 0 | CC71: 0 | CD71: 0 | CE71: 0 | CG71: 0 | CH71: 0 | CJ71: 0 | CK71: 0 | CL71: =SUM(CH66:CK66) -> 0 | CN71: سعوديات | CP71: 0 | CQ71: 0 | CR71: 0 | CS71: 0 | CT71: 0 | CV71: 0 | CW71: 0 | CY71: 0 | CZ71: 0 | DA71: =SUM(CW66:CZ66) -> 0 | DC71: سعوديات | DE71: 0 | DF71: 0 | DG71: 0 | DH71: 0 | DI71: 0 | DK71: 0 | DL71: 0 | DN71: 0 | DO71: 0 | DP71: =SUM(DL66:DO66) -> 0 | DR71: سعوديات | DT71: 0 | DU71: 0 | DV71: 0 | DW71: 0 | DX71: 0 | DZ71: 0 | EA71: 0 | EC71: 0 | ED71: 0 | EE71: =SUM(EA66:ED66) -> 0 | EG71: سعوديات | EI71: 0 | EJ71: 0 | EK71: 0 | EL71: 0 | EM71: 0 | EO71: 0 | EP71: 0 | ER71: 0 | ES71: 0 | ET71: =SUM(EP66:ES66) -> 0 | EV71: سعوديات | EX71: 0 | EY71: 0 | EZ71: 0 | FA71: 0 | FB71: 0 | FD71: 0 | FE71: 0 | FG71: 0 | FH71: 0 | FI71: =SUM(FE66:FH66) -> 0 | FK71: سعوديات | FM71: 0 | FN71: 0 | FO71: 0 | FP71: 0 | FQ71: 0 | FS71: 0 | FT71: 0 | FV71: 0 | FW71: 0 | FX71: =SUM(FT66:FW66) -> 0 | FZ71: سعوديات | GB71: =SUM(D71+S71+AH71+AW71+BL71+CA71+CP71+DE71+DT71+EI71+EX71+FM71) -> 0 | GC71: =SUM(E71+T71+AI71+AX71+BM71+CB71+CQ71+DF71+DU71+EJ71+EY71+FN71) -> 0 | GD71: =SUM(F71+U71+AJ71+AY71+BN71+CC71+CR71+DG71+DV71+EK71+EZ71+FO71) -> 0 | GE71: =SUM(G71+V71+AK71+AZ71+BO71+CD71+CS71+DH71+DW71+EL71+FA71+FP71) -> 0 | GF71: =SUM(H71+W71+AL71+BA71+BP71+CE71+CT71+DI71+DX71+EM71+FB71+FQ71) -> 0 | GH71: =SUM(J71+Y71+AN71+BC71+BR71+CG71+CV71+DK71+DZ71+EO71+FD71+FS71) -> 0 | GI71: =SUM(K71+Z71+AO71+BD71+BS71+CH71+CW71+DL71+EA71+EP71+FE71+FT71) -> 0 | GK71: =SUM(M71+AB71+AQ71+BF71+BU71+CJ71+CY71+DN71+EC71+ER71+FG71+FV71) -> 0 | GL71: =SUM(N71+AC71+AR71+BG71+BV71+CK71+CZ71+DO71+ED71+ES71+FH71+FW71) -> 0 | GM71: =SUM(GI66:GL66) -> 0
B72: غ.سعوديات | D72: 0 | E72: 0 | F72: 0 | G72: 0 | H72: 0 | J72: 0 | K72: 0 | M72: 0 | N72: 0 | O72: =SUM(D72:G72) -> 0 | Q72: غ.سعوديات | S72: 0 | T72: 0 | U72: 0 | V72: 0 | W72: 0 | Y72: 0 | Z72: 0 | AB72: 0 | AC72: 0 | AD72: =SUM(S72:V72) -> 0 | AF72: غ.سعوديات | AH72: 0 | AI72: 0 | AJ72: 0 | AK72: 0 | AL72: 0 | AN72: 0 | AO72: 0 | AQ72: 0 | AR72: 0 | AS72: =SUM(AH72:AK72) -> 0 | AU72: غ.سعوديات | AW72: 0 | AX72: 0 | AY72: 0 | AZ72: 0 | BA72: 0 | BC72: 0 | BD72: 0 | BF72: 0 | BG72: 0 | BH72: =SUM(AW72:AZ72) -> 0 | BJ72: غ.سعوديات | BL72: 0 | BM72: 0 | BN72: 0 | BO72: 0 | BP72: 0 | BR72: 0 | BS72: 0 | BU72: 0 | BV72: 0 | BW72: =SUM(BL72:BO72) -> 0 | BY72: غ.سعوديات | CA72: 0 | CB72: 0 | CC72: 0 | CD72: 0 | CE72: 0 | CG72: 0 | CH72: 0 | CJ72: 0 | CK72: 0 | CL72: =SUM(CA72:CD72) -> 0 | CN72: غ.سعوديات | CP72: 0 | CQ72: 0 | CR72: 0 | CS72: 0 | CT72: 0 | CV72: 0 | CW72: 0 | CY72: 0 | CZ72: 0 | DA72: =SUM(CP72:CS72) -> 0 | DC72: غ.سعوديات | DE72: 0 | DF72: 0 | DG72: 0 | DH72: 0 | DI72: 0 | DK72: 0 | DL72: 0 | DN72: 0 | DO72: 0 | DP72: =SUM(DE72:DH72) -> 0 | DR72: غ.سعوديات | DT72: 0 | DU72: 0 | DV72: 0 | DW72: 0 | DX72: 0 | DZ72: 0 | EA72: 0 | EC72: 0 | ED72: 0 | EE72: =SUM(DT72:DW72) -> 0 | EG72: غ.سعوديات | EI72: 0 | EJ72: 0 | EK72: 0 | EL72: 0 | EM72: 0 | EO72: 0 | EP72: 0 | ER72: 0 | ES72: 0 | ET72: =SUM(EI72:EL72) -> 0 | EV72: غ.سعوديات | EX72: 0 | EY72: 0 | EZ72: 0 | FA72: 0 | FB72: 0 | FD72: 0 | FE72: 0 | FG72: 0 | FH72: 0 | FI72: =SUM(EX72:FA72) -> 0 | FK72: غ.سعوديات | FM72: 0 | FN72: 0 | FO72: 0 | FP72: 0 | FQ72: 0 | FS72: 0 | FT72: 0 | FV72: 0 | FW72: 0 | FX72: =SUM(FM72:FP72) -> 0 | FZ72: غ.سعوديات | GB72: =SUM(D72+S72+AH72+AW72+BL72+CA72+CP72+DE72+DT72+EI72+EX72+FM72) -> 0 | GC72: =SUM(E72+T72+AI72+AX72+BM72+CB72+CQ72+DF72+DU72+EJ72+EY72+FN72) -> 0 | GD72: =SUM(F72+U72+AJ72+AY72+BN72+CC72+CR72+DG72+DV72+EK72+EZ72+FO72) -> 0 | GE72: =SUM(G72+V72+AK72+AZ72+BO72+CD72+CS72+DH72+DW72+EL72+FA72+FP72) -> 0 | GF72: =SUM(H72+W72+AL72+BA72+BP72+CE72+CT72+DI72+DX72+EM72+FB72+FQ72) -> 0 | GH72: =SUM(J72+Y72+AN72+BC72+BR72+CG72+CV72+DK72+DZ72+EO72+FD72+FS72) -> 0 | GI72: =SUM(K72+Z72+AO72+BD72+BS72+CH72+CW72+DL72+EA72+EP72+FE72+FT72) -> 0 | GK72: =SUM(M72+AB72+AQ72+BF72+BU72+CJ72+CY72+DN72+EC72+ER72+FG72+FV72) -> 0 | GL72: =SUM(N72+AC72+AR72+BG72+BV72+CK72+CZ72+DO72+ED72+ES72+FH72+FW72) -> 0 | GM72: =SUM(GB72:GE72) -> 0
B73: المجموع | D73: =SUM(D71:D72) -> 0 | E73: =SUM(E71:E72) -> 0 | F73: =SUM(F71:F72) -> 0 | G73: =SUM(G71:G72) -> 0 | H73: =SUM(H71:I72) -> 0 | J73: =SUM(J71:J72) -> 0 | K73: =SUM(K71:L72) -> 0 | M73: =SUM(M71:M72) -> 0 | N73: =SUM(N71:N72) -> 0 | O73: =SUM(H72:N72) -> 0 | Q73: المجموع | S73: =SUM(S71:S72) -> 0 | T73: =SUM(T71:T72) -> 0 | U73: =SUM(U71:U72) -> 0 | V73: =SUM(V71:V72) -> 0 | W73: =SUM(W71:X72) -> 0 | Y73: =SUM(Y71:Y72) -> 0 | Z73: =SUM(Z71:AA72) -> 0 | AB73: =SUM(AB71:AB72) -> 0 | AC73: =SUM(AC71:AC72) -> 0 | AD73: =SUM(W72:AC72) -> 0 | AF73: المجموع | AH73: =SUM(AH71:AH72) -> 0 | AI73: =SUM(AI71:AI72) -> 0 | AJ73: =SUM(AJ71:AJ72) -> 0 | AK73: =SUM(AK71:AK72) -> 0 | AL73: =SUM(AL71:AM72) -> 0 | AN73: =SUM(AN71:AN72) -> 0 | AO73: =SUM(AO71:AP72) -> 0 | AQ73: =SUM(AQ71:AQ72) -> 0 | AR73: =SUM(AR71:AR72) -> 0 | AS73: =SUM(AL72:AR72) -> 0 | AU73: المجموع | AW73: =SUM(AW71:AW72) -> 0 | AX73: =SUM(AX71:AX72) -> 0 | AY73: =SUM(AY71:AY72) -> 0 | AZ73: =SUM(AZ71:AZ72) -> 0 | BA73: =SUM(BA71:BB72) -> 0 | BC73: =SUM(BC71:BC72) -> 0 | BD73: =SUM(BD71:BE72) -> 0 | BF73: =SUM(BF71:BF72) -> 0 | BG73: =SUM(BG71:BG72) -> 0 | BH73: =SUM(BA72:BG72) -> 0 | BJ73: المجموع | BL73: =SUM(BL71:BL72) -> 0 | BM73: =SUM(BM71:BM72) -> 0 | BN73: =SUM(BN71:BN72) -> 0 | BO73: =SUM(BO71:BO72) -> 0 | BP73: =SUM(BP71:BQ72) -> 0 | BR73: =SUM(BR71:BR72) -> 0 | BS73: =SUM(BS71:BT72) -> 0 | BU73: =SUM(BU71:BU72) -> 0 | BV73: =SUM(BV71:BV72) -> 0 | BW73: =SUM(BP72:BV72) -> 0 | BY73: المجموع | CA73: =SUM(CA71:CA72) -> 0 | CB73: =SUM(CB71:CB72) -> 0 | CC73: =SUM(CC71:CC72) -> 0 | CD73: =SUM(CD71:CD72) -> 0 | CE73: =SUM(CE71:CF72) -> 0 | CG73: =SUM(CG71:CG72) -> 0 | CH73: =SUM(CH71:CI72) -> 0 | CJ73: =SUM(CJ71:CJ72) -> 0 | CK73: =SUM(CK71:CK72) -> 0 | CL73: =SUM(CE72:CK72) -> 0 | CN73: المجموع | CP73: =SUM(CP71:CP72) -> 0 | CQ73: =SUM(CQ71:CQ72) -> 0 | CR73: =SUM(CR71:CR72) -> 0 | CS73: =SUM(CS71:CS72) -> 0 | CT73: =SUM(CT71:CU72) -> 0 | CV73: =SUM(CV71:CV72) -> 0 | CW73: =SUM(CW71:CX72) -> 0 | CY73: =SUM(CY71:CY72) -> 0 | CZ73: =SUM(CZ71:CZ72) -> 0 | DA73: =SUM(CT72:CZ72) -> 0 | DC73: المجموع | DE73: =SUM(DE71:DE72) -> 0 | DF73: =SUM(DF71:DF72) -> 0 | DG73: =SUM(DG71:DG72) -> 0 | DH73: =SUM(DH71:DH72) -> 0 | DI73: =SUM(DI71:DJ72) -> 0 | DK73: =SUM(DK71:DK72) -> 0 | DL73: =SUM(DL71:DM72) -> 0 | DN73: =SUM(DN71:DN72) -> 0 | DO73: =SUM(DO71:DO72) -> 0 | DP73: =SUM(DI72:DO72) -> 0 | DR73: المجموع | DT73: =SUM(DT71:DT72) -> 0 | DU73: =SUM(DU71:DU72) -> 0 | DV73: =SUM(DV71:DV72) -> 0 | DW73: =SUM(DW71:DW72) -> 0 | DX73: =SUM(DX71:DY72) -> 0 | DZ73: =SUM(DZ71:DZ72) -> 0 | EA73: =SUM(EA71:EB72) -> 0 | EC73: =SUM(EC71:EC72) -> 0 | ED73: =SUM(ED71:ED72) -> 0 | EE73: =SUM(DX72:ED72) -> 0 | EG73: المجموع | EI73: =SUM(EI71:EI72) -> 0 | EJ73: =SUM(EJ71:EJ72) -> 0 | EK73: =SUM(EK71:EK72) -> 0 | EL73: =SUM(EL71:EL72) -> 0 | EM73: =SUM(EM71:EN72) -> 0 | EO73: =SUM(EO71:EO72) -> 0 | EP73: =SUM(EP71:EQ72) -> 0 | ER73: =SUM(ER71:ER72) -> 0 | ES73: =SUM(ES71:ES72) -> 0 | ET73: =SUM(EM72:ES72) -> 0 | EV73: المجموع | EX73: =SUM(EX71:EX72) -> 0 | EY73: =SUM(EY71:EY72) -> 0 | EZ73: =SUM(EZ71:EZ72) -> 0 | FA73: =SUM(FA71:FA72) -> 0 | FB73: =SUM(FB71:FC72) -> 0 | FD73: =SUM(FD71:FD72) -> 0 | FE73: =SUM(FE71:FF72) -> 0 | FG73: =SUM(FG71:FG72) -> 0 | FH73: =SUM(FH71:FH72) -> 0 | FI73: =SUM(FB72:FH72) -> 0 | FK73: المجموع | FM73: =SUM(FM71:FM72) -> 0 | FN73: =SUM(FN71:FN72) -> 0 | FO73: =SUM(FO71:FO72) -> 0 | FP73: =SUM(FP71:FP72) -> 0 | FQ73: =SUM(FQ71:FR72) -> 0 | FS73: =SUM(FS71:FS72) -> 0 | FT73: =SUM(FT71:FU72) -> 0 | FV73: =SUM(FV71:FV72) -> 0 | FW73: =SUM(FW71:FW72) -> 0 | FX73: =SUM(FQ72:FW72) -> 0 | FZ73: المجموع | GB73: =SUM(GB71:GB72) -> 0 | GC73: =SUM(GC71:GC72) -> 0 | GD73: =SUM(GD71:GD72) -> 0 | GE73: =SUM(GE71:GE72) -> 0 | GF73: =SUM(GF71:GG72) -> 0 | GH73: =SUM(GH71:GH72) -> 0 | GI73: =SUM(GI71:GJ72) -> 0 | GK73: =SUM(GK71:GK72) -> 0 | GL73: =SUM(GL71:GL72) -> 0 | GM73: =SUM(GF72:GL72) -> 0
A75: الواحة | B75: سعوديات | C75: 0 | D75: 0 | F75: 0 | H75: 0 | I75: 0 | K75: 0 | M75: 0 | O75: =SUM(C75) -> 0 | P75: الواحة | Q75: سعوديات | R75: 0 | S75: 0 | U75: 0 | W75: 0 | X75: 0 | Z75: 0 | AB75: 0 | AD75: =SUM(R75) -> 0 | AE75: الواحة | AF75: سعوديات | AG75: 0 | AH75: 0 | AJ75: 0 | AL75: 0 | AM75: 0 | AO75: 0 | AQ75: 0 | AS75: =SUM(AG75) -> 0 | AT75: الواحة | AU75: سعوديات | AV75: 0 | AW75: 0 | AY75: 0 | BA75: 0 | BB75: 0 | BD75: 0 | BF75: 0 | BH75: =SUM(AV75) -> 0 | BI75: الواحة | BJ75: سعوديات | BK75: 0 | BL75: 0 | BN75: 0 | BP75: 0 | BQ75: 0 | BS75: 0 | BU75: 0 | BW75: =SUM(BK75) -> 0 | BX75: الواحة | BY75: سعوديات | BZ75: 0 | CA75: 0 | CC75: 0 | CE75: 0 | CF75: 0 | CH75: 0 | CJ75: 0 | CL75: =SUM(BZ75) -> 0 | CM75: الواحة | CN75: سعوديات | CO75: 0 | CP75: 0 | CR75: 0 | CT75: 0 | CU75: 0 | CW75: 0 | CY75: 0 | DA75: =SUM(CO75) -> 0 | DB75: الواحة | DC75: سعوديات | DD75: 0 | DE75: 0 | DG75: 0 | DI75: 0 | DJ75: 0 | DL75: 0 | DN75: 0 | DP75: =SUM(DD75) -> 0 | DQ75: الواحة | DR75: سعوديات | DS75: 0 | DT75: 0 | DV75: 0 | DX75: 0 | DY75: 0 | EA75: 0 | EC75: 0 | EE75: =SUM(DS75) -> 0 | EF75: الواحة | EG75: سعوديات | EH75: 0 | EI75: 0 | EK75: 0 | EM75: 0 | EN75: 0 | EP75: 0 | ER75: 0 | ET75: =SUM(EH75) -> 0 | EU75: الواحة | EV75: سعوديات | EW75: 0 | EX75: 0 | EZ75: 0 | FB75: 0 | FC75: 0 | FE75: 0 | FG75: 0 | FI75: =SUM(EW75) -> 0 | FJ75: الواحة | FK75: سعوديات | FL75: 0 | FM75: 0 | FO75: 0 | FQ75: 0 | FR75: 0 | FT75: 0 | FV75: 0 | FX75: =SUM(FL75) -> 0 | FY75: =(FJ75) -> الواحة | FZ75: سعوديات | GA75: =SUM(C75+R75+AG75+AV75+BK75+BZ75+CO75+DD75+DS75+EH75+EW75+FL75) -> 0 | GB75: =SUM(D75+S75+AH75+AW75+BL75+CA75+CP75+DE75+DT75+EI75+EX75+FM75) -> 0 | GD75: =SUM(F75+U75+AJ75+AY75+BN75+CC75+CR75+DG75+DV75+EK75+EZ75+FO75) -> 0 | GF75: =SUM(H75+W75+AL75+BA75+BP75+CE75+CT75+DI75+DX75+EM75+FB75+FQ75) -> 0 | GG75: =SUM(I75+X75+AM75+BB75+BQ75+CF75+CU75+DJ75+DY75+EN75+FC75+FR75) -> 0 | GI75: =SUM(K75+Z75+AO75+BD75+BS75+CH75+CW75+DL75+EA75+EP75+FE75+FT75) -> 0 | GK75: =SUM(M75+AB75+AQ75+BF75+BU75+CJ75+CY75+DN75+EC75+ER75+FG75+FV75) -> 0 | GM75: =SUM(GA75) -> 0
B76: غير سعوديات | C76: 0 | D76: 0 | F76: 0 | H76: 0 | I76: 0 | K76: 0 | M76: 0 | O76: =SUM(D75:G75) -> 0 | Q76: غير سعوديات | R76: 0 | S76: 0 | U76: 0 | W76: 0 | X76: 0 | Z76: 0 | AB76: 0 | AD76: =SUM(S75:V75) -> 0 | AF76: غير سعوديات | AG76: 0 | AH76: 0 | AJ76: 0 | AL76: 0 | AM76: 0 | AO76: 0 | AQ76: 0 | AS76: =SUM(AH75:AK75) -> 0 | AU76: غير سعوديات | AV76: 0 | AW76: 0 | AY76: 0 | BA76: 0 | BB76: 0 | BD76: 0 | BF76: 0 | BH76: =SUM(AW75:AZ75) -> 0 | BJ76: غير سعوديات | BK76: 0 | BL76: 0 | BN76: 0 | BP76: 0 | BQ76: 0 | BS76: 0 | BU76: 0 | BW76: =SUM(BL75:BO75) -> 0 | BY76: غير سعوديات | BZ76: 0 | CA76: 0 | CC76: 0 | CE76: 0 | CF76: 0 | CH76: 0 | CJ76: 0 | CL76: =SUM(CA75:CD75) -> 0 | CN76: غير سعوديات | CO76: 0 | CP76: 0 | CR76: 0 | CT76: 0 | CU76: 0 | CW76: 0 | CY76: 0 | DA76: =SUM(CP75:CS75) -> 0 | DC76: غير سعوديات | DD76: 0 | DE76: 0 | DG76: 0 | DI76: 0 | DJ76: 0 | DL76: 0 | DN76: 0 | DP76: =SUM(DE75:DH75) -> 0 | DR76: غير سعوديات | DS76: 0 | DT76: 0 | DV76: 0 | DX76: 0 | DY76: 0 | EA76: 0 | EC76: 0 | EE76: =SUM(DT75:DW75) -> 0 | EG76: غير سعوديات | EH76: 0 | EI76: 0 | EK76: 0 | EM76: 0 | EN76: 0 | EP76: 0 | ER76: 0 | ET76: =SUM(EI75:EL75) -> 0 | EV76: غير سعوديات | EW76: 0 | EX76: 0 | EZ76: 0 | FB76: 0 | FC76: 0 | FE76: 0 | FG76: 0 | FI76: =SUM(EX75:FA75) -> 0 | FK76: غير سعوديات | FL76: 0 | FM76: 0 | FO76: 0 | FQ76: 0 | FR76: 0 | FT76: 0 | FV76: 0 | FX76: =SUM(FM75:FP75) -> 0 | FZ76: غير سعوديات | GA76: =SUM(C76+R76+AG76+AV76+BK76+BZ76+CO76+DD76+DS76+EH76+EW76+FL76) -> 0 | GB76: =SUM(D76+S76+AH76+AW76+BL76+CA76+CP76+DE76+DT76+EI76+EX76+FM76) -> 0 | GD76: =SUM(F76+U76+AJ76+AY76+BN76+CC76+CR76+DG76+DV76+EK76+EZ76+FO76) -> 0 | GF76: =SUM(H76+W76+AL76+BA76+BP76+CE76+CT76+DI76+DX76+EM76+FB76+FQ76) -> 0 | GG76: =SUM(I76+X76+AM76+BB76+BQ76+CF76+CU76+DJ76+DY76+EN76+FC76+FR76) -> 0 | GI76: =SUM(K76+Z76+AO76+BD76+BS76+CH76+CW76+DL76+EA76+EP76+FE76+FT76) -> 0 | GK76: =SUM(M76+AB76+AQ76+BF76+BU76+CJ76+CY76+DN76+EC76+ER76+FG76+FV76) -> 0 | GM76: =SUM(GB75:GE75) -> 0
B77: المجموع | C77: =SUM(C75:C76) -> 0 | D77: =SUM(D75:E76) -> 0 | F77: =SUM(F75:G76) -> 0 | H77: =SUM(H75:H76) -> 0 | I77: =SUM(I75:J76) -> 0 | K77: =SUM(K75:L76) -> 0 | M77: =SUM(M75:N76) -> 0 | O77: =SUM(K75:N75) -> 0 | Q77: المجموع | R77: =SUM(R75:R76) -> 0 | S77: =SUM(S75:T76) -> 0 | U77: =SUM(U75:V76) -> 0 | W77: =SUM(W75:W76) -> 0 | X77: =SUM(X75:Y76) -> 0 | Z77: =SUM(Z75:AA76) -> 0 | AB77: =SUM(AB75:AC76) -> 0 | AD77: =SUM(Z75:AC75) -> 0 | AF77: المجموع | AG77: =SUM(AG75:AG76) -> 0 | AH77: =SUM(AH75:AI76) -> 0 | AJ77: =SUM(AJ75:AK76) -> 0 | AL77: =SUM(AL75:AL76) -> 0 | AM77: =SUM(AM75:AN76) -> 0 | AO77: =SUM(AO75:AP76) -> 0 | AQ77: =SUM(AQ75:AR76) -> 0 | AS77: =SUM(AO75:AR75) -> 0 | AU77: المجموع | AV77: =SUM(AV75:AV76) -> 0 | AW77: =SUM(AW75:AX76) -> 0 | AY77: =SUM(AY75:AZ76) -> 0 | BA77: =SUM(BA75:BA76) -> 0 | BB77: =SUM(BB75:BC76) -> 0 | BD77: =SUM(BD75:BE76) -> 0 | BF77: =SUM(BF75:BG76) -> 0 | BH77: =SUM(BD75:BG75) -> 0 | BJ77: المجموع | BK77: =SUM(BK75:BK76) -> 0 | BL77: =SUM(BL75:BM76) -> 0 | BN77: =SUM(BN75:BO76) -> 0 | BP77: =SUM(BP75:BP76) -> 0 | BQ77: =SUM(BQ75:BR76) -> 0 | BS77: =SUM(BS75:BT76) -> 0 | BU77: =SUM(BU75:BV76) -> 0 | BW77: =SUM(BS75:BV75) -> 0 | BY77: المجموع | BZ77: =SUM(BZ75:BZ76) -> 0 | CA77: =SUM(CA75:CB76) -> 0 | CC77: =SUM(CC75:CD76) -> 0 | CE77: =SUM(CE75:CE76) -> 0 | CF77: =SUM(CF75:CG76) -> 0 | CH77: =SUM(CH75:CI76) -> 0 | CJ77: =SUM(CJ75:CK76) -> 0 | CL77: =SUM(CH75:CK75) -> 0 | CN77: المجموع | CO77: =SUM(CO75:CO76) -> 0 | CP77: =SUM(CP75:CQ76) -> 0 | CR77: =SUM(CR75:CS76) -> 0 | CT77: =SUM(CT75:CT76) -> 0 | CU77: =SUM(CU75:CV76) -> 0 | CW77: =SUM(CW75:CX76) -> 0 | CY77: =SUM(CY75:CZ76) -> 0 | DA77: =SUM(CW75:CZ75) -> 0 | DC77: المجموع | DD77: =SUM(DD75:DD76) -> 0 | DE77: =SUM(DE75:DF76) -> 0 | DG77: =SUM(DG75:DH76) -> 0 | DI77: =SUM(DI75:DI76) -> 0 | DJ77: =SUM(DJ75:DK76) -> 0 | DL77: =SUM(DL75:DM76) -> 0 | DN77: =SUM(DN75:DO76) -> 0 | DP77: =SUM(DL75:DO75) -> 0 | DR77: المجموع | DS77: =SUM(DS75:DS76) -> 0 | DT77: =SUM(DT75:DU76) -> 0 | DV77: =SUM(DV75:DW76) -> 0 | DX77: =SUM(DX75:DX76) -> 0 | DY77: =SUM(DY75:DZ76) -> 0 | EA77: =SUM(EA75:EB76) -> 0 | EC77: =SUM(EC75:ED76) -> 0 | EE77: =SUM(EA75:ED75) -> 0 | EG77: المجموع | EH77: =SUM(EH75:EH76) -> 0 | EI77: =SUM(EI75:EJ76) -> 0 | EK77: =SUM(EK75:EL76) -> 0 | EM77: =SUM(EM75:EM76) -> 0 | EN77: =SUM(EN75:EO76) -> 0 | EP77: =SUM(EP75:EQ76) -> 0 | ER77: =SUM(ER75:ES76) -> 0 | ET77: =SUM(EP75:ES75) -> 0 | EV77: المجموع | EW77: =SUM(EW75:EW76) -> 0 | EX77: =SUM(EX75:EY76) -> 0 | EZ77: =SUM(EZ75:FA76) -> 0 | FB77: =SUM(FB75:FB76) -> 0 | FC77: =SUM(FC75:FD76) -> 0 | FE77: =SUM(FE75:FF76) -> 0 | FG77: =SUM(FG75:FH76) -> 0 | FI77: =SUM(FE75:FH75) -> 0 | FK77: المجموع | FL77: =SUM(FL75:FL76) -> 0 | FM77: =SUM(FM75:FN76) -> 0 | FO77: =SUM(FO75:FP76) -> 0 | FQ77: =SUM(FQ75:FQ76) -> 0 | FR77: =SUM(FR75:FS76) -> 0 | FT77: =SUM(FT75:FU76) -> 0 | FV77: =SUM(FV75:FW76) -> 0 | FX77: =SUM(FT75:FW75) -> 0 | FZ77: المجموع | GA77: =SUM(GA75:GA76) -> 0 | GB77: =SUM(GB75:GC76) -> 0 | GD77: =SUM(GD75:GE76) -> 0 | GF77: =SUM(GF75:GF76) -> 0 | GG77: =SUM(GG75:GH76) -> 0 | GI77: =SUM(GI75:GJ76) -> 0 | GK77: =SUM(GK75:GL76) -> 0 | GM77: =SUM(GI75:GL75) -> 0
D78: مكان الولادة | H78: نتيجة الحمل | O78: =SUM(D81:G81) -> 0 | S78: مكان الولادة | W78: نتيجة الحمل | AD78: =SUM(S81:V81) -> 0 | AH78: مكان الولادة | AL78: نتيجة الحمل | AS78: =SUM(AH81:AK81) -> 0 | AW78: مكان الولادة | BA78: نتيجة الحمل | BH78: =SUM(AW81:AZ81) -> 0 | BL78: مكان الولادة | BP78: نتيجة الحمل | BW78: =SUM(BL81:BO81) -> 0 | CA78: مكان الولادة | CE78: نتيجة الحمل | CL78: =SUM(CA81:CD81) -> 0 | CP78: مكان الولادة | CT78: نتيجة الحمل | DA78: =SUM(CP81:CS81) -> 0 | DE78: مكان الولادة | DI78: نتيجة الحمل | DP78: =SUM(DE81:DH81) -> 0 | DT78: مكان الولادة | DX78: نتيجة الحمل | EE78: =SUM(DT81:DW81) -> 0 | EI78: مكان الولادة | EM78: نتيجة الحمل | ET78: =SUM(EI81:EL81) -> 0 | EX78: مكان الولادة | FB78: نتيجة الحمل | FI78: =SUM(EX81:FA81) -> 0 | FM78: مكان الولادة | FQ78: نتيجة الحمل | FX78: =SUM(FM81:FP81) -> 0 | GB78: مكان الولادة | GF78: نتيجة الحمل | GM78: =SUM(GB81:GE81) -> 0
D79: بالمنزل | F79: بالمركز الصحي | G79: بالمستشفى | H79: مولود حي | M79: إجهاض | N79: مولود ميت | O79: =SUM(H81:N81) -> 0 | S79: بالمنزل | U79: بالمركز الصحي | V79: بالمستشفى | W79: مولود حي | AB79: إجهاض | AC79: مولود ميت | AD79: =SUM(W81:AC81) -> 0 | AH79: بالمنزل | AJ79: بالمركز الصحي | AK79: بالمستشفى | AL79: مولود حي | AQ79: إجهاض | AR79: مولود ميت | AS79: =SUM(AL81:AR81) -> 0 | AW79: بالمنزل | AY79: بالمركز الصحي | AZ79: بالمستشفى | BA79: مولود حي | BF79: إجهاض | BG79: مولود ميت | BH79: =SUM(BA81:BG81) -> 0 | BL79: بالمنزل | BN79: بالمركز الصحي | BO79: بالمستشفى | BP79: مولود حي | BU79: إجهاض | BV79: مولود ميت | BW79: =SUM(BP81:BV81) -> 0 | CA79: بالمنزل | CC79: بالمركز الصحي | CD79: بالمستشفى | CE79: مولود حي | CJ79: إجهاض | CK79: مولود ميت | CL79: =SUM(CE81:CK81) -> 0 | CP79: بالمنزل | CR79: بالمركز الصحي | CS79: بالمستشفى | CT79: مولود حي | CY79: إجهاض | CZ79: مولود ميت | DA79: =SUM(CT81:CZ81) -> 0 | DE79: بالمنزل | DG79: بالمركز الصحي | DH79: بالمستشفى | DI79: مولود حي | DN79: إجهاض | DO79: مولود ميت | DP79: =SUM(DI81:DO81) -> 0 | DT79: بالمنزل | DV79: بالمركز الصحي | DW79: بالمستشفى | DX79: مولود حي | EC79: إجهاض | ED79: مولود ميت | EE79: =SUM(DX81:ED81) -> 0 | EI79: بالمنزل | EK79: بالمركز الصحي | EL79: بالمستشفى | EM79: مولود حي | ER79: إجهاض | ES79: مولود ميت | ET79: =SUM(EM81:ES81) -> 0 | EX79: بالمنزل | EZ79: بالمركز الصحي | FA79: بالمستشفى | FB79: مولود حي | FG79: إجهاض | FH79: مولود ميت | FI79: =SUM(FB81:FH81) -> 0 | FM79: بالمنزل | FO79: بالمركز الصحي | FP79: بالمستشفى | FQ79: مولود حي | FV79: إجهاض | FW79: مولود ميت | FX79: =SUM(FQ81:FW81) -> 0 | GB79: بالمنزل | GD79: بالمركز الصحي | GE79: بالمستشفى | GF79: مولود حي | GK79: إجهاض | GL79: مولود ميت | GM79: =SUM(GF81:GL81) -> 0
D80: بإشراف | E80: بدون | H80: طبيعي | J80: مبتسر | K80: أقل من 2.5 كجم | O80: =SUM(C76) -> 0 | S80: بإشراف | T80: بدون | W80: طبيعي | Y80: مبتسر | Z80: أقل من 2.5 كجم | AD80: =SUM(R76) -> 0 | AH80: بإشراف | AI80: بدون | AL80: طبيعي | AN80: مبتسر | AO80: أقل من 2.5 كجم | AS80: =SUM(AG76) -> 0 | AW80: بإشراف | AX80: بدون | BA80: طبيعي | BC80: مبتسر | BD80: أقل من 2.5 كجم | BH80: =SUM(AV76) -> 0 | BL80: بإشراف | BM80: بدون | BP80: طبيعي | BR80: مبتسر | BS80: أقل من 2.5 كجم | BW80: =SUM(BK76) -> 0 | CA80: بإشراف | CB80: بدون | CE80: طبيعي | CG80: مبتسر | CH80: أقل من 2.5 كجم | CL80: =SUM(BZ76) -> 0 | CP80: بإشراف | CQ80: بدون | CT80: طبيعي | CV80: مبتسر | CW80: أقل من 2.5 كجم | DA80: =SUM(CO76) -> 0 | DE80: بإشراف | DF80: بدون | DI80: طبيعي | DK80: مبتسر | DL80: أقل من 2.5 كجم | DP80: =SUM(DD76) -> 0 | DT80: بإشراف | DU80: بدون | DX80: طبيعي | DZ80: مبتسر | EA80: أقل من 2.5 كجم | EE80: =SUM(DS76) -> 0 | EI80: بإشراف | EJ80: بدون | EM80: طبيعي | EO80: مبتسر | EP80: أقل من 2.5 كجم | ET80: =SUM(EH76) -> 0 | EX80: بإشراف | EY80: بدون | FB80: طبيعي | FD80: مبتسر | FE80: أقل من 2.5 كجم | FI80: =SUM(EW76) -> 0 | FM80: بإشراف | FN80: بدون | FQ80: طبيعي | FS80: مبتسر | FT80: أقل من 2.5 كجم | FX80: =SUM(FL76) -> 0 | GB80: بإشراف | GC80: بدون | GF80: طبيعي | GH80: مبتسر | GI80: أقل من 2.5 كجم | GM80: =SUM(GA76) -> 0
B81: سعوديات | D81: 0 | E81: 0 | F81: 0 | G81: 0 | H81: 0 | J81: 0 | K81: 0 | M81: 0 | N81: 0 | O81: =SUM(K76:N76) -> 0 | Q81: سعوديات | S81: 0 | T81: 0 | U81: 0 | V81: 0 | W81: 0 | Y81: 0 | Z81: 0 | AB81: 0 | AC81: 0 | AD81: =SUM(Z76:AC76) -> 0 | AF81: سعوديات | AH81: 0 | AI81: 0 | AJ81: 0 | AK81: 0 | AL81: 0 | AN81: 0 | AO81: 0 | AQ81: 0 | AR81: 0 | AS81: =SUM(AO76:AR76) -> 0 | AU81: سعوديات | AW81: 0 | AX81: 0 | AY81: 0 | AZ81: 0 | BA81: 0 | BC81: 0 | BD81: 0 | BF81: 0 | BG81: 0 | BH81: =SUM(BD76:BG76) -> 0 | BJ81: سعوديات | BL81: 0 | BM81: 0 | BN81: 0 | BO81: 0 | BP81: 0 | BR81: 0 | BS81: 0 | BU81: 0 | BV81: 0 | BW81: =SUM(BS76:BV76) -> 0 | BY81: سعوديات | CA81: 0 | CB81: 0 | CC81: 0 | CD81: 0 | CE81: 0 | CG81: 0 | CH81: 0 | CJ81: 0 | CK81: 0 | CL81: =SUM(CH76:CK76) -> 0 | CN81: سعوديات | CP81: 0 | CQ81: 0 | CR81: 0 | CS81: 0 | CT81: 0 | CV81: 0 | CW81: 0 | CY81: 0 | CZ81: 0 | DA81: =SUM(CW76:CZ76) -> 0 | DC81: سعوديات | DE81: 0 | DF81: 0 | DG81: 0 | DH81: 0 | DI81: 0 | DK81: 0 | DL81: 0 | DN81: 0 | DO81: 0 | DP81: =SUM(DL76:DO76) -> 0 | DR81: سعوديات | DT81: 0 | DU81: 0 | DV81: 0 | DW81: 0 | DX81: 0 | DZ81: 0 | EA81: 0 | EC81: 0 | ED81: 0 | EE81: =SUM(EA76:ED76) -> 0 | EG81: سعوديات | EI81: 0 | EJ81: 0 | EK81: 0 | EL81: 0 | EM81: 0 | EO81: 0 | EP81: 0 | ER81: 0 | ES81: 0 | ET81: =SUM(EP76:ES76) -> 0 | EV81: سعوديات | EX81: 0 | EY81: 0 | EZ81: 0 | FA81: 0 | FB81: 0 | FD81: 0 | FE81: 0 | FG81: 0 | FH81: 0 | FI81: =SUM(FE76:FH76) -> 0 | FK81: سعوديات | FM81: 0 | FN81: 0 | FO81: 0 | FP81: 0 | FQ81: 0 | FS81: 0 | FT81: 0 | FV81: 0 | FW81: 0 | FX81: =SUM(FT76:FW76) -> 0 | FZ81: سعوديات | GB81: =SUM(D81+S81+AH81+AW81+BL81+CA81+CP81+DE81+DT81+EI81+EX81+FM81) -> 0 | GC81: =SUM(E81+T81+AI81+AX81+BM81+CB81+CQ81+DF81+DU81+EJ81+EY81+FN81) -> 0 | GD81: =SUM(F81+U81+AJ81+AY81+BN81+CC81+CR81+DG81+DV81+EK81+EZ81+FO81) -> 0 | GE81: =SUM(G81+V81+AK81+AZ81+BO81+CD81+CS81+DH81+DW81+EL81+FA81+FP81) -> 0 | GF81: =SUM(H81+W81+AL81+BA81+BP81+CE81+CT81+DI81+DX81+EM81+FB81+FQ81) -> 0 | GH81: =SUM(J81+Y81+AN81+BC81+BR81+CG81+CV81+DK81+DZ81+EO81+FD81+FS81) -> 0 | GI81: =SUM(K81+Z81+AO81+BD81+BS81+CH81+CW81+DL81+EA81+EP81+FE81+FT81) -> 0 | GK81: =SUM(M81+AB81+AQ81+BF81+BU81+CJ81+CY81+DN81+EC81+ER81+FG81+FV81) -> 0 | GL81: =SUM(N81+AC81+AR81+BG81+BV81+CK81+CZ81+DO81+ED81+ES81+FH81+FW81) -> 0 | GM81: =SUM(GI76:GL76) -> 0
B82: غ.سعوديات | D82: 0 | E82: 0 | F82: 0 | G82: 0 | H82: 0 | J82: 0 | K82: 0 | M82: 0 | N82: 0 | O82: =SUM(D82:G82) -> 0 | Q82: غ.سعوديات | S82: 0 | T82: 0 | U82: 0 | V82: 0 | W82: 0 | Y82: 0 | Z82: 0 | AB82: 0 | AC82: 0 | AD82: =SUM(S82:V82) -> 0 | AF82: غ.سعوديات | AH82: 0 | AI82: 0 | AJ82: 0 | AK82: 0 | AL82: 0 | AN82: 0 | AO82: 0 | AQ82: 0 | AR82: 0 | AS82: =SUM(AH82:AK82) -> 0 | AU82: غ.سعوديات | AW82: 0 | AX82: 0 | AY82: 0 | AZ82: 0 | BA82: 0 | BC82: 0 | BD82: 0 | BF82: 0 | BG82: 0 | BH82: =SUM(AW82:AZ82) -> 0 | BJ82: غ.سعوديات | BL82: 0 | BM82: 0 | BN82: 0 | BO82: 0 | BP82: 0 | BR82: 0 | BS82: 0 | BU82: 0 | BV82: 0 | BW82: =SUM(BL82:BO82) -> 0 | BY82: غ.سعوديات | CA82: 0 | CB82: 0 | CC82: 0 | CD82: 0 | CE82: 0 | CG82: 0 | CH82: 0 | CJ82: 0 | CK82: 0 | CL82: =SUM(CA82:CD82) -> 0 | CN82: غ.سعوديات | CP82: 0 | CQ82: 0 | CR82: 0 | CS82: 0 | CT82: 0 | CV82: 0 | CW82: 0 | CY82: 0 | CZ82: 0 | DA82: =SUM(CP82:CS82) -> 0 | DC82: غ.سعوديات | DE82: 0 | DF82: 0 | DG82: 0 | DH82: 0 | DI82: 0 | DK82: 0 | DL82: 0 | DN82: 0 | DO82: 0 | DP82: =SUM(DE82:DH82) -> 0 | DR82: غ.سعوديات | DT82: 0 | DU82: 0 | DV82: 0 | DW82: 0 | DX82: 0 | DZ82: 0 | EA82: 0 | EC82: 0 | ED82: 0 | EE82: =SUM(DT82:DW82) -> 0 | EG82: غ.سعوديات | EI82: 0 | EJ82: 0 | EK82: 0 | EL82: 0 | EM82: 0 | EO82: 0 | EP82: 0 | ER82: 0 | ES82: 0 | ET82: =SUM(EI82:EL82) -> 0 | EV82: غ.سعوديات | EX82: 0 | EY82: 0 | EZ82: 0 | FA82: 0 | FB82: 0 | FD82: 0 | FE82: 0 | FG82: 0 | FH82: 0 | FI82: =SUM(EX82:FA82) -> 0 | FK82: غ.سعوديات | FM82: 0 | FN82: 0 | FO82: 0 | FP82: 0 | FQ82: 0 | FS82: 0 | FT82: 0 | FV82: 0 | FW82: 0 | FX82: =SUM(FM82:FP82) -> 0 | FZ82: غ.سعوديات | GB82: =SUM(D82+S82+AH82+AW82+BL82+CA82+CP82+DE82+DT82+EI82+EX82+FM82) -> 0 | GC82: =SUM(E82+T82+AI82+AX82+BM82+CB82+CQ82+DF82+DU82+EJ82+EY82+FN82) -> 0 | GD82: =SUM(F82+U82+AJ82+AY82+BN82+CC82+CR82+DG82+DV82+EK82+EZ82+FO82) -> 0 | GE82: =SUM(G82+V82+AK82+AZ82+BO82+CD82+CS82+DH82+DW82+EL82+FA82+FP82) -> 0 | GF82: =SUM(H82+W82+AL82+BA82+BP82+CE82+CT82+DI82+DX82+EM82+FB82+FQ82) -> 0 | GH82: =SUM(J82+Y82+AN82+BC82+BR82+CG82+CV82+DK82+DZ82+EO82+FD82+FS82) -> 0 | GI82: =SUM(K82+Z82+AO82+BD82+BS82+CH82+CW82+DL82+EA82+EP82+FE82+FT82) -> 0 | GK82: =SUM(M82+AB82+AQ82+BF82+BU82+CJ82+CY82+DN82+EC82+ER82+FG82+FV82) -> 0 | GL82: =SUM(N82+AC82+AR82+BG82+BV82+CK82+CZ82+DO82+ED82+ES82+FH82+FW82) -> 0 | GM82: =SUM(GB82:GE82) -> 0
B83: المجموع | D83: =SUM(D81:D82) -> 0 | E83: =SUM(E81:E82) -> 0 | F83: =SUM(F81:F82) -> 0 | G83: =SUM(G81:G82) -> 0 | H83: =SUM(H81:I82) -> 0 | J83: =SUM(J81:J82) -> 0 | K83: =SUM(K81:L82) -> 0 | M83: =SUM(M81:M82) -> 0 | N83: =SUM(N81:N82) -> 0 | O83: =SUM(H82:N82) -> 0 | Q83: المجموع | S83: =SUM(S81:S82) -> 0 | T83: =SUM(T81:T82) -> 0 | U83: =SUM(U81:U82) -> 0 | V83: =SUM(V81:V82) -> 0 | W83: =SUM(W81:X82) -> 0 | Y83: =SUM(Y81:Y82) -> 0 | Z83: =SUM(Z81:AA82) -> 0 | AB83: =SUM(AB81:AB82) -> 0 | AC83: =SUM(AC81:AC82) -> 0 | AD83: =SUM(W82:AC82) -> 0 | AF83: المجموع | AH83: =SUM(AH81:AH82) -> 0 | AI83: =SUM(AI81:AI82) -> 0 | AJ83: =SUM(AJ81:AJ82) -> 0 | AK83: =SUM(AK81:AK82) -> 0 | AL83: =SUM(AL81:AM82) -> 0 | AN83: =SUM(AN81:AN82) -> 0 | AO83: =SUM(AO81:AP82) -> 0 | AQ83: =SUM(AQ81:AQ82) -> 0 | AR83: =SUM(AR81:AR82) -> 0 | AS83: =SUM(AL82:AR82) -> 0 | AU83: المجموع | AW83: =SUM(AW81:AW82) -> 0 | AX83: =SUM(AX81:AX82) -> 0 | AY83: =SUM(AY81:AY82) -> 0 | AZ83: =SUM(AZ81:AZ82) -> 0 | BA83: =SUM(BA81:BB82) -> 0 | BC83: =SUM(BC81:BC82) -> 0 | BD83: =SUM(BD81:BE82) -> 0 | BF83: =SUM(BF81:BF82) -> 0 | BG83: =SUM(BG81:BG82) -> 0 | BH83: =SUM(BA82:BG82) -> 0 | BJ83: المجموع | BL83: =SUM(BL81:BL82) -> 0 | BM83: =SUM(BM81:BM82) -> 0 | BN83: =SUM(BN81:BN82) -> 0 | BO83: =SUM(BO81:BO82) -> 0 | BP83: =SUM(BP81:BQ82) -> 0 | BR83: =SUM(BR81:BR82) -> 0 | BS83: =SUM(BS81:BT82) -> 0 | BU83: =SUM(BU81:BU82) -> 0 | BV83: =SUM(BV81:BV82) -> 0 | BW83: =SUM(BP82:BV82) -> 0 | BY83: المجموع | CA83: =SUM(CA81:CA82) -> 0 | CB83: =SUM(CB81:CB82) -> 0 | CC83: =SUM(CC81:CC82) -> 0 | CD83: =SUM(CD81:CD82) -> 0 | CE83: =SUM(CE81:CF82) -> 0 | CG83: =SUM(CG81:CG82) -> 0 | CH83: =SUM(CH81:CI82) -> 0 | CJ83: =SUM(CJ81:CJ82) -> 0 | CK83: =SUM(CK81:CK82) -> 0 | CL83: =SUM(CE82:CK82) -> 0 | CN83: المجموع | CP83: =SUM(CP81:CP82) -> 0 | CQ83: =SUM(CQ81:CQ82) -> 0 | CR83: =SUM(CR81:CR82) -> 0 | CS83: =SUM(CS81:CS82) -> 0 | CT83: =SUM(CT81:CU82) -> 0 | CV83: =SUM(CV81:CV82) -> 0 | CW83: =SUM(CW81:CX82) -> 0 | CY83: =SUM(CY81:CY82) -> 0 | CZ83: =SUM(CZ81:CZ82) -> 0 | DA83: =SUM(CT82:CZ82) -> 0 | DC83: المجموع | DE83: =SUM(DE81:DE82) -> 0 | DF83: =SUM(DF81:DF82) -> 0 | DG83: =SUM(DG81:DG82) -> 0 | DH83: =SUM(DH81:DH82) -> 0 | DI83: =SUM(DI81:DJ82) -> 0 | DK83: =SUM(DK81:DK82) -> 0 | DL83: =SUM(DL81:DM82) -> 0 | DN83: =SUM(DN81:DN82) -> 0 | DO83: =SUM(DO81:DO82) -> 0 | DP83: =SUM(DI82:DO82) -> 0 | DR83: المجموع | DT83: =SUM(DT81:DT82) -> 0 | DU83: =SUM(DU81:DU82) -> 0 | DV83: =SUM(DV81:DV82) -> 0 | DW83: =SUM(DW81:DW82) -> 0 | DX83: =SUM(DX81:DY82) -> 0 | DZ83: =SUM(DZ81:DZ82) -> 0 | EA83: =SUM(EA81:EB82) -> 0 | EC83: =SUM(EC81:EC82) -> 0 | ED83: =SUM(ED81:ED82) -> 0 | EE83: =SUM(DX82:ED82) -> 0 | EG83: المجموع | EI83: =SUM(EI81:EI82) -> 0 | EJ83: =SUM(EJ81:EJ82) -> 0 | EK83: =SUM(EK81:EK82) -> 0 | EL83: =SUM(EL81:EL82) -> 0 | EM83: =SUM(EM81:EN82) -> 0 | EO83: =SUM(EO81:EO82) -> 0 | EP83: =SUM(EP81:EQ82) -> 0 | ER83: =SUM(ER81:ER82) -> 0 | ES83: =SUM(ES81:ES82) -> 0 | ET83: =SUM(EM82:ES82) -> 0 | EV83: المجموع | EX83: =SUM(EX81:EX82) -> 0 | EY83: =SUM(EY81:EY82) -> 0 | EZ83: =SUM(EZ81:EZ82) -> 0 | FA83: =SUM(FA81:FA82) -> 0 | FB83: =SUM(FB81:FC82) -> 0 | FD83: =SUM(FD81:FD82) -> 0 | FE83: =SUM(FE81:FF82) -> 0 | FG83: =SUM(FG81:FG82) -> 0 | FH83: =SUM(FH81:FH82) -> 0 | FI83: =SUM(FB82:FH82) -> 0 | FK83: المجموع | FM83: =SUM(FM81:FM82) -> 0 | FN83: =SUM(FN81:FN82) -> 0 | FO83: =SUM(FO81:FO82) -> 0 | FP83: =SUM(FP81:FP82) -> 0 | FQ83: =SUM(FQ81:FR82) -> 0 | FS83: =SUM(FS81:FS82) -> 0 | FT83: =SUM(FT81:FU82) -> 0 | FV83: =SUM(FV81:FV82) -> 0 | FW83: =SUM(FW81:FW82) -> 0 | FX83: =SUM(FQ82:FW82) -> 0 | FZ83: المجموع | GB83: =SUM(GB81:GB82) -> 0 | GC83: =SUM(GC81:GC82) -> 0 | GD83: =SUM(GD81:GD82) -> 0 | GE83: =SUM(GE81:GE82) -> 0 | GF83: =SUM(GF81:GG82) -> 0 | GH83: =SUM(GH81:GH82) -> 0 | GI83: =SUM(GI81:GJ82) -> 0 | GK83: =SUM(GK81:GK82) -> 0 | GL83: =SUM(GL81:GL82) -> 0 | GM83: =SUM(GF82:GL82) -> 0
A85: 0 | B85: سعوديات | C85: 0 | D85: 0 | F85: 0 | H85: 0 | I85: 0 | K85: 0 | M85: 0 | O85: =SUM(C85) -> 0 | P85: 0 | Q85: سعوديات | R85: 0 | S85: 0 | U85: 0 | W85: 0 | X85: 0 | Z85: 0 | AB85: 0 | AD85: =SUM(R85) -> 0 | AE85: 0 | AF85: سعوديات | AG85: 0 | AH85: 0 | AJ85: 0 | AL85: 0 | AM85: 0 | AO85: 0 | AQ85: 0 | AS85: =SUM(AG85) -> 0 | AT85: 0 | AU85: سعوديات | AV85: 0 | AW85: 0 | AY85: 0 | BA85: 0 | BB85: 0 | BD85: 0 | BF85: 0 | BH85: =SUM(AV85) -> 0 | BI85: 0 | BJ85: سعوديات | BK85: 0 | BL85: 0 | BN85: 0 | BP85: 0 | BQ85: 0 | BS85: 0 | BU85: 0 | BW85: =SUM(BK85) -> 0 | BX85: 0 | BY85: سعوديات | BZ85: 0 | CA85: 0 | CC85: 0 | CE85: 0 | CF85: 0 | CH85: 0 | CJ85: 0 | CL85: =SUM(BZ85) -> 0 | CM85: 0 | CN85: سعوديات | CO85: 0 | CP85: 0 | CR85: 0 | CT85: 0 | CU85: 0 | CW85: 0 | CY85: 0 | DA85: =SUM(CO85) -> 0 | DB85: 0 | DC85: سعوديات | DD85: 0 | DE85: 0 | DG85: 0 | DI85: 0 | DJ85: 0 | DL85: 0 | DN85: 0 | DP85: =SUM(DD85) -> 0 | DQ85: 0 | DR85: سعوديات | DS85: 0 | DT85: 0 | DV85: 0 | DX85: 0 | DY85: 0 | EA85: 0 | EC85: 0 | EE85: =SUM(DS85) -> 0 | EF85: 0 | EG85: سعوديات | EH85: 0 | EI85: 0 | EK85: 0 | EM85: 0 | EN85: 0 | EP85: 0 | ER85: 0 | ET85: =SUM(EH85) -> 0 | EU85: 0 | EV85: سعوديات | EW85: 0 | EX85: 0 | EZ85: 0 | FB85: 0 | FC85: 0 | FE85: 0 | FG85: 0 | FI85: =SUM(EW85) -> 0 | FJ85: 0 | FK85: سعوديات | FL85: 0 | FM85: 0 | FO85: 0 | FQ85: 0 | FR85: 0 | FT85: 0 | FV85: 0 | FX85: =SUM(FL85) -> 0 | FY85: =(FJ85) -> 0 | FZ85: سعوديات | GA85: =SUM(C85+R85+AG85+AV85+BK85+BZ85+CO85+DD85+DS85+EH85+EW85+FL85) -> 0 | GB85: =SUM(D85+S85+AH85+AW85+BL85+CA85+CP85+DE85+DT85+EI85+EX85+FM85) -> 0 | GD85: =SUM(F85+U85+AJ85+AY85+BN85+CC85+CR85+DG85+DV85+EK85+EZ85+FO85) -> 0 | GF85: =SUM(H85+W85+AL85+BA85+BP85+CE85+CT85+DI85+DX85+EM85+FB85+FQ85) -> 0 | GG85: =SUM(I85+X85+AM85+BB85+BQ85+CF85+CU85+DJ85+DY85+EN85+FC85+FR85) -> 0 | GI85: =SUM(K85+Z85+AO85+BD85+BS85+CH85+CW85+DL85+EA85+EP85+FE85+FT85) -> 0 | GK85: =SUM(M85+AB85+AQ85+BF85+BU85+CJ85+CY85+DN85+EC85+ER85+FG85+FV85) -> 0 | GM85: =SUM(GA85) -> 0
B86: غير سعوديات | C86: 0 | D86: 0 | F86: 0 | H86: 0 | I86: 0 | K86: 0 | M86: 0 | O86: =SUM(D85:G85) -> 0 | Q86: غير سعوديات | R86: 0 | S86: 0 | U86: 0 | W86: 0 | X86: 0 | Z86: 0 | AB86: 0 | AD86: =SUM(S85:V85) -> 0 | AF86: غير سعوديات | AG86: 0 | AH86: 0 | AJ86: 0 | AL86: 0 | AM86: 0 | AO86: 0 | AQ86: 0 | AS86: =SUM(AH85:AK85) -> 0 | AU86: غير سعوديات | AV86: 0 | AW86: 0 | AY86: 0 | BA86: 0 | BB86: 0 | BD86: 0 | BF86: 0 | BH86: =SUM(AW85:AZ85) -> 0 | BJ86: غير سعوديات | BK86: 0 | BL86: 0 | BN86: 0 | BP86: 0 | BQ86: 0 | BS86: 0 | BU86: 0 | BW86: =SUM(BL85:BO85) -> 0 | BY86: غير سعوديات | BZ86: 0 | CA86: 0 | CC86: 0 | CE86: 0 | CF86: 0 | CH86: 0 | CJ86: 0 | CL86: =SUM(CA85:CD85) -> 0 | CN86: غير سعوديات | CO86: 0 | CP86: 0 | CR86: 0 | CT86: 0 | CU86: 0 | CW86: 0 | CY86: 0 | DA86: =SUM(CP85:CS85) -> 0 | DC86: غير سعوديات | DD86: 0 | DE86: 0 | DG86: 0 | DI86: 0 | DJ86: 0 | DL86: 0 | DN86: 0 | DP86: =SUM(DE85:DH85) -> 0 | DR86: غير سعوديات | DS86: 0 | DT86: 0 | DV86: 0 | DX86: 0 | DY86: 0 | EA86: 0 | EC86: 0 | EE86: =SUM(DT85:DW85) -> 0 | EG86: غير سعوديات | EH86: 0 | EI86: 0 | EK86: 0 | EM86: 0 | EN86: 0 | EP86: 0 | ER86: 0 | ET86: =SUM(EI85:EL85) -> 0 | EV86: غير سعوديات | EW86: 0 | EX86: 0 | EZ86: 0 | FB86: 0 | FC86: 0 | FE86: 0 | FG86: 0 | FI86: =SUM(EX85:FA85) -> 0 | FK86: غير سعوديات | FL86: 0 | FM86: 0 | FO86: 0 | FQ86: 0 | FR86: 0 | FT86: 0 | FV86: 0 | FX86: =SUM(FM85:FP85) -> 0 | FZ86: غير سعوديات | GA86: =SUM(C86+R86+AG86+AV86+BK86+BZ86+CO86+DD86+DS86+EH86+EW86+FL86) -> 0 | GB86: =SUM(D86+S86+AH86+AW86+BL86+CA86+CP86+DE86+DT86+EI86+EX86+FM86) -> 0 | GD86: =SUM(F86+U86+AJ86+AY86+BN86+CC86+CR86+DG86+DV86+EK86+EZ86+FO86) -> 0 | GF86: =SUM(H86+W86+AL86+BA86+BP86+CE86+CT86+DI86+DX86+EM86+FB86+FQ86) -> 0 | GG86: =SUM(I86+X86+AM86+BB86+BQ86+CF86+CU86+DJ86+DY86+EN86+FC86+FR86) -> 0 | GI86: =SUM(K86+Z86+AO86+BD86+BS86+CH86+CW86+DL86+EA86+EP86+FE86+FT86) -> 0 | GK86: =SUM(M86+AB86+AQ86+BF86+BU86+CJ86+CY86+DN86+EC86+ER86+FG86+FV86) -> 0 | GM86: =SUM(GB85:GE85) -> 0
B87: المجموع | C87: =SUM(C85:C86) -> 0 | D87: =SUM(D85:E86) -> 0 | F87: =SUM(F85:G86) -> 0 | H87: =SUM(H85:H86) -> 0 | I87: =SUM(I85:J86) -> 0 | K87: =SUM(K85:L86) -> 0 | M87: =SUM(M85:N86) -> 0 | O87: =SUM(K85:N85) -> 0 | Q87: المجموع | R87: =SUM(R85:R86) -> 0 | S87: =SUM(S85:T86) -> 0 | U87: =SUM(U85:V86) -> 0 | W87: =SUM(W85:W86) -> 0 | X87: =SUM(X85:Y86) -> 0 | Z87: =SUM(Z85:AA86) -> 0 | AB87: =SUM(AB85:AC86) -> 0 | AD87: =SUM(Z85:AC85) -> 0 | AF87: المجموع | AG87: =SUM(AG85:AG86) -> 0 | AH87: =SUM(AH85:AI86) -> 0 | AJ87: =SUM(AJ85:AK86) -> 0 | AL87: =SUM(AL85:AL86) -> 0 | AM87: =SUM(AM85:AN86) -> 0 | AO87: =SUM(AO85:AP86) -> 0 | AQ87: =SUM(AQ85:AR86) -> 0 | AS87: =SUM(AO85:AR85) -> 0 | AU87: المجموع | AV87: =SUM(AV85:AV86) -> 0 | AW87: =SUM(AW85:AX86) -> 0 | AY87: =SUM(AY85:AZ86) -> 0 | BA87: =SUM(BA85:BA86) -> 0 | BB87: =SUM(BB85:BC86) -> 0 | BD87: =SUM(BD85:BE86) -> 0 | BF87: =SUM(BF85:BG86) -> 0 | BH87: =SUM(BD85:BG85) -> 0 | BJ87: المجموع | BK87: =SUM(BK85:BK86) -> 0 | BL87: =SUM(BL85:BM86) -> 0 | BN87: =SUM(BN85:BO86) -> 0 | BP87: =SUM(BP85:BP86) -> 0 | BQ87: =SUM(BQ85:BR86) -> 0 | BS87: =SUM(BS85:BT86) -> 0 | BU87: =SUM(BU85:BV86) -> 0 | BW87: =SUM(BS85:BV85) -> 0 | BY87: المجموع | BZ87: =SUM(BZ85:BZ86) -> 0 | CA87: =SUM(CA85:CB86) -> 0 | CC87: =SUM(CC85:CD86) -> 0 | CE87: =SUM(CE85:CE86) -> 0 | CF87: =SUM(CF85:CG86) -> 0 | CH87: =SUM(CH85:CI86) -> 0 | CJ87: =SUM(CJ85:CK86) -> 0 | CL87: =SUM(CH85:CK85) -> 0 | CN87: المجموع | CO87: =SUM(CO85:CO86) -> 0 | CP87: =SUM(CP85:CQ86) -> 0 | CR87: =SUM(CR85:CS86) -> 0 | CT87: =SUM(CT85:CT86) -> 0 | CU87: =SUM(CU85:CV86) -> 0 | CW87: =SUM(CW85:CX86) -> 0 | CY87: =SUM(CY85:CZ86) -> 0 | DA87: =SUM(CW85:CZ85) -> 0 | DC87: المجموع | DD87: =SUM(DD85:DD86) -> 0 | DE87: =SUM(DE85:DF86) -> 0 | DG87: =SUM(DG85:DH86) -> 0 | DI87: =SUM(DI85:DI86) -> 0 | DJ87: =SUM(DJ85:DK86) -> 0 | DL87: =SUM(DL85:DM86) -> 0 | DN87: =SUM(DN85:DO86) -> 0 | DP87: =SUM(DL85:DO85) -> 0 | DR87: المجموع | DS87: =SUM(DS85:DS86) -> 0 | DT87: =SUM(DT85:DU86) -> 0 | DV87: =SUM(DV85:DW86) -> 0 | DX87: =SUM(DX85:DX86) -> 0 | DY87: =SUM(DY85:DZ86) -> 0 | EA87: =SUM(EA85:EB86) -> 0 | EC87: =SUM(EC85:ED86) -> 0 | EE87: =SUM(EA85:ED85) -> 0 | EG87: المجموع | EH87: =SUM(EH85:EH86) -> 0 | EI87: =SUM(EI85:EJ86) -> 0 | EK87: =SUM(EK85:EL86) -> 0 | EM87: =SUM(EM85:EM86) -> 0 | EN87: =SUM(EN85:EO86) -> 0 | EP87: =SUM(EP85:EQ86) -> 0 | ER87: =SUM(ER85:ES86) -> 0 | ET87: =SUM(EP85:ES85) -> 0 | EV87: المجموع | EW87: =SUM(EW85:EW86) -> 0 | EX87: =SUM(EX85:EY86) -> 0 | EZ87: =SUM(EZ85:FA86) -> 0 | FB87: =SUM(FB85:FB86) -> 0 | FC87: =SUM(FC85:FD86) -> 0 | FE87: =SUM(FE85:FF86) -> 0 | FG87: =SUM(FG85:FH86) -> 0 | FI87: =SUM(FE85:FH85) -> 0 | FK87: المجموع | FL87: =SUM(FL85:FL86) -> 0 | FM87: =SUM(FM85:FN86) -> 0 | FO87: =SUM(FO85:FP86) -> 0 | FQ87: =SUM(FQ85:FQ86) -> 0 | FR87: =SUM(FR85:FS86) -> 0 | FT87: =SUM(FT85:FU86) -> 0 | FV87: =SUM(FV85:FW86) -> 0 | FX87: =SUM(FT85:FW85) -> 0 | FZ87: المجموع | GA87: =SUM(GA85:GA86) -> 0 | GB87: =SUM(GB85:GC86) -> 0 | GD87: =SUM(GD85:GE86) -> 0 | GF87: =SUM(GF85:GF86) -> 0 | GG87: =SUM(GG85:GH86) -> 0 | GI87: =SUM(GI85:GJ86) -> 0 | GK87: =SUM(GK85:GL86) -> 0 | GM87: =SUM(GI85:GL85) -> 0
D88: مكان الولادة | H88: نتيجة الحمل | O88: =SUM(D91:G91) -> 0 | S88: مكان الولادة | W88: نتيجة الحمل | AD88: =SUM(S91:V91) -> 0 | AH88: مكان الولادة | AL88: نتيجة الحمل | AS88: =SUM(AH91:AK91) -> 0 | AW88: مكان الولادة | BA88: نتيجة الحمل | BH88: =SUM(AW91:AZ91) -> 0 | BL88: مكان الولادة | BP88: نتيجة الحمل | BW88: =SUM(BL91:BO91) -> 0 | CA88: مكان الولادة | CE88: نتيجة الحمل | CL88: =SUM(CA91:CD91) -> 0 | CP88: مكان الولادة | CT88: نتيجة الحمل | DA88: =SUM(CP91:CS91) -> 0 | DE88: مكان الولادة | DI88: نتيجة الحمل | DP88: =SUM(DE91:DH91) -> 0 | DT88: مكان الولادة | DX88: نتيجة الحمل | EE88: =SUM(DT91:DW91) -> 0 | EI88: مكان الولادة | EM88: نتيجة الحمل | ET88: =SUM(EI91:EL91) -> 0 | EX88: مكان الولادة | FB88: نتيجة الحمل | FI88: =SUM(EX91:FA91) -> 0 | FM88: مكان الولادة | FQ88: نتيجة الحمل | FX88: =SUM(FM91:FP91) -> 0 | GB88: مكان الولادة | GF88: نتيجة الحمل | GM88: =SUM(GB91:GE91) -> 0
D89: بالمنزل | F89: بالمركز الصحي | G89: بالمستشفى | H89: مولود حي | M89: إجهاض | N89: مولود ميت | O89: =SUM(H91:N91) -> 0 | S89: بالمنزل | U89: بالمركز الصحي | V89: بالمستشفى | W89: مولود حي | AB89: إجهاض | AC89: مولود ميت | AD89: =SUM(W91:AC91) -> 0 | AH89: بالمنزل | AJ89: بالمركز الصحي | AK89: بالمستشفى | AL89: مولود حي | AQ89: إجهاض | AR89: مولود ميت | AS89: =SUM(AL91:AR91) -> 0 | AW89: بالمنزل | AY89: بالمركز الصحي | AZ89: بالمستشفى | BA89: مولود حي | BF89: إجهاض | BG89: مولود ميت | BH89: =SUM(BA91:BG91) -> 0 | BL89: بالمنزل | BN89: بالمركز الصحي | BO89: بالمستشفى | BP89: مولود حي | BU89: إجهاض | BV89: مولود ميت | BW89: =SUM(BP91:BV91) -> 0 | CA89: بالمنزل | CC89: بالمركز الصحي | CD89: بالمستشفى | CE89: مولود حي | CJ89: إجهاض | CK89: مولود ميت | CL89: =SUM(CE91:CK91) -> 0 | CP89: بالمنزل | CR89: بالمركز الصحي | CS89: بالمستشفى | CT89: مولود حي | CY89: إجهاض | CZ89: مولود ميت | DA89: =SUM(CT91:CZ91) -> 0 | DE89: بالمنزل | DG89: بالمركز الصحي | DH89: بالمستشفى | DI89: مولود حي | DN89: إجهاض | DO89: مولود ميت | DP89: =SUM(DI91:DO91) -> 0 | DT89: بالمنزل | DV89: بالمركز الصحي | DW89: بالمستشفى | DX89: مولود حي | EC89: إجهاض | ED89: مولود ميت | EE89: =SUM(DX91:ED91) -> 0 | EI89: بالمنزل | EK89: بالمركز الصحي | EL89: بالمستشفى | EM89: مولود حي | ER89: إجهاض | ES89: مولود ميت | ET89: =SUM(EM91:ES91) -> 0 | EX89: بالمنزل | EZ89: بالمركز الصحي | FA89: بالمستشفى | FB89: مولود حي | FG89: إجهاض | FH89: مولود ميت | FI89: =SUM(FB91:FH91) -> 0 | FM89: بالمنزل | FO89: بالمركز الصحي | FP89: بالمستشفى | FQ89: مولود حي | FV89: إجهاض | FW89: مولود ميت | FX89: =SUM(FQ91:FW91) -> 0 | GB89: بالمنزل | GD89: بالمركز الصحي | GE89: بالمستشفى | GF89: مولود حي | GK89: إجهاض | GL89: مولود ميت | GM89: =SUM(GF91:GL91) -> 0
D90: بإشراف | E90: بدون | H90: طبيعي | J90: مبتسر | K90: أقل من 2.5 كجم | O90: =SUM(C86) -> 0 | S90: بإشراف | T90: بدون | W90: طبيعي | Y90: مبتسر | Z90: أقل من 2.5 كجم | AD90: =SUM(R86) -> 0 | AH90: بإشراف | AI90: بدون | AL90: طبيعي | AN90: مبتسر | AO90: أقل من 2.5 كجم | AS90: =SUM(AG86) -> 0 | AW90: بإشراف | AX90: بدون | BA90: طبيعي | BC90: مبتسر | BD90: أقل من 2.5 كجم | BH90: =SUM(AV86) -> 0 | BL90: بإشراف | BM90: بدون | BP90: طبيعي | BR90: مبتسر | BS90: أقل من 2.5 كجم | BW90: =SUM(BK86) -> 0 | CA90: بإشراف | CB90: بدون | CE90: طبيعي | CG90: مبتسر | CH90: أقل من 2.5 كجم | CL90: =SUM(BZ86) -> 0 | CP90: بإشراف | CQ90: بدون | CT90: طبيعي | CV90: مبتسر | CW90: أقل من 2.5 كجم | DA90: =SUM(CO86) -> 0 | DE90: بإشراف | DF90: بدون | DI90: طبيعي | DK90: مبتسر | DL90: أقل من 2.5 كجم | DP90: =SUM(DD86) -> 0 | DT90: بإشراف | DU90: بدون | DX90: طبيعي | DZ90: مبتسر | EA90: أقل من 2.5 كجم | EE90: =SUM(DS86) -> 0 | EI90: بإشراف | EJ90: بدون | EM90: طبيعي | EO90: مبتسر | EP90: أقل من 2.5 كجم | ET90: =SUM(EH86) -> 0 | EX90: بإشراف | EY90: بدون | FB90: طبيعي | FD90: مبتسر | FE90: أقل من 2.5 كجم | FI90: =SUM(EW86) -> 0 | FM90: بإشراف | FN90: بدون | FQ90: طبيعي | FS90: مبتسر | FT90: أقل من 2.5 كجم | FX90: =SUM(FL86) -> 0 | GB90: بإشراف | GC90: بدون | GF90: طبيعي | GH90: مبتسر | GI90: أقل من 2.5 كجم | GM90: =SUM(GA86) -> 0
B91: سعوديات | D91: 0 | E91: 0 | F91: 0 | G91: 0 | H91: 0 | J91: 0 | K91: 0 | M91: 0 | N91: 0 | O91: =SUM(K86:N86) -> 0 | Q91: سعوديات | S91: 0 | T91: 0 | U91: 0 | V91: 0 | W91: 0 | Y91: 0 | Z91: 0 | AB91: 0 | AC91: 0 | AD91: =SUM(Z86:AC86) -> 0 | AF91: سعوديات | AH91: 0 | AI91: 0 | AJ91: 0 | AK91: 0 | AL91: 0 | AN91: 0 | AO91: 0 | AQ91: 0 | AR91: 0 | AS91: =SUM(AO86:AR86) -> 0 | AU91: سعوديات | AW91: 0 | AX91: 0 | AY91: 0 | AZ91: 0 | BA91: 0 | BC91: 0 | BD91: 0 | BF91: 0 | BG91: 0 | BH91: =SUM(BD86:BG86) -> 0 | BJ91: سعوديات | BL91: 0 | BM91: 0 | BN91: 0 | BO91: 0 | BP91: 0 | BR91: 0 | BS91: 0 | BU91: 0 | BV91: 0 | BW91: =SUM(BS86:BV86) -> 0 | BY91: سعوديات | CA91: 0 | CB91: 0 | CC91: 0 | CD91: 0 | CE91: 0 | CG91: 0 | CH91: 0 | CJ91: 0 | CK91: 0 | CL91: =SUM(CH86:CK86) -> 0 | CN91: سعوديات | CP91: 0 | CQ91: 0 | CR91: 0 | CS91: 0 | CT91: 0 | CV91: 0 | CW91: 0 | CY91: 0 | CZ91: 0 | DA91: =SUM(CW86:CZ86) -> 0 | DC91: سعوديات | DE91: 0 | DF91: 0 | DG91: 0 | DH91: 0 | DI91: 0 | DK91: 0 | DL91: 0 | DN91: 0 | DO91: 0 | DP91: =SUM(DL86:DO86) -> 0 | DR91: سعوديات | DT91: 0 | DU91: 0 | DV91: 0 | DW91: 0 | DX91: 0 | DZ91: 0 | EA91: 0 | EC91: 0 | ED91: 0 | EE91: =SUM(EA86:ED86) -> 0 | EG91: سعوديات | EI91: 0 | EJ91: 0 | EK91: 0 | EL91: 0 | EM91: 0 | EO91: 0 | EP91: 0 | ER91: 0 | ES91: 0 | ET91: =SUM(EP86:ES86) -> 0 | EV91: سعوديات | EX91: 0 | EY91: 0 | EZ91: 0 | FA91: 0 | FB91: 0 | FD91: 0 | FE91: 0 | FG91: 0 | FH91: 0 | FI91: =SUM(FE86:FH86) -> 0 | FK91: سعوديات | FM91: 0 | FN91: 0 | FO91: 0 | FP91: 0 | FQ91: 0 | FS91: 0 | FT91: 0 | FV91: 0 | FW91: 0 | FX91: =SUM(FT86:FW86) -> 0 | FZ91: سعوديات | GB91: =SUM(D91+S91+AH91+AW91+BL91+CA91+CP91+DE91+DT91+EI91+EX91+FM91) -> 0 | GC91: =SUM(E91+T91+AI91+AX91+BM91+CB91+CQ91+DF91+DU91+EJ91+EY91+FN91) -> 0 | GD91: =SUM(F91+U91+AJ91+AY91+BN91+CC91+CR91+DG91+DV91+EK91+EZ91+FO91) -> 0 | GE91: =SUM(G91+V91+AK91+AZ91+BO91+CD91+CS91+DH91+DW91+EL91+FA91+FP91) -> 0 | GF91: =SUM(H91+W91+AL91+BA91+BP91+CE91+CT91+DI91+DX91+EM91+FB91+FQ91) -> 0 | GH91: =SUM(J91+Y91+AN91+BC91+BR91+CG91+CV91+DK91+DZ91+EO91+FD91+FS91) -> 0 | GI91: =SUM(K91+Z91+AO91+BD91+BS91+CH91+CW91+DL91+EA91+EP91+FE91+FT91) -> 0 | GK91: =SUM(M91+AB91+AQ91+BF91+BU91+CJ91+CY91+DN91+EC91+ER91+FG91+FV91) -> 0 | GL91: =SUM(N91+AC91+AR91+BG91+BV91+CK91+CZ91+DO91+ED91+ES91+FH91+FW91) -> 0 | GM91: =SUM(GI86:GL86) -> 0
B92: غ.سعوديات | D92: 0 | E92: 0 | F92: 0 | G92: 0 | H92: 0 | J92: 0 | K92: 0 | M92: 0 | N92: 0 | O92: =SUM(D92:G92) -> 0 | Q92: غ.سعوديات | S92: 0 | T92: 0 | U92: 0 | V92: 0 | W92: 0 | Y92: 0 | Z92: 0 | AB92: 0 | AC92: 0 | AD92: =SUM(S92:V92) -> 0 | AF92: غ.سعوديات | AH92: 0 | AI92: 0 | AJ92: 0 | AK92: 0 | AL92: 0 | AN92: 0 | AO92: 0 | AQ92: 0 | AR92: 0 | AS92: =SUM(AH92:AK92) -> 0 | AU92: غ.سعوديات | AW92: 0 | AX92: 0 | AY92: 0 | AZ92: 0 | BA92: 0 | BC92: 0 | BD92: 0 | BF92: 0 | BG92: 0 | BH92: =SUM(AW92:AZ92) -> 0 | BJ92: غ.سعوديات | BL92: 0 | BM92: 0 | BN92: 0 | BO92: 0 | BP92: 0 | BR92: 0 | BS92: 0 | BU92: 0 | BV92: 0 | BW92: =SUM(BL92:BO92) -> 0 | BY92: غ.سعوديات | CA92: 0 | CB92: 0 | CC92: 0 | CD92: 0 | CE92: 0 | CG92: 0 | CH92: 0 | CJ92: 0 | CK92: 0 | CL92: =SUM(CA92:CD92) -> 0 | CN92: غ.سعوديات | CP92: 0 | CQ92: 0 | CR92: 0 | CS92: 0 | CT92: 0 | CV92: 0 | CW92: 0 | CY92: 0 | CZ92: 0 | DA92: =SUM(CP92:CS92) -> 0 | DC92: غ.سعوديات | DE92: 0 | DF92: 0 | DG92: 0 | DH92: 0 | DI92: 0 | DK92: 0 | DL92: 0 | DN92: 0 | DO92: 0 | DP92: =SUM(DE92:DH92) -> 0 | DR92: غ.سعوديات | DT92: 0 | DU92: 0 | DV92: 0 | DW92: 0 | DX92: 0 | DZ92: 0 | EA92: 0 | EC92: 0 | ED92: 0 | EE92: =SUM(DT92:DW92) -> 0 | EG92: غ.سعوديات | EI92: 0 | EJ92: 0 | EK92: 0 | EL92: 0 | EM92: 0 | EO92: 0 | EP92: 0 | ER92: 0 | ES92: 0 | ET92: =SUM(EI92:EL92) -> 0 | EV92: غ.سعوديات | EX92: 0 | EY92: 0 | EZ92: 0 | FA92: 0 | FB92: 0 | FD92: 0 | FE92: 0 | FG92: 0 | FH92: 0 | FI92: =SUM(EX92:FA92) -> 0 | FK92: غ.سعوديات | FM92: 0 | FN92: 0 | FO92: 0 | FP92: 0 | FQ92: 0 | FS92: 0 | FT92: 0 | FV92: 0 | FW92: 0 | FX92: =SUM(FM92:FP92) -> 0 | FZ92: غ.سعوديات | GB92: =SUM(D92+S92+AH92+AW92+BL92+CA92+CP92+DE92+DT92+EI92+EX92+FM92) -> 0 | GC92: =SUM(E92+T92+AI92+AX92+BM92+CB92+CQ92+DF92+DU92+EJ92+EY92+FN92) -> 0 | GD92: =SUM(F92+U92+AJ92+AY92+BN92+CC92+CR92+DG92+DV92+EK92+EZ92+FO92) -> 0 | GE92: =SUM(G92+V92+AK92+AZ92+BO92+CD92+CS92+DH92+DW92+EL92+FA92+FP92) -> 0 | GF92: =SUM(H92+W92+AL92+BA92+BP92+CE92+CT92+DI92+DX92+EM92+FB92+FQ92) -> 0 | GH92: =SUM(J92+Y92+AN92+BC92+BR92+CG92+CV92+DK92+DZ92+EO92+FD92+FS92) -> 0 | GI92: =SUM(K92+Z92+AO92+BD92+BS92+CH92+CW92+DL92+EA92+EP92+FE92+FT92) -> 0 | GK92: =SUM(M92+AB92+AQ92+BF92+BU92+CJ92+CY92+DN92+EC92+ER92+FG92+FV92) -> 0 | GL92: =SUM(N92+AC92+AR92+BG92+BV92+CK92+CZ92+DO92+ED92+ES92+FH92+FW92) -> 0 | GM92: =SUM(GB92:GE92) -> 0
B93: المجموع | D93: =SUM(D91:D92) -> 0 | E93: =SUM(E91:E92) -> 0 | F93: =SUM(F91:F92) -> 0 | G93: =SUM(G91:G92) -> 0 | H93: =SUM(H91:I92) -> 0 | J93: =SUM(J91:J92) -> 0 | K93: =SUM(K91:L92) -> 0 | M93: =SUM(M91:M92) -> 0 | N93: =SUM(N91:N92) -> 0 | O93: =SUM(H92:N92) -> 0 | Q93: المجموع | S93: =SUM(S91:S92) -> 0 | T93: =SUM(T91:T92) -> 0 | U93: =SUM(U91:U92) -> 0 | V93: =SUM(V91:V92) -> 0 | W93: =SUM(W91:X92) -> 0 | Y93: =SUM(Y91:Y92) -> 0 | Z93: =SUM(Z91:AA92) -> 0 | AB93: =SUM(AB91:AB92) -> 0 | AC93: =SUM(AC91:AC92) -> 0 | AD93: =SUM(W92:AC92) -> 0 | AF93: المجموع | AH93: =SUM(AH91:AH92) -> 0 | AI93: =SUM(AI91:AI92) -> 0 | AJ93: =SUM(AJ91:AJ92) -> 0 | AK93: =SUM(AK91:AK92) -> 0 | AL93: =SUM(AL91:AM92) -> 0 | AN93: =SUM(AN91:AN92) -> 0 | AO93: =SUM(AO91:AP92) -> 0 | AQ93: =SUM(AQ91:AQ92) -> 0 | AR93: =SUM(AR91:AR92) -> 0 | AS93: =SUM(AL92:AR92) -> 0 | AU93: المجموع | AW93: =SUM(AW91:AW92) -> 0 | AX93: =SUM(AX91:AX92) -> 0 | AY93: =SUM(AY91:AY92) -> 0 | AZ93: =SUM(AZ91:AZ92) -> 0 | BA93: =SUM(BA91:BB92) -> 0 | BC93: =SUM(BC91:BC92) -> 0 | BD93: =SUM(BD91:BE92) -> 0 | BF93: =SUM(BF91:BF92) -> 0 | BG93: =SUM(BG91:BG92) -> 0 | BH93: =SUM(BA92:BG92) -> 0 | BJ93: المجموع | BL93: =SUM(BL91:BL92) -> 0 | BM93: =SUM(BM91:BM92) -> 0 | BN93: =SUM(BN91:BN92) -> 0 | BO93: =SUM(BO91:BO92) -> 0 | BP93: =SUM(BP91:BQ92) -> 0 | BR93: =SUM(BR91:BR92) -> 0 | BS93: =SUM(BS91:BT92) -> 0 | BU93: =SUM(BU91:BU92) -> 0 | BV93: =SUM(BV91:BV92) -> 0 | BW93: =SUM(BP92:BV92) -> 0 | BY93: المجموع | CA93: =SUM(CA91:CA92) -> 0 | CB93: =SUM(CB91:CB92) -> 0 | CC93: =SUM(CC91:CC92) -> 0 | CD93: =SUM(CD91:CD92) -> 0 | CE93: =SUM(CE91:CF92) -> 0 | CG93: =SUM(CG91:CG92) -> 0 | CH93: =SUM(CH91:CI92) -> 0 | CJ93: =SUM(CJ91:CJ92) -> 0 | CK93: =SUM(CK91:CK92) -> 0 | CL93: =SUM(CE92:CK92) -> 0 | CN93: المجموع | CP93: =SUM(CP91:CP92) -> 0 | CQ93: =SUM(CQ91:CQ92) -> 0 | CR93: =SUM(CR91:CR92) -> 0 | CS93: =SUM(CS91:CS92) -> 0 | CT93: =SUM(CT91:CU92) -> 0 | CV93: =SUM(CV91:CV92) -> 0 | CW93: =SUM(CW91:CX92) -> 0 | CY93: =SUM(CY91:CY92) -> 0 | CZ93: =SUM(CZ91:CZ92) -> 0 | DA93: =SUM(CT92:CZ92) -> 0 | DC93: المجموع | DE93: =SUM(DE91:DE92) -> 0 | DF93: =SUM(DF91:DF92) -> 0 | DG93: =SUM(DG91:DG92) -> 0 | DH93: =SUM(DH91:DH92) -> 0 | DI93: =SUM(DI91:DJ92) -> 0 | DK93: =SUM(DK91:DK92) -> 0 | DL93: =SUM(DL91:DM92) -> 0 | DN93: =SUM(DN91:DN92) -> 0 | DO93: =SUM(DO91:DO92) -> 0 | DP93: =SUM(DI92:DO92) -> 0 | DR93: المجموع | DT93: =SUM(DT91:DT92) -> 0 | DU93: =SUM(DU91:DU92) -> 0 | DV93: =SUM(DV91:DV92) -> 0 | DW93: =SUM(DW91:DW92) -> 0 | DX93: =SUM(DX91:DY92) -> 0 | DZ93: =SUM(DZ91:DZ92) -> 0 | EA93: =SUM(EA91:EB92) -> 0 | EC93: =SUM(EC91:EC92) -> 0 | ED93: =SUM(ED91:ED92) -> 0 | EE93: =SUM(DX92:ED92) -> 0 | EG93: المجموع | EI93: =SUM(EI91:EI92) -> 0 | EJ93: =SUM(EJ91:EJ92) -> 0 | EK93: =SUM(EK91:EK92) -> 0 | EL93: =SUM(EL91:EL92) -> 0 | EM93: =SUM(EM91:EN92) -> 0 | EO93: =SUM(EO91:EO92) -> 0 | EP93: =SUM(EP91:EQ92) -> 0 | ER93: =SUM(ER91:ER92) -> 0 | ES93: =SUM(ES91:ES92) -> 0 | ET93: =SUM(EM92:ES92) -> 0 | EV93: المجموع | EX93: =SUM(EX91:EX92) -> 0 | EY93: =SUM(EY91:EY92) -> 0 | EZ93: =SUM(EZ91:EZ92) -> 0 | FA93: =SUM(FA91:FA92) -> 0 | FB93: =SUM(FB91:FC92) -> 0 | FD93: =SUM(FD91:FD92) -> 0 | FE93: =SUM(FE91:FF92) -> 0 | FG93: =SUM(FG91:FG92) -> 0 | FH93: =SUM(FH91:FH92) -> 0 | FI93: =SUM(FB92:FH92) -> 0 | FK93: المجموع | FM93: =SUM(FM91:FM92) -> 0 | FN93: =SUM(FN91:FN92) -> 0 | FO93: =SUM(FO91:FO92) -> 0 | FP93: =SUM(FP91:FP92) -> 0 | FQ93: =SUM(FQ91:FR92) -> 0 | FS93: =SUM(FS91:FS92) -> 0 | FT93: =SUM(FT91:FU92) -> 0 | FV93: =SUM(FV91:FV92) -> 0 | FW93: =SUM(FW91:FW92) -> 0 | FX93: =SUM(FQ92:FW92) -> 0 | FZ93: المجموع | GB93: =SUM(GB91:GB92) -> 0 | GC93: =SUM(GC91:GC92) -> 0 | GD93: =SUM(GD91:GD92) -> 0 | GE93: =SUM(GE91:GE92) -> 0 | GF93: =SUM(GF91:GG92) -> 0 | GH93: =SUM(GH91:GH92) -> 0 | GI93: =SUM(GI91:GJ92) -> 0 | GK93: =SUM(GK91:GK92) -> 0 | GL93: =SUM(GL91:GL92) -> 0 | GM93: =SUM(GF92:GL92) -> 0
A95: 0 | B95: سعوديات | C95: 0 | D95: 0 | F95: 0 | H95: 0 | I95: 0 | K95: 0 | M95: 0 | O95: =SUM(C95) -> 0 | P95: 0 | Q95: سعوديات | R95: 0 | S95: 0 | U95: 0 | W95: 0 | X95: 0 | Z95: 0 | AB95: 0 | AD95: =SUM(R95) -> 0 | AE95: 0 | AF95: سعوديات | AG95: 0 | AH95: 0 | AJ95: 0 | AL95: 0 | AM95: 0 | AO95: 0 | AQ95: 0 | AS95: =SUM(AG95) -> 0 | AT95: 0 | AU95: سعوديات | AV95: 0 | AW95: 0 | AY95: 0 | BA95: 0 | BB95: 0 | BD95: 0 | BF95: 0 | BH95: =SUM(AV95) -> 0 | BI95: 0 | BJ95: سعوديات | BK95: 0 | BL95: 0 | BN95: 0 | BP95: 0 | BQ95: 0 | BS95: 0 | BU95: 0 | BW95: =SUM(BK95) -> 0 | BX95: 0 | BY95: سعوديات | BZ95: 0 | CA95: 0 | CC95: 0 | CE95: 0 | CF95: 0 | CH95: 0 | CJ95: 0 | CL95: =SUM(BZ95) -> 0 | CM95: 0 | CN95: سعوديات | CO95: 0 | CP95: 0 | CR95: 0 | CT95: 0 | CU95: 0 | CW95: 0 | CY95: 0 | DA95: =SUM(CO95) -> 0 | DB95: 0 | DC95: سعوديات | DD95: 0 | DE95: 0 | DG95: 0 | DI95: 0 | DJ95: 0 | DL95: 0 | DN95: 0 | DP95: =SUM(DD95) -> 0 | DQ95: 0 | DR95: سعوديات | DS95: 0 | DT95: 0 | DV95: 0 | DX95: 0 | DY95: 0 | EA95: 0 | EC95: 0 | EE95: =SUM(DS95) -> 0 | EF95: 0 | EG95: سعوديات | EH95: 0 | EI95: 0 | EK95: 0 | EM95: 0 | EN95: 0 | EP95: 0 | ER95: 0 | ET95: =SUM(EH95) -> 0 | EU95: 0 | EV95: سعوديات | EW95: 0 | EX95: 0 | EZ95: 0 | FB95: 0 | FC95: 0 | FE95: 0 | FG95: 0 | FI95: =SUM(EW95) -> 0 | FJ95: 0 | FK95: سعوديات | FL95: 0 | FM95: 0 | FO95: 0 | FQ95: 0 | FR95: 0 | FT95: 0 | FV95: 0 | FX95: =SUM(FL95) -> 0 | FY95: =(FJ95) -> 0 | FZ95: سعوديات | GA95: =SUM(C95+R95+AG95+AV95+BK95+BZ95+CO95+DD95+DS95+EH95+EW95+FL95) -> 0 | GB95: =SUM(D95+S95+AH95+AW95+BL95+CA95+CP95+DE95+DT95+EI95+EX95+FM95) -> 0 | GD95: =SUM(F95+U95+AJ95+AY95+BN95+CC95+CR95+DG95+DV95+EK95+EZ95+FO95) -> 0 | GF95: =SUM(H95+W95+AL95+BA95+BP95+CE95+CT95+DI95+DX95+EM95+FB95+FQ95) -> 0 | GG95: =SUM(I95+X95+AM95+BB95+BQ95+CF95+CU95+DJ95+DY95+EN95+FC95+FR95) -> 0 | GI95: =SUM(K95+Z95+AO95+BD95+BS95+CH95+CW95+DL95+EA95+EP95+FE95+FT95) -> 0 | GK95: =SUM(M95+AB95+AQ95+BF95+BU95+CJ95+CY95+DN95+EC95+ER95+FG95+FV95) -> 0 | GM95: =SUM(GA95) -> 0
B96: غير سعوديات | C96: 0 | D96: 0 | F96: 0 | H96: 0 | I96: 0 | K96: 0 | M96: 0 | O96: =SUM(D95:G95) -> 0 | Q96: غير سعوديات | R96: 0 | S96: 0 | U96: 0 | W96: 0 | X96: 0 | Z96: 0 | AB96: 0 | AD96: =SUM(S95:V95) -> 0 | AF96: غير سعوديات | AG96: 0 | AH96: 0 | AJ96: 0 | AL96: 0 | AM96: 0 | AO96: 0 | AQ96: 0 | AS96: =SUM(AH95:AK95) -> 0 | AU96: غير سعوديات | AV96: 0 | AW96: 0 | AY96: 0 | BA96: 0 | BB96: 0 | BD96: 0 | BF96: 0 | BH96: =SUM(AW95:AZ95) -> 0 | BJ96: غير سعوديات | BK96: 0 | BL96: 0 | BN96: 0 | BP96: 0 | BQ96: 0 | BS96: 0 | BU96: 0 | BW96: =SUM(BL95:BO95) -> 0 | BY96: غير سعوديات | BZ96: 0 | CA96: 0 | CC96: 0 | CE96: 0 | CF96: 0 | CH96: 0 | CJ96: 0 | CL96: =SUM(CA95:CD95) -> 0 | CN96: غير سعوديات | CO96: 0 | CP96: 0 | CR96: 0 | CT96: 0 | CU96: 0 | CW96: 0 | CY96: 0 | DA96: =SUM(CP95:CS95) -> 0 | DC96: غير سعوديات | DD96: 0 | DE96: 0 | DG96: 0 | DI96: 0 | DJ96: 0 | DL96: 0 | DN96: 0 | DP96: =SUM(DE95:DH95) -> 0 | DR96: غير سعوديات | DS96: 0 | DT96: 0 | DV96: 0 | DX96: 0 | DY96: 0 | EA96: 0 | EC96: 0 | EE96: =SUM(DT95:DW95) -> 0 | EG96: غير سعوديات | EH96: 0 | EI96: 0 | EK96: 0 | EM96: 0 | EN96: 0 | EP96: 0 | ER96: 0 | ET96: =SUM(EI95:EL95) -> 0 | EV96: غير سعوديات | EW96: 0 | EX96: 0 | EZ96: 0 | FB96: 0 | FC96: 0 | FE96: 0 | FG96: 0 | FI96: =SUM(EX95:FA95) -> 0 | FK96: غير سعوديات | FL96: 0 | FM96: 0 | FO96: 0 | FQ96: 0 | FR96: 0 | FT96: 0 | FV96: 0 | FX96: =SUM(FM95:FP95) -> 0 | FZ96: غير سعوديات | GA96: =SUM(C96+R96+AG96+AV96+BK96+BZ96+CO96+DD96+DS96+EH96+EW96+FL96) -> 0 | GB96: =SUM(D96+S96+AH96+AW96+BL96+CA96+CP96+DE96+DT96+EI96+EX96+FM96) -> 0 | GD96: =SUM(F96+U96+AJ96+AY96+BN96+CC96+CR96+DG96+DV96+EK96+EZ96+FO96) -> 0 | GF96: =SUM(H96+W96+AL96+BA96+BP96+CE96+CT96+DI96+DX96+EM96+FB96+FQ96) -> 0 | GG96: =SUM(I96+X96+AM96+BB96+BQ96+CF96+CU96+DJ96+DY96+EN96+FC96+FR96) -> 0 | GI96: =SUM(K96+Z96+AO96+BD96+BS96+CH96+CW96+DL96+EA96+EP96+FE96+FT96) -> 0 | GK96: =SUM(M96+AB96+AQ96+BF96+BU96+CJ96+CY96+DN96+EC96+ER96+FG96+FV96) -> 0 | GM96: =SUM(GB95:GE95) -> 0
B97: المجموع | C97: =SUM(C95:C96) -> 0 | D97: =SUM(D95:E96) -> 0 | F97: =SUM(F95:G96) -> 0 | H97: =SUM(H95:H96) -> 0 | I97: =SUM(I95:J96) -> 0 | K97: =SUM(K95:L96) -> 0 | M97: =SUM(M95:N96) -> 0 | O97: =SUM(K95:N95) -> 0 | Q97: المجموع | R97: =SUM(R95:R96) -> 0 | S97: =SUM(S95:T96) -> 0 | U97: =SUM(U95:V96) -> 0 | W97: =SUM(W95:W96) -> 0 | X97: =SUM(X95:Y96) -> 0 | Z97: =SUM(Z95:AA96) -> 0 | AB97: =SUM(AB95:AC96) -> 0 | AD97: =SUM(Z95:AC95) -> 0 | AF97: المجموع | AG97: =SUM(AG95:AG96) -> 0 | AH97: =SUM(AH95:AI96) -> 0 | AJ97: =SUM(AJ95:AK96) -> 0 | AL97: =SUM(AL95:AL96) -> 0 | AM97: =SUM(AM95:AN96) -> 0 | AO97: =SUM(AO95:AP96) -> 0 | AQ97: =SUM(AQ95:AR96) -> 0 | AS97: =SUM(AO95:AR95) -> 0 | AU97: المجموع | AV97: =SUM(AV95:AV96) -> 0 | AW97: =SUM(AW95:AX96) -> 0 | AY97: =SUM(AY95:AZ96) -> 0 | BA97: =SUM(BA95:BA96) -> 0 | BB97: =SUM(BB95:BC96) -> 0 | BD97: =SUM(BD95:BE96) -> 0 | BF97: =SUM(BF95:BG96) -> 0 | BH97: =SUM(BD95:BG95) -> 0 | BJ97: المجموع | BK97: =SUM(BK95:BK96) -> 0 | BL97: =SUM(BL95:BM96) -> 0 | BN97: =SUM(BN95:BO96) -> 0 | BP97: =SUM(BP95:BP96) -> 0 | BQ97: =SUM(BQ95:BR96) -> 0 | BS97: =SUM(BS95:BT96) -> 0 | BU97: =SUM(BU95:BV96) -> 0 | BW97: =SUM(BS95:BV95) -> 0 | BY97: المجموع | BZ97: =SUM(BZ95:BZ96) -> 0 | CA97: =SUM(CA95:CB96) -> 0 | CC97: =SUM(CC95:CD96) -> 0 | CE97: =SUM(CE95:CE96) -> 0 | CF97: =SUM(CF95:CG96) -> 0 | CH97: =SUM(CH95:CI96) -> 0 | CJ97: =SUM(CJ95:CK96) -> 0 | CL97: =SUM(CH95:CK95) -> 0 | CN97: المجموع | CO97: =SUM(CO95:CO96) -> 0 | CP97: =SUM(CP95:CQ96) -> 0 | CR97: =SUM(CR95:CS96) -> 0 | CT97: =SUM(CT95:CT96) -> 0 | CU97: =SUM(CU95:CV96) -> 0 | CW97: =SUM(CW95:CX96) -> 0 | CY97: =SUM(CY95:CZ96) -> 0 | DA97: =SUM(CW95:CZ95) -> 0 | DC97: المجموع | DD97: =SUM(DD95:DD96) -> 0 | DE97: =SUM(DE95:DF96) -> 0 | DG97: =SUM(DG95:DH96) -> 0 | DI97: =SUM(DI95:DI96) -> 0 | DJ97: =SUM(DJ95:DK96) -> 0 | DL97: =SUM(DL95:DM96) -> 0 | DN97: =SUM(DN95:DO96) -> 0 | DP97: =SUM(DL95:DO95) -> 0 | DR97: المجموع | DS97: =SUM(DS95:DS96) -> 0 | DT97: =SUM(DT95:DU96) -> 0 | DV97: =SUM(DV95:DW96) -> 0 | DX97: =SUM(DX95:DX96) -> 0 | DY97: =SUM(DY95:DZ96) -> 0 | EA97: =SUM(EA95:EB96) -> 0 | EC97: =SUM(EC95:ED96) -> 0 | EE97: =SUM(EA95:ED95) -> 0 | EG97: المجموع | EH97: =SUM(EH95:EH96) -> 0 | EI97: =SUM(EI95:EJ96) -> 0 | EK97: =SUM(EK95:EL96) -> 0 | EM97: =SUM(EM95:EM96) -> 0 | EN97: =SUM(EN95:EO96) -> 0 | EP97: =SUM(EP95:EQ96) -> 0 | ER97: =SUM(ER95:ES96) -> 0 | ET97: =SUM(EP95:ES95) -> 0 | EV97: المجموع | EW97: =SUM(EW95:EW96) -> 0 | EX97: =SUM(EX95:EY96) -> 0 | EZ97: =SUM(EZ95:FA96) -> 0 | FB97: =SUM(FB95:FB96) -> 0 | FC97: =SUM(FC95:FD96) -> 0 | FE97: =SUM(FE95:FF96) -> 0 | FG97: =SUM(FG95:FH96) -> 0 | FI97: =SUM(FE95:FH95) -> 0 | FK97: المجموع | FL97: =SUM(FL95:FL96) -> 0 | FM97: =SUM(FM95:FN96) -> 0 | FO97: =SUM(FO95:FP96) -> 0 | FQ97: =SUM(FQ95:FQ96) -> 0 | FR97: =SUM(FR95:FS96) -> 0 | FT97: =SUM(FT95:FU96) -> 0 | FV97: =SUM(FV95:FW96) -> 0 | FX97: =SUM(FT95:FW95) -> 0 | FZ97: المجموع | GA97: =SUM(GA95:GA96) -> 0 | GB97: =SUM(GB95:GC96) -> 0 | GD97: =SUM(GD95:GE96) -> 0 | GF97: =SUM(GF95:GF96) -> 0 | GG97: =SUM(GG95:GH96) -> 0 | GI97: =SUM(GI95:GJ96) -> 0 | GK97: =SUM(GK95:GL96) -> 0 | GM97: =SUM(GI95:GL95) -> 0
D98: مكان الولادة | H98: نتيجة الحمل | O98: =SUM(D101:G101) -> 0 | S98: مكان الولادة | W98: نتيجة الحمل | AD98: =SUM(S101:V101) -> 0 | AH98: مكان الولادة | AL98: نتيجة الحمل | AS98: =SUM(AH101:AK101) -> 0 | AW98: مكان الولادة | BA98: نتيجة الحمل | BH98: =SUM(AW101:AZ101) -> 0 | BL98: مكان الولادة | BP98: نتيجة الحمل | BW98: =SUM(BL101:BO101) -> 0 | CA98: مكان الولادة | CE98: نتيجة الحمل | CL98: =SUM(CA101:CD101) -> 0 | CP98: مكان الولادة | CT98: نتيجة الحمل | DA98: =SUM(CP101:CS101) -> 0 | DE98: مكان الولادة | DI98: نتيجة الحمل | DP98: =SUM(DE101:DH101) -> 0 | DT98: مكان الولادة | DX98: نتيجة الحمل | EE98: =SUM(DT101:DW101) -> 0 | EI98: مكان الولادة | EM98: نتيجة الحمل | ET98: =SUM(EI101:EL101) -> 0 | EX98: مكان الولادة | FB98: نتيجة الحمل | FI98: =SUM(EX101:FA101) -> 0 | FM98: مكان الولادة | FQ98: نتيجة الحمل | FX98: =SUM(FM101:FP101) -> 0 | GB98: مكان الولادة | GF98: نتيجة الحمل | GM98: =SUM(GB101:GE101) -> 0
D99: بالمنزل | F99: بالمركز الصحي | G99: بالمستشفى | H99: مولود حي | M99: إجهاض | N99: مولود ميت | O99: =SUM(H101:N101) -> 0 | S99: بالمنزل | U99: بالمركز الصحي | V99: بالمستشفى | W99: مولود حي | AB99: إجهاض | AC99: مولود ميت | AD99: =SUM(W101:AC101) -> 0 | AH99: بالمنزل | AJ99: بالمركز الصحي | AK99: بالمستشفى | AL99: مولود حي | AQ99: إجهاض | AR99: مولود ميت | AS99: =SUM(AL101:AR101) -> 0 | AW99: بالمنزل | AY99: بالمركز الصحي | AZ99: بالمستشفى | BA99: مولود حي | BF99: إجهاض | BG99: مولود ميت | BH99: =SUM(BA101:BG101) -> 0 | BL99: بالمنزل | BN99: بالمركز الصحي | BO99: بالمستشفى | BP99: مولود حي | BU99: إجهاض | BV99: مولود ميت | BW99: =SUM(BP101:BV101) -> 0 | CA99: بالمنزل | CC99: بالمركز الصحي | CD99: بالمستشفى | CE99: مولود حي | CJ99: إجهاض | CK99: مولود ميت | CL99: =SUM(CE101:CK101) -> 0 | CP99: بالمنزل | CR99: بالمركز الصحي | CS99: بالمستشفى | CT99: مولود حي | CY99: إجهاض | CZ99: مولود ميت | DA99: =SUM(CT101:CZ101) -> 0 | DE99: بالمنزل | DG99: بالمركز الصحي | DH99: بالمستشفى | DI99: مولود حي | DN99: إجهاض | DO99: مولود ميت | DP99: =SUM(DI101:DO101) -> 0 | DT99: بالمنزل | DV99: بالمركز الصحي | DW99: بالمستشفى | DX99: مولود حي | EC99: إجهاض | ED99: مولود ميت | EE99: =SUM(DX101:ED101) -> 0 | EI99: بالمنزل | EK99: بالمركز الصحي | EL99: بالمستشفى | EM99: مولود حي | ER99: إجهاض | ES99: مولود ميت | ET99: =SUM(EM101:ES101) -> 0 | EX99: بالمنزل | EZ99: بالمركز الصحي | FA99: بالمستشفى | FB99: مولود حي | FG99: إجهاض | FH99: مولود ميت | FI99: =SUM(FB101:FH101) -> 0 | FM99: بالمنزل | FO99: بالمركز الصحي | FP99: بالمستشفى | FQ99: مولود حي | FV99: إجهاض | FW99: مولود ميت | FX99: =SUM(FQ101:FW101) -> 0 | GB99: بالمنزل | GD99: بالمركز الصحي | GE99: بالمستشفى | GF99: مولود حي | GK99: إجهاض | GL99: مولود ميت | GM99: =SUM(GF101:GL101) -> 0
D100: بإشراف | E100: بدون | H100: طبيعي | J100: مبتسر | K100: أقل من 2.5 كجم | O100: =SUM(C96) -> 0 | S100: بإشراف | T100: بدون | W100: طبيعي | Y100: مبتسر | Z100: أقل من 2.5 كجم | AD100: =SUM(R96) -> 0 | AH100: بإشراف | AI100: بدون | AL100: طبيعي | AN100: مبتسر | AO100: أقل من 2.5 كجم | AS100: =SUM(AG96) -> 0 | AW100: بإشراف | AX100: بدون | BA100: طبيعي | BC100: مبتسر | BD100: أقل من 2.5 كجم | BH100: =SUM(AV96) -> 0 | BL100: بإشراف | BM100: بدون | BP100: طبيعي | BR100: مبتسر | BS100: أقل من 2.5 كجم | BW100: =SUM(BK96) -> 0 | CA100: بإشراف | CB100: بدون | CE100: طبيعي | CG100: مبتسر | CH100: أقل من 2.5 كجم | CL100: =SUM(BZ96) -> 0 | CP100: بإشراف | CQ100: بدون | CT100: طبيعي | CV100: مبتسر | CW100: أقل من 2.5 كجم | DA100: =SUM(CO96) -> 0 | DE100: بإشراف | DF100: بدون | DI100: طبيعي | DK100: مبتسر | DL100: أقل من 2.5 كجم | DP100: =SUM(DD96) -> 0 | DT100: بإشراف | DU100: بدون | DX100: طبيعي | DZ100: مبتسر | EA100: أقل من 2.5 كجم | EE100: =SUM(DS96) -> 0 | EI100: بإشراف | EJ100: بدون | EM100: طبيعي | EO100: مبتسر | EP100: أقل من 2.5 كجم | ET100: =SUM(EH96) -> 0 | EX100: بإشراف | EY100: بدون | FB100: طبيعي | FD100: مبتسر | FE100: أقل من 2.5 كجم | FI100: =SUM(EW96) -> 0 | FM100: بإشراف | FN100: بدون | FQ100: طبيعي | FS100: مبتسر | FT100: أقل من 2.5 كجم | FX100: =SUM(FL96) -> 0 | GB100: بإشراف | GC100: بدون | GF100: طبيعي | GH100: مبتسر | GI100: أقل من 2.5 كجم | GM100: =SUM(GA96) -> 0
B101: سعوديات | D101: 0 | E101: 0 | F101: 0 | G101: 0 | H101: 0 | J101: 0 | K101: 0 | M101: 0 | N101: 0 | O101: =SUM(K96:N96) -> 0 | Q101: سعوديات | S101: 0 | T101: 0 | U101: 0 | V101: 0 | W101: 0 | Y101: 0 | Z101: 0 | AB101: 0 | AC101: 0 | AD101: =SUM(Z96:AC96) -> 0 | AF101: سعوديات | AH101: 0 | AI101: 0 | AJ101: 0 | AK101: 0 | AL101: 0 | AN101: 0 | AO101: 0 | AQ101: 0 | AR101: 0 | AS101: =SUM(AO96:AR96) -> 0 | AU101: سعوديات | AW101: 0 | AX101: 0 | AY101: 0 | AZ101: 0 | BA101: 0 | BC101: 0 | BD101: 0 | BF101: 0 | BG101: 0 | BH101: =SUM(BD96:BG96) -> 0 | BJ101: سعوديات | BL101: 0 | BM101: 0 | BN101: 0 | BO101: 0 | BP101: 0 | BR101: 0 | BS101: 0 | BU101: 0 | BV101: 0 | BW101: =SUM(BS96:BV96) -> 0 | BY101: سعوديات | CA101: 0 | CB101: 0 | CC101: 0 | CD101: 0 | CE101: 0 | CG101: 0 | CH101: 0 | CJ101: 0 | CK101: 0 | CL101: =SUM(CH96:CK96) -> 0 | CN101: سعوديات | CP101: 0 | CQ101: 0 | CR101: 0 | CS101: 0 | CT101: 0 | CV101: 0 | CW101: 0 | CY101: 0 | CZ101: 0 | DA101: =SUM(CW96:CZ96) -> 0 | DC101: سعوديات | DE101: 0 | DF101: 0 | DG101: 0 | DH101: 0 | DI101: 0 | DK101: 0 | DL101: 0 | DN101: 0 | DO101: 0 | DP101: =SUM(DL96:DO96) -> 0 | DR101: سعوديات | DT101: 0 | DU101: 0 | DV101: 0 | DW101: 0 | DX101: 0 | DZ101: 0 | EA101: 0 | EC101: 0 | ED101: 0 | EE101: =SUM(EA96:ED96) -> 0 | EG101: سعوديات | EI101: 0 | EJ101: 0 | EK101: 0 | EL101: 0 | EM101: 0 | EO101: 0 | EP101: 0 | ER101: 0 | ES101: 0 | ET101: =SUM(EP96:ES96) -> 0 | EV101: سعوديات | EX101: 0 | EY101: 0 | EZ101: 0 | FA101: 0 | FB101: 0 | FD101: 0 | FE101: 0 | FG101: 0 | FH101: 0 | FI101: =SUM(FE96:FH96) -> 0 | FK101: سعوديات | FM101: 0 | FN101: 0 | FO101: 0 | FP101: 0 | FQ101: 0 | FS101: 0 | FT101: 0 | FV101: 0 | FW101: 0 | FX101: =SUM(FT96:FW96) -> 0 | FZ101: سعوديات | GB101: =SUM(D101+S101+AH101+AW101+BL101+CA101+CP101+DE101+DT101+EI101+EX101+FM101) -> 0 | GC101: =SUM(E101+T101+AI101+AX101+BM101+CB101+CQ101+DF101+DU101+EJ101+EY101+FN101) -> 0 | GD101: =SUM(F101+U101+AJ101+AY101+BN101+CC101+CR101+DG101+DV101+EK101+EZ101+FO101) -> 0 | GE101: =SUM(G101+V101+AK101+AZ101+BO101+CD101+CS101+DH101+DW101+EL101+FA101+FP101) -> 0 | GF101: =SUM(H101+W101+AL101+BA101+BP101+CE101+CT101+DI101+DX101+EM101+FB101+FQ101) -> 0 | GH101: =SUM(J101+Y101+AN101+BC101+BR101+CG101+CV101+DK101+DZ101+EO101+FD101+FS101) -> 0 | GI101: =SUM(K101+Z101+AO101+BD101+BS101+CH101+CW101+DL101+EA101+EP101+FE101+FT101) -> 0 | GK101: =SUM(M101+AB101+AQ101+BF101+BU101+CJ101+CY101+DN101+EC101+ER101+FG101+FV101) -> 0 | GL101: =SUM(N101+AC101+AR101+BG101+BV101+CK101+CZ101+DO101+ED101+ES101+FH101+FW101) -> 0 | GM101: =SUM(GI96:GL96) -> 0
B102: غ.سعوديات | D102: 0 | E102: 0 | F102: 0 | G102: 0 | H102: 0 | J102: 0 | K102: 0 | M102: 0 | N102: 0 | O102: =SUM(D102:G102) -> 0 | Q102: غ.سعوديات | S102: 0 | T102: 0 | U102: 0 | V102: 0 | W102: 0 | Y102: 0 | Z102: 0 | AB102: 0 | AC102: 0 | AD102: =SUM(S102:V102) -> 0 | AF102: غ.سعوديات | AH102: 0 | AI102: 0 | AJ102: 0 | AK102: 0 | AL102: 0 | AN102: 0 | AO102: 0 | AQ102: 0 | AR102: 0 | AS102: =SUM(AH102:AK102) -> 0 | AU102: غ.سعوديات | AW102: 0 | AX102: 0 | AY102: 0 | AZ102: 0 | BA102: 0 | BC102: 0 | BD102: 0 | BF102: 0 | BG102: 0 | BH102: =SUM(AW102:AZ102) -> 0 | BJ102: غ.سعوديات | BL102: 0 | BM102: 0 | BN102: 0 | BO102: 0 | BP102: 0 | BR102: 0 | BS102: 0 | BU102: 0 | BV102: 0 | BW102: =SUM(BL102:BO102) -> 0 | BY102: غ.سعوديات | CA102: 0 | CB102: 0 | CC102: 0 | CD102: 0 | CE102: 0 | CG102: 0 | CH102: 0 | CJ102: 0 | CK102: 0 | CL102: =SUM(CA102:CD102) -> 0 | CN102: غ.سعوديات | CP102: 0 | CQ102: 0 | CR102: 0 | CS102: 0 | CT102: 0 | CV102: 0 | CW102: 0 | CY102: 0 | CZ102: 0 | DA102: =SUM(CP102:CS102) -> 0 | DC102: غ.سعوديات | DE102: 0 | DF102: 0 | DG102: 0 | DH102: 0 | DI102: 0 | DK102: 0 | DL102: 0 | DN102: 0 | DO102: 0 | DP102: =SUM(DE102:DH102) -> 0 | DR102: غ.سعوديات | DT102: 0 | DU102: 0 | DV102: 0 | DW102: 0 | DX102: 0 | DZ102: 0 | EA102: 0 | EC102: 0 | ED102: 0 | EE102: =SUM(DT102:DW102) -> 0 | EG102: غ.سعوديات | EI102: 0 | EJ102: 0 | EK102: 0 | EL102: 0 | EM102: 0 | EO102: 0 | EP102: 0 | ER102: 0 | ES102: 0 | ET102: =SUM(EI102:EL102) -> 0 | EV102: غ.سعوديات | EX102: 0 | EY102: 0 | EZ102: 0 | FA102: 0 | FB102: 0 | FD102: 0 | FE102: 0 | FG102: 0 | FH102: 0 | FI102: =SUM(EX102:FA102) -> 0 | FK102: غ.سعوديات | FM102: 0 | FN102: 0 | FO102: 0 | FP102: 0 | FQ102: 0 | FS102: 0 | FT102: 0 | FV102: 0 | FW102: 0 | FX102: =SUM(FM102:FP102) -> 0 | FZ102: غ.سعوديات | GB102: =SUM(D102+S102+AH102+AW102+BL102+CA102+CP102+DE102+DT102+EI102+EX102+FM102) -> 0 | GC102: =SUM(E102+T102+AI102+AX102+BM102+CB102+CQ102+DF102+DU102+EJ102+EY102+FN102) -> 0 | GD102: =SUM(F102+U102+AJ102+AY102+BN102+CC102+CR102+DG102+DV102+EK102+EZ102+FO102) -> 0 | GE102: =SUM(G102+V102+AK102+AZ102+BO102+CD102+CS102+DH102+DW102+EL102+FA102+FP102) -> 0 | GF102: =SUM(H102+W102+AL102+BA102+BP102+CE102+CT102+DI102+DX102+EM102+FB102+FQ102) -> 0 | GH102: =SUM(J102+Y102+AN102+BC102+BR102+CG102+CV102+DK102+DZ102+EO102+FD102+FS102) -> 0 | GI102: =SUM(K102+Z102+AO102+BD102+BS102+CH102+CW102+DL102+EA102+EP102+FE102+FT102) -> 0 | GK102: =SUM(M102+AB102+AQ102+BF102+BU102+CJ102+CY102+DN102+EC102+ER102+FG102+FV102) -> 0 | GL102: =SUM(N102+AC102+AR102+BG102+BV102+CK102+CZ102+DO102+ED102+ES102+FH102+FW102) -> 0 | GM102: =SUM(GB102:GE102) -> 0
