Workbook

Sheet الإحالات
A2: مراكز شرق جدة | D2: شهر | E2: 1 | F2: 1447 | G2: هـ | J2: مراكز شرق جدة | M2: شهر | N2: 2 | O2: 1447 | P2: هـ | S2: مراكز شرق جدة | V2: شهر | W2: 3 | X2: 1447 | Y2: هـ | AB2: مراكز شرق جدة | AE2: شهر | AF2: 4 | AG2: 1447 | AH2: هـ | AK2: مراكز شرق جدة | AN2: شهر | AO2: 5 | AP2: 1447 | AQ2: هـ | AT2: مراكز شرق جدة | AW2: شهر | AX2: 6 | AY2: 1447 | AZ2: هـ | BC2: مراكز شرق جدة | BF2: شهر | BG2: 7 | BH2: 1447 | BI2: هـ | BL2: مراكز شرق جدة | BO2: شهر | BP2: 8 | BQ2: 1447 | BR2: هـ | BU2: مراكز شرق جدة | BX2: شهر | BY2: 9 | BZ2: 1447 | CA2: هـ | CD2: مراكز شرق جدة | CG2: شهر | CH2: 10 | CI2: 1447 | CJ2: هـ | CM2: مراكز شرق جدة | CP2: شهر | CQ2: 11 | CR2: 1447 | CS2: هـ | CV2: مراكز شرق جدة | CY2: شهر | CZ2: 12 | DA2: 1447 | DB2: هـ | DE2: الإحالات والردود الراجعة | DI2: عام | DJ2: =SUM(DA2) -> 1447 | DK2: هـ
A3: مراكز | D3: نوع الإحالات | G3: المجموع | H3: الردود | J3: مراكز | M3: نوع الإحالات | P3: المجموع | Q3: الردود | S3: مراكز | V3: نوع الإحالات | Y3: المجموع | Z3: الردود | AB3: مراكز | AE3: نوع الإحالات | AH3: المجموع | AI3: الردود | AK3: مراكز | AN3: نوع الإحالات | AQ3: المجموع | AR3: الردود | AT3: مراكز | AW3: نوع الإحالات | AZ3: المجموع | BA3: الردود | BC3: مراكز | BF3: نوع الإحالات | BI3: المجموع | BJ3: الردود | BL3: مراكز | BO3: نوع الإحالات | BR3: المجموع | BS3: الردود | BU3: مراكز | BX3: نوع الإحالات | CA3: المجموع | CB3: الردود | CD3: مراكز | CG3: نوع الإحالات | CJ3: المجموع | CK3: الردود | CM3: مراكز | CP3: نوع الإحالات | CS3: المجموع | CT3: الردود | CV3: مراكز | CY3: نوع الإحالات | DB3: المجموع | DC3: الردود | DE3: مراكز | DF3: الجنسية | DG3: الجنس | DH3: نوع الإحالات | DK3: المجموع | DL3: الردود
D4: إسعافات أولية | E4: طارئة | F4: عادية | H4: الراجعة | M4: إسعافات أولية | N4: طارئة | O4: عادية | Q4: الراجعة | V4: إسعافات أولية | W4: طارئة | X4: عادية | Z4: الراجعة | AE4: إسعافات أولية | AF4: طارئة | AG4: عادية | AI4: الراجعة | AN4: إسعافات أولية | AO4: طارئة | AP4: عادية | AR4: الراجعة | AW4: إسعافات أولية | AX4: طارئة | AY4: عادية | BA4: الراجعة | BF4: إسعافات أولية | BG4: طارئة | BH4: عادية | BJ4: الراجعة | BO4: إسعافات أولية | BP4: طارئة | BQ4: عادية | BS4: الراجعة | BX4: إسعافات أولية | BY4: طارئة | BZ4: عادية | CB4: الراجعة | CG4: إسعافات أولية | CH4: طارئة | CI4: عادية | CK4: الراجعة | CP4: إسعافات أولية | CQ4: طارئة | CR4: عادية | CT4: الراجعة | CY4: إسعافات أولية | CZ4: طارئة | DA4: عادية | DC4: الراجعة | DH4: إسعافات أولية | DI4: طارئة | DJ4: عادية | DL4: الراجعة
A5: الربيع والتوفيق | B5: سعودي | C5: ذكر | D5: 0 | E5: 3 | F5: 280 | G5: =SUM(D5:F5) -> 283 | H5: 0 | J5: الربيع والتوفيق | K5: سعودي | L5: ذكر | M5: 0 | N5: 9 | O5: 301 | P5: 310 | Q5: 0 | S5: الربيع والتوفيق | T5: سعودي | U5: ذكر | V5: 0 | W5: 105 | X5: 225 | Y5: =SUM(V5:X5) -> 330 | Z5: 0 | AB5: الربيع والتوفيق | AC5: سعودي | AD5: ذكر | AE5: 0 | AF5: 38 | AG5: 258 | AH5: =SUM(AE5:AG5) -> 296 | AI5: 0 | AK5: الربيع والتوفيق | AL5: سعودي | AM5: ذكر | AN5: 0 | AO5: 33 | AP5: 325 | AQ5: =SUM(AN5:AP5) -> 358 | AR5: 0 | AT5: الربيع والتوفيق | AU5: سعودي | AV5: ذكر | AW5: 0 | AX5: 29 | AY5: 415 | AZ5: =SUM(AW5:AY5) -> 444 | BA5: 0 | BC5: الربيع والتوفيق | BD5: سعودي | BE5: ذكر | BF5: 0 | BG5: 11 | BH5: 315 | BI5: 326 | BJ5: 0 | BL5: الربيع والتوفيق | BM5: سعودي | BN5: ذكر | BO5: 0 | BP5: 52 | BQ5: 185 | BR5: =SUM(BO5:BQ5) -> 237 | BS5: 0 | BU5: الربيع والتوفيق | BV5: سعودي | BW5: ذكر | BX5: 0 | BY5: 17 | BZ5: 322 | CA5: =SUM(BX5:BZ5) -> 339 | CB5: 0 | CD5: الربيع والتوفيق | CE5: سعودي | CF5: ذكر | CG5: 0 | CH5: 7 | CI5: 425 | CJ5: =SUM(CG5:CI5) -> 432 | CK5: 0 | CM5: الربيع والتوفيق | CN5: سعودي | CO5: ذكر | CP5: 0 | CQ5: 0 | CR5: 0 | CS5: =SUM(CP5:CR5) -> 0 | CT5: 0 | CV5: الربيع والتوفيق | CW5: سعودي | CX5: ذكر | CY5: 0 | CZ5: 0 | DA5: 0 | DB5: =SUM(CY5:DA5) -> 0 | DC5: 0 | DE5: =CV5 -> الربيع والتوفيق | DG5: ذكر | DH5: =D5+M5+V5+AE5+AN5+AW5+BF5+BO5+BX5+CG5+CP5+CY5 -> 0 | DI5: =E5+N5+W5+AF5+AO5+AX5+BG5+BP5+BY5+CH5+CQ5+CZ5 -> 304 | DJ5: =F5+O5+X5+AG5+AP5+AY5+BH5+BQ5+BZ5+CI5+CR5+DA5 -> 3051 | DK5: =SUM(DH5:DJ5) -> 3355 | DL5: =H5+Q5+Z5+AI5+AR5+BA5+BJ5+BS5+CB5+CK5+CT5+DC5 -> 0
C6: أنثى | D6: 0 | E6: 10 | F6: 390 | G6: =SUM(D6:F6) -> 400 | H6: 0 | L6: أنثى | M6: 0 | N6: 11 | O6: 398 | P6: 409 | Q6: 0 | U6: أنثى | V6: 0 | W6: 125 | X6: 242 | Y6: =SUM(V6:X6) -> 367 | Z6: 0 | AD6: أنثى | AE6: 0 | AF6: 77 | AG6: 238 | AH6: =SUM(AE6:AG6) -> 315 | AI6: 0 | AM6: أنثى | AN6: 0 | AO6: 51 | AP6: 230 | AQ6: =SUM(AN6:AP6) -> 281 | AR6: 0 | AV6: أنثى | AW6: 0 | AX6: 44 | AY6: 310 | AZ6: =SUM(AW6:AY6) -> 354 | BA6: 0 | BE6: أنثى | BF6: 0 | BG6: 15 | BH6: 410 | BI6: 425 | BJ6: 0 | BN6: أنثى | BO6: 0 | BP6: 62 | BQ6: 143 | BR6: =SUM(BO6:BQ6) -> 205 | BS6: 0 | BW6: أنثى | BX6: 0 | BY6: 5 | BZ6: 240 | CA6: =SUM(BX6:BZ6) -> 245 | CB6: 0 | CF6: أنثى | CG6: 0 | CH6: 6 | CI6: 255 | CJ6: =SUM(CG6:CI6) -> 261 | CK6: 0 | CO6: أنثى | CP6: 0 | CQ6: 0 | CR6: 0 | CS6: =SUM(CP6:CR6) -> 0 | CT6: 0 | CX6: أنثى | CY6: 0 | CZ6: 0 | DA6: 0 | DB6: =SUM(CY6:DA6) -> 0 | DC6: 0 | DF6: سعودي | DG6: أنثى | DH6: =D6+M6+V6+AE6+AN6+AW6+BF6+BO6+BX6+CG6+CP6+CY6 -> 0 | DI6: =E6+N6+W6+AF6+AO6+AX6+BG6+BP6+BY6+CH6+CQ6+CZ6 -> 406 | DJ6: =F6+O6+X6+AG6+AP6+AY6+BH6+BQ6+BZ6+CI6+CR6+DA6 -> 2856 | DK6: =SUM(DH6:DJ6) -> 3262 | DL6: =H6+Q6+Z6+AI6+AR6+BA6+BJ6+BS6+CB6+CK6+CT6+DC6 -> 0
B7: غير | C7: ذكر | G7: =SUM(D7:F7) -> 0 | H7: 0 | K7: غير | L7: ذكر | Q7: 0 | T7: غير | U7: ذكر | Y7: =SUM(V7:X7) -> 0 | Z7: 0 | AC7: غير | AD7: ذكر | AH7: =SUM(AE7:AG7) -> 0 | AI7: 0 | AL7: غير | AM7: ذكر | AN7: 0 | AO7: 40 | AP7: 88 | AQ7: =SUM(AN7:AP7) -> 128 | AR7: 0 | AU7: غير | AV7: ذكر | AW7: 0 | AX7: 11 | AY7: 90 | AZ7: =SUM(AW7:AY7) -> 101 | BA7: 0 | BD7: غير | BE7: ذكر | BJ7: 0 | BM7: غير | BN7: ذكر | BO7: 0 | BP7: 19 | BQ7: 42 | BR7: =SUM(BO7:BQ7) -> 61 | BS7: 0 | BV7: غير | BW7: ذكر | BX7: 0 | BY7: 0 | BZ7: 0 | CA7: =SUM(BX7:BZ7) -> 0 | CB7: 0 | CE7: غير | CF7: ذكر | CG7: 0 | CH7: 0 | CI7: 8 | CJ7: =SUM(CG7:CI7) -> 8 | CK7: 0 | CN7: غير | CO7: ذكر | CP7: 0 | CQ7: 0 | CR7: 0 | CS7: =SUM(CP7:CR7) -> 0 | CT7: 0 | CW7: غير | CX7: ذكر | CY7: 0 | CZ7: 0 | DA7: 0 | DB7: =SUM(CY7:DA7) -> 0 | DC7: 0 | DF7: غير | DG7: ذكر | DH7: =D7+M7+V7+AE7+AN7+AW7+BF7+BO7+BX7+CG7+CP7+CY7 -> 0 | DI7: =E7+N7+W7+AF7+AO7+AX7+BG7+BP7+BY7+CH7+CQ7+CZ7 -> 70 | DJ7: =F7+O7+X7+AG7+AP7+AY7+BH7+BQ7+BZ7+CI7+CR7+DA7 -> 228 | DK7: =SUM(DH7:DJ7) -> 298 | DL7: =H7+Q7+Z7+AI7+AR7+BA7+BJ7+BS7+CB7+CK7+CT7+DC7 -> 0
B8: سعودي | C8: أنثى | D8: 0 | E8: 1 | F8: 20 | G8: =SUM(D8:F8) -> 21 | H8: 0 | K8: سعودي | L8: أنثى | M8: 0 | N8: 0 | O8: 0 | P8: 0 | Q8: 0 | T8: سعودي | U8: أنثى | V8: 0 | W8: 32 | X8: 43 | Y8: =SUM(V8:X8) -> 75 | Z8: 0 | AC8: سعودي | AD8: أنثى | AE8: 0 | AF8: 43 | AG8: 81 | AH8: =SUM(AE8:AG8) -> 124 | AI8: 0 | AL8: سعودي | AM8: أنثى | AN8: 0 | AO8: 20 | AP8: 50 | AQ8: =SUM(AN8:AP8) -> 70 | AR8: 0 | AU8: سعودي | AV8: أنثى | AW8: 0 | AX8: 6 | AY8: 46 | AZ8: =SUM(AW8:AY8) -> 52 | BA8: 0 | BD8: سعودي | BE8: أنثى | BF8: 0 | BG8: 0 | BH8: 0 | BI8: 0 | BJ8: 0 | BM8: سعودي | BN8: أنثى | BO8: 0 | BP8: 15 | BQ8: 61 | BR8: =SUM(BO8:BQ8) -> 76 | BS8: 0 | BV8: سعودي | BW8: أنثى | BX8: 0 | BY8: 0 | BZ8: 0 | CA8: =SUM(BX8:BZ8) -> 0 | CB8: 0 | CE8: سعودي | CF8: أنثى | CG8: 0 | CH8: 0 | CI8: 2 | CJ8: =SUM(CG8:CI8) -> 2 | CK8: 0 | CN8: سعودي | CO8: أنثى | CP8: 0 | CQ8: 0 | CR8: 0 | CS8: =SUM(CP8:CR8) -> 0 | CT8: 0 | CW8: سعودي | CX8: أنثى | CY8: 0 | CZ8: 0 | DA8: 0 | DB8: =SUM(CY8:DA8) -> 0 | DC8: 0 | DF8: سعودي | DG8: أنثى | DH8: =D8+M8+V8+AE8+AN8+AW8+BF8+BO8+BX8+CG8+CP8+CY8 -> 0 | DI8: =E8+N8+W8+AF8+AO8+AX8+BG8+BP8+BY8+CH8+CQ8+CZ8 -> 117 | DJ8: =F8+O8+X8+AG8+AP8+AY8+BH8+BQ8+BZ8+CI8+CR8+DA8 -> 303 | DK8: =SUM(DH8:DJ8) -> 420 | DL8: =H8+Q8+Z8+AI8+AR8+BA8+BJ8+BS8+CB8+CK8+CT8+DC8 -> 0
B9: المجموع | D9: 0 | E9: 0 | F9: 33 | G9: =SUM(G5:G8) -> 704 | H9: =SUM(H5:H8) -> 0 | K9: المجموع | M9: 0 | N9: 0 | O9: 0 | P9: 0 | Q9: =SUM(Q5:Q8) -> 0 | T9: المجموع | V9: 0 | W9: 28 | X9: 30 | Y9: =SUM(Y5:Y8) -> 772 | Z9: =SUM(Z5:Z8) -> 0 | AC9: المجموع | AE9: 0 | AF9: 35 | AG9: 89 | AH9: =SUM(AH5:AH8) -> 735 | AI9: =SUM(AI5:AI8) -> 0 | AL9: المجموع | AN9: =SUM(AN5:AN8) -> 0 | AO9: =SUM(AO5:AO8) -> 144 | AP9: =SUM(AP5:AP8) -> 693 | AQ9: =SUM(AQ5:AQ8) -> 837 | AR9: =SUM(AR5:AR8) -> 0 | AU9: المجموع | AW9: =SUM(AW5:AW8) -> 0 | AX9: =SUM(AX5:AX8) -> 90 | AY9: =SUM(AY5:AY8) -> 861 | AZ9: =SUM(AZ5:AZ8) -> 951 | BA9: =SUM(BA5:BA8) -> 0 | BD9: المجموع | BF9: 0 | BG9: 0 | BH9: 0 | BI9: 0 | BJ9: =SUM(BJ5:BJ8) -> 0 | BM9: المجموع | BO9: =SUM(BO5:BO8) -> 0 | BP9: =SUM(BP5:BP8) -> 148 | BQ9: =SUM(BQ5:BQ8) -> 431 | BR9: =SUM(BR5:BR8) -> 579 | BS9: =SUM(BS5:BS8) -> 0 | BV9: المجموع | BX9: =SUM(BX5:BX8) -> 0 | BY9: =SUM(BY5:BY8) -> 22 | BZ9: =SUM(BZ5:BZ8) -> 562 | CA9: =SUM(CA5:CA8) -> 584 | CB9: =SUM(CB5:CB8) -> 0 | CE9: المجموع | CG9: =SUM(CG5:CG8) -> 0 | CH9: =SUM(CH5:CH8) -> 13 | CI9: =SUM(CI5:CI8) -> 690 | CJ9: =SUM(CJ5:CJ8) -> 703 | CK9: =SUM(CK5:CK8) -> 0 | CN9: المجموع | CP9: =SUM(CP5:CP8) -> 0 | CQ9: =SUM(CQ5:CQ8) -> 0 | CR9: =SUM(CR5:CR8) -> 0 | CS9: =SUM(CS5:CS8) -> 0 | CT9: =SUM(CT5:CT8) -> 0 | CW9: المجموع | CY9: =SUM(CY5:CY8) -> 0 | CZ9: =SUM(CZ5:CZ8) -> 0 | DA9: =SUM(DA5:DA8) -> 0 | DB9: =SUM(DB5:DB8) -> 0 | DC9: =SUM(DC5:DC8) -> 0 | DF9: المجموع | DH9: =SUM(DH5:DH8) -> 0 | DI9: =SUM(DI5:DI8) -> 897 | DJ9: =SUM(DJ5:DJ8) -> 6438 | DK9: =SUM(DK5:DK8) -> 7335 | DL9: =SUM(DL5:DL8) -> 0
A10: الجامعة | B10: سعودي | C10: ذكر | D10: 0 | E10: 2 | F10: 128 | G10: =SUM(D10:F10) -> 130 | H10: 0 | J10: الجامعة | K10: سعودي | L10: ذكر | M10: 0 | N10: 8 | O10: 104 | P10: 112 | Q10: 0 | S10: الجامعة | T10: سعودي | U10: ذكر | V10: 0 | W10: 290 | X10: 540 | Y10: =SUM(V10:X10) -> 830 | Z10: 0 | AB10: الجامعة | AC10: سعودي | AD10: ذكر | AE10: 0 | AF10: 193 | AG10: 666 | AH10: =SUM(AE10:AG10) -> 859 | AI10: 0 | AK10: الجامعة | AL10: سعودي | AM10: ذكر | AN10: 0 | AO10: 11 | AP10: 266 | AQ10: =SUM(AN10:AP10) -> 277 | AR10: 0 | AT10: الجامعة | AU10: سعودي | AV10: ذكر | AW10: 0 | AX10: 8 | AY10: 399 | AZ10: =SUM(AW10:AY10) -> 407 | BA10: 0 | BC10: الجامعة | BD10: سعودي | BE10: ذكر | BF10: 0 | BG10: 26 | BH10: 725 | BI10: 751 | BJ10: 0 | BL10: الجامعة | BM10: سعودي | BN10: ذكر | BO10: 2 | BP10: 55 | BQ10: 325 | BR10: 382 | BS10: 0 | BU10: الجامعة | BV10: سعودي | BW10: ذكر | BX10: 0 | BY10: 19 | BZ10: 146 | CA10: =SUM(BX10:BZ10) -> 165 | CB10: 0 | CD10: الجامعة | CE10: سعودي | CF10: ذكر | CG10: 0 | CH10: 0 | CI10: 0 | CJ10: 0 | CK10: 0 | CM10: الجامعة | CN10: سعودي | CO10: ذكر | CP10: 0 | CQ10: 0 | CR10: 0 | CS10: =SUM(CP10:CR10) -> 0 | CT10: 0 | CV10: الجامعة | CW10: سعودي | CX10: ذكر | CY10: 0 | CZ10: 0 | DA10: 0 | DB10: =SUM(CY10:DA10) -> 0 | DC10: 0 | DE10: =CV10 -> الجامعة | DG10: ذكر | DH10: =D10+M10+V10+AE10+AN10+AW10+BF10+BO10+BX10+CG10+CP10+CY10 -> 2 | DI10: =E10+N10+W10+AF10+AO10+AX10+BG10+BP10+BY10+CH10+CQ10+CZ10 -> 612 | DJ10: =F10+O10+X10+AG10+AP10+AY10+BH10+BQ10+BZ10+CI10+CR10+DA10 -> 3299 | DK10: =SUM(DH10:DJ10) -> 3913 | DL10: =H10+Q10+Z10+AI10+AR10+BA10+BJ10+BS10+CB10+CK10+CT10+DC10 -> 0
C11: أنثى | D11: 0 | E11: 5 | F11: 201 | G11: =SUM(D11:F11) -> 206 | H11: 0 | L11: أنثى | M11: 0 | N11: 16 | O11: 225 | P11: 241 | Q11: 0 | U11: أنثى | V11: 1 | W11: 35 | X11: 332 | Y11: =SUM(V11:X11) -> 368 | Z11: 0 | AD11: أنثى | AE11: 0 | AF11: 2 | AG11: 263 | AH11: =SUM(AE11:AG11) -> 265 | AI11: 0 | AM11: أنثى | AN11: 0 | AO11: 4 | AP11: 185 | AQ11: =SUM(AN11:AP11) -> 189 | AR11: 0 | AV11: أنثى | AW11: 0 | AX11: 0 | AY11: 212 | AZ11: =SUM(AW11:AY11) -> 212 | BA11: 0 | BE11: أنثى | BF11: 0 | BG11: 10 | BH11: 232 | BI11: 242 | BJ11: 0 | BN11: أنثى | BO11: 3 | BP11: 20 | BQ11: 359 | BR11: 382 | BS11: 0 | BW11: أنثى | BX11: 0 | BY11: 21 | BZ11: 112 | CA11: =SUM(BX11:BZ11) -> 133 | CB11: 0 | CF11: أنثى | CG11: 0 | CH11: 0 | CI11: 0 | CJ11: 0 | CK11: 0 | CO11: أنثى | CP11: 0 | CQ11: 0 | CR11: 0 | CS11: =SUM(CP11:CR11) -> 0 | CT11: 0 | CX11: أنثى | CY11: 0 | CZ11: 0 | DA11: 0 | DB11: =SUM(CY11:DA11) -> 0 | DC11: 0 | DF11: سعودي | DG11: أنثى | DH11: =D11+M11+V11+AE11+AN11+AW11+BF11+BO11+BX11+CG11+CP11+CY11 -> 4 | DI11: =E11+N11+W11+AF11+AO11+AX11+BG11+BP11+BY11+CH11+CQ11+CZ11 -> 113 | DJ11: =F11+O11+X11+AG11+AP11+AY11+BH11+BQ11+BZ11+CI11+CR11+DA11 -> 2121 | DK11: =SUM(DH11:DJ11) -> 2238 | DL11: =H11+Q11+Z11+AI11+AR11+BA11+BJ11+BS11+CB11+CK11+CT11+DC11 -> 0
B12: غير | C12: ذكر | D12: 0 | E12: 0 | F12: 14 | G12: =SUM(D12:F12) -> 14 | H12: 0 | K12: غير | L12: ذكر | M12: 0 | N12: 2 | O12: 3 | P12: 5 | Q12: 0 | T12: غير | U12: ذكر | V12: 1 | W12: 42 | X12: 421 | Y12: =SUM(V12:X12) -> 464 | Z12: 0 | AC12: غير | AD12: ذكر | AE12: 0 | AF12: 9 | AG12: 192 | AH12: =SUM(AE12:AG12) -> 201 | AI12: 0 | AL12: غير | AM12: ذكر | AN12: 0 | AO12: 0 | AP12: 90 | AQ12: =SUM(AN12:AP12) -> 90 | AR12: 0 | AU12: غير | AV12: ذكر | AW12: 0 | AX12: 0 | AY12: 80 | AZ12: =SUM(AW12:AY12) -> 80 | BA12: 0 | BD12: غير | BE12: ذكر | BF12: 0 | BG12: 9 | BH12: 305 | BI12: 314 | BJ12: 0 | BM12: غير | BN12: ذكر | BO12: 0 | BP12: 0 | BQ12: 125 | BR12: 125 | BS12: 0 | BV12: غير | BW12: ذكر | BX12: 0 | BY12: 4 | BZ12: 13 | CA12: =SUM(BX12:BZ12) -> 17 | CB12: 0 | CE12: غير | CF12: ذكر | CG12: 0 | CH12: 0 | CI12: 0 | CJ12: 0 | CK12: 0 | CN12: غير | CO12: ذكر | CP12: 0 | CQ12: 0 | CR12: 0 | CS12: =SUM(CP12:CR12) -> 0 | CT12: 0 | CW12: غير | CX12: ذكر | CY12: 0 | CZ12: 0 | DA12: 0 | DB12: =SUM(CY12:DA12) -> 0 | DC12: 0 | DF12: غير | DG12: ذكر | DH12: =D12+M12+V12+AE12+AN12+AW12+BF12+BO12+BX12+CG12+CP12+CY12 -> 1 | DI12: =E12+N12+W12+AF12+AO12+AX12+BG12+BP12+BY12+CH12+CQ12+CZ12 -> 66 | DJ12: =F12+O12+X12+AG12+AP12+AY12+BH12+BQ12+BZ12+CI12+CR12+DA12 -> 1243 | DK12: =SUM(DH12:DJ12) -> 1310 | DL12: =H12+Q12+Z12+AI12+AR12+BA12+BJ12+BS12+CB12+CK12+CT12+DC12 -> 0
B13: سعودي | C13: أنثى | D13: 0 | E13: 1 | F13: 5 | G13: =SUM(D13:F13) -> 6 | H13: 0 | K13: سعودي | L13: أنثى | M13: 0 | N13: 0 | O13: 7 | P13: 7 | Q13: 0 | T13: سعودي | U13: أنثى | V13: 0 | W13: 5 | X13: 21 | Y13: =SUM(V13:X13) -> 26 | Z13: 0 | AC13: سعودي | AD13: أنثى | AE13: 0 | AF13: 0 | AG13: 5 | AH13: =SUM(AE13:AG13) -> 5 | AI13: 0 | AL13: سعودي | AM13: أنثى | AN13: 0 | AO13: 0 | AP13: 56 | AQ13: =SUM(AN13:AP13) -> 56 | AR13: 0 | AU13: سعودي | AV13: أنثى | AW13: 0 | AX13: 0 | AY13: 44 | AZ13: =SUM(AW13:AY13) -> 44 | BA13: 0 | BD13: سعودي | BE13: أنثى | BF13: 0 | BG13: 0 | BH13: 5 | BI13: 5 | BJ13: 0 | BM13: سعودي | BN13: أنثى | BO13: 0 | BP13: 0 | BQ13: 235 | BR13: 235 | BS13: 0 | BV13: سعودي | BW13: أنثى | BX13: 0 | BY13: 3 | BZ13: 9 | CA13: =SUM(BX13:BZ13) -> 12 | CB13: 0 | CE13: سعودي | CF13: أنثى | CG13: 0 | CH13: 0 | CI13: 0 | CJ13: 0 | CK13: 0 | CN13: سعودي | CO13: أنثى | CP13: 0 | CQ13: 0 | CR13: 0 | CS13: =SUM(CP13:CR13) -> 0 | CT13: 0 | CW13: سعودي | CX13: أنثى | CY13: 0 | CZ13: 0 | DA13: 0 | DB13: =SUM(CY13:DA13) -> 0 | DC13: 0 | DF13: سعودي | DG13: أنثى | DH13: =D13+M13+V13+AE13+AN13+AW13+BF13+BO13+BX13+CG13+CP13+CY13 -> 0 | DI13: =E13+N13+W13+AF13+AO13+AX13+BG13+BP13+BY13+CH13+CQ13+CZ13 -> 9 | DJ13: =F13+O13+X13+AG13+AP13+AY13+BH13+BQ13+BZ13+CI13+CR13+DA13 -> 387 | DK13: =SUM(DH13:DJ13) -> 396 | DL13: =H13+Q13+Z13+AI13+AR13+BA13+BJ13+BS13+CB13+CK13+CT13+DC13 -> 0
B14: المجموع | D14: =SUM(D10:D13) -> 0 | E14: =SUM(E10:E13) -> 8 | F14: =SUM(F10:F13) -> 348 | G14: =SUM(G10:G13) -> 356 | H14: =SUM(H10:H13) -> 0 | K14: المجموع | M14: =SUM(M10:M13) -> 0 | N14: =SUM(N10:N13) -> 26 | O14: =SUM(O10:O13) -> 339 | P14: =SUM(P10:P13) -> 365 | Q14: =SUM(Q10:Q13) -> 0 | T14: المجموع | V14: 0 | W14: 1 | X14: 22 | Y14: =SUM(Y10:Y13) -> 1688 | Z14: =SUM(Z10:Z13) -> 0 | AC14: المجموع | AE14: 0 | AF14: 0 | AG14: 9 | AH14: =SUM(AH10:AH13) -> 1330 | AI14: =SUM(AI10:AI13) -> 0 | AL14: المجموع | AN14: =SUM(AN10:AN13) -> 0 | AO14: =SUM(AO10:AO13) -> 15 | AP14: =SUM(AP10:AP13) -> 597 | AQ14: =SUM(AQ10:AQ13) -> 612 | AR14: =SUM(AR10:AR13) -> 0 | AU14: المجموع | AW14: =SUM(AW10:AW13) -> 0 | AX14: =SUM(AX10:AX13) -> 8 | AY14: =SUM(AY10:AY13) -> 735 | AZ14: =SUM(AZ10:AZ13) -> 743 | BA14: =SUM(BA10:BA13) -> 0 | BD14: المجموع | BF14: 0 | BG14: 0 | BH14: 7 | BI14: 7 | BJ14: =SUM(BJ10:BJ13) -> 0 | BM14: المجموع | BO14: =SUM(BO10:BO13) -> 5 | BP14: =SUM(BP10:BP13) -> 75 | BQ14: =SUM(BQ10:BQ13) -> 1044 | BR14: =SUM(BR10:BR13) -> 1124 | BS14: =SUM(BS10:BS13) -> 0 | BV14: المجموع | BX14: =SUM(BX10:BX13) -> 0 | BY14: =SUM(BY10:BY13) -> 47 | BZ14: =SUM(BZ10:BZ13) -> 280 | CA14: =SUM(CA10:CA13) -> 327 | CB14: =SUM(CB10:CB13) -> 0 | CE14: المجموع | CN14: المجموع | CP14: =SUM(CP10:CP13) -> 0 | CQ14: =SUM(CQ10:CQ13) -> 0 | CR14: =SUM(CR10:CR13) -> 0 | CS14: =SUM(CS10:CS13) -> 0 | CT14: =SUM(CT10:CT13) -> 0 | CW14: المجموع | CY14: =SUM(CY10:CY13) -> 0 | CZ14: =SUM(CZ10:CZ13) -> 0 | DA14: =SUM(DA10:DA13) -> 0 | DB14: =SUM(DB10:DB13) -> 0 | DC14: =SUM(DC10:DC13) -> 0 | DF14: المجموع | DH14: =SUM(DH10:DH13) -> 7 | DI14: =SUM(DI10:DI13) -> 800 | DJ14: =SUM(DJ10:DJ13) -> 7050 | DK14: =SUM(DK10:DK13) -> 7857 | DL14: =SUM(DL10:DL13) -> 0
A15: السليمانية | B15: سعودي | C15: ذكر | D15: 0 | E15: 166 | F15: 211 | G15: =SUM(D15:F15) -> 377 | H15: 0 | J15: السليمانية | K15: سعودي | L15: ذكر | M15: 0 | N15: 210 | O15: 376 | P15: =SUM(M15:O15) -> 586 | Q15: 0 | S15: السليمانية | T15: سعودي | U15: ذكر | V15: 2 | W15: 83 | X15: 796 | Y15: =SUM(V15:X15) -> 881 | Z15: 0 | AB15: السليمانية | AC15: سعودي | AD15: ذكر | AE15: 0 | AF15: 11 | AG15: 469 | AH15: =SUM(AE15:AG15) -> 480 | AI15: 0 | AK15: السليمانية | AL15: سعودي | AM15: ذكر | AN15: 0 | AO15: 33 | AP15: 433 | AQ15: =SUM(AN15:AP15) -> 466 | AR15: 0 | AT15: السليمانية | AU15: سعودي | AV15: ذكر | AW15: 0 | AX15: 40 | AY15: 495 | AZ15: =SUM(AW15:AY15) -> 535 | BA15: 0 | BC15: السليمانية | BD15: سعودي | BE15: ذكر | BF15: 0 | BG15: 19 | BH15: 549 | BI15: 568 | BJ15: 0 | BL15: السليمانية | BM15: سعودي | BN15: ذكر | BO15: 0 | BP15: 26 | BQ15: 179 | BR15: =SUM(BO15:BQ15) -> 205 | BS15: 0 | BU15: السليمانية | BV15: سعودي | BW15: ذكر | BX15: 0 | BY15: 7 | BZ15: 456 | CA15: =SUM(BX15:BZ15) -> 463 | CB15: 0 | CD15: السليمانية | CE15: سعودي | CF15: ذكر | CG15: 0 | CH15: 15 | CI15: 560 | CJ15: =SUM(CG15:CI15) -> 575 | CK15: 0 | CM15: السليمانية | CN15: سعودي | CO15: ذكر | CP15: 0 | CQ15: 0 | CR15: 0 | CS15: =SUM(CP15:CR15) -> 0 | CT15: 0 | CV15: السليمانية | CW15: سعودي | CX15: ذكر | CY15: 0 | CZ15: 0 | DA15: 0 | DB15: =SUM(CY15:DA15) -> 0 | DC15: 0 | DE15: =CV15 -> السليمانية | DG15: ذكر | DH15: =D15+M15+V15+AE15+AN15+AW15+BF15+BO15+BX15+CG15+CP15+CY15 -> 2 | DI15: =E15+N15+W15+AF15+AO15+AX15+BG15+BP15+BY15+CH15+CQ15+CZ15 -> 610 | DJ15: =F15+O15+X15+AG15+AP15+AY15+BH15+BQ15+BZ15+CI15+CR15+DA15 -> 4524 | DK15: =SUM(DH15:DJ15) -> 5136 | DL15: =H15+Q15+Z15+AI15+AR15+BA15+BJ15+BS15+CB15+CK15+CT15+DC15 -> 0
C16: أنثى | D16: 0 | E16: 101 | F16: 241 | G16: =SUM(D16:F16) -> 342 | H16: 0 | L16: أنثى | M16: 0 | N16: 190 | O16: 410 | P16: =SUM(M16:O16) -> 600 | Q16: 0 | U16: أنثى | V16: 0 | W16: 99 | X16: 158 | Y16: =SUM(V16:X16) -> 257 | Z16: 0 | AD16: أنثى | AE16: 0 | AF16: 26 | AG16: 189 | AH16: =SUM(AE16:AG16) -> 215 | AI16: 0 | AM16: أنثى | AN16: 0 | AO16: 25 | AP16: 325 | AQ16: =SUM(AN16:AP16) -> 350 | AR16: 0 | AV16: أنثى | AW16: 0 | AX16: 22 | AY16: 322 | AZ16: =SUM(AW16:AY16) -> 344 | BA16: 0 | BE16: أنثى | BF16: 0 | BG16: 198 | BH16: 231 | BI16: 429 | BJ16: 0 | BN16: أنثى | BO16: 0 | BP16: 44 | BQ16: 155 | BR16: =SUM(BO16:BQ16) -> 199 | BS16: 0 | BW16: أنثى | BX16: 0 | BY16: 2 | BZ16: 341 | CA16: =SUM(BX16:BZ16) -> 343 | CB16: 0 | CF16: أنثى | CG16: 0 | CH16: 4 | CI16: 419 | CJ16: =SUM(CG16:CI16) -> 423 | CK16: 0 | CO16: أنثى | CP16: 0 | CQ16: 0 | CR16: 0 | CS16: =SUM(CP16:CR16) -> 0 | CT16: 0 | CX16: أنثى | CY16: 0 | CZ16: 0 | DA16: 0 | DB16: =SUM(CY16:DA16) -> 0 | DC16: 0 | DF16: سعودي | DG16: أنثى | DH16: =D16+M16+V16+AE16+AN16+AW16+BF16+BO16+BX16+CG16+CP16+CY16 -> 0 | DI16: =E16+N16+W16+AF16+AO16+AX16+BG16+BP16+BY16+CH16+CQ16+CZ16 -> 711 | DJ16: =F16+O16+X16+AG16+AP16+AY16+BH16+BQ16+BZ16+CI16+CR16+DA16 -> 2791 | DK16: =SUM(DH16:DJ16) -> 3502 | DL16: =H16+Q16+Z16+AI16+AR16+BA16+BJ16+BS16+CB16+CK16+CT16+DC16 -> 0
B17: غير | C17: ذكر | D17: 0 | E17: 75 | F17: 155 | G17: =SUM(D17:F17) -> 230 | H17: 0 | K17: غير | L17: ذكر | M17: 0 | N17: 52 | O17: 58 | P17: =SUM(M17:O17) -> 110 | Q17: 0 | T17: غير | U17: ذكر | V17: 0 | W17: 158 | X17: 202 | Y17: =SUM(V17:X17) -> 360 | Z17: 0 | AC17: غير | AD17: ذكر | AE17: 0 | AF17: 27 | AG17: 200 | AH17: =SUM(AE17:AG17) -> 227 | AI17: 0 | AL17: غير | AM17: ذكر | AN17: 0 | AO17: 0 | AP17: 106 | AQ17: =SUM(AN17:AP17) -> 106 | AR17: 0 | AU17: غير | AV17: ذكر | AW17: 0 | AX17: 0 | AY17: 110 | AZ17: =SUM(AW17:AY17) -> 110 | BA17: 0 | BD17: غير | BE17: ذكر | BF17: 0 | BG17: 140 | BH17: 150 | BI17: 290 | BJ17: 0 | BM17: غير | BN17: ذكر | BO17: 0 | BP17: 9 | BQ17: 25 | BR17: =SUM(BO17:BQ17) -> 34 | BS17: 0 | BV17: غير | BW17: ذكر | BX17: 0 | BY17: 2 | BZ17: 55 | CA17: =SUM(BX17:BZ17) -> 57 | CB17: 0 | CE17: غير | CF17: ذكر | CG17: 0 | CH17: 0 | CI17: 60 | CJ17: =SUM(CG17:CI17) -> 60 | CK17: 0 | CN17: غير | CO17: ذكر | CP17: 0 | CQ17: 0 | CR17: 0 | CS17: =SUM(CP17:CR17) -> 0 | CT17: 0 | CW17: غير | CX17: ذكر | CY17: 0 | CZ17: 0 | DA17: 0 | DB17: =SUM(CY17:DA17) -> 0 | DC17: 0 | DF17: غير | DG17: ذكر | DH17: =D17+M17+V17+AE17+AN17+AW17+BF17+BO17+BX17+CG17+CP17+CY17 -> 0 | DI17: =E17+N17+W17+AF17+AO17+AX17+BG17+BP17+BY17+CH17+CQ17+CZ17 -> 463 | DJ17: =F17+O17+X17+AG17+AP17+AY17+BH17+BQ17+BZ17+CI17+CR17+DA17 -> 1121 | DK17: =SUM(DH17:DJ17) -> 1584 | DL17: =H17+Q17+Z17+AI17+AR17+BA17+BJ17+BS17+CB17+CK17+CT17+DC17 -> 0
B18: سعودي | C18: أنثى | D18: 0 | E18: 61 | F18: 108 | G18: =SUM(D18:F18) -> 169 | H18: 0 | K18: سعودي | L18: أنثى | M18: 0 | N18: 16 | O18: 64 | P18: =SUM(M18:O18) -> 80 | Q18: 0 | T18: سعودي | U18: أنثى | V18: 0 | W18: 6 | X18: 33 | Y18: =SUM(V18:X18) -> 39 | Z18: 0 | AC18: سعودي | AD18: أنثى | AH18: =SUM(AE18:AG18) -> 0 | AI18: 0 | AL18: سعودي | AM18: أنثى | AN18: 0 | AO18: 0 | AP18: 45 | AQ18: =SUM(AN18:AP18) -> 45 | AR18: 0 | AU18: سعودي | AV18: أنثى | AW18: 0 | AX18: 0 | AY18: 37 | AZ18: =SUM(AW18:AY18) -> 37 | BA18: 0 | BD18: سعودي | BE18: أنثى | BF18: 0 | BG18: 105 | BH18: 104 | BI18: 209 | BJ18: 0 | BM18: سعودي | BN18: أنثى | BO18: 0 | BP18: 10 | BQ18: 43 | BR18: =SUM(BO18:BQ18) -> 53 | BS18: 0 | BV18: سعودي | BW18: أنثى | BX18: 0 | BY18: 0 | BZ18: 48 | CA18: =SUM(BX18:BZ18) -> 48 | CB18: 0 | CE18: سعودي | CF18: أنثى | CG18: 0 | CH18: 0 | CI18: 22 | CJ18: =SUM(CG18:CI18) -> 22 | CK18: 0 | CN18: سعودي | CO18: أنثى | CP18: 0 | CQ18: 0 | CR18: 0 | CS18: =SUM(CP18:CR18) -> 0 | CT18: 0 | CW18: سعودي | CX18: أنثى | CY18: 0 | CZ18: 0 | DA18: 0 | DB18: =SUM(CY18:DA18) -> 0 | DC18: 0 | DF18: سعودي | DG18: أنثى | DH18: =D18+M18+V18+AE18+AN18+AW18+BF18+BO18+BX18+CG18+CP18+CY18 -> 0 | DI18: =E18+N18+W18+AF18+AO18+AX18+BG18+BP18+BY18+CH18+CQ18+CZ18 -> 198 | DJ18: =F18+O18+X18+AG18+AP18+AY18+BH18+BQ18+BZ18+CI18+CR18+DA18 -> 504 | DK18: =SUM(DH18:DJ18) -> 702 | DL18: =H18+Q18+Z18+AI18+AR18+BA18+BJ18+BS18+CB18+CK18+CT18+DC18 -> 0
B19: المجموع | D19: =SUM(D15:D18) -> 0 | E19: =SUM(E15:E18) -> 403 | F19: =SUM(F15:F18) -> 715 | G19: =SUM(G15:G18) -> 1118 | H19: =SUM(H15:H18) -> 0 | K19: المجموع | M19: =SUM(M15:M18) -> 0 | N19: =SUM(N15:N18) -> 468 | O19: =SUM(O15:O18) -> 908 | P19: =SUM(P15:P18) -> 1376 | Q19: =SUM(Q15:Q18) -> 0 | T19: المجموع | V19: 0 | W19: 5 | X19: 25 | Y19: =SUM(Y15:Y18) -> 1537 | Z19: =SUM(Z15:Z18) -> 0 | AC19: المجموع | AE19: 0 | AF19: 5 | AG19: 45 | AH19: =SUM(AH15:AH18) -> 922 | AI19: =SUM(AI15:AI18) -> 0 | AL19: المجموع | AN19: =SUM(AN15:AN18) -> 0 | AO19: =SUM(AO15:AO18) -> 58 | AP19: =SUM(AP15:AP18) -> 909 | AQ19: =SUM(AQ15:AQ18) -> 967 | AR19: =SUM(AR15:AR18) -> 0 | AU19: المجموع | AW19: =SUM(AW15:AW18) -> 0 | AX19: =SUM(AX15:AX18) -> 62 | AY19: =SUM(AY15:AY18) -> 964 | AZ19: =SUM(AZ15:AZ18) -> 1026 | BA19: =SUM(BA15:BA18) -> 0 | BD19: المجموع | BF19: 0 | BG19: 289 | BH19: 102 | BI19: 391 | BJ19: =SUM(BJ15:BJ18) -> 0 | BM19: المجموع | BO19: =SUM(BO15:BO18) -> 0 | BP19: =SUM(BP15:BP18) -> 89 | BQ19: =SUM(BQ15:BQ18) -> 402 | BR19: =SUM(BR15:BR18) -> 491 | BS19: =SUM(BS15:BS18) -> 0 | BV19: المجموع | BX19: =SUM(BX15:BX18) -> 0 | BY19: =SUM(BY15:BY18) -> 11 | BZ19: =SUM(BZ15:BZ18) -> 900 | CA19: 959 | CB19: =SUM(CB15:CB18) -> 0 | CE19: المجموع | CG19: =SUM(CG15:CG18) -> 0 | CH19: =SUM(CH15:CH18) -> 19 | CI19: =SUM(CI15:CI18) -> 1061 | CJ19: 959 | CK19: =SUM(CK15:CK18) -> 0 | CN19: المجموع | CP19: =SUM(CP15:CP18) -> 0 | CQ19: =SUM(CQ15:CQ18) -> 0 | CR19: =SUM(CR15:CR18) -> 0 | CS19: =SUM(CS15:CS18) -> 0 | CT19: =SUM(CT15:CT18) -> 0 | CW19: المجموع | CY19: =SUM(CY15:CY18) -> 0 | CZ19: =SUM(CZ15:CZ18) -> 0 | DA19: =SUM(DA15:DA18) -> 0 | DB19: =SUM(DB15:DB18) -> 0 | DC19: =SUM(DC15:DC18) -> 0 | DF19: المجموع | DH19: =SUM(DH15:DH18) -> 2 | DI19: =SUM(DI15:DI18) -> 1982 | DJ19: =SUM(DJ15:DJ18) -> 8940 | DK19: =SUM(DK15:DK18) -> 10924 | DL19: =SUM(DL15:DL18) -> 0
A20: المطار القديم | B20: سعودي | C20: ذكر | D20: 0 | E20: 9 | F20: 240 | G20: =SUM(D20:F20) -> 249 | H20: 0 | J20: المطار القديم | K20: سعودي | L20: ذكر | M20: 0 | N20: 6 | O20: 272 | P20: =SUM(M20:O20) -> 278 | Q20: 0 | S20: المطار القديم | T20: سعودي | U20: ذكر | V20: 0 | W20: 268 | X20: 418 | Y20: =SUM(V20:X20) -> 686 | Z20: 0 | AB20: المطار القديم | AC20: سعودي | AD20: ذكر | AE20: 0 | AF20: 6 | AG20: 50 | AH20: =SUM(AE20:AG20) -> 56 | AI20: 0 | AK20: المطار القديم | AL20: سعودي | AM20: ذكر | AN20: 0 | AO20: 0 | AP20: 221 | AQ20: =SUM(AN20:AP20) -> 221 | AR20: 0 | AT20: المطار القديم | AU20: سعودي | AV20: ذكر | AW20: 0 | AX20: 0 | AY20: 322 | AZ20: =SUM(AW20:AY20) -> 322 | BA20: 0 | BC20: المطار القديم | BD20: سعودي | BE20: ذكر | BF20: 0 | BG20: 732 | BH20: 587 | BI20: 1319 | BJ20: 0 | BL20: المطار القديم | BM20: سعودي | BN20: ذكر | BO20: 0 | BP20: 29 | BQ20: 190 | BR20: 219 | BS20: 0 | BU20: المطار القديم | BV20: سعودي | BW20: ذكر | BX20: 0 | BY20: 33 | BZ20: 210 | CA20: =SUM(BX20:BZ20) -> 243 | CB20: 0 | CD20: المطار القديم | CE20: سعودي | CF20: ذكر | CG20: 0 | CH20: 0 | CI20: 320 | CJ20: =SUM(CG20:CI20) -> 320 | CK20: 0 | CM20: المطار القديم | CN20: سعودي | CO20: ذكر | CP20: 0 | CQ20: 0 | CR20: 0 | CS20: =SUM(CP20:CR20) -> 0 | CT20: 0 | CV20: المطار القديم | CW20: سعودي | CX20: ذكر | CY20: 0 | CZ20: 0 | DA20: 0 | DB20: =SUM(CY20:DA20) -> 0 | DC20: 0 | DE20: =CV20 -> المطار القديم | DG20: ذكر | DH20: =D20+M20+V20+AE20+AN20+AW20+BF20+BO20+BX20+CG20+CP20+CY20 -> 0 | DI20: =E20+N20+W20+AF20+AO20+AX20+BG20+BP20+BY20+CH20+CQ20+CZ20 -> 1083 | DJ20: =F20+O20+X20+AG20+AP20+AY20+BH20+BQ20+BZ20+CI20+CR20+DA20 -> 2830 | DK20: =SUM(DH20:DJ20) -> 3913 | DL20: =H20+Q20+Z20+AI20+AR20+BA20+BJ20+BS20+CB20+CK20+CT20+DC20 -> 0
C21: أنثى | D21: 0 | E21: 7 | F21: 219 | G21: =SUM(D21:F21) -> 226 | H21: 0 | L21: أنثى | M21: 0 | N21: 4 | O21: 300 | P21: =SUM(M21:O21) -> 304 | Q21: 0 | U21: أنثى | V21: 0 | W21: 8 | X21: 321 | Y21: =SUM(V21:X21) -> 329 | Z21: 0 | AD21: أنثى | AE21: 0 | AF21: 0 | AG21: 0 | AH21: =SUM(AE21:AG21) -> 0 | AI21: 0 | AM21: أنثى | AN21: 0 | AO21: 0 | AP21: 79 | AQ21: =SUM(AN21:AP21) -> 79 | AR21: 0 | AV21: أنثى | AW21: 0 | AX21: 0 | AY21: 95 | AZ21: =SUM(AW21:AY21) -> 95 | BA21: 0 | BE21: أنثى | BF21: 0 | BG21: 12 | BH21: 222 | BI21: 234 | BJ21: 0 | BN21: أنثى | BO21: 0 | BP21: 16 | BQ21: 197 | BR21: 213 | BS21: 0 | BW21: أنثى | BX21: 0 | BY21: 22 | BZ21: 169 | CA21: =SUM(BX21:BZ21) -> 191 | CB21: 0 | CF21: أنثى | CG21: 0 | CH21: 0 | CI21: 155 | CJ21: =SUM(CG21:CI21) -> 155 | CK21: 0 | CO21: أنثى | CP21: 0 | CQ21: 0 | CR21: 0 | CS21: =SUM(CP21:CR21) -> 0 | CT21: 0 | CX21: أنثى | CY21: 0 | CZ21: 0 | DA21: 0 | DB21: =SUM(CY21:DA21) -> 0 | DC21: 0 | DF21: سعودي | DG21: أنثى | DH21: =D21+M21+V21+AE21+AN21+AW21+BF21+BO21+BX21+CG21+CP21+CY21 -> 0 | DI21: =E21+N21+W21+AF21+AO21+AX21+BG21+BP21+BY21+CH21+CQ21+CZ21 -> 69 | DJ21: =F21+O21+X21+AG21+AP21+AY21+BH21+BQ21+BZ21+CI21+CR21+DA21 -> 1757 | DK21: =SUM(DH21:DJ21) -> 1826 | DL21: =H21+Q21+Z21+AI21+AR21+BA21+BJ21+BS21+CB21+CK21+CT21+DC21 -> 0
B22: غير | C22: ذكر | D22: 0 | E22: 2 | F22: 19 | G22: =SUM(D22:F22) -> 21 | H22: 0 | K22: غير | L22: ذكر | M22: 0 | N22: 0 | O22: 22 | P22: =SUM(M22:O22) -> 22 | Q22: 0 | T22: غير | U22: ذكر | V22: 0 | W22: 4 | X22: 110 | Y22: =SUM(V22:X22) -> 114 | Z22: 0 | AC22: غير | AD22: ذكر | AE22: 0 | AF22: 0 | AG22: 0 | AH22: =SUM(AE22:AG22) -> 0 | AI22: 0 | AL22: غير | AM22: ذكر | AN22: 0 | AO22: 0 | AP22: 36 | AQ22: =SUM(AN22:AP22) -> 36 | AR22: 0 | AU22: غير | AV22: ذكر | AW22: 0 | AX22: 0 | AY22: 40 | AZ22: =SUM(AW22:AY22) -> 40 | BA22: 0 | BD22: غير | BE22: ذكر | BF22: 0 | BG22: 6 | BH22: 219 | BI22: 225 | BJ22: 0 | BM22: غير | BN22: ذكر | BO22: 0 | BP22: 5 | BQ22: 0 | BR22: 5 | BS22: 0 | BV22: غير | BW22: ذكر | BX22: 0 | BY22: 2 | BZ22: 33 | CA22: =SUM(BX22:BZ22) -> 35 | CB22: 0 | CE22: غير | CF22: ذكر | CG22: 0 | CH22: 0 | CI22: 22 | CJ22: =SUM(CG22:CI22) -> 22 | CK22: 0 | CN22: غير | CO22: ذكر | CP22: 0 | CQ22: 0 | CR22: 0 | CS22: =SUM(CP22:CR22) -> 0 | CT22: 0 | CW22: غير | CX22: ذكر | CY22: 0 | CZ22: 0 | DA22: 0 | DB22: =SUM(CY22:DA22) -> 0 | DC22: 0 | DF22: غير | DG22: ذكر | DH22: =D22+M22+V22+AE22+AN22+AW22+BF22+BO22+BX22+CG22+CP22+CY22 -> 0 | DI22: =E22+N22+W22+AF22+AO22+AX22+BG22+BP22+BY22+CH22+CQ22+CZ22 -> 19 | DJ22: =F22+O22+X22+AG22+AP22+AY22+BH22+BQ22+BZ22+CI22+CR22+DA22 -> 501 | DK22: =SUM(DH22:DJ22) -> 520 | DL22: =H22+Q22+Z22+AI22+AR22+BA22+BJ22+BS22+CB22+CK22+CT22+DC22 -> 0
B23: سعودي | C23: أنثى | D23: 0 | E23: 0 | F23: 6 | G23: =SUM(D23:F23) -> 6 | H23: 0 | K23: سعودي | L23: أنثى | M23: 0 | N23: 1 | O23: 4 | P23: =SUM(M23:O23) -> 5 | Q23: 0 | T23: سعودي | U23: أنثى | V23: 0 | W23: 0 | X23: 0 | Y23: =SUM(V23:X23) -> 0 | Z23: 0 | AC23: سعودي | AD23: أنثى | AE23: 0 | AF23: 0 | AG23: 0 | AH23: =SUM(AE23:AG23) -> 0 | AI23: 0 | AL23: سعودي | AM23: أنثى | AN23: 0 | AO23: 0 | AP23: 41 | AQ23: =SUM(AN23:AP23) -> 41 | AR23: 0 | AU23: سعودي | AV23: أنثى | AW23: 0 | AX23: 0 | AY23: 14 | AZ23: =SUM(AW23:AY23) -> 14 | BA23: 0 | BD23: سعودي | BE23: أنثى | BF23: 0 | BG23: 2 | BH23: 19 | BI23: 21 | BJ23: 0 | BM23: سعودي | BN23: أنثى | BO23: 0 | BP23: 0 | BQ23: 0 | BR23: 0 | BS23: 0 | BV23: سعودي | BW23: أنثى | BX23: 0 | BY23: 1 | BZ23: 26 | CA23: =SUM(BX23:BZ23) -> 27 | CB23: 0 | CE23: سعودي | CF23: أنثى | CG23: 0 | CH23: 0 | CI23: 10 | CJ23: =SUM(CG23:CI23) -> 10 | CK23: 0 | CN23: سعودي | CO23: أنثى | CP23: 0 | CQ23: 0 | CR23: 0 | CS23: =SUM(CP23:CR23) -> 0 | CT23: 0 | CW23: سعودي | CX23: أنثى | CY23: 0 | CZ23: 0 | DA23: 0 | DB23: =SUM(CY23:DA23) -> 0 | DC23: 0 | DF23: سعودي | DG23: أنثى | DH23: =D23+M23+V23+AE23+AN23+AW23+BF23+BO23+BX23+CG23+CP23+CY23 -> 0 | DI23: =E23+N23+W23+AF23+AO23+AX23+BG23+BP23+BY23+CH23+CQ23+CZ23 -> 4 | DJ23: =F23+O23+X23+AG23+AP23+AY23+BH23+BQ23+BZ23+CI23+CR23+DA23 -> 120 | DK23: =SUM(DH23:DJ23) -> 124 | DL23: =H23+Q23+Z23+AI23+AR23+BA23+BJ23+BS23+CB23+CK23+CT23+DC23 -> 0
B24: المجموع | D24: =SUM(D20:D23) -> 0 | E24: =SUM(E20:E23) -> 18 | F24: =SUM(F20:F23) -> 484 | G24: =SUM(G20:G23) -> 502 | H24: =SUM(H20:H23) -> 0 | K24: المجموع | M24: =SUM(M20:M23) -> 0 | N24: =SUM(N20:N23) -> 11 | O24: =SUM(O20:O23) -> 598 | P24: =SUM(P20:P23) -> 609 | Q24: =SUM(Q20:Q23) -> 0 | T24: المجموع | V24: 0 | W24: 0 | X24: 0 | Y24: =SUM(Y20:Y23) -> 1129 | Z24: =SUM(Z20:Z23) -> 0 | AC24: المجموع | AE24: 0 | AF24: 0 | AG24: 0 | AH24: =SUM(AH20:AH23) -> 56 | AI24: =SUM(AI20:AI23) -> 0 | AL24: المجموع | AN24: =SUM(AN20:AN23) -> 0 | AO24: =SUM(AO20:AO23) -> 0 | AP24: =SUM(AP20:AP23) -> 377 | AQ24: =SUM(AQ20:AQ23) -> 377 | AR24: =SUM(AR20:AR23) -> 0 | AU24: المجموع | AW24: =SUM(AW20:AW23) -> 0 | AX24: =SUM(AX20:AX23) -> 0 | AY24: =SUM(AY20:AY23) -> 471 | AZ24: =SUM(AZ20:AZ23) -> 471 | BA24: =SUM(BA20:BA23) -> 0 | BD24: المجموع | BF24: 0 | BG24: 0 | BH24: 6 | BI24: 6 | BJ24: =SUM(BJ20:BJ23) -> 0 | BM24: المجموع | BO24: =SUM(BO20:BO23) -> 0 | BP24: =SUM(BP20:BP23) -> 50 | BQ24: =SUM(BQ20:BQ23) -> 387 | BR24: =SUM(BR20:BR23) -> 437 | BS24: =SUM(BS20:BS23) -> 0 | BV24: المجموع | BX24: =SUM(BX20:BX23) -> 0 | BY24: =SUM(BY20:BY23) -> 58 | BZ24: =SUM(BZ20:BZ23) -> 438 | CA24: =SUM(CA20:CA23) -> 496 | CB24: =SUM(CB20:CB23) -> 0 | CE24: المجموع | CG24: =SUM(CG20:CG23) -> 0 | CH24: =SUM(CH20:CH23) -> 0 | CI24: =SUM(CI20:CI23) -> 507 | CJ24: =SUM(CJ20:CJ23) -> 507 | CK24: =SUM(CK20:CK23) -> 0 | CN24: المجموع | CP24: =SUM(CP20:CP23) -> 0 | CQ24: =SUM(CQ20:CQ23) -> 0 | CR24: =SUM(CR20:CR23) -> 0 | CS24: =SUM(CS20:CS23) -> 0 | CT24: =SUM(CT20:CT23) -> 0 | CW24: المجموع | CY24: =SUM(CY20:CY23) -> 0 | CZ24: =SUM(CZ20:CZ23) -> 0 | DA24: =SUM(DA20:DA23) -> 0 | DB24: =SUM(DB20:DB23) -> 0 | DC24: =SUM(DC20:DC23) -> 0 | DF24: المجموع | DH24: =SUM(DH20:DH23) -> 0 | DI24: =SUM(DI20:DI23) -> 1175 | DJ24: =SUM(DJ20:DJ23) -> 5208 | DK24: =SUM(DK20:DK23) -> 6383 | DL24: =SUM(DL20:DL23) -> 0
A25: الروابي | B25: سعودي | C25: ذكر | D25: 0 | E25: 0 | F25: 0 | G25: =SUM(D25:F25) -> 0 | H25: 0 | J25: الروابي | K25: سعودي | L25: ذكر | M25: 0 | N25: 0 | O25: 0 | P25: =SUM(M25:O25) -> 0 | Q25: 0 | S25: الروابي | T25: سعودي | U25: ذكر | V25: 0 | W25: 0 | X25: 0 | Y25: =SUM(V25:X25) -> 0 | Z25: 0 | AB25: الروابي | AC25: سعودي | AD25: ذكر | AE25: 0 | AF25: 0 | AG25: 0 | AH25: =SUM(AE25:AG25) -> 0 | AI25: 0 | AK25: الروابي | AL25: سعودي | AM25: ذكر | AN25: 0 | AO25: 0 | AP25: 0 | AQ25: =SUM(AN25:AP25) -> 0 | AR25: 0 | AT25: الروابي | AU25: سعودي | AV25: ذكر | AW25: 0 | AX25: 0 | AY25: 0 | AZ25: =SUM(AW25:AY25) -> 0 | BA25: 0 | BC25: الروابي | BD25: سعودي | BE25: ذكر | BF25: 0 | BG25: 20 | BH25: 466 | BI25: 486 | BJ25: 0 | BL25: الروابي | BM25: سعودي | BN25: ذكر | BO25: 0 | BP25: 0 | BQ25: 0 | BR25: =SUM(BO25:BQ25) -> 0 | BS25: 0 | BU25: الروابي | BV25: سعودي | BW25: ذكر | BX25: 0 | BY25: 0 | BZ25: 0 | CA25: =SUM(BX25:BZ25) -> 0 | CB25: 0 | CD25: الروابي | CE25: سعودي | CF25: ذكر | CG25: 0 | CH25: 0 | CI25: 192 | CJ25: =SUM(CG25:CI25) -> 192 | CK25: 0 | CM25: الروابي | CN25: سعودي | CO25: ذكر | CP25: 0 | CQ25: 0 | CR25: 0 | CS25: =SUM(CP25:CR25) -> 0 | CT25: 0 | CV25: الروابي | CW25: سعودي | CX25: ذكر | CY25: 0 | CZ25: 0 | DA25: 0 | DB25: =SUM(CY25:DA25) -> 0 | DC25: 0 | DE25: =CV25 -> الروابي | DG25: ذكر | DH25: =D25+M25+V25+AE25+AN25+AW25+BF25+BO25+BX25+CG25+CP25+CY25 -> 0 | DI25: =E25+N25+W25+AF25+AO25+AX25+BG25+BP25+BY25+CH25+CQ25+CZ25 -> 20 | DJ25: =F25+O25+X25+AG25+AP25+AY25+BH25+BQ25+BZ25+CI25+CR25+DA25 -> 658 | DK25: =SUM(DH25:DJ25) -> 678 | DL25: =H25+Q25+Z25+AI25+AR25+BA25+BJ25+BS25+CB25+CK25+CT25+DC25 -> 0
C26: أنثى | D26: 0 | E26: 0 | F26: 0 | G26: =SUM(D26:F26) -> 0 | H26: 0 | L26: أنثى | M26: 0 | N26: 0 | O26: 0 | P26: =SUM(M26:O26) -> 0 | Q26: 0 | U26: أنثى | V26: 0 | W26: 0 | X26: 0 | Y26: =SUM(V26:X26) -> 0 | Z26: 0 | AD26: أنثى | AE26: 0 | AF26: 0 | AG26: 0 | AH26: =SUM(AE26:AG26) -> 0 | AI26: 0 | AM26: أنثى | AN26: 0 | AO26: 0 | AP26: 0 | AQ26: =SUM(AN26:AP26) -> 0 | AR26: 0 | AV26: أنثى | AW26: 0 | AX26: 0 | AY26: 0 | AZ26: =SUM(AW26:AY26) -> 0 | BA26: 0 | BE26: أنثى | BF26: 0 | BG26: 0 | BH26: 0 | BI26: 0 | BJ26: 0 | BN26: أنثى | BO26: 0 | BP26: 0 | BQ26: 0 | BR26: =SUM(BO26:BQ26) -> 0 | BS26: 0 | BW26: أنثى | BX26: 0 | BY26: 0 | BZ26: 0 | CA26: =SUM(BX26:BZ26) -> 0 | CB26: 0 | CF26: أنثى | CG26: 0 | CH26: 0 | CI26: 100 | CJ26: =SUM(CG26:CI26) -> 100 | CK26: 0 | CO26: أنثى | CP26: 0 | CQ26: 0 | CR26: 0 | CS26: =SUM(CP26:CR26) -> 0 | CT26: 0 | CX26: أنثى | CY26: 0 | CZ26: 0 | DA26: 0 | DB26: =SUM(CY26:DA26) -> 0 | DC26: 0 | DF26: سعودي | DG26: أنثى | DH26: =D26+M26+V26+AE26+AN26+AW26+BF26+BO26+BX26+CG26+CP26+CY26 -> 0 | DI26: =E26+N26+W26+AF26+AO26+AX26+BG26+BP26+BY26+CH26+CQ26+CZ26 -> 0 | DJ26: =F26+O26+X26+AG26+AP26+AY26+BH26+BQ26+BZ26+CI26+CR26+DA26 -> 100 | DK26: =SUM(DH26:DJ26) -> 100 | DL26: =H26+Q26+Z26+AI26+AR26+BA26+BJ26+BS26+CB26+CK26+CT26+DC26 -> 0
B27: غير | C27: ذكر | D27: 0 | E27: 0 | F27: 0 | G27: =SUM(D27:F27) -> 0 | H27: 0 | K27: غير | L27: ذكر | M27: 0 | N27: 0 | O27: 0 | P27: =SUM(M27:O27) -> 0 | Q27: 0 | T27: غير | U27: ذكر | V27: 0 | W27: 0 | X27: 0 | Y27: =SUM(V27:X27) -> 0 | Z27: 0 | AC27: غير | AD27: ذكر | AE27: 0 | AF27: 0 | AG27: 0 | AH27: =SUM(AE27:AG27) -> 0 | AI27: 0 | AL27: غير | AM27: ذكر | AN27: 0 | AO27: 0 | AP27: 0 | AQ27: =SUM(AN27:AP27) -> 0 | AR27: 0 | AU27: غير | AV27: ذكر | AW27: 0 | AX27: 0 | AY27: 0 | AZ27: =SUM(AW27:AY27) -> 0 | BA27: 0 | BD27: غير | BE27: ذكر | BF27: 0 | BG27: 0 | BH27: 0 | BI27: 0 | BJ27: 0 | BM27: غير | BN27: ذكر | BO27: 0 | BP27: 0 | BQ27: 0 | BR27: =SUM(BO27:BQ27) -> 0 | BS27: 0 | BV27: غير | BW27: ذكر | BX27: 0 | BY27: 0 | BZ27: 0 | CA27: =SUM(BX27:BZ27) -> 0 | CB27: 0 | CE27: غير | CF27: ذكر | CG27: 0 | CH27: 0 | CI27: 8 | CJ27: =SUM(CG27:CI27) -> 8 | CK27: 0 | CN27: غير | CO27: ذكر | CP27: 0 | CQ27: 0 | CR27: 0 | CS27: =SUM(CP27:CR27) -> 0 | CT27: 0 | CW27: غير | CX27: ذكر | CY27: 0 | CZ27: 0 | DA27: 0 | DB27: =SUM(CY27:DA27) -> 0 | DC27: 0 | DF27: غير | DG27: ذكر | DH27: =D27+M27+V27+AE27+AN27+AW27+BF27+BO27+BX27+CG27+CP27+CY27 -> 0 | DI27: =E27+N27+W27+AF27+AO27+AX27+BG27+BP27+BY27+CH27+CQ27+CZ27 -> 0 | DJ27: =F27+O27+X27+AG27+AP27+AY27+BH27+BQ27+BZ27+CI27+CR27+DA27 -> 8 | DK27: =SUM(DH27:DJ27) -> 8 | DL27: =H27+Q27+Z27+AI27+AR27+BA27+BJ27+BS27+CB27+CK27+CT27+DC27 -> 0
B28: سعودي | C28: أنثى | D28: 0 | E28: 0 | F28: 0 | G28: =SUM(D28:F28) -> 0 | H28: 0 | K28: سعودي | L28: أنثى | M28: 0 | N28: 0 | O28: 0 | P28: =SUM(M28:O28) -> 0 | Q28: 0 | T28: سعودي | U28: أنثى | V28: 0 | W28: 0 | X28: 0 | Y28: =SUM(V28:X28) -> 0 | Z28: 0 | AC28: سعودي | AD28: أنثى | AE28: 0 | AF28: 0 | AG28: 0 | AH28: =SUM(AE28:AG28) -> 0 | AI28: 0 | AL28: سعودي | AM28: أنثى | AN28: 0 | AO28: 0 | AP28: 0 | AQ28: =SUM(AN28:AP28) -> 0 | AR28: 0 | AU28: سعودي | AV28: أنثى | AW28: 0 | AX28: 0 | AY28: 0 | AZ28: =SUM(AW28:AY28) -> 0 | BA28: 0 | BD28: سعودي | BE28: أنثى | BF28: 0 | BG28: 0 | BH28: 0 | BI28: 0 | BJ28: 0 | BM28: سعودي | BN28: أنثى | BO28: 0 | BP28: 0 | BQ28: 0 | BR28: =SUM(BO28:BQ28) -> 0 | BS28: 0 | BV28: سعودي | BW28: أنثى | BX28: 0 | BY28: 0 | BZ28: 0 | CA28: =SUM(BX28:BZ28) -> 0 | CB28: 0 | CE28: سعودي | CF28: أنثى | CG28: 0 | CH28: 0 | CI28: 2 | CJ28: =SUM(CG28:CI28) -> 2 | CK28: 0 | CN28: سعودي | CO28: أنثى | CP28: 0 | CQ28: 0 | CR28: 0 | CS28: =SUM(CP28:CR28) -> 0 | CT28: 0 | CW28: سعودي | CX28: أنثى | CY28: 0 | CZ28: 0 | DA28: 0 | DB28: =SUM(CY28:DA28) -> 0 | DC28: 0 | DF28: سعودي | DG28: أنثى | DH28: =D28+M28+V28+AE28+AN28+AW28+BF28+BO28+BX28+CG28+CP28+CY28 -> 0 | DI28: =E28+N28+W28+AF28+AO28+AX28+BG28+BP28+BY28+CH28+CQ28+CZ28 -> 0 | DJ28: =F28+O28+X28+AG28+AP28+AY28+BH28+BQ28+BZ28+CI28+CR28+DA28 -> 2 | DK28: =SUM(DH28:DJ28) -> 2 | DL28: =H28+Q28+Z28+AI28+AR28+BA28+BJ28+BS28+CB28+CK28+CT28+DC28 -> 0
B29: المجموع | D29: =SUM(D25:D28) -> 0 | E29: =SUM(E25:E28) -> 0 | F29: =SUM(F25:F28) -> 0 | G29: =SUM(G25:G28) -> 0 | H29: =SUM(H25:H28) -> 0 | K29: المجموع | M29: =SUM(M25:M28) -> 0 | N29: =SUM(N25:N28) -> 0 | O29: =SUM(O25:O28) -> 0 | P29: =SUM(P25:P28) -> 0 | Q29: =SUM(Q25:Q28) -> 0 | T29: المجموع | V29: 0 | W29: 0 | X29: 0 | Y29: =SUM(Y25:Y28) -> 0 | Z29: =SUM(Z25:Z28) -> 0 | AC29: المجموع | AE29: 0 | AF29: 0 | AG29: 0 | AH29: =SUM(AH25:AH28) -> 0 | AI29: =SUM(AI25:AI28) -> 0 | AL29: المجموع | AN29: =SUM(AN25:AN28) -> 0 | AO29: =SUM(AO25:AO28) -> 0 | AP29: =SUM(AP25:AP28) -> 0 | AQ29: =SUM(AQ25:AQ28) -> 0 | AR29: =SUM(AR25:AR28) -> 0 | AU29: المجموع | AW29: =SUM(AW25:AW28) -> 0 | AX29: =SUM(AX25:AX28) -> 0 | AY29: =SUM(AY25:AY28) -> 0 | AZ29: =SUM(AZ25:AZ28) -> 0 | BA29: =SUM(BA25:BA28) -> 0 | BD29: المجموع | BF29: 0 | BG29: 0 | BH29: 0 | BI29: 0 | BJ29: =SUM(BJ25:BJ28) -> 0 | BM29: المجموع | BO29: =SUM(BO25:BO28) -> 0 | BP29: =SUM(BP25:BP28) -> 0 | BQ29: =SUM(BQ25:BQ28) -> 0 | BR29: =SUM(BR25:BR28) -> 0 | BS29: =SUM(BS25:BS28) -> 0 | BV29: المجموع | BX29: =SUM(BX25:BX28) -> 0 | BY29: =SUM(BY25:BY28) -> 0 | BZ29: =SUM(BZ25:BZ28) -> 0 | CA29: =SUM(CA25:CA28) -> 0 | CB29: =SUM(CB25:CB28) -> 0 | CE29: المجموع | CG29: =SUM(CG25:CG28) -> 0 | CH29: =SUM(CH25:CH28) -> 0 | CI29: =SUM(CI25:CI28) -> 302 | CJ29: =SUM(CJ25:CJ28) -> 302 | CK29: =SUM(CK25:CK28) -> 0 | CN29: المجموع | CP29: =SUM(CP25:CP28) -> 0 | CQ29: =SUM(CQ25:CQ28) -> 0 | CR29: =SUM(CR25:CR28) -> 0 | CS29: =SUM(CS25:CS28) -> 0 | CT29: =SUM(CT25:CT28) -> 0 | CW29: المجموع | CY29: =SUM(CY25:CY28) -> 0 | CZ29: =SUM(CZ25:CZ28) -> 0 | DA29: =SUM(DA25:DA28) -> 0 | DB29: =SUM(DB25:DB28) -> 0 | DC29: =SUM(DC25:DC28) -> 0 | DF29: المجموع | DH29: =SUM(DH25:DH28) -> 0 | DI29: =SUM(DI25:DI28) -> 20 | DJ29: =SUM(DJ25:DJ28) -> 768 | DK29: =SUM(DK25:DK28) -> 788 | DL29: =SUM(DL25:DL28) -> 0
A30: قويزة | B30: سعودي | C30: ذكر | D30: 0 | E30: 10 | F30: 368 | G30: =SUM(D30:F30) -> 378 | H30: 0 | J30: قويزة | K30: سعودي | L30: ذكر | M30: 0 | N30: 24 | O30: 358 | P30: =SUM(M30:O30) -> 382 | Q30: 0 | S30: قويزة | T30: سعودي | U30: ذكر | V30: 0 | W30: 0 | X30: 0 | Y30: =SUM(V30:X30) -> 0 | Z30: 0 | AB30: قويزة | AC30: سعودي | AD30: ذكر | AE30: 0 | AF30: 0 | AG30: 0 | AH30: =SUM(AE30:AG30) -> 0 | AI30: 0 | AK30: قويزة | AL30: سعودي | AM30: ذكر | AN30: 0 | AO30: 9 | AP30: 261 | AQ30: =SUM(AN30:AP30) -> 270 | AR30: 0 | AT30: قويزة | AU30: سعودي | AV30: ذكر | AW30: 0 | AX30: 0 | AY30: 320 | AZ30: =SUM(AW30:AY30) -> 320 | BA30: 0 | BC30: قويزة | BD30: سعودي | BE30: ذكر | BF30: 0 | BG30: 0 | BH30: 0 | BI30: 0 | BJ30: 0 | BL30: قويزة | BM30: سعودي | BN30: ذكر | BO30: 0 | BP30: 8 | BQ30: 232 | BR30: =SUM(BO30:BQ30) -> 240 | BS30: 0 | BU30: قويزة | BV30: سعودي | BW30: ذكر | BX30: 0 | BY30: 9 | BZ30: 145 | CA30: =SUM(BX30:BZ30) -> 154 | CB30: 0 | CD30: قويزة | CE30: سعودي | CF30: ذكر | CG30: 0 | CH30: 6 | CI30: 156 | CJ30: =SUM(CG30:CI30) -> 162 | CK30: 0 | CM30: قويزة | CN30: سعودي | CO30: ذكر | CP30: 0 | CQ30: 0 | CR30: 0 | CS30: =SUM(CP30:CR30) -> 0 | CT30: 0 | CV30: قويزة | CW30: سعودي | CX30: ذكر | CY30: 0 | CZ30: 0 | DA30: 0 | DB30: =SUM(CY30:DA30) -> 0 | DC30: 0 | DE30: =CV30 -> قويزة | DG30: ذكر | DH30: =D30+M30+V30+AE30+AN30+AW30+BF30+BO30+BX30+CG30+CP30+CY30 -> 0 | DI30: =E30+N30+W30+AF30+AO30+AX30+BG30+BP30+BY30+CH30+CQ30+CZ30 -> 66 | DJ30: =F30+O30+X30+AG30+AP30+AY30+BH30+BQ30+BZ30+CI30+CR30+DA30 -> 1840 | DK30: =SUM(DH30:DJ30) -> 1906 | DL30: =H30+Q30+Z30+AI30+AR30+BA30+BJ30+BS30+CB30+CK30+CT30+DC30 -> 0
C31: أنثى | D31: 0 | E31: 6 | F31: 362 | G31: =SUM(D31:F31) -> 368 | H31: 0 | L31: أنثى | M31: 0 | N31: 20 | O31: 352 | P31: =SUM(M31:O31) -> 372 | Q31: 0 | U31: أنثى | V31: 0 | W31: 15 | X31: 245 | Y31: =SUM(V31:X31) -> 260 | Z31: 0 | AD31: أنثى | AE31: 0 | AF31: 32 | AG31: 379 | AH31: =SUM(AE31:AG31) -> 411 | AI31: 0 | AM31: أنثى | AN31: 0 | AO31: 0 | AP31: 330 | AQ31: =SUM(AN31:AP31) -> 330 | AR31: 0 | AV31: أنثى | AW31: 0 | AX31: 0 | AY31: 295 | AZ31: =SUM(AW31:AY31) -> 295 | BA31: 0 | BE31: أنثى | BF31: 0 | BG31: 30 | BH31: 369 | BI31: 399 | BJ31: 0 | BN31: أنثى | BO31: 0 | BP31: 9 | BQ31: 199 | BR31: =SUM(BO31:BQ31) -> 208 | BS31: 0 | BW31: أنثى | BX31: 0 | BY31: 8 | BZ31: 162 | CA31: =SUM(BX31:BZ31) -> 170 | CB31: 0 | CF31: أنثى | CG31: 0 | CH31: 4 | CI31: 170 | CJ31: =SUM(CG31:CI31) -> 174 | CK31: 0 | CO31: أنثى | CP31: 0 | CQ31: 0 | CR31: 0 | CS31: =SUM(CP31:CR31) -> 0 | CT31: 0 | CX31: أنثى | CY31: 0 | CZ31: 0 | DA31: 0 | DB31: =SUM(CY31:DA31) -> 0 | DC31: 0 | DF31: سعودي | DG31: أنثى | DH31: =D31+M31+V31+AE31+AN31+AW31+BF31+BO31+BX31+CG31+CP31+CY31 -> 0 | DI31: =E31+N31+W31+AF31+AO31+AX31+BG31+BP31+BY31+CH31+CQ31+CZ31 -> 124 | DJ31: =F31+O31+X31+AG31+AP31+AY31+BH31+BQ31+BZ31+CI31+CR31+DA31 -> 2863 | DK31: =SUM(DH31:DJ31) -> 2987 | DL31: =H31+Q31+Z31+AI31+AR31+BA31+BJ31+BS31+CB31+CK31+CT31+DC31 -> 0
B32: غير | C32: ذكر | D32: 0 | E32: 0 | F32: 0 | G32: =SUM(D32:F32) -> 0 | H32: 0 | K32: غير | L32: ذكر | M32: 0 | N32: 0 | O32: 0 | P32: =SUM(M32:O32) -> 0 | Q32: 0 | T32: غير | U32: ذكر | V32: 0 | W32: 13 | X32: 212 | Y32: =SUM(V32:X32) -> 225 | Z32: 0 | AC32: غير | AD32: ذكر | AE32: 0 | AF32: 35 | AG32: 365 | AH32: =SUM(AE32:AG32) -> 400 | AI32: 0 | AL32: غير | AM32: ذكر | AN32: 0 | AO32: 0 | AP32: 91 | AQ32: =SUM(AN32:AP32) -> 91 | AR32: 0 | AU32: غير | AV32: ذكر | AW32: 0 | AX32: 0 | AY32: 85 | AZ32: =SUM(AW32:AY32) -> 85 | BA32: 0 | BD32: غير | BE32: ذكر | BF32: 0 | BG32: 39 | BH32: 358 | BI32: 397 | BJ32: 0 | BM32: غير | BN32: ذكر | BO32: 0 | BP32: 0 | BQ32: 0 | BR32: =SUM(BO32:BQ32) -> 0 | BS32: 0 | BV32: غير | BW32: ذكر | BX32: 0 | BY32: 0 | BZ32: 5 | CA32: =SUM(BX32:BZ32) -> 5 | CB32: 0 | CE32: غير | CF32: ذكر | CG32: 0 | CH32: 0 | CI32: 2 | CJ32: =SUM(CG32:CI32) -> 2 | CK32: 0 | CN32: غير | CO32: ذكر | CP32: 0 | CQ32: 0 | CR32: 0 | CS32: =SUM(CP32:CR32) -> 0 | CT32: 0 | CW32: غير | CX32: ذكر | CY32: 0 | CZ32: 0 | DA32: 0 | DB32: =SUM(CY32:DA32) -> 0 | DC32: 0 | DF32: غير | DG32: ذكر | DH32: =D32+M32+V32+AE32+AN32+AW32+BF32+BO32+BX32+CG32+CP32+CY32 -> 0 | DI32: =E32+N32+W32+AF32+AO32+AX32+BG32+BP32+BY32+CH32+CQ32+CZ32 -> 87 | DJ32: =F32+O32+X32+AG32+AP32+AY32+BH32+BQ32+BZ32+CI32+CR32+DA32 -> 1118 | DK32: =SUM(DH32:DJ32) -> 1205 | DL32: =H32+Q32+Z32+AI32+AR32+BA32+BJ32+BS32+CB32+CK32+CT32+DC32 -> 0
B33: سعودي | C33: أنثى | D33: 0 | E33: 0 | F33: 0 | G33: =SUM(D33:F33) -> 0 | H33: 0 | K33: سعودي | L33: أنثى | M33: 0 | N33: 0 | O33: 0 | P33: =SUM(M33:O33) -> 0 | Q33: 0 | T33: سعودي | U33: أنثى | V33: 0 | W33: 0 | X33: 0 | Y33: =SUM(V33:X33) -> 0 | Z33: 0 | AC33: سعودي | AD33: أنثى | AE33: 0 | AF33: 0 | AG33: 0 | AH33: =SUM(AE33:AG33) -> 0 | AI33: 0 | AL33: سعودي | AM33: أنثى | AN33: 0 | AO33: 0 | AP33: 80 | AQ33: =SUM(AN33:AP33) -> 80 | AR33: 0 | AU33: سعودي | AV33: أنثى | AW33: 0 | AX33: 0 | AY33: 66 | AZ33: =SUM(AW33:AY33) -> 66 | BA33: 0 | BD33: سعودي | BE33: أنثى | BF33: 0 | BG33: 0 | BH33: 0 | BI33: 0 | BJ33: 0 | BM33: سعودي | BN33: أنثى | BO33: 0 | BP33: 0 | BQ33: 0 | BR33: =SUM(BO33:BQ33) -> 0 | BS33: 0 | BV33: سعودي | BW33: أنثى | BX33: 0 | BY33: 0 | BZ33: 4 | CA33: =SUM(BX33:BZ33) -> 4 | CB33: 0 | CE33: سعودي | CF33: أنثى | CG33: 0 | CH33: 0 | CI33: 1 | CJ33: =SUM(CG33:CI33) -> 1 | CK33: 0 | CN33: سعودي | CO33: أنثى | CP33: 0 | CQ33: 0 | CR33: 0 | CS33: =SUM(CP33:CR33) -> 0 | CT33: 0 | CW33: سعودي | CX33: أنثى | CY33: 0 | CZ33: 0 | DA33: 0 | DB33: =SUM(CY33:DA33) -> 0 | DC33: 0 | DF33: سعودي | DG33: أنثى | DH33: =D33+M33+V33+AE33+AN33+AW33+BF33+BO33+BX33+CG33+CP33+CY33 -> 0 | DI33: =E33+N33+W33+AF33+AO33+AX33+BG33+BP33+BY33+CH33+CQ33+CZ33 -> 0 | DJ33: =F33+O33+X33+AG33+AP33+AY33+BH33+BQ33+BZ33+CI33+CR33+DA33 -> 151 | DK33: =SUM(DH33:DJ33) -> 151 | DL33: =H33+Q33+Z33+AI33+AR33+BA33+BJ33+BS33+CB33+CK33+CT33+DC33 -> 0
B34: المجموع | D34: =SUM(D30:D33) -> 0 | E34: =SUM(E30:E33) -> 16 | F34: =SUM(F30:F33) -> 730 | G34: =SUM(G30:G33) -> 746 | H34: =SUM(H30:H33) -> 0 | K34: المجموع | M34: =SUM(M30:M33) -> 0 | N34: =SUM(N30:N33) -> 44 | O34: =SUM(O30:O33) -> 710 | P34: =SUM(P30:P33) -> 754 | Q34: =SUM(Q30:Q33) -> 0 | T34: المجموع | V34: 0 | W34: 0 | X34: 0 | Y34: =SUM(Y30:Y33) -> 485 | Z34: =SUM(Z30:Z33) -> 0 | AC34: المجموع | AE34: 0 | AF34: 0 | AG34: 0 | AH34: =SUM(AH30:AH33) -> 811 | AI34: =SUM(AI30:AI33) -> 0 | AL34: المجموع | AN34: =SUM(AN30:AN33) -> 0 | AO34: =SUM(AO30:AO33) -> 9 | AP34: =SUM(AP30:AP33) -> 762 | AQ34: =SUM(AQ30:AQ33) -> 771 | AR34: =SUM(AR30:AR33) -> 0 | AU34: المجموع | AW34: =SUM(AW30:AW33) -> 0 | AX34: =SUM(AX30:AX33) -> 0 | AY34: =SUM(AY30:AY33) -> 766 | AZ34: =SUM(AZ30:AZ33) -> 766 | BA34: =SUM(BA30:BA33) -> 0 | BD34: المجموع | BF34: 0 | BG34: 0 | BH34: 0 | BI34: 0 | BJ34: =SUM(BJ30:BJ33) -> 0 | BM34: المجموع | BO34: =SUM(BO30:BO33) -> 0 | BP34: =SUM(BP30:BP33) -> 17 | BQ34: =SUM(BQ30:BQ33) -> 431 | BR34: =SUM(BR30:BR33) -> 448 | BS34: =SUM(BS30:BS33) -> 0 | BV34: المجموع | BX34: =SUM(BX30:BX33) -> 0 | BY34: =SUM(BY30:BY33) -> 17 | BZ34: =SUM(BZ30:BZ33) -> 316 | CA34: =SUM(CA30:CA33) -> 333 | CB34: =SUM(CB30:CB33) -> 0 | CE34: المجموع | CG34: =SUM(CG30:CG33) -> 0 | CH34: =SUM(CH30:CH33) -> 10 | CI34: =SUM(CI30:CI33) -> 329 | CJ34: =SUM(CJ30:CJ33) -> 339 | CK34: =SUM(CK30:CK33) -> 0 | CN34: المجموع | CP34: =SUM(CP30:CP33) -> 0 | CQ34: =SUM(CQ30:CQ33) -> 0 | CR34: =SUM(CR30:CR33) -> 0 | CS34: =SUM(CS30:CS33) -> 0 | CT34: =SUM(CT30:CT33) -> 0 | CW34: المجموع | CY34: =SUM(CY30:CY33) -> 0 | CZ34: =SUM(CZ30:CZ33) -> 0 | DA34: =SUM(DA30:DA33) -> 0 | DB34: =SUM(DB30:DB33) -> 0 | DC34: =SUM(DC30:DC33) -> 0 | DF34: المجموع | DH34: =SUM(DH30:DH33) -> 0 | DI34: =SUM(DI30:DI33) -> 277 | DJ34: =SUM(DJ30:DJ33) -> 5972 | DK34: =SUM(DK30:DK33) -> 6249 | DL34: =SUM(DL30:DL33) -> 0
A35: الرغامة | B35: سعودي | C35: ذكر | D35: 0 | E35: 16 | F35: 396 | G35: =SUM(D35:F35) -> 412 | H35: 0 | J35: الرغامة | K35: سعودي | L35: ذكر | M35: 0 | N35: 145 | O35: 365 | P35: 510 | Q35: 0 | S35: الرغامة | T35: سعودي | U35: ذكر | V35: 0 | W35: 28 | X35: 457 | Y35: =SUM(V35:X35) -> 485 | Z35: 0 | AB35: الرغامة | AC35: سعودي | AD35: ذكر | AE35: 0 | AF35: 67 | AG35: 744 | AH35: =SUM(AE35:AG35) -> 811 | AI35: 0 | AK35: الرغامة | AL35: سعودي | AM35: ذكر | AN35: 0 | AO35: 14 | AP35: 252 | AQ35: =SUM(AN35:AP35) -> 266 | AR35: 0 | AT35: الرغامة | AU35: سعودي | AV35: ذكر | AW35: 0 | AX35: 11 | AY35: 336 | AZ35: =SUM(AW35:AY35) -> 347 | BA35: 0 | BC35: الرغامة | BD35: سعودي | BE35: ذكر | BF35: 0 | BG35: 69 | BH35: 727 | BI35: 796 | BJ35: 0 | BL35: الرغامة | BM35: سعودي | BN35: ذكر | BO35: 0 | BP35: 0 | BQ35: 202 | BR35: =SUM(BO35:BQ35) -> 202 | BS35: 0 | BU35: الرغامة | BV35: سعودي | BW35: ذكر | BX35: 0 | BY35: 0 | BZ35: 210 | CA35: =SUM(BX35:BZ35) -> 210 | CB35: 0 | CD35: الرغامة | CE35: سعودي | CF35: ذكر | CG35: 0 | CH35: 0 | CI35: 219 | CJ35: =SUM(CG35:CI35) -> 219 | CK35: 0 | CM35: الرغامة | CN35: سعودي | CO35: ذكر | CP35: 0 | CQ35: 0 | CR35: 0 | CS35: =SUM(CP35:CR35) -> 0 | CT35: 0 | CV35: الرغامة | CW35: سعودي | CX35: ذكر | CY35: 0 | CZ35: 0 | DA35: 0 | DB35: =SUM(CY35:DA35) -> 0 | DC35: 0 | DE35: =CV35 -> الرغامة | DG35: ذكر | DH35: =D35+M35+V35+AE35+AN35+AW35+BF35+BO35+BX35+CG35+CP35+CY35 -> 0 | DI35: =E35+N35+W35+AF35+AO35+AX35+BG35+BP35+BY35+CH35+CQ35+CZ35 -> 350 | DJ35: =F35+O35+X35+AG35+AP35+AY35+BH35+BQ35+BZ35+CI35+CR35+DA35 -> 3908 | DK35: =SUM(DH35:DJ35) -> 4258 | DL35: =H35+Q35+Z35+AI35+AR35+BA35+BJ35+BS35+CB35+CK35+CT35+DC35 -> 0
C36: أنثى | D36: 0 | E36: 33 | F36: 412 | G36: =SUM(D36:F36) -> 445 | H36: 0 | L36: أنثى | M36: 0 | N36: 163 | O36: 496 | P36: 659 | Q36: 0 | U36: أنثى | V36: 0 | W36: 342 | X36: 567 | Y36: =SUM(V36:X36) -> 909 | Z36: 0 | AD36: أنثى | AE36: 0 | AF36: 1 | AG36: 475 | AH36: =SUM(AE36:AG36) -> 476 | AI36: 0 | AM36: أنثى | AN36: 0 | AO36: 10 | AP36: 221 | AQ36: =SUM(AN36:AP36) -> 231 | AR36: 0 | AV36: أنثى | AW36: 0 | AX36: 6 | AY36: 302 | AZ36: =SUM(AW36:AY36) -> 308 | BA36: 0 | BE36: أنثى | BF36: 0 | BG36: 0 | BH36: 658 | BI36: 658 | BJ36: 0 | BN36: أنثى | BO36: 0 | BP36: 0 | BQ36: 221 | BR36: =SUM(BO36:BQ36) -> 221 | BS36: 0 | BW36: أنثى | BX36: 0 | BY36: 0 | BZ36: 224 | CA36: =SUM(BX36:BZ36) -> 224 | CB36: 0 | CF36: أنثى | CG36: 0 | CH36: 0 | CI36: 200 | CJ36: =SUM(CG36:CI36) -> 200 | CK36: 0 | CO36: أنثى | CP36: 0 | CQ36: 0 | CR36: 0 | CS36: =SUM(CP36:CR36) -> 0 | CT36: 0 | CX36: أنثى | CY36: 0 | CZ36: 0 | DA36: 0 | DB36: =SUM(CY36:DA36) -> 0 | DC36: 0 | DF36: سعودي | DG36: أنثى | DH36: =D36+M36+V36+AE36+AN36+AW36+BF36+BO36+BX36+CG36+CP36+CY36 -> 0 | DI36: =E36+N36+W36+AF36+AO36+AX36+BG36+BP36+BY36+CH36+CQ36+CZ36 -> 555 | DJ36: =F36+O36+X36+AG36+AP36+AY36+BH36+BQ36+BZ36+CI36+CR36+DA36 -> 3776 | DK36: =SUM(DH36:DJ36) -> 4331 | DL36: =H36+Q36+Z36+AI36+AR36+BA36+BJ36+BS36+CB36+CK36+CT36+DC36 -> 0
B37: غير | C37: ذكر | D37: 0 | E37: 0 | F37: 0 | G37: =SUM(D37:F37) -> 0 | H37: 0 | K37: غير | L37: ذكر | M37: 0 | N37: 2 | O37: 15 | P37: 17 | Q37: 0 | T37: غير | U37: ذكر | V37: 0 | W37: 654 | X37: 698 | Y37: =SUM(V37:X37) -> 1352 | Z37: 0 | AC37: غير | AD37: ذكر | AE37: 0 | AF37: 0 | AG37: 574 | AH37: =SUM(AE37:AG37) -> 574 | AI37: 0 | AL37: غير | AM37: ذكر | AN37: 0 | AO37: 0 | AP37: 69 | AQ37: =SUM(AN37:AP37) -> 69 | AR37: 0 | AU37: غير | AV37: ذكر | AW37: 0 | AX37: 0 | AY37: 81 | AZ37: =SUM(AW37:AY37) -> 81 | BA37: 0 | BD37: غير | BE37: ذكر | BF37: 0 | BG37: 0 | BH37: 748 | BI37: 748 | BJ37: 0 | BM37: غير | BN37: ذكر | BO37: 0 | BP37: 0 | BQ37: 4 | BR37: =SUM(BO37:BQ37) -> 4 | BS37: 0 | BV37: غير | BW37: ذكر | BX37: 0 | BY37: 0 | BZ37: 11 | CA37: =SUM(BX37:BZ37) -> 11 | CB37: 0 | CE37: غير | CF37: ذكر | CG37: 0 | CH37: 0 | CI37: 9 | CJ37: =SUM(CG37:CI37) -> 9 | CK37: 0 | CN37: غير | CO37: ذكر | CP37: 0 | CQ37: 0 | CR37: 0 | CS37: =SUM(CP37:CR37) -> 0 | CT37: 0 | CW37: غير | CX37: ذكر | CY37: 0 | CZ37: 0 | DA37: 0 | DB37: =SUM(CY37:DA37) -> 0 | DC37: 0 | DF37: غير | DG37: ذكر | DH37: =D37+M37+V37+AE37+AN37+AW37+BF37+BO37+BX37+CG37+CP37+CY37 -> 0 | DI37: =E37+N37+W37+AF37+AO37+AX37+BG37+BP37+BY37+CH37+CQ37+CZ37 -> 656 | DJ37: =F37+O37+X37+AG37+AP37+AY37+BH37+BQ37+BZ37+CI37+CR37+DA37 -> 2209 | DK37: =SUM(DH37:DJ37) -> 2865 | DL37: =H37+Q37+Z37+AI37+AR37+BA37+BJ37+BS37+CB37+CK37+CT37+DC37 -> 0
B38: سعودي | C38: أنثى | D38: 0 | E38: 0 | F38: 0 | G38: =SUM(D38:F38) -> 0 | H38: 0 | K38: سعودي | L38: أنثى | M38: 0 | N38: 3 | O38: 26 | P38: 29 | Q38: 0 | T38: سعودي | U38: أنثى | V38: 0 | W38: 15 | X38: 28 | Y38: =SUM(V38:X38) -> 43 | Z38: 0 | AC38: سعودي | AD38: أنثى | AE38: 0 | AF38: 0 | AG38: 23 | AH38: =SUM(AE38:AG38) -> 23 | AI38: 0 | AL38: سعودي | AM38: أنثى | AN38: 0 | AO38: 0 | AP38: 70 | AQ38: =SUM(AN38:AP38) -> 70 | AR38: 0 | AU38: سعودي | AV38: أنثى | AW38: 0 | AX38: 0 | AY38: 65 | AZ38: =SUM(AW38:AY38) -> 65 | BA38: 0 | BD38: سعودي | BE38: أنثى | BF38: 0 | BG38: 0 | BH38: 31 | BI38: 31 | BJ38: 0 | BM38: سعودي | BN38: أنثى | BO38: 0 | BP38: 0 | BQ38: 9 | BR38: =SUM(BO38:BQ38) -> 9 | BS38: 0 | BV38: سعودي | BW38: أنثى | BX38: 0 | BY38: 0 | BZ38: 12 | CA38: =SUM(BX38:BZ38) -> 12 | CB38: 0 | CE38: سعودي | CF38: أنثى | CG38: 0 | CH38: 0 | CI38: 10 | CJ38: =SUM(CG38:CI38) -> 10 | CK38: 0 | CN38: سعودي | CO38: أنثى | CP38: 0 | CQ38: 0 | CR38: 0 | CS38: =SUM(CP38:CR38) -> 0 | CT38: 0 | CW38: سعودي | CX38: أنثى | CY38: 0 | CZ38: 0 | DA38: 0 | DB38: =SUM(CY38:DA38) -> 0 | DC38: 0 | DF38: سعودي | DG38: أنثى | DH38: =D38+M38+V38+AE38+AN38+AW38+BF38+BO38+BX38+CG38+CP38+CY38 -> 0 | DI38: =E38+N38+W38+AF38+AO38+AX38+BG38+BP38+BY38+CH38+CQ38+CZ38 -> 18 | DJ38: =F38+O38+X38+AG38+AP38+AY38+BH38+BQ38+BZ38+CI38+CR38+DA38 -> 274 | DK38: =SUM(DH38:DJ38) -> 292 | DL38: =H38+Q38+Z38+AI38+AR38+BA38+BJ38+BS38+CB38+CK38+CT38+DC38 -> 0
B39: المجموع | D39: =SUM(D35:D38) -> 0 | E39: =SUM(E35:E38) -> 49 | F39: =SUM(F35:F38) -> 808 | G39: =SUM(G35:G38) -> 857 | H39: =SUM(H35:H38) -> 0 | K39: المجموع | M39: =SUM(M35:M38) -> 0 | N39: =SUM(N35:N38) -> 313 | O39: =SUM(O35:O38) -> 902 | P39: =SUM(P35:P38) -> 1215 | Q39: =SUM(Q35:Q38) -> 0 | T39: المجموع | V39: 0 | W39: 19 | X39: 33 | Y39: =SUM(Y35:Y38) -> 2789 | Z39: =SUM(Z35:Z38) -> 0 | AC39: المجموع | AE39: 0 | AF39: 0 | AG39: 36 | AH39: =SUM(AH35:AH38) -> 1884 | AI39: =SUM(AI35:AI38) -> 0 | AL39: المجموع | AN39: =SUM(AN35:AN38) -> 0 | AO39: =SUM(AO35:AO38) -> 24 | AP39: =SUM(AP35:AP38) -> 612 | AQ39: =SUM(AQ35:AQ38) -> 636 | AR39: =SUM(AR35:AR38) -> 0 | AU39: المجموع | AW39: =SUM(AW35:AW38) -> 0 | AX39: =SUM(AX35:AX38) -> 17 | AY39: =SUM(AY35:AY38) -> 784 | AZ39: =SUM(AZ35:AZ38) -> 801 | BA39: =SUM(BA35:BA38) -> 0 | BD39: المجموع | BF39: 0 | BG39: 0 | BH39: 23 | BI39: 23 | BJ39: =SUM(BJ35:BJ38) -> 0 | BM39: المجموع | BO39: =SUM(BO35:BO38) -> 0 | BP39: =SUM(BP35:BP38) -> 0 | BQ39: =SUM(BQ35:BQ38) -> 436 | BR39: =SUM(BR35:BR38) -> 436 | BS39: =SUM(BS35:BS38) -> 0 | BV39: المجموع | BX39: =SUM(BX35:BX38) -> 0 | BY39: =SUM(BY35:BY38) -> 0 | BZ39: =SUM(BZ35:BZ38) -> 457 | CA39: =SUM(CA35:CA38) -> 457 | CB39: =SUM(CB35:CB38) -> 0 | CE39: المجموع | CG39: =SUM(CG35:CG38) -> 0 | CH39: =SUM(CH35:CH38) -> 0 | CI39: =SUM(CI35:CI38) -> 438 | CJ39: =SUM(CJ35:CJ38) -> 438 | CK39: =SUM(CK35:CK38) -> 0 | CN39: المجموع | CP39: =SUM(CP35:CP38) -> 0 | CQ39: =SUM(CQ35:CQ38) -> 0 | CR39: =SUM(CR35:CR38) -> 0 | CS39: =SUM(CS35:CS38) -> 0 | CT39: =SUM(CT35:CT38) -> 0 | CW39: المجموع | CY39: =SUM(CY35:CY38) -> 0 | CZ39: =SUM(CZ35:CZ38) -> 0 | DA39: =SUM(DA35:DA38) -> 0 | DB39: =SUM(DB35:DB38) -> 0 | DC39: =SUM(DC35:DC38) -> 0 | DF39: المجموع | DH39: =SUM(DH35:DH38) -> 0 | DI39: =SUM(DI35:DI38) -> 1579 | DJ39: =SUM(DJ35:DJ38) -> 10167 | DK39: =SUM(DK35:DK38) -> 11746 | DL39: =SUM(DL35:DL38) -> 0
A40: الواحة | B40: سعودي | C40: ذكر | D40: 1 | E40: 22 | F40: 310 | G40: =SUM(D40:F40) -> 333 | H40: 0 | J40: الواحة | K40: سعودي | L40: ذكر | M40: 0 | N40: 7 | O40: 252 | P40: =SUM(M40:O40) -> 259 | Q40: 0 | S40: الواحة | T40: سعودي | U40: ذكر | V40: 0 | W40: 10 | X40: 362 | Y40: =SUM(V40:X40) -> 372 | Z40: 0 | AB40: الواحة | AC40: سعودي | AD40: ذكر | AE40: 0 | AF40: 1 | AG40: 1108 | AH40: =SUM(AE40:AG40) -> 1109 | AI40: 0 | AK40: الواحة | AL40: سعودي | AM40: ذكر | AN40: 0 | AO40: 22 | AP40: 441 | AQ40: =SUM(AN40:AP40) -> 463 | AR40: 0 | AT40: الواحة | AU40: سعودي | AV40: ذكر | AW40: 0 | AX40: 19 | AY40: 425 | AZ40: =SUM(AW40:AY40) -> 444 | BA40: 0 | BC40: الواحة | BD40: سعودي | BE40: ذكر | BF40: 0 | BG40: 0 | BH40: 1460 | BI40: 1460 | BJ40: 0 | BL40: الواحة | BM40: سعودي | BN40: ذكر | BO40: 0 | BP40: 5 | BQ40: 475 | BR40: =SUM(BO40:BQ40) -> 480 | BS40: 0 | BU40: الواحة | BV40: سعودي | BW40: ذكر | BX40: 0 | BY40: 36 | BZ40: 126 | CA40: =SUM(BX40:BZ40) -> 162 | CB40: 0 | CD40: الواحة | CE40: سعودي | CF40: ذكر | CG40: 0 | CH40: 36 | CI40: 155 | CJ40: =SUM(CG40:CI40) -> 191 | CK40: 0 | CM40: الواحة | CN40: سعودي | CO40: ذكر | CP40: 0 | CQ40: 0 | CR40: 0 | CS40: =SUM(CP40:CR40) -> 0 | CT40: 0 | CV40: الواحة | CW40: سعودي | CX40: ذكر | CY40: 0 | CZ40: 0 | DA40: 0 | DB40: =SUM(CY40:DA40) -> 0 | DC40: 0 | DE40: =CV40 -> الواحة | DG40: ذكر | DH40: =D40+M40+V40+AE40+AN40+AW40+BF40+BO40+BX40+CG40+CP40+CY40 -> 1 | DI40: =E40+N40+W40+AF40+AO40+AX40+BG40+BP40+BY40+CH40+CQ40+CZ40 -> 158 | DJ40: =F40+O40+X40+AG40+AP40+AY40+BH40+BQ40+BZ40+CI40+CR40+DA40 -> 5114 | DK40: =SUM(DH40:DJ40) -> 5273 | DL40: =H40+Q40+Z40+AI40+AR40+BA40+BJ40+BS40+CB40+CK40+CT40+DC40 -> 0
C41: أنثى | D41: 0 | E41: 0 | F41: 412 | G41: =SUM(D41:F41) -> 412 | H41: 0 | L41: أنثى | M41: 0 | N41: 5 | O41: 320 | P41: =SUM(M41:O41) -> 325 | Q41: 0 | U41: أنثى | V41: 0 | W41: 2 | X41: 395 | Y41: =SUM(V41:X41) -> 397 | Z41: 0 | AD41: أنثى | AE41: 0 | AF41: 0 | AG41: 0 | AH41: =SUM(AE41:AG41) -> 0 | AI41: 0 | AM41: أنثى | AN41: 0 | AO41: 10 | AP41: 220 | AQ41: =SUM(AN41:AP41) -> 230 | AR41: 0 | AV41: أنثى | AW41: 0 | AX41: 4 | AY41: 285 | AZ41: =SUM(AW41:AY41) -> 289 | BA41: 0 | BE41: أنثى | BF41: 0 | BG41: 7 | BH41: 252 | BI41: 259 | BJ41: 0 | BN41: أنثى | BO41: 0 | BP41: 1 | BQ41: 486 | BR41: =SUM(BO41:BQ41) -> 487 | BS41: 0 | BW41: أنثى | BX41: 0 | BY41: 64 | BZ41: 130 | CA41: =SUM(BX41:BZ41) -> 194 | CB41: 0 | CF41: أنثى | CG41: 0 | CH41: 64 | CI41: 124 | CJ41: =SUM(CG41:CI41) -> 188 | CK41: 0 | CO41: أنثى | CP41: 0 | CQ41: 0 | CR41: 0 | CS41: =SUM(CP41:CR41) -> 0 | CT41: 0 | CX41: أنثى | CY41: 0 | CZ41: 0 | DA41: 0 | DB41: =SUM(CY41:DA41) -> 0 | DC41: 0 | DF41: سعودي | DG41: أنثى | DH41: =D41+M41+V41+AE41+AN41+AW41+BF41+BO41+BX41+CG41+CP41+CY41 -> 0 | DI41: =E41+N41+W41+AF41+AO41+AX41+BG41+BP41+BY41+CH41+CQ41+CZ41 -> 157 | DJ41: =F41+O41+X41+AG41+AP41+AY41+BH41+BQ41+BZ41+CI41+CR41+DA41 -> 2624 | DK41: =SUM(DH41:DJ41) -> 2781 | DL41: =H41+Q41+Z41+AI41+AR41+BA41+BJ41+BS41+CB41+CK41+CT41+DC41 -> 0
B42: غير | C42: ذكر | D42: 0 | E42: 0 | F42: 8 | G42: =SUM(D42:F42) -> 8 | H42: 0 | K42: غير | L42: ذكر | M42: 0 | N42: 4 | O42: 0 | P42: =SUM(M42:O42) -> 4 | Q42: 0 | T42: غير | U42: ذكر | V42: 0 | W42: 0 | X42: 0 | Y42: =SUM(V42:X42) -> 0 | Z42: 0 | AC42: غير | AD42: ذكر | AE42: 0 | AF42: 0 | AG42: 0 | AH42: =SUM(AE42:AG42) -> 0 | AI42: 0 | AL42: غير | AM42: ذكر | AN42: 0 | AO42: 8 | AP42: 152 | AQ42: =SUM(AN42:AP42) -> 160 | AR42: 0 | AU42: غير | AV42: ذكر | AW42: 0 | AX42: 0 | AY42: 96 | AZ42: =SUM(AW42:AY42) -> 96 | BA42: 0 | BD42: غير | BE42: ذكر | BF42: 0 | BG42: 5 | BH42: 320 | BI42: 325 | BJ42: 0 | BM42: غير | BN42: ذكر | BO42: 0 | BP42: 0 | BQ42: 6 | BR42: =SUM(BO42:BQ42) -> 6 | BS42: 0 | BV42: غير | BW42: ذكر | BX42: 0 | BY42: 9 | BZ42: 22 | CA42: =SUM(BX42:BZ42) -> 31 | CB42: 0 | CE42: غير | CF42: ذكر | CG42: 0 | CH42: 9 | CI42: 20 | CJ42: =SUM(CG42:CI42) -> 29 | CK42: 0 | CN42: غير | CO42: ذكر | CP42: 0 | CQ42: 0 | CR42: 0 | CS42: =SUM(CP42:CR42) -> 0 | CT42: 0 | CW42: غير | CX42: ذكر | CY42: 0 | CZ42: 0 | DA42: 0 | DB42: =SUM(CY42:DA42) -> 0 | DC42: 0 | DF42: غير | DG42: ذكر | DH42: =D42+M42+V42+AE42+AN42+AW42+BF42+BO42+BX42+CG42+CP42+CY42 -> 0 | DI42: =E42+N42+W42+AF42+AO42+AX42+BG42+BP42+BY42+CH42+CQ42+CZ42 -> 35 | DJ42: =F42+O42+X42+AG42+AP42+AY42+BH42+BQ42+BZ42+CI42+CR42+DA42 -> 624 | DK42: =SUM(DH42:DJ42) -> 659 | DL42: =H42+Q42+Z42+AI42+AR42+BA42+BJ42+BS42+CB42+CK42+CT42+DC42 -> 0
B43: سعودي | C43: أنثى | D43: 0 | E43: 0 | F43: 9 | G43: =SUM(D43:F43) -> 9 | H43: 0 | K43: سعودي | L43: أنثى | M43: 0 | N43: 1 | O43: 0 | P43: =SUM(M43:O43) -> 1 | Q43: 0 | T43: سعودي | U43: أنثى | V43: 0 | W43: 1 | X43: 0 | Y43: =SUM(V43:X43) -> 1 | Z43: 0 | AC43: سعودي | AD43: أنثى | AE43: 0 | AF43: 0 | AG43: 0 | AH43: =SUM(AE43:AG43) -> 0 | AI43: 0 | AL43: سعودي | AM43: أنثى | AN43: 0 | AO43: 11 | AP43: 99 | AQ43: =SUM(AN43:AP43) -> 110 | AR43: 0 | AU43: سعودي | AV43: أنثى | AW43: 0 | AX43: 6 | AY43: 74 | AZ43: =SUM(AW43:AY43) -> 80 | BA43: 0 | BD43: سعودي | BE43: أنثى | BF43: 0 | BG43: 4 | BH43: 0 | BI43: 4 | BJ43: 0 | BM43: سعودي | BN43: أنثى | BO43: 0 | BP43: 0 | BQ43: 4 | BR43: =SUM(BO43:BQ43) -> 4 | BS43: 0 | BV43: سعودي | BW43: أنثى | BX43: 0 | BY43: 11 | BZ43: 18 | CA43: =SUM(BX43:BZ43) -> 29 | CB43: 0 | CE43: سعودي | CF43: أنثى | CG43: 0 | CH43: 11 | CI43: 9 | CJ43: =SUM(CG43:CI43) -> 20 | CK43: 0 | CN43: سعودي | CO43: أنثى | CP43: 0 | CQ43: 0 | CR43: 0 | CS43: =SUM(CP43:CR43) -> 0 | CT43: 0 | CW43: سعودي | CX43: أنثى | CY43: 0 | CZ43: 0 | DA43: 0 | DB43: =SUM(CY43:DA43) -> 0 | DC43: 0 | DF43: سعودي | DG43: أنثى | DH43: =D43+M43+V43+AE43+AN43+AW43+BF43+BO43+BX43+CG43+CP43+CY43 -> 0 | DI43: =E43+N43+W43+AF43+AO43+AX43+BG43+BP43+BY43+CH43+CQ43+CZ43 -> 45 | DJ43: =F43+O43+X43+AG43+AP43+AY43+BH43+BQ43+BZ43+CI43+CR43+DA43 -> 213 | DK43: =SUM(DH43:DJ43) -> 258 | DL43: =H43+Q43+Z43+AI43+AR43+BA43+BJ43+BS43+CB43+CK43+CT43+DC43 -> 0
B44: المجموع | D44: =SUM(D40:D43) -> 1 | E44: =SUM(E40:E43) -> 22 | F44: =SUM(F40:F43) -> 739 | G44: =SUM(G40:G43) -> 762 | H44: =SUM(H40:H43) -> 0 | K44: المجموع | M44: =SUM(M40:M43) -> 0 | N44: =SUM(N40:N43) -> 17 | O44: =SUM(O40:O43) -> 572 | P44: =SUM(P40:P43) -> 589 | Q44: =SUM(Q40:Q43) -> 0 | T44: المجموع | V44: =SUM(V40:V43) -> 0 | W44: =SUM(W40:W43) -> 13 | X44: =SUM(X40:X43) -> 757 | Y44: =SUM(Y40:Y43) -> 770 | Z44: =SUM(Z40:Z43) -> 0 | AC44: المجموع | AE44: =SUM(AE40:AE43) -> 0 | AF44: =SUM(AF40:AF43) -> 1 | AG44: =SUM(AG40:AG43) -> 1108 | AH44: =SUM(AH40:AH43) -> 1109 | AI44: =SUM(AI40:AI43) -> 0 | AL44: المجموع | AN44: =SUM(AN40:AN43) -> 0 | AO44: =SUM(AO40:AO43) -> 51 | AP44: =SUM(AP40:AP43) -> 912 | AQ44: =SUM(AQ40:AQ43) -> 963 | AR44: =SUM(AR40:AR43) -> 0 | AU44: المجموع | AW44: =SUM(AW40:AW43) -> 0 | AX44: =SUM(AX40:AX43) -> 29 | AY44: =SUM(AY40:AY43) -> 880 | AZ44: =SUM(AZ40:AZ43) -> 909 | BA44: =SUM(BA40:BA43) -> 0 | BD44: المجموع | BF44: 0 | BG44: 1 | BH44: 0 | BI44: 1 | BJ44: =SUM(BJ40:BJ43) -> 0 | BM44: المجموع | BO44: =SUM(BO40:BO43) -> 0 | BP44: =SUM(BP40:BP43) -> 6 | BQ44: =SUM(BQ40:BQ43) -> 971 | BR44: =SUM(BR40:BR43) -> 977 | BS44: =SUM(BS40:BS43) -> 0 | BV44: المجموع | BX44: =SUM(BX40:BX43) -> 0 | BY44: =SUM(BY40:BY43) -> 120 | BZ44: =SUM(BZ40:BZ43) -> 296 | CA44: =SUM(CA40:CA43) -> 416 | CB44: =SUM(CB40:CB43) -> 0 | CE44: المجموع | CG44: =SUM(CG40:CG43) -> 0 | CH44: =SUM(CH40:CH43) -> 120 | CI44: =SUM(CI40:CI43) -> 308 | CJ44: =SUM(CJ40:CJ43) -> 428 | CK44: =SUM(CK40:CK43) -> 0 | CN44: المجموع | CP44: =SUM(CP40:CP43) -> 0 | CQ44: =SUM(CQ40:CQ43) -> 0 | CR44: =SUM(CR40:CR43) -> 0 | CS44: =SUM(CS40:CS43) -> 0 | CT44: =SUM(CT40:CT43) -> 0 | CW44: المجموع | CY44: =SUM(CY40:CY43) -> 0 | CZ44: =SUM(CZ40:CZ43) -> 0 | DA44: =SUM(DA40:DA43) -> 0 | DB44: =SUM(DB40:DB43) -> 0 | DC44: =SUM(DC40:DC43) -> 0 | DF44: المجموع | DH44: =SUM(DH40:DH43) -> 1 | DI44: =SUM(DI40:DI43) -> 395 | DJ44: =SUM(DJ40:DJ43) -> 8575 | DK44: =SUM(DK40:DK43) -> 8971 | DL44: =SUM(DL40:DL43) -> 0
B45: سعودي | C45: ذكر | D45: 0 | E45: 0 | F45: 0 | G45: =SUM(D45:F45) -> 0 | H45: 0 | K45: سعودي | L45: ذكر | M45: 0 | N45: 0 | O45: 0 | P45: =SUM(M45:O45) -> 0 | Q45: 0 | T45: سعودي | U45: ذكر | V45: 0 | W45: 0 | X45: 0 | Y45: =SUM(V45:X45) -> 0 | Z45: 0 | AC45: سعودي | AD45: ذكر | AE45: 0 | AF45: 0 | AG45: 0 | AH45: =SUM(AE45:AG45) -> 0 | AI45: 0 | AL45: سعودي | AM45: ذكر | AN45: 0 | AO45: 0 | AP45: 0 | AQ45: =SUM(AN45:AP45) -> 0 | AR45: 0 | AU45: سعودي | AV45: ذكر | AW45: 0 | AX45: 0 | AY45: 0 | AZ45: =SUM(AW45:AY45) -> 0 | BA45: 0 | BD45: سعودي | BE45: ذكر | BF45: 0 | BG45: 17 | BH45: 572 | BI45: 589 | BJ45: 0 | BM45: سعودي | BN45: ذكر | BO45: 0 | BP45: 0 | BQ45: 0 | BR45: =SUM(BO45:BQ45) -> 0 | BS45: 0 | BV45: سعودي | BW45: ذكر | BX45: 0 | BY45: 0 | BZ45: 0 | CA45: =SUM(BX45:BZ45) -> 0 | CB45: 0 | CE45: سعودي | CF45: ذكر | CG45: 0 | CH45: 0 | CI45: 0 | CJ45: =SUM(CG45:CI45) -> 0 | CK45: 0 | CN45: سعودي | CO45: ذكر | CP45: 0 | CQ45: 0 | CR45: 0 | CS45: =SUM(CP45:CR45) -> 0 | CT45: 0 | CW45: سعودي | CX45: ذكر | CY45: 0 | CZ45: 0 | DA45: 0 | DB45: =SUM(CY45:DA45) -> 0 | DC45: 0 | DE45: =CV45 -> 0 | DG45: ذكر | DH45: =D45+M45+V45+AE45+AN45+AW45+BF45+BO45+BX45+CG45+CP45+CY45 -> 0 | DI45: =E45+N45+W45+AF45+AO45+AX45+BG45+BP45+BY45+CH45+CQ45+CZ45 -> 17 | DJ45: =F45+O45+X45+AG45+AP45+AY45+BH45+BQ45+BZ45+CI45+CR45+DA45 -> 572 | DK45: =SUM(DH45:DJ45) -> 589 | DL45: =H45+Q45+Z45+AI45+AR45+BA45+BJ45+BS45+CB45+CK45+CT45+DC45 -> 0
C46: أنثى | D46: 0 | E46: 0 | F46: 0 | G46: =SUM(D46:F46) -> 0 | H46: 0 | L46: أنثى | M46: 0 | N46: 0 | O46: 0 | P46: =SUM(M46:O46) -> 0 | Q46: 0 | U46: أنثى | V46: 0 | W46: 0 | X46: 0 | Y46: =SUM(V46:X46) -> 0 | Z46: 0 | AD46: أنثى | AE46: 0 | AF46: 0 | AG46: 0 | AH46: =SUM(AE46:AG46) -> 0 | AI46: 0 | AM46: أنثى | AN46: 0 | AO46: 0 | AP46: 0 | AQ46: =SUM(AN46:AP46) -> 0 | AR46: 0 | AV46: أنثى | AW46: 0 | AX46: 0 | AY46: 0 | AZ46: =SUM(AW46:AY46) -> 0 | BA46: 0 | BE46: أنثى | BF46: 0 | BG46: 0 | BH46: 0 | BI46: 0 | BJ46: 0 | BN46: أنثى | BO46: 0 | BP46: 0 | BQ46: 0 | BR46: =SUM(BO46:BQ46) -> 0 | BS46: 0 | BW46: أنثى | BX46: 0 | BY46: 0 | BZ46: 0 | CA46: =SUM(BX46:BZ46) -> 0 | CB46: 0 | CF46: أنثى | CG46: 0 | CH46: 0 | CI46: 0 | CJ46: =SUM(CG46:CI46) -> 0 | CK46: 0 | CO46: أنثى | CP46: 0 | CQ46: 0 | CR46: 0 | CS46: =SUM(CP46:CR46) -> 0 | CT46: 0 | CX46: أنثى | CY46: 0 | CZ46: 0 | DA46: 0 | DB46: =SUM(CY46:DA46) -> 0 | DC46: 0 | DF46: سعودي | DG46: أنثى | DH46: =D46+M46+V46+AE46+AN46+AW46+BF46+BO46+BX46+CG46+CP46+CY46 -> 0 | DI46: =E46+N46+W46+AF46+AO46+AX46+BG46+BP46+BY46+CH46+CQ46+CZ46 -> 0 | DJ46: =F46+O46+X46+AG46+AP46+AY46+BH46+BQ46+BZ46+CI46+CR46+DA46 -> 0 | DK46: =SUM(DH46:DJ46) -> 0 | DL46: =H46+Q46+Z46+AI46+AR46+BA46+BJ46+BS46+CB46+CK46+CT46+DC46 -> 0
B47: غير | C47: ذكر | D47: 0 | E47: 0 | F47: 0 | G47: =SUM(D47:F47) -> 0 | H47: 0 | K47: غير | L47: ذكر | M47: 0 | N47: 0 | O47: 0 | P47: =SUM(M47:O47) -> 0 | Q47: 0 | T47: غير | U47: ذكر | V47: 0 | W47: 0 | X47: 0 | Y47: =SUM(V47:X47) -> 0 | Z47: 0 | AC47: غير | AD47: ذكر | AE47: 0 | AF47: 0 | AG47: 0 | AH47: =SUM(AE47:AG47) -> 0 | AI47: 0 | AL47: غير | AM47: ذكر | AN47: 0 | AO47: 0 | AP47: 0 | AQ47: =SUM(AN47:AP47) -> 0 | AR47: 0 | AU47: غير | AV47: ذكر | AW47: 0 | AX47: 0 | AY47: 0 | AZ47: =SUM(AW47:AY47) -> 0 | BA47: 0 | BD47: غير | BE47: ذكر | BF47: 0 | BG47: 0 | BH47: 0 | BI47: 0 | BJ47: 0 | BM47: غير | BN47: ذكر | BO47: 0 | BP47: 0 | BQ47: 0 | BR47: =SUM(BO47:BQ47) -> 0 | BS47: 0 | BV47: غير | BW47: ذكر | BX47: 0 | BY47: 0 | BZ47: 0 | CA47: =SUM(BX47:BZ47) -> 0 | CB47: 0 | CE47: غير | CF47: ذكر | CG47: 0 | CH47: 0 | CI47: 0 | CJ47: =SUM(CG47:CI47) -> 0 | CK47: 0 | CN47: غير | CO47: ذكر | CP47: 0 | CQ47: 0 | CR47: 0 | CS47: =SUM(CP47:CR47) -> 0 | CT47: 0 | CW47: غير | CX47: ذكر | CY47: 0 | CZ47: 0 | DA47: 0 | DB47: =SUM(CY47:DA47) -> 0 | DC47: 0 | DF47: غير | DG47: ذكر | DH47: =D47+M47+V47+AE47+AN47+AW47+BF47+BO47+BX47+CG47+CP47+CY47 -> 0 | DI47: =E47+N47+W47+AF47+AO47+AX47+BG47+BP47+BY47+CH47+CQ47+CZ47 -> 0 | DJ47: =F47+O47+X47+AG47+AP47+AY47+BH47+BQ47+BZ47+CI47+CR47+DA47 -> 0 | DK47: =SUM(DH47:DJ47) -> 0 | DL47: =H47+Q47+Z47+AI47+AR47+BA47+BJ47+BS47+CB47+CK47+CT47+DC47 -> 0
B48: سعودي | C48: أنثى | D48: 0 | E48: 0 | F48: 0 | G48: =SUM(D48:F48) -> 0 | H48: 0 | K48: سعودي | L48: أنثى | M48: 0 | N48: 0 | O48: 0 | P48: =SUM(M48:O48) -> 0 | Q48: 0 | T48: سعودي | U48: أنثى | V48: 0 | W48: 0 | X48: 0 | Y48: =SUM(V48:X48) -> 0 | Z48: 0 | AC48: سعودي | AD48: أنثى | AE48: 0 | AF48: 0 | AG48: 0 | AH48: =SUM(AE48:AG48) -> 0 | AI48: 0 | AL48: سعودي | AM48: أنثى | AN48: 0 | AO48: 0 | AP48: 0 | AQ48: =SUM(AN48:AP48) -> 0 | AR48: 0 | AU48: سعودي | AV48: أنثى | AW48: 0 | AX48: 0 | AY48: 0 | AZ48: =SUM(AW48:AY48) -> 0 | BA48: 0 | BD48: سعودي | BE48: أنثى | BF48: 0 | BG48: 0 | BH48: 0 | BI48: 0 | BJ48: 0 | BM48: سعودي | BN48: أنثى | BO48: 0 | BP48: 0 | BQ48: 0 | BR48: =SUM(BO48:BQ48) -> 0 | BS48: 0 | BV48: سعودي | BW48: أنثى | BX48: 0 | BY48: 0 | BZ48: 0 | CA48: =SUM(BX48:BZ48) -> 0 | CB48: 0 | CE48: سعودي | CF48: أنثى | CG48: 0 | CH48: 0 | CI48: 0 | CJ48: =SUM(CG48:CI48) -> 0 | CK48: 0 | CN48: سعودي | CO48: أنثى | CP48: 0 | CQ48: 0 | CR48: 0 | CS48: =SUM(CP48:CR48) -> 0 | CT48: 0 | CW48: سعودي | CX48: أنثى | CY48: 0 | CZ48: 0 | DA48: 0 | DB48: =SUM(CY48:DA48) -> 0 | DC48: 0 | DF48: سعودي | DG48: أنثى | DH48: =D48+M48+V48+AE48+AN48+AW48+BF48+BO48+BX48+CG48+CP48+CY48 -> 0 | DI48: =E48+N48+W48+AF48+AO48+AX48+BG48+BP48+BY48+CH48+CQ48+CZ48 -> 0 | DJ48: =F48+O48+X48+AG48+AP48+AY48+BH48+BQ48+BZ48+CI48+CR48+DA48 -> 0 | DK48: =SUM(DH48:DJ48) -> 0 | DL48: =H48+Q48+Z48+AI48+AR48+BA48+BJ48+BS48+CB48+CK48+CT48+DC48 -> 0
B49: المجموع | D49: =SUM(D45:D48) -> 0 | E49: =SUM(E45:E48) -> 0 | F49: =SUM(F45:F48) -> 0 | G49: =SUM(G45:G48) -> 0 | H49: =SUM(H45:H48) -> 0 | K49: المجموع | M49: =SUM(M45:M48) -> 0 | N49: =SUM(N45:N48) -> 0 | O49: =SUM(O45:O48) -> 0 | P49: =SUM(P45:P48) -> 0 | Q49: =SUM(Q45:Q48) -> 0 | T49: المجموع | V49: =SUM(V45:V48) -> 0 | W49: =SUM(W45:W48) -> 0 | X49: =SUM(X45:X48) -> 0 | Y49: =SUM(Y45:Y48) -> 0 | Z49: =SUM(Z45:Z48) -> 0 | AC49: المجموع | AE49: =SUM(AE45:AE48) -> 0 | AF49: =SUM(AF45:AF48) -> 0 | AG49: =SUM(AG45:AG48) -> 0 | AH49: =SUM(AH45:AH48) -> 0 | AI49: =SUM(AI45:AI48) -> 0 | AL49: المجموع | AN49: =SUM(AN45:AN48) -> 0 | AO49: =SUM(AO45:AO48) -> 0 | AP49: =SUM(AP45:AP48) -> 0 | AQ49: =SUM(AQ45:AQ48) -> 0 | AR49: =SUM(AR45:AR48) -> 0 | AU49: المجموع | AW49: =SUM(AW45:AW48) -> 0 | AX49: =SUM(AX45:AX48) -> 0 | AY49: =SUM(AY45:AY48) -> 0 | AZ49: =SUM(AZ45:AZ48) -> 0 | BA49: =SUM(BA45:BA48) -> 0 | BD49: المجموع | BF49: 0 | BG49: 0 | BH49: 0 | BI49: 0 | BJ49: =SUM(BJ45:BJ48) -> 0 | BM49: المجموع | BO49: =SUM(BO45:BO48) -> 0 | BP49: =SUM(BP45:BP48) -> 0 | BQ49: =SUM(BQ45:BQ48) -> 0 | BR49: =SUM(BR45:BR48) -> 0 | BS49: =SUM(BS45:BS48) -> 0 | BV49: المجموع | BX49: =SUM(BX45:BX48) -> 0 | BY49: =SUM(BY45:BY48) -> 0 | BZ49: =SUM(BZ45:BZ48) -> 0 | CA49: =SUM(CA45:CA48) -> 0 | CB49: =SUM(CB45:CB48) -> 0 | CE49: المجموع | CG49: =SUM(CG45:CG48) -> 0 | CH49: =SUM(CH45:CH48) -> 0 | CI49: =SUM(CI45:CI48) -> 0 | CJ49: =SUM(CJ45:CJ48) -> 0 | CK49: =SUM(CK45:CK48) -> 0 | CN49: المجموع | CP49: =SUM(CP45:CP48) -> 0 | CQ49: =SUM(CQ45:CQ48) -> 0 | CR49: =SUM(CR45:CR48) -> 0 | CS49: =SUM(CS45:CS48) -> 0 | CT49: =SUM(CT45:CT48) -> 0 | CW49: المجموع | CY49: =SUM(CY45:CY48) -> 0 | CZ49: =SUM(CZ45:CZ48) -> 0 | DA49: =SUM(DA45:DA48) -> 0 | DB49: =SUM(DB45:DB48) -> 0 | DC49: =SUM(DC45:DC48) -> 0 | DF49: المجموع | DH49: =SUM(DH45:DH48) -> 0 | DI49: =SUM(DI45:DI48) -> 17 | DJ49: =SUM(DJ45:DJ48) -> 572 | DK49: =SUM(DK45:DK48) -> 589 | DL49: =SUM(DL45:DL48) -> 0
B50: سعودي | C50: ذكر | D50: 0 | E50: 0 | F50: 0 | G50: =SUM(D50:F50) -> 0 | H50: 0 | K50: سعودي | L50: ذكر | M50: 0 | N50: 0 | O50: 0 | P50: =SUM(M50:O50) -> 0 | Q50: 0 | T50: سعودي | U50: ذكر | V50: 0 | W50: 0 | X50: 0 | Y50: =SUM(V50:X50) -> 0 | Z50: 0 | AC50: سعودي | AD50: ذكر | AE50: 0 | AF50: 0 | AG50: 0 | AH50: =SUM(AE50:AG50) -> 0 | AI50: 0 | AL50: سعودي | AM50: ذكر | AN50: 0 | AO50: 0 | AP50: 0 | AQ50: =SUM(AN50:AP50) -> 0 | AR50: 0 | AU50: سعودي | AV50: ذكر | AW50: 0 | AX50: 0 | AY50: 0 | AZ50: =SUM(AW50:AY50) -> 0 | BA50: 0 | BD50: سعودي | BE50: ذكر | BF50: 0 | BG50: 0 | BH50: 0 | BI50: 0 | BJ50: 0 | BM50: سعودي | BN50: ذكر | BO50: 0 | BP50: 0 | BQ50: 0 | BR50: =SUM(BO50:BQ50) -> 0 | BS50: 0 | BV50: سعودي | BW50: ذكر | BX50: 0 | BY50: 0 | BZ50: 0 | CA50: =SUM(BX50:BZ50) -> 0 | CB50: 0 | CE50: سعودي | CF50: ذكر | CG50: 0 | CH50: 0 | CI50: 0 | CJ50: =SUM(CG50:CI50) -> 0 | CK50: 0 | CN50: سعودي | CO50: ذكر | CP50: 0 | CQ50: 0 | CR50: 0 | CS50: =SUM(CP50:CR50) -> 0 | CT50: 0 | CW50: سعودي | CX50: ذكر | CY50: 0 | CZ50: 0 | DA50: 0 | DB50: =SUM(CY50:DA50) -> 0 | DC50: 0 | DE50: =CV50 -> 0 | DG50: ذكر | DH50: =D50+M50+V50+AE50+AN50+AW50+BF50+BO50+BX50+CG50+CP50+CY50 -> 0 | DI50: =E50+N50+W50+AF50+AO50+AX50+BG50+BP50+BY50+CH50+CQ50+CZ50 -> 0 | DJ50: =F50+O50+X50+AG50+AP50+AY50+BH50+BQ50+BZ50+CI50+CR50+DA50 -> 0 | DK50: =SUM(DH50:DJ50) -> 0 | DL50: =H50+Q50+Z50+AI50+AR50+BA50+BJ50+BS50+CB50+CK50+CT50+DC50 -> 0
C51: أنثى | D51: 0 | E51: 0 | F51: 0 | G51: =SUM(D51:F51) -> 0 | H51: 0 | L51: أنثى | M51: 0 | N51: 0 | O51: 0 | P51: =SUM(M51:O51) -> 0 | Q51: 0 | U51: أنثى | V51: 0 | W51: 0 | X51: 0 | Y51: =SUM(V51:X51) -> 0 | Z51: 0 | AD51: أنثى | AE51: 0 | AF51: 0 | AG51: 0 | AH51: =SUM(AE51:AG51) -> 0 | AI51: 0 | AM51: أنثى | AN51: 0 | AO51: 0 | AP51: 0 | AQ51: =SUM(AN51:AP51) -> 0 | AR51: 0 | AV51: أنثى | AW51: 0 | AX51: 0 | AY51: 0 | AZ51: =SUM(AW51:AY51) -> 0 | BA51: 0 | BE51: أنثى | BF51: 0 | BG51: 0 | BH51: 0 | BI51: 0 | BJ51: 0 | BN51: أنثى | BO51: 0 | BP51: 0 | BQ51: 0 | BR51: =SUM(BO51:BQ51) -> 0 | BS51: 0 | BW51: أنثى | BX51: 0 | BY51: 0 | BZ51: 0 | CA51: =SUM(BX51:BZ51) -> 0 | CB51: 0 | CF51: أنثى | CG51: 0 | CH51: 0 | CI51: 0 | CJ51: =SUM(CG51:CI51) -> 0 | CK51: 0 | CO51: أنثى | CP51: 0 | CQ51: 0 | CR51: 0 | CS51: =SUM(CP51:CR51) -> 0 | CT51: 0 | CX51: أنثى | CY51: 0 | CZ51: 0 | DA51: 0 | DB51: =SUM(CY51:DA51) -> 0 | DC51: 0 | DF51: سعودي | DG51: أنثى | DH51: =D51+M51+V51+AE51+AN51+AW51+BF51+BO51+BX51+CG51+CP51+CY51 -> 0 | DI51: =E51+N51+W51+AF51+AO51+AX51+BG51+BP51+BY51+CH51+CQ51+CZ51 -> 0 | DJ51: =F51+O51+X51+AG51+AP51+AY51+BH51+BQ51+BZ51+CI51+CR51+DA51 -> 0 | DK51: =SUM(DH51:DJ51) -> 0 | DL51: =H51+Q51+Z51+AI51+AR51+BA51+BJ51+BS51+CB51+CK51+CT51+DC51 -> 0
B52: غير | C52: ذكر | D52: 0 | E52: 0 | F52: 0 | G52: =SUM(D52:F52) -> 0 | H52: 0 | K52: غير | L52: ذكر | M52: 0 | N52: 0 | O52: 0 | P52: =SUM(M52:O52) -> 0 | Q52: 0 | T52: غير | U52: ذكر | V52: 0 | W52: 0 | X52: 0 | Y52: =SUM(V52:X52) -> 0 | Z52: 0 | AC52: غير | AD52: ذكر | AE52: 0 | AF52: 0 | AG52: 0 | AH52: =SUM(AE52:AG52) -> 0 | AI52: 0 | AL52: غير | AM52: ذكر | AN52: 0 | AO52: 0 | AP52: 0 | AQ52: =SUM(AN52:AP52) -> 0 | AR52: 0 | AU52: غير | AV52: ذكر | AW52: 0 | AX52: 0 | AY52: 0 | AZ52: =SUM(AW52:AY52) -> 0 | BA52: 0 | BD52: غير | BE52: ذكر | BF52: 0 | BG52: 0 | BH52: 0 | BI52: 0 | BJ52: 0 | BM52: غير | BN52: ذكر | BO52: 0 | BP52: 0 | BQ52: 0 | BR52: =SUM(BO52:BQ52) -> 0 | BS52: 0 | BV52: غير | BW52: ذكر | BX52: 0 | BY52: 0 | BZ52: 0 | CA52: =SUM(BX52:BZ52) -> 0 | CB52: 0 | CE52: غير | CF52: ذكر | CG52: 0 | CH52: 0 | CI52: 0 | CJ52: =SUM(CG52:CI52) -> 0 | CK52: 0 | CN52: غير | CO52: ذكر | CP52: 0 | CQ52: 0 | CR52: 0 | CS52: =SUM(CP52:CR52) -> 0 | CT52: 0 | CW52: غير | CX52: ذكر | CY52: 0 | CZ52: 0 | DA52: 0 | DB52: =SUM(CY52:DA52) -> 0 | DC52: 0 | DF52: غير | DG52: ذكر | DH52: =D52+M52+V52+AE52+AN52+AW52+BF52+BO52+BX52+CG52+CP52+CY52 -> 0 | DI52: =E52+N52+W52+AF52+AO52+AX52+BG52+BP52+BY52+CH52+CQ52+CZ52 -> 0 | DJ52: =F52+O52+X52+AG52+AP52+AY52+BH52+BQ52+BZ52+CI52+CR52+DA52 -> 0 | DK52: =SUM(DH52:DJ52) -> 0 | DL52: =H52+Q52+Z52+AI52+AR52+BA52+BJ52+BS52+CB52+CK52+CT52+DC52 -> 0
B53: سعودي | C53: أنثى | D53: 0 | E53: 0 | F53: 0 | G53: =SUM(D53:F53) -> 0 | H53: 0 | K53: سعودي | L53: أنثى | M53: 0 | N53: 0 | O53: 0 | P53: =SUM(M53:O53) -> 0 | Q53: 0 | T53: سعودي | U53: أنثى | V53: 0 | W53: 0 | X53: 0 | Y53: =SUM(V53:X53) -> 0 | Z53: 0 | AC53: سعودي | AD53: أنثى | AE53: 0 | AF53: 0 | AG53: 0 | AH53: =SUM(AE53:AG53) -> 0 | AI53: 0 | AL53: سعودي | AM53: أنثى | AN53: 0 | AO53: 0 | AP53: 0 | AQ53: =SUM(AN53:AP53) -> 0 | AR53: 0 | AU53: سعودي | AV53: أنثى | AW53: 0 | AX53: 0 | AY53: 0 | AZ53: =SUM(AW53:AY53) -> 0 | BA53: 0 | BD53: سعودي | BE53: أنثى | BF53: 0 | BG53: 0 | BH53: 0 | BI53: 0 | BJ53: 0 | BM53: سعودي | BN53: أنثى | BO53: 0 | BP53: 0 | BQ53: 0 | BR53: =SUM(BO53:BQ53) -> 0 | BS53: 0 | BV53: سعودي | BW53: أنثى | BX53: 0 | BY53: 0 | BZ53: 0 | CA53: =SUM(BX53:BZ53) -> 0 | CB53: 0 | CE53: سعودي | CF53: أنثى | CG53: 0 | CH53: 0 | CI53: 0 | CJ53: =SUM(CG53:CI53) -> 0 | CK53: 0 | CN53: سعودي | CO53: أنثى | CP53: 0 | CQ53: 0 | CR53: 0 | CS53: =SUM(CP53:CR53) -> 0 | CT53: 0 | CW53: سعودي | CX53: أنثى | CY53: 0 | CZ53: 0 | DA53: 0 | DB53: =SUM(CY53:DA53) -> 0 | DC53: 0 | DF53: سعودي | DG53: أنثى | DH53: =D53+M53+V53+AE53+AN53+AW53+BF53+BO53+BX53+CG53+CP53+CY53 -> 0 | DI53: =E53+N53+W53+AF53+AO53+AX53+BG53+BP53+BY53+CH53+CQ53+CZ53 -> 0 | DJ53: =F53+O53+X53+AG53+AP53+AY53+BH53+BQ53+BZ53+CI53+CR53+DA53 -> 0 | DK53: =SUM(DH53:DJ53) -> 0 | DL53: =H53+Q53+Z53+AI53+AR53+BA53+BJ53+BS53+CB53+CK53+CT53+DC53 -> 0
B54: المجموع | D54: =SUM(D50:D53) -> 0 | E54: =SUM(E50:E53) -> 0 | F54: =SUM(F50:F53) -> 0 | G54: =SUM(G50:G53) -> 0 | H54: =SUM(H50:H53) -> 0 | K54: المجموع | M54: =SUM(M50:M53) -> 0 | N54: =SUM(N50:N53) -> 0 | O54: =SUM(O50:O53) -> 0 | P54: =SUM(P50:P53) -> 0 | Q54: =SUM(Q50:Q53) -> 0 | T54: المجموع | V54: =SUM(V50:V53) -> 0 | W54: =SUM(W50:W53) -> 0 | X54: =SUM(X50:X53) -> 0 | Y54: =SUM(Y50:Y53) -> 0 | Z54: =SUM(Z50:Z53) -> 0 | AC54: المجموع | AE54: =SUM(AE50:AE53) -> 0 | AF54: =SUM(AF50:AF53) -> 0 | AG54: =SUM(AG50:AG53) -> 0 | AH54: =SUM(AH50:AH53) -> 0 | AI54: =SUM(AI50:AI53) -> 0 | AL54: المجموع | AN54: =SUM(AN50:AN53) -> 0 | AO54: =SUM(AO50:AO53) -> 0 | AP54: =SUM(AP50:AP53) -> 0 | AQ54: =SUM(AQ50:AQ53) -> 0 | AR54: =SUM(AR50:AR53) -> 0 | AU54: المجموع | AW54: =SUM(AW50:AW53) -> 0 | AX54: =SUM(AX50:AX53) -> 0 | AY54: =SUM(AY50:AY53) -> 0 | AZ54: =SUM(AZ50:AZ53) -> 0 | BA54: =SUM(BA50:BA53) -> 0 | BD54: المجموع | BF54: 0 | BG54: 0 | BH54: 0 | BI54: 0 | BJ54: =SUM(BJ50:BJ53) -> 0 | BM54: المجموع | BO54: =SUM(BO50:BO53) -> 0 | BP54: =SUM(BP50:BP53) -> 0 | BQ54: =SUM(BQ50:BQ53) -> 0 | BR54: =SUM(BR50:BR53) -> 0 | BS54: =SUM(BS50:BS53) -> 0 | BV54: المجموع | BX54: =SUM(BX50:BX53) -> 0 | BY54: =SUM(BY50:BY53) -> 0 | BZ54: =SUM(BZ50:BZ53) -> 0 | CA54: =SUM(CA50:CA53) -> 0 | CB54: =SUM(CB50:CB53) -> 0 | CE54: المجموع | CG54: =SUM(CG50:CG53) -> 0 | CH54: =SUM(CH50:CH53) -> 0 | CI54: =SUM(CI50:CI53) -> 0 | CJ54: =SUM(CJ50:CJ53) -> 0 | CK54: =SUM(CK50:CK53) -> 0 | CN54: المجموع | CP54: =SUM(CP50:CP53) -> 0 | CQ54: =SUM(CQ50:CQ53) -> 0 | CR54: =SUM(CR50:CR53) -> 0 | CS54: =SUM(CS50:CS53) -> 0 | CT54: =SUM(CT50:CT53) -> 0 | CW54: المجموع | CY54: =SUM(CY50:CY53) -> 0 | CZ54: =SUM(CZ50:CZ53) -> 0 | DA54: =SUM(DA50:DA53) -> 0 | DB54: =SUM(DB50:DB53) -> 0 | DC54: =SUM(DC50:DC53) -> 0 | DF54: المجموع | DH54: =SUM(DH50:DH53) -> 0 | DI54: =SUM(DI50:DI53) -> 0 | DJ54: =SUM(DJ50:DJ53) -> 0 | DK54: =SUM(DK50:DK53) -> 0 | DL54: =SUM(DL50:DL53) -> 0
B55: سعودي | C55: ذكر | D55: 0 | E55: 0 | F55: 0 | G55: =SUM(D55:F55) -> 0 | H55: 0 | K55: سعودي | L55: ذكر | M55: 0 | N55: 0 | O55: 0 | P55: =SUM(M55:O55) -> 0 | Q55: 0 | T55: سعودي | U55: ذكر | V55: 0 | W55: 0 | X55: 0 | Y55: =SUM(V55:X55) -> 0 | Z55: 0 | AC55: سعودي | AD55: ذكر | AE55: 0 | AF55: 0 | AG55: 0 | AH55: =SUM(AE55:AG55) -> 0 | AI55: 0 | AL55: سعودي | AM55: ذكر | AN55: 0 | AO55: 0 | AP55: 0 | AQ55: =SUM(AN55:AP55) -> 0 | AR55: 0 | AU55: سعودي | AV55: ذكر | AW55: 0 | AX55: 0 | AY55: 0 | AZ55: =SUM(AW55:AY55) -> 0 | BA55: 0 | BD55: سعودي | BE55: ذكر | BF55: 0 | BG55: 0 | BH55: 0 | BI55: 0 | BJ55: 0 | BM55: سعودي | BN55: ذكر | BO55: 0 | BP55: 0 | BQ55: 0 | BR55: =SUM(BO55:BQ55) -> 0 | BS55: 0 | BV55: سعودي | BW55: ذكر | BX55: 0 | BY55: 0 | BZ55: 0 | CA55: =SUM(BX55:BZ55) -> 0 | CB55: 0 | CE55: سعودي | CF55: ذكر | CG55: 0 | CH55: 0 | CI55: 0 | CJ55: =SUM(CG55:CI55) -> 0 | CK55: 0 | CN55: سعودي | CO55: ذكر | CP55: 0 | CQ55: 0 | CR55: 0 | CS55: =SUM(CP55:CR55) -> 0 | CT55: 0 | CW55: سعودي | CX55: ذكر | CY55: 0 | CZ55: 0 | DA55: 0 | DB55: =SUM(CY55:DA55) -> 0 | DC55: 0 | DE55: =CV55 -> 0 | DG55: ذكر | DH55: =D55+M55+V55+AE55+AN55+AW55+BF55+BO55+BX55+CG55+CP55+CY55 -> 0 | DI55: =E55+N55+W55+AF55+AO55+AX55+BG55+BP55+BY55+CH55+CQ55+CZ55 -> 0 | DJ55: =F55+O55+X55+AG55+AP55+AY55+BH55+BQ55+BZ55+CI55+CR55+DA55 -> 0 | DK55: =SUM(DH55:DJ55) -> 0 | DL55: =H55+Q55+Z55+AI55+AR55+BA55+BJ55+BS55+CB55+CK55+CT55+DC55 -> 0
C56: أنثى | D56: 0 | E56: 0 | F56: 0 | G56: =SUM(D56:F56) -> 0 | H56: 0 | L56: أنثى | M56: 0 | N56: 0 | O56: 0 | P56: =SUM(M56:O56) -> 0 | Q56: 0 | U56: أنثى | V56: 0 | W56: 0 | X56: 0 | Y56: =SUM(V56:X56) -> 0 | Z56: 0 | AD56: أنثى | AE56: 0 | AF56: 0 | AG56: 0 | AH56: =SUM(AE56:AG56) -> 0 | AI56: 0 | AM56: أنثى | AN56: 0 | AO56: 0 | AP56: 0 | AQ56: =SUM(AN56:AP56) -> 0 | AR56: 0 | AV56: أنثى | AW56: 0 | AX56: 0 | AY56: 0 | AZ56: =SUM(AW56:AY56) -> 0 | BA56: 0 | BE56: أنثى | BF56: 0 | BG56: 0 | BH56: 0 | BI56: 0 | BJ56: 0 | BN56: أنثى | BO56: 0 | BP56: 0 | BQ56: 0 | BR56: =SUM(BO56:BQ56) -> 0 | BS56: 0 | BW56: أنثى | BX56: 0 | BY56: 0 | BZ56: 0 | CA56: =SUM(BX56:BZ56) -> 0 | CB56: 0 | CF56: أنثى | CG56: 0 | CH56: 0 | CI56: 0 | CJ56: =SUM(CG56:CI56) -> 0 | CK56: 0 | CO56: أنثى | CP56: 0 | CQ56: 0 | CR56: 0 | CS56: =SUM(CP56:CR56) -> 0 | CT56: 0 | CX56: أنثى | CY56: 0 | CZ56: 0 | DA56: 0 | DB56: =SUM(CY56:DA56) -> 0 | DC56: 0 | DF56: سعودي | DG56: أنثى | DH56: =D56+M56+V56+AE56+AN56+AW56+BF56+BO56+BX56+CG56+CP56+CY56 -> 0 | DI56: =E56+N56+W56+AF56+AO56+AX56+BG56+BP56+BY56+CH56+CQ56+CZ56 -> 0 | DJ56: =F56+O56+X56+AG56+AP56+AY56+BH56+BQ56+BZ56+CI56+CR56+DA56 -> 0 | DK56: =SUM(DH56:DJ56) -> 0 | DL56: =H56+Q56+Z56+AI56+AR56+BA56+BJ56+BS56+CB56+CK56+CT56+DC56 -> 0
B57: غير | C57: ذكر | D57: 0 | E57: 0 | F57: 0 | G57: =SUM(D57:F57) -> 0 | H57: 0 | K57: غير | L57: ذكر | M57: 0 | N57: 0 | O57: 0 | P57: =SUM(M57:O57) -> 0 | Q57: 0 | T57: غير | U57: ذكر | V57: 0 | W57: 0 | X57: 0 | Y57: =SUM(V57:X57) -> 0 | Z57: 0 | AC57: غير | AD57: ذكر | AE57: 0 | AF57: 0 | AG57: 0 | AH57: =SUM(AE57:AG57) -> 0 | AI57: 0 | AL57: غير | AM57: ذكر | AN57: 0 | AO57: 0 | AP57: 0 | AQ57: =SUM(AN57:AP57) -> 0 | AR57: 0 | AU57: غير | AV57: ذكر | AW57: 0 | AX57: 0 | AY57: 0 | AZ57: =SUM(AW57:AY57) -> 0 | BA57: 0 | BD57: غير | BE57: ذكر | BF57: 0 | BG57: 0 | BH57: 0 | BI57: 0 | BJ57: 0 | BM57: غير | BN57: ذكر | BO57: 0 | BP57: 0 | BQ57: 0 | BR57: =SUM(BO57:BQ57) -> 0 | BS57: 0 | BV57: غير | BW57: ذكر | BX57: 0 | BY57: 0 | BZ57: 0 | CA57: =SUM(BX57:BZ57) -> 0 | CB57: 0 | CE57: غير | CF57: ذكر | CG57: 0 | CH57: 0 | CI57: 0 | CJ57: =SUM(CG57:CI57) -> 0 | CK57: 0 | CN57: غير | CO57: ذكر | CP57: 0 | CQ57: 0 | CR57: 0 | CS57: =SUM(CP57:CR57) -> 0 | CT57: 0 | CW57: غير | CX57: ذكر | CY57: 0 | CZ57: 0 | DA57: 0 | DB57: =SUM(CY57:DA57) -> 0 | DC57: 0 | DF57: غير | DG57: ذكر | DH57: =D57+M57+V57+AE57+AN57+AW57+BF57+BO57+BX57+CG57+CP57+CY57 -> 0 | DI57: =E57+N57+W57+AF57+AO57+AX57+BG57+BP57+BY57+CH57+CQ57+CZ57 -> 0 | DJ57: =F57+O57+X57+AG57+AP57+AY57+BH57+BQ57+BZ57+CI57+CR57+DA57 -> 0 | DK57: =SUM(DH57:DJ57) -> 0 | DL57: =H57+Q57+Z57+AI57+AR57+BA57+BJ57+BS57+CB57+CK57+CT57+DC57 -> 0
B58: سعودي | C58: أنثى | D58: 0 | E58: 0 | F58: 0 | G58: =SUM(D58:F58) -> 0 | H58: 0 | K58: سعودي | L58: أنثى | M58: 0 | N58: 0 | O58: 0 | P58: =SUM(M58:O58) -> 0 | Q58: 0 | T58: سعودي | U58: أنثى | V58: 0 | W58: 0 | X58: 0 | Y58: =SUM(V58:X58) -> 0 | Z58: 0 | AC58: سعودي | AD58: أنثى | AE58: 0 | AF58: 0 | AG58: 0 | AH58: =SUM(AE58:AG58) -> 0 | AI58: 0 | AL58: سعودي | AM58: أنثى | AN58: 0 | AO58: 0 | AP58: 0 | AQ58: =SUM(AN58:AP58) -> 0 | AR58: 0 | AU58: سعودي | AV58: أنثى | AW58: 0 | AX58: 0 | AY58: 0 | AZ58: =SUM(AW58:AY58) -> 0 | BA58: 0 | BD58: سعودي | BE58: أنثى | BF58: 0 | BG58: 0 | BH58: 0 | BI58: 0 | BJ58: 0 | BM58: سعودي | BN58: أنثى | BO58: 0 | BP58: 0 | BQ58: 0 | BR58: =SUM(BO58:BQ58) -> 0 | BS58: 0 | BV58: سعودي | BW58: أنثى | BX58: 0 | BY58: 0 | BZ58: 0 | CA58: =SUM(BX58:BZ58) -> 0 | CB58: 0 | CE58: سعودي | CF58: أنثى | CG58: 0 | CH58: 0 | CI58: 0 | CJ58: =SUM(CG58:CI58) -> 0 | CK58: 0 | CN58: سعودي | CO58: أنثى | CP58: 0 | CQ58: 0 | CR58: 0 | CS58: =SUM(CP58:CR58) -> 0 | CT58: 0 | CW58: سعودي | CX58: أنثى | CY58: 0 | CZ58: 0 | DA58: 0 | DB58: =SUM(CY58:DA58) -> 0 | DC58: 0 | DF58: سعودي | DG58: أنثى | DH58: =D58+M58+V58+AE58+AN58+AW58+BF58+BO58+BX58+CG58+CP58+CY58 -> 0 | DI58: =E58+N58+W58+AF58+AO58+AX58+BG58+BP58+BY58+CH58+CQ58+CZ58 -> 0 | DJ58: =F58+O58+X58+AG58+AP58+AY58+BH58+BQ58+BZ58+CI58+CR58+DA58 -> 0 | DK58: =SUM(DH58:DJ58) -> 0 | DL58: =H58+Q58+Z58+AI58+AR58+BA58+BJ58+BS58+CB58+CK58+CT58+DC58 -> 0
B59: المجموع | D59: =SUM(D55:D58) -> 0 | E59: =SUM(E55:E58) -> 0 | F59: =SUM(F55:F58) -> 0 | G59: =SUM(G55:G58) -> 0 | H59: =SUM(H55:H58) -> 0 | K59: المجموع | M59: =SUM(M55:M58) -> 0 | N59: =SUM(N55:N58) -> 0 | O59: =SUM(O55:O58) -> 0 | P59: =SUM(P55:P58) -> 0 | Q59: =SUM(Q55:Q58) -> 0 | T59: المجموع | V59: =SUM(V55:V58) -> 0 | W59: =SUM(W55:W58) -> 0 | X59: =SUM(X55:X58) -> 0 | Y59: =SUM(Y55:Y58) -> 0 | Z59: =SUM(Z55:Z58) -> 0 | AC59: المجموع | AE59: =SUM(AE55:AE58) -> 0 | AF59: =SUM(AF55:AF58) -> 0 | AG59: =SUM(AG55:AG58) -> 0 | AH59: =SUM(AH55:AH58) -> 0 | AI59: =SUM(AI55:AI58) -> 0 | AL59: المجموع | AN59: =SUM(AN55:AN58) -> 0 | AO59: =SUM(AO55:AO58) -> 0 | AP59: =SUM(AP55:AP58) -> 0 | AQ59: =SUM(AQ55:AQ58) -> 0 | AR59: =SUM(AR55:AR58) -> 0 | AU59: المجموع | AW59: =SUM(AW55:AW58) -> 0 | AX59: =SUM(AX55:AX58) -> 0 | AY59: =SUM(AY55:AY58) -> 0 | AZ59: =SUM(AZ55:AZ58) -> 0 | BA59: =SUM(BA55:BA58) -> 0 | BD59: المجموع | BF59: =SUM(BF55:BF58) -> 0 | BG59: =SUM(BG55:BG58) -> 0 | BH59: =SUM(BH55:BH58) -> 0 | BI59: =SUM(BI55:BI58) -> 0 | BJ59: =SUM(BJ55:BJ58) -> 0 | BM59: المجموع | BO59: =SUM(BO55:BO58) -> 0 | BP59: =SUM(BP55:BP58) -> 0 | BQ59: =SUM(BQ55:BQ58) -> 0 | BR59: =SUM(BR55:BR58) -> 0 | BS59: =SUM(BS55:BS58) -> 0 | BV59: المجموع | BX59: =SUM(BX55:BX58) -> 0 | BY59: =SUM(BY55:BY58) -> 0 | BZ59: =SUM(BZ55:BZ58) -> 0 | CA59: =SUM(CA55:CA58) -> 0 | CB59: =SUM(CB55:CB58) -> 0 | CE59: المجموع | CG59: =SUM(CG55:CG58) -> 0 | CH59: =SUM(CH55:CH58) -> 0 | CI59: =SUM(CI55:CI58) -> 0 | CJ59: =SUM(CJ55:CJ58) -> 0 | CK59: =SUM(CK55:CK58) -> 0 | CN59: المجموع | CP59: =SUM(CP55:CP58) -> 0 | CQ59: =SUM(CQ55:CQ58) -> 0 | CR59: =SUM(CR55:CR58) -> 0 | CS59: =SUM(CS55:CS58) -> 0 | CT59: =SUM(CT55:CT58) -> 0 | CW59: المجموع | CY59: =SUM(CY55:CY58) -> 0 | CZ59: =SUM(CZ55:CZ58) -> 0 | DA59: =SUM(DA55:DA58) -> 0 | DB59: =SUM(DB55:DB58) -> 0 | DC59: =SUM(DC55:DC58) -> 0 | DF59: المجموع | DH59: =SUM(DH55:DH58) -> 0 | DI59: =SUM(DI55:DI58) -> 0 | DJ59: =SUM(DJ55:DJ58) -> 0 | DK59: =SUM(DK55:DK58) -> 0 | DL59: =SUM(DL55:DL58) -> 0
B60: سعودي | C60: ذكر | D60: 0 | E60: 0 | F60: 0 | G60: =SUM(D60:F60) -> 0 | H60: 0 | K60: سعودي | L60: ذكر | M60: 0 | N60: 0 | O60: 0 | P60: =SUM(M60:O60) -> 0 | Q60: 0 | T60: سعودي | U60: ذكر | V60: 0 | W60: 0 | X60: 0 | Y60: =SUM(V60:X60) -> 0 | Z60: 0 | AC60: سعودي | AD60: ذكر | AE60: 0 | AF60: 0 | AG60: 0 | AH60: =SUM(AE60:AG60) -> 0 | AI60: 0 | AL60: سعودي | AM60: ذكر | AN60: 0 | AO60: 0 | AP60: 0 | AQ60: =SUM(AN60:AP60) -> 0 | AR60: 0 | AU60: سعودي | AV60: ذكر | AW60: 0 | AX60: 0 | AY60: 0 | AZ60: =SUM(AW60:AY60) -> 0 | BA60: 0 | BD60: سعودي | BE60: ذكر | BF60: 0 | BG60: 0 | BH60: 0 | BI60: =SUM(BF60:BH60) -> 0 | BJ60: 0 | BM60: سعودي | BN60: ذكر | BO60: 0 | BP60: 0 | BQ60: 0 | BR60: =SUM(BO60:BQ60) -> 0 | BS60: 0 | BV60: سعودي | BW60: ذكر | BX60: 0 | BY60: 0 | BZ60: 0 | CA60: =SUM(BX60:BZ60) -> 0 | CB60: 0 | CE60: سعودي | CF60: ذكر | CG60: 0 | CH60: 0 | CI60: 0 | CJ60: =SUM(CG60:CI60) -> 0 | CK60: 0 | CN60: سعودي | CO60: ذكر | CP60: 0 | CQ60: 0 | CR60: 0 | CS60: =SUM(CP60:CR60) -> 0 | CT60: 0 | CW60: سعودي | CX60: ذكر | CY60: 0 | CZ60: 0 | DA60: 0 | DB60: =SUM(CY60:DA60) -> 0 | DC60: 0 | DE60: =CV60 -> 0 | DG60: ذكر | DH60: =D60+M60+V60+AE60+AN60+AW60+BF60+BO60+BX60+CG60+CP60+CY60 -> 0 | DI60: =E60+N60+W60+AF60+AO60+AX60+BG60+BP60+BY60+CH60+CQ60+CZ60 -> 0 | DJ60: =F60+O60+X60+AG60+AP60+AY60+BH60+BQ60+BZ60+CI60+CR60+DA60 -> 0 | DK60: =SUM(DH60:DJ60) -> 0 | DL60: =H60+Q60+Z60+AI60+AR60+BA60+BJ60+BS60+CB60+CK60+CT60+DC60 -> 0
C61: أنثى | D61: 0 | E61: 0 | F61: 0 | G61: =SUM(D61:F61) -> 0 | H61: 0 | L61: أنثى | M61: 0 | N61: 0 | O61: 0 | P61: =SUM(M61:O61) -> 0 | Q61: 0 | U61: أنثى | V61: 0 | W61: 0 | X61: 0 | Y61: =SUM(V61:X61) -> 0 | Z61: 0 | AD61: أنثى | AE61: 0 | AF61: 0 | AG61: 0 | AH61: =SUM(AE61:AG61) -> 0 | AI61: 0 | AM61: أنثى | AN61: 0 | AO61: 0 | AP61: 0 | AQ61: =SUM(AN61:AP61) -> 0 | AR61: 0 | AV61: أنثى | AW61: 0 | AX61: 0 | AY61: 0 | AZ61: =SUM(AW61:AY61) -> 0 | BA61: 0 | BE61: أنثى | BF61: 0 | BG61: 0 | BH61: 0 | BI61: =SUM(BF61:BH61) -> 0 | BJ61: 0 | BN61: أنثى | BO61: 0 | BP61: 0 | BQ61: 0 | BR61: =SUM(BO61:BQ61) -> 0 | BS61: 0 | BW61: أنثى | BX61: 0 | BY61: 0 | BZ61: 0 | CA61: =SUM(BX61:BZ61) -> 0 | CB61: 0 | CF61: أنثى | CG61: 0 | CH61: 0 | CI61: 0 | CJ61: =SUM(CG61:CI61) -> 0 | CK61: 0 | CO61: أنثى | CP61: 0 | CQ61: 0 | CR61: 0 | CS61: =SUM(CP61:CR61) -> 0 | CT61: 0 | CX61: أنثى | CY61: 0 | CZ61: 0 | DA61: 0 | DB61: =SUM(CY61:DA61) -> 0 | DC61: 0 | DF61: سعودي | DG61: أنثى | DH61: =D61+M61+V61+AE61+AN61+AW61+BF61+BO61+BX61+CG61+CP61+CY61 -> 0 | DI61: =E61+N61+W61+AF61+AO61+AX61+BG61+BP61+BY61+CH61+CQ61+CZ61 -> 0 | DJ61: =F61+O61+X61+AG61+AP61+AY61+BH61+BQ61+BZ61+CI61+CR61+DA61 -> 0 | DK61: =SUM(DH61:DJ61) -> 0 | DL61: =H61+Q61+Z61+AI61+AR61+BA61+BJ61+BS61+CB61+CK61+CT61+DC61 -> 0
B62: غير | C62: ذكر | D62: 0 | E62: 0 | F62: 0 | G62: =SUM(D62:F62) -> 0 | H62: 0 | K62: غير | L62: ذكر | M62: 0 | N62: 0 | O62: 0 | P62: =SUM(M62:O62) -> 0 | Q62: 0 | T62: غير | U62: ذكر | V62: 0 | W62: 0 | X62: 0 | Y62: =SUM(V62:X62) -> 0 | Z62: 0 | AC62: غير | AD62: ذكر | AE62: 0 | AF62: 0 | AG62: 0 | AH62: =SUM(AE62:AG62) -> 0 | AI62: 0 | AL62: غير | AM62: ذكر | AN62: 0 | AO62: 0 | AP62: 0 | AQ62: =SUM(AN62:AP62) -> 0 | AR62: 0 | AU62: غير | AV62: ذكر | AW62: 0 | AX62: 0 | AY62: 0 | AZ62: =SUM(AW62:AY62) -> 0 | BA62: 0 | BD62: غير | BE62: ذكر | BF62: 0 | BG62: 0 | BH62: 0 | BI62: =SUM(BF62:BH62) -> 0 | BJ62: 0 | BM62: غير | BN62: ذكر | BO62: 0 | BP62: 0 | BQ62: 0 | BR62: =SUM(BO62:BQ62) -> 0 | BS62: 0 | BV62: غير | BW62: ذكر | BX62: 0 | BY62: 0 | BZ62: 0 | CA62: =SUM(BX62:BZ62) -> 0 | CB62: 0 | CE62: غير | CF62: ذكر | CG62: 0 | CH62: 0 | CI62: 0 | CJ62: =SUM(CG62:CI62) -> 0 | CK62: 0 | CN62: غير | CO62: ذكر | CP62: 0 | CQ62: 0 | CR62: 0 | CS62: =SUM(CP62:CR62) -> 0 | CT62: 0 | CW62: غير | CX62: ذكر | CY62: 0 | CZ62: 0 | DA62: 0 | DB62: =SUM(CY62:DA62) -> 0 | DC62: 0 | DF62: غير | DG62: ذكر | DH62: =D62+M62+V62+AE62+AN62+AW62+BF62+BO62+BX62+CG62+CP62+CY62 -> 0 | DI62: =E62+N62+W62+AF62+AO62+AX62+BG62+BP62+BY62+CH62+CQ62+CZ62 -> 0 | DJ62: =F62+O62+X62+AG62+AP62+AY62+BH62+BQ62+BZ62+CI62+CR62+DA62 -> 0 | DK62: =SUM(DH62:DJ62) -> 0 | DL62: =H62+Q62+Z62+AI62+AR62+BA62+BJ62+BS62+CB62+CK62+CT62+DC62 -> 0
B63: سعودي | C63: أنثى | D63: 0 | E63: 0 | F63: 0 | G63: =SUM(D63:F63) -> 0 | H63: 0 | K63: سعودي | L63: أنثى | M63: 0 | N63: 0 | O63: 0 | P63: =SUM(M63:O63) -> 0 | Q63: 0 | T63: سعودي | U63: أنثى | V63: 0 | W63: 0 | X63: 0 | Y63: =SUM(V63:X63) -> 0 | Z63: 0 | AC63: سعودي | AD63: أنثى | AE63: 0 | AF63: 0 | AG63: 0 | AH63: =SUM(AE63:AG63) -> 0 | AI63: 0 | AL63: سعودي | AM63: أنثى | AN63: 0 | AO63: 0 | AP63: 0 | AQ63: =SUM(AN63:AP63) -> 0 | AR63: 0 | AU63: سعودي | AV63: أنثى | AW63: 0 | AX63: 0 | AY63: 0 | AZ63: =SUM(AW63:AY63) -> 0 | BA63: 0 | BD63: سعودي | BE63: أنثى | BF63: 0 | BG63: 0 | BH63: 0 | BI63: =SUM(BF63:BH63) -> 0 | BJ63: 0 | BM63: سعودي | BN63: أنثى | BO63: 0 | BP63: 0 | BQ63: 0 | BR63: =SUM(BO63:BQ63) -> 0 | BS63: 0 | BV63: سعودي | BW63: أنثى | BX63: 0 | BY63: 0 | BZ63: 0 | CA63: =SUM(BX63:BZ63) -> 0 | CB63: 0 | CE63: سعودي | CF63: أنثى | CG63: 0 | CH63: 0 | CI63: 0 | CJ63: =SUM(CG63:CI63) -> 0 | CK63: 0 | CN63: سعودي | CO63: أنثى | CP63: 0 | CQ63: 0 | CR63: 0 | CS63: =SUM(CP63:CR63) -> 0 | CT63: 0 | CW63: سعودي | CX63: أنثى | CY63: 0 | CZ63: 0 | DA63: 0 | DB63: =SUM(CY63:DA63) -> 0 | DC63: 0 | DF63: سعودي | DG63: أنثى | DH63: =D63+M63+V63+AE63+AN63+AW63+BF63+BO63+BX63+CG63+CP63+CY63 -> 0 | DI63: =E63+N63+W63+AF63+AO63+AX63+BG63+BP63+BY63+CH63+CQ63+CZ63 -> 0 | DJ63: =F63+O63+X63+AG63+AP63+AY63+BH63+BQ63+BZ63+CI63+CR63+DA63 -> 0 | DK63: =SUM(DH63:DJ63) -> 0 | DL63: =H63+Q63+Z63+AI63+AR63+BA63+BJ63+BS63+CB63+CK63+CT63+DC63 -> 0
B64: المجموع | D64: =SUM(D60:D63) -> 0 | E64: =SUM(E60:E63) -> 0 | F64: =SUM(F60:F63) -> 0 | G64: =SUM(G60:G63) -> 0 | H64: =SUM(H60:H63) -> 0 | K64: المجموع | M64: =SUM(M60:M63) -> 0 | N64: =SUM(N60:N63) -> 0 | O64: =SUM(O60:O63) -> 0 | P64: =SUM(P60:P63) -> 0 | Q64: =SUM(Q60:Q63) -> 0 | T64: المجموع | V64: =SUM(V60:V63) -> 0 | W64: =SUM(W60:W63) -> 0 | X64: =SUM(X60:X63) -> 0 | Y64: =SUM(Y60:Y63) -> 0 | Z64: =SUM(Z60:Z63) -> 0 | AC64: المجموع | AE64: =SUM(AE60:AE63) -> 0 | AF64: =SUM(AF60:AF63) -> 0 | AG64: =SUM(AG60:AG63) -> 0 | AH64: =SUM(AH60:AH63) -> 0 | AI64: =SUM(AI60:AI63) -> 0 | AL64: المجموع | AN64: =SUM(AN60:AN63) -> 0 | AO64: =SUM(AO60:AO63) -> 0 | AP64: =SUM(AP60:AP63) -> 0 | AQ64: =SUM(AQ60:AQ63) -> 0 | AR64: =SUM(AR60:AR63) -> 0 | AU64: المجموع | AW64: =SUM(AW60:AW63) -> 0 | AX64: =SUM(AX60:AX63) -> 0 | AY64: =SUM(AY60:AY63) -> 0 | AZ64: =SUM(AZ60:AZ63) -> 0 | BA64: =SUM(BA60:BA63) -> 0 | BD64: المجموع | BF64: =SUM(BF60:BF63) -> 0 | BG64: =SUM(BG60:BG63) -> 0 | BH64: =SUM(BH60:BH63) -> 0 | BI64: =SUM(BI60:BI63) -> 0 | BJ64: =SUM(BJ60:BJ63) -> 0 | BM64: المجموع | BO64: =SUM(BO60:BO63) -> 0 | BP64: =SUM(BP60:BP63) -> 0 | BQ64: =SUM(BQ60:BQ63) -> 0 | BR64: =SUM(BR60:BR63) -> 0 | BS64: =SUM(BS60:BS63) -> 0 | BV64: المجموع | BX64: =SUM(BX60:BX63) -> 0 | BY64: =SUM(BY60:BY63) -> 0 | BZ64: =SUM(BZ60:BZ63) -> 0 | CA64: =SUM(CA60:CA63) -> 0 | CB64: =SUM(CB60:CB63) -> 0 | CE64: المجموع | CG64: =SUM(CG60:CG63) -> 0 | CH64: =SUM(CH60:CH63) -> 0 | CI64: =SUM(CI60:CI63) -> 0 | CJ64: =SUM(CJ60:CJ63) -> 0 | CK64: =SUM(CK60:CK63) -> 0 | CN64: المجموع | CP64: =SUM(CP60:CP63) -> 0 | CQ64: =SUM(CQ60:CQ63) -> 0 | CR64: =SUM(CR60:CR63) -> 0 | CS64: =SUM(CS60:CS63) -> 0 | CT64: =SUM(CT60:CT63) -> 0 | CW64: المجموع | CY64: =SUM(CY60:CY63) -> 0 | CZ64: =SUM(CZ60:CZ63) -> 0 | DA64: =SUM(DA60:DA63) -> 0 | DB64: =SUM(DB60:DB63) -> 0 | DC64: =SUM(DC60:DC63) -> 0 | DF64: المجموع | DH64: =SUM(DH60:DH63) -> 0 | DI64: =SUM(DI60:DI63) -> 0 | DJ64: =SUM(DJ60:DJ63) -> 0 | DK64: =SUM(DK60:DK63) -> 0 | DL64: =SUM(DL60:DL63) -> 0
A66: إجمالي مراكز شرق جدة | D66: شهر | E66: =SUM(E2) -> 1 | F66: =SUM(F2) -> 1447 | G66: الإحالات والردود الراجعة | J66: إجمالي مراكز شرق جدة | M66: شهر | N66: =SUM(N2) -> 2 | O66: =SUM(O2) -> 1447 | P66: الإحالات والردود الراجعة | S66: إجمالي مراكز شرق جدة | V66: شهر | W66: =SUM(W2) -> 3 | X66: =SUM(X2) -> 1447 | Y66: الإحالات والردود الراجعة | AB66: إجمالي مراكز شرق جدة | AE66: شهر | AF66: =SUM(AF2) -> 4 | AG66: =SUM(AG2) -> 1447 | AH66: الإحالات والردود الراجعة | AK66: إجمالي مراكز شرق جدة | AN66: شهر | AO66: =SUM(AO2) -> 5 | AP66: =SUM(AP2) -> 1447 | AQ66: الإحالات والردود الراجعة | AT66: إجمالي مراكز شرق جدة | AW66: شهر | AX66: =SUM(AX2) -> 6 | AY66: =SUM(AY2) -> 1447 | AZ66: الإحالات والردود الراجعة | BC66: إجمالي مراكز شرق جدة | BF66: شهر | BG66: =SUM(BG2) -> 7 | BH66: =SUM(BH2) -> 1447 | BI66: الإحالات والردود الراجعة | BL66: إجمالي مراكز شرق جدة | BO66: شهر | BP66: =SUM(BP2) -> 8 | BQ66: =SUM(BQ2) -> 1447 | BR66: الإحالات والردود الراجعة | BU66: إجمالي مراكز شرق جدة | BX66: شهر | BY66: =SUM(BY2) -> 9 | BZ66: =SUM(BZ2) -> 1447 | CA66: الإحالات والردود الراجعة | CD66: إجمالي مراكز شرق جدة | CG66: شهر | CH66: =SUM(CH2) -> 10 | CI66: =SUM(CI2) -> 1447 | CJ66: الإحالات والردود الراجعة | CM66: إجمالي مراكز شرق جدة | CP66: شهر | CQ66: =SUM(CQ2) -> 11 | CR66: =SUM(CR2) -> 1447 | CS66: الإحالات والردود الراجعة | CV66: إجمالي مراكز شرق جدة | CY66: شهر | CZ66: =SUM(CZ2) -> 12 | DA66: =SUM(DA2) -> 1447 | DB66: الإحالات والردود الراجعة | DE66: إجمالي مراكز شرق جدة | DI66: =(DI2) -> عام | DJ66: =SUM(DJ2) -> 1447 | DK66: الإحالات والردود الراجعة
A67: مراكز | B67: الجنسية | C67: الجنس | D67: نوع الإحالات | G67: المجموع | H67: الردود | J67: مراكز | K67: الجنسية | L67: الجنس | M67: نوع الإحالات | P67: المجموع | Q67: الردود | S67: مراكز | T67: الجنسية | U67: الجنس | V67: نوع الإحالات | Y67: المجموع | Z67: الردود | AB67: مراكز | AC67: الجنسية | AD67: الجنس | AE67: نوع الإحالات | AH67: المجموع | AI67: الردود | AK67: مراكز | AL67: الجنسية | AM67: الجنس | AN67: نوع الإحالات | AQ67: المجموع | AR67: الردود | AT67: مراكز | AU67: الجنسية | AV67: الجنس | AW67: نوع الإحالات | AZ67: المجموع | BA67: الردود | BC67: مراكز | BD67: الجنسية | BE67: الجنس | BF67: نوع الإحالات | BI67: المجموع | BJ67: الردود | BL67: مراكز | BM67: الجنسية | BN67: الجنس | BO67: نوع الإحالات | BR67: المجموع | BS67: الردود | BU67: مراكز | BV67: الجنسية | BW67: الجنس | BX67: نوع الإحالات | CA67: المجموع | CB67: الردود | CD67: مراكز | CE67: الجنسية | CF67: الجنس | CG67: نوع الإحالات | CJ67: المجموع | CK67: الردود | CM67: مراكز | CN67: الجنسية | CO67: الجنس | CP67: نوع الإحالات | CS67: المجموع | CT67: الردود | CV67: مراكز | CW67: الجنسية | CX67: الجنس | CY67: نوع الإحالات | DB67: المجموع | DC67: الردود | DE67: مراكز | DF67: الجنسية | DG67: الجنس | DH67: نوع الإحالات | DK67: المجموع | DL67: الردود
D68: إسعافات أولية | E68: طارئة | F68: عادية | H68: الراجعة | M68: إسعافات أولية | N68: طارئة | O68: عادية | Q68: الراجعة | V68: إسعافات أولية | W68: طارئة | X68: عادية | Z68: الراجعة | AE68: إسعافات أولية | AF68: طارئة | AG68: عادية | AI68: الراجعة | AN68: إسعافات أولية | AO68: طارئة | AP68: عادية | AR68: الراجعة | AW68: إسعافات أولية | AX68: طارئة | AY68: عادية | BA68: الراجعة | BF68: إسعافات أولية | BG68: طارئة | BH68: عادية | BJ68: الراجعة | BO68: إسعافات أولية | BP68: طارئة | BQ68: عادية | BS68: الراجعة | BX68: إسعافات أولية | BY68: طارئة | BZ68: عادية | CB68: الراجعة | CG68: إسعافات أولية | CH68: طارئة | CI68: عادية | CK68: الراجعة | CP68: إسعافات أولية | CQ68: طارئة | CR68: عادية | CT68: الراجعة | CY68: إسعافات أولية | CZ68: طارئة | DA68: عادية | DC68: الراجعة | DH68: إسعافات أولية | DI68: طارئة | DJ68: عادية | DL68: الراجعة
A69: مراكز شرق جدة | B69: سعودي | C69: ذكر | D69: =D5+D10+D15+D20+D25+D30+D35+D40+D45+D50+D55+D60 -> 1 | E69: =E5+E10+E15+E20+E25+E30+E35+E40+E45+E50+E55+E60 -> 228 | F69: =F5+F10+F15+F20+F25+F30+F35+F40+F45+F50+F55+F60 -> 1933 | G69: =SUM(D69:F69) -> 2162 | H69: =H5+H10+H15+H20+H25+H30+H35+H40+H45+H50+H55+H60 -> 0 | J69: مراكز شرق جدة | K69: سعودي | L69: ذكر | M69: =M5+M10+M15+M20+M25+M30+M35+M40+M45+M50+M55+M60 -> 0 | N69: =N5+N10+N15+N20+N25+N30+N35+N40+N45+N50+N55+N60 -> 409 | O69: =O5+O10+O15+O20+O25+O30+O35+O40+O45+O50+O55+O60 -> 2028 | P69: =SUM(M69:O69) -> 2437 | Q69: =Q5+Q10+Q15+Q20+Q25+Q30+Q35+Q40+Q45+Q50+Q55+Q60 -> 0 | S69: مراكز شرق جدة | T69: سعودي | U69: ذكر | V69: =V5+V10+V15+V20+V25+V30+V35+V40+V45+V50+V55+V60 -> 2 | W69: =W5+W10+W15+W20+W25+W30+W35+W40+W45+W50+W55+W60 -> 784 | X69: =X5+X10+X15+X20+X25+X30+X35+X40+X45+X50+X55+X60 -> 2798 | Y69: =SUM(V69:X69) -> 3584 | Z69: =Z5+Z10+Z15+Z20+Z25+Z30+Z35+Z40+Z45+Z50+Z55+Z60 -> 0 | AB69: مراكز شرق جدة | AC69: سعودي | AD69: ذكر | AE69: =AE5+AE10+AE15+AE20+AE25+AE30+AE35+AE40+AE45+AE50+AE55+AE60 -> 0 | AF69: =AF5+AF10+AF15+AF20+AF25+AF30+AF35+AF40+AF45+AF50+AF55+AF60 -> 316 | AG69: =AG5+AG10+AG15+AG20+AG25+AG30+AG35+AG40+AG45+AG50+AG55+AG60 -> 3295 | AH69: =SUM(AE69:AG69) -> 3611 | AI69: =AI5+AI10+AI15+AI20+AI25+AI30+AI35+AI40+AI45+AI50+AI55+AI60 -> 0 | AK69: مراكز شرق جدة | AL69: سعودي | AM69: ذكر | AN69: =AN5+AN10+AN15+AN20+AN25+AN30+AN35+AN40+AN45+AN50+AN55+AN60 -> 0 | AO69: =AO5+AO10+AO15+AO20+AO25+AO30+AO35+AO40+AO45+AO50+AO55+AO60 -> 122 | AP69: =AP5+AP10+AP15+AP20+AP25+AP30+AP35+AP40+AP45+AP50+AP55+AP60 -> 2199 | AQ69: =SUM(AN69:AP69) -> 2321 | AR69: =AR5+AR10+AR15+AR20+AR25+AR30+AR35+AR40+AR45+AR50+AR55+AR60 -> 0 | AT69: مراكز شرق جدة | AU69: سعودي | AV69: ذكر | AW69: =AW5+AW10+AW15+AW20+AW25+AW30+AW35+AW40+AW45+AW50+AW55+AW60 -> 0 | AX69: =AX5+AX10+AX15+AX20+AX25+AX30+AX35+AX40+AX45+AX50+AX55+AX60 -> 107 | AY69: =AY5+AY10+AY15+AY20+AY25+AY30+AY35+AY40+AY45+AY50+AY55+AY60 -> 2712 | AZ69: =SUM(AW69:AY69) -> 2819 | BA69: =BA5+BA10+BA15+BA20+BA25+BA30+BA35+BA40+BA45+BA50+BA55+BA60 -> 0 | BC69: مراكز شرق جدة | BD69: سعودي | BE69: ذكر | BF69: =BF5+BF10+BF15+BF20+BF25+BF30+BF35+BF40+BF45+BF50+BF55+BF60 -> 0 | BG69: =BG5+BG10+BG15+BG20+BG25+BG30+BG35+BG40+BG45+BG50+BG55+BG60 -> 894 | BH69: =BH5+BH10+BH15+BH20+BH25+BH30+BH35+BH40+BH45+BH50+BH55+BH60 -> 5401 | BI69: =SUM(BF69:BH69) -> 6295 | BJ69: =BJ5+BJ10+BJ15+BJ20+BJ25+BJ30+BJ35+BJ40+BJ45+BJ50+BJ55+BJ60 -> 0 | BL69: مراكز شرق جدة | BM69: سعودي | BN69: ذكر | BO69: =BO5+BO10+BO15+BO20+BO25+BO30+BO35+BO40+BO45+BO50+BO55+BO60 -> 2 | BP69: =BP5+BP10+BP15+BP20+BP25+BP30+BP35+BP40+BP45+BP50+BP55+BP60 -> 175 | BQ69: =BQ5+BQ10+BQ15+BQ20+BQ25+BQ30+BQ35+BQ40+BQ45+BQ50+BQ55+BQ60 -> 1788 | BR69: =SUM(BO69:BQ69) -> 1965 | BS69: =BS5+BS10+BS15+BS20+BS25+BS30+BS35+BS40+BS45+BS50+BS55+BS60 -> 0 | BU69: مراكز شرق جدة | BV69: سعودي | BW69: ذكر | BX69: =BX5+BX10+BX15+BX20+BX25+BX30+BX35+BX40+BX45+BX50+BX55+BX60 -> 0 | BY69: =BY5+BY10+BY15+BY20+BY25+BY30+BY35+BY40+BY45+BY50+BY55+BY60 -> 121 | BZ69: =BZ5+BZ10+BZ15+BZ20+BZ25+BZ30+BZ35+BZ40+BZ45+BZ50+BZ55+BZ60 -> 1615 | CA69: =SUM(BX69:BZ69) -> 1736 | CB69: =CB5+CB10+CB15+CB20+CB25+CB30+CB35+CB40+CB45+CB50+CB55+CB60 -> 0 | CD69: مراكز شرق جدة | CE69: سعودي | CF69: ذكر | CG69: =CG5+CG10+CG15+CG20+CG25+CG30+CG35+CG40+CG45+CG50+CG55+CG60 -> 0 | CH69: =CH5+CH10+CH15+CH20+CH25+CH30+CH35+CH40+CH45+CH50+CH55+CH60 -> 64 | CI69: =CI5+CI10+CI15+CI20+CI25+CI30+CI35+CI40+CI45+CI50+CI55+CI60 -> 2027 | CJ69: =SUM(CG69:CI69) -> 2091 | CK69: =CK5+CK10+CK15+CK20+CK25+CK30+CK35+CK40+CK45+CK50+CK55+CK60 -> 0 | CM69: مراكز شرق جدة | CN69: سعودي | CO69: ذكر | CP69: =CP5+CP10+CP15+CP20+CP25+CP30+CP35+CP40+CP45+CP50+CP55+CP60 -> 0 | CQ69: =CQ5+CQ10+CQ15+CQ20+CQ25+CQ30+CQ35+CQ40+CQ45+CQ50+CQ55+CQ60 -> 0 | CR69: =CR5+CR10+CR15+CR20+CR25+CR30+CR35+CR40+CR45+CR50+CR55+CR60 -> 0 | CS69: =SUM(CP69:CR69) -> 0 | CT69: =CT5+CT10+CT15+CT20+CT25+CT30+CT35+CT40+CT45+CT50+CT55+CT60 -> 0 | CV69: مراكز شرق جدة | CW69: سعودي | CX69: ذكر | CY69: =CY5+CY10+CY15+CY20+CY25+CY30+CY35+CY40+CY45+CY50+CY55+CY60 -> 0 | CZ69: =CZ5+CZ10+CZ15+CZ20+CZ25+CZ30+CZ35+CZ40+CZ45+CZ50+CZ55+CZ60 -> 0 | DA69: =DA5+DA10+DA15+DA20+DA25+DA30+DA35+DA40+DA45+DA50+DA55+DA60 -> 0 | DB69: =SUM(CY69:DA69) -> 0 | DC69: =DC5+DC10+DC15+DC20+DC25+DC30+DC35+DC40+DC45+DC50+DC55+DC60 -> 0 | DE69: =(CV69) -> مراكز شرق جدة | DG69: ذكر | DH69: =DH5+DH10+DH15+DH20+DH25+DH30+DH35+DH40+DH45+DH50+DH55+DH60 -> 5 | DI69: =DI5+DI10+DI15+DI20+DI25+DI30+DI35+DI40+DI45+DI50+DI55+DI60 -> 3220 | DJ69: =DJ5+DJ10+DJ15+DJ20+DJ25+DJ30+DJ35+DJ40+DJ45+DJ50+DJ55+DJ60 -> 25796 | DK69: =SUM(DH69:DJ69) -> 29021 | DL69: =DL5+DL10+DL15+DL20+DL25+DL30+DL35+DL40+DL45+DL50+DL55+DL60 -> 0
C70: أنثى | D70: =D6+D11+D16+D21+D26+D31+D36+D41+D46+D51+D56+D61 -> 0 | E70: =E6+E11+E16+E21+E26+E31+E36+E41+E46+E51+E56+E61 -> 162 | F70: =F6+F11+F16+F21+F26+F31+F36+F41+F46+F51+F56+F61 -> 2237 | G70: =SUM(D70:F70) -> 2399 | H70: =H6+H11+H16+H21+H26+H31+H36+H41+H46+H51+H56+H61 -> 0 | L70: أنثى | M70: =M6+M11+M16+M21+M26+M31+M36+M41+M46+M51+M56+M61 -> 0 | N70: =N6+N11+N16+N21+N26+N31+N36+N41+N46+N51+N56+N61 -> 409 | O70: =O6+O11+O16+O21+O26+O31+O36+O41+O46+O51+O56+O61 -> 2501 | P70: =SUM(M70:O70) -> 2910 | Q70: =Q6+Q11+Q16+Q21+Q26+Q31+Q36+Q41+Q46+Q51+Q56+Q61 -> 0 | U70: أنثى | V70: =V6+V11+V16+V21+V26+V31+V36+V41+V46+V51+V56+V61 -> 1 | W70: =W6+W11+W16+W21+W26+W31+W36+W41+W46+W51+W56+W61 -> 626 | X70: =X6+X11+X16+X21+X26+X31+X36+X41+X46+X51+X56+X61 -> 2260 | Y70: =SUM(V70:X70) -> 2887 | Z70: =Z6+Z11+Z16+Z21+Z26+Z31+Z36+Z41+Z46+Z51+Z56+Z61 -> 0 | AD70: أنثى | AE70: =AE6+AE11+AE16+AE21+AE26+AE31+AE36+AE41+AE46+AE51+AE56+AE61 -> 0 | AF70: =AF6+AF11+AF16+AF21+AF26+AF31+AF36+AF41+AF46+AF51+AF56+AF61 -> 138 | AG70: =AG6+AG11+AG16+AG21+AG26+AG31+AG36+AG41+AG46+AG51+AG56+AG61 -> 1544 | AH70: =SUM(AE70:AG70) -> 1682 | AI70: =AI6+AI11+AI16+AI21+AI26+AI31+AI36+AI41+AI46+AI51+AI56+AI61 -> 0 | AM70: أنثى | AN70: =AN6+AN11+AN16+AN21+AN26+AN31+AN36+AN41+AN46+AN51+AN56+AN61 -> 0 | AO70: =AO6+AO11+AO16+AO21+AO26+AO31+AO36+AO41+AO46+AO51+AO56+AO61 -> 100 | AP70: =AP6+AP11+AP16+AP21+AP26+AP31+AP36+AP41+AP46+AP51+AP56+AP61 -> 1590 | AQ70: =SUM(AN70:AP70) -> 1690 | AR70: =AR6+AR11+AR16+AR21+AR26+AR31+AR36+AR41+AR46+AR51+AR56+AR61 -> 0 | AV70: أنثى | AW70: =AW6+AW11+AW16+AW21+AW26+AW31+AW36+AW41+AW46+AW51+AW56+AW61 -> 0 | AX70: =AX6+AX11+AX16+AX21+AX26+AX31+AX36+AX41+AX46+AX51+AX56+AX61 -> 76 | AY70: =AY6+AY11+AY16+AY21+AY26+AY31+AY36+AY41+AY46+AY51+AY56+AY61 -> 1821 | AZ70: =SUM(AW70:AY70) -> 1897 | BA70: =BA6+BA11+BA16+BA21+BA26+BA31+BA36+BA41+BA46+BA51+BA56+BA61 -> 0 | BE70: أنثى | BF70: =BF6+BF11+BF16+BF21+BF26+BF31+BF36+BF41+BF46+BF51+BF56+BF61 -> 0 | BG70: =BG6+BG11+BG16+BG21+BG26+BG31+BG36+BG41+BG46+BG51+BG56+BG61 -> 272 | BH70: =BH6+BH11+BH16+BH21+BH26+BH31+BH36+BH41+BH46+BH51+BH56+BH61 -> 2374 | BI70: =SUM(BF70:BH70) -> 2646 | BJ70: =BJ6+BJ11+BJ16+BJ21+BJ26+BJ31+BJ36+BJ41+BJ46+BJ51+BJ56+BJ61 -> 0 | BN70: أنثى | BO70: =BO6+BO11+BO16+BO21+BO26+BO31+BO36+BO41+BO46+BO51+BO56+BO61 -> 3 | BP70: =BP6+BP11+BP16+BP21+BP26+BP31+BP36+BP41+BP46+BP51+BP56+BP61 -> 152 | BQ70: =BQ6+BQ11+BQ16+BQ21+BQ26+BQ31+BQ36+BQ41+BQ46+BQ51+BQ56+BQ61 -> 1760 | BR70: =SUM(BO70:BQ70) -> 1915 | BS70: =BS6+BS11+BS16+BS21+BS26+BS31+BS36+BS41+BS46+BS51+BS56+BS61 -> 0 | BW70: أنثى | BX70: =BX6+BX11+BX16+BX21+BX26+BX31+BX36+BX41+BX46+BX51+BX56+BX61 -> 0 | BY70: =BY6+BY11+BY16+BY21+BY26+BY31+BY36+BY41+BY46+BY51+BY56+BY61 -> 122 | BZ70: =BZ6+BZ11+BZ16+BZ21+BZ26+BZ31+BZ36+BZ41+BZ46+BZ51+BZ56+BZ61 -> 1378 | CA70: =SUM(BX70:BZ70) -> 1500 | CB70: =CB6+CB11+CB16+CB21+CB26+CB31+CB36+CB41+CB46+CB51+CB56+CB61 -> 0 | CF70: أنثى | CG70: =CG6+CG11+CG16+CG21+CG26+CG31+CG36+CG41+CG46+CG51+CG56+CG61 -> 0 | CH70: =CH6+CH11+CH16+CH21+CH26+CH31+CH36+CH41+CH46+CH51+CH56+CH61 -> 78 | CI70: =CI6+CI11+CI16+CI21+CI26+CI31+CI36+CI41+CI46+CI51+CI56+CI61 -> 1423 | CJ70: =SUM(CG70:CI70) -> 1501 | CK70: =CK6+CK11+CK16+CK21+CK26+CK31+CK36+CK41+CK46+CK51+CK56+CK61 -> 0 | CO70: أنثى | CP70: =CP6+CP11+CP16+CP21+CP26+CP31+CP36+CP41+CP46+CP51+CP56+CP61 -> 0 | CQ70: =CQ6+CQ11+CQ16+CQ21+CQ26+CQ31+CQ36+CQ41+CQ46+CQ51+CQ56+CQ61 -> 0 | CR70: =CR6+CR11+CR16+CR21+CR26+CR31+CR36+CR41+CR46+CR51+CR56+CR61 -> 0 | CS70: =SUM(CP70:CR70) -> 0 | CT70: =CT6+CT11+CT16+CT21+CT26+CT31+CT36+CT41+CT46+CT51+CT56+CT61 -> 0 | CX70: أنثى | CY70: =CY6+CY11+CY16+CY21+CY26+CY31+CY36+CY41+CY46+CY51+CY56+CY61 -> 0 | CZ70: =CZ6+CZ11+CZ16+CZ21+CZ26+CZ31+CZ36+CZ41+CZ46+CZ51+CZ56+CZ61 -> 0 | DA70: =DA6+DA11+DA16+DA21+DA26+DA31+DA36+DA41+DA46+DA51+DA56+DA61 -> 0 | DB70: =SUM(CY70:DA70) -> 0 | DC70: =DC6+DC11+DC16+DC21+DC26+DC31+DC36+DC41+DC46+DC51+DC56+DC61 -> 0 | DF70: سعودي | DG70: أنثى | DH70: =DH6+DH11+DH16+DH21+DH26+DH31+DH36+DH41+DH46+DH51+DH56+DH61 -> 4 | DI70: =DI6+DI11+DI16+DI21+DI26+DI31+DI36+DI41+DI46+DI51+DI56+DI61 -> 2135 | DJ70: =DJ6+DJ11+DJ16+DJ21+DJ26+DJ31+DJ36+DJ41+DJ46+DJ51+DJ56+DJ61 -> 18888 | DK70: =SUM(DH70:DJ70) -> 21027 | DL70: =DL6+DL11+DL16+DL21+DL26+DL31+DL36+DL41+DL46+DL51+DL56+DL61 -> 0
B71: غير | C71: ذكر | D71: =D7+D12+D17+D22+D27+D32+D37+D42+D47+D52+D57+D62 -> 0 | E71: =E7+E12+E17+E22+E27+E32+E37+E42+E47+E52+E57+E62 -> 77 | F71: =F7+F12+F17+F22+F27+F32+F37+F42+F47+F52+F57+F62 -> 196 | G71: =SUM(D71:F71) -> 273 | H71: =H7+H12+H17+H22+H27+H32+H37+H42+H47+H52+H57+H62 -> 0 | K71: غير | L71: ذكر | M71: =M7+M12+M17+M22+M27+M32+M37+M42+M47+M52+M57+M62 -> 0 | N71: =N7+N12+N17+N22+N27+N32+N37+N42+N47+N52+N57+N62 -> 60 | O71: =O7+O12+O17+O22+O27+O32+O37+O42+O47+O52+O57+O62 -> 98 | P71: =SUM(M71:O71) -> 158 | Q71: =Q7+Q12+Q17+Q22+Q27+Q32+Q37+Q42+Q47+Q52+Q57+Q62 -> 0 | T71: غير | U71: ذكر | V71: =V7+V12+V17+V22+V27+V32+V37+V42+V47+V52+V57+V62 -> 1 | W71: =W7+W12+W17+W22+W27+W32+W37+W42+W47+W52+W57+W62 -> 871 | X71: =X7+X12+X17+X22+X27+X32+X37+X42+X47+X52+X57+X62 -> 1643 | Y71: =SUM(V71:X71) -> 2515 | Z71: =Z7+Z12+Z17+Z22+Z27+Z32+Z37+Z42+Z47+Z52+Z57+Z62 -> 0 | AC71: غير | AD71: ذكر | AE71: =AE7+AE12+AE17+AE22+AE27+AE32+AE37+AE42+AE47+AE52+AE57+AE62 -> 0 | AF71: =AF7+AF12+AF17+AF22+AF27+AF32+AF37+AF42+AF47+AF52+AF57+AF62 -> 71 | AG71: =AG7+AG12+AG17+AG22+AG27+AG32+AG37+AG42+AG47+AG52+AG57+AG62 -> 1331 | AH71: =SUM(AE71:AG71) -> 1402 | AI71: =AI7+AI12+AI17+AI22+AI27+AI32+AI37+AI42+AI47+AI52+AI57+AI62 -> 0 | AL71: غير | AM71: ذكر | AN71: =AN7+AN12+AN17+AN22+AN27+AN32+AN37+AN42+AN47+AN52+AN57+AN62 -> 0 | AO71: =AO7+AO12+AO17+AO22+AO27+AO32+AO37+AO42+AO47+AO52+AO57+AO62 -> 48 | AP71: =AP7+AP12+AP17+AP22+AP27+AP32+AP37+AP42+AP47+AP52+AP57+AP62 -> 632 | AQ71: =SUM(AN71:AP71) -> 680 | AR71: =AR7+AR12+AR17+AR22+AR27+AR32+AR37+AR42+AR47+AR52+AR57+AR62 -> 0 | AU71: غير | AV71: ذكر | AW71: =AW7+AW12+AW17+AW22+AW27+AW32+AW37+AW42+AW47+AW52+AW57+AW62 -> 0 | AX71: =AX7+AX12+AX17+AX22+AX27+AX32+AX37+AX42+AX47+AX52+AX57+AX62 -> 11 | AY71: =AY7+AY12+AY17+AY22+AY27+AY32+AY37+AY42+AY47+AY52+AY57+AY62 -> 582 | AZ71: =SUM(AW71:AY71) -> 593 | BA71: =BA7+BA12+BA17+BA22+BA27+BA32+BA37+BA42+BA47+BA52+BA57+BA62 -> 0 | BD71: غير | BE71: ذكر | BF71: =BF7+BF12+BF17+BF22+BF27+BF32+BF37+BF42+BF47+BF52+BF57+BF62 -> 0 | BG71: =BG7+BG12+BG17+BG22+BG27+BG32+BG37+BG42+BG47+BG52+BG57+BG62 -> 199 | BH71: =BH7+BH12+BH17+BH22+BH27+BH32+BH37+BH42+BH47+BH52+BH57+BH62 -> 2100 | BI71: =SUM(BF71:BH71) -> 2299 | BJ71: =BJ7+BJ12+BJ17+BJ22+BJ27+BJ32+BJ37+BJ42+BJ47+BJ52+BJ57+BJ62 -> 0 | BM71: غير | BN71: ذكر | BO71: =BO7+BO12+BO17+BO22+BO27+BO32+BO37+BO42+BO47+BO52+BO57+BO62 -> 0 | BP71: =BP7+BP12+BP17+BP22+BP27+BP32+BP37+BP42+BP47+BP52+BP57+BP62 -> 33 | BQ71: =BQ7+BQ12+BQ17+BQ22+BQ27+BQ32+BQ37+BQ42+BQ47+BQ52+BQ57+BQ62 -> 202 | BR71: =SUM(BO71:BQ71) -> 235 | BS71: =BS7+BS12+BS17+BS22+BS27+BS32+BS37+BS42+BS47+BS52+BS57+BS62 -> 0 | BV71: غير | BW71: ذكر | BX71: =BX7+BX12+BX17+BX22+BX27+BX32+BX37+BX42+BX47+BX52+BX57+BX62 -> 0 | BY71: =BY7+BY12+BY17+BY22+BY27+BY32+BY37+BY42+BY47+BY52+BY57+BY62 -> 17 | BZ71: =BZ7+BZ12+BZ17+BZ22+BZ27+BZ32+BZ37+BZ42+BZ47+BZ52+BZ57+BZ62 -> 139 | CA71: =SUM(BX71:BZ71) -> 156 | CB71: =CB7+CB12+CB17+CB22+CB27+CB32+CB37+CB42+CB47+CB52+CB57+CB62 -> 0 | CE71: غير | CF71: ذكر | CG71: =CG7+CG12+CG17+CG22+CG27+CG32+CG37+CG42+CG47+CG52+CG57+CG62 -> 0 | CH71: =CH7+CH12+CH17+CH22+CH27+CH32+CH37+CH42+CH47+CH52+CH57+CH62 -> 9 | CI71: =CI7+CI12+CI17+CI22+CI27+CI32+CI37+CI42+CI47+CI52+CI57+CI62 -> 129 | CJ71: =SUM(CG71:CI71) -> 138 | CK71: =CK7+CK12+CK17+CK22+CK27+CK32+CK37+CK42+CK47+CK52+CK57+CK62 -> 0 | CN71: غير | CO71: ذكر | CP71: =CP7+CP12+CP17+CP22+CP27+CP32+CP37+CP42+CP47+CP52+CP57+CP62 -> 0 | CQ71: =CQ7+CQ12+CQ17+CQ22+CQ27+CQ32+CQ37+CQ42+CQ47+CQ52+CQ57+CQ62 -> 0 | CR71: =CR7+CR12+CR17+CR22+CR27+CR32+CR37+CR42+CR47+CR52+CR57+CR62 -> 0 | CS71: =SUM(CP71:CR71) -> 0 | CT71: =CT7+CT12+CT17+CT22+CT27+CT32+CT37+CT42+CT47+CT52+CT57+CT62 -> 0 | CW71: غير | CX71: ذكر | CY71: =CY7+CY12+CY17+CY22+CY27+CY32+CY37+CY42+CY47+CY52+CY57+CY62 -> 0 | CZ71: =CZ7+CZ12+CZ17+CZ22+CZ27+CZ32+CZ37+CZ42+CZ47+CZ52+CZ57+CZ62 -> 0 | DA71: =DA7+DA12+DA17+DA22+DA27+DA32+DA37+DA42+DA47+DA52+DA57+DA62 -> 0 | DB71: =SUM(CY71:DA71) -> 0 | DC71: =DC7+DC12+DC17+DC22+DC27+DC32+DC37+DC42+DC47+DC52+DC57+DC62 -> 0 | DF71: غير | DG71: ذكر | DH71: =DH7+DH12+DH17+DH22+DH27+DH32+DH37+DH42+DH47+DH52+DH57+DH62 -> 1 | DI71: =DI7+DI12+DI17+DI22+DI27+DI32+DI37+DI42+DI47+DI52+DI57+DI62 -> 1396 | DJ71: =DJ7+DJ12+DJ17+DJ22+DJ27+DJ32+DJ37+DJ42+DJ47+DJ52+DJ57+DJ62 -> 7052 | DK71: =SUM(DH71:DJ71) -> 8449 | DL71: =DL7+DL12+DL17+DL22+DL27+DL32+DL37+DL42+DL47+DL52+DL57+DL62 -> 0
B72: سعودي | C72: أنثى | D72: =D8+D13+D18+D23+D28+D33+D38+D43+D48+D53+D58+D63 -> 0 | E72: =E8+E13+E18+E23+E28+E33+E38+E43+E48+E53+E58+E63 -> 63 | F72: =F8+F13+F18+F23+F28+F33+F38+F43+F48+F53+F58+F63 -> 148 | G72: =SUM(D72:F72) -> 211 | H72: =H8+H13+H18+H23+H28+H33+H38+H43+H48+H53+H58+H63 -> 0 | K72: سعودي | L72: أنثى | M72: =M8+M13+M18+M23+M28+M33+M38+M43+M48+M53+M58+M63 -> 0 | N72: =N8+N13+N18+N23+N28+N33+N38+N43+N48+N53+N58+N63 -> 21 | O72: =O8+O13+O18+O23+O28+O33+O38+O43+O48+O53+O58+O63 -> 101 | P72: =SUM(M72:O72) -> 122 | Q72: =Q8+Q13+Q18+Q23+Q28+Q33+Q38+Q43+Q48+Q53+Q58+Q63 -> 0 | T72: سعودي | U72: أنثى | V72: =V8+V13+V18+V23+V28+V33+V38+V43+V48+V53+V58+V63 -> 0 | W72: =W8+W13+W18+W23+W28+W33+W38+W43+W48+W53+W58+W63 -> 59 | X72: =X8+X13+X18+X23+X28+X33+X38+X43+X48+X53+X58+X63 -> 125 | Y72: =SUM(V72:X72) -> 184 | Z72: =Z8+Z13+Z18+Z23+Z28+Z33+Z38+Z43+Z48+Z53+Z58+Z63 -> 0 | AC72: سعودي | AD72: أنثى | AE72: =AE8+AE13+AE18+AE23+AE28+AE33+AE38+AE43+AE48+AE53+AE58+AE63 -> 0 | AF72: =AF8+AF13+AF18+AF23+AF28+AF33+AF38+AF43+AF48+AF53+AF58+AF63 -> 43 | AG72: =AG8+AG13+AG18+AG23+AG28+AG33+AG38+AG43+AG48+AG53+AG58+AG63 -> 109 | AH72: =SUM(AE72:AG72) -> 152 | AI72: =AI8+AI13+AI18+AI23+AI28+AI33+AI38+AI43+AI48+AI53+AI58+AI63 -> 0 | AL72: سعودي | AM72: أنثى | AN72: =AN8+AN13+AN18+AN23+AN28+AN33+AN38+AN43+AN48+AN53+AN58+AN63 -> 0 | AO72: =AO8+AO13+AO18+AO23+AO28+AO33+AO38+AO43+AO48+AO53+AO58+AO63 -> 31 | AP72: =AP8+AP13+AP18+AP23+AP28+AP33+AP38+AP43+AP48+AP53+AP58+AP63 -> 441 | AQ72: =SUM(AN72:AP72) -> 472 | AR72: =AR8+AR13+AR18+AR23+AR28+AR33+AR38+AR43+AR48+AR53+AR58+AR63 -> 0 | AU72: سعودي | AV72: أنثى | AW72: =AW8+AW13+AW18+AW23+AW28+AW33+AW38+AW43+AW48+AW53+AW58+AW63 -> 0 | AX72: =AX8+AX13+AX18+AX23+AX28+AX33+AX38+AX43+AX48+AX53+AX58+AX63 -> 12 | AY72: =AY8+AY13+AY18+AY23+AY28+AY33+AY38+AY43+AY48+AY53+AY58+AY63 -> 346 | AZ72: =SUM(AW72:AY72) -> 358 | BA72: =BA8+BA13+BA18+BA23+BA28+BA33+BA38+BA43+BA48+BA53+BA58+BA63 -> 0 | BD72: سعودي | BE72: أنثى | BF72: =BF8+BF13+BF18+BF23+BF28+BF33+BF38+BF43+BF48+BF53+BF58+BF63 -> 0 | BG72: =BG8+BG13+BG18+BG23+BG28+BG33+BG38+BG43+BG48+BG53+BG58+BG63 -> 111 | BH72: =BH8+BH13+BH18+BH23+BH28+BH33+BH38+BH43+BH48+BH53+BH58+BH63 -> 159 | BI72: =SUM(BF72:BH72) -> 270 | BJ72: =BJ8+BJ13+BJ18+BJ23+BJ28+BJ33+BJ38+BJ43+BJ48+BJ53+BJ58+BJ63 -> 0 | BM72: سعودي | BN72: أنثى | BO72: =BO8+BO13+BO18+BO23+BO28+BO33+BO38+BO43+BO48+BO53+BO58+BO63 -> 0 | BP72: =BP8+BP13+BP18+BP23+BP28+BP33+BP38+BP43+BP48+BP53+BP58+BP63 -> 25 | BQ72: =BQ8+BQ13+BQ18+BQ23+BQ28+BQ33+BQ38+BQ43+BQ48+BQ53+BQ58+BQ63 -> 352 | BR72: =SUM(BO72:BQ72) -> 377 | BS72: =BS8+BS13+BS18+BS23+BS28+BS33+BS38+BS43+BS48+BS53+BS58+BS63 -> 0 | BV72: سعودي | BW72: أنثى | BX72: =BX8+BX13+BX18+BX23+BX28+BX33+BX38+BX43+BX48+BX53+BX58+BX63 -> 0 | BY72: =BY8+BY13+BY18+BY23+BY28+BY33+BY38+BY43+BY48+BY53+BY58+BY63 -> 15 | BZ72: =BZ8+BZ13+BZ18+BZ23+BZ28+BZ33+BZ38+BZ43+BZ48+BZ53+BZ58+BZ63 -> 117 | CA72: =SUM(BX72:BZ72) -> 132 | CB72: =CB8+CB13+CB18+CB23+CB28+CB33+CB38+CB43+CB48+CB53+CB58+CB63 -> 0 | CE72: سعودي | CF72: أنثى | CG72: =CG8+CG13+CG18+CG23+CG28+CG33+CG38+CG43+CG48+CG53+CG58+CG63 -> 0 | CH72: =CH8+CH13+CH18+CH23+CH28+CH33+CH38+CH43+CH48+CH53+CH58+CH63 -> 11 | CI72: =CI8+CI13+CI18+CI23+CI28+CI33+CI38+CI43+CI48+CI53+CI58+CI63 -> 56 | CJ72: =SUM(CG72:CI72) -> 67 | CK72: =CK8+CK13+CK18+CK23+CK28+CK33+CK38+CK43+CK48+CK53+CK58+CK63 -> 0 | CN72: سعودي | CO72: أنثى | CP72: =CP8+CP13+CP18+CP23+CP28+CP33+CP38+CP43+CP48+CP53+CP58+CP63 -> 0 | CQ72: =CQ8+CQ13+CQ18+CQ23+CQ28+CQ33+CQ38+CQ43+CQ48+CQ53+CQ58+CQ63 -> 0 | CR72: =CR8+CR13+CR18+CR23+CR28+CR33+CR38+CR43+CR48+CR53+CR58+CR63 -> 0 | CS72: =SUM(CP72:CR72) -> 0 | CT72: =CT8+CT13+CT18+CT23+CT28+CT33+CT38+CT43+CT48+CT53+CT58+CT63 -> 0 | CW72: سعودي | CX72: أنثى | CY72: =CY8+CY13+CY18+CY23+CY28+CY33+CY38+CY43+CY48+CY53+CY58+CY63 -> 0 | CZ72: =CZ8+CZ13+CZ18+CZ23+CZ28+CZ33+CZ38+CZ43+CZ48+CZ53+CZ58+CZ63 -> 0 | DA72: =DA8+DA13+DA18+DA23+DA28+DA33+DA38+DA43+DA48+DA53+DA58+DA63 -> 0 | DB72: =SUM(CY72:DA72) -> 0 | DC72: =DC8+DC13+DC18+DC23+DC28+DC33+DC38+DC43+DC48+DC53+DC58+DC63 -> 0 | DF72: سعودي | DG72: أنثى | DH72: =DH8+DH13+DH18+DH23+DH28+DH33+DH38+DH43+DH48+DH53+DH58+DH63 -> 0 | DI72: =DI8+DI13+DI18+DI23+DI28+DI33+DI38+DI43+DI48+DI53+DI58+DI63 -> 391 | DJ72: =DJ8+DJ13+DJ18+DJ23+DJ28+DJ33+DJ38+DJ43+DJ48+DJ53+DJ58+DJ63 -> 1954 | DK72: =SUM(DH72:DJ72) -> 2345 | DL72: =DL8+DL13+DL18+DL23+DL28+DL33+DL38+DL43+DL48+DL53+DL58+DL63 -> 0
B73: المجموع | D73: =SUM(D69:D72) -> 1 | E73: =SUM(E69:E72) -> 530 | F73: =SUM(F69:F72) -> 4514 | G73: =SUM(G69:G72) -> 5045 | H73: =SUM(H69:H72) -> 0 | K73: المجموع | M73: =SUM(M69:M72) -> 0 | N73: =SUM(N69:N72) -> 899 | O73: =SUM(O69:O72) -> 4728 | P73: =SUM(P69:P72) -> 5627 | Q73: =SUM(Q69:Q72) -> 0 | T73: المجموع | V73: =SUM(V69:V72) -> 4 | W73: =SUM(W69:W72) -> 2340 | X73: =SUM(X69:X72) -> 6826 | Y73: =SUM(Y69:Y72) -> 9170 | Z73: =SUM(Z69:Z72) -> 0 | AC73: المجموع | AE73: =SUM(AE69:AE72) -> 0 | AF73: =SUM(AF69:AF72) -> 568 | AG73: =SUM(AG69:AG72) -> 6279 | AH73: =SUM(AH69:AH72) -> 6847 | AI73: =SUM(AI69:AI72) -> 0 | AL73: المجموع | AN73: =SUM(AN69:AN72) -> 0 | AO73: =SUM(AO69:AO72) -> 301 | AP73: =SUM(AP69:AP72) -> 4862 | AQ73: =SUM(AQ69:AQ72) -> 5163 | AR73: =SUM(AR69:AR72) -> 0 | AU73: المجموع | AW73: =SUM(AW69:AW72) -> 0 | AX73: =SUM(AX69:AX72) -> 206 | AY73: =SUM(AY69:AY72) -> 5461 | AZ73: =SUM(AZ69:AZ72) -> 5667 | BA73: =SUM(BA69:BA72) -> 0 | BD73: المجموع | BF73: =SUM(BF69:BF72) -> 0 | BG73: =SUM(BG69:BG72) -> 1476 | BH73: =SUM(BH69:BH72) -> 10034 | BI73: =SUM(BI69:BI72) -> 11510 | BJ73: =SUM(BJ69:BJ72) -> 0 | BM73: المجموع | BO73: =SUM(BO69:BO72) -> 5 | BP73: =SUM(BP69:BP72) -> 385 | BQ73: =SUM(BQ69:BQ72) -> 4102 | BR73: =SUM(BR69:BR72) -> 4492 | BS73: =SUM(BS69:BS72) -> 0 | BV73: المجموع | BX73: =SUM(BX69:BX72) -> 0 | BY73: =SUM(BY69:BY72) -> 275 | BZ73: =SUM(BZ69:BZ72) -> 3249 | CA73: =SUM(CA69:CA72) -> 3524 | CB73: =SUM(CB69:CB72) -> 0 | CE73: المجموع | CG73: =SUM(CG69:CG72) -> 0 | CH73: =SUM(CH69:CH72) -> 162 | CI73: =SUM(CI69:CI72) -> 3635 | CJ73: =SUM(CJ69:CJ72) -> 3797 | CK73: =SUM(CK69:CK72) -> 0 | CN73: المجموع | CP73: =SUM(CP69:CP72) -> 0 | CQ73: =SUM(CQ69:CQ72) -> 0 | CR73: =SUM(CR69:CR72) -> 0 | CS73: =SUM(CS69:CS72) -> 0 | CT73: =SUM(CT69:CT72) -> 0 | CW73: المجموع | CY73: =SUM(CY69:CY72) -> 0 | CZ73: =SUM(CZ69:CZ72) -> 0 | DA73: =SUM(DA69:DA72) -> 0 | DB73: =SUM(DB69:DB72) -> 0 | DC73: =SUM(DC69:DC72) -> 0 | DF73: المجموع | DH73: =SUM(DH69:DH72) -> 10 | DI73: =SUM(DI69:DI72) -> 7142 | DJ73: =SUM(DJ69:DJ72) -> 53690 | DK73: =SUM(DK69:DK72) -> 60842 | DL73: =SUM(DL69:DL72) -> 0

Sheet إجمالية
A2: مراكز شرق جدة | D2: شهر | E2: 1 | F2: =SUM(الإحالات!F2) -> 1447 | G2: الإحالات والردود الراجعة | J2: مراكز شرق جدة | M2: شهر | N2: 2 | O2: =SUM(الإحالات!O2) -> 1447 | P2: الإحالات والردود الراجعة | S2: مراكز شرق جدة | V2: شهر | W2: 3 | X2: =SUM(الإحالات!X2) -> 1447 | Y2: الإحالات والردود الراجعة | AB2: مراكز شرق جدة | AE2: شهر | AF2: 4 | AG2: =SUM(الإحالات!AG2) -> 1447 | AH2: الإحالات والردود الراجعة | AK2: مراكز شرق جدة | AN2: شهر | AO2: 5 | AP2: =SUM(الإحالات!AP2) -> 1447 | AQ2: الإحالات والردود الراجعة | AT2: مراكز شرق جدة | AW2: شهر | AX2: 6 | AY2: =SUM(الإحالات!AY2) -> 1447 | AZ2: الإحالات والردود الراجعة | BC2: مراكز شرق جدة | BF2: شهر | BG2: 7 | BH2: =SUM(الإحالات!BH2) -> 1447 | BI2: الإحالات والردود الراجعة | BL2: مراكز شرق جدة | BO2: شهر | BP2: 8 | BQ2: =SUM(الإحالات!BQ2) -> 1447 | BR2: الإحالات والردود الراجعة | BU2: مراكز شرق جدة | BX2: شهر | BY2: 9 | BZ2: =SUM(الإحالات!BZ2) -> 1447 | CA2: الإحالات والردود الراجعة | CD2: مراكز شرق جدة | CG2: شهر | CH2: 10 | CI2: =SUM(الإحالات!CI2) -> 1447 | CJ2: الإحالات والردود الراجعة | CM2: مراكز شرق جدة | CP2: شهر | CQ2: 11 | CR2: =SUM(الإحالات!CR2) -> 1447 | CS2: الإحالات والردود الراجعة | CV2: مراكز شرق جدة | CY2: شهر | CZ2: 12 | DA2: =SUM(الإحالات!DA2) -> 1447 | DB2: الإحالات والردود الراجعة | DE2: مراكز شرق جدة | DJ2: =SUM(الإحالات!DJ2) -> 1447 | DK2: الإحالات والردود الراجعة
A3: مراكز | B3: الجنسية | C3: الجنس | D3: نوع الإحالات | G3: المجموع | H3: الردود | J3: مراكز | K3: الجنسية | L3: الجنس | M3: نوع الإحالات | P3: المجموع | Q3: الردود | S3: مراكز | T3: الجنسية | U3: الجنس | V3: نوع الإحالات | Y3: المجموع | Z3: الردود | AB3: مراكز | AC3: الجنسية | AD3: الجنس | AE3: نوع الإحالات | AH3: المجموع | AI3: الردود | AK3: مراكز | AL3: الجنسية | AM3: الجنس | AN3: نوع الإحالات | AQ3: المجموع | AR3: الردود | AT3: مراكز | AU3: الجنسية | AV3: الجنس | AW3: نوع الإحالات | AZ3: المجموع | BA3: الردود | BC3: مراكز | BD3: الجنسية | BE3: الجنس | BF3: نوع الإحالات | BI3: المجموع | BJ3: الردود | BL3: مراكز | BM3: الجنسية | BN3: الجنس | BO3: نوع الإحالات | BR3: المجموع | BS3: الردود | BU3: مراكز | BV3: الجنسية | BW3: الجنس | BX3: نوع الإحالات | CA3: المجموع | CB3: الردود | CD3: مراكز | CE3: الجنسية | CF3: الجنس | CG3: نوع الإحالات | CJ3: المجموع | CK3: الردود | CM3: مراكز | CN3: الجنسية | CO3: الجنس | CP3: نوع الإحالات | CS3: المجموع | CT3: الردود | CV3: مراكز | CW3: الجنسية | CX3: الجنس | CY3: نوع الإحالات | DB3: المجموع | DC3: الردود | DE3: مراكز | DF3: الجنسية | DG3: الجنس | DH3: نوع الإحالات | DK3: المجموع | DL3: الردود
D4: إسعافات أولية | E4: طارئة | F4: عادية | H4: الراجعة | M4: إسعافات أولية | N4: طارئة | O4: عادية | Q4: الراجعة | V4: إسعافات أولية | W4: طارئة | X4: عادية | Z4: الراجعة | AE4: إسعافات أولية | AF4: طارئة | AG4: عادية | AI4: الراجعة | AN4: إسعافات أولية | AO4: طارئة | AP4: عادية | AR4: الراجعة | AW4: إسعافات أولية | AX4: طارئة | AY4: عادية | BA4: الراجعة | BF4: إسعافات أولية | BG4: طارئة | BH4: عادية | BJ4: الراجعة | BO4: إسعافات أولية | BP4: طارئة | BQ4: عادية | BS4: الراجعة | BX4: إسعافات أولية | BY4: طارئة | BZ4: عادية | CB4: الراجعة | CG4: إسعافات أولية | CH4: طارئة | CI4: عادية | CK4: الراجعة | CP4: إسعافات أولية | CQ4: طارئة | CR4: عادية | CT4: الراجعة | CY4: إسعافات أولية | CZ4: طارئة | DA4: عادية | DC4: الراجعة | DH4: إسعافات أولية | DI4: طارئة | DJ4: عادية | DL4: الراجعة
A5: إجمالي مراكز شرق جدة | B5: سعودي | C5: ذكر | D5: =SUM(الإحالات!D69) -> 1 | E5: =SUM(الإحالات!E69) -> 228 | F5: =SUM(الإحالات!F69) -> 1933 | G5: =SUM(D5:F5) -> 2162 | H5: =SUM(الإحالات!H69) -> 0 | J5: إجمالي مراكز شرق جدة | K5: سعودي | L5: ذكر | M5: =SUM(الإحالات!M69) -> 0 | N5: =SUM(الإحالات!N69) -> 409 | O5: =SUM(الإحالات!O69) -> 2028 | P5: =SUM(M5:O5) -> 2437 | Q5: =SUM(الإحالات!Q69) -> 0 | S5: إجمالي مراكز شرق جدة | T5: سعودي | U5: ذكر | V5: =SUM(الإحالات!V69) -> 2 | W5: =SUM(الإحالات!W69) -> 784 | X5: =SUM(الإحالات!X69) -> 2798 | Y5: =SUM(V5:X5) -> 3584 | Z5: =SUM(الإحالات!Z69) -> 0 | AB5: إجمالي مراكز شرق جدة | AC5: سعودي | AD5: ذكر | AE5: =SUM(الإحالات!AE69) -> 0 | AF5: =SUM(الإحالات!AF69) -> 316 | AG5: =SUM(الإحالات!AG69) -> 3295 | AH5: =SUM(AE5:AG5) -> 3611 | AI5: =SUM(الإحالات!AI69) -> 0 | AK5: إجمالي مراكز شرق جدة | AL5: سعودي | AM5: ذكر | AN5: =SUM(الإحالات!AN69) -> 0 | AO5: =SUM(الإحالات!AO69) -> 122 | AP5: =SUM(الإحالات!AP69) -> 2199 | AQ5: =SUM(AN5:AP5) -> 2321 | AR5: =SUM(الإحالات!AR69) -> 0 | AT5: إجمالي مراكز شرق جدة | AU5: سعودي | AV5: ذكر | AW5: =SUM(الإحالات!AW69) -> 0 | AX5: =SUM(الإحالات!AX69) -> 107 | AY5: =SUM(الإحالات!AY69) -> 2712 | AZ5: =SUM(AW5:AY5) -> 2819 | BA5: =SUM(الإحالات!BA69) -> 0 | BC5: إجمالي مراكز شرق جدة | BD5: سعودي | BE5: ذكر | BF5: =SUM(الإحالات!BF69) -> 0 | BG5: =SUM(الإحالات!BG69) -> 894 | BH5: =SUM(الإحالات!BH69) -> 5401 | BI5: =SUM(BF5:BH5) -> 6295 | BJ5: =SUM(الإحالات!BJ69) -> 0 | BL5: إجمالي مراكز شرق جدة | BM5: سعودي | BN5: ذكر | BO5: =SUM(الإحالات!BO69) -> 2 | BP5: =SUM(الإحالات!BP69) -> 175 | BQ5: =SUM(الإحالات!BQ69) -> 1788 | BR5: =SUM(BO5:BQ5) -> 1965 | BS5: =SUM(الإحالات!BS69) -> 0 | BU5: إجمالي مراكز شرق جدة | BV5: سعودي | BW5: ذكر | BX5: =SUM(الإحالات!BX69) -> 0 | BY5: =SUM(الإحالات!BY69) -> 121 | BZ5: =SUM(الإحالات!BZ69) -> 1615 | CA5: =SUM(BX5:BZ5) -> 1736 | CB5: =SUM(الإحالات!CB69) -> 0 | CD5: إجمالي مراكز شرق جدة | CE5: سعودي | CF5: ذكر | CG5: =SUM(الإحالات!CG69) -> 0 | CH5: =SUM(الإحالات!CH69) -> 64 | CI5: =SUM(الإحالات!CI69) -> 2027 | CJ5: =SUM(CG5:CI5) -> 2091 | CK5: =SUM(الإحالات!CK69) -> 0 | CM5: إجمالي مراكز شرق جدة | CN5: سعودي | CO5: ذكر | CP5: =SUM(الإحالات!CP69) -> 0 | CQ5: =SUM(الإحالات!CQ69) -> 0 | CR5: =SUM(الإحالات!CR69) -> 0 | CS5: =SUM(CP5:CR5) -> 0 | CT5: =SUM(الإحالات!CT69) -> 0 | CV5: إجمالي مراكز شرق جدة | CW5: سعودي | CX5: ذكر | CY5: =SUM(الإحالات!CY69) -> 0 | CZ5: =SUM(الإحالات!CZ69) -> 0 | DA5: =SUM(الإحالات!DA69) -> 0 | DB5: =SUM(CY5:DA5) -> 0 | DC5: =SUM(الإحالات!DC69) -> 0 | DE5: إجمالي مراكز شرق جدة | DF5: سعودي | DG5: ذكر | DH5: =SUM(الإحالات!DH69) -> 5 | DI5: =SUM(الإحالات!DI69) -> 3220 | DJ5: =SUM(الإحالات!DJ69) -> 25796 | DK5: =SUM(DH5:DJ5) -> 29021 | DL5: =SUM(الإحالات!DL69) -> 0
C6: أنثى | D6: =SUM(الإحالات!D70) -> 0 | E6: =SUM(الإحالات!E70) -> 162 | F6: =SUM(الإحالات!F70) -> 2237 | G6: =SUM(D6:F6) -> 2399 | H6: =SUM(الإحالات!H70) -> 0 | L6: أنثى | M6: =SUM(الإحالات!M70) -> 0 | N6: =SUM(الإحالات!N70) -> 409 | O6: =SUM(الإحالات!O70) -> 2501 | P6: =SUM(M6:O6) -> 2910 | Q6: =SUM(الإحالات!Q70) -> 0 | U6: أنثى | V6: =SUM(الإحالات!V70) -> 1 | W6: =SUM(الإحالات!W70) -> 626 | X6: =SUM(الإحالات!X70) -> 2260 | Y6: =SUM(V6:X6) -> 2887 | Z6: =SUM(الإحالات!Z70) -> 0 | AD6: أنثى | AE6: =SUM(الإحالات!AE70) -> 0 | AF6: =SUM(الإحالات!AF70) -> 138 | AG6: =SUM(الإحالات!AG70) -> 1544 | AH6: =SUM(AE6:AG6) -> 1682 | AI6: =SUM(الإحالات!AI70) -> 0 | AM6: أنثى | AN6: =SUM(الإحالات!AN70) -> 0 | AO6: =SUM(الإحالات!AO70) -> 100 | AP6: =SUM(الإحالات!AP70) -> 1590 | AQ6: =SUM(AN6:AP6) -> 1690 | AR6: =SUM(الإحالات!AR70) -> 0 | AV6: أنثى | AW6: =SUM(الإحالات!AW70) -> 0 | AX6: =SUM(الإحالات!AX70) -> 76 | AY6: =SUM(الإحالات!AY70) -> 1821 | AZ6: =SUM(AW6:AY6) -> 1897 | BA6: =SUM(الإحالات!BA70) -> 0 | BE6: أنثى | BF6: =SUM(الإحالات!BF70) -> 0 | BG6: =SUM(الإحالات!BG70) -> 272 | BH6: =SUM(الإحالات!BH70) -> 2374 | BI6: =SUM(BF6:BH6) -> 2646 | BJ6: =SUM(الإحالات!BJ70) -> 0 | BN6: أنثى | BO6: =SUM(الإحالات!BO70) -> 3 | BP6: =SUM(الإحالات!BP70) -> 152 | BQ6: =SUM(الإحالات!BQ70) -> 1760 | BR6: =SUM(BO6:BQ6) -> 1915 | BS6: =SUM(الإحالات!BS70) -> 0 | BW6: أنثى | BX6: =SUM(الإحالات!BX70) -> 0 | BY6: =SUM(الإحالات!BY70) -> 122 | BZ6: =SUM(الإحالات!BZ70) -> 1378 | CA6: =SUM(BX6:BZ6) -> 1500 | CB6: =SUM(الإحالات!CB70) -> 0 | CF6: أنثى | CG6: =SUM(الإحالات!CG70) -> 0 | CH6: =SUM(الإحالات!CH70) -> 78 | CI6: =SUM(الإحالات!CI70) -> 1423 | CJ6: =SUM(CG6:CI6) -> 1501 | CK6: =SUM(الإحالات!CK70) -> 0 | CO6: أنثى | CP6: =SUM(الإحالات!CP70) -> 0 | CQ6: =SUM(الإحالات!CQ70) -> 0 | CR6: =SUM(الإحالات!CR70) -> 0 | CS6: =SUM(CP6:CR6) -> 0 | CT6: =SUM(الإحالات!CT70) -> 0 | CX6: أنثى | CY6: =SUM(الإحالات!CY70) -> 0 | CZ6: =SUM(الإحالات!CZ70) -> 0 | DA6: =SUM(الإحالات!DA70) -> 0 | DB6: =SUM(CY6:DA6) -> 0 | DC6: =SUM(الإحالات!DC70) -> 0 | DG6: أنثى | DH6: =SUM(الإحالات!DH70) -> 4 | DI6: =SUM(الإحالات!DI70) -> 2135 | DJ6: =SUM(الإحالات!DJ70) -> 18888 | DK6: =SUM(DH6:DJ6) -> 21027 | DL6: =SUM(الإحالات!DL70) -> 0
B7: غير | C7: ذكر | D7: =SUM(الإحالات!D71) -> 0 | E7: =SUM(الإحالات!E71) -> 77 | F7: =SUM(الإحالات!F71) -> 196 | G7: =SUM(D7:F7) -> 273 | H7: =SUM(الإحالات!H71) -> 0 | K7: غير | L7: ذكر | M7: =SUM(الإحالات!M71) -> 0 | N7: =SUM(الإحالات!N71) -> 60 | O7: =SUM(الإحالات!O71) -> 98 | P7: =SUM(M7:O7) -> 158 | Q7: =SUM(الإحالات!Q71) -> 0 | T7: غير | U7: ذكر | V7: =SUM(الإحالات!V71) -> 1 | W7: =SUM(الإحالات!W71) -> 871 | X7: =SUM(الإحالات!X71) -> 1643 | Y7: =SUM(V7:X7) -> 2515 | Z7: =SUM(الإحالات!Z71) -> 0 | AC7: غير | AD7: ذكر | AE7: =SUM(الإحالات!AE71) -> 0 | AF7: =SUM(الإحالات!AF71) -> 71 | AG7: =SUM(الإحالات!AG71) -> 1331 | AH7: =SUM(AE7:AG7) -> 1402 | AI7: =SUM(الإحالات!AI71) -> 0 | AL7: غير | AM7: ذكر | AN7: =SUM(الإحالات!AN71) -> 0 | AO7: =SUM(الإحالات!AO71) -> 48 | AP7: =SUM(الإحالات!AP71) -> 632 | AQ7: =SUM(AN7:AP7) -> 680 | AR7: =SUM(الإحالات!AR71) -> 0 | AU7: غير | AV7: ذكر | AW7: =SUM(الإحالات!AW71) -> 0 | AX7: =SUM(الإحالات!AX71) -> 11 | AY7: =SUM(الإحالات!AY71) -> 582 | AZ7: =SUM(AW7:AY7) -> 593 | BA7: =SUM(الإحالات!BA71) -> 0 | BD7: غير | BE7: ذكر | BF7: =SUM(الإحالات!BF71) -> 0 | BG7: =SUM(الإحالات!BG71) -> 199 | BH7: =SUM(الإحالات!BH71) -> 2100 | BI7: =SUM(BF7:BH7) -> 2299 | BJ7: =SUM(الإحالات!BJ71) -> 0 | BM7: غير | BN7: ذكر | BO7: =SUM(الإحالات!BO71) -> 0 | BP7: =SUM(الإحالات!BP71) -> 33 | BQ7: =SUM(الإحالات!BQ71) -> 202 | BR7: =SUM(BO7:BQ7) -> 235 | BS7: =SUM(الإحالات!BS71) -> 0 | BV7: غير | BW7: ذكر | BX7: =SUM(الإحالات!BX71) -> 0 | BY7: =SUM(الإحالات!BY71) -> 17 | BZ7: =SUM(الإحالات!BZ71) -> 139 | CA7: =SUM(BX7:BZ7) -> 156 | CB7: =SUM(الإحالات!CB71) -> 0 | CE7: غير | CF7: ذكر | CG7: =SUM(الإحالات!CG71) -> 0 | CH7: =SUM(الإحالات!CH71) -> 9 | CI7: =SUM(الإحالات!CI71) -> 129 | CJ7: =SUM(CG7:CI7) -> 138 | CK7: =SUM(الإحالات!CK71) -> 0 | CN7: غير | CO7: ذكر | CP7: =SUM(الإحالات!CP71) -> 0 | CQ7: =SUM(الإحالات!CQ71) -> 0 | CR7: =SUM(الإحالات!CR71) -> 0 | CS7: =SUM(CP7:CR7) -> 0 | CT7: =SUM(الإحالات!CT71) -> 0 | CW7: غير | CX7: ذكر | CY7: =SUM(الإحالات!CY71) -> 0 | CZ7: =SUM(الإحالات!CZ71) -> 0 | DA7: =SUM(الإحالات!DA71) -> 0 | DB7: =SUM(CY7:DA7) -> 0 | DC7: =SUM(الإحالات!DC71) -> 0 | DF7: غير | DG7: ذكر | DH7: =SUM(الإحالات!DH71) -> 1 | DI7: =SUM(الإحالات!DI71) -> 1396 | DJ7: =SUM(الإحالات!DJ71) -> 7052 | DK7: =SUM(DH7:DJ7) -> 8449 | DL7: =SUM(الإحالات!DL71) -> 0
B8: سعودي | C8: أنثى | D8: =SUM(الإحالات!D72) -> 0 | E8: =SUM(الإحالات!E72) -> 63 | F8: =SUM(الإحالات!F72) -> 148 | G8: =SUM(D8:F8) -> 211 | H8: =SUM(الإحالات!H72) -> 0 | K8: سعودي | L8: أنثى | M8: =SUM(الإحالات!M72) -> 0 | N8: =SUM(الإحالات!N72) -> 21 | O8: =SUM(الإحالات!O72) -> 101 | P8: =SUM(M8:O8) -> 122 | Q8: =SUM(الإحالات!Q72) -> 0 | T8: سعودي | U8: أنثى | V8: =SUM(الإحالات!V72) -> 0 | W8: =SUM(الإحالات!W72) -> 59 | X8: =SUM(الإحالات!X72) -> 125 | Y8: =SUM(V8:X8) -> 184 | Z8: =SUM(الإحالات!Z72) -> 0 | AC8: سعودي | AD8: أنثى | AE8: =SUM(الإحالات!AE72) -> 0 | AF8: =SUM(الإحالات!AF72) -> 43 | AG8: =SUM(الإحالات!AG72) -> 109 | AH8: =SUM(AE8:AG8) -> 152 | AI8: =SUM(الإحالات!AI72) -> 0 | AL8: سعودي | AM8: أنثى | AN8: =SUM(الإحالات!AN72) -> 0 | AO8: =SUM(الإحالات!AO72) -> 31 | AP8: =SUM(الإحالات!AP72) -> 441 | AQ8: =SUM(AN8:AP8) -> 472 | AR8: =SUM(الإحالات!AR72) -> 0 | AU8: سعودي | AV8: أنثى | AW8: =SUM(الإحالات!AW72) -> 0 | AX8: =SUM(الإحالات!AX72) -> 12 | AY8: =SUM(الإحالات!AY72) -> 346 | AZ8: =SUM(AW8:AY8) -> 358 | BA8: =SUM(الإحالات!BA72) -> 0 | BD8: سعودي | BE8: أنثى | BF8: =SUM(الإحالات!BF72) -> 0 | BG8: =SUM(الإحالات!BG72) -> 111 | BH8: =SUM(الإحالات!BH72) -> 159 | BI8: =SUM(BF8:BH8) -> 270 | BJ8: =SUM(الإحالات!BJ72) -> 0 | BM8: سعودي | BN8: أنثى | BO8: =SUM(الإحالات!BO72) -> 0 | BP8: =SUM(الإحالات!BP72) -> 25 | BQ8: =SUM(الإحالات!BQ72) -> 352 | BR8: =SUM(BO8:BQ8) -> 377 | BS8: =SUM(الإحالات!BS72) -> 0 | BV8: سعودي | BW8: أنثى | BX8: =SUM(الإحالات!BX72) -> 0 | BY8: =SUM(الإحالات!BY72) -> 15 | BZ8: =SUM(الإحالات!BZ72) -> 117 | CA8: =SUM(BX8:BZ8) -> 132 | CB8: =SUM(الإحالات!CB72) -> 0 | CE8: سعودي | CF8: أنثى | CG8: =SUM(الإحالات!CG72) -> 0 | CH8: =SUM(الإحالات!CH72) -> 11 | CI8: =SUM(الإحالات!CI72) -> 56 | CJ8: =SUM(CG8:CI8) -> 67 | CK8: =SUM(الإحالات!CK72) -> 0 | CN8: سعودي | CO8: أنثى | CP8: =SUM(الإحالات!CP72) -> 0 | CQ8: =SUM(الإحالات!CQ72) -> 0 | CR8: =SUM(الإحالات!CR72) -> 0 | CS8: =SUM(CP8:CR8) -> 0 | CT8: =SUM(الإحالات!CT72) -> 0 | CW8: سعودي | CX8: أنثى | CY8: =SUM(الإحالات!CY72) -> 0 | CZ8: =SUM(الإحالات!CZ72) -> 0 | DA8: =SUM(الإحالات!DA72) -> 0 | DB8: =SUM(CY8:DA8) -> 0 | DC8: =SUM(الإحالات!DC72) -> 0 | DF8: سعودي | DG8: أنثى | DH8: =SUM(الإحالات!DH72) -> 0 | DI8: =SUM(الإحالات!DI72) -> 391 | DJ8: =SUM(الإحالات!DJ72) -> 1954 | DK8: =SUM(DH8:DJ8) -> 2345 | DL8: =SUM(الإحالات!DL72) -> 0
B9: المجموع | D9: =SUM(D5:D8) -> 1 | E9: =SUM(E5:E8) -> 530 | F9: =SUM(F5:F8) -> 4514 | G9: =SUM(G5:G8) -> 5045 | H9: =SUM(H5:H8) -> 0 | K9: المجموع | M9: =SUM(M5:M8) -> 0 | N9: =SUM(N5:N8) -> 899 | O9: =SUM(O5:O8) -> 4728 | P9: =SUM(P5:P8) -> 5627 | Q9: =SUM(Q5:Q8) -> 0 | T9: المجموع | V9: =SUM(V5:V8) -> 4 | W9: =SUM(W5:W8) -> 2340 | X9: =SUM(X5:X8) -> 6826 | Y9: =SUM(Y5:Y8) -> 9170 | Z9: =SUM(Z5:Z8) -> 0 | AC9: المجموع | AE9: =SUM(AE5:AE8) -> 0 | AF9: =SUM(AF5:AF8) -> 568 | AG9: =SUM(AG5:AG8) -> 6279 | AH9: =SUM(AH5:AH8) -> 6847 | AI9: =SUM(AI5:AI8) -> 0 | AL9: المجموع | AN9: =SUM(AN5:AN8) -> 0 | AO9: =SUM(AO5:AO8) -> 301 | AP9: =SUM(AP5:AP8) -> 4862 | AQ9: =SUM(AQ5:AQ8) -> 5163 | AR9: =SUM(AR5:AR8) -> 0 | AU9: المجموع | AW9: =SUM(AW5:AW8) -> 0 | AX9: =SUM(AX5:AX8) -> 206 | AY9: =SUM(AY5:AY8) -> 5461 | AZ9: =SUM(AZ5:AZ8) -> 5667 | BA9: =SUM(BA5:BA8) -> 0 | BD9: المجموع | BF9: =SUM(BF5:BF8) -> 0 | BG9: =SUM(BG5:BG8) -> 1476 | BH9: =SUM(BH5:BH8) -> 10034 | BI9: =SUM(BI5:BI8) -> 11510 | BJ9: =SUM(BJ5:BJ8) -> 0 | BM9: المجموع | BO9: =SUM(BO5:BO8) -> 5 | BP9: =SUM(BP5:BP8) -> 385 | BQ9: =SUM(BQ5:BQ8) -> 4102 | BR9: =SUM(BR5:BR8) -> 4492 | BS9: =SUM(BS5:BS8) -> 0 | BV9: المجموع | BX9: =SUM(BX5:BX8) -> 0 | BY9: =SUM(BY5:BY8) -> 275 | BZ9: =SUM(BZ5:BZ8) -> 3249 | CA9: =SUM(CA5:CA8) -> 3524 | CB9: =SUM(CB5:CB8) -> 0 | CE9: المجموع | CG9: =SUM(CG5:CG8) -> 0 | CH9: =SUM(CH5:CH8) -> 162 | CI9: =SUM(CI5:CI8) -> 3635 | CJ9: =SUM(CJ5:CJ8) -> 3797 | CK9: =SUM(CK5:CK8) -> 0 | CN9: المجموع | CP9: =SUM(CP5:CP8) -> 0 | CQ9: =SUM(CQ5:CQ8) -> 0 | CR9: =SUM(CR5:CR8) -> 0 | CS9: =SUM(CS5:CS8) -> 0 | CT9: =SUM(CT5:CT8) -> 0 | CW9: المجموع | CY9: =SUM(CY5:CY8) -> 0 | CZ9: =SUM(CZ5:CZ8) -> 0 | DA9: =SUM(DA5:DA8) -> 0 | DB9: =SUM(DB5:DB8) -> 0 | DC9: =SUM(DC5:DC8) -> 0 | DF9: المجموع | DH9: =SUM(DH5:DH8) -> 10 | DI9: =SUM(DI5:DI8) -> 7142 | DJ9: =SUM(DJ5:DJ8) -> 53690 | DK9: =SUM(DK5:DK8) -> 60842 | DL9: =SUM(DL5:DL8) -> 0
A11: محمد الزهراني | H11: ادارة الاحصاء | J11: محمد الزهراني | Q11: ادارة الاحصاء | S11: محمد الزهراني | Z11: ادارة الاحصاء | AB11: محمد الزهراني | AI11: ادارة الاحصاء | AK11: محمد الزهراني | AR11: ادارة الاحصاء | AT11: محمد الزهراني | BA11: ادارة الاحصاء | BC11: محمد الزهراني | BJ11: ادارة الاحصاء | BL11: محمد الزهراني | BS11: ادارة الاحصاء | BU11: محمد الزهراني | CB11: ادارة الاحصاء | CD11: محمد الزهراني | CK11: ادارة الاحصاء | CM11: محمد الزهراني | CT11: ادارة الاحصاء | CV11: محمد الزهراني | DC11: ادارة الاحصاء | DE11: محمد الزهراني | DL11: ادارة الاحصاء
