Workbook

Sheet مراجعي العيادات
H1: شهر | I1: 1 | J1: عام | K1: 1447 | L1: هـ | V1: شهر | W1: 2 | X1: عام | Y1: 1447 | Z1: هـ | AJ1: شهر | AK1: 3 | AL1: عام | AM1: 1447 | AN1: هـ | AX1: شهر | AY1: 4 | AZ1: عام | BA1: 1447 | BB1: هـ | BL1: شهر | BM1: 5 | BN1: عام | BO1: 1447 | BP1: هـ | BZ1: شهر | CA1: 6 | CB1: عام | CC1: 1447 | CD1: هـ | CN1: شهر | CO1: 7 | CP1: عام | CQ1: 1447 | CR1: هـ | DB1: شهر | DC1: 8 | DD1: عام | DE1: 1447 | DF1: هـ | DP1: شهر | DQ1: 9 | DR1: عام | DS1: 1447 | DT1: هـ | ED1: شهر | EE1: 10 | EF1: عام | EG1: 1447 | EH1: هـ | ER1: شهر | ES1: 11 | ET1: عام | EU1: 1447 | EV1: هـ | FF1: شهر | FG1: 12 | FH1: عام | FI1: 1447 | FJ1: هـ | FV1: عام | FW1: =SUM(FI1) -> 1447 | FX1: هـ
A2: 3ـ | B2: إجمالي المراجعين للمركز خلال الشهر : | O2: 3ـ | P2: إجمالي المراجعين للمركز خلال الشهر : | AC2: 3ـ | AD2: إجمالي المراجعين للمركز خلال الشهر : | AQ2: 3ـ | AR2: إجمالي المراجعين للمركز خلال الشهر : | BE2: 3ـ | BF2: إجمالي المراجعين للمركز خلال الشهر : | BS2: 3ـ | BT2: إجمالي المراجعين للمركز خلال الشهر : | CG2: 3ـ | CH2: إجمالي المراجعين للمركز خلال الشهر : | CU2: 3ـ | CV2: إجمالي المراجعين للمركز خلال الشهر : | DI2: 3ـ | DJ2: إجمالي المراجعين للمركز خلال الشهر : | DW2: 3ـ | DX2: إجمالي المراجعين للمركز خلال الشهر : | EK2: 3ـ | EL2: إجمالي المراجعين للمركز خلال الشهر : | EY2: 3ـ | EZ2: إجمالي المراجعين للمركز خلال الشهر : | FM2: 3ـ | FN2: إجمالي المراجعين للمركز خلال العام :
A4: المركز الصحي | B4: الجنسية | C4: الجنس | D4: عدد مراجعي العيادات العامة | E4: مراجعي الأمراض المزمنة | F4: عدد مراجعي عيادة الأسنان | G4: عدد زيارات الحوامل | H4: الطفل السليم والتطعيمات | I4: مجموع مراجعي العيادات | J4: الضماد والحقن والطواريء | K4: المختبر | L4: الأشعة | M4: مجموع الخدمات والمساندة | O4: المركز الصحي | P4: الجنسية | Q4: الجنس | R4: عدد مراجعي العيادات العامة | S4: مراجعي الأمراض المزمنة | T4: عدد مراجعي عيادة الأسنان | U4: عدد زيارات الحوامل | V4: الطفل السليم والتطعيمات | W4: مجموع مراجعي العيادات | X4: الضماد والحقن والطواريء | Y4: المختبر | Z4: الأشعة | AA4: مجموع الخدمات والمساندة | AC4: المركز الصحي | AD4: الجنسية | AE4: الجنس | AF4: عدد مراجعي العيادات العامة | AG4: مراجعي الأمراض المزمنة | AH4: عدد مراجعي عيادة الأسنان | AI4: عدد زيارات الحوامل | AJ4: الطفل السليم والتطعيمات | AK4: مجموع مراجعي العيادات | AL4: الضماد والحقن والطواريء | AM4: المختبر | AN4: الأشعة | AO4: مجموع الخدمات والمساندة | AQ4: المركز الصحي | AR4: الجنسية | AS4: الجنس | AT4: عدد مراجعي العيادات العامة | AU4: مراجعي الأمراض المزمنة | AV4: عدد مراجعي عيادة الأسنان | AW4: عدد زيارات الحوامل | AX4: الطفل السليم والتطعيمات | AY4: مجموع مراجعي العيادات | AZ4: الضماد والحقن والطواريء | BA4: المختبر | BB4: الأشعة | BC4: مجموع الخدمات والمساندة | BE4: المركز الصحي | BF4: الجنسية | BG4: الجنس | BH4: عدد مراجعي العيادات العامة | BI4: مراجعي الأمراض المزمنة | BJ4: عدد مراجعي عيادة الأسنان | BK4: عدد زيارات الحوامل | BL4: الطفل السليم والتطعيمات | BM4: مجموع مراجعي العيادات | BN4: الضماد والحقن والطواريء | BO4: المختبر | BP4: الأشعة | BQ4: مجموع الخدمات والمساندة | BS4: المركز الصحي | BT4: الجنسية | BU4: الجنس | BV4: عدد مراجعي العيادات العامة | BW4: مراجعي الأمراض المزمنة | BX4: عدد مراجعي عيادة الأسنان | BY4: عدد زيارات الحوامل | BZ4: الطفل السليم والتطعيمات | CA4: مجموع مراجعي العيادات | CB4: الضماد والحقن والطواريء | CC4: المختبر | CD4: الأشعة | CE4: مجموع الخدمات والمساندة | CG4: المركز الصحي | CH4: الجنسية | CI4: الجنس | CJ4: عدد مراجعي العيادات العامة | CK4: مراجعي الأمراض المزمنة | CL4: عدد مراجعي عيادة الأسنان | CM4: عدد زيارات الحوامل | CN4: الطفل السليم والتطعيمات | CO4: مجموع مراجعي العيادات | CP4: الضماد والحقن والطواريء | CQ4: المختبر | CR4: الأشعة | CS4: مجموع الخدمات والمساندة | CU4: المركز الصحي | CV4: الجنسية | CW4: الجنس | CX4: عدد مراجعي العيادات العامة | CY4: مراجعي الأمراض المزمنة | CZ4: عدد مراجعي عيادة الأسنان | DA4: عدد زيارات الحوامل | DB4: الطفل السليم والتطعيمات | DC4: مجموع مراجعي العيادات | DD4: الضماد والحقن والطواريء | DE4: المختبر | DF4: الأشعة | DG4: مجموع الخدمات والمساندة | DI4: المركز الصحي | DJ4: الجنسية | DK4: الجنس | DL4: عدد مراجعي العيادات العامة | DM4: مراجعي الأمراض المزمنة | DN4: عدد مراجعي عيادة الأسنان | DO4: عدد زيارات الحوامل | DP4: الطفل السليم والتطعيمات | DQ4: مجموع مراجعي العيادات | DR4: الضماد والحقن والطواريء | DS4: المختبر | DT4: الأشعة | DU4: مجموع الخدمات والمساندة | DW4: المركز الصحي | DX4: الجنسية | DY4: الجنس | DZ4: عدد مراجعي العيادات العامة | EA4: مراجعي الأمراض المزمنة | EB4: عدد مراجعي عيادة الأسنان | EC4: عدد زيارات الحوامل | ED4: الطفل السليم والتطعيمات | EE4: مجموع مراجعي العيادات | EF4: الضماد والحقن والطواريء | EG4: المختبر | EH4: الأشعة | EI4: مجموع الخدمات والمساندة | EK4: المركز الصحي | EL4: الجنسية | EM4: الجنس | EN4: عدد مراجعي العيادات العامة | EO4: مراجعي الأمراض المزمنة | EP4: عدد مراجعي عيادة الأسنان | EQ4: عدد زيارات الحوامل | ER4: الطفل السليم والتطعيمات | ES4: مجموع مراجعي العيادات | ET4: الضماد والحقن والطواريء | EU4: المختبر | EV4: الأشعة | EW4: مجموع الخدمات والمساندة | EY4: المركز الصحي | EZ4: الجنسية | FA4: الجنس | FB4: عدد مراجعي العيادات العامة | FC4: مراجعي الأمراض المزمنة | FD4: عدد مراجعي عيادة الأسنان | FE4: عدد زيارات الحوامل | FF4: الطفل السليم والتطعيمات | FG4: مجموع مراجعي العيادات | FH4: الضماد والحقن والطواريء | FI4: المختبر | FJ4: الأشعة | FK4: مجموع الخدمات والمساندة | FM4: المركز الصحي | FN4: الجنسية | FO4: الجنس | FP4: عدد مراجعي العيادات العامة | FQ4: مراجعي الأمراض المزمنة | FR4: عدد مراجعي عيادة الأسنان | FS4: عدد زيارات الحوامل | FT4: الطفل السليم والتطعيمات | FU4: مجموع مراجعي العيادات | FV4: الضماد والحقن والطواريء | FW4: المختبر | FX4: الأشعة | FY4: مجموع الخدمات والمساندة
D5: 1 | E5: 2 | F5: 3 | G5: 4 | H5: 5 | I5: 6=1+2+3+4+5 | J5: 7 | K5: 8 | L5: 9 | M5: 10=7+8+9 | R5: 1 | S5: 2 | T5: 3 | U5: 4 | V5: 5 | W5: 6=1+2+3+4+5 | X5: 7 | Y5: 8 | Z5: 9 | AA5: 10=7+8+9 | AF5: 1 | AG5: 2 | AH5: 3 | AI5: 4 | AJ5: 5 | AK5: 6=1+2+3+4+5 | AL5: 7 | AM5: 8 | AN5: 9 | AO5: 10=7+8+9 | AT5: 1 | AU5: 2 | AV5: 3 | AW5: 4 | AX5: 5 | AY5: 6=1+2+3+4+5 | AZ5: 7 | BA5: 8 | BB5: 9 | BC5: 10=7+8+9 | BH5: 1 | BI5: 2 | BJ5: 3 | BK5: 4 | BL5: 5 | BM5: 6=1+2+3+4+5 | BN5: 7 | BO5: 8 | BP5: 9 | BQ5: 10=7+8+9 | BV5: 1 | BW5: 2 | BX5: 3 | BY5: 4 | BZ5: 5 | CA5: 6=1+2+3+4+5 | CB5: 7 | CC5: 8 | CD5: 9 | CE5: 10=7+8+9 | CJ5: 1 | CK5: 2 | CL5: 3 | CM5: 4 | CN5: 5 | CO5: 6=1+2+3+4+5 | CP5: 7 | CQ5: 8 | CR5: 9 | CS5: 10=7+8+9 | CX5: 1 | CY5: 2 | CZ5: 3 | DA5: 4 | DB5: 5 | DC5: 6=1+2+3+4+5 | DD5: 7 | DE5: 8 | DF5: 9 | DG5: 10=7+8+9 | DL5: 1 | DM5: 2 | DN5: 3 | DO5: 4 | DP5: 5 | DQ5: 6=1+2+3+4+5 | DR5: 7 | DS5: 8 | DT5: 9 | DU5: 10=7+8+9 | DZ5: 1 | EA5: 2 | EB5: 3 | EC5: 4 | ED5: 5 | EE5: 6=1+2+3+4+5 | EF5: 7 | EG5: 8 | EH5: 9 | EI5: 10=7+8+9 | EN5: 1 | EO5: 2 | EP5: 3 | EQ5: 4 | ER5: 5 | ES5: 6=1+2+3+4+5 | ET5: 7 | EU5: 8 | EV5: 9 | EW5: 10=7+8+9 | FB5: 1 | FC5: 2 | FD5: 3 | FE5: 4 | FF5: 5 | FG5: 6=1+2+3+4+5 | FH5: 7 | FI5: 8 | FJ5: 9 | FK5: 10=7+8+9 | FP5: 1 | FQ5: 2 | FR5: 3 | FS5: 4 | FT5: 5 | FU5: 6=1+2+3+4+5 | FV5: 7 | FW5: 8 | FX5: 9 | FY5: 10=7+8+9
A6: الربيع والتوفيق | B6: سعودي | C6: ذكر | D6: 2111 | E6: 151 | F6: 182 | G6: 0 | H6: 498 | I6: 2942 | J6: 86 | K6: 597 | L6: 0 | M6: =SUM(J6:L6) -> 683 | O6: الربيع والتوفيق | P6: سعودي | Q6: ذكر | R6: 2122 | S6: 132 | T6: 123 | U6: 0 | V6: 522 | W6: 2122 | X6: 94 | Y6: 752 | Z6: 0 | AA6: =SUM(X6:Z6) -> 846 | AC6: الربيع والتوفيق | AD6: سعودي | AE6: ذكر | AF6: 2155 | AG6: 865 | AH6: 145 | AI6: 0 | AJ6: 388 | AK6: 3553 | AL6: 154 | AM6: 565 | AN6: 0 | AO6: =SUM(AL6:AN6) -> 719 | AQ6: الربيع والتوفيق | AR6: سعودي | AS6: ذكر | AT6: 1520 | AU6: 537 | AV6: 219 | AW6: 0 | AX6: 644 | AY6: 2920 | AZ6: 226 | BA6: 744 | BB6: 0 | BC6: 970 | BE6: الربيع والتوفيق | BF6: سعودي | BG6: ذكر | BH6: 1852 | BI6: 332 | BJ6: 185 | BK6: 0 | BL6: 285 | BM6: 2654 | BN6: 202 | BO6: 544 | BP6: 0 | BQ6: =SUM(BN6:BP6) -> 746 | BS6: الربيع والتوفيق | BT6: سعودي | BU6: ذكر | BV6: 1640 | BW6: 573 | BX6: 78 | BY6: 0 | BZ6: 747 | CA6: 3038 | CB6: 48 | CC6: 744 | CD6: 0 | CE6: =SUM(CB6:CD6) -> 792 | CG6: الربيع والتوفيق | CH6: سعودي | CI6: ذكر | CJ6: 1890 | CK6: 0 | CL6: 173 | CM6: 0 | CN6: 400 | CO6: 597 | CP6: 0 | CQ6: 683 | CR6: 0 | CS6: 683 | CU6: الربيع والتوفيق | CV6: سعودي | CW6: ذكر | CX6: 1640 | CY6: 573 | CZ6: 78 | DA6: 0 | DB6: 747 | DC6: =SUM(CX6:DB6) -> 3038 | DD6: 48 | DE6: 744 | DF6: 0 | DG6: =SUM(DD6:DF6) -> 792 | DI6: الربيع والتوفيق | DJ6: سعودي | DK6: ذكر | DL6: 882 | DM6: 210 | DN6: 123 | DO6: 0 | DP6: 474 | DQ6: =SUM(DL6:DP6) -> 1689 | DR6: 54 | DS6: 356 | DT6: 0 | DU6: =SUM(DR6:DT6) -> 410 | DW6: الربيع والتوفيق | DX6: سعودي | DY6: ذكر | DZ6: 2128 | EA6: 66 | EB6: 0 | EC6: 0 | ED6: 500 | EE6: =SUM(DZ6:ED6) -> 2694 | EF6: 85 | EG6: 586 | EH6: 0 | EI6: =SUM(EF6:EH6) -> 671 | EK6: الربيع والتوفيق | EL6: سعودي | EM6: ذكر | EN6: 0 | EO6: 0 | EP6: 0 | EQ6: 0 | ER6: 0 | ES6: =SUM(EN6:ER6) -> 0 | ET6: 0 | EU6: 0 | EV6: 0 | EW6: =SUM(ET6:EV6) -> 0 | EY6: الربيع والتوفيق | EZ6: سعودي | FA6: ذكر | FB6: 0 | FC6: 0 | FD6: 0 | FE6: 0 | FF6: 0 | FG6: =SUM(FB6:FF6) -> 0 | FH6: 0 | FI6: 0 | FJ6: 0 | FK6: =SUM(FH6:FJ6) -> 0 | FM6: =EY6 -> الربيع والتوفيق | FN6: سعودي | FO6: ذكر | FP6: =SUM(D6+R6+AF6+AT6+BH6+BV6+CJ6+CX6+DL6+DZ6+EN6+FB6) -> 17940 | FQ6: =SUM(E6+S6+AG6+AU6+BI6+BW6+CK6+CY6+DM6+EA6+EO6+FC6) -> 3439 | FR6: =SUM(F6+T6+AH6+AV6+BJ6+BX6+CL6+CZ6+DN6+EB6+EP6+FD6) -> 1306 | FS6: =SUM(G6+U6+AI6+AW6+BK6+BY6+CM6+DA6+DO6+EC6+EQ6+FE6) -> 0 | FT6: =SUM(H6+V6+AJ6+AX6+BL6+BZ6+CN6+DB6+DP6+ED6+ER6+FF6) -> 5205 | FU6: =SUM(FP6:FT6) -> 27890 | FV6: =SUM(J6+X6+AL6+AZ6+BN6+CB6+CP6+DD6+DR6+EF6+ET6+FH6) -> 997 | FW6: =SUM(K6+Y6+AM6+BA6+BO6+CC6+CQ6+DE6+DS6+EG6+EU6+FI6) -> 6315 | FX6: =SUM(L6+Z6+AN6+BB6+BP6+CD6+CR6+DF6+DT6+EH6+EV6+FJ6) -> 0 | FY6: =SUM(FV6:FX6) -> 7312
C7: أنثى | D7: 2698 | E7: 201 | F7: 261 | G7: 5 | H7: 489 | I7: 3654 | J7: 85 | K7: 750 | L7: 0 | M7: =SUM(J7:L7) -> 835 | Q7: أنثى | R7: 2470 | S7: 182 | T7: 219 | U7: 32 | V7: 585 | W7: 2470 | X7: 102 | Y7: 862 | Z7: 0 | AA7: =SUM(X7:Z7) -> 964 | AE7: أنثى | AF7: 2530 | AG7: 777 | AH7: 145 | AI7: 19 | AJ7: 379 | AK7: 3850 | AL7: 95 | AM7: 745 | AN7: 0 | AO7: =SUM(AL7:AN7) -> 840 | AS7: أنثى | AT7: 633 | AU7: 425 | AV7: 274 | AW7: 29 | AX7: 910 | AY7: 2271 | AZ7: 63 | BA7: 1080 | BB7: 0 | BC7: 1143 | BG7: أنثى | BH7: 1208 | BI7: 348 | BJ7: 255 | BK7: 3 | BL7: 301 | BM7: 2115 | BN7: 140 | BO7: 432 | BP7: 0 | BQ7: =SUM(BN7:BP7) -> 572 | BU7: أنثى | BV7: 1380 | BW7: 465 | BX7: 113 | BY7: 15 | BZ7: 824 | CA7: 2797 | CB7: 32 | CC7: 1081 | CD7: 0 | CE7: =SUM(CB7:CD7) -> 1113 | CI7: أنثى | CJ7: 1800 | CK7: 5 | CL7: 265 | CM7: 26 | CN7: 436 | CO7: 750 | CP7: 0 | CQ7: 835 | CR7: 0 | CS7: 835 | CW7: أنثى | CX7: 1380 | CY7: 465 | CZ7: 113 | DA7: 15 | DB7: 824 | DC7: =SUM(CX7:DB7) -> 2797 | DD7: 32 | DE7: 1081 | DF7: 0 | DG7: =SUM(DD7:DF7) -> 1113 | DK7: أنثى | DL7: 1032 | DM7: 223 | DN7: 204 | DO7: 147 | DP7: 520 | DQ7: =SUM(DL7:DP7) -> 2126 | DR7: 88 | DS7: 250 | DT7: 0 | DU7: =SUM(DR7:DT7) -> 338 | DY7: أنثى | DZ7: 2715 | EA7: 60 | EB7: 0 | EC7: 2 | ED7: 216 | EE7: =SUM(DZ7:ED7) -> 2993 | EF7: 81 | EG7: 747 | EH7: 0 | EI7: =SUM(EF7:EH7) -> 828 | EM7: أنثى | EN7: 0 | EO7: 0 | EP7: 0 | EQ7: 0 | ER7: 0 | ES7: =SUM(EN7:ER7) -> 0 | ET7: 0 | EU7: 0 | EV7: 0 | EW7: =SUM(ET7:EV7) -> 0 | FA7: أنثى | FB7: 0 | FC7: 0 | FD7: 0 | FE7: 0 | FF7: 0 | FG7: =SUM(FB7:FF7) -> 0 | FH7: 0 | FI7: 0 | FJ7: 0 | FK7: =SUM(FH7:FJ7) -> 0 | FO7: أنثى | FP7: =SUM(D7+R7+AF7+AT7+BH7+BV7+CJ7+CX7+DL7+DZ7+EN7+FB7) -> 17846 | FQ7: =SUM(E7+S7+AG7+AU7+BI7+BW7+CK7+CY7+DM7+EA7+EO7+FC7) -> 3151 | FR7: =SUM(F7+T7+AH7+AV7+BJ7+BX7+CL7+CZ7+DN7+EB7+EP7+FD7) -> 1849 | FS7: =SUM(G7+U7+AI7+AW7+BK7+BY7+CM7+DA7+DO7+EC7+EQ7+FE7) -> 293 | FT7: =SUM(H7+V7+AJ7+AX7+BL7+BZ7+CN7+DB7+DP7+ED7+ER7+FF7) -> 5484 | FU7: =SUM(FP7:FT7) -> 28623 | FV7: =SUM(J7+X7+AL7+AZ7+BN7+CB7+CP7+DD7+DR7+EF7+ET7+FH7) -> 718 | FW7: =SUM(K7+Y7+AM7+BA7+BO7+CC7+CQ7+DE7+DS7+EG7+EU7+FI7) -> 7863 | FX7: =SUM(L7+Z7+AN7+BB7+BP7+CD7+CR7+DF7+DT7+EH7+EV7+FJ7) -> 0 | FY7: =SUM(FV7:FX7) -> 8581
B8: مجموع السعوديين | D8: 4809 | E8: 352 | F8: 443 | G8: 5 | H8: 987 | I8: 6596 | J8: 171 | K8: 1347 | L8: 0 | M8: =SUM(M6:M7) -> 1518 | P8: مجموع السعوديين | R8: 4592 | S8: 314 | T8: 342 | U8: 32 | V8: 1107 | W8: 4592 | X8: 196 | Y8: 1614 | Z8: 0 | AA8: =SUM(AA6:AA7) -> 1810 | AD8: مجموع السعوديين | AF8: 2350 | AG8: 1642 | AH8: 290 | AI8: 19 | AJ8: 767 | AK8: 7403 | AL8: 249 | AM8: 1310 | AN8: 0 | AO8: =SUM(AO6:AO7) -> 1559 | AR8: مجموع السعوديين | AT8: 2153 | AU8: 962 | AV8: 493 | AW8: 29 | AX8: 1554 | AY8: 5191 | AZ8: 289 | BA8: 1824 | BB8: 0 | BC8: 2113 | BF8: مجموع السعوديين | BH8: 3060 | BI8: 680 | BJ8: 440 | BK8: 3 | BL8: 586 | BM8: 4769 | BN8: 342 | BO8: 976 | BP8: 0 | BQ8: =SUM(BQ6:BQ7) -> 1318 | BT8: مجموع السعوديين | BV8: 3020 | BW8: 1038 | BX8: 191 | BY8: 15 | BZ8: 1571 | CA8: 5835 | CB8: 80 | CC8: 1825 | CD8: 0 | CE8: =SUM(CE6:CE7) -> 1905 | CH8: مجموع السعوديين | CJ8: 3690 | CK8: 5 | CL8: 438 | CM8: 26 | CN8: 836 | CO8: 1347 | CP8: 0 | CQ8: 1518 | CR8: 0 | CS8: 1518 | CV8: مجموع السعوديين | CX8: =SUM(CX6:CX7) -> 3020 | CY8: =SUM(CY6:CY7) -> 1038 | CZ8: =SUM(CZ6:CZ7) -> 191 | DA8: =SUM(DA6:DA7) -> 15 | DB8: =SUM(DB6:DB7) -> 1571 | DC8: =SUM(DC6:DC7) -> 5835 | DD8: =SUM(DD6:DD7) -> 80 | DE8: =SUM(DE6:DE7) -> 1825 | ... DG8: =SUM(DG6:DG7) -> 1905 | DJ8: مجموع السعوديين | DL8: =SUM(DL6:DL7) -> 1914 | DM8: =SUM(DM6:DM7) -> 433 | DN8: =SUM(DN6:DN7) -> 327 | DO8: =SUM(DO6:DO7) -> 147 | DP8: =SUM(DP6:DP7) -> 994 | DQ8: =SUM(DQ6:DQ7) -> 3815 | DR8: =SUM(DR6:DR7) -> 142 | DS8: =SUM(DS6:DS7) -> 606 | ... DU8: =SUM(DU6:DU7) -> 748 | DX8: مجموع السعوديين | DZ8: =SUM(DZ6:DZ7) -> 4843 | EA8: =SUM(EA6:EA7) -> 126 | EB8: =SUM(EB6:EB7) -> 0 | EC8: =SUM(EC6:EC7) -> 2 | ED8: =SUM(ED6:ED7) -> 716 | EE8: =SUM(EE6:EE7) -> 5687 | EF8: =SUM(EF6:EF7) -> 166 | EG8: =SUM(EG6:EG7) -> 1333 | ... EI8: =SUM(EI6:EI7) -> 1499 | EL8: مجموع السعوديين | EN8: =SUM(EN6:EN7) -> 0 | EO8: =SUM(EO6:EO7) -> 0 | EP8: =SUM(EP6:EP7) -> 0 | EQ8: =SUM(EQ6:EQ7) -> 0 | ER8: =SUM(ER6:ER7) -> 0 | ES8: =SUM(ES6:ES7) -> 0 | ET8: =SUM(ET6:ET7) -> 0 | EU8: =SUM(EU6:EU7) -> 0 | ... EW8: =SUM(EW6:EW7) -> 0 | EZ8: مجموع السعوديين | FB8: =SUM(FB6:FB7) -> 0 | FC8: =SUM(FC6:FC7) -> 0 | FD8: =SUM(FD6:FD7) -> 0 | FE8: =SUM(FE6:FE7) -> 0 | FF8: =SUM(FF6:FF7) -> 0 | FG8: =SUM(FG6:FG7) -> 0 | FH8: =SUM(FH6:FH7) -> 0 | FI8: =SUM(FI6:FI7) -> 0 | ... FK8: =SUM(FK6:FK7) -> 0 | FN8: مجموع السعوديين | FP8: =SUM(FP6:FP7) -> 35786 | FQ8: =SUM(FQ6:FQ7) -> 6590 | FR8: =SUM(FR6:FR7) -> 3155 | FS8: =SUM(FS6:FS7) -> 293 | FT8: =SUM(FT6:FT7) -> 10689 | FU8: =SUM(FU6:FU7) -> 56513 | FV8: =SUM(FV6:FV7) -> 1715 | FW8: =SUM(FW6:FW7) -> 14178 | ... FY8: =SUM(FY6:FY7) -> 15893
B9: غير سعودي | C9: ذكر | D9: 308 | E9: 0 | F9: 0 | G9: 0 | H9: 51 | I9: 359 | J9: 1 | K9: 8 | L9: 0 | M9: =SUM(J9:L9) -> 9 | P9: غير سعودي | Q9: ذكر | R9: 213 | S9: 0 | T9: 0 | U9: 0 | V9: 1 | W9: 213 | X9: 29 | Y9: 9 | Z9: 0 | AA9: =SUM(X9:Z9) -> 38 | AD9: غير سعودي | AE9: ذكر | AF9: 0 | AG9: 255 | AH9: 0 | AI9: 0 | AJ9: 47 | AK9: 302 | AL9: 45 | AM9: 215 | AN9: 0 | AO9: =SUM(AL9:AN9) -> 260 | AR9: غير سعودي | AS9: ذكر | AT9: 99 | AU9: 291 | AV9: 0 | AW9: 0 | AX9: 0 | AY9: 390 | AZ9: 31 | BA9: 386 | BB9: 0 | BC9: 417 | BF9: غير سعودي | BG9: ذكر | BH9: 255 | BI9: 73 | BJ9: 0 | BK9: 0 | BL9: 42 | BM9: 370 | BN9: 22 | BO9: 88 | BP9: 0 | BQ9: =SUM(BN9:BP9) -> 110 | BT9: غير سعودي | BU9: ذكر | BV9: 475 | BW9: 153 | BX9: 0 | BY9: 0 | BZ9: 0 | CA9: 628 | CB9: 9 | CC9: 386 | CD9: 0 | CE9: =SUM(CB9:CD9) -> 395 | CH9: غير سعودي | CI9: ذكر | CJ9: 88 | CK9: 0 | CL9: 0 | CM9: 0 | CN9: 73 | CO9: 8 | CP9: 0 | CQ9: 9 | CR9: 0 | CS9: 9 | CV9: غير سعودي | CW9: ذكر | CX9: 475 | CY9: 153 | CZ9: 0 | DA9: 0 | DB9: 0 | DC9: =SUM(CX9:DB9) -> 628 | DD9: 9 | DE9: 386 | DF9: 0 | DG9: =SUM(DD9:DF9) -> 395 | DJ9: غير سعودي | DK9: ذكر | DL9: 416 | DM9: 90 | DN9: 0 | DO9: 0 | DP9: 228 | DQ9: =SUM(DL9:DP9) -> 734 | DR9: 17 | DS9: 0 | DT9: 0 | DU9: =SUM(DR9:DT9) -> 17 | DX9: غير سعودي | DY9: ذكر | DZ9: 506 | EA9: 11 | EB9: 0 | EC9: 0 | ED9: 59 | EE9: =SUM(DZ9:ED9) -> 576 | EF9: 18 | EG9: 173 | EH9: 0 | EI9: =SUM(EF9:EH9) -> 191 | EL9: غير سعودي | EM9: ذكر | EN9: 0 | EO9: 0 | EP9: 0 | EQ9: 0 | ER9: 0 | ES9: =SUM(EN9:ER9) -> 0 | ET9: 0 | EU9: 0 | EV9: 0 | EW9: =SUM(ET9:EV9) -> 0 | EZ9: غير سعودي | FA9: ذكر | FB9: 0 | FC9: 0 | FD9: 0 | FE9: 0 | FF9: 0 | FG9: =SUM(FB9:FF9) -> 0 | FH9: 0 | FI9: 0 | FJ9: 0 | FK9: =SUM(FH9:FJ9) -> 0 | FN9: غير سعودي | FO9: ذكر | FP9: =SUM(D9+R9+AF9+AT9+BH9+BV9+CJ9+CX9+DL9+DZ9+EN9+FB9) -> 2835 | FQ9: =SUM(E9+S9+AG9+AU9+BI9+BW9+CK9+CY9+DM9+EA9+EO9+FC9) -> 1026 | FR9: =SUM(F9+T9+AH9+AV9+BJ9+BX9+CL9+CZ9+DN9+EB9+EP9+FD9) -> 0 | FS9: =SUM(G9+U9+AI9+AW9+BK9+BY9+CM9+DA9+DO9+EC9+EQ9+FE9) -> 0 | FT9: =SUM(H9+V9+AJ9+AX9+BL9+BZ9+CN9+DB9+DP9+ED9+ER9+FF9) -> 501 | FU9: =SUM(FP9:FT9) -> 4362 | FV9: =SUM(J9+X9+AL9+AZ9+BN9+CB9+CP9+DD9+DR9+EF9+ET9+FH9) -> 181 | FW9: =SUM(K9+Y9+AM9+BA9+BO9+CC9+CQ9+DE9+DS9+EG9+EU9+FI9) -> 1660 | FX9: =SUM(L9+Z9+AN9+BB9+BP9+CD9+CR9+DF9+DT9+EH9+EV9+FJ9) -> 0 | FY9: =SUM(FV9:FX9) -> 1841
C10: أنثى | D10: 301 | E10: 0 | F10: 0 | G10: 0 | H10: 42 | I10: 343 | J10: 1 | K10: 8 | L10: 0 | M10: =SUM(J10:L10) -> 9 | Q10: أنثى | R10: 170 | S10: 0 | T10: 0 | U10: 6 | V10: 1 | W10: 170 | X10: 7 | Y10: 9 | Z10: 0 | AA10: =SUM(X10:Z10) -> 16 | AE10: أنثى | AF10: 0 | AG10: 156 | AH10: 0 | AI10: 4 | AJ10: 15 | AK10: 175 | AL10: 30 | AM10: 195 | AN10: 0 | AO10: =SUM(AL10:AN10) -> 225 | AS10: أنثى | AT10: 89 | AU10: 169 | AV10: 0 | AW10: 4 | AX10: 0 | AY10: 262 | AZ10: 39 | BA10: 677 | BB10: 0 | BC10: 716 | BG10: أنثى | BH10: 227 | BI10: 31 | BJ10: 0 | BK10: 0 | BL10: 70 | BM10: 328 | BN10: 11 | BO10: 89 | BP10: 0 | BQ10: =SUM(BN10:BP10) -> 100 | BU10: أنثى | BV10: 453 | BW10: 124 | BX10: 0 | BY10: 4 | BZ10: 0 | CA10: 581 | CB10: 3 | CC10: 677 | CD10: 0 | CE10: =SUM(CB10:CD10) -> 680 | CI10: أنثى | CJ10: 100 | CK10: 0 | CL10: 0 | CM10: 343 | CN10: 110 | CO10: 8 | CP10: 0 | CQ10: 9 | CR10: 0 | CS10: 9 | CW10: أنثى | CX10: 453 | CY10: 142 | CZ10: 0 | DA10: 0 | DB10: 0 | DC10: =SUM(CX10:DB10) -> 595 | DD10: 3 | DE10: 677 | DF10: 0 | DG10: =SUM(DD10:DF10) -> 680 | DK10: أنثى | DL10: 616 | DM10: 147 | DN10: 0 | DO10: 0 | DP10: 200 | DQ10: =SUM(DL10:DP10) -> 963 | DR10: 3 | DS10: 0 | DT10: 0 | DU10: =SUM(DR10:DT10) -> 3 | DY10: أنثى | DZ10: 396 | EA10: 9 | EB10: 0 | EC10: 1 | ED10: 53 | EE10: =SUM(DZ10:ED10) -> 459 | EF10: 10 | EG10: 294 | EH10: 0 | EI10: =SUM(EF10:EH10) -> 304 | EM10: أنثى | EN10: 0 | EO10: 0 | EP10: 0 | EQ10: 0 | ER10: 0 | ES10: =SUM(EN10:ER10) -> 0 | ET10: 0 | EU10: 0 | EV10: 0 | EW10: =SUM(ET10:EV10) -> 0 | FA10: أنثى | FB10: 0 | FC10: 0 | FD10: 0 | FE10: 0 | FF10: 0 | FG10: =SUM(FB10:FF10) -> 0 | FH10: 0 | FI10: 0 | FJ10: 0 | FK10: =SUM(FH10:FJ10) -> 0 | FO10: أنثى | FP10: =SUM(D10+R10+AF10+AT10+BH10+BV10+CJ10+CX10+DL10+DZ10+EN10+FB10) -> 2805 | FQ10: =SUM(E10+S10+AG10+AU10+BI10+BW10+CK10+CY10+DM10+EA10+EO10+FC10) -> 778 | FR10: =SUM(F10+T10+AH10+AV10+BJ10+BX10+CL10+CZ10+DN10+EB10+EP10+FD10) -> 0 | FS10: =SUM(G10+U10+AI10+AW10+BK10+BY10+CM10+DA10+DO10+EC10+EQ10+FE10) -> 362 | FT10: =SUM(H10+V10+AJ10+AX10+BL10+BZ10+CN10+DB10+DP10+ED10+ER10+FF10) -> 491 | FU10: =SUM(FP10:FT10) -> 4436 | FV10: =SUM(J10+X10+AL10+AZ10+BN10+CB10+CP10+DD10+DR10+EF10+ET10+FH10) -> 107 | FW10: =SUM(K10+Y10+AM10+BA10+BO10+CC10+CQ10+DE10+DS10+EG10+EU10+FI10) -> 2635 | FX10: =SUM(L10+Z10+AN10+BB10+BP10+CD10+CR10+DF10+DT10+EH10+EV10+FJ10) -> 0 | FY10: =SUM(FV10:FX10) -> 2742
B11: مجموع غ.سعودي | D11: =SUM(D9:D10) -> 609 | E11: =SUM(E9:E10) -> 0 | F11: =SUM(F9:F10) -> 0 | G11: =SUM(G9:G10) -> 0 | H11: =SUM(H9:H10) -> 93 | I11: =SUM(I9:I10) -> 702 | J11: =SUM(J9:J10) -> 2 | K11: =SUM(K9:K10) -> 16 | ... M11: =SUM(M9:M10) -> 18 | P11: مجموع غ.سعودي | R11: =SUM(R9:R10) -> 383 | S11: =SUM(S9:S10) -> 0 | T11: =SUM(T9:T10) -> 0 | U11: =SUM(U9:U10) -> 6 | V11: =SUM(V9:V10) -> 2 | W11: =SUM(W9:W10) -> 383 | X11: =SUM(X9:X10) -> 36 | Y11: =SUM(Y9:Y10) -> 18 | ... AA11: =SUM(AA9:AA10) -> 54 | AD11: مجموع غ.سعودي | AF11: 0 | AG11: 411 | AH11: 0 | AI11: 4 | AJ11: 62 | AK11: 477 | AL11: 75 | AM11: 410 | AN11: 0 | AO11: =SUM(AO9:AO10) -> 485 | AR11: مجموع غ.سعودي | AT11: =SUM(AT9:AT10) -> 188 | AU11: =SUM(AU9:AU10) -> 460 | AV11: =SUM(AV9:AV10) -> 0 | AW11: =SUM(AW9:AW10) -> 4 | AX11: =SUM(AX9:AX10) -> 0 | AY11: =SUM(AY9:AY10) -> 652 | AZ11: =SUM(AZ9:AZ10) -> 70 | BA11: =SUM(BA9:BA10) -> 1063 | ... BC11: =SUM(BC9:BC10) -> 1133 | BF11: مجموع غ.سعودي | BH11: =SUM(BH9:BH10) -> 482 | BI11: =SUM(BI9:BI10) -> 104 | BJ11: =SUM(BJ9:BJ10) -> 0 | BK11: =SUM(BK9:BK10) -> 0 | BL11: =SUM(BL9:BL10) -> 112 | BM11: =SUM(BM9:BM10) -> 698 | BN11: =SUM(BN9:BN10) -> 33 | BO11: =SUM(BO9:BO10) -> 177 | ... BQ11: =SUM(BQ9:BQ10) -> 210 | BT11: مجموع غ.سعودي | BV11: 928 | BW11: 277 | BX11: 0 | BY11: 4 | BZ11: 0 | CA11: 1209 | CB11: 12 | CC11: 1063 | CD11: 0 | CE11: =SUM(CE9:CE10) -> 1075 | CH11: مجموع غ.سعودي | CJ11: 188 | CK11: 0 | CL11: 0 | CM11: 343 | CN11: 183 | CO11: 16 | CP11: 0 | CQ11: 18 | CR11: 0 | CS11: 18 | CV11: مجموع غ.سعودي | CX11: =SUM(CX9:CX10) -> 928 | CY11: =SUM(CY9:CY10) -> 295 | CZ11: =SUM(CZ9:CZ10) -> 0 | DA11: =SUM(DA9:DA10) -> 0 | DB11: =SUM(DB9:DB10) -> 0 | DC11: =SUM(DC9:DC10) -> 1223 | DD11: =SUM(DD9:DD10) -> 12 | DE11: =SUM(DE9:DE10) -> 1063 | ... DG11: =SUM(DG9:DG10) -> 1075 | DJ11: مجموع غ.سعودي | DL11: =SUM(DL9:DL10) -> 1032 | DM11: =SUM(DM9:DM10) -> 237 | DN11: =SUM(DN9:DN10) -> 0 | DO11: =SUM(DO9:DO10) -> 0 | DP11: =SUM(DP9:DP10) -> 428 | DQ11: =SUM(DQ9:DQ10) -> 1697 | DR11: =SUM(DR9:DR10) -> 20 | DS11: =SUM(DS9:DS10) -> 0 | ... DU11: =SUM(DU9:DU10) -> 20 | DX11: مجموع غ.سعودي | DZ11: =SUM(DZ9:DZ10) -> 902 | EA11: =SUM(EA9:EA10) -> 20 | EB11: =SUM(EB9:EB10) -> 0 | EC11: =SUM(EC9:EC10) -> 1 | ED11: =SUM(ED9:ED10) -> 112 | EE11: =SUM(EE9:EE10) -> 1035 | EF11: =SUM(EF9:EF10) -> 28 | EG11: =SUM(EG9:EG10) -> 467 | ... EI11: =SUM(EI9:EI10) -> 495 | EL11: مجموع غ.سعودي | EN11: =SUM(EN9:EN10) -> 0 | EO11: =SUM(EO9:EO10) -> 0 | EP11: =SUM(EP9:EP10) -> 0 | EQ11: =SUM(EQ9:EQ10) -> 0 | ER11: =SUM(ER9:ER10) -> 0 | ES11: =SUM(ES9:ES10) -> 0 | ET11: =SUM(ET9:ET10) -> 0 | EU11: =SUM(EU9:EU10) -> 0 | ... EW11: =SUM(EW9:EW10) -> 0 | EZ11: مجموع غ.سعودي | FB11: =SUM(FB9:FB10) -> 0 | FC11: =SUM(FC9:FC10) -> 0 | FD11: =SUM(FD9:FD10) -> 0 | FE11: =SUM(FE9:FE10) -> 0 | FF11: =SUM(FF9:FF10) -> 0 | FG11: =SUM(FG9:FG10) -> 0 | FH11: =SUM(FH9:FH10) -> 0 | FI11: =SUM(FI9:FI10) -> 0 | ... FK11: =SUM(FK9:FK10) -> 0 | FN11: مجموع غ.سعودي | FP11: =SUM(FP9:FP10) -> 5640 | FQ11: =SUM(FQ9:FQ10) -> 1804 | FR11: =SUM(FR9:FR10) -> 0 | FS11: =SUM(FS9:FS10) -> 362 | FT11: =SUM(FT9:FT10) -> 992 | FU11: =SUM(FU9:FU10) -> 8798 | FV11: =SUM(FV9:FV10) -> 288 | FW11: =SUM(FW9:FW10) -> 4295 | ... FY11: =SUM(FY9:FY10) -> 4583
A12: المجموع الكلي | D12: =SUM(D11+D8) -> 5418 | E12: =SUM(E11+E8) -> 352 | F12: =SUM(F11+F8) -> 443 | G12: =SUM(G11+G8) -> 5 | H12: =SUM(H11+H8) -> 1080 | I12: =SUM(I8+I11) -> 7298 | J12: =SUM(J11+J8) -> 173 | K12: =SUM(K11+K8) -> 1363 | L12: =SUM(L11+L8) -> 0 | M12: =SUM(M11+M8) -> 1536 | O12: المجموع الكلي | R12: =SUM(R11+R8) -> 4975 | S12: =SUM(S11+S8) -> 314 | T12: =SUM(T11+T8) -> 342 | U12: =SUM(U11+U8) -> 38 | V12: =SUM(V11+V8) -> 1109 | W12: =SUM(W8+W11) -> 4975 | X12: =SUM(X11+X8) -> 232 | Y12: =SUM(Y11+Y8) -> 1632 | Z12: =SUM(Z11+Z8) -> 0 | AA12: =SUM(AA11+AA8) -> 1864 | AC12: المجموع الكلي | AF12: 2350 | AG12: 2053 | AH12: 290 | AI12: 23 | AJ12: 829 | AK12: 7880 | AL12: 324 | AM12: 1720 | AN12: 0 | AO12: =SUM(AO11+AO8) -> 2044 | AQ12: المجموع الكلي | AT12: =SUM(AT11+AT8) -> 2341 | AU12: =SUM(AU11+AU8) -> 1422 | AV12: =SUM(AV11+AV8) -> 493 | AW12: =SUM(AW11+AW8) -> 33 | AX12: =SUM(AX11+AX8) -> 1554 | AY12: =SUM(AY8+AY11) -> 5843 | AZ12: =SUM(AZ11+AZ8) -> 359 | BA12: =SUM(BA11+BA8) -> 2887 | BB12: =SUM(BB11+BB8) -> 0 | BC12: =SUM(BC11+BC8) -> 3246 | BE12: المجموع الكلي | BH12: =SUM(BH11+BH8) -> 3542 | BI12: =SUM(BI11+BI8) -> 784 | BJ12: =SUM(BJ11+BJ8) -> 440 | BK12: =SUM(BK11+BK8) -> 3 | BL12: =SUM(BL11+BL8) -> 698 | BM12: =SUM(BM8+BM11) -> 5467 | BN12: =SUM(BN11+BN8) -> 375 | BO12: =SUM(BO11+BO8) -> 1153 | BP12: =SUM(BP11+BP8) -> 0 | BQ12: =SUM(BQ11+BQ8) -> 1528 | BS12: المجموع الكلي | BV12: 3948 | BW12: 1315 | BX12: 191 | BY12: 19 | BZ12: 1571 | CA12: 7044 | CB12: 92 | CC12: 2888 | CD12: 0 | CE12: =SUM(CE11+CE8) -> 2980 | CG12: المجموع الكلي | CJ12: 3878 | CK12: 5 | CL12: 438 | CM12: 369 | CN12: 1019 | CO12: 1363 | CP12: 0 | CQ12: 1536 | CR12: 0 | CS12: 1536 | CU12: المجموع الكلي | CX12: =SUM(CX11+CX8) -> 3948 | CY12: =SUM(CY11+CY8) -> 1333 | CZ12: =SUM(CZ11+CZ8) -> 191 | DA12: =SUM(DA11+DA8) -> 15 | DB12: =SUM(DB11+DB8) -> 1571 | DC12: =SUM(DC8+DC11) -> 7058 | DD12: =SUM(DD11+DD8) -> 92 | DE12: =SUM(DE11+DE8) -> 2888 | DF12: =SUM(DF11+DF8) -> 0 | DG12: =SUM(DG11+DG8) -> 2980 | DI12: المجموع الكلي | DL12: =SUM(DL11+DL8) -> 2946 | DM12: =SUM(DM11+DM8) -> 670 | DN12: =SUM(DN11+DN8) -> 327 | DO12: =SUM(DO11+DO8) -> 147 | DP12: =SUM(DP11+DP8) -> 1422 | DQ12: =SUM(DQ8+DQ11) -> 5512 | DR12: =SUM(DR11+DR8) -> 162 | DS12: =SUM(DS11+DS8) -> 606 | DT12: =SUM(DT11+DT8) -> 0 | DU12: =SUM(DU11+DU8) -> 768 | DW12: المجموع الكلي | DZ12: =SUM(DZ11+DZ8) -> 5745 | EA12: =SUM(EA11+EA8) -> 146 | EB12: =SUM(EB11+EB8) -> 0 | EC12: =SUM(EC11+EC8) -> 3 | ED12: =SUM(ED11+ED8) -> 828 | EE12: =SUM(EE8+EE11) -> 6722 | EF12: =SUM(EF11+EF8) -> 194 | EG12: =SUM(EG11+EG8) -> 1800 | EH12: =SUM(EH11+EH8) -> 0 | EI12: =SUM(EI11+EI8) -> 1994 | EK12: المجموع الكلي | EN12: =SUM(EN11+EN8) -> 0 | EO12: =SUM(EO11+EO8) -> 0 | EP12: =SUM(EP11+EP8) -> 0 | EQ12: =SUM(EQ11+EQ8) -> 0 | ER12: =SUM(ER11+ER8) -> 0 | ES12: =SUM(ES8+ES11) -> 0 | ET12: =SUM(ET11+ET8) -> 0 | EU12: =SUM(EU11+EU8) -> 0 | EV12: =SUM(EV11+EV8) -> 0 | EW12: =SUM(EW11+EW8) -> 0 | EY12: المجموع الكلي | FB12: =SUM(FB11+FB8) -> 0 | FC12: =SUM(FC11+FC8) -> 0 | FD12: =SUM(FD11+FD8) -> 0 | FE12: =SUM(FE11+FE8) -> 0 | FF12: =SUM(FF11+FF8) -> 0 | FG12: =SUM(FG8+FG11) -> 0 | FH12: =SUM(FH11+FH8) -> 0 | FI12: =SUM(FI11+FI8) -> 0 | FJ12: =SUM(FJ11+FJ8) -> 0 | FK12: =SUM(FK11+FK8) -> 0 | FM12: المجموع الكلي | FP12: =SUM(FP11+FP8) -> 41426 | FQ12: =SUM(FQ11+FQ8) -> 8394 | FR12: =SUM(FR11+FR8) -> 3155 | FS12: =SUM(FS11+FS8) -> 655 | FT12: =SUM(FT11+FT8) -> 11681 | FU12: =SUM(FU8+FU11) -> 65311 | FV12: =SUM(FV11+FV8) -> 2003 | FW12: =SUM(FW11+FW8) -> 18473 | FX12: =SUM(FX11+FX8) -> 0 | FY12: =SUM(FY11+FY8) -> 20476
A13: الجامعه | B13: سعودي | C13: ذكر | D13: 1086 | E13: 259 | F13: 107 | G13: 0 | H13: 239 | I13: 1691 | J13: 19 | K13: 260 | L13: 0 | M13: =SUM(J13:L13) -> 279 | O13: الجامعه | P13: سعودي | Q13: ذكر | R13: 2580 | S13: 148 | T13: 113 | U13: 0 | V13: 250 | W13: 3091 | X13: 11 | Y13: 290 | Z13: 0 | AA13: =SUM(X13:Z13) -> 301 | AC13: الجامعه | AD13: سعودي | AE13: ذكر | AF13: 2499 | AG13: 279 | AH13: 83 | AI13: 0 | AJ13: 223 | AK13: 3084 | AL13: 40 | AM13: 0 | AN13: 0 | AO13: =SUM(AL13:AN13) -> 40 | AQ13: الجامعه | AR13: سعودي | AS13: ذكر | AT13: 2781 | AU13: 209 | AV13: 160 | AW13: 0 | AX13: 259 | AY13: 3409 | AZ13: 30 | BA13: 457 | BB13: 0 | BC13: 487 | BE13: الجامعه | BF13: سعودي | BG13: ذكر | BH13: 1205 | BI13: 114 | BJ13: 71 | BK13: 0 | BL13: 136 | BM13: 1526 | BN13: 17 | BO13: 248 | BP13: 0 | BQ13: =SUM(BN13:BP13) -> 265 | BS13: الجامعه | BT13: سعودي | BU13: ذكر | BV13: 3924 | BW13: 294 | BX13: 140 | BY13: 0 | BZ13: 289 | CA13: 4647 | CC13: 863 | CD13: 0 | CE13: =SUM(CB13:CD13) -> 863 | CG13: الجامعه | CH13: سعودي | CI13: ذكر | CJ13: 1630 | CK13: 214 | CL13: 129 | CM13: 0 | CN13: 266 | CO13: 2239 | CP13: 18 | CQ13: 315 | CR13: 0 | CS13: 333 | CU13: الجامعه | CV13: سعودي | CW13: ذكر | CX13: 3924 | CY13: 294 | CZ13: 140 | DA13: 0 | DB13: 289 | DC13: 4647 | DD13: 890 | DE13: 4863 | DF13: 0 | DG13: =SUM(DD13:DF13) -> 5753 | DI13: الجامعه | DJ13: سعودي | DK13: ذكر | DL13: 1065 | DM13: 36 | DN13: 131 | DO13: 0 | DP13: 210 | DQ13: =SUM(DL13:DP13) -> 1442 | DR13: 12 | DS13: 265 | DT13: 0 | DU13: =SUM(DR13:DT13) -> 277 | DW13: الجامعه | DX13: سعودي | DY13: ذكر | DZ13: 0 | EA13: 0 | EB13: 0 | EC13: 0 | ED13: 0 | EE13: =SUM(DZ13:ED13) -> 0 | EF13: 0 | EG13: 0 | EH13: 0 | EI13: =SUM(EF13:EH13) -> 0 | EK13: الجامعه | EL13: سعودي | EM13: ذكر | EN13: 0 | EO13: 0 | EP13: 0 | EQ13: 0 | ER13: 0 | ES13: =SUM(EN13:ER13) -> 0 | ET13: 0 | EU13: 0 | EV13: 0 | EW13: =SUM(ET13:EV13) -> 0 | EY13: الجامعه | EZ13: سعودي | FA13: ذكر | FB13: 0 | FC13: 0 | FD13: 0 | FE13: 0 | FF13: 0 | FG13: =SUM(FB13:FF13) -> 0 | FH13: 0 | FI13: 0 | FJ13: 0 | FK13: =SUM(FH13:FJ13) -> 0 | FM13: =EY13 -> الجامعه | FN13: سعودي | FO13: ذكر | FP13: =SUM(D13+R13+AF13+AT13+BH13+BV13+CJ13+CX13+DL13+DZ13+EN13+FB13) -> 20694 | FQ13: =SUM(E13+S13+AG13+AU13+BI13+BW13+CK13+CY13+DM13+EA13+EO13+FC13) -> 1847 | FR13: =SUM(F13+T13+AH13+AV13+BJ13+BX13+CL13+CZ13+DN13+EB13+EP13+FD13) -> 1074 | FS13: =SUM(G13+U13+AI13+AW13+BK13+BY13+CM13+DA13+DO13+EC13+EQ13+FE13) -> 0 | FT13: =SUM(H13+V13+AJ13+AX13+BL13+BZ13+CN13+DB13+DP13+ED13+ER13+FF13) -> 2161 | FU13: =SUM(FP13:FT13) -> 25776 | FV13: =SUM(J13+X13+AL13+AZ13+BN13+CB13+CP13+DD13+DR13+EF13+ET13+FH13) -> 1037 | FW13: =SUM(K13+Y13+AM13+BA13+BO13+CC13+CQ13+DE13+DS13+EG13+EU13+FI13) -> 7561 | FX13: =SUM(L13+Z13+AN13+BB13+BP13+CD13+CR13+DF13+DT13+EH13+EV13+FJ13) -> 0 | FY13: =SUM(FV13:FX13) -> 8598
C14: أنثى | D14: 1018 | E14: 127 | F14: 183 | G14: 25 | H14: 265 | I14: 1618 | J14: 0 | K14: 353 | L14: 0 | M14: =SUM(J14:L14) -> 353 | Q14: أنثى | R14: 2125 | S14: 109 | T14: 186 | U14: 20 | V14: 230 | W14: 2670 | X14: 9 | Y14: 372 | Z14: 0 | AA14: =SUM(X14:Z14) -> 381 | AE14: أنثى | AF14: 2898 | AG14: 113 | AH14: 125 | AI14: 19 | AJ14: 233 | AK14: 3388 | AL14: 11 | AM14: 0 | AN14: 0 | AO14: =SUM(AL14:AN14) -> 11 | AS14: أنثى | AT14: 3119 | AU14: 109 | AV14: 238 | AW14: 22 | AX14: 240 | AY14: 3728 | AZ14: 12 | BA14: 544 | BB14: 0 | BC14: 556 | BG14: أنثى | BH14: 1486 | BI14: 75 | BJ14: 102 | BK14: 18 | BL14: 147 | BM14: 1828 | BN14: 6 | BO14: 336 | BP14: 0 | BQ14: =SUM(BN14:BP14) -> 342 | BU14: أنثى | BV14: 4824 | BW14: 137 | BX14: 179 | BY14: 25 | BZ14: 265 | CA14: 998 | CC14: 637 | CD14: 0 | CE14: =SUM(CB14:CD14) -> 637 | CI14: أنثى | CJ14: 1515 | CK14: 108 | CL14: 213 | CM14: 18 | CN14: 239 | CO14: 2093 | CP14: 7 | CQ14: 369 | CR14: 0 | CS14: 376 | CW14: أنثى | CX14: 4824 | CY14: 137 | CZ14: 179 | DA14: 275 | DB14: 265 | DC14: 998 | DD14: 876 | DE14: 6374 | DF14: 0 | DG14: =SUM(DD14:DF14) -> 7250 | DK14: أنثى | DL14: 968 | DM14: 24 | DN14: 161 | DO14: 18 | DP14: 196 | DQ14: =SUM(DL14:DP14) -> 1367 | DR14: 15 | DS14: 360 | DT14: 0 | DU14: =SUM(DR14:DT14) -> 375 | DY14: أنثى | DZ14: 0 | EA14: 0 | EB14: 0 | EC14: 0 | ED14: 0 | EE14: =SUM(DZ14:ED14) -> 0 | EF14: 0 | EG14: 0 | EH14: 0 | EI14: =SUM(EF14:EH14) -> 0 | EM14: أنثى | EN14: 0 | EO14: 0 | EP14: 0 | EQ14: 0 | ER14: 0 | ES14: =SUM(EN14:ER14) -> 0 | ET14: 0 | EU14: 0 | EV14: 0 | EW14: =SUM(ET14:EV14) -> 0 | FA14: أنثى | FB14: 0 | FC14: 0 | FD14: 0 | FE14: 0 | FF14: 0 | FG14: =SUM(FB14:FF14) -> 0 | FH14: 0 | FI14: 0 | FJ14: 0 | FK14: =SUM(FH14:FJ14) -> 0 | FO14: أنثى | FP14: =SUM(D14+R14+AF14+AT14+BH14+BV14+CJ14+CX14+DL14+DZ14+EN14+FB14) -> 22777 | FQ14: =SUM(E14+S14+AG14+AU14+BI14+BW14+CK14+CY14+DM14+EA14+EO14+FC14) -> 939 | FR14: =SUM(F14+T14+AH14+AV14+BJ14+BX14+CL14+CZ14+DN14+EB14+EP14+FD14) -> 1566 | FS14: =SUM(G14+U14+AI14+AW14+BK14+BY14+CM14+DA14+DO14+EC14+EQ14+FE14) -> 440 | FT14: =SUM(H14+V14+AJ14+AX14+BL14+BZ14+CN14+DB14+DP14+ED14+ER14+FF14) -> 2080 | FU14: =SUM(FP14:FT14) -> 27802 | FV14: =SUM(J14+X14+AL14+AZ14+BN14+CB14+CP14+DD14+DR14+EF14+ET14+FH14) -> 936 | FW14: =SUM(K14+Y14+AM14+BA14+BO14+CC14+CQ14+DE14+DS14+EG14+EU14+FI14) -> 9345 | FX14: =SUM(L14+Z14+AN14+BB14+BP14+CD14+CR14+DF14+DT14+EH14+EV14+FJ14) -> 0 | FY14: =SUM(FV14:FX14) -> 10281
B15: مجموع السعوديين | D15: 2104 | E15: 386 | F15: 290 | G15: 25 | H15: 504 | I15: 3309 | J15: 19 | K15: 613 | L15: 0 | M15: =SUM(M13:M14) -> 632 | P15: مجموع السعوديين | R15: 4705 | S15: 257 | T15: 299 | U15: 20 | V15: 480 | W15: 5761 | X15: 20 | Y15: 662 | Z15: 0 | AA15: =SUM(AA13:AA14) -> 682 | AD15: مجموع السعوديين | AF15: 5397 | AG15: 392 | AH15: 208 | AI15: 19 | AJ15: 456 | AK15: 6472 | AL15: 51 | AM15: 0 | AN15: 0 | AO15: =SUM(AO13:AO14) -> 51 | AR15: مجموع السعوديين | AT15: 5900 | AU15: 318 | AV15: 398 | AW15: 22 | AX15: 499 | AY15: 7137 | AZ15: 42 | BA15: 1001 | BB15: 0 | BC15: 1043 | BF15: مجموع السعوديين | BH15: 2691 | BI15: 189 | BJ15: 173 | BK15: 18 | BL15: 283 | BM15: 3354 | BN15: 23 | BO15: 584 | BP15: 0 | BQ15: =SUM(BQ13:BQ14) -> 607 | BT15: مجموع السعوديين | BV15: 8748 | BW15: 431 | BX15: 319 | BY15: 275 | BZ15: 554 | CA15: 5645 | CC15: 1500 | CD15: 0 | CE15: =SUM(CE13:CE14) -> 1500 | CH15: مجموع السعوديين | CJ15: 3145 | CK15: 322 | CL15: 342 | CM15: 18 | CN15: 505 | CO15: 4332 | CP15: 25 | CQ15: 684 | CR15: 0 | CS15: 709 | CV15: مجموع السعوديين | CX15: =SUM(CX13:CX14) -> 8748 | CY15: =SUM(CY13:CY14) -> 431 | CZ15: =SUM(CZ13:CZ14) -> 319 | DA15: =SUM(DA13:DA14) -> 275 | DB15: =SUM(DB13:DB14) -> 554 | DC15: =SUM(DC13:DC14) -> 5645 | DD15: =SUM(DD13:DD14) -> 1766 | DE15: =SUM(DE13:DE14) -> 11237 | ... DG15: =SUM(DG13:DG14) -> 13003 | DJ15: مجموع السعوديين | DL15: =SUM(DL13:DL14) -> 2033 | DM15: =SUM(DM13:DM14) -> 60 | DN15: =SUM(DN13:DN14) -> 292 | DO15: =SUM(DO13:DO14) -> 18 | DP15: =SUM(DP13:DP14) -> 406 | DQ15: =SUM(DQ13:DQ14) -> 2809 | DR15: =SUM(DR13:DR14) -> 27 | DS15: =SUM(DS13:DS14) -> 625 | ... DU15: =SUM(DU13:DU14) -> 652 | DX15: مجموع السعوديين | DZ15: =SUM(DZ13:DZ14) -> 0 | EA15: =SUM(EA13:EA14) -> 0 | EB15: =SUM(EB13:EB14) -> 0 | EC15: =SUM(EC13:EC14) -> 0 | ED15: =SUM(ED13:ED14) -> 0 | EE15: =SUM(EE13:EE14) -> 0 | EF15: =SUM(EF13:EF14) -> 0 | EG15: =SUM(EG13:EG14) -> 0 | ... EI15: =SUM(EI13:EI14) -> 0 | EL15: مجموع السعوديين | EN15: =SUM(EN13:EN14) -> 0 | EO15: =SUM(EO13:EO14) -> 0 | EP15: =SUM(EP13:EP14) -> 0 | EQ15: =SUM(EQ13:EQ14) -> 0 | ER15: =SUM(ER13:ER14) -> 0 | ES15: =SUM(ES13:ES14) -> 0 | ET15: =SUM(ET13:ET14) -> 0 | EU15: =SUM(EU13:EU14) -> 0 | ... EW15: =SUM(EW13:EW14) -> 0 | EZ15: مجموع السعوديين | FB15: =SUM(FB13:FB14) -> 0 | FC15: =SUM(FC13:FC14) -> 0 | FD15: =SUM(FD13:FD14) -> 0 | FE15: =SUM(FE13:FE14) -> 0 | FF15: =SUM(FF13:FF14) -> 0 | FG15: =SUM(FG13:FG14) -> 0 | FH15: =SUM(FH13:FH14) -> 0 | FI15: =SUM(FI13:FI14) -> 0 | ... FK15: =SUM(FK13:FK14) -> 0 | FN15: مجموع السعوديين | FP15: =SUM(FP13:FP14) -> 43471 | FQ15: =SUM(FQ13:FQ14) -> 2786 | FR15: =SUM(FR13:FR14) -> 2640 | FS15: =SUM(FS13:FS14) -> 440 | FT15: =SUM(FT13:FT14) -> 4241 | FU15: =SUM(FU13:FU14) -> 53578 | FV15: =SUM(FV13:FV14) -> 1973 | FW15: =SUM(FW13:FW14) -> 16906 | ... FY15: =SUM(FY13:FY14) -> 18879
B16: غير سعودي | C16: ذكر | D16: 588 | E16: 156 | F16: 0 | G16: 0 | H16: 325 | I16: 1069 | J16: 0 | K16: 94 | L16: 0 | M16: =SUM(J16:L16) -> 94 | P16: غير سعودي | Q16: ذكر | R16: 635 | S16: 105 | T16: 0 | U16: 0 | V16: 350 | W16: 1090 | X16: 5 | Y16: 114 | Z16: 0 | AA16: =SUM(X16:Z16) -> 119 | AD16: غير سعودي | AE16: ذكر | AF16: 978 | AG16: 122 | AH16: 0 | AI16: 0 | AJ16: 0 | AK16: 1100 | AL16: 15 | AM16: 0 | AN16: 0 | AO16: =SUM(AL16:AN16) -> 15 | AR16: غير سعودي | AS16: ذكر | AT16: 487 | AU16: 129 | AV16: 0 | AW16: 0 | AX16: 366 | AY16: 982 | AZ16: 2 | BA16: 236 | BB16: 0 | BC16: 238 | BF16: غير سعودي | BG16: ذكر | BH16: 192 | BI16: 71 | BJ16: 0 | BK16: 0 | BL16: 0 | BM16: 263 | BN16: 5 | BO16: 84 | BP16: 0 | BQ16: =SUM(BN16:BP16) -> 89 | BT16: غير سعودي | BU16: ذكر | BV16: 556 | BW16: 115 | BX16: 0 | BY16: 0 | BZ16: 396 | CA16: 1067 | CC16: 0 | CD16: 0 | CE16: =SUM(CB16:CD16) -> 0 | CH16: غير سعودي | CI16: ذكر | CJ16: 609 | CK16: 119 | CL16: 0 | CM16: 0 | CN16: 386 | CO16: 1114 | CP16: 0 | CQ16: 187 | CR16: 0 | CS16: 187 | CV16: غير سعودي | CW16: ذكر | CX16: 556 | CY16: 115 | CZ16: 0 | DA16: 0 | DB16: 396 | DC16: 1067 | DD16: 337 | DE16: 0 | DF16: 0 | DG16: =SUM(DD16:DF16) -> 337 | DJ16: غير سعودي | DK16: ذكر | DL16: 447 | DM16: 21 | DN16: 0 | DO16: 0 | DP16: 240 | DQ16: =SUM(DL16:DP16) -> 708 | DR16: 5 | DS16: 89 | DT16: 0 | DU16: =SUM(DR16:DT16) -> 94 | DX16: غير سعودي | DY16: ذكر | DZ16: 0 | EA16: 0 | EB16: 0 | EC16: 0 | ED16: 0 | EE16: =SUM(DZ16:ED16) -> 0 | EF16: 0 | EG16: 0 | EH16: 0 | EI16: =SUM(EF16:EH16) -> 0 | EL16: غير سعودي | EM16: ذكر | EN16: 0 | EO16: 0 | EP16: 0 | EQ16: 0 | ER16: 0 | ES16: =SUM(EN16:ER16) -> 0 | ET16: 0 | EU16: 0 | EV16: 0 | EW16: =SUM(ET16:EV16) -> 0 | EZ16: غير سعودي | FA16: ذكر | FB16: 0 | FC16: 0 | FD16: 0 | FE16: 0 | FF16: 0 | FG16: =SUM(FB16:FF16) -> 0 | FH16: 0 | FI16: 0 | FJ16: 0 | FK16: =SUM(FH16:FJ16) -> 0 | FN16: غير سعودي | FO16: ذكر | FP16: =SUM(D16+R16+AF16+AT16+BH16+BV16+CJ16+CX16+DL16+DZ16+EN16+FB16) -> 5048 | FQ16: =SUM(E16+S16+AG16+AU16+BI16+BW16+CK16+CY16+DM16+EA16+EO16+FC16) -> 953 | FR16: =SUM(F16+T16+AH16+AV16+BJ16+BX16+CL16+CZ16+DN16+EB16+EP16+FD16) -> 0 | FS16: =SUM(G16+U16+AI16+AW16+BK16+BY16+CM16+DA16+DO16+EC16+EQ16+FE16) -> 0 | FT16: =SUM(H16+V16+AJ16+AX16+BL16+BZ16+CN16+DB16+DP16+ED16+ER16+FF16) -> 2459 | FU16: =SUM(FP16:FT16) -> 8460 | FV16: =SUM(J16+X16+AL16+AZ16+BN16+CB16+CP16+DD16+DR16+EF16+ET16+FH16) -> 369 | FW16: =SUM(K16+Y16+AM16+BA16+BO16+CC16+CQ16+DE16+DS16+EG16+EU16+FI16) -> 804 | FX16: =SUM(L16+Z16+AN16+BB16+BP16+CD16+CR16+DF16+DT16+EH16+EV16+FJ16) -> 0 | FY16: =SUM(FV16:FX16) -> 1173
C17: أنثى | D17: 758 | E17: 113 | F17: 0 | G17: 5 | H17: 539 | I17: 1415 | J17: 3 | K17: 112 | L17: 0 | M17: =SUM(J17:L17) -> 115 | Q17: أنثى | R17: 741 | S17: 74 | T17: 0 | U17: 5 | V17: 300 | W17: 1120 | X17: 5 | Y17: 82 | Z17: 0 | AA17: =SUM(X17:Z17) -> 87 | AE17: أنثى | AF17: 1035 | AG17: 74 | AH17: 0 | AI17: 5 | AJ17: 0 | AK17: 1114 | AL17: 10 | AM17: 0 | AN17: 0 | AO17: =SUM(AL17:AN17) -> 10 | AS17: أنثى | AT17: 713 | AU17: 194 | AV17: 0 | AW17: 12 | AX17: 305 | AY17: 1224 | AZ17: 4 | BA17: 186 | BB17: 0 | BC17: 190 | BG17: أنثى | BH17: 298 | BI17: 39 | BJ17: 0 | BK17: 4 | BL17: 0 | BM17: 341 | BN17: 0 | BO17: 59 | BP17: 0 | BQ17: =SUM(BN17:BP17) -> 59 | BU17: أنثى | BV17: 547 | BW17: 107 | BX17: 0 | BY17: 10 | BZ17: 334 | CA17: 998 | CC17: 0 | CD17: 0 | CE17: =SUM(CB17:CD17) -> 0 | CI17: أنثى | CJ17: 546 | CK17: 107 | CL17: 0 | CM17: 4 | CN17: 322 | CO17: 979 | CP17: 0 | CQ17: 142 | CR17: 0 | CS17: 142 | CW17: أنثى | CX17: 547 | CY17: 107 | CZ17: 0 | DA17: 10 | DB17: 334 | DC17: 998 | DD17: 259 | DE17: 0 | DF17: 0 | DG17: =SUM(DD17:DF17) -> 259 | DK17: أنثى | DL17: 366 | DM17: 17 | DN17: 0 | DO17: 4 | DP17: 259 | DQ17: =SUM(DL17:DP17) -> 646 | DR17: 0 | DS17: 62 | DT17: 0 | DU17: =SUM(DR17:DT17) -> 62 | DY17: أنثى | DZ17: 0 | EA17: 0 | EB17: 0 | EC17: 0 | ED17: 0 | EE17: =SUM(DZ17:ED17) -> 0 | EF17: 0 | EG17: 0 | EH17: 0 | EI17: =SUM(EF17:EH17) -> 0 | EM17: أنثى | EN17: 0 | EO17: 0 | EP17: 0 | EQ17: 0 | ER17: 0 | ES17: =SUM(EN17:ER17) -> 0 | ET17: 0 | EU17: 0 | EV17: 0 | EW17: =SUM(ET17:EV17) -> 0 | FA17: أنثى | FB17: 0 | FC17: 0 | FD17: 0 | FE17: 0 | FF17: 0 | FG17: =SUM(FB17:FF17) -> 0 | FH17: 0 | FI17: 0 | FJ17: 0 | FK17: =SUM(FH17:FJ17) -> 0 | FO17: أنثى | FP17: =SUM(D17+R17+AF17+AT17+BH17+BV17+CJ17+CX17+DL17+DZ17+EN17+FB17) -> 5551 | FQ17: =SUM(E17+S17+AG17+AU17+BI17+BW17+CK17+CY17+DM17+EA17+EO17+FC17) -> 832 | FR17: =SUM(F17+T17+AH17+AV17+BJ17+BX17+CL17+CZ17+DN17+EB17+EP17+FD17) -> 0 | FS17: =SUM(G17+U17+AI17+AW17+BK17+BY17+CM17+DA17+DO17+EC17+EQ17+FE17) -> 59 | FT17: =SUM(H17+V17+AJ17+AX17+BL17+BZ17+CN17+DB17+DP17+ED17+ER17+FF17) -> 2393 | FU17: =SUM(FP17:FT17) -> 8835 | FV17: =SUM(J17+X17+AL17+AZ17+BN17+CB17+CP17+DD17+DR17+EF17+ET17+FH17) -> 281 | FW17: =SUM(K17+Y17+AM17+BA17+BO17+CC17+CQ17+DE17+DS17+EG17+EU17+FI17) -> 643 | FX17: =SUM(L17+Z17+AN17+BB17+BP17+CD17+CR17+DF17+DT17+EH17+EV17+FJ17) -> 0 | FY17: =SUM(FV17:FX17) -> 924
B18: مجموع غ.سعودي | D18: =SUM(D16:D17) -> 1346 | E18: =SUM(E16:E17) -> 269 | F18: =SUM(F16:F17) -> 0 | G18: =SUM(G16:G17) -> 5 | H18: =SUM(H16:H17) -> 864 | I18: =SUM(I16:I17) -> 2484 | J18: =SUM(J16:J17) -> 3 | K18: =SUM(K16:K17) -> 206 | ... M18: =SUM(M16:M17) -> 209 | P18: مجموع غ.سعودي | R18: =SUM(R16:R17) -> 1376 | S18: =SUM(S16:S17) -> 179 | T18: =SUM(T16:T17) -> 0 | U18: =SUM(U16:U17) -> 5 | V18: =SUM(V16:V17) -> 650 | W18: =SUM(W16:W17) -> 2210 | X18: =SUM(X16:X17) -> 10 | Y18: =SUM(Y16:Y17) -> 196 | ... AA18: =SUM(AA16:AA17) -> 206 | AD18: مجموع غ.سعودي | AF18: 2013 | AG18: 196 | AH18: 0 | AI18: 5 | AJ18: 0 | AK18: 2214 | AL18: 25 | AM18: 0 | AN18: 0 | AO18: =SUM(AO16:AO17) -> 25 | AR18: مجموع غ.سعودي | AT18: 1200 | AU18: 323 | AV18: 0 | AW18: 12 | AX18: 671 | AY18: 2206 | AZ18: 6 | BA18: 422 | BB18: 0 | BC18: 428 | BF18: مجموع غ.سعودي | BH18: =SUM(BH16:BH17) -> 490 | BI18: =SUM(BI16:BI17) -> 110 | BJ18: =SUM(BJ16:BJ17) -> 0 | BK18: =SUM(BK16:BK17) -> 4 | BL18: =SUM(BL16:BL17) -> 0 | BM18: =SUM(BM16:BM17) -> 604 | BN18: =SUM(BN16:BN17) -> 5 | BO18: =SUM(BO16:BO17) -> 143 | ... BQ18: =SUM(BQ16:BQ17) -> 148 | BT18: مجموع غ.سعودي | BV18: 1103 | BW18: 222 | BX18: 0 | BY18: 10 | BZ18: 730 | CA18: 2065 | CC18: 0 | CD18: 0 | CE18: =SUM(CE16:CE17) -> 0 | CH18: مجموع غ.سعودي | CJ18: 1155 | CK18: 226 | CL18: 0 | CM18: 4 | CN18: 708 | CO18: 2093 | CP18: 0 | CQ18: 329 | CR18: 0 | CS18: 329 | CV18: مجموع غ.سعودي | CX18: =SUM(CX16:CX17) -> 1103 | CY18: =SUM(CY16:CY17) -> 222 | CZ18: =SUM(CZ16:CZ17) -> 0 | DA18: =SUM(DA16:DA17) -> 10 | DB18: =SUM(DB16:DB17) -> 730 | DC18: =SUM(DC16:DC17) -> 2065 | DD18: =SUM(DD16:DD17) -> 596 | DE18: =SUM(DE16:DE17) -> 0 | ... DG18: =SUM(DG16:DG17) -> 596 | DJ18: مجموع غ.سعودي | DL18: =SUM(DL16:DL17) -> 813 | DM18: =SUM(DM16:DM17) -> 38 | DN18: =SUM(DN16:DN17) -> 0 | DO18: =SUM(DO16:DO17) -> 4 | DP18: =SUM(DP16:DP17) -> 499 | DQ18: =SUM(DQ16:DQ17) -> 1354 | DR18: =SUM(DR16:DR17) -> 5 | DS18: =SUM(DS16:DS17) -> 151 | ... DU18: =SUM(DU16:DU17) -> 156 | DX18: مجموع غ.سعودي | DZ18: =SUM(DZ16:DZ17) -> 0 | EA18: =SUM(EA16:EA17) -> 0 | EB18: =SUM(EB16:EB17) -> 0 | EC18: =SUM(EC16:EC17) -> 0 | ED18: =SUM(ED16:ED17) -> 0 | EE18: =SUM(EE16:EE17) -> 0 | EF18: =SUM(EF16:EF17) -> 0 | EG18: =SUM(EG16:EG17) -> 0 | ... EI18: =SUM(EI16:EI17) -> 0 | EL18: مجموع غ.سعودي | EN18: =SUM(EN16:EN17) -> 0 | EO18: =SUM(EO16:EO17) -> 0 | EP18: =SUM(EP16:EP17) -> 0 | EQ18: =SUM(EQ16:EQ17) -> 0 | ER18: =SUM(ER16:ER17) -> 0 | ES18: =SUM(ES16:ES17) -> 0 | ET18: =SUM(ET16:ET17) -> 0 | EU18: =SUM(EU16:EU17) -> 0 | ... EW18: =SUM(EW16:EW17) -> 0 | EZ18: مجموع غ.سعودي | FB18: =SUM(FB16:FB17) -> 0 | FC18: =SUM(FC16:FC17) -> 0 | FD18: =SUM(FD16:FD17) -> 0 | FE18: =SUM(FE16:FE17) -> 0 | FF18: =SUM(FF16:FF17) -> 0 | FG18: =SUM(FG16:FG17) -> 0 | FH18: =SUM(FH16:FH17) -> 0 | FI18: =SUM(FI16:FI17) -> 0 | ... FK18: =SUM(FK16:FK17) -> 0 | FN18: مجموع غ.سعودي | FP18: =SUM(FP16:FP17) -> 10599 | FQ18: =SUM(FQ16:FQ17) -> 1785 | FR18: =SUM(FR16:FR17) -> 0 | FS18: =SUM(FS16:FS17) -> 59 | FT18: =SUM(FT16:FT17) -> 4852 | FU18: =SUM(FU16:FU17) -> 17295 | FV18: =SUM(FV16:FV17) -> 650 | FW18: =SUM(FW16:FW17) -> 1447 | ... FY18: =SUM(FY16:FY17) -> 2097
A19: المجموع الكلي | D19: =SUM(D18+D15) -> 3450 | E19: =SUM(E18+E15) -> 655 | F19: =SUM(F18+F15) -> 290 | G19: =SUM(G18+G15) -> 30 | H19: =SUM(H18+H15) -> 1368 | I19: =SUM(I15+I18) -> 5793 | J19: =SUM(J18+J15) -> 22 | K19: =SUM(K18+K15) -> 819 | L19: =SUM(L18+L15) -> 0 | M19: =SUM(M18+M15) -> 841 | O19: المجموع الكلي | R19: =SUM(R18+R15) -> 6081 | S19: =SUM(S18+S15) -> 436 | T19: =SUM(T18+T15) -> 299 | U19: =SUM(U18+U15) -> 25 | V19: =SUM(V18+V15) -> 1130 | W19: =SUM(W15+W18) -> 7971 | X19: =SUM(X18+X15) -> 30 | Y19: =SUM(Y18+Y15) -> 858 | Z19: =SUM(Z18+Z15) -> 0 | AA19: =SUM(AA18+AA15) -> 888 | AC19: المجموع الكلي | AF19: 7410 | AG19: 588 | AH19: 208 | AI19: 24 | AJ19: 456 | AK19: 8686 | AL19: 76 | AM19: 0 | AN19: 0 | AO19: =SUM(AO18+AO15) -> 76 | AQ19: المجموع الكلي | AT19: =SUM(AT18+AT15) -> 7100 | AU19: =SUM(AU18+AU15) -> 641 | AV19: =SUM(AV18+AV15) -> 398 | AW19: =SUM(AW18+AW15) -> 34 | AX19: =SUM(AX18+AX15) -> 1170 | AY19: =SUM(AY15+AY18) -> 9343 | AZ19: =SUM(AZ18+AZ15) -> 48 | BA19: =SUM(BA18+BA15) -> 1423 | BB19: =SUM(BB18+BB15) -> 0 | BC19: =SUM(BC18+BC15) -> 1471 | BE19: المجموع الكلي | BH19: =SUM(BH18+BH15) -> 3181 | BI19: =SUM(BI18+BI15) -> 299 | BJ19: =SUM(BJ18+BJ15) -> 173 | BK19: =SUM(BK18+BK15) -> 22 | BL19: =SUM(BL18+BL15) -> 283 | BM19: =SUM(BM15+BM18) -> 3958 | BN19: =SUM(BN18+BN15) -> 28 | BO19: =SUM(BO18+BO15) -> 727 | BP19: =SUM(BP18+BP15) -> 0 | BQ19: =SUM(BQ18+BQ15) -> 755 | BS19: المجموع الكلي | BV19: 9851 | BW19: 653 | BX19: 319 | BY19: 285 | BZ19: 1284 | CA19: 7710 | CC19: 1500 | CD19: 0 | CE19: =SUM(CE18+CE15) -> 1500 | CG19: المجموع الكلي | CJ19: 4300 | CK19: 548 | CL19: 342 | CM19: 22 | CN19: 1213 | CO19: 6425 | CP19: 25 | CQ19: 1013 | CR19: 0 | CS19: 1038 | CU19: المجموع الكلي | CX19: =SUM(CX18+CX15) -> 9851 | CY19: =SUM(CY18+CY15) -> 653 | CZ19: =SUM(CZ18+CZ15) -> 319 | DA19: =SUM(DA18+DA15) -> 285 | DB19: =SUM(DB18+DB15) -> 1284 | DC19: =SUM(DC15+DC18) -> 7710 | DD19: =SUM(DD18+DD15) -> 2362 | DE19: =SUM(DE18+DE15) -> 11237 | DF19: =SUM(DF18+DF15) -> 0 | DG19: =SUM(DG18+DG15) -> 13599 | DI19: المجموع الكلي | DL19: =SUM(DL18+DL15) -> 2846 | DM19: =SUM(DM18+DM15) -> 98 | DN19: =SUM(DN18+DN15) -> 292 | DO19: =SUM(DO18+DO15) -> 22 | DP19: =SUM(DP18+DP15) -> 905 | DQ19: =SUM(DQ15+DQ18) -> 4163 | DR19: =SUM(DR18+DR15) -> 32 | DS19: =SUM(DS18+DS15) -> 776 | DT19: =SUM(DT18+DT15) -> 0 | DU19: =SUM(DU18+DU15) -> 808 | DW19: المجموع الكلي | DZ19: =SUM(DZ18+DZ15) -> 0 | EA19: =SUM(EA18+EA15) -> 0 | EB19: =SUM(EB18+EB15) -> 0 | EC19: =SUM(EC18+EC15) -> 0 | ED19: =SUM(ED18+ED15) -> 0 | EE19: =SUM(EE15+EE18) -> 0 | EF19: =SUM(EF18+EF15) -> 0 | EG19: =SUM(EG18+EG15) -> 0 | EH19: =SUM(EH18+EH15) -> 0 | EI19: =SUM(EI18+EI15) -> 0 | EK19: المجموع الكلي | EN19: =SUM(EN18+EN15) -> 0 | EO19: =SUM(EO18+EO15) -> 0 | EP19: =SUM(EP18+EP15) -> 0 | EQ19: =SUM(EQ18+EQ15) -> 0 | ER19: =SUM(ER18+ER15) -> 0 | ES19: =SUM(ES15+ES18) -> 0 | ET19: =SUM(ET18+ET15) -> 0 | EU19: =SUM(EU18+EU15) -> 0 | EV19: =SUM(EV18+EV15) -> 0 | EW19: =SUM(EW18+EW15) -> 0 | EY19: المجموع الكلي | FB19: =SUM(FB18+FB15) -> 0 | FC19: =SUM(FC18+FC15) -> 0 | FD19: =SUM(FD18+FD15) -> 0 | FE19: =SUM(FE18+FE15) -> 0 | FF19: =SUM(FF18+FF15) -> 0 | FG19: =SUM(FG15+FG18) -> 0 | FH19: =SUM(FH18+FH15) -> 0 | FI19: =SUM(FI18+FI15) -> 0 | FJ19: =SUM(FJ18+FJ15) -> 0 | FK19: =SUM(FK18+FK15) -> 0 | FM19: المجموع الكلي | FP19: =SUM(FP18+FP15) -> 54070 | FQ19: =SUM(FQ18+FQ15) -> 4571 | FR19: =SUM(FR18+FR15) -> 2640 | FS19: =SUM(FS18+FS15) -> 499 | FT19: =SUM(FT18+FT15) -> 9093 | FU19: =SUM(FU15+FU18) -> 70873 | FV19: =SUM(FV18+FV15) -> 2623 | FW19: =SUM(FW18+FW15) -> 18353 | FX19: =SUM(FX18+FX15) -> 0 | FY19: =SUM(FY18+FY15) -> 20976
A20: السليمانية | B20: سعودي | C20: ذكر | D20: 1023 | E20: 393 | F20: 169 | G20: 0 | H20: 90 | I20: 1675 | J20: 686 | K20: 656 | L20: 510 | M20: =SUM(J20:L20) -> 1852 | O20: السليمانية | P20: سعودي | Q20: ذكر | R20: 2520 | S20: 514 | T20: 132 | U20: 0 | V20: 416 | W20: 1062 | X20: 601 | Y20: 0 | Z20: 873 | AA20: =SUM(X20:Z20) -> 1474 | AC20: السليمانية | AD20: سعودي | AE20: ذكر | AF20: 3495 | AG20: 0 | AH20: 173 | AI20: 0 | AJ20: 0 | AK20: 3668 | AL20: 0 | AM20: 2438 | AN20: 0 | AO20: =SUM(AL20:AN20) -> 2438 | AQ20: السليمانية | AR20: سعودي | AS20: ذكر | AT20: 1258 | AU20: 0 | AV20: 158 | AW20: 0 | AX20: 0 | AY20: 1416 | AZ20: 322 | BA20: 0 | BB20: 636 | BC20: 958 | BE20: السليمانية | BF20: سعودي | BG20: ذكر | BH20: 2855 | BI20: 472 | BJ20: 250 | BK20: 0 | BL20: 49 | BM20: 3626 | BN20: 55 | BO20: 2071 | BP20: 0 | BQ20: =SUM(BN20:BP20) -> 2126 | BS20: السليمانية | BT20: سعودي | BU20: ذكر | BV20: 3422 | BW20: 0 | BX20: 100 | BY20: 0 | BZ20: 0 | CA20: 3522 | CB20: 678 | CC20: 1258 | CD20: 0 | CE20: =SUM(CB20:CD20) -> 1936 | CG20: السليمانية | CH20: سعودي | CI20: ذكر | CJ20: 1098 | CK20: 180 | CL20: 99 | CM20: 0 | CN20: 196 | CO20: 475 | CP20: 265 | CQ20: 2541 | CR20: 621 | CS20: 3427 | CU20: السليمانية | CV20: سعودي | CW20: ذكر | CX20: 3422 | CY20: 0 | CZ20: 100 | DA20: 0 | DB20: 0 | DC20: =SUM(CX20:DB20) -> 3522 | DD20: 678 | DE20: 1258 | DF20: 0 | DG20: =SUM(DD20:DF20) -> 1936 | DI20: السليمانية | DJ20: سعودي | DK20: ذكر | DL20: 5422 | DM20: 255 | DN20: 103 | DO20: 0 | DP20: 250 | DQ20: =SUM(DL20:DP20) -> 6030 | DR20: 50 | DS20: 185 | DT20: 88 | DU20: =SUM(DR20:DT20) -> 323 | DW20: السليمانية | DX20: سعودي | DY20: ذكر | DZ20: 1523 | EA20: 0 | EB20: 99 | EC20: 0 | ED20: 190 | EE20: =SUM(DZ20:ED20) -> 1812 | EF20: 686 | EG20: 656 | EH20: 510 | EI20: =SUM(EF20:EH20) -> 1852 | EK20: السليمانية | EL20: سعودي | EM20: ذكر | EN20: 0 | EO20: 0 | EP20: 0 | EQ20: 0 | ER20: 0 | ES20: =SUM(EN20:ER20) -> 0 | ET20: 0 | EU20: 0 | EV20: 0 | EW20: =SUM(ET20:EV20) -> 0 | EY20: السليمانية | EZ20: سعودي | FA20: ذكر | FB20: 0 | FC20: 0 | FD20: 0 | FE20: 0 | FF20: 0 | FG20: =SUM(FB20:FF20) -> 0 | FH20: 0 | FI20: 0 | FJ20: 0 | FK20: =SUM(FH20:FJ20) -> 0 | FM20: =EY20 -> السليمانية | FN20: سعودي | FO20: ذكر | FP20: =SUM(D20+R20+AF20+AT20+BH20+BV20+CJ20+CX20+DL20+DZ20+EN20+FB20) -> 26038 | FQ20: =SUM(E20+S20+AG20+AU20+BI20+BW20+CK20+CY20+DM20+EA20+EO20+FC20) -> 1814 | FR20: =SUM(F20+T20+AH20+AV20+BJ20+BX20+CL20+CZ20+DN20+EB20+EP20+FD20) -> 1383 | FS20: =SUM(G20+U20+AI20+AW20+BK20+BY20+CM20+DA20+DO20+EC20+EQ20+FE20) -> 0 | FT20: =SUM(H20+V20+AJ20+AX20+BL20+BZ20+CN20+DB20+DP20+ED20+ER20+FF20) -> 1191 | FU20: =SUM(FP20:FT20) -> 30426 | FV20: =SUM(J20+X20+AL20+AZ20+BN20+CB20+CP20+DD20+DR20+EF20+ET20+FH20) -> 4021 | FW20: =SUM(K20+Y20+AM20+BA20+BO20+CC20+CQ20+DE20+DS20+EG20+EU20+FI20) -> 11063 | FX20: =SUM(L20+Z20+AN20+BB20+BP20+CD20+CR20+DF20+DT20+EH20+EV20+FJ20) -> 3238 | FY20: =SUM(FV20:FX20) -> 18322
C21: أنثى | D21: 993 | E21: 308 | F21: 148 | G21: 25 | H21: 106 | I21: 1580 | J21: 532 | K21: 924 | L21: 445 | M21: =SUM(J21:L21) -> 1901 | Q21: أنثى | R21: 2252 | S21: 264 | T21: 150 | U21: 20 | V21: 134 | W21: 548 | X21: 489 | Y21: 0 | Z21: 238 | AA21: =SUM(X21:Z21) -> 727 | AE21: أنثى | AF21: 3175 | AG21: 0 | AH21: 175 | AI21: 20 | AJ21: 0 | AK21: 3370 | AL21: 0 | AM21: 6266 | AN21: 0 | AO21: =SUM(AL21:AN21) -> 6266 | AS21: أنثى | AT21: 1125 | AU21: 0 | AV21: 169 | AW21: 0 | AX21: 0 | AY21: 1294 | AZ21: 158 | BA21: 0 | BB21: 450 | BC21: 608 | BG21: أنثى | BH21: 2697 | BI21: 392 | BJ21: 331 | BK21: 0 | BL21: 55 | BM21: 3475 | BN21: 60 | BO21: 2233 | BP21: 0 | BQ21: =SUM(BN21:BP21) -> 2293 | BU21: أنثى | BV21: 3175 | BW21: 0 | BX21: 175 | BY21: 20 | BZ21: 0 | CA21: 3370 | CB21: 505 | CC21: 4598 | CD21: 0 | CE21: =SUM(CB21:CD21) -> 5103 | CI21: أنثى | CJ21: 1002 | CK21: 125 | CL21: 263 | CM21: 34 | CN21: 225 | CO21: 647 | CP21: 245 | CQ21: 4064 | CR21: 420 | CS21: 4729 | CW21: أنثى | CX21: 3175 | CY21: 0 | CZ21: 175 | DA21: 20 | DB21: 0 | DC21: =SUM(CX21:DB21) -> 3370 | DD21: 505 | DE21: 4598 | DF21: 0 | DG21: =SUM(DD21:DF21) -> 5103 | DK21: أنثى | DL21: 3441 | DM21: 210 | DN21: 100 | DO21: 31 | DP21: 258 | DQ21: =SUM(DL21:DP21) -> 4040 | DR21: 57 | DS21: 145 | DT21: 96 | DU21: =SUM(DR21:DT21) -> 298 | DY21: أنثى | DZ21: 1993 | EA21: 0 | EB21: 141 | EC21: 25 | ED21: 106 | EE21: =SUM(DZ21:ED21) -> 2265 | EF21: 532 | EG21: 924 | EH21: 445 | EI21: =SUM(EF21:EH21) -> 1901 | EM21: أنثى | EN21: 0 | EO21: 0 | EP21: 0 | EQ21: 0 | ER21: 0 | ES21: =SUM(EN21:ER21) -> 0 | ET21: 0 | EU21: 0 | EV21: 0 | EW21: =SUM(ET21:EV21) -> 0 | FA21: أنثى | FB21: 0 | FC21: 0 | FD21: 0 | FE21: 0 | FF21: 0 | FG21: =SUM(FB21:FF21) -> 0 | FH21: 0 | FI21: 0 | FJ21: 0 | FK21: =SUM(FH21:FJ21) -> 0 | FO21: أنثى | FP21: =SUM(D21+R21+AF21+AT21+BH21+BV21+CJ21+CX21+DL21+DZ21+EN21+FB21) -> 23028 | FQ21: =SUM(E21+S21+AG21+AU21+BI21+BW21+CK21+CY21+DM21+EA21+EO21+FC21) -> 1299 | FR21: =SUM(F21+T21+AH21+AV21+BJ21+BX21+CL21+CZ21+DN21+EB21+EP21+FD21) -> 1827 | FS21: =SUM(G21+U21+AI21+AW21+BK21+BY21+CM21+DA21+DO21+EC21+EQ21+FE21) -> 195 | FT21: =SUM(H21+V21+AJ21+AX21+BL21+BZ21+CN21+DB21+DP21+ED21+ER21+FF21) -> 884 | FU21: =SUM(FP21:FT21) -> 27233 | FV21: =SUM(J21+X21+AL21+AZ21+BN21+CB21+CP21+DD21+DR21+EF21+ET21+FH21) -> 3083 | FW21: =SUM(K21+Y21+AM21+BA21+BO21+CC21+CQ21+DE21+DS21+EG21+EU21+FI21) -> 23752 | FX21: =SUM(L21+Z21+AN21+BB21+BP21+CD21+CR21+DF21+DT21+EH21+EV21+FJ21) -> 2094 | FY21: =SUM(FV21:FX21) -> 28929
B22: مجموع السعوديين | D22: 2016 | E22: 701 | F22: 317 | G22: 25 | H22: 196 | I22: 3255 | J22: 1218 | K22: 1580 | L22: 955 | M22: =SUM(M20:M21) -> 3753 | P22: مجموع السعوديين | R22: 4772 | S22: 778 | T22: 282 | U22: 20 | V22: 550 | W22: 1610 | X22: 1090 | Y22: 0 | Z22: 1111 | AA22: =SUM(AA20:AA21) -> 2201 | AD22: مجموع السعوديين | AF22: 6670 | AG22: 0 | AH22: 348 | AI22: 20 | AJ22: 0 | AK22: 7038 | AL22: 0 | AM22: 8704 | AN22: 0 | AO22: =SUM(AO20:AO21) -> 8704 | AR22: مجموع السعوديين | AT22: 2383 | AU22: 0 | AV22: 327 | AW22: 0 | AX22: 0 | AY22: 2710 | AZ22: 480 | BA22: 0 | BB22: 1086 | BC22: 1566 | BF22: مجموع السعوديين | BH22: 5552 | BI22: 864 | BJ22: 581 | BK22: 0 | BL22: 104 | BM22: 7101 | BN22: 115 | BO22: 4304 | BP22: 0 | BQ22: =SUM(BQ20:BQ21) -> 4419 | BT22: مجموع السعوديين | BV22: 6597 | BW22: 0 | BX22: 275 | BY22: 20 | BZ22: 0 | CA22: 6892 | CB22: 1183 | CC22: 5856 | CD22: 0 | CE22: =SUM(CE20:CE21) -> 7039 | CH22: مجموع السعوديين | CJ22: 0 | CK22: 305 | CL22: 362 | CM22: 34 | CN22: 421 | CO22: 1122 | CP22: 510 | CQ22: 6605 | CR22: 1041 | CS22: 8156 | CV22: مجموع السعوديين | CX22: =SUM(CX20:CX21) -> 6597 | CY22: =SUM(CY20:CY21) -> 0 | CZ22: =SUM(CZ20:CZ21) -> 275 | DA22: =SUM(DA20:DA21) -> 20 | DB22: =SUM(DB20:DB21) -> 0 | DC22: =SUM(DC20:DC21) -> 6892 | DD22: =SUM(DD20:DD21) -> 1183 | DE22: =SUM(DE20:DE21) -> 5856 | ... DG22: =SUM(DG20:DG21) -> 7039 | DJ22: مجموع السعوديين | DL22: =SUM(DL20:DL21) -> 8863 | DM22: =SUM(DM20:DM21) -> 465 | DN22: =SUM(DN20:DN21) -> 203 | DO22: =SUM(DO20:DO21) -> 31 | DP22: =SUM(DP20:DP21) -> 508 | DQ22: =SUM(DQ20:DQ21) -> 10070 | DR22: =SUM(DR20:DR21) -> 107 | DS22: =SUM(DS20:DS21) -> 330 | ... DU22: =SUM(DU20:DU21) -> 621 | DX22: مجموع السعوديين | DZ22: =SUM(DZ20:DZ21) -> 3516 | EA22: =SUM(EA20:EA21) -> 0 | EB22: =SUM(EB20:EB21) -> 240 | EC22: =SUM(EC20:EC21) -> 25 | ED22: =SUM(ED20:ED21) -> 296 | EE22: =SUM(EE20:EE21) -> 4077 | EF22: =SUM(EF20:EF21) -> 1218 | EG22: =SUM(EG20:EG21) -> 1580 | ... EI22: =SUM(EI20:EI21) -> 3753 | EL22: مجموع السعوديين | EN22: =SUM(EN20:EN21) -> 0 | EO22: =SUM(EO20:EO21) -> 0 | EP22: =SUM(EP20:EP21) -> 0 | EQ22: =SUM(EQ20:EQ21) -> 0 | ER22: =SUM(ER20:ER21) -> 0 | ES22: =SUM(ES20:ES21) -> 0 | ET22: =SUM(ET20:ET21) -> 0 | EU22: =SUM(EU20:EU21) -> 0 | ... EW22: =SUM(EW20:EW21) -> 0 | EZ22: مجموع السعوديين | FB22: =SUM(FB20:FB21) -> 0 | FC22: =SUM(FC20:FC21) -> 0 | FD22: =SUM(FD20:FD21) -> 0 | FE22: =SUM(FE20:FE21) -> 0 | FF22: =SUM(FF20:FF21) -> 0 | FG22: =SUM(FG20:FG21) -> 0 | FH22: =SUM(FH20:FH21) -> 0 | FI22: =SUM(FI20:FI21) -> 0 | ... FK22: =SUM(FK20:FK21) -> 0 | FN22: مجموع السعوديين | FP22: =SUM(FP20:FP21) -> 49066 | FQ22: =SUM(FQ20:FQ21) -> 3113 | FR22: =SUM(FR20:FR21) -> 3210 | FS22: =SUM(FS20:FS21) -> 195 | FT22: =SUM(FT20:FT21) -> 2075 | FU22: =SUM(FU20:FU21) -> 57659 | FV22: =SUM(FV20:FV21) -> 7104 | FW22: =SUM(FW20:FW21) -> 34815 | ... FY22: =SUM(FY20:FY21) -> 47251
B23: غير سعودي | C23: ذكر | D23: 894 | E23: 299 | F23: 0 | G23: 0 | H23: 150 | I23: 1343 | J23: 255 | K23: 92 | L23: 10 | M23: =SUM(J23:L23) -> 357 | P23: غير سعودي | Q23: ذكر | R23: 852 | S23: 411 | T23: 0 | U23: 0 | V23: 92 | W23: 503 | X23: 247 | Y23: 0 | Z23: 54 | AA23: =SUM(X23:Z23) -> 301 | AD23: غير سعودي | AE23: ذكر | AF23: 1895 | AG23: 0 | AH23: 0 | AI23: 0 | AJ23: 0 | AK23: 1895 | AL23: 0 | AM23: 274 | AN23: 0 | AO23: =SUM(AL23:AN23) -> 274 | AR23: غير سعودي | AS23: ذكر | AT23: 185 | AU23: 0 | AV23: 52 | AW23: 0 | AX23: 0 | AY23: 237 | AZ23: 152 | BA23: 0 | BB23: 60 | BC23: 212 | BF23: غير سعودي | BG23: ذكر | BH23: 656 | BI23: 94 | BJ23: 0 | BK23: 0 | BL23: 0 | BM23: 750 | BN23: 65 | BO23: 637 | BP23: 0 | BQ23: =SUM(BN23:BP23) -> 702 | BT23: غير سعودي | BU23: ذكر | BV23: 1689 | BW23: 0 | BX23: 0 | BY23: 0 | BZ23: 0 | CA23: 1689 | CB23: 279 | CC23: 252 | CD23: 0 | CE23: =SUM(CB23:CD23) -> 531 | CH23: غير سعودي | CI23: ذكر | CJ23: 856 | CK23: 66 | CL23: 0 | CM23: 0 | CN23: 138 | CO23: 204 | CP23: 103 | CQ23: 247 | CR23: 31 | CS23: 381 | CV23: غير سعودي | CW23: ذكر | CX23: 1689 | CY23: 0 | CZ23: 0 | DA23: 0 | DB23: 0 | DC23: =SUM(CX23:DB23) -> 1689 | DD23: 279 | DE23: 252 | DF23: 0 | DG23: =SUM(DD23:DF23) -> 531 | DJ23: غير سعودي | DK23: ذكر | DL23: 420 | DM23: 0 | DN23: 0 | DO23: 0 | DP23: 0 | DQ23: =SUM(DL23:DP23) -> 420 | DR23: 28 | DS23: 5 | DT23: 25 | DU23: =SUM(DR23:DT23) -> 58 | DX23: غير سعودي | DY23: ذكر | DZ23: 894 | EA23: 0 | EB23: 0 | EC23: 0 | ED23: 150 | EE23: =SUM(DZ23:ED23) -> 1044 | EF23: 255 | EG23: 92 | EH23: 10 | EI23: =SUM(EF23:EH23) -> 357 | EL23: غير سعودي | EM23: ذكر | EN23: 0 | EO23: 0 | EP23: 0 | EQ23: 0 | ER23: 0 | ES23: =SUM(EN23:ER23) -> 0 | ET23: 0 | EU23: 0 | EV23: 0 | EW23: =SUM(ET23:EV23) -> 0 | EZ23: غير سعودي | FA23: ذكر | FB23: 0 | FC23: 0 | FD23: 0 | FE23: 0 | FF23: 0 | FG23: =SUM(FB23:FF23) -> 0 | FH23: 0 | FI23: 0 | FJ23: 0 | FK23: =SUM(FH23:FJ23) -> 0 | FN23: غير سعودي | FO23: ذكر | FP23: =SUM(D23+R23+AF23+AT23+BH23+BV23+CJ23+CX23+DL23+DZ23+EN23+FB23) -> 10030 | FQ23: =SUM(E23+S23+AG23+AU23+BI23+BW23+CK23+CY23+DM23+EA23+EO23+FC23) -> 870 | FR23: =SUM(F23+T23+AH23+AV23+BJ23+BX23+CL23+CZ23+DN23+EB23+EP23+FD23) -> 52 | FS23: =SUM(G23+U23+AI23+AW23+BK23+BY23+CM23+DA23+DO23+EC23+EQ23+FE23) -> 0 | FT23: =SUM(H23+V23+AJ23+AX23+BL23+BZ23+CN23+DB23+DP23+ED23+ER23+FF23) -> 530 | FU23: =SUM(FP23:FT23) -> 11482 | FV23: =SUM(J23+X23+AL23+AZ23+BN23+CB23+CP23+DD23+DR23+EF23+ET23+FH23) -> 1663 | FW23: =SUM(K23+Y23+AM23+BA23+BO23+CC23+CQ23+DE23+DS23+EG23+EU23+FI23) -> 1851 | FX23: =SUM(L23+Z23+AN23+BB23+BP23+CD23+CR23+DF23+DT23+EH23+EV23+FJ23) -> 190 | FY23: =SUM(FV23:FX23) -> 3704
C24: أنثى | D24: 627 | E24: 56 | F24: 0 | G24: 0 | H24: 202 | I24: 885 | J24: 163 | K24: 123 | L24: 9 | M24: =SUM(J24:L24) -> 295 | Q24: أنثى | R24: 251 | S24: 231 | T24: 0 | U24: 0 | V24: 629 | W24: 860 | X24: 198 | Y24: 0 | Z24: 18 | AA24: =SUM(X24:Z24) -> 216 | AE24: أنثى | AF24: 1547 | AG24: 0 | AH24: 0 | AI24: 1 | AJ24: 0 | AK24: 1548 | AL24: 0 | AM24: 295 | AN24: 0 | AO24: =SUM(AL24:AN24) -> 295 | AS24: أنثى | AT24: 100 | AU24: 0 | AV24: 4 | AW24: 0 | AX24: 0 | AY24: 104 | AZ24: 88 | BA24: 0 | BB24: 4 | BC24: 92 | BG24: أنثى | BH24: 582 | BI24: 68 | BJ24: 0 | BK24: 5 | BL24: 2 | BM24: 657 | BN24: 54 | BO24: 484 | BP24: 0 | BQ24: =SUM(BN24:BP24) -> 538 | BU24: أنثى | BV24: 1258 | BW24: 0 | BX24: 0 | BY24: 0 | BZ24: 0 | CA24: 1258 | CB24: 194 | CC24: 202 | CD24: 0 | CE24: =SUM(CB24:CD24) -> 396 | CI24: أنثى | CJ24: 554 | CK24: 52 | CL24: 0 | CM24: 0 | CN24: 162 | CO24: 214 | CP24: 116 | CQ24: 584 | CR24: 0 | CS24: 700 | CW24: أنثى | CX24: 1258 | CY24: 0 | CZ24: 0 | DA24: 0 | DB24: 0 | DC24: =SUM(CX24:DB24) -> 1258 | DD24: 194 | DE24: 202 | DF24: 0 | DG24: =SUM(DD24:DF24) -> 396 | DK24: أنثى | DL24: 357 | DM24: 0 | DN24: 0 | DO24: 8 | DP24: 0 | DQ24: =SUM(DL24:DP24) -> 365 | DR24: 25 | DS24: 7 | DT24: 18 | DU24: =SUM(DR24:DT24) -> 50 | DY24: أنثى | DZ24: 627 | EA24: 0 | EB24: 0 | EC24: 0 | ED24: 202 | EE24: =SUM(DZ24:ED24) -> 829 | EF24: 163 | EG24: 123 | EH24: 9 | EI24: =SUM(EF24:EH24) -> 295 | EM24: أنثى | EN24: 0 | EO24: 0 | EP24: 0 | EQ24: 0 | ER24: 0 | ES24: =SUM(EN24:ER24) -> 0 | ET24: 0 | EU24: 0 | EV24: 0 | EW24: =SUM(ET24:EV24) -> 0 | FA24: أنثى | FB24: 0 | FC24: 0 | FD24: 0 | FE24: 0 | FF24: 0 | FG24: =SUM(FB24:FF24) -> 0 | FH24: 0 | FI24: 0 | FJ24: 0 | FK24: =SUM(FH24:FJ24) -> 0 | FO24: أنثى | FP24: =SUM(D24+R24+AF24+AT24+BH24+BV24+CJ24+CX24+DL24+DZ24+EN24+FB24) -> 7161 | FQ24: =SUM(E24+S24+AG24+AU24+BI24+BW24+CK24+CY24+DM24+EA24+EO24+FC24) -> 407 | FR24: =SUM(F24+T24+AH24+AV24+BJ24+BX24+CL24+CZ24+DN24+EB24+EP24+FD24) -> 4 | FS24: =SUM(G24+U24+AI24+AW24+BK24+BY24+CM24+DA24+DO24+EC24+EQ24+FE24) -> 14 | FT24: =SUM(H24+V24+AJ24+AX24+BL24+BZ24+CN24+DB24+DP24+ED24+ER24+FF24) -> 1197 | FU24: =SUM(FP24:FT24) -> 8783 | FV24: =SUM(J24+X24+AL24+AZ24+BN24+CB24+CP24+DD24+DR24+EF24+ET24+FH24) -> 1195 | FW24: =SUM(K24+Y24+AM24+BA24+BO24+CC24+CQ24+DE24+DS24+EG24+EU24+FI24) -> 2020 | FX24: =SUM(L24+Z24+AN24+BB24+BP24+CD24+CR24+DF24+DT24+EH24+EV24+FJ24) -> 58 | FY24: =SUM(FV24:FX24) -> 3273
B25: مجموع غ.سعودي | D25: =SUM(D23:D24) -> 1521 | E25: =SUM(E23:E24) -> 355 | F25: =SUM(F23:F24) -> 0 | G25: =SUM(G23:G24) -> 0 | H25: =SUM(H23:H24) -> 352 | I25: =SUM(I23:I24) -> 2228 | J25: =SUM(J23:J24) -> 418 | K25: =SUM(K23:K24) -> 215 | ... M25: =SUM(M23:M24) -> 652 | P25: مجموع غ.سعودي | R25: 113 | S25: 642 | T25: 0 | U25: 0 | V25: 721 | W25: 1363 | X25: 445 | Y25: 0 | Z25: 72 | AA25: =SUM(AA23:AA24) -> 517 | AD25: مجموع غ.سعودي | AF25: 3442 | AG25: 0 | AH25: 0 | AI25: 1 | AJ25: 0 | AK25: 3443 | AL25: 0 | AM25: 569 | AN25: 0 | AO25: =SUM(AO23:AO24) -> 569 | AR25: مجموع غ.سعودي | AT25: 285 | AU25: 0 | AV25: 56 | AW25: 0 | AX25: 0 | AY25: 341 | AZ25: 240 | BA25: 0 | BB25: 64 | BC25: 304 | BF25: مجموع غ.سعودي | BH25: =SUM(BH23:BH24) -> 1238 | BI25: =SUM(BI23:BI24) -> 162 | BJ25: =SUM(BJ23:BJ24) -> 0 | BK25: =SUM(BK23:BK24) -> 5 | BL25: =SUM(BL23:BL24) -> 2 | BM25: =SUM(BM23:BM24) -> 1407 | BN25: =SUM(BN23:BN24) -> 119 | BO25: =SUM(BO23:BO24) -> 1121 | ... BQ25: =SUM(BQ23:BQ24) -> 1240 | BT25: مجموع غ.سعودي | BV25: 2947 | BW25: 0 | BX25: 0 | BY25: 0 | BZ25: 0 | CA25: 2947 | CB25: 473 | CC25: 454 | CD25: 0 | CE25: =SUM(CE23:CE24) -> 927 | CH25: مجموع غ.سعودي | CJ25: 1410 | CK25: 118 | CL25: 0 | CM25: 0 | CN25: 300 | CO25: 418 | CP25: 219 | CQ25: 831 | CR25: 31 | CS25: 1081 | CV25: مجموع غ.سعودي | CX25: =SUM(CX23:CX24) -> 2947 | CY25: =SUM(CY23:CY24) -> 0 | CZ25: =SUM(CZ23:CZ24) -> 0 | DA25: =SUM(DA23:DA24) -> 0 | DB25: =SUM(DB23:DB24) -> 0 | DC25: =SUM(DC23:DC24) -> 2947 | DD25: =SUM(DD23:DD24) -> 473 | DE25: =SUM(DE23:DE24) -> 454 | ... DG25: =SUM(DG23:DG24) -> 927 | DJ25: مجموع غ.سعودي | DL25: =SUM(DL23:DL24) -> 777 | DM25: =SUM(DM23:DM24) -> 0 | DN25: =SUM(DN23:DN24) -> 0 | DO25: =SUM(DO23:DO24) -> 8 | DP25: =SUM(DP23:DP24) -> 0 | DQ25: =SUM(DQ23:DQ24) -> 785 | DR25: =SUM(DR23:DR24) -> 53 | DS25: =SUM(DS23:DS24) -> 12 | ... DU25: =SUM(DU23:DU24) -> 108 | DX25: مجموع غ.سعودي | DZ25: =SUM(DZ23:DZ24) -> 1521 | EA25: =SUM(EA23:EA24) -> 0 | EB25: =SUM(EB23:EB24) -> 0 | EC25: =SUM(EC23:EC24) -> 0 | ED25: =SUM(ED23:ED24) -> 352 | EE25: =SUM(EE23:EE24) -> 1873 | EF25: =SUM(EF23:EF24) -> 418 | EG25: =SUM(EG23:EG24) -> 215 | ... EI25: =SUM(EI23:EI24) -> 652 | EL25: مجموع غ.سعودي | EN25: =SUM(EN23:EN24) -> 0 | EO25: =SUM(EO23:EO24) -> 0 | EP25: =SUM(EP23:EP24) -> 0 | EQ25: =SUM(EQ23:EQ24) -> 0 | ER25: =SUM(ER23:ER24) -> 0 | ES25: =SUM(ES23:ES24) -> 0 | ET25: =SUM(ET23:ET24) -> 0 | EU25: =SUM(EU23:EU24) -> 0 | ... EW25: =SUM(EW23:EW24) -> 0 | EZ25: مجموع غ.سعودي | FB25: =SUM(FB23:FB24) -> 0 | FC25: =SUM(FC23:FC24) -> 0 | FD25: =SUM(FD23:FD24) -> 0 | FE25: =SUM(FE23:FE24) -> 0 | FF25: =SUM(FF23:FF24) -> 0 | FG25: =SUM(FG23:FG24) -> 0 | FH25: =SUM(FH23:FH24) -> 0 | FI25: =SUM(FI23:FI24) -> 0 | ... FK25: =SUM(FK23:FK24) -> 0 | FN25: مجموع غ.سعودي | FP25: =SUM(FP23:FP24) -> 17191 | FQ25: =SUM(FQ23:FQ24) -> 1277 | FR25: =SUM(FR23:FR24) -> 56 | FS25: =SUM(FS23:FS24) -> 14 | FT25: =SUM(FT23:FT24) -> 1727 | FU25: =SUM(FU23:FU24) -> 20265 | FV25: =SUM(FV23:FV24) -> 2858 | FW25: =SUM(FW23:FW24) -> 3871 | ... FY25: =SUM(FY23:FY24) -> 6977
A26: المجموع الكلي | D26: =SUM(D25+D22) -> 3537 | E26: =SUM(E25+E22) -> 1056 | F26: =SUM(F25+F22) -> 317 | G26: =SUM(G25+G22) -> 25 | H26: =SUM(H25+H22) -> 548 | I26: =SUM(I22+I25) -> 5483 | J26: =SUM(J25+J22) -> 1636 | K26: =SUM(K25+K22) -> 1795 | L26: =SUM(L25+L22) -> 974 | M26: =SUM(M25+M22) -> 4405 | O26: المجموع الكلي | R26: =SUM(R25+R22) -> 4885 | S26: =SUM(S25+S22) -> 1420 | T26: =SUM(T25+T22) -> 282 | U26: =SUM(U25+U22) -> 20 | V26: =SUM(V25+V22) -> 1271 | W26: =SUM(W22+W25) -> 2973 | X26: =SUM(X25+X22) -> 1535 | Y26: =SUM(Y25+Y22) -> 0 | Z26: =SUM(Z25+Z22) -> 1183 | AA26: =SUM(AA25+AA22) -> 2718 | AC26: المجموع الكلي | AF26: 10112 | AG26: 0 | AH26: 348 | AI26: 21 | AJ26: 0 | AK26: 10481 | AL26: 0 | AM26: 9273 | AN26: 0 | AO26: =SUM(AO25+AO22) -> 9273 | AQ26: المجموع الكلي | AT26: =SUM(AT25+AT22) -> 2668 | AU26: =SUM(AU25+AU22) -> 0 | AV26: =SUM(AV25+AV22) -> 383 | AW26: =SUM(AW25+AW22) -> 0 | AX26: =SUM(AX25+AX22) -> 0 | AY26: =SUM(AY22+AY25) -> 3051 | AZ26: =SUM(AZ25+AZ22) -> 720 | BA26: =SUM(BA25+BA22) -> 0 | BB26: =SUM(BB25+BB22) -> 1150 | BC26: =SUM(BC25+BC22) -> 1870 | BE26: المجموع الكلي | BH26: =SUM(BH25+BH22) -> 6790 | BI26: =SUM(BI25+BI22) -> 1026 | BJ26: =SUM(BJ25+BJ22) -> 581 | BK26: =SUM(BK25+BK22) -> 5 | BL26: =SUM(BL25+BL22) -> 106 | BM26: =SUM(BM22+BM25) -> 8508 | BN26: =SUM(BN25+BN22) -> 234 | BO26: =SUM(BO25+BO22) -> 5425 | BP26: =SUM(BP25+BP22) -> 0 | BQ26: =SUM(BQ25+BQ22) -> 5659 | BS26: المجموع الكلي | BV26: 9544 | BW26: 0 | BX26: 275 | BY26: 20 | BZ26: 0 | CA26: 9839 | CB26: 1656 | CC26: 6310 | CD26: 0 | CE26: =SUM(CE25+CE22) -> 7966 | CG26: المجموع الكلي | CJ26: 1410 | CK26: 423 | CL26: 362 | CM26: 34 | CN26: 721 | CO26: 1540 | CP26: 729 | CQ26: 7436 | CR26: 1072 | CS26: 9237 | CU26: المجموع الكلي | CX26: =SUM(CX25+CX22) -> 9544 | CY26: =SUM(CY25+CY22) -> 0 | CZ26: =SUM(CZ25+CZ22) -> 275 | DA26: =SUM(DA25+DA22) -> 20 | DB26: =SUM(DB25+DB22) -> 0 | DC26: =SUM(DC22+DC25) -> 9839 | DD26: =SUM(DD25+DD22) -> 1656 | DE26: =SUM(DE25+DE22) -> 6310 | DF26: =SUM(DF25+DF22) -> 0 | DG26: =SUM(DG25+DG22) -> 7966 | DI26: المجموع الكلي | DL26: =SUM(DL25+DL22) -> 9640 | DM26: =SUM(DM25+DM22) -> 465 | DN26: =SUM(DN25+DN22) -> 203 | DO26: =SUM(DO25+DO22) -> 39 | DP26: =SUM(DP25+DP22) -> 508 | DQ26: =SUM(DQ22+DQ25) -> 10855 | DR26: =SUM(DR25+DR22) -> 160 | DS26: =SUM(DS25+DS22) -> 342 | DT26: =SUM(DT25+DT22) -> 227 | DU26: =SUM(DU25+DU22) -> 729 | DW26: المجموع الكلي | DZ26: =SUM(DZ25+DZ22) -> 5037 | EA26: =SUM(EA25+EA22) -> 0 | EB26: =SUM(EB25+EB22) -> 240 | EC26: =SUM(EC25+EC22) -> 25 | ED26: =SUM(ED25+ED22) -> 648 | EE26: =SUM(EE22+EE25) -> 5950 | EF26: =SUM(EF25+EF22) -> 1636 | EG26: =SUM(EG25+EG22) -> 1795 | EH26: =SUM(EH25+EH22) -> 974 | EI26: =SUM(EI25+EI22) -> 4405 | EK26: المجموع الكلي | EN26: =SUM(EN25+EN22) -> 0 | EO26: =SUM(EO25+EO22) -> 0 | EP26: =SUM(EP25+EP22) -> 0 | EQ26: =SUM(EQ25+EQ22) -> 0 | ER26: =SUM(ER25+ER22) -> 0 | ES26: =SUM(ES22+ES25) -> 0 | ET26: =SUM(ET25+ET22) -> 0 | EU26: =SUM(EU25+EU22) -> 0 | EV26: =SUM(EV25+EV22) -> 0 | EW26: =SUM(EW25+EW22) -> 0 | EY26: المجموع الكلي | FB26: =SUM(FB25+FB22) -> 0 | FC26: =SUM(FC25+FC22) -> 0 | FD26: =SUM(FD25+FD22) -> 0 | FE26: =SUM(FE25+FE22) -> 0 | FF26: =SUM(FF25+FF22) -> 0 | FG26: =SUM(FG22+FG25) -> 0 | FH26: =SUM(FH25+FH22) -> 0 | FI26: =SUM(FI25+FI22) -> 0 | FJ26: =SUM(FJ25+FJ22) -> 0 | FK26: =SUM(FK25+FK22) -> 0 | FM26: المجموع الكلي | FP26: =SUM(FP25+FP22) -> 66257 | FQ26: =SUM(FQ25+FQ22) -> 4390 | FR26: =SUM(FR25+FR22) -> 3266 | FS26: =SUM(FS25+FS22) -> 209 | FT26: =SUM(FT25+FT22) -> 3802 | FU26: =SUM(FU22+FU25) -> 77924 | FV26: =SUM(FV25+FV22) -> 9962 | FW26: =SUM(FW25+FW22) -> 38686 | FX26: =SUM(FX25+FX22) -> 5580 | FY26: =SUM(FY25+FY22) -> 54228
A27: المطار القديم | B27: سعودي | C27: ذكر | D27: 1102 | E27: 320 | F27: 297 | G27: 0 | H27: 120 | I27: 1839 | J27: 19 | K27: 280 | L27: 0 | M27: =SUM(J27:L27) -> 299 | O27: المطار القديم | P27: سعودي | Q27: ذكر | R27: 1125 | S27: 209 | T27: 220 | U27: 0 | V27: 136 | W27: 1690 | X27: 301 | Y27: 776 | Z27: 0 | AA27: =SUM(X27:Z27) -> 1077 | AC27: المطار القديم | AD27: سعودي | AE27: ذكر | AF27: 2140 | AG27: 400 | AH27: 186 | AI27: 0 | AJ27: 205 | AK27: 2931 | AL27: 125 | AM27: 309 | AN27: 0 | AO27: =SUM(AL27:AN27) -> 434 | AQ27: المطار القديم | AR27: سعودي | AS27: ذكر | AT27: 0 | AU27: 0 | AV27: 0 | AW27: 0 | AX27: 0 | AY27: =SUM(AT27:AX27) -> 0 | AZ27: 0 | BA27: 0 | BB27: 0 | BC27: =SUM(AZ27:BB27) -> 0 | BE27: المطار القديم | BF27: سعودي | BG27: ذكر | BH27: 3191 | BI27: 169 | BJ27: 450 | BK27: 0 | BL27: 190 | BM27: 4000 | BN27: 208 | BO27: 805 | BP27: 0 | BQ27: =SUM(BN27:BP27) -> 1013 | BS27: المطار القديم | BT27: سعودي | BU27: ذكر | BV27: 987 | BW27: 18 | BX27: 16 | BY27: 0 | BZ27: 169 | CA27: 1190 | CB27: 60 | CC27: 477 | CE27: 567 | CG27: المطار القديم | CH27: سعودي | CI27: ذكر | CJ27: 1125 | CK27: 209 | CL27: 220 | CM27: 0 | CN27: 136 | CO27: 1690 | CP27: 301 | CQ27: 776 | CR27: 0 | CS27: 1077 | CU27: المطار القديم | CV27: سعودي | CW27: ذكر | CX27: 2917 | CY27: 191 | CZ27: 400 | DA27: 0 | DB27: 219 | DC27: 3727 | DD27: 8 | DE27: 211 | DF27: 0 | DG27: =SUM(DD27:DF27) -> 219 | DI27: المطار القديم | DJ27: سعودي | DK27: ذكر | DL27: 1969 | DM27: 16 | DN27: 503 | DO27: 0 | DP27: 798 | DQ27: =SUM(DL27:DP27) -> 3286 | DR27: 117 | DS27: 1251 | DT27: 0 | DU27: =SUM(DR27:DT27) -> 1368 | DW27: المطار القديم | DX27: سعودي | DY27: ذكر | DZ27: 1102 | EA27: 320 | EB27: 297 | EC27: 0 | ED27: 120 | EE27: 1839 | EF27: 19 | EG27: 280 | EH27: 0 | EI27: 299 | EK27: المطار القديم | EL27: سعودي | EM27: ذكر | EN27: 0 | EO27: 0 | EP27: 0 | EQ27: 0 | ER27: 0 | ES27: =SUM(EN27:ER27) -> 0 | ET27: 0 | EU27: 0 | EV27: 0 | EW27: =SUM(ET27:EV27) -> 0 | EY27: المطار القديم | EZ27: سعودي | FA27: ذكر | FB27: 0 | FC27: 0 | FD27: 0 | FE27: 0 | FF27: 0 | FG27: =SUM(FB27:FF27) -> 0 | FH27: 0 | FI27: 0 | FJ27: 0 | FK27: =SUM(FH27:FJ27) -> 0 | FM27: =EY27 -> المطار القديم | FN27: سعودي | FO27: ذكر | FP27: =SUM(D27+R27+AF27+AT27+BH27+BV27+CJ27+CX27+DL27+DZ27+EN27+FB27) -> 15658 | FQ27: =SUM(E27+S27+AG27+AU27+BI27+BW27+CK27+CY27+DM27+EA27+EO27+FC27) -> 1852 | FR27: =SUM(F27+T27+AH27+AV27+BJ27+BX27+CL27+CZ27+DN27+EB27+EP27+FD27) -> 2589 | FS27: =SUM(G27+U27+AI27+AW27+BK27+BY27+CM27+DA27+DO27+EC27+EQ27+FE27) -> 0 | FT27: =SUM(H27+V27+AJ27+AX27+BL27+BZ27+CN27+DB27+DP27+ED27+ER27+FF27) -> 2093 | FU27: =SUM(FP27:FT27) -> 22192 | FV27: =SUM(J27+X27+AL27+AZ27+BN27+CB27+CP27+DD27+DR27+EF27+ET27+FH27) -> 1158 | FW27: =SUM(K27+Y27+AM27+BA27+BO27+CC27+CQ27+DE27+DS27+EG27+EU27+FI27) -> 5165 | FX27: =SUM(L27+Z27+AN27+BB27+BP27+CD27+CR27+DF27+DT27+EH27+EV27+FJ27) -> 0 | FY27: =SUM(FV27:FX27) -> 6323
C28: أنثى | D28: 805 | E28: 155 | F28: 114 | G28: 5 | H28: 199 | I28: 1278 | J28: 9 | K28: 163 | L28: 0 | M28: =SUM(J28:L28) -> 172 | Q28: أنثى | R28: 952 | S28: 191 | T28: 184 | U28: 5 | V28: 200 | W28: 1532 | X28: 212 | Y28: 833 | Z28: 0 | AA28: =SUM(X28:Z28) -> 1045 | AE28: أنثى | AF28: 3110 | AG28: 315 | AH28: 230 | AI28: 2 | AJ28: 119 | AK28: 3776 | AL28: 50 | AM28: 210 | AN28: 0 | AO28: =SUM(AL28:AN28) -> 260 | AS28: أنثى | AT28: 0 | AU28: 0 | AV28: 0 | AW28: 0 | AX28: 0 | AY28: =SUM(AT28:AX28) -> 0 | AZ28: 0 | BA28: 0 | BB28: 0 | BC28: =SUM(AZ28:BB28) -> 0 | BG28: أنثى | BH28: 419 | BI28: 290 | BJ28: 419 | BK28: 6 | BL28: 201 | BM28: 1335 | BN28: 88 | BO28: 1000 | BP28: 0 | BQ28: =SUM(BN28:BP28) -> 1088 | BU28: أنثى | BV28: 1002 | BW28: 22 | BX28: 27 | BY28: 5 | BZ28: 150 | CA28: 1206 | CB28: 56 | CC28: 839 | CE28: 910 | CI28: أنثى | CJ28: 952 | CK28: 191 | CL28: 184 | CM28: 5 | CN28: 200 | CO28: 1532 | CP28: 212 | CQ28: 833 | CR28: 0 | CS28: 1045 | CW28: أنثى | CX28: 619 | CY28: 80 | CZ28: 219 | DA28: 10 | DB28: 118 | DC28: 1046 | DD28: 18 | DE28: 101 | DF28: 0 | DG28: =SUM(DD28:DF28) -> 119 | DK28: أنثى | DL28: 2287 | DM28: 9 | DN28: 563 | DO28: 58 | DP28: 574 | DQ28: =SUM(DL28:DP28) -> 3491 | DR28: 27 | DS28: 1914 | DT28: 0 | DU28: =SUM(DR28:DT28) -> 1941 | DY28: أنثى | DZ28: 805 | EA28: 155 | EB28: 114 | EC28: 5 | ED28: 199 | EE28: 1278 | EF28: 9 | EG28: 163 | EH28: 0 | EI28: 172 | EM28: أنثى | EN28: 0 | EO28: 0 | EP28: 0 | EQ28: 0 | ER28: 0 | ES28: =SUM(EN28:ER28) -> 0 | ET28: 0 | EU28: 0 | EV28: 0 | EW28: =SUM(ET28:EV28) -> 0 | FA28: أنثى | FB28: 0 | FC28: 0 | FD28: 0 | FE28: 0 | FF28: 0 | FG28: =SUM(FB28:FF28) -> 0 | FH28: 0 | FI28: 0 | FJ28: 0 | FK28: =SUM(FH28:FJ28) -> 0 | FO28: أنثى | FP28: =SUM(D28+R28+AF28+AT28+BH28+BV28+CJ28+CX28+DL28+DZ28+EN28+FB28) -> 10951 | FQ28: =SUM(E28+S28+AG28+AU28+BI28+BW28+CK28+CY28+DM28+EA28+EO28+FC28) -> 1408 | FR28: =SUM(F28+T28+AH28+AV28+BJ28+BX28+CL28+CZ28+DN28+EB28+EP28+FD28) -> 2054 | FS28: =SUM(G28+U28+AI28+AW28+BK28+BY28+CM28+DA28+DO28+EC28+EQ28+FE28) -> 101 | FT28: =SUM(H28+V28+AJ28+AX28+BL28+BZ28+CN28+DB28+DP28+ED28+ER28+FF28) -> 1960 | FU28: =SUM(FP28:FT28) -> 16474 | FV28: =SUM(J28+X28+AL28+AZ28+BN28+CB28+CP28+DD28+DR28+EF28+ET28+FH28) -> 681 | FW28: =SUM(K28+Y28+AM28+BA28+BO28+CC28+CQ28+DE28+DS28+EG28+EU28+FI28) -> 6056 | FX28: =SUM(L28+Z28+AN28+BB28+BP28+CD28+CR28+DF28+DT28+EH28+EV28+FJ28) -> 0 | FY28: =SUM(FV28:FX28) -> 6737
B29: مجموع السعوديين | D29: 1907 | E29: 475 | F29: 411 | G29: 5 | H29: 319 | I29: 3117 | J29: 28 | K29: 443 | L29: 0 | M29: =SUM(M27:M28) -> 471 | P29: مجموع السعوديين | R29: 2077 | S29: 400 | T29: 404 | U29: 5 | V29: 336 | W29: 3222 | X29: 513 | Y29: 1609 | Z29: 0 | AA29: =SUM(AA27:AA28) -> 2122 | AD29: مجموع السعوديين | AF29: 5250 | AG29: 715 | AH29: 416 | AI29: 2 | AJ29: 324 | AK29: 6707 | AL29: 175 | AM29: 519 | AN29: 0 | AO29: =SUM(AO27:AO28) -> 694 | AR29: مجموع السعوديين | AT29: =SUM(AT27:AT28) -> 0 | AU29: =SUM(AU27:AU28) -> 0 | AV29: =SUM(AV27:AV28) -> 0 | AW29: =SUM(AW27:AW28) -> 0 | AX29: =SUM(AX27:AX28) -> 0 | AY29: =SUM(AY27:AY28) -> 0 | AZ29: =SUM(AZ27:AZ28) -> 0 | BA29: =SUM(BA27:BA28) -> 0 | ... BC29: =SUM(BC27:BC28) -> 0 | BF29: مجموع السعوديين | BH29: 3610 | BI29: 459 | BJ29: 869 | BK29: 6 | BL29: 391 | BM29: 5335 | BN29: 296 | BO29: 1805 | BP29: 0 | BQ29: =SUM(BQ27:BQ28) -> 2101 | BT29: مجموع السعوديين | BV29: 1989 | BW29: 40 | BX29: 43 | BY29: 5 | BZ29: 319 | CA29: 2396 | CB29: 116 | CC29: 1316 | CE29: 1477 | CH29: مجموع السعوديين | CJ29: 2077 | CK29: 400 | CL29: 404 | CM29: 5 | CN29: 336 | CO29: 3222 | CP29: 513 | CQ29: 1609 | CR29: 0 | CS29: 2122 | CV29: مجموع السعوديين | CX29: =SUM(CX27:CX28) -> 3536 | CY29: =SUM(CY27:CY28) -> 271 | CZ29: =SUM(CZ27:CZ28) -> 619 | DA29: =SUM(DA27:DA28) -> 10 | DB29: =SUM(DB27:DB28) -> 337 | DC29: =SUM(DC27:DC28) -> 4773 | DD29: =SUM(DD27:DD28) -> 26 | DE29: =SUM(DE27:DE28) -> 312 | ... DG29: =SUM(DG27:DG28) -> 338 | DJ29: مجموع السعوديين | DL29: =SUM(DL27:DL28) -> 4256 | DM29: =SUM(DM27:DM28) -> 25 | DN29: =SUM(DN27:DN28) -> 1066 | DO29: =SUM(DO27:DO28) -> 58 | DP29: =SUM(DP27:DP28) -> 1372 | DQ29: =SUM(DQ27:DQ28) -> 6777 | DR29: =SUM(DR27:DR28) -> 144 | DS29: =SUM(DS27:DS28) -> 3165 | ... DU29: =SUM(DU27:DU28) -> 3309 | DX29: مجموع السعوديين | DZ29: 1907 | EA29: 475 | EB29: 411 | EC29: 5 | ED29: 319 | EE29: 3117 | EF29: 28 | EG29: 443 | EH29: 0 | EI29: 471 | EL29: مجموع السعوديين | EN29: =SUM(EN27:EN28) -> 0 | EO29: =SUM(EO27:EO28) -> 0 | EP29: =SUM(EP27:EP28) -> 0 | EQ29: =SUM(EQ27:EQ28) -> 0 | ER29: =SUM(ER27:ER28) -> 0 | ES29: =SUM(ES27:ES28) -> 0 | ET29: =SUM(ET27:ET28) -> 0 | EU29: =SUM(EU27:EU28) -> 0 | ... EW29: =SUM(EW27:EW28) -> 0 | EZ29: مجموع السعوديين | FB29: =SUM(FB27:FB28) -> 0 | FC29: =SUM(FC27:FC28) -> 0 | FD29: =SUM(FD27:FD28) -> 0 | FE29: =SUM(FE27:FE28) -> 0 | FF29: =SUM(FF27:FF28) -> 0 | FG29: =SUM(FG27:FG28) -> 0 | FH29: =SUM(FH27:FH28) -> 0 | FI29: =SUM(FI27:FI28) -> 0 | ... FK29: =SUM(FK27:FK28) -> 0 | FN29: مجموع السعوديين | FP29: =SUM(FP27:FP28) -> 26609 | FQ29: =SUM(FQ27:FQ28) -> 3260 | FR29: =SUM(FR27:FR28) -> 4643 | FS29: =SUM(FS27:FS28) -> 101 | FT29: =SUM(FT27:FT28) -> 4053 | FU29: =SUM(FU27:FU28) -> 38666 | FV29: =SUM(FV27:FV28) -> 1839 | FW29: =SUM(FW27:FW28) -> 11221 | ... FY29: =SUM(FY27:FY28) -> 13060
B30: غير سعودي | C30: ذكر | D30: 220 | E30: 90 | F30: 0 | G30: 0 | H30: 52 | I30: 362 | J30: 4 | K30: 100 | L30: 0 | M30: =SUM(J30:L30) -> 104 | P30: غير سعودي | Q30: ذكر | R30: 195 | S30: 77 | T30: 0 | U30: 0 | V30: 36 | W30: 308 | X30: 27 | Y30: 154 | Z30: 0 | AA30: =SUM(X30:Z30) -> 181 | AD30: غير سعودي | AE30: ذكر | AF30: 602 | AG30: 50 | AH30: 0 | AI30: 0 | AJ30: 60 | AK30: 712 | AL30: 7 | AM30: 120 | AN30: 0 | AO30: =SUM(AL30:AN30) -> 127 | AR30: غير سعودي | AS30: ذكر | AT30: 0 | AU30: 0 | AV30: 0 | AW30: 0 | AX30: 0 | AY30: =SUM(AT30:AX30) -> 0 | AZ30: 0 | BA30: 0 | BB30: 0 | BC30: =SUM(AZ30:BB30) -> 0 | BF30: غير سعودي | BG30: ذكر | BH30: 610 | BI30: 19 | BJ30: 0 | BK30: 0 | BL30: 119 | BM30: 748 | BN30: 100 | BO30: 416 | BP30: 0 | BQ30: =SUM(BN30:BP30) -> 516 | BT30: غير سعودي | BU30: ذكر | BV30: 320 | BW30: 2 | BX30: 0 | BY30: 0 | BZ30: 78 | CA30: 400 | CB30: 10 | CC30: 28 | CE30: 39 | CH30: غير سعودي | CI30: ذكر | CJ30: 195 | CK30: 77 | CL30: 0 | CM30: 0 | CN30: 36 | CO30: 308 | CP30: 27 | CQ30: 154 | CR30: 0 | CS30: 181 | CV30: غير سعودي | CW30: ذكر | CX30: 290 | CY30: 80 | CZ30: 0 | DA30: 0 | DB30: 100 | DC30: 470 | DD30: 2 | DE30: 34 | DF30: 0 | DG30: =SUM(DD30:DF30) -> 36 | DJ30: غير سعودي | DK30: ذكر | DL30: 480 | DM30: 10 | DN30: 17 | DO30: 0 | DP30: 23 | DQ30: =SUM(DL30:DP30) -> 530 | DR30: 44 | DS30: 203 | DT30: 0 | DU30: =SUM(DR30:DT30) -> 247 | DX30: غير سعودي | DY30: ذكر | DZ30: 220 | EA30: 90 | EB30: 0 | EC30: 0 | ED30: 52 | EE30: 362 | EF30: 4 | EG30: 100 | EH30: 0 | EI30: 104 | EL30: غير سعودي | EM30: ذكر | EN30: 0 | EO30: 0 | EP30: 0 | EQ30: 0 | ER30: 0 | ES30: =SUM(EN30:ER30) -> 0 | ET30: 0 | EU30: 0 | EV30: 0 | EW30: =SUM(ET30:EV30) -> 0 | EZ30: غير سعودي | FA30: ذكر | FB30: 0 | FC30: 0 | FD30: 0 | FE30: 0 | FF30: 0 | FG30: =SUM(FB30:FF30) -> 0 | FH30: 0 | FI30: 0 | FJ30: 0 | FK30: =SUM(FH30:FJ30) -> 0 | FN30: غير سعودي | FO30: ذكر | FP30: =SUM(D30+R30+AF30+AT30+BH30+BV30+CJ30+CX30+DL30+DZ30+EN30+FB30) -> 3132 | FQ30: =SUM(E30+S30+AG30+AU30+BI30+BW30+CK30+CY30+DM30+EA30+EO30+FC30) -> 495 | FR30: =SUM(F30+T30+AH30+AV30+BJ30+BX30+CL30+CZ30+DN30+EB30+EP30+FD30) -> 17 | FS30: =SUM(G30+U30+AI30+AW30+BK30+BY30+CM30+DA30+DO30+EC30+EQ30+FE30) -> 0 | FT30: =SUM(H30+V30+AJ30+AX30+BL30+BZ30+CN30+DB30+DP30+ED30+ER30+FF30) -> 556 | FU30: =SUM(FP30:FT30) -> 4200 | FV30: =SUM(J30+X30+AL30+AZ30+BN30+CB30+CP30+DD30+DR30+EF30+ET30+FH30) -> 225 | FW30: =SUM(K30+Y30+AM30+BA30+BO30+CC30+CQ30+DE30+DS30+EG30+EU30+FI30) -> 1309 | FX30: =SUM(L30+Z30+AN30+BB30+BP30+CD30+CR30+DF30+DT30+EH30+EV30+FJ30) -> 0 | FY30: =SUM(FV30:FX30) -> 1534
C31: أنثى | D31: 152 | E31: 32 | F31: 0 | G31: 0 | H31: 40 | I31: 224 | J31: 1 | K31: 70 | L31: 0 | M31: =SUM(J31:L31) -> 71 | Q31: أنثى | R31: 164 | S31: 54 | T31: 0 | U31: 0 | V31: 40 | W31: 258 | X31: 27 | Y31: 179 | Z31: 0 | AA31: =SUM(X31:Z31) -> 206 | AE31: أنثى | AF31: 452 | AG31: 93 | AH31: 0 | AI31: 0 | AJ31: 43 | AK31: 588 | AL31: 4 | AM31: 149 | AN31: 0 | AO31: =SUM(AL31:AN31) -> 153 | AS31: أنثى | AT31: 0 | AU31: 0 | AV31: 0 | AW31: 0 | AX31: 0 | AY31: =SUM(AT31:AX31) -> 0 | AZ31: 0 | BA31: 0 | BB31: 0 | BC31: =SUM(AZ31:BB31) -> 0 | BG31: أنثى | BH31: 397 | BI31: 9 | BJ31: 0 | BK31: 0 | BL31: 110 | BM31: 516 | BN31: 59 | BO31: 300 | BP31: 0 | BQ31: =SUM(BN31:BP31) -> 359 | BU31: أنثى | BV31: 201 | BW31: 3 | BX31: 0 | BY31: 0 | BZ31: 67 | CA31: 271 | CB31: 0 | CC31: 17 | CE31: 17 | CI31: أنثى | CJ31: 164 | CK31: 54 | CL31: 0 | CM31: 0 | CN31: 40 | CO31: 258 | CP31: 27 | CQ31: 179 | CR31: 0 | CS31: 206 | CW31: أنثى | CX31: 188 | CY31: 66 | CZ31: 0 | DA31: 0 | DB31: 219 | DC31: 473 | DD31: 0 | DE31: 8 | DF31: 0 | DG31: =SUM(DD31:DF31) -> 8 | DK31: أنثى | DL31: 417 | DM31: 5 | DN31: 12 | DO31: 21 | DP31: 18 | DQ31: =SUM(DL31:DP31) -> 473 | DR31: 14 | DS31: 370 | DT31: 0 | DU31: =SUM(DR31:DT31) -> 384 | DY31: أنثى | DZ31: 152 | EA31: 32 | EB31: 0 | EC31: 0 | ED31: 40 | EE31: 224 | EF31: 1 | EG31: 70 | EH31: 0 | EI31: 71 | EM31: أنثى | EN31: 0 | EO31: 0 | EP31: 0 | EQ31: 0 | ER31: 0 | ES31: =SUM(EN31:ER31) -> 0 | ET31: 0 | EU31: 0 | EV31: 0 | EW31: =SUM(ET31:EV31) -> 0 | FA31: أنثى | FB31: 0 | FC31: 0 | FD31: 0 | FE31: 0 | FF31: 0 | FG31: =SUM(FB31:FF31) -> 0 | FH31: 0 | FI31: 0 | FJ31: 0 | FK31: =SUM(FH31:FJ31) -> 0 | FO31: أنثى | FP31: =SUM(D31+R31+AF31+AT31+BH31+BV31+CJ31+CX31+DL31+DZ31+EN31+FB31) -> 2287 | FQ31: =SUM(E31+S31+AG31+AU31+BI31+BW31+CK31+CY31+DM31+EA31+EO31+FC31) -> 348 | FR31: =SUM(F31+T31+AH31+AV31+BJ31+BX31+CL31+CZ31+DN31+EB31+EP31+FD31) -> 12 | FS31: =SUM(G31+U31+AI31+AW31+BK31+BY31+CM31+DA31+DO31+EC31+EQ31+FE31) -> 21 | FT31: =SUM(H31+V31+AJ31+AX31+BL31+BZ31+CN31+DB31+DP31+ED31+ER31+FF31) -> 617 | FU31: =SUM(FP31:FT31) -> 3285 | FV31: =SUM(J31+X31+AL31+AZ31+BN31+CB31+CP31+DD31+DR31+EF31+ET31+FH31) -> 133 | FW31: =SUM(K31+Y31+AM31+BA31+BO31+CC31+CQ31+DE31+DS31+EG31+EU31+FI31) -> 1342 | FX31: =SUM(L31+Z31+AN31+BB31+BP31+CD31+CR31+DF31+DT31+EH31+EV31+FJ31) -> 0 | FY31: =SUM(FV31:FX31) -> 1475
B32: مجموع غ.سعودي | D32: =SUM(D30:D31) -> 372 | E32: =SUM(E30:E31) -> 122 | F32: =SUM(F30:F31) -> 0 | G32: =SUM(G30:G31) -> 0 | H32: =SUM(H30:H31) -> 92 | I32: =SUM(I30:I31) -> 586 | J32: =SUM(J30:J31) -> 5 | K32: =SUM(K30:K31) -> 170 | ... M32: =SUM(M30:M31) -> 175 | P32: مجموع غ.سعودي | R32: =SUM(R30:R31) -> 359 | S32: =SUM(S30:S31) -> 131 | T32: =SUM(T30:T31) -> 0 | U32: =SUM(U30:U31) -> 0 | V32: =SUM(V30:V31) -> 76 | W32: =SUM(W30:W31) -> 566 | X32: =SUM(X30:X31) -> 54 | Y32: =SUM(Y30:Y31) -> 333 | ... AA32: =SUM(AA30:AA31) -> 387 | AD32: مجموع غ.سعودي | AF32: 1054 | AG32: 143 | AH32: 0 | AI32: 0 | AJ32: 103 | AK32: 1300 | AL32: 11 | AM32: 269 | AN32: 0 | AO32: =SUM(AO30:AO31) -> 280 | AR32: مجموع غ.سعودي | AT32: =SUM(AT30:AT31) -> 0 | AU32: =SUM(AU30:AU31) -> 0 | AV32: =SUM(AV30:AV31) -> 0 | AW32: =SUM(AW30:AW31) -> 0 | AX32: =SUM(AX30:AX31) -> 0 | AY32: =SUM(AY30:AY31) -> 0 | AZ32: =SUM(AZ30:AZ31) -> 0 | BA32: =SUM(BA30:BA31) -> 0 | ... BC32: =SUM(BC30:BC31) -> 0 | BF32: مجموع غ.سعودي | BH32: =SUM(BH30:BH31) -> 1007 | BI32: =SUM(BI30:BI31) -> 28 | BJ32: =SUM(BJ30:BJ31) -> 0 | BK32: =SUM(BK30:BK31) -> 0 | BL32: =SUM(BL30:BL31) -> 229 | BM32: =SUM(BM30:BM31) -> 1264 | BN32: =SUM(BN30:BN31) -> 159 | BO32: =SUM(BO30:BO31) -> 716 | ... BQ32: =SUM(BQ30:BQ31) -> 875 | BT32: مجموع غ.سعودي | BV32: 521 | BW32: 5 | BX32: 0 | BY32: 0 | BZ32: 145 | CA32: 671 | CB32: 10 | CC32: 45 | CE32: 56 | CH32: مجموع غ.سعودي | CJ32: 359 | CK32: 131 | CL32: 0 | CM32: 0 | CN32: 76 | CO32: 566 | CP32: 54 | CQ32: 333 | CR32: 0 | CS32: 387 | CV32: مجموع غ.سعودي | CX32: =SUM(CX30:CX31) -> 478 | CY32: =SUM(CY30:CY31) -> 146 | CZ32: =SUM(CZ30:CZ31) -> 0 | DA32: =SUM(DA30:DA31) -> 0 | DB32: =SUM(DB30:DB31) -> 319 | DC32: =SUM(DC30:DC31) -> 943 | DD32: =SUM(DD30:DD31) -> 2 | DE32: =SUM(DE30:DE31) -> 42 | ... DG32: =SUM(DG30:DG31) -> 44 | DJ32: مجموع غ.سعودي | DL32: =SUM(DL30:DL31) -> 897 | DM32: =SUM(DM30:DM31) -> 15 | DN32: =SUM(DN30:DN31) -> 29 | DO32: =SUM(DO30:DO31) -> 21 | DP32: =SUM(DP30:DP31) -> 41 | DQ32: =SUM(DQ30:DQ31) -> 1003 | DR32: =SUM(DR30:DR31) -> 58 | DS32: =SUM(DS30:DS31) -> 573 | ... DU32: =SUM(DU30:DU31) -> 631 | DX32: مجموع غ.سعودي | DZ32: 372 | EA32: 122 | EB32: 0 | EC32: 0 | ED32: 92 | EE32: 586 | EF32: 5 | EG32: 170 | EH32: 0 | EI32: 175 | EL32: مجموع غ.سعودي | EN32: =SUM(EN30:EN31) -> 0 | EO32: =SUM(EO30:EO31) -> 0 | EP32: =SUM(EP30:EP31) -> 0 | EQ32: =SUM(EQ30:EQ31) -> 0 | ER32: =SUM(ER30:ER31) -> 0 | ES32: =SUM(ES30:ES31) -> 0 | ET32: =SUM(ET30:ET31) -> 0 | EU32: =SUM(EU30:EU31) -> 0 | ... EW32: =SUM(EW30:EW31) -> 0 | EZ32: مجموع غ.سعودي | FB32: =SUM(FB30:FB31) -> 0 | FC32: =SUM(FC30:FC31) -> 0 | FD32: =SUM(FD30:FD31) -> 0 | FE32: =SUM(FE30:FE31) -> 0 | FF32: =SUM(FF30:FF31) -> 0 | FG32: =SUM(FG30:FG31) -> 0 | FH32: =SUM(FH30:FH31) -> 0 | FI32: =SUM(FI30:FI31) -> 0 | ... FK32: =SUM(FK30:FK31) -> 0 | FN32: مجموع غ.سعودي | FP32: =SUM(FP30:FP31) -> 5419 | FQ32: =SUM(FQ30:FQ31) -> 843 | FR32: =SUM(FR30:FR31) -> 29 | FS32: =SUM(FS30:FS31) -> 21 | FT32: =SUM(FT30:FT31) -> 1173 | FU32: =SUM(FU30:FU31) -> 7485 | FV32: =SUM(FV30:FV31) -> 358 | FW32: =SUM(FW30:FW31) -> 2651 | ... FY32: =SUM(FY30:FY31) -> 3009
A33: المجموع الكلي | D33: =SUM(D32+D29) -> 2279 | E33: =SUM(E32+E29) -> 597 | F33: =SUM(F32+F29) -> 411 | G33: =SUM(G32+G29) -> 5 | H33: =SUM(H32+H29) -> 411 | I33: =SUM(I29+I32) -> 3703 | J33: =SUM(J32+J29) -> 33 | K33: =SUM(K32+K29) -> 613 | L33: =SUM(L32+L29) -> 0 | M33: =SUM(M32+M29) -> 646 | O33: المجموع الكلي | R33: =SUM(R32+R29) -> 2436 | S33: =SUM(S32+S29) -> 531 | T33: =SUM(T32+T29) -> 404 | U33: =SUM(U32+U29) -> 5 | V33: =SUM(V32+V29) -> 412 | W33: =SUM(W29+W32) -> 3788 | X33: =SUM(X32+X29) -> 567 | Y33: =SUM(Y32+Y29) -> 1942 | Z33: =SUM(Z32+Z29) -> 0 | AA33: =SUM(AA32+AA29) -> 2509 | AC33: المجموع الكلي | AF33: 6304 | AG33: 858 | AH33: 416 | AI33: 2 | AJ33: 427 | AK33: 8007 | AL33: 186 | AM33: 788 | AN33: 0 | AO33: =SUM(AO32+AO29) -> 974 | AQ33: المجموع الكلي | AT33: =SUM(AT32+AT29) -> 0 | AU33: =SUM(AU32+AU29) -> 0 | AV33: =SUM(AV32+AV29) -> 0 | AW33: =SUM(AW32+AW29) -> 0 | AX33: =SUM(AX32+AX29) -> 0 | AY33: =SUM(AY29+AY32) -> 0 | AZ33: =SUM(AZ32+AZ29) -> 0 | BA33: =SUM(BA32+BA29) -> 0 | BB33: =SUM(BB32+BB29) -> 0 | BC33: =SUM(BC32+BC29) -> 0 | BE33: المجموع الكلي | BH33: =SUM(BH32+BH29) -> 4617 | BI33: =SUM(BI32+BI29) -> 487 | BJ33: =SUM(BJ32+BJ29) -> 869 | BK33: =SUM(BK32+BK29) -> 6 | BL33: =SUM(BL32+BL29) -> 620 | BM33: =SUM(BM29+BM32) -> 6599 | BN33: =SUM(BN32+BN29) -> 455 | BO33: =SUM(BO32+BO29) -> 2521 | BP33: =SUM(BP32+BP29) -> 0 | BQ33: =SUM(BQ32+BQ29) -> 2976 | BS33: المجموع الكلي | BV33: =SUM(BV32+BV29) -> 2510 | BW33: =SUM(BW32+BW29) -> 45 | BX33: =SUM(BX32+BX29) -> 43 | BY33: =SUM(BY32+BY29) -> 5 | BZ33: =SUM(BZ32+BZ29) -> 464 | CA33: =SUM(CA29+CA32) -> 3067 | CB33: =SUM(CB32+CB29) -> 126 | CC33: =SUM(CC32+CC29) -> 1361 | CD33: =SUM(CD32+CD29) -> 0 | CE33: =SUM(CE32+CE29) -> 1533 | CG33: المجموع الكلي | CJ33: 2436 | CK33: 531 | CL33: 404 | CM33: 5 | CN33: 412 | CO33: 3788 | CP33: 567 | CQ33: 1942 | CR33: 0 | CS33: 2509 | CU33: المجموع الكلي | CX33: =SUM(CX32+CX29) -> 4014 | CY33: =SUM(CY32+CY29) -> 417 | CZ33: =SUM(CZ32+CZ29) -> 619 | DA33: =SUM(DA32+DA29) -> 10 | DB33: =SUM(DB32+DB29) -> 656 | DC33: =SUM(DC29+DC32) -> 5716 | DD33: =SUM(DD32+DD29) -> 28 | DE33: =SUM(DE32+DE29) -> 354 | DF33: =SUM(DF32+DF29) -> 0 | DG33: =SUM(DG32+DG29) -> 382 | DI33: المجموع الكلي | DL33: =SUM(DL32+DL29) -> 5153 | DM33: =SUM(DM32+DM29) -> 40 | DN33: =SUM(DN32+DN29) -> 1095 | DO33: =SUM(DO32+DO29) -> 79 | DP33: =SUM(DP32+DP29) -> 1413 | DQ33: =SUM(DQ29+DQ32) -> 7780 | DR33: =SUM(DR32+DR29) -> 202 | DS33: =SUM(DS32+DS29) -> 3738 | DT33: =SUM(DT32+DT29) -> 0 | DU33: =SUM(DU32+DU29) -> 3940 | DW33: المجموع الكلي | DZ33: 2279 | EA33: 597 | EB33: 411 | EC33: 5 | ED33: 411 | EE33: 3703 | EF33: 33 | EG33: 613 | EH33: 0 | EI33: 646 | EK33: المجموع الكلي | EN33: =SUM(EN32+EN29) -> 0 | EO33: =SUM(EO32+EO29) -> 0 | EP33: =SUM(EP32+EP29) -> 0 | EQ33: =SUM(EQ32+EQ29) -> 0 | ER33: =SUM(ER32+ER29) -> 0 | ES33: =SUM(ES29+ES32) -> 0 | ET33: =SUM(ET32+ET29) -> 0 | EU33: =SUM(EU32+EU29) -> 0 | EV33: =SUM(EV32+EV29) -> 0 | EW33: =SUM(EW32+EW29) -> 0 | EY33: المجموع الكلي | FB33: =SUM(FB32+FB29) -> 0 | FC33: =SUM(FC32+FC29) -> 0 | FD33: =SUM(FD32+FD29) -> 0 | FE33: =SUM(FE32+FE29) -> 0 | FF33: =SUM(FF32+FF29) -> 0 | FG33: =SUM(FG29+FG32) -> 0 | FH33: =SUM(FH32+FH29) -> 0 | FI33: =SUM(FI32+FI29) -> 0 | FJ33: =SUM(FJ32+FJ29) -> 0 | FK33: =SUM(FK32+FK29) -> 0 | FM33: المجموع الكلي | FP33: =SUM(FP32+FP29) -> 32028 | FQ33: =SUM(FQ32+FQ29) -> 4103 | FR33: =SUM(FR32+FR29) -> 4672 | FS33: =SUM(FS32+FS29) -> 122 | FT33: =SUM(FT32+FT29) -> 5226 | FU33: =SUM(FU29+FU32) -> 46151 | FV33: =SUM(FV32+FV29) -> 2197 | FW33: =SUM(FW32+FW29) -> 13872 | FX33: =SUM(FX32+FX29) -> 0 | FY33: =SUM(FY32+FY29) -> 16069
A34: الروابي | B34: سعودي | C34: ذكر | D34: 0 | E34: 0 | F34: 0 | G34: 0 | H34: 0 | I34: =SUM(D34:H34) -> 0 | J34: 0 | K34: 0 | L34: 0 | M34: =SUM(J34:L34) -> 0 | O34: الروابي | P34: سعودي | Q34: ذكر | R34: 0 | S34: 0 | T34: 0 | U34: 0 | V34: 0 | W34: =SUM(R34:V34) -> 0 | X34: 0 | Y34: 0 | Z34: 0 | AA34: =SUM(X34:Z34) -> 0 | AC34: الروابي | AD34: سعودي | AE34: ذكر | AF34: 0 | AG34: 0 | AH34: 0 | AI34: 0 | AJ34: 0 | AK34: 0 | AL34: 0 | AM34: 0 | AN34: 0 | AO34: =SUM(AL34:AN34) -> 0 | AQ34: الروابي | AR34: سعودي | AS34: ذكر | AT34: 0 | AU34: 0 | AV34: 0 | AW34: 0 | AX34: 0 | AY34: =SUM(AT34:AX34) -> 0 | AZ34: 0 | BA34: 0 | BB34: 0 | BC34: =SUM(AZ34:BB34) -> 0 | BE34: الروابي | BF34: سعودي | BG34: ذكر | BH34: 0 | BI34: 0 | BJ34: 0 | BK34: 0 | BL34: 0 | BM34: =SUM(BH34:BL34) -> 0 | BN34: 0 | BO34: 0 | BP34: 0 | BQ34: =SUM(BN34:BP34) -> 0 | BS34: الروابي | BT34: سعودي | BU34: ذكر | BV34: 0 | BW34: 0 | BX34: 0 | BY34: 0 | BZ34: 0 | CA34: =SUM(BV34:BZ34) -> 0 | CB34: 0 | CC34: 0 | CD34: 0 | CE34: =SUM(CB34:CD34) -> 0 | CG34: الروابي | CH34: سعودي | CI34: ذكر | CJ34: 0 | CK34: 0 | CL34: 0 | CM34: 0 | CN34: 0 | CO34: 0 | CP34: 0 | CQ34: 0 | CR34: 0 | CS34: 0 | CU34: الروابي | CV34: سعودي | CW34: ذكر | CX34: 0 | CY34: 0 | CZ34: 0 | DA34: 0 | DB34: 0 | DC34: =SUM(CX34:DB34) -> 0 | DD34: 0 | DE34: 0 | DF34: 0 | DG34: =SUM(DD34:DF34) -> 0 | DI34: الروابي | DJ34: سعودي | DK34: ذكر | DL34: 0 | DM34: 0 | DN34: 0 | DO34: 0 | DP34: 0 | DQ34: =SUM(DL34:DP34) -> 0 | DR34: 0 | DS34: 0 | DT34: 0 | DU34: =SUM(DR34:DT34) -> 0 | DW34: الروابي | DX34: سعودي | DY34: ذكر | DZ34: 814 | EA34: 62 | EB34: 82 | EC34: 0 | ED34: 102 | EE34: =SUM(DZ34:ED34) -> 1060 | EF34: 13 | EG34: 560 | EH34: 0 | EI34: =SUM(EF34:EH34) -> 573 | EK34: الروابي | EL34: سعودي | EM34: ذكر | EN34: 0 | EO34: 0 | EP34: 0 | EQ34: 0 | ER34: 0 | ES34: =SUM(EN34:ER34) -> 0 | ET34: 0 | EU34: 0 | EV34: 0 | EW34: =SUM(ET34:EV34) -> 0 | EY34: الروابي | EZ34: سعودي | FA34: ذكر | FB34: 0 | FC34: 0 | FD34: 0 | FE34: 0 | FF34: 0 | FG34: =SUM(FB34:FF34) -> 0 | FH34: 0 | FI34: 0 | FJ34: 0 | FK34: =SUM(FH34:FJ34) -> 0 | FM34: =EY34 -> الروابي | FN34: سعودي | FO34: ذكر | FP34: =SUM(D34+R34+AF34+AT34+BH34+BV34+CJ34+CX34+DL34+DZ34+EN34+FB34) -> 814 | FQ34: =SUM(E34+S34+AG34+AU34+BI34+BW34+CK34+CY34+DM34+EA34+EO34+FC34) -> 62 | FR34: =SUM(F34+T34+AH34+AV34+BJ34+BX34+CL34+CZ34+DN34+EB34+EP34+FD34) -> 82 | FS34: =SUM(G34+U34+AI34+AW34+BK34+BY34+CM34+DA34+DO34+EC34+EQ34+FE34) -> 0 | FT34: =SUM(H34+V34+AJ34+AX34+BL34+BZ34+CN34+DB34+DP34+ED34+ER34+FF34) -> 102 | FU34: =SUM(FP34:FT34) -> 1060 | FV34: =SUM(J34+X34+AL34+AZ34+BN34+CB34+CP34+DD34+DR34+EF34+ET34+FH34) -> 13 | FW34: =SUM(K34+Y34+AM34+BA34+BO34+CC34+CQ34+DE34+DS34+EG34+EU34+FI34) -> 560 | FX34: =SUM(L34+Z34+AN34+BB34+BP34+CD34+CR34+DF34+DT34+EH34+EV34+FJ34) -> 0 | FY34: =SUM(FV34:FX34) -> 573
C35: أنثى | D35: 0 | E35: 0 | F35: 0 | G35: 0 | H35: 0 | I35: =SUM(D35:H35) -> 0 | J35: 0 | K35: 0 | L35: 0 | M35: =SUM(J35:L35) -> 0 | Q35: أنثى | R35: 0 | S35: 0 | T35: 0 | U35: 0 | V35: 0 | W35: =SUM(R35:V35) -> 0 | X35: 0 | Y35: 0 | Z35: 0 | AA35: =SUM(X35:Z35) -> 0 | AE35: أنثى | AF35: 0 | AG35: 0 | AH35: 0 | AI35: 0 | AJ35: 0 | AK35: 0 | AL35: 0 | AM35: 0 | AN35: 0 | AO35: =SUM(AL35:AN35) -> 0 | AS35: أنثى | AT35: 0 | AU35: 0 | AV35: 0 | AW35: 0 | AX35: 0 | AY35: =SUM(AT35:AX35) -> 0 | AZ35: 0 | BA35: 0 | BB35: 0 | BC35: =SUM(AZ35:BB35) -> 0 | BG35: أنثى | BH35: 0 | BI35: 0 | BJ35: 0 | BK35: 0 | BL35: 0 | BM35: =SUM(BH35:BL35) -> 0 | BN35: 0 | BO35: 0 | BP35: 0 | BQ35: =SUM(BN35:BP35) -> 0 | BU35: أنثى | BV35: 0 | BW35: 0 | BX35: 0 | BY35: 0 | BZ35: 0 | CA35: =SUM(BV35:BZ35) -> 0 | CB35: 0 | CC35: 0 | CD35: 0 | CE35: =SUM(CB35:CD35) -> 0 | CI35: أنثى | CJ35: 0 | CK35: 0 | CL35: 0 | CM35: 0 | CN35: 0 | CO35: 0 | CP35: 0 | CQ35: 0 | CR35: 0 | CS35: 0 | CW35: أنثى | CX35: 0 | CY35: 0 | CZ35: 0 | DA35: 0 | DB35: 0 | DC35: =SUM(CX35:DB35) -> 0 | DD35: 0 | DE35: 0 | DF35: 0 | DG35: =SUM(DD35:DF35) -> 0 | DK35: أنثى | DL35: 0 | DM35: 0 | DN35: 0 | DO35: 0 | DP35: 0 | DQ35: =SUM(DL35:DP35) -> 0 | DR35: 0 | DS35: 0 | DT35: 0 | DU35: =SUM(DR35:DT35) -> 0 | DY35: أنثى | DZ35: 720 | EA35: 16 | EB35: 83 | EC35: 5 | ED35: 81 | EE35: =SUM(DZ35:ED35) -> 905 | EF35: 9 | EG35: 353 | EH35: 0 | EI35: =SUM(EF35:EH35) -> 362 | EM35: أنثى | EN35: 0 | EO35: 0 | EP35: 0 | EQ35: 0 | ER35: 0 | ES35: =SUM(EN35:ER35) -> 0 | ET35: 0 | EU35: 0 | EV35: 0 | EW35: =SUM(ET35:EV35) -> 0 | FA35: أنثى | FB35: 0 | FC35: 0 | FD35: 0 | FE35: 0 | FF35: 0 | FG35: =SUM(FB35:FF35) -> 0 | FH35: 0 | FI35: 0 | FJ35: 0 | FK35: =SUM(FH35:FJ35) -> 0 | FO35: أنثى | FP35: =SUM(D35+R35+AF35+AT35+BH35+BV35+CJ35+CX35+DL35+DZ35+EN35+FB35) -> 720 | FQ35: =SUM(E35+S35+AG35+AU35+BI35+BW35+CK35+CY35+DM35+EA35+EO35+FC35) -> 16 | FR35: =SUM(F35+T35+AH35+AV35+BJ35+BX35+CL35+CZ35+DN35+EB35+EP35+FD35) -> 83 | FS35: =SUM(G35+U35+AI35+AW35+BK35+BY35+CM35+DA35+DO35+EC35+EQ35+FE35) -> 5 | FT35: =SUM(H35+V35+AJ35+AX35+BL35+BZ35+CN35+DB35+DP35+ED35+ER35+FF35) -> 81 | FU35: =SUM(FP35:FT35) -> 905 | FV35: =SUM(J35+X35+AL35+AZ35+BN35+CB35+CP35+DD35+DR35+EF35+ET35+FH35) -> 9 | FW35: =SUM(K35+Y35+AM35+BA35+BO35+CC35+CQ35+DE35+DS35+EG35+EU35+FI35) -> 353 | FX35: =SUM(L35+Z35+AN35+BB35+BP35+CD35+CR35+DF35+DT35+EH35+EV35+FJ35) -> 0 | FY35: =SUM(FV35:FX35) -> 362
B36: مجموع السعوديين | D36: =SUM(D34:D35) -> 0 | E36: =SUM(E34:E35) -> 0 | F36: =SUM(F34:F35) -> 0 | G36: =SUM(G34:G35) -> 0 | H36: =SUM(H34:H35) -> 0 | I36: =SUM(I34:I35) -> 0 | J36: =SUM(J34:J35) -> 0 | K36: =SUM(K34:K35) -> 0 | ... M36: =SUM(M34:M35) -> 0 | P36: مجموع السعوديين | R36: =SUM(R34:R35) -> 0 | S36: =SUM(S34:S35) -> 0 | T36: =SUM(T34:T35) -> 0 | U36: =SUM(U34:U35) -> 0 | V36: =SUM(V34:V35) -> 0 | W36: =SUM(W34:W35) -> 0 | X36: =SUM(X34:X35) -> 0 | Y36: =SUM(Y34:Y35) -> 0 | ... AA36: =SUM(AA34:AA35) -> 0 | AD36: مجموع السعوديين | AF36: 0 | AG36: 0 | AH36: 0 | AI36: 0 | AJ36: 0 | AK36: 0 | AL36: 0 | AM36: 0 | AN36: 0 | AO36: =SUM(AO34:AO35) -> 0 | AR36: مجموع السعوديين | AT36: =SUM(AT34:AT35) -> 0 | AU36: =SUM(AU34:AU35) -> 0 | AV36: =SUM(AV34:AV35) -> 0 | AW36: =SUM(AW34:AW35) -> 0 | AX36: =SUM(AX34:AX35) -> 0 | AY36: =SUM(AY34:AY35) -> 0 | AZ36: =SUM(AZ34:AZ35) -> 0 | BA36: =SUM(BA34:BA35) -> 0 | ... BC36: =SUM(BC34:BC35) -> 0 | BF36: مجموع السعوديين | BH36: =SUM(BH34:BH35) -> 0 | BI36: =SUM(BI34:BI35) -> 0 | BJ36: =SUM(BJ34:BJ35) -> 0 | BK36: =SUM(BK34:BK35) -> 0 | BL36: =SUM(BL34:BL35) -> 0 | BM36: =SUM(BM34:BM35) -> 0 | BN36: =SUM(BN34:BN35) -> 0 | BO36: =SUM(BO34:BO35) -> 0 | ... BQ36: =SUM(BQ34:BQ35) -> 0 | BT36: مجموع السعوديين | BV36: =SUM(BV34:BV35) -> 0 | BW36: =SUM(BW34:BW35) -> 0 | BX36: =SUM(BX34:BX35) -> 0 | BY36: =SUM(BY34:BY35) -> 0 | BZ36: =SUM(BZ34:BZ35) -> 0 | CA36: =SUM(CA34:CA35) -> 0 | CB36: =SUM(CB34:CB35) -> 0 | CC36: =SUM(CC34:CC35) -> 0 | ... CE36: =SUM(CE34:CE35) -> 0 | CH36: مجموع السعوديين | CJ36: 0 | CK36: 0 | CL36: 0 | CM36: 0 | CN36: 0 | CO36: 0 | CP36: 0 | CQ36: 0 | CR36: 0 | CS36: 0 | CV36: مجموع السعوديين | CX36: =SUM(CX34:CX35) -> 0 | CY36: =SUM(CY34:CY35) -> 0 | CZ36: =SUM(CZ34:CZ35) -> 0 | DA36: =SUM(DA34:DA35) -> 0 | DB36: =SUM(DB34:DB35) -> 0 | DC36: =SUM(DC34:DC35) -> 0 | DD36: =SUM(DD34:DD35) -> 0 | DE36: =SUM(DE34:DE35) -> 0 | ... DG36: =SUM(DG34:DG35) -> 0 | DJ36: مجموع السعوديين | DL36: =SUM(DL34:DL35) -> 0 | DM36: =SUM(DM34:DM35) -> 0 | DN36: =SUM(DN34:DN35) -> 0 | DO36: =SUM(DO34:DO35) -> 0 | DP36: =SUM(DP34:DP35) -> 0 | DQ36: =SUM(DQ34:DQ35) -> 0 | DR36: =SUM(DR34:DR35) -> 0 | DS36: =SUM(DS34:DS35) -> 0 | ... DU36: =SUM(DU34:DU35) -> 0 | DX36: مجموع السعوديين | DZ36: =SUM(DZ34:DZ35) -> 1534 | EA36: =SUM(EA34:EA35) -> 78 | EB36: =SUM(EB34:EB35) -> 165 | EC36: =SUM(EC34:EC35) -> 5 | ED36: =SUM(ED34:ED35) -> 183 | EE36: =SUM(EE34:EE35) -> 1965 | EF36: =SUM(EF34:EF35) -> 22 | EG36: =SUM(EG34:EG35) -> 913 | ... EI36: =SUM(EI34:EI35) -> 935 | EL36: مجموع السعوديين | EN36: =SUM(EN34:EN35) -> 0 | EO36: =SUM(EO34:EO35) -> 0 | EP36: =SUM(EP34:EP35) -> 0 | EQ36: =SUM(EQ34:EQ35) -> 0 | ER36: =SUM(ER34:ER35) -> 0 | ES36: =SUM(ES34:ES35) -> 0 | ET36: =SUM(ET34:ET35) -> 0 | EU36: =SUM(EU34:EU35) -> 0 | ... EW36: =SUM(EW34:EW35) -> 0 | EZ36: مجموع السعوديين | FB36: =SUM(FB34:FB35) -> 0 | FC36: =SUM(FC34:FC35) -> 0 | FD36: =SUM(FD34:FD35) -> 0 | FE36: =SUM(FE34:FE35) -> 0 | FF36: =SUM(FF34:FF35) -> 0 | FG36: =SUM(FG34:FG35) -> 0 | FH36: =SUM(FH34:FH35) -> 0 | FI36: =SUM(FI34:FI35) -> 0 | ... FK36: =SUM(FK34:FK35) -> 0 | FN36: مجموع السعوديين | FP36: =SUM(FP34:FP35) -> 1534 | FQ36: =SUM(FQ34:FQ35) -> 78 | FR36: =SUM(FR34:FR35) -> 165 | FS36: =SUM(FS34:FS35) -> 5 | FT36: =SUM(FT34:FT35) -> 183 | FU36: =SUM(FU34:FU35) -> 1965 | FV36: =SUM(FV34:FV35) -> 22 | FW36: =SUM(FW34:FW35) -> 913 | ... FY36: =SUM(FY34:FY35) -> 935
B37: غير سعودي | C37: ذكر | D37: 0 | E37: 0 | F37: 0 | G37: 0 | H37: 0 | I37: =SUM(D37:H37) -> 0 | J37: 0 | K37: 0 | L37: 0 | M37: =SUM(J37:L37) -> 0 | P37: غير سعودي | Q37: ذكر | R37: 0 | S37: 0 | T37: 0 | U37: 0 | V37: 0 | W37: =SUM(R37:V37) -> 0 | X37: 0 | Y37: 0 | Z37: 0 | AA37: =SUM(X37:Z37) -> 0 | AD37: غير سعودي | AE37: ذكر | AF37: 0 | AG37: 0 | AH37: 0 | AI37: 0 | AJ37: 0 | AK37: 0 | AL37: 0 | AM37: 0 | AN37: 0 | AO37: =SUM(AL37:AN37) -> 0 | AR37: غير سعودي | AS37: ذكر | AT37: 0 | AU37: 0 | AV37: 0 | AW37: 0 | AX37: 0 | AY37: =SUM(AT37:AX37) -> 0 | AZ37: 0 | BA37: 0 | BB37: 0 | BC37: =SUM(AZ37:BB37) -> 0 | BF37: غير سعودي | BG37: ذكر | BH37: 0 | BI37: 0 | BJ37: 0 | BK37: 0 | BL37: 0 | BM37: =SUM(BH37:BL37) -> 0 | BN37: 0 | BO37: 0 | BP37: 0 | BQ37: =SUM(BN37:BP37) -> 0 | BT37: غير سعودي | BU37: ذكر | BV37: 0 | BW37: 0 | BX37: 0 | BY37: 0 | BZ37: 0 | CA37: =SUM(BV37:BZ37) -> 0 | CB37: 0 | CC37: 0 | CD37: 0 | CE37: =SUM(CB37:CD37) -> 0 | CH37: غير سعودي | CI37: ذكر | CJ37: 0 | CK37: 0 | CL37: 0 | CM37: 0 | CN37: 0 | CO37: 0 | CP37: 0 | CQ37: 0 | CR37: 0 | CS37: 0 | CV37: غير سعودي | CW37: ذكر | CX37: 0 | CY37: 0 | CZ37: 0 | DA37: 0 | DB37: 0 | DC37: =SUM(CX37:DB37) -> 0 | DD37: 0 | DE37: 0 | DF37: 0 | DG37: =SUM(DD37:DF37) -> 0 | DJ37: غير سعودي | DK37: ذكر | DL37: 0 | DM37: 0 | DN37: 0 | DO37: 0 | DP37: 0 | DQ37: =SUM(DL37:DP37) -> 0 | DR37: 0 | DS37: 0 | DT37: 0 | DU37: =SUM(DR37:DT37) -> 0 | DX37: غير سعودي | DY37: ذكر | DZ37: 210 | EA37: 4 | EB37: 0 | EC37: 0 | ED37: 242 | EE37: =SUM(DZ37:ED37) -> 456 | EF37: 5 | EG37: 22 | EH37: 0 | EI37: =SUM(EF37:EH37) -> 27 | EL37: غير سعودي | EM37: ذكر | EN37: 0 | EO37: 0 | EP37: 0 | EQ37: 0 | ER37: 0 | ES37: =SUM(EN37:ER37) -> 0 | ET37: 0 | EU37: 0 | EV37: 0 | EW37: =SUM(ET37:EV37) -> 0 | EZ37: غير سعودي | FA37: ذكر | FB37: 0 | FC37: 0 | FD37: 0 | FE37: 0 | FF37: 0 | FG37: =SUM(FB37:FF37) -> 0 | FH37: 0 | FI37: 0 | FJ37: 0 | FK37: =SUM(FH37:FJ37) -> 0 | FN37: غير سعودي | FO37: ذكر | FP37: =SUM(D37+R37+AF37+AT37+BH37+BV37+CJ37+CX37+DL37+DZ37+EN37+FB37) -> 210 | FQ37: =SUM(E37+S37+AG37+AU37+BI37+BW37+CK37+CY37+DM37+EA37+EO37+FC37) -> 4 | FR37: =SUM(F37+T37+AH37+AV37+BJ37+BX37+CL37+CZ37+DN37+EB37+EP37+FD37) -> 0 | FS37: =SUM(G37+U37+AI37+AW37+BK37+BY37+CM37+DA37+DO37+EC37+EQ37+FE37) -> 0 | FT37: =SUM(H37+V37+AJ37+AX37+BL37+BZ37+CN37+DB37+DP37+ED37+ER37+FF37) -> 242 | FU37: =SUM(FP37:FT37) -> 456 | FV37: =SUM(J37+X37+AL37+AZ37+BN37+CB37+CP37+DD37+DR37+EF37+ET37+FH37) -> 5 | FW37: =SUM(K37+Y37+AM37+BA37+BO37+CC37+CQ37+DE37+DS37+EG37+EU37+FI37) -> 22 | FX37: =SUM(L37+Z37+AN37+BB37+BP37+CD37+CR37+DF37+DT37+EH37+EV37+FJ37) -> 0 | FY37: =SUM(FV37:FX37) -> 27
C38: أنثى | D38: 0 | E38: 0 | F38: 0 | G38: 0 | H38: 0 | I38: =SUM(D38:H38) -> 0 | J38: 0 | K38: 0 | L38: 0 | M38: =SUM(J38:L38) -> 0 | Q38: أنثى | R38: 0 | S38: 0 | T38: 0 | U38: 0 | V38: 0 | W38: =SUM(R38:V38) -> 0 | X38: 0 | Y38: 0 | Z38: 0 | AA38: =SUM(X38:Z38) -> 0 | AE38: أنثى | AF38: 0 | AG38: 0 | AH38: 0 | AI38: 0 | AJ38: 0 | AK38: 0 | AL38: 0 | AM38: 0 | AN38: 0 | AO38: =SUM(AL38:AN38) -> 0 | AS38: أنثى | AT38: 0 | AU38: 0 | AV38: 0 | AW38: 0 | AX38: 0 | AY38: =SUM(AT38:AX38) -> 0 | AZ38: 0 | BA38: 0 | BB38: 0 | BC38: =SUM(AZ38:BB38) -> 0 | BG38: أنثى | BH38: 0 | BI38: 0 | BJ38: 0 | BK38: 0 | BL38: 0 | BM38: =SUM(BH38:BL38) -> 0 | BN38: 0 | BO38: 0 | BP38: 0 | BQ38: =SUM(BN38:BP38) -> 0 | BU38: أنثى | BV38: 0 | BW38: 0 | BX38: 0 | BY38: 0 | BZ38: 0 | CA38: =SUM(BV38:BZ38) -> 0 | CB38: 0 | CC38: 0 | CD38: 0 | CE38: =SUM(CB38:CD38) -> 0 | CI38: أنثى | CJ38: 0 | CK38: 0 | CL38: 0 | CM38: 0 | CN38: 0 | CO38: 0 | CP38: 0 | CQ38: 0 | CR38: 0 | CS38: 0 | CW38: أنثى | CX38: 0 | CY38: 0 | CZ38: 0 | DA38: 0 | DB38: 0 | DC38: =SUM(CX38:DB38) -> 0 | DD38: 0 | DE38: 0 | DF38: 0 | DG38: =SUM(DD38:DF38) -> 0 | DK38: أنثى | DL38: 0 | DM38: 0 | DN38: 0 | DO38: 0 | DP38: 0 | DQ38: =SUM(DL38:DP38) -> 0 | DR38: 0 | DS38: 0 | DT38: 0 | DU38: =SUM(DR38:DT38) -> 0 | DY38: أنثى | DZ38: 222 | EA38: 2 | EB38: 0 | EC38: 0 | ED38: 380 | EE38: =SUM(DZ38:ED38) -> 604 | EF38: 2 | EG38: 12 | EH38: 0 | EI38: =SUM(EF38:EH38) -> 14 | EM38: أنثى | EN38: 0 | EO38: 0 | EP38: 0 | EQ38: 0 | ER38: 0 | ES38: =SUM(EN38:ER38) -> 0 | ET38: 0 | EU38: 0 | EV38: 0 | EW38: =SUM(ET38:EV38) -> 0 | FA38: أنثى | FB38: 0 | FC38: 0 | FD38: 0 | FE38: 0 | FF38: 0 | FG38: =SUM(FB38:FF38) -> 0 | FH38: 0 | FI38: 0 | FJ38: 0 | FK38: =SUM(FH38:FJ38) -> 0 | FO38: أنثى | FP38: =SUM(D38+R38+AF38+AT38+BH38+BV38+CJ38+CX38+DL38+DZ38+EN38+FB38) -> 222 | FQ38: =SUM(E38+S38+AG38+AU38+BI38+BW38+CK38+CY38+DM38+EA38+EO38+FC38) -> 2 | FR38: =SUM(F38+T38+AH38+AV38+BJ38+BX38+CL38+CZ38+DN38+EB38+EP38+FD38) -> 0 | FS38: =SUM(G38+U38+AI38+AW38+BK38+BY38+CM38+DA38+DO38+EC38+EQ38+FE38) -> 0 | FT38: =SUM(H38+V38+AJ38+AX38+BL38+BZ38+CN38+DB38+DP38+ED38+ER38+FF38) -> 380 | FU38: =SUM(FP38:FT38) -> 604 | FV38: =SUM(J38+X38+AL38+AZ38+BN38+CB38+CP38+DD38+DR38+EF38+ET38+FH38) -> 2 | FW38: =SUM(K38+Y38+AM38+BA38+BO38+CC38+CQ38+DE38+DS38+EG38+EU38+FI38) -> 12 | FX38: =SUM(L38+Z38+AN38+BB38+BP38+CD38+CR38+DF38+DT38+EH38+EV38+FJ38) -> 0 | FY38: =SUM(FV38:FX38) -> 14
B39: مجموع غ.سعودي | D39: =SUM(D37:D38) -> 0 | E39: =SUM(E37:E38) -> 0 | F39: =SUM(F37:F38) -> 0 | G39: =SUM(G37:G38) -> 0 | H39: =SUM(H37:H38) -> 0 | I39: =SUM(I37:I38) -> 0 | J39: =SUM(J37:J38) -> 0 | K39: =SUM(K37:K38) -> 0 | ... M39: =SUM(M37:M38) -> 0 | P39: مجموع غ.سعودي | R39: =SUM(R37:R38) -> 0 | S39: =SUM(S37:S38) -> 0 | T39: =SUM(T37:T38) -> 0 | U39: =SUM(U37:U38) -> 0 | V39: =SUM(V37:V38) -> 0 | W39: =SUM(W37:W38) -> 0 | X39: =SUM(X37:X38) -> 0 | Y39: =SUM(Y37:Y38) -> 0 | ... AA39: =SUM(AA37:AA38) -> 0 | AD39: مجموع غ.سعودي | AF39: 0 | AG39: 0 | AH39: 0 | AI39: 0 | AJ39: 0 | AK39: 0 | AL39: 0 | AM39: 0 | AN39: 0 | AO39: =SUM(AO37:AO38) -> 0 | AR39: مجموع غ.سعودي | AT39: =SUM(AT37:AT38) -> 0 | AU39: =SUM(AU37:AU38) -> 0 | AV39: =SUM(AV37:AV38) -> 0 | AW39: =SUM(AW37:AW38) -> 0 | AX39: =SUM(AX37:AX38) -> 0 | AY39: =SUM(AY37:AY38) -> 0 | AZ39: =SUM(AZ37:AZ38) -> 0 | BA39: =SUM(BA37:BA38) -> 0 | ... BC39: =SUM(BC37:BC38) -> 0 | BF39: مجموع غ.سعودي | BH39: =SUM(BH37:BH38) -> 0 | BI39: =SUM(BI37:BI38) -> 0 | BJ39: =SUM(BJ37:BJ38) -> 0 | BK39: =SUM(BK37:BK38) -> 0 | BL39: =SUM(BL37:BL38) -> 0 | BM39: =SUM(BM37:BM38) -> 0 | BN39: =SUM(BN37:BN38) -> 0 | BO39: =SUM(BO37:BO38) -> 0 | ... BQ39: =SUM(BQ37:BQ38) -> 0 | BT39: مجموع غ.سعودي | BV39: =SUM(BV37:BV38) -> 0 | BW39: =SUM(BW37:BW38) -> 0 | BX39: =SUM(BX37:BX38) -> 0 | BY39: =SUM(BY37:BY38) -> 0 | BZ39: =SUM(BZ37:BZ38) -> 0 | CA39: =SUM(CA37:CA38) -> 0 | CB39: =SUM(CB37:CB38) -> 0 | CC39: =SUM(CC37:CC38) -> 0 | ... CE39: =SUM(CE37:CE38) -> 0 | CH39: مجموع غ.سعودي | CJ39: 0 | CK39: 0 | CL39: 0 | CM39: 0 | CN39: 0 | CO39: 0 | CP39: 0 | CQ39: 0 | CR39: 0 | CS39: 0 | CV39: مجموع غ.سعودي | CX39: =SUM(CX37:CX38) -> 0 | CY39: =SUM(CY37:CY38) -> 0 | CZ39: =SUM(CZ37:CZ38) -> 0 | DA39: =SUM(DA37:DA38) -> 0 | DB39: =SUM(DB37:DB38) -> 0 | DC39: =SUM(DC37:DC38) -> 0 | DD39: =SUM(DD37:DD38) -> 0 | DE39: =SUM(DE37:DE38) -> 0 | ... DG39: =SUM(DG37:DG38) -> 0 | DJ39: مجموع غ.سعودي | DL39: =SUM(DL37:DL38) -> 0 | DM39: =SUM(DM37:DM38) -> 0 | DN39: =SUM(DN37:DN38) -> 0 | DO39: =SUM(DO37:DO38) -> 0 | DP39: =SUM(DP37:DP38) -> 0 | DQ39: =SUM(DQ37:DQ38) -> 0 | DR39: =SUM(DR37:DR38) -> 0 | DS39: =SUM(DS37:DS38) -> 0 | ... DU39: =SUM(DU37:DU38) -> 0 | DX39: مجموع غ.سعودي | DZ39: =SUM(DZ37:DZ38) -> 432 | EA39: =SUM(EA37:EA38) -> 6 | EB39: =SUM(EB37:EB38) -> 0 | EC39: =SUM(EC37:EC38) -> 0 | ED39: =SUM(ED37:ED38) -> 622 | EE39: =SUM(EE37:EE38) -> 1060 | EF39: =SUM(EF37:EF38) -> 7 | EG39: =SUM(EG37:EG38) -> 34 | ... EI39: =SUM(EI37:EI38) -> 41 | EL39: مجموع غ.سعودي | EN39: =SUM(EN37:EN38) -> 0 | EO39: =SUM(EO37:EO38) -> 0 | EP39: =SUM(EP37:EP38) -> 0 | EQ39: =SUM(EQ37:EQ38) -> 0 | ER39: =SUM(ER37:ER38) -> 0 | ES39: =SUM(ES37:ES38) -> 0 | ET39: =SUM(ET37:ET38) -> 0 | EU39: =SUM(EU37:EU38) -> 0 | ... EW39: =SUM(EW37:EW38) -> 0 | EZ39: مجموع غ.سعودي | FB39: =SUM(FB37:FB38) -> 0 | FC39: =SUM(FC37:FC38) -> 0 | FD39: =SUM(FD37:FD38) -> 0 | FE39: =SUM(FE37:FE38) -> 0 | FF39: =SUM(FF37:FF38) -> 0 | FG39: =SUM(FG37:FG38) -> 0 | FH39: =SUM(FH37:FH38) -> 0 | FI39: =SUM(FI37:FI38) -> 0 | ... FK39: =SUM(FK37:FK38) -> 0 | FN39: مجموع غ.سعودي | FP39: =SUM(FP37:FP38) -> 432 | FQ39: =SUM(FQ37:FQ38) -> 6 | FR39: =SUM(FR37:FR38) -> 0 | FS39: =SUM(FS37:FS38) -> 0 | FT39: =SUM(FT37:FT38) -> 622 | FU39: =SUM(FU37:FU38) -> 1060 | FV39: =SUM(FV37:FV38) -> 7 | FW39: =SUM(FW37:FW38) -> 34 | ... FY39: =SUM(FY37:FY38) -> 41
A40: المجموع الكلي | D40: =SUM(D39+D36) -> 0 | E40: =SUM(E39+E36) -> 0 | F40: =SUM(F39+F36) -> 0 | G40: =SUM(G39+G36) -> 0 | H40: =SUM(H39+H36) -> 0 | I40: =SUM(I36+I39) -> 0 | J40: =SUM(J39+J36) -> 0 | K40: =SUM(K39+K36) -> 0 | L40: =SUM(L39+L36) -> 0 | M40: =SUM(M39+M36) -> 0 | O40: المجموع الكلي | R40: =SUM(R39+R36) -> 0 | S40: =SUM(S39+S36) -> 0 | T40: =SUM(T39+T36) -> 0 | U40: =SUM(U39+U36) -> 0 | V40: =SUM(V39+V36) -> 0 | W40: =SUM(W36+W39) -> 0 | X40: =SUM(X39+X36) -> 0 | Y40: =SUM(Y39+Y36) -> 0 | Z40: =SUM(Z39+Z36) -> 0 | AA40: =SUM(AA39+AA36) -> 0 | AC40: المجموع الكلي | AF40: 0 | AG40: 0 | AH40: 0 | AI40: 0 | AJ40: 0 | AK40: 0 | AL40: 0 | AM40: 0 | AN40: 0 | AO40: =SUM(AO39+AO36) -> 0 | AQ40: المجموع الكلي | AT40: =SUM(AT39+AT36) -> 0 | AU40: =SUM(AU39+AU36) -> 0 | AV40: =SUM(AV39+AV36) -> 0 | AW40: =SUM(AW39+AW36) -> 0 | AX40: =SUM(AX39+AX36) -> 0 | AY40: =SUM(AY36+AY39) -> 0 | AZ40: =SUM(AZ39+AZ36) -> 0 | BA40: =SUM(BA39+BA36) -> 0 | BB40: =SUM(BB39+BB36) -> 0 | BC40: =SUM(BC39+BC36) -> 0 | BE40: المجموع الكلي | BH40: =SUM(BH39+BH36) -> 0 | BI40: =SUM(BI39+BI36) -> 0 | BJ40: =SUM(BJ39+BJ36) -> 0 | BK40: =SUM(BK39+BK36) -> 0 | BL40: =SUM(BL39+BL36) -> 0 | BM40: =SUM(BM36+BM39) -> 0 | BN40: =SUM(BN39+BN36) -> 0 | BO40: =SUM(BO39+BO36) -> 0 | BP40: =SUM(BP39+BP36) -> 0 | BQ40: =SUM(BQ39+BQ36) -> 0 | BS40: المجموع الكلي | BV40: =SUM(BV39+BV36) -> 0 | BW40: =SUM(BW39+BW36) -> 0 | BX40: =SUM(BX39+BX36) -> 0 | BY40: =SUM(BY39+BY36) -> 0 | BZ40: =SUM(BZ39+BZ36) -> 0 | CA40: =SUM(CA36+CA39) -> 0 | CB40: =SUM(CB39+CB36) -> 0 | CC40: =SUM(CC39+CC36) -> 0 | CD40: =SUM(CD39+CD36) -> 0 | CE40: =SUM(CE39+CE36) -> 0 | CG40: المجموع الكلي | CJ40: 0 | CK40: 0 | CL40: 0 | CM40: 0 | CN40: 0 | CO40: 0 | CP40: 0 | CQ40: 0 | CR40: 0 | CS40: 0 | CU40: المجموع الكلي | CX40: =SUM(CX39+CX36) -> 0 | CY40: =SUM(CY39+CY36) -> 0 | CZ40: =SUM(CZ39+CZ36) -> 0 | DA40: =SUM(DA39+DA36) -> 0 | DB40: =SUM(DB39+DB36) -> 0 | DC40: =SUM(DC36+DC39) -> 0 | DD40: =SUM(DD39+DD36) -> 0 | DE40: =SUM(DE39+DE36) -> 0 | DF40: =SUM(DF39+DF36) -> 0 | DG40: =SUM(DG39+DG36) -> 0 | DI40: المجموع الكلي | DL40: =SUM(DL39+DL36) -> 0 | DM40: =SUM(DM39+DM36) -> 0 | DN40: =SUM(DN39+DN36) -> 0 | DO40: =SUM(DO39+DO36) -> 0 | DP40: =SUM(DP39+DP36) -> 0 | DQ40: =SUM(DQ36+DQ39) -> 0 | DR40: =SUM(DR39+DR36) -> 0 | DS40: =SUM(DS39+DS36) -> 0 | DT40: =SUM(DT39+DT36) -> 0 | DU40: =SUM(DU39+DU36) -> 0 | DW40: المجموع الكلي | DZ40: =SUM(DZ39+DZ36) -> 1966 | EA40: =SUM(EA39+EA36) -> 84 | EB40: =SUM(EB39+EB36) -> 165 | EC40: =SUM(EC39+EC36) -> 5 | ED40: =SUM(ED39+ED36) -> 805 | EE40: =SUM(EE36+EE39) -> 3025 | EF40: =SUM(EF39+EF36) -> 29 | EG40: =SUM(EG39+EG36) -> 947 | EH40: =SUM(EH39+EH36) -> 0 | EI40: =SUM(EI39+EI36) -> 976 | EK40: المجموع الكلي | EN40: =SUM(EN39+EN36) -> 0 | EO40: =SUM(EO39+EO36) -> 0 | EP40: =SUM(EP39+EP36) -> 0 | EQ40: =SUM(EQ39+EQ36) -> 0 | ER40: =SUM(ER39+ER36) -> 0 | ES40: =SUM(ES36+ES39) -> 0 | ET40: =SUM(ET39+ET36) -> 0 | EU40: =SUM(EU39+EU36) -> 0 | EV40: =SUM(EV39+EV36) -> 0 | EW40: =SUM(EW39+EW36) -> 0 | EY40: المجموع الكلي | FB40: =SUM(FB39+FB36) -> 0 | FC40: =SUM(FC39+FC36) -> 0 | FD40: =SUM(FD39+FD36) -> 0 | FE40: =SUM(FE39+FE36) -> 0 | FF40: =SUM(FF39+FF36) -> 0 | FG40: =SUM(FG36+FG39) -> 0 | FH40: =SUM(FH39+FH36) -> 0 | FI40: =SUM(FI39+FI36) -> 0 | FJ40: =SUM(FJ39+FJ36) -> 0 | FK40: =SUM(FK39+FK36) -> 0 | FM40: المجموع الكلي | FP40: =SUM(FP39+FP36) -> 1966 | FQ40: =SUM(FQ39+FQ36) -> 84 | FR40: =SUM(FR39+FR36) -> 165 | FS40: =SUM(FS39+FS36) -> 5 | FT40: =SUM(FT39+FT36) -> 805 | FU40: =SUM(FU36+FU39) -> 3025 | FV40: =SUM(FV39+FV36) -> 29 | FW40: =SUM(FW39+FW36) -> 947 | FX40: =SUM(FX39+FX36) -> 0 | FY40: =SUM(FY39+FY36) -> 976
A41: قويزة | B41: سعودي | C41: ذكر | D41: 2998 | E41: 252 | F41: 397 | G41: 0 | H41: 458 | I41: 4105 | J41: 36 | K41: 264 | L41: 22 | M41: =SUM(J41:L41) -> 322 | O41: قويزة | P41: سعودي | Q41: ذكر | R41: 3698 | S41: 261 | T41: 359 | U41: 0 | V41: 498 | W41: 4816 | X41: 91 | Y41: 279 | Z41: 19 | AA41: =SUM(X41:Z41) -> 389 | AC41: قويزة | AD41: سعودي | AE41: ذكر | AF41: 3198 | AG41: 239 | AH41: 240 | AI41: 0 | AJ41: 601 | AK41: 4278 | AL41: 160 | AM41: 301 | AN41: 14 | AO41: =SUM(AL41:AN41) -> 475 | AQ41: قويزة | AR41: سعودي | AS41: ذكر | AT41: 3099 | AU41: 227 | AV41: 409 | AW41: 0 | AX41: 541 | AY41: 4276 | AZ41: 150 | BA41: 289 | BB41: 24 | BC41: 463 | BE41: قويزة | BF41: سعودي | BG41: ذكر | BH41: 2301 | BI41: 53 | BJ41: 229 | BK41: 0 | BL41: 810 | BM41: 3393 | BN41: 110 | BO41: 221 | BP41: 34 | BQ41: =SUM(BN41:BP41) -> 365 | BS41: قويزة | BT41: سعودي | BU41: ذكر | BV41: 2150 | BW41: 196 | BX41: 170 | BY41: 0 | BZ41: 402 | CA41: 2918 | CB41: 86 | CC41: 193 | CD41: 9 | CE41: =SUM(CB41:CD41) -> 288 | CG41: قويزة | CH41: سعودي | CI41: ذكر | CJ41: 3161 | CK41: 261 | CL41: 401 | CM41: 0 | CN41: 461 | CO41: 4284 | CP41: 40 | CQ41: 269 | CR41: 0 | CS41: 309 | CU41: قويزة | CV41: سعودي | CW41: ذكر | CX41: 2150 | CY41: 196 | CZ41: 170 | DA41: 0 | DB41: 402 | DC41: 2918 | DD41: 86 | DE41: 193 | DF41: 9 | DG41: =SUM(DD41:DF41) -> 288 | DI41: قويزة | DJ41: سعودي | DK41: ذكر | DL41: 2401 | DM41: 200 | DN41: 133 | DO41: 0 | DP41: 122 | DQ41: 2856 | DR41: 67 | DS41: 225 | DT41: 2 | DU41: 294 | DW41: قويزة | DX41: سعودي | DY41: ذكر | DZ41: 2816 | EA41: 55 | EB41: 359 | EC41: 0 | ED41: 712 | EE41: 3942 | EF41: 88 | EG41: 259 | EH41: 18 | EI41: 365 | EK41: قويزة | EL41: سعودي | EM41: ذكر | EN41: 0 | EO41: 0 | EP41: 0 | EQ41: 0 | ER41: 0 | ES41: =SUM(EN41:ER41) -> 0 | ET41: 0 | EU41: 0 | EV41: 0 | EW41: =SUM(ET41:EV41) -> 0 | EY41: قويزة | EZ41: سعودي | FA41: ذكر | FB41: 0 | FC41: 0 | FD41: 0 | FE41: 0 | FF41: 0 | FG41: =SUM(FB41:FF41) -> 0 | FH41: 0 | FI41: 0 | FJ41: 0 | FK41: =SUM(FH41:FJ41) -> 0 | FM41: =EY41 -> قويزة | FN41: سعودي | FO41: ذكر | FP41: =SUM(D41+R41+AF41+AT41+BH41+BV41+CJ41+CX41+DL41+DZ41+EN41+FB41) -> 27972 | FQ41: =SUM(E41+S41+AG41+AU41+BI41+BW41+CK41+CY41+DM41+EA41+EO41+FC41) -> 1940 | FR41: =SUM(F41+T41+AH41+AV41+BJ41+BX41+CL41+CZ41+DN41+EB41+EP41+FD41) -> 2867 | FS41: =SUM(G41+U41+AI41+AW41+BK41+BY41+CM41+DA41+DO41+EC41+EQ41+FE41) -> 0 | FT41: =SUM(H41+V41+AJ41+AX41+BL41+BZ41+CN41+DB41+DP41+ED41+ER41+FF41) -> 5007 | FU41: =SUM(FP41:FT41) -> 37786 | FV41: =SUM(J41+X41+AL41+AZ41+BN41+CB41+CP41+DD41+DR41+EF41+ET41+FH41) -> 914 | FW41: =SUM(K41+Y41+AM41+BA41+BO41+CC41+CQ41+DE41+DS41+EG41+EU41+FI41) -> 2493 | FX41: =SUM(L41+Z41+AN41+BB41+BP41+CD41+CR41+DF41+DT41+EH41+EV41+FJ41) -> 151 | FY41: =SUM(FV41:FX41) -> 3558
C42: أنثى | D42: 2925 | E42: 107 | F42: 414 | G42: 3 | H42: 454 | I42: 3903 | J42: 32 | K42: 371 | L42: 13 | M42: =SUM(J42:L42) -> 416 | Q42: أنثى | R42: 3643 | S42: 240 | T42: 499 | U42: 19 | V42: 310 | W42: 4711 | X42: 83 | Y42: 383 | Z42: 16 | AA42: =SUM(X42:Z42) -> 482 | AE42: أنثى | AF42: 3426 | AG42: 225 | AH42: 338 | AI42: 19 | AJ42: 520 | AK42: 4528 | AL42: 154 | AM42: 365 | AN42: 16 | AO42: =SUM(AL42:AN42) -> 535 | AS42: أنثى | AT42: 3312 | AU42: 220 | AV42: 497 | AW42: 30 | AX42: 448 | AY42: 4507 | AZ42: 158 | BA42: 366 | BB42: 24 | BC42: 548 | BG42: أنثى | BH42: 2219 | BI42: 56 | BJ42: 227 | BK42: 18 | BL42: 871 | BM42: 3391 | BN42: 89 | BO42: 400 | BP42: 28 | BQ42: =SUM(BN42:BP42) -> 517 | BU42: أنثى | BV42: 2001 | BW42: 176 | BX42: 187 | BY42: 15 | BZ42: 405 | CA42: 2784 | CB42: 75 | CC42: 191 | CD42: 11 | CE42: =SUM(CB42:CD42) -> 277 | CI42: أنثى | CJ42: 3001 | CK42: 233 | CL42: 425 | CM42: 13 | CN42: 155 | CO42: 3827 | CP42: 43 | CQ42: 376 | CR42: 0 | CS42: 419 | CW42: أنثى | CX42: 2001 | CY42: 176 | CZ42: 187 | DA42: 15 | DB42: 405 | DC42: 2784 | DD42: 75 | DE42: 191 | DF42: 11 | DG42: =SUM(DD42:DF42) -> 277 | DK42: أنثى | DL42: 2498 | DM42: 178 | DN42: 129 | DO42: 23 | DP42: 83 | DQ42: 2911 | DR42: 55 | DS42: 254 | DT42: 1 | DU42: 310 | DY42: أنثى | DZ42: 2781 | EA42: 51 | EB42: 386 | EC42: 16 | ED42: 758 | EE42: 3992 | EF42: 82 | EG42: 365 | EH42: 16 | EI42: 463 | EM42: أنثى | EN42: 0 | EO42: 0 | EP42: 0 | EQ42: 0 | ER42: 0 | ES42: =SUM(EN42:ER42) -> 0 | ET42: 0 | EU42: 0 | EV42: 0 | EW42: =SUM(ET42:EV42) -> 0 | FA42: أنثى | FB42: 0 | FC42: 0 | FD42: 0 | FE42: 0 | FF42: 0 | FG42: =SUM(FB42:FF42) -> 0 | FH42: 0 | FI42: 0 | FJ42: 0 | FK42: =SUM(FH42:FJ42) -> 0 | FO42: أنثى | FP42: =SUM(D42+R42+AF42+AT42+BH42+BV42+CJ42+CX42+DL42+DZ42+EN42+FB42) -> 27807 | FQ42: =SUM(E42+S42+AG42+AU42+BI42+BW42+CK42+CY42+DM42+EA42+EO42+FC42) -> 1662 | FR42: =SUM(F42+T42+AH42+AV42+BJ42+BX42+CL42+CZ42+DN42+EB42+EP42+FD42) -> 3289 | FS42: =SUM(G42+U42+AI42+AW42+BK42+BY42+CM42+DA42+DO42+EC42+EQ42+FE42) -> 171 | FT42: =SUM(H42+V42+AJ42+AX42+BL42+BZ42+CN42+DB42+DP42+ED42+ER42+FF42) -> 4409 | FU42: =SUM(FP42:FT42) -> 37338 | FV42: =SUM(J42+X42+AL42+AZ42+BN42+CB42+CP42+DD42+DR42+EF42+ET42+FH42) -> 846 | FW42: =SUM(K42+Y42+AM42+BA42+BO42+CC42+CQ42+DE42+DS42+EG42+EU42+FI42) -> 3262 | FX42: =SUM(L42+Z42+AN42+BB42+BP42+CD42+CR42+DF42+DT42+EH42+EV42+FJ42) -> 136 | FY42: =SUM(FV42:FX42) -> 4244
B43: مجموع السعوديين | D43: 5923 | E43: 359 | F43: 811 | G43: 3 | H43: 912 | I43: 8008 | J43: 68 | K43: 635 | L43: 35 | M43: =SUM(M41:M42) -> 738 | P43: مجموع السعوديين | R43: 7341 | S43: 501 | T43: 858 | U43: 19 | V43: 808 | W43: 9527 | X43: 174 | Y43: 662 | Z43: 35 | AA43: =SUM(AA41:AA42) -> 871 | AD43: مجموع السعوديين | AF43: 6624 | AG43: 464 | AH43: 578 | AI43: 19 | AJ43: 1121 | AK43: 8806 | AL43: 314 | AM43: 666 | AN43: 30 | AO43: =SUM(AO41:AO42) -> 1010 | AR43: مجموع السعوديين | AT43: 6411 | AU43: 447 | AV43: 906 | AW43: 30 | AX43: 989 | AY43: 8783 | AZ43: 308 | BA43: 655 | BB43: 48 | BC43: 1011 | BF43: مجموع السعوديين | BH43: 4520 | BI43: 109 | BJ43: 456 | BK43: 18 | BL43: 1681 | BM43: 6784 | BN43: 199 | BO43: 621 | BP43: 62 | BQ43: =SUM(BQ41:BQ42) -> 882 | BT43: مجموع السعوديين | BV43: 4151 | BW43: 372 | BX43: 357 | BY43: 15 | BZ43: 807 | CA43: 5702 | CB43: 161 | CC43: 384 | CD43: 20 | CE43: =SUM(CE41:CE42) -> 565 | CH43: مجموع السعوديين | CJ43: 6162 | CK43: 494 | CL43: 826 | CM43: 13 | CN43: 616 | CO43: 8111 | CP43: 83 | CQ43: 645 | CR43: 0 | CS43: 728 | CV43: مجموع السعوديين | CX43: =SUM(CX41:CX42) -> 4151 | CY43: =SUM(CY41:CY42) -> 372 | CZ43: =SUM(CZ41:CZ42) -> 357 | DA43: =SUM(DA41:DA42) -> 15 | DB43: =SUM(DB41:DB42) -> 807 | DC43: =SUM(DC41:DC42) -> 5702 | DD43: =SUM(DD41:DD42) -> 161 | DE43: =SUM(DE41:DE42) -> 384 | ... DG43: =SUM(DG41:DG42) -> 565 | DJ43: مجموع السعوديين | DL43: 4899 | DM43: 378 | DN43: 262 | DO43: 23 | DP43: 205 | DQ43: 5767 | DR43: 122 | DS43: 479 | DT43: 3 | DU43: 604 | DX43: مجموع السعوديين | DZ43: 5597 | EA43: 106 | EB43: 745 | EC43: 16 | ED43: 1470 | EE43: 7934 | EF43: 170 | EG43: 624 | EH43: 34 | EI43: 828 | EL43: مجموع السعوديين | EN43: =SUM(EN41:EN42) -> 0 | EO43: =SUM(EO41:EO42) -> 0 | EP43: =SUM(EP41:EP42) -> 0 | EQ43: =SUM(EQ41:EQ42) -> 0 | ER43: =SUM(ER41:ER42) -> 0 | ES43: =SUM(ES41:ES42) -> 0 | ET43: =SUM(ET41:ET42) -> 0 | EU43: =SUM(EU41:EU42) -> 0 | ... EW43: =SUM(EW41:EW42) -> 0 | EZ43: مجموع السعوديين | FB43: =SUM(FB41:FB42) -> 0 | FC43: =SUM(FC41:FC42) -> 0 | FD43: =SUM(FD41:FD42) -> 0 | FE43: =SUM(FE41:FE42) -> 0 | FF43: =SUM(FF41:FF42) -> 0 | FG43: =SUM(FG41:FG42) -> 0 | FH43: =SUM(FH41:FH42) -> 0 | FI43: =SUM(FI41:FI42) -> 0 | ... FK43: =SUM(FK41:FK42) -> 0 | FN43: مجموع السعوديين | FP43: =SUM(FP41:FP42) -> 55779 | FQ43: =SUM(FQ41:FQ42) -> 3602 | FR43: =SUM(FR41:FR42) -> 6156 | FS43: =SUM(FS41:FS42) -> 171 | FT43: =SUM(FT41:FT42) -> 9416 | FU43: =SUM(FU41:FU42) -> 75124 | FV43: =SUM(FV41:FV42) -> 1760 | FW43: =SUM(FW41:FW42) -> 5755 | ... FY43: =SUM(FY41:FY42) -> 7802
B44: غير سعودي | C44: ذكر | D44: 94 | E44: 0 | F44: 0 | G44: 0 | H44: 19 | I44: 113 | J44: 9 | K44: 0 | L44: 0 | M44: =SUM(J44:L44) -> 9 | P44: غير سعودي | Q44: ذكر | R44: 120 | S44: 0 | T44: 0 | U44: 0 | V44: 14 | W44: 134 | X44: 2 | Y44: 0 | Z44: 0 | AA44: =SUM(X44:Z44) -> 2 | AD44: غير سعودي | AE44: ذكر | AF44: 152 | AG44: 0 | AH44: 0 | AI44: 0 | AJ44: 0 | AK44: 152 | AL44: 0 | AM44: 0 | AN44: 0 | AO44: =SUM(AL44:AN44) -> 0 | AR44: غير سعودي | AS44: ذكر | AT44: 69 | AU44: 0 | AV44: 0 | AW44: 0 | AX44: 0 | AY44: 69 | AZ44: 0 | BA44: 0 | BB44: 0 | BC44: 0 | BF44: غير سعودي | BG44: ذكر | BH44: 58 | BI44: 0 | BJ44: 0 | BK44: 0 | BL44: 47 | BM44: 105 | BN44: 5 | BO44: 8 | BP44: 0 | BQ44: =SUM(BN44:BP44) -> 13 | BT44: غير سعودي | BU44: ذكر | BV44: 30 | BW44: 0 | BX44: 0 | BY44: 0 | BZ44: 16 | CA44: 46 | CB44: 0 | CC44: 0 | CD44: 0 | CE44: =SUM(CB44:CD44) -> 0 | CH44: غير سعودي | CI44: ذكر | CJ44: 97 | CK44: 0 | CL44: 0 | CM44: 0 | CN44: 11 | CO44: 108 | CP44: 4 | CQ44: 0 | CR44: 0 | CS44: 4 | CV44: غير سعودي | CW44: ذكر | CX44: 30 | CY44: 0 | CZ44: 0 | DA44: 0 | DB44: 16 | DC44: 46 | DD44: 0 | DE44: 0 | DF44: 0 | DG44: =SUM(DD44:DF44) -> 0 | DJ44: غير سعودي | DK44: ذكر | DL44: 14 | DM44: 0 | DN44: 0 | DO44: 0 | DP44: 30 | DQ44: 44 | DR44: 1 | DS44: 1 | DT44: 0 | DU44: 2 | DX44: غير سعودي | DY44: ذكر | DZ44: 31 | EA44: 0 | EB44: 0 | EC44: 0 | ED44: 26 | EE44: 57 | EF44: 0 | EG44: 0 | EH44: 0 | EI44: 0 | EL44: غير سعودي | EM44: ذكر | EN44: 0 | EO44: 0 | EP44: 0 | EQ44: 0 | ER44: 0 | ES44: =SUM(EN44:ER44) -> 0 | ET44: 0 | EU44: 0 | EV44: 0 | EW44: =SUM(ET44:EV44) -> 0 | EZ44: غير سعودي | FA44: ذكر | FB44: 0 | FC44: 0 | FD44: 0 | FE44: 0 | FF44: 0 | FG44: =SUM(FB44:FF44) -> 0 | FH44: 0 | FI44: 0 | FJ44: 0 | FK44: =SUM(FH44:FJ44) -> 0 | FN44: غير سعودي | FO44: ذكر | FP44: =SUM(D44+R44+AF44+AT44+BH44+BV44+CJ44+CX44+DL44+DZ44+EN44+FB44) -> 695 | FQ44: =SUM(E44+S44+AG44+AU44+BI44+BW44+CK44+CY44+DM44+EA44+EO44+FC44) -> 0 | FR44: =SUM(F44+T44+AH44+AV44+BJ44+BX44+CL44+CZ44+DN44+EB44+EP44+FD44) -> 0 | FS44: =SUM(G44+U44+AI44+AW44+BK44+BY44+CM44+DA44+DO44+EC44+EQ44+FE44) -> 0 | FT44: =SUM(H44+V44+AJ44+AX44+BL44+BZ44+CN44+DB44+DP44+ED44+ER44+FF44) -> 179 | FU44: =SUM(FP44:FT44) -> 874 | FV44: =SUM(J44+X44+AL44+AZ44+BN44+CB44+CP44+DD44+DR44+EF44+ET44+FH44) -> 21 | FW44: =SUM(K44+Y44+AM44+BA44+BO44+CC44+CQ44+DE44+DS44+EG44+EU44+FI44) -> 9 | FX44: =SUM(L44+Z44+AN44+BB44+BP44+CD44+CR44+DF44+DT44+EH44+EV44+FJ44) -> 0 | FY44: =SUM(FV44:FX44) -> 30
C45: أنثى | D45: 80 | E45: 0 | F45: 0 | G45: 0 | H45: 25 | I45: 105 | J45: 4 | K45: 0 | L45: 0 | M45: =SUM(J45:L45) -> 4 | Q45: أنثى | R45: 114 | S45: 0 | T45: 0 | U45: 0 | V45: 17 | W45: 131 | X45: 1 | Y45: 0 | Z45: 0 | AA45: =SUM(X45:Z45) -> 1 | AE45: أنثى | AF45: 141 | AG45: 0 | AH45: 0 | AI45: 0 | AJ45: 0 | AK45: 141 | AL45: 0 | AM45: 0 | AN45: 0 | AO45: =SUM(AL45:AN45) -> 0 | AS45: أنثى | AT45: 65 | AU45: 0 | AV45: 0 | AW45: 0 | AX45: 0 | AY45: 65 | AZ45: 0 | BA45: 0 | BB45: 0 | BC45: 0 | BG45: أنثى | BH45: 49 | BI45: 0 | BJ45: 0 | BK45: 0 | BL45: 56 | BM45: 105 | BN45: 5 | BO45: 5 | BP45: 0 | BQ45: =SUM(BN45:BP45) -> 10 | BU45: أنثى | BV45: 34 | BW45: 0 | BX45: 0 | BY45: 0 | BZ45: 14 | CA45: 48 | CB45: 0 | CC45: 0 | CD45: 0 | CE45: =SUM(CB45:CD45) -> 0 | CI45: أنثى | CJ45: 88 | CK45: 0 | CL45: 0 | CM45: 0 | CN45: 14 | CO45: 102 | CP45: 1 | CQ45: 0 | CR45: 0 | CS45: 1 | CW45: أنثى | CX45: 34 | CY45: 0 | CZ45: 0 | DA45: 0 | DB45: 14 | DC45: 48 | DD45: 0 | DE45: 0 | DF45: 0 | DG45: =SUM(DD45:DF45) -> 0 | DK45: أنثى | DL45: 13 | DM45: 0 | DN45: 0 | DO45: 0 | DP45: 21 | DQ45: 34 | DR45: 1 | DS45: 0 | DT45: 0 | DU45: 1 | DY45: أنثى | DZ45: 33 | EA45: 0 | EB45: 0 | EC45: 0 | ED45: 31 | EE45: 64 | EF45: 0 | EG45: 0 | EH45: 0 | EI45: 0 | EM45: أنثى | EN45: 0 | EO45: 0 | EP45: 0 | EQ45: 0 | ER45: 0 | ES45: =SUM(EN45:ER45) -> 0 | ET45: 0 | EU45: 0 | EV45: 0 | EW45: =SUM(ET45:EV45) -> 0 | FA45: أنثى | FB45: 0 | FC45: 0 | FD45: 0 | FE45: 0 | FF45: 0 | FG45: =SUM(FB45:FF45) -> 0 | FH45: 0 | FI45: 0 | FJ45: 0 | FK45: =SUM(FH45:FJ45) -> 0 | FO45: أنثى | FP45: =SUM(D45+R45+AF45+AT45+BH45+BV45+CJ45+CX45+DL45+DZ45+EN45+FB45) -> 651 | FQ45: =SUM(E45+S45+AG45+AU45+BI45+BW45+CK45+CY45+DM45+EA45+EO45+FC45) -> 0 | FR45: =SUM(F45+T45+AH45+AV45+BJ45+BX45+CL45+CZ45+DN45+EB45+EP45+FD45) -> 0 | FS45: =SUM(G45+U45+AI45+AW45+BK45+BY45+CM45+DA45+DO45+EC45+EQ45+FE45) -> 0 | FT45: =SUM(H45+V45+AJ45+AX45+BL45+BZ45+CN45+DB45+DP45+ED45+ER45+FF45) -> 192 | FU45: =SUM(FP45:FT45) -> 843 | FV45: =SUM(J45+X45+AL45+AZ45+BN45+CB45+CP45+DD45+DR45+EF45+ET45+FH45) -> 12 | FW45: =SUM(K45+Y45+AM45+BA45+BO45+CC45+CQ45+DE45+DS45+EG45+EU45+FI45) -> 5 | FX45: =SUM(L45+Z45+AN45+BB45+BP45+CD45+CR45+DF45+DT45+EH45+EV45+FJ45) -> 0 | FY45: =SUM(FV45:FX45) -> 17
B46: مجموع غ.سعودي | D46: =SUM(D44:D45) -> 174 | E46: =SUM(E44:E45) -> 0 | F46: =SUM(F44:F45) -> 0 | G46: =SUM(G44:G45) -> 0 | H46: =SUM(H44:H45) -> 44 | I46: =SUM(I44:I45) -> 218 | J46: =SUM(J44:J45) -> 13 | K46: =SUM(K44:K45) -> 0 | ... M46: =SUM(M44:M45) -> 13 | P46: مجموع غ.سعودي | R46: =SUM(R44:R45) -> 234 | S46: =SUM(S44:S45) -> 0 | T46: =SUM(T44:T45) -> 0 | U46: =SUM(U44:U45) -> 0 | V46: =SUM(V44:V45) -> 31 | W46: =SUM(W44:W45) -> 265 | X46: =SUM(X44:X45) -> 3 | Y46: =SUM(Y44:Y45) -> 0 | ... AA46: =SUM(AA44:AA45) -> 3 | AD46: مجموع غ.سعودي | AF46: 293 | AG46: 0 | AH46: 0 | AI46: 0 | AJ46: 0 | AK46: 293 | AL46: 0 | AM46: 0 | AN46: 0 | AO46: =SUM(AO44:AO45) -> 0 | AR46: مجموع غ.سعودي | AT46: 134 | AU46: 0 | AV46: 0 | AW46: 0 | AX46: 0 | AY46: 134 | AZ46: 0 | BA46: 0 | BB46: 0 | BC46: 0 | BF46: مجموع غ.سعودي | BH46: =SUM(BH44:BH45) -> 107 | BI46: =SUM(BI44:BI45) -> 0 | BJ46: =SUM(BJ44:BJ45) -> 0 | BK46: =SUM(BK44:BK45) -> 0 | BL46: =SUM(BL44:BL45) -> 103 | BM46: =SUM(BM44:BM45) -> 210 | BN46: =SUM(BN44:BN45) -> 10 | BO46: =SUM(BO44:BO45) -> 13 | ... BQ46: =SUM(BQ44:BQ45) -> 23 | BT46: مجموع غ.سعودي | BV46: 64 | BW46: 0 | BX46: 0 | BY46: 0 | BZ46: 30 | CA46: 94 | CB46: 0 | CC46: 0 | CD46: 0 | CE46: =SUM(CE44:CE45) -> 0 | CH46: مجموع غ.سعودي | CJ46: 185 | CK46: 0 | CL46: 0 | CM46: 0 | CN46: 25 | CO46: 210 | CP46: 5 | CQ46: 0 | CR46: 0 | CS46: 5 | CV46: مجموع غ.سعودي | CX46: =SUM(CX44:CX45) -> 64 | CY46: =SUM(CY44:CY45) -> 0 | CZ46: =SUM(CZ44:CZ45) -> 0 | DA46: =SUM(DA44:DA45) -> 0 | DB46: =SUM(DB44:DB45) -> 30 | DC46: =SUM(DC44:DC45) -> 94 | DD46: =SUM(DD44:DD45) -> 0 | DE46: =SUM(DE44:DE45) -> 0 | ... DG46: =SUM(DG44:DG45) -> 0 | DJ46: مجموع غ.سعودي | DL46: 27 | DM46: 0 | DN46: 0 | DO46: 0 | DP46: 51 | DQ46: 78 | DR46: 2 | DS46: 1 | DT46: 0 | DU46: 3 | DX46: مجموع غ.سعودي | DZ46: 64 | EA46: 0 | EB46: 0 | EC46: 0 | ED46: 57 | EE46: 121 | EF46: 0 | EG46: 0 | EH46: 0 | EI46: 0 | EL46: مجموع غ.سعودي | EN46: =SUM(EN44:EN45) -> 0 | EO46: =SUM(EO44:EO45) -> 0 | EP46: =SUM(EP44:EP45) -> 0 | EQ46: =SUM(EQ44:EQ45) -> 0 | ER46: =SUM(ER44:ER45) -> 0 | ES46: =SUM(ES44:ES45) -> 0 | ET46: =SUM(ET44:ET45) -> 0 | EU46: =SUM(EU44:EU45) -> 0 | ... EW46: =SUM(EW44:EW45) -> 0 | EZ46: مجموع غ.سعودي | FB46: =SUM(FB44:FB45) -> 0 | FC46: =SUM(FC44:FC45) -> 0 | FD46: =SUM(FD44:FD45) -> 0 | FE46: =SUM(FE44:FE45) -> 0 | FF46: =SUM(FF44:FF45) -> 0 | FG46: =SUM(FG44:FG45) -> 0 | FH46: =SUM(FH44:FH45) -> 0 | FI46: =SUM(FI44:FI45) -> 0 | ... FK46: =SUM(FK44:FK45) -> 0 | FN46: مجموع غ.سعودي | FP46: =SUM(FP44:FP45) -> 1346 | FQ46: =SUM(FQ44:FQ45) -> 0 | FR46: =SUM(FR44:FR45) -> 0 | FS46: =SUM(FS44:FS45) -> 0 | FT46: =SUM(FT44:FT45) -> 371 | FU46: =SUM(FU44:FU45) -> 1717 | FV46: =SUM(FV44:FV45) -> 33 | FW46: =SUM(FW44:FW45) -> 14 | ... FY46: =SUM(FY44:FY45) -> 47
A47: المجموع الكلي | D47: =SUM(D46+D43) -> 6097 | E47: =SUM(E46+E43) -> 359 | F47: =SUM(F46+F43) -> 811 | G47: =SUM(G46+G43) -> 3 | H47: =SUM(H46+H43) -> 956 | I47: =SUM(I43+I46) -> 8226 | J47: =SUM(J46+J43) -> 81 | K47: =SUM(K46+K43) -> 635 | L47: =SUM(L46+L43) -> 35 | M47: =SUM(M46+M43) -> 751 | O47: المجموع الكلي | R47: =SUM(R46+R43) -> 7575 | S47: =SUM(S46+S43) -> 501 | T47: =SUM(T46+T43) -> 858 | U47: =SUM(U46+U43) -> 19 | V47: =SUM(V46+V43) -> 839 | W47: =SUM(W43+W46) -> 9792 | X47: =SUM(X46+X43) -> 177 | Y47: =SUM(Y46+Y43) -> 662 | Z47: =SUM(Z46+Z43) -> 35 | AA47: =SUM(AA46+AA43) -> 874 | AC47: المجموع الكلي | AF47: 6917 | AG47: 464 | AH47: 578 | AI47: 19 | AJ47: 1121 | AK47: 9099 | AL47: 314 | AM47: 666 | AN47: 30 | AO47: =SUM(AO46+AO43) -> 1010 | AQ47: المجموع الكلي | AT47: =SUM(AT46+AT43) -> 6545 | AU47: =SUM(AU46+AU43) -> 447 | AV47: =SUM(AV46+AV43) -> 906 | AW47: =SUM(AW46+AW43) -> 30 | AX47: =SUM(AX46+AX43) -> 989 | AY47: =SUM(AY43+AY46) -> 8917 | AZ47: =SUM(AZ46+AZ43) -> 308 | BA47: =SUM(BA46+BA43) -> 655 | BB47: =SUM(BB46+BB43) -> 48 | BC47: =SUM(BC46+BC43) -> 1011 | BE47: المجموع الكلي | BH47: =SUM(BH46+BH43) -> 4627 | BI47: =SUM(BI46+BI43) -> 109 | BJ47: =SUM(BJ46+BJ43) -> 456 | BK47: =SUM(BK46+BK43) -> 18 | BL47: =SUM(BL46+BL43) -> 1784 | BM47: =SUM(BM43+BM46) -> 6994 | BN47: =SUM(BN46+BN43) -> 209 | BO47: =SUM(BO46+BO43) -> 634 | BP47: =SUM(BP46+BP43) -> 62 | BQ47: =SUM(BQ46+BQ43) -> 905 | BS47: المجموع الكلي | BV47: 4215 | BW47: 372 | BX47: 357 | BY47: 15 | BZ47: 837 | CA47: 5796 | CB47: 161 | CC47: 384 | CD47: 20 | CE47: =SUM(CE46+CE43) -> 565 | CG47: المجموع الكلي | CJ47: 6347 | CK47: 494 | CL47: 826 | CM47: 13 | CN47: 641 | CO47: 8321 | CP47: 88 | CQ47: 645 | CR47: 0 | CS47: 733 | CU47: المجموع الكلي | CX47: =SUM(CX46+CX43) -> 4215 | CY47: =SUM(CY46+CY43) -> 372 | CZ47: =SUM(CZ46+CZ43) -> 357 | DA47: =SUM(DA46+DA43) -> 15 | DB47: =SUM(DB46+DB43) -> 837 | DC47: =SUM(DC43+DC46) -> 5796 | DD47: =SUM(DD46+DD43) -> 161 | DE47: =SUM(DE46+DE43) -> 384 | DF47: =SUM(DF46+DF43) -> 20 | DG47: =SUM(DG46+DG43) -> 565 | DI47: المجموع الكلي | DL47: 4926 | DM47: 378 | DN47: 262 | DO47: 23 | DP47: 256 | DQ47: 5845 | DR47: 124 | DS47: 480 | DT47: 3 | DU47: 607 | DW47: المجموع الكلي | DZ47: 5661 | EA47: 106 | EB47: 745 | EC47: 16 | ED47: 1527 | EE47: 8055 | EF47: 170 | EG47: 624 | EH47: 34 | EI47: 828 | EK47: المجموع الكلي | EN47: =SUM(EN46+EN43) -> 0 | EO47: =SUM(EO46+EO43) -> 0 | EP47: =SUM(EP46+EP43) -> 0 | EQ47: =SUM(EQ46+EQ43) -> 0 | ER47: =SUM(ER46+ER43) -> 0 | ES47: =SUM(ES43+ES46) -> 0 | ET47: =SUM(ET46+ET43) -> 0 | EU47: =SUM(EU46+EU43) -> 0 | EV47: =SUM(EV46+EV43) -> 0 | EW47: =SUM(EW46+EW43) -> 0 | EY47: المجموع الكلي | FB47: =SUM(FB46+FB43) -> 0 | FC47: =SUM(FC46+FC43) -> 0 | FD47: =SUM(FD46+FD43) -> 0 | FE47: =SUM(FE46+FE43) -> 0 | FF47: =SUM(FF46+FF43) -> 0 | FG47: =SUM(FG43+FG46) -> 0 | FH47: =SUM(FH46+FH43) -> 0 | FI47: =SUM(FI46+FI43) -> 0 | FJ47: =SUM(FJ46+FJ43) -> 0 | FK47: =SUM(FK46+FK43) -> 0 | FM47: المجموع الكلي | FP47: =SUM(FP46+FP43) -> 57125 | FQ47: =SUM(FQ46+FQ43) -> 3602 | FR47: =SUM(FR46+FR43) -> 6156 | FS47: =SUM(FS46+FS43) -> 171 | FT47: =SUM(FT46+FT43) -> 9787 | FU47: =SUM(FU43+FU46) -> 76841 | FV47: =SUM(FV46+FV43) -> 1793 | FW47: =SUM(FW46+FW43) -> 5769 | FX47: =SUM(FX46+FX43) -> 287 | FY47: =SUM(FY46+FY43) -> 7849
A48: الرغامة | B48: سعودي | C48: ذكر | D48: 2863 | E48: 470 | F48: 185 | G48: 0 | H48: 795 | I48: 4313 | J48: 612 | K48: 1104 | L48: 0 | M48: =SUM(J48:L48) -> 1716 | O48: الرغامة | P48: سعودي | Q48: ذكر | R48: 2816 | S48: 123 | T48: 211 | U48: 0 | V48: 101 | W48: 3251 | X48: 944 | Y48: 1256 | Z48: 0 | AA48: =SUM(X48:Z48) -> 2200 | AC48: الرغامة | AD48: سعودي | AE48: ذكر | AF48: 2224 | AG48: 325 | AH48: 219 | AI48: 0 | AJ48: 678 | AK48: 3446 | AL48: 601 | AM48: 1256 | AN48: 0 | AO48: =SUM(AL48:AN48) -> 1857 | AQ48: الرغامة | AR48: سعودي | AS48: ذكر | AT48: 2857 | AU48: 340 | AV48: 416 | AW48: 0 | AX48: 428 | AY48: 4041 | AZ48: 366 | BA48: 749 | BB48: 0 | BC48: 1115 | BE48: الرغامة | BF48: سعودي | BG48: ذكر | BH48: 2757 | BI48: 202 | BJ48: 238 | BK48: 0 | BL48: 896 | BM48: 4093 | BN48: 608 | BO48: 950 | BP48: 0 | BQ48: =SUM(BN48:BP48) -> 1558 | BS48: الرغامة | BT48: سعودي | BU48: ذكر | BV48: 1585 | BW48: 156 | BX48: 129 | BY48: 0 | BZ48: 296 | CA48: 2166 | CB48: 164 | CC48: 666 | CD48: 0 | CE48: =SUM(CB48:CD48) -> 830 | CG48: الرغامة | CH48: سعودي | CI48: ذكر | CJ48: 2646 | CK48: 359 | CL48: 215 | CM48: 0 | CN48: 785 | CO48: 4005 | CP48: 613 | CQ48: 1389 | CR48: 0 | CS48: 2002 | CU48: الرغامة | CV48: سعودي | CW48: ذكر | CX48: 1585 | CY48: 156 | CZ48: 129 | DA48: 0 | DB48: 296 | DC48: =SUM(CX48:DB48) -> 2166 | DD48: 164 | DE48: 666 | DF48: 0 | DG48: =SUM(DD48:DF48) -> 830 | DI48: الرغامة | DJ48: سعودي | DK48: ذكر | DL48: 2757 | DM48: 87 | DN48: 127 | DO48: 0 | DP48: 798 | DQ48: =SUM(DL48:DP48) -> 3769 | DR48: 555 | DS48: 545 | DT48: 0 | DU48: =SUM(DR48:DT48) -> 1100 | DW48: الرغامة | DX48: سعودي | DY48: ذكر | DZ48: 3467 | EA48: 439 | EB48: 313 | EC48: 0 | ED48: 485 | EE48: 4704 | EF48: 600 | EG48: 1040 | EH48: 0 | EI48: 1640 | EK48: الرغامة | EL48: سعودي | EM48: ذكر | EN48: 0 | EO48: 0 | EP48: 0 | EQ48: 0 | ER48: 0 | ES48: =SUM(EN48:ER48) -> 0 | ET48: 0 | EU48: 0 | EV48: 0 | EW48: =SUM(ET48:EV48) -> 0 | EY48: الرغامة | EZ48: سعودي | FA48: ذكر | FB48: 0 | FC48: 0 | FD48: 0 | FE48: 0 | FF48: 0 | FG48: =SUM(FB48:FF48) -> 0 | FH48: 0 | FI48: 0 | FJ48: 0 | FK48: =SUM(FH48:FJ48) -> 0 | FM48: =EY48 -> الرغامة | FN48: سعودي | FO48: ذكر | FP48: =SUM(D48+R48+AF48+AT48+BH48+BV48+CJ48+CX48+DL48+DZ48+EN48+FB48) -> 25557 | FQ48: =SUM(E48+S48+AG48+AU48+BI48+BW48+CK48+CY48+DM48+EA48+EO48+FC48) -> 2657 | FR48: =SUM(F48+T48+AH48+AV48+BJ48+BX48+CL48+CZ48+DN48+EB48+EP48+FD48) -> 2182 | FS48: =SUM(G48+U48+AI48+AW48+BK48+BY48+CM48+DA48+DO48+EC48+EQ48+FE48) -> 0 | FT48: =SUM(H48+V48+AJ48+AX48+BL48+BZ48+CN48+DB48+DP48+ED48+ER48+FF48) -> 5558 | FU48: =SUM(FP48:FT48) -> 35954 | FV48: =SUM(J48+X48+AL48+AZ48+BN48+CB48+CP48+DD48+DR48+EF48+ET48+FH48) -> 5227 | FW48: =SUM(K48+Y48+AM48+BA48+BO48+CC48+CQ48+DE48+DS48+EG48+EU48+FI48) -> 9621 | FX48: =SUM(L48+Z48+AN48+BB48+BP48+CD48+CR48+DF48+DT48+EH48+EV48+FJ48) -> 0 | FY48: =SUM(FV48:FX48) -> 14848
C49: أنثى | D49: 2851 | E49: 446 | F49: 196 | G49: 15 | H49: 693 | I49: 4201 | J49: 648 | K49: 1177 | L49: 0 | M49: =SUM(J49:L49) -> 1825 | Q49: أنثى | R49: 2781 | S49: 112 | T49: 316 | U49: 63 | V49: 85 | W49: 3357 | X49: 1019 | Y49: 1389 | Z49: 0 | AA49: =SUM(X49:Z49) -> 2408 | AE49: أنثى | AF49: 3187 | AG49: 345 | AH49: 298 | AI49: 11 | AJ49: 876 | AK49: 4717 | AL49: 512 | AM49: 1889 | AN49: 0 | AO49: =SUM(AL49:AN49) -> 2401 | AS49: أنثى | AT49: 3349 | AU49: 327 | AV49: 275 | AW49: 50 | AX49: 586 | AY49: 4587 | AZ49: 410 | BA49: 924 | BB49: 0 | BC49: 1334 | BG49: أنثى | BH49: 3250 | BI49: 199 | BJ49: 234 | BK49: 7 | BL49: 765 | BM49: 4455 | BN49: 655 | BO49: 1030 | BP49: 0 | BQ49: =SUM(BN49:BP49) -> 1685 | BU49: أنثى | BV49: 1433 | BW49: 182 | BX49: 176 | BY49: 22 | BZ49: 235 | CA49: 2048 | CB49: 185 | CC49: 696 | CD49: 0 | CE49: =SUM(CB49:CD49) -> 881 | CI49: أنثى | CJ49: 2732 | CK49: 436 | CL49: 219 | CM49: 38 | CN49: 647 | CO49: 4072 | CP49: 600 | CQ49: 1256 | CR49: 0 | CS49: 1856 | CW49: أنثى | CX49: 1433 | CY49: 182 | CZ49: 176 | DA49: 22 | DB49: 235 | DC49: =SUM(CX49:DB49) -> 2048 | DD49: 185 | DE49: 696 | DF49: 0 | DG49: =SUM(DD49:DF49) -> 881 | DK49: أنثى | DL49: 3250 | DM49: 121 | DN49: 202 | DO49: 9 | DP49: 574 | DQ49: =SUM(DL49:DP49) -> 4156 | DR49: 533 | DS49: 770 | DT49: 0 | DU49: =SUM(DR49:DT49) -> 1303 | DY49: أنثى | DZ49: 3627 | EA49: 378 | EB49: 143 | EC49: 9 | ED49: 658 | EE49: 4815 | EF49: 632 | EG49: 1127 | EH49: 0 | EI49: 1759 | EM49: أنثى | EN49: 0 | EO49: 0 | EP49: 0 | EQ49: 0 | ER49: 0 | ES49: =SUM(EN49:ER49) -> 0 | ET49: 0 | EU49: 0 | EV49: 0 | EW49: =SUM(ET49:EV49) -> 0 | FA49: أنثى | FB49: 0 | FC49: 0 | FD49: 0 | FE49: 0 | FF49: 0 | FG49: =SUM(FB49:FF49) -> 0 | FH49: 0 | FI49: 0 | FJ49: 0 | FK49: =SUM(FH49:FJ49) -> 0 | FO49: أنثى | FP49: =SUM(D49+R49+AF49+AT49+BH49+BV49+CJ49+CX49+DL49+DZ49+EN49+FB49) -> 27893 | FQ49: =SUM(E49+S49+AG49+AU49+BI49+BW49+CK49+CY49+DM49+EA49+EO49+FC49) -> 2728 | FR49: =SUM(F49+T49+AH49+AV49+BJ49+BX49+CL49+CZ49+DN49+EB49+EP49+FD49) -> 2235 | FS49: =SUM(G49+U49+AI49+AW49+BK49+BY49+CM49+DA49+DO49+EC49+EQ49+FE49) -> 246 | FT49: =SUM(H49+V49+AJ49+AX49+BL49+BZ49+CN49+DB49+DP49+ED49+ER49+FF49) -> 5354 | FU49: =SUM(FP49:FT49) -> 38456 | FV49: =SUM(J49+X49+AL49+AZ49+BN49+CB49+CP49+DD49+DR49+EF49+ET49+FH49) -> 5379 | FW49: =SUM(K49+Y49+AM49+BA49+BO49+CC49+CQ49+DE49+DS49+EG49+EU49+FI49) -> 10954 | FX49: =SUM(L49+Z49+AN49+BB49+BP49+CD49+CR49+DF49+DT49+EH49+EV49+FJ49) -> 0 | FY49: =SUM(FV49:FX49) -> 16333
B50: مجموع السعوديين | D50: 5714 | E50: 916 | F50: 381 | G50: 15 | H50: 1488 | I50: 8514 | J50: 1260 | K50: 2281 | L50: 0 | M50: =SUM(M48:M49) -> 3541 | P50: مجموع السعوديين | R50: 5597 | S50: 235 | T50: 527 | U50: 63 | V50: 186 | W50: 6608 | X50: 1963 | Y50: 2645 | Z50: 0 | AA50: =SUM(AA48:AA49) -> 4608 | AD50: مجموع السعوديين | AF50: 5411 | AG50: 670 | AH50: 517 | AI50: 11 | AJ50: 1554 | AK50: 8163 | AL50: 1113 | AM50: 3145 | AN50: 0 | AO50: =SUM(AO48:AO49) -> 4258 | AR50: مجموع السعوديين | AT50: 6206 | AU50: 667 | AV50: 691 | AW50: 50 | AX50: 1014 | AY50: 8628 | AZ50: 776 | BA50: 1673 | BB50: 0 | BC50: 2449 | BF50: مجموع السعوديين | BH50: 6007 | BI50: 401 | BJ50: 472 | BK50: 7 | BL50: 1661 | BM50: 8548 | BN50: 1263 | BO50: 1980 | BP50: 0 | BQ50: =SUM(BQ48:BQ49) -> 3243 | BT50: مجموع السعوديين | BV50: 3018 | BW50: 338 | BX50: 305 | BY50: 22 | BZ50: 531 | CA50: 4214 | CB50: 349 | CC50: 1362 | CD50: 0 | CE50: =SUM(CE48:CE49) -> 1711 | CH50: مجموع السعوديين | CJ50: 5378 | CK50: 795 | CL50: 434 | CM50: 38 | CN50: 1432 | CO50: 8077 | CP50: 1213 | CQ50: 2645 | CR50: 0 | CS50: 3858 | CV50: مجموع السعوديين | CX50: =SUM(CX48:CX49) -> 3018 | CY50: =SUM(CY48:CY49) -> 338 | CZ50: =SUM(CZ48:CZ49) -> 305 | DA50: =SUM(DA48:DA49) -> 22 | DB50: =SUM(DB48:DB49) -> 531 | DC50: =SUM(DC48:DC49) -> 4214 | DD50: =SUM(DD48:DD49) -> 349 | DE50: 1362 | DF50: =SUM(DF48:DF49) -> 0 | DG50: =SUM(DG48:DG49) -> 1711 | DJ50: مجموع السعوديين | DL50: =SUM(DL48:DL49) -> 6007 | DM50: =SUM(DM48:DM49) -> 208 | DN50: =SUM(DN48:DN49) -> 329 | DO50: =SUM(DO48:DO49) -> 9 | DP50: =SUM(DP48:DP49) -> 1372 | DQ50: =SUM(DQ48:DQ49) -> 7925 | DR50: =SUM(DR48:DR49) -> 1088 | DS50: =SUM(DS48:DS49) -> 1315 | ... DU50: =SUM(DU48:DU49) -> 2403 | DX50: مجموع السعوديين | DZ50: 7094 | EA50: 817 | EB50: 456 | EC50: 9 | ED50: 1143 | EE50: 9519 | EF50: 1232 | EG50: 2167 | EH50: 0 | EI50: 3399 | EL50: مجموع السعوديين | EN50: =SUM(EN48:EN49) -> 0 | EO50: =SUM(EO48:EO49) -> 0 | EP50: =SUM(EP48:EP49) -> 0 | EQ50: =SUM(EQ48:EQ49) -> 0 | ER50: =SUM(ER48:ER49) -> 0 | ES50: =SUM(ES48:ES49) -> 0 | ET50: =SUM(ET48:ET49) -> 0 | EU50: =SUM(EU48:EU49) -> 0 | ... EW50: =SUM(EW48:EW49) -> 0 | EZ50: مجموع السعوديين | FB50: =SUM(FB48:FB49) -> 0 | FC50: =SUM(FC48:FC49) -> 0 | FD50: =SUM(FD48:FD49) -> 0 | FE50: =SUM(FE48:FE49) -> 0 | FF50: =SUM(FF48:FF49) -> 0 | FG50: =SUM(FG48:FG49) -> 0 | FH50: =SUM(FH48:FH49) -> 0 | FI50: =SUM(FI48:FI49) -> 0 | ... FK50: =SUM(FK48:FK49) -> 0 | FN50: مجموع السعوديين | FP50: =SUM(FP48:FP49) -> 53450 | FQ50: =SUM(FQ48:FQ49) -> 5385 | FR50: =SUM(FR48:FR49) -> 4417 | FS50: =SUM(FS48:FS49) -> 246 | FT50: =SUM(FT48:FT49) -> 10912 | FU50: =SUM(FU48:FU49) -> 74410 | FV50: =SUM(FV48:FV49) -> 10606 | FW50: =SUM(FW48:FW49) -> 20575 | ... FY50: =SUM(FY48:FY49) -> 31181
B51: غير سعودي | C51: ذكر | D51: 767 | E51: 41 | F51: 0 | G51: 0 | H51: 142 | I51: 950 | J51: 80 | K51: 48 | L51: 0 | M51: =SUM(J51:L51) -> 128 | P51: غير سعودي | Q51: ذكر | R51: 31 | S51: 37 | T51: 0 | U51: 0 | V51: 63 | W51: 131 | X51: 221 | Y51: 53 | Z51: 0 | AA51: =SUM(X51:Z51) -> 274 | AD51: غير سعودي | AE51: ذكر | AF51: 1872 | AG51: 33 | AH51: 0 | AI51: 0 | AJ51: 99 | AK51: 2004 | AL51: 20 | AM51: 53 | AN51: 0 | AO51: =SUM(AL51:AN51) -> 73 | AR51: غير سعودي | AS51: ذكر | AT51: 635 | AU51: 45 | AV51: 0 | AW51: 0 | AX51: 96 | AY51: 776 | AZ51: 65 | BA51: 108 | BB51: 0 | BC51: 173 | BF51: غير سعودي | BG51: ذكر | BH51: 598 | BI51: 4 | BJ51: 0 | BK51: 0 | BL51: 45 | BM51: 647 | BN51: 64 | BO51: 55 | BP51: 0 | BQ51: =SUM(BN51:BP51) -> 119 | BT51: غير سعودي | BU51: ذكر | BV51: 413 | BW51: 33 | BX51: 0 | BY51: 0 | BZ51: 23 | CA51: 469 | CB51: 49 | CC51: 61 | CD51: 0 | CE51: =SUM(CB51:CD51) -> 110 | CH51: غير سعودي | CI51: ذكر | CJ51: 589 | CK51: 33 | CL51: 0 | CM51: 0 | CN51: 35 | CO51: 657 | CP51: 46 | CQ51: 53 | CR51: 0 | CS51: 99 | CV51: غير سعودي | CW51: ذكر | CX51: 413 | CY51: 33 | CZ51: 0 | DA51: 0 | DB51: 23 | DC51: =SUM(CX51:DB51) -> 469 | DD51: 49 | DE51: 61 | DF51: 0 | DG51: =SUM(DD51:DF51) -> 110 | DJ51: غير سعودي | DK51: ذكر | DL51: 598 | DM51: 11 | DN51: 0 | DO51: 0 | DP51: 23 | DQ51: =SUM(DL51:DP51) -> 632 | DR51: 210 | DS51: 114 | DT51: 0 | DU51: =SUM(DR51:DT51) -> 324 | DX51: غير سعودي | DY51: ذكر | DZ51: 30 | EA51: 39 | EB51: 0 | EC51: 0 | ED51: 96 | EE51: 165 | EF51: 68 | EG51: 59 | EH51: 0 | EI51: 127 | EL51: غير سعودي | EM51: ذكر | EN51: 0 | EO51: 0 | EP51: 0 | EQ51: 0 | ER51: 0 | ES51: =SUM(EN51:ER51) -> 0 | ET51: 0 | EU51: 0 | EV51: 0 | EW51: =SUM(ET51:EV51) -> 0 | EZ51: غير سعودي | FA51: ذكر | FB51: 0 | FC51: 0 | FD51: 0 | FE51: 0 | FF51: 0 | FG51: =SUM(FB51:FF51) -> 0 | FH51: 0 | FI51: 0 | FJ51: 0 | FK51: =SUM(FH51:FJ51) -> 0 | FN51: غير سعودي | FO51: ذكر | FP51: =SUM(D51+R51+AF51+AT51+BH51+BV51+CJ51+CX51+DL51+DZ51+EN51+FB51) -> 5946 | FQ51: =SUM(E51+S51+AG51+AU51+BI51+BW51+CK51+CY51+DM51+EA51+EO51+FC51) -> 309 | FR51: =SUM(F51+T51+AH51+AV51+BJ51+BX51+CL51+CZ51+DN51+EB51+EP51+FD51) -> 0 | FS51: =SUM(G51+U51+AI51+AW51+BK51+BY51+CM51+DA51+DO51+EC51+EQ51+FE51) -> 0 | FT51: =SUM(H51+V51+AJ51+AX51+BL51+BZ51+CN51+DB51+DP51+ED51+ER51+FF51) -> 645 | FU51: =SUM(FP51:FT51) -> 6900 | FV51: =SUM(J51+X51+AL51+AZ51+BN51+CB51+CP51+DD51+DR51+EF51+ET51+FH51) -> 872 | FW51: =SUM(K51+Y51+AM51+BA51+BO51+CC51+CQ51+DE51+DS51+EG51+EU51+FI51) -> 665 | FX51: =SUM(L51+Z51+AN51+BB51+BP51+CD51+CR51+DF51+DT51+EH51+EV51+FJ51) -> 0 | FY51: =SUM(FV51:FX51) -> 1537
C52: أنثى | D52: 745 | E52: 10 | F52: 0 | G52: 0 | H52: 156 | I52: 911 | J52: 99 | K52: 78 | L52: 0 | M52: =SUM(J52:L52) -> 177 | Q52: أنثى | R52: 33 | S52: 4 | T52: 0 | U52: 0 | V52: 49 | W52: 86 | X52: 263 | Y52: 77 | Z52: 0 | AA52: =SUM(X52:Z52) -> 340 | AE52: أنثى | AF52: 752 | AG52: 74 | AH52: 0 | AI52: 0 | AJ52: 105 | AK52: 931 | AL52: 34 | AM52: 77 | AN52: 0 | AO52: =SUM(AL52:AN52) -> 111 | AS52: أنثى | AT52: 695 | AU52: 10 | AV52: 0 | AW52: 0 | AX52: 102 | AY52: 807 | AZ52: 69 | BA52: 171 | BB52: 0 | BC52: 240 | BG52: أنثى | BH52: 650 | BI52: 1 | BJ52: 0 | BK52: 0 | BL52: 67 | BM52: 718 | BN52: 80 | BO52: 65 | BP52: 0 | BQ52: =SUM(BN52:BP52) -> 145 | BU52: أنثى | BV52: 446 | BW52: 18 | BX52: 0 | BY52: 0 | BZ52: 33 | CA52: 497 | CB52: 62 | CC52: 80 | CD52: 0 | CE52: =SUM(CB52:CD52) -> 142 | CI52: أنثى | CJ52: 606 | CK52: 6 | CL52: 0 | CM52: 0 | CN52: 39 | CO52: 651 | CP52: 36 | CQ52: 77 | CR52: 0 | CS52: 113 | CW52: أنثى | CX52: 446 | CY52: 18 | CZ52: 0 | DA52: 0 | DB52: 33 | DC52: =SUM(CX52:DB52) -> 497 | DD52: 62 | DE52: 80 | DF52: 0 | DG52: =SUM(DD52:DF52) -> 142 | DK52: أنثى | DL52: 650 | DM52: 11 | DN52: 0 | DO52: 1 | DP52: 18 | DQ52: =SUM(DL52:DP52) -> 680 | DR52: 268 | DS52: 186 | DT52: 0 | DU52: =SUM(DR52:DT52) -> 454 | DY52: أنثى | DZ52: 32 | EA52: 0 | EB52: 0 | ED52: 108 | EE52: 140 | EF52: 64 | EG52: 78 | EH52: 0 | EI52: 142 | EM52: أنثى | EN52: 0 | EO52: 0 | EP52: 0 | EQ52: 0 | ER52: 0 | ES52: =SUM(EN52:ER52) -> 0 | ET52: 0 | EU52: 0 | EV52: 0 | EW52: =SUM(ET52:EV52) -> 0 | FA52: أنثى | FB52: 0 | FC52: 0 | FD52: 0 | FE52: 0 | FF52: 0 | FG52: =SUM(FB52:FF52) -> 0 | FH52: 0 | FI52: 0 | FJ52: 0 | FK52: =SUM(FH52:FJ52) -> 0 | FO52: أنثى | FP52: =SUM(D52+R52+AF52+AT52+BH52+BV52+CJ52+CX52+DL52+DZ52+EN52+FB52) -> 5055 | FQ52: =SUM(E52+S52+AG52+AU52+BI52+BW52+CK52+CY52+DM52+EA52+EO52+FC52) -> 152 | FR52: =SUM(F52+T52+AH52+AV52+BJ52+BX52+CL52+CZ52+DN52+EB52+EP52+FD52) -> 0 | FS52: =SUM(G52+U52+AI52+AW52+BK52+BY52+CM52+DA52+DO52+EC52+EQ52+FE52) -> 1 | FT52: =SUM(H52+V52+AJ52+AX52+BL52+BZ52+CN52+DB52+DP52+ED52+ER52+FF52) -> 710 | FU52: =SUM(FP52:FT52) -> 5918 | FV52: =SUM(J52+X52+AL52+AZ52+BN52+CB52+CP52+DD52+DR52+EF52+ET52+FH52) -> 1037 | FW52: =SUM(K52+Y52+AM52+BA52+BO52+CC52+CQ52+DE52+DS52+EG52+EU52+FI52) -> 969 | FX52: =SUM(L52+Z52+AN52+BB52+BP52+CD52+CR52+DF52+DT52+EH52+EV52+FJ52) -> 0 | FY52: =SUM(FV52:FX52) -> 2006
B53: مجموع غ.سعودي | D53: =SUM(D51:D52) -> 1512 | E53: =SUM(E51:E52) -> 51 | F53: =SUM(F51:F52) -> 0 | G53: =SUM(G51:G52) -> 0 | H53: =SUM(H51:H52) -> 298 | I53: =SUM(I51:I52) -> 1861 | J53: =SUM(J51:J52) -> 179 | K53: =SUM(K51:K52) -> 126 | ... M53: =SUM(M51:M52) -> 305 | P53: مجموع غ.سعودي | R53: =SUM(R51:R52) -> 64 | S53: =SUM(S51:S52) -> 41 | T53: =SUM(T51:T52) -> 0 | U53: 0 | V53: =SUM(V51:V52) -> 112 | W53: =SUM(W51:W52) -> 217 | X53: =SUM(X51:X52) -> 484 | Y53: =SUM(Y51:Y52) -> 130 | Z53: =SUM(Z51:Z52) -> 0 | AA53: =SUM(AA51:AA52) -> 614 | AD53: مجموع غ.سعودي | AF53: 2624 | AG53: 107 | AH53: 0 | AI53: 0 | AJ53: 204 | AK53: 2935 | AL53: 54 | AM53: 130 | AN53: 0 | AO53: =SUM(AO51:AO52) -> 184 | AR53: مجموع غ.سعودي | AT53: 1330 | AU53: 55 | AV53: 0 | AW53: 0 | AX53: 198 | AY53: 1583 | AZ53: 134 | BA53: 279 | BB53: 0 | BC53: 413 | BF53: مجموع غ.سعودي | BH53: =SUM(BH51:BH52) -> 1248 | BI53: =SUM(BI51:BI52) -> 5 | BJ53: =SUM(BJ51:BJ52) -> 0 | BK53: =SUM(BK51:BK52) -> 0 | BL53: =SUM(BL51:BL52) -> 112 | BM53: =SUM(BM51:BM52) -> 1365 | BN53: =SUM(BN51:BN52) -> 144 | BO53: =SUM(BO51:BO52) -> 120 | ... BQ53: =SUM(BQ51:BQ52) -> 264 | BT53: مجموع غ.سعودي | BV53: 859 | BW53: 51 | BX53: 0 | BY53: 0 | BZ53: 56 | CA53: 966 | CB53: 111 | CC53: 141 | CD53: 0 | CE53: =SUM(CE51:CE52) -> 252 | CH53: مجموع غ.سعودي | CJ53: 1195 | CK53: 39 | CL53: 0 | CM53: 0 | CN53: 74 | CO53: 1308 | CP53: 82 | CQ53: 130 | CR53: 0 | CS53: 212 | CV53: مجموع غ.سعودي | CX53: =SUM(CX51:CX52) -> 859 | CY53: =SUM(CY51:CY52) -> 51 | CZ53: =SUM(CZ51:CZ52) -> 0 | DA53: =SUM(DA51:DA52) -> 0 | DB53: =SUM(DB51:DB52) -> 56 | DC53: =SUM(DC51:DC52) -> 966 | DD53: =SUM(DD51:DD52) -> 111 | DE53: =SUM(DE51:DE52) -> 141 | ... DG53: =SUM(DG51:DG52) -> 252 | DJ53: مجموع غ.سعودي | DL53: =SUM(DL51:DL52) -> 1248 | DM53: =SUM(DM51:DM52) -> 22 | DN53: =SUM(DN51:DN52) -> 0 | DO53: =SUM(DO51:DO52) -> 1 | DP53: =SUM(DP51:DP52) -> 41 | DQ53: =SUM(DQ51:DQ52) -> 1312 | DR53: =SUM(DR51:DR52) -> 478 | DS53: =SUM(DS51:DS52) -> 300 | ... DU53: =SUM(DU51:DU52) -> 778 | DX53: مجموع غ.سعودي | DZ53: 62 | EA53: 39 | EB53: 0 | EC53: 0 | ED53: 204 | EE53: 305 | EF53: 132 | EG53: 137 | EH53: 0 | EI53: 269 | EL53: مجموع غ.سعودي | EN53: =SUM(EN51:EN52) -> 0 | EO53: =SUM(EO51:EO52) -> 0 | EP53: =SUM(EP51:EP52) -> 0 | EQ53: =SUM(EQ51:EQ52) -> 0 | ER53: =SUM(ER51:ER52) -> 0 | ES53: =SUM(ES51:ES52) -> 0 | ET53: =SUM(ET51:ET52) -> 0 | EU53: =SUM(EU51:EU52) -> 0 | ... EW53: =SUM(EW51:EW52) -> 0 | EZ53: مجموع غ.سعودي | FB53: =SUM(FB51:FB52) -> 0 | FC53: =SUM(FC51:FC52) -> 0 | FD53: =SUM(FD51:FD52) -> 0 | FE53: =SUM(FE51:FE52) -> 0 | FF53: =SUM(FF51:FF52) -> 0 | FG53: =SUM(FG51:FG52) -> 0 | FH53: =SUM(FH51:FH52) -> 0 | FI53: =SUM(FI51:FI52) -> 0 | ... FK53: =SUM(FK51:FK52) -> 0 | FN53: مجموع غ.سعودي | FP53: =SUM(FP51:FP52) -> 11001 | FQ53: =SUM(FQ51:FQ52) -> 461 | FR53: =SUM(FR51:FR52) -> 0 | FS53: =SUM(FS51:FS52) -> 1 | FT53: =SUM(FT51:FT52) -> 1355 | FU53: =SUM(FU51:FU52) -> 12818 | FV53: =SUM(FV51:FV52) -> 1909 | FW53: =SUM(FW51:FW52) -> 1634 | ... FY53: =SUM(FY51:FY52) -> 3543
A54: المجموع الكلي | D54: =SUM(D53+D50) -> 7226 | E54: =SUM(E53+E50) -> 967 | F54: =SUM(F53+F50) -> 381 | G54: =SUM(G53+G50) -> 15 | H54: =SUM(H53+H50) -> 1786 | I54: =SUM(I50+I53) -> 10375 | J54: =SUM(J53+J50) -> 1439 | K54: =SUM(K53+K50) -> 2407 | L54: =SUM(L53+L50) -> 0 | M54: =SUM(M53+M50) -> 3846 | O54: المجموع الكلي | R54: =SUM(R53+R50) -> 5661 | S54: =SUM(S53+S50) -> 276 | T54: =SUM(T53+T50) -> 527 | U54: =SUM(U53+U50) -> 63 | V54: =SUM(V53+V50) -> 298 | W54: =SUM(W50+W53) -> 6825 | X54: =SUM(X53+X50) -> 2447 | Y54: =SUM(Y53+Y50) -> 2775 | Z54: =SUM(Z53+Z50) -> 0 | AA54: =SUM(AA53+AA50) -> 5222 | AC54: المجموع الكلي | AF54: 8035 | AG54: 777 | AH54: 517 | AI54: 11 | AJ54: 1758 | AK54: 11098 | AL54: 1167 | AM54: 3275 | AN54: 0 | AO54: =SUM(AO53+AO50) -> 4442 | AQ54: المجموع الكلي | AT54: =SUM(AT53+AT50) -> 7536 | AU54: =SUM(AU53+AU50) -> 722 | AV54: =SUM(AV53+AV50) -> 691 | AW54: =SUM(AW53+AW50) -> 50 | AX54: =SUM(AX53+AX50) -> 1212 | AY54: =SUM(AY50+AY53) -> 10211 | AZ54: =SUM(AZ53+AZ50) -> 910 | BA54: =SUM(BA53+BA50) -> 1952 | BB54: =SUM(BB53+BB50) -> 0 | BC54: =SUM(BC53+BC50) -> 2862 | BE54: المجموع الكلي | BH54: =SUM(BH53+BH50) -> 7255 | BI54: =SUM(BI53+BI50) -> 406 | BJ54: =SUM(BJ53+BJ50) -> 472 | BK54: =SUM(BK53+BK50) -> 7 | BL54: =SUM(BL53+BL50) -> 1773 | BM54: =SUM(BM50+BM53) -> 9913 | BN54: =SUM(BN53+BN50) -> 1407 | BO54: =SUM(BO53+BO50) -> 2100 | BP54: =SUM(BP53+BP50) -> 0 | BQ54: =SUM(BQ53+BQ50) -> 3507 | BS54: المجموع الكلي | BV54: 3877 | BW54: 389 | BX54: 305 | BY54: 22 | BZ54: 587 | CA54: 5180 | CB54: 460 | CC54: 1503 | CD54: 0 | CE54: =SUM(CE53+CE50) -> 1963 | CG54: المجموع الكلي | CJ54: 6573 | CK54: 834 | CL54: 434 | CM54: 38 | CN54: 1506 | CO54: 9385 | CP54: 1295 | CQ54: 2775 | CR54: 0 | CS54: 4070 | CU54: المجموع الكلي | CX54: =SUM(CX53+CX50) -> 3877 | CY54: =SUM(CY53+CY50) -> 389 | CZ54: =SUM(CZ53+CZ50) -> 305 | DA54: =SUM(DA53+DA50) -> 22 | DB54: =SUM(DB53+DB50) -> 587 | DC54: =SUM(DC50+DC53) -> 5180 | DD54: =SUM(DD53+DD50) -> 460 | DE54: =SUM(DE53+DE50) -> 1503 | DF54: =SUM(DF53+DF50) -> 0 | DG54: =SUM(DG53+DG50) -> 1963 | DI54: المجموع الكلي | DL54: =SUM(DL53+DL50) -> 7255 | DM54: =SUM(DM53+DM50) -> 230 | DN54: =SUM(DN53+DN50) -> 329 | DO54: =SUM(DO53+DO50) -> 10 | DP54: =SUM(DP53+DP50) -> 1413 | DQ54: =SUM(DQ50+DQ53) -> 9237 | DR54: =SUM(DR53+DR50) -> 1566 | DS54: =SUM(DS53+DS50) -> 1615 | DT54: =SUM(DT53+DT50) -> 0 | DU54: =SUM(DU53+DU50) -> 3181 | DW54: المجموع الكلي | DZ54: 7156 | EA54: 856 | EB54: 456 | EC54: 9 | ED54: 1347 | EE54: 9824 | EF54: 1364 | EH54: 0 | EI54: 3668 | EK54: المجموع الكلي | EN54: =SUM(EN53+EN50) -> 0 | EO54: =SUM(EO53+EO50) -> 0 | EP54: =SUM(EP53+EP50) -> 0 | EQ54: =SUM(EQ53+EQ50) -> 0 | ER54: =SUM(ER53+ER50) -> 0 | ES54: =SUM(ES50+ES53) -> 0 | ET54: =SUM(ET53+ET50) -> 0 | EU54: =SUM(EU53+EU50) -> 0 | EV54: =SUM(EV53+EV50) -> 0 | EW54: =SUM(EW53+EW50) -> 0 | EY54: المجموع الكلي | FB54: =SUM(FB53+FB50) -> 0 | FC54: =SUM(FC53+FC50) -> 0 | FD54: =SUM(FD53+FD50) -> 0 | FE54: =SUM(FE53+FE50) -> 0 | FF54: =SUM(FF53+FF50) -> 0 | FG54: =SUM(FG50+FG53) -> 0 | FH54: =SUM(FH53+FH50) -> 0 | FI54: =SUM(FI53+FI50) -> 0 | FJ54: =SUM(FJ53+FJ50) -> 0 | FK54: =SUM(FK53+FK50) -> 0 | FM54: المجموع الكلي | FP54: =SUM(FP53+FP50) -> 64451 | FQ54: =SUM(FQ53+FQ50) -> 5846 | FR54: =SUM(FR53+FR50) -> 4417 | FS54: =SUM(FS53+FS50) -> 247 | FT54: =SUM(FT53+FT50) -> 12267 | FU54: =SUM(FU50+FU53) -> 87228 | FV54: =SUM(FV53+FV50) -> 12515 | FW54: =SUM(FW53+FW50) -> 22209 | FX54: =SUM(FX53+FX50) -> 0 | FY54: =SUM(FY53+FY50) -> 34724
A55: الواحة | B55: سعودي | C55: ذكر | D55: 3684 | E55: 1538 | F55: 0 | G55: 0 | H55: 180 | I55: 5402 | J55: 429 | K55: 600 | L55: 0 | M55: =SUM(J55:L55) -> 1029 | O55: الواحة | P55: سعودي | Q55: ذكر | R55: 3654 | S55: 93 | T55: 191 | U55: 0 | V55: 185 | W55: 4123 | X55: 250 | Y55: 2163 | Z55: 0 | AA55: =SUM(X55:Z55) -> 2413 | AC55: الواحة | AD55: سعودي | AE55: ذكر | AF55: 5920 | AG55: 131 | AH55: 241 | AI55: 0 | AJ55: 350 | AK55: 6642 | AL55: 652 | AM55: 765 | AN55: 0 | AO55: =SUM(AL55:AN55) -> 1417 | AQ55: الواحة | AR55: سعودي | AS55: ذكر | AT55: 3980 | AU55: 360 | AV55: 112 | AW55: 0 | AX55: 302 | AY55: 4754 | AZ55: 467 | BA55: 2163 | BB55: 0 | BC55: 2630 | BE55: الواحة | BF55: سعودي | BG55: ذكر | BH55: 3277 | BI55: 134 | BJ55: 301 | BK55: 0 | BL55: 261 | BM55: 3672 | BN55: 492 | BO55: 1153 | BP55: 0 | BQ55: =SUM(BN55:BP55) -> 1645 | BS55: الواحة | BT55: سعودي | BU55: ذكر | BV55: 4129 | BW55: 222 | BX55: 167 | BY55: 0 | BZ55: 298 | CA55: 4816 | CB55: 242 | CC55: 804 | CD55: 0 | CE55: =SUM(CB55:CD55) -> 1046 | CG55: الواحة | CH55: سعودي | CI55: ذكر | CJ55: 3544 | CK55: 1688 | CL55: 67 | CM55: 0 | CN55: 518 | CO55: 5817 | CP55: 468 | CQ55: 251 | CR55: 0 | CS55: 719 | CU55: الواحة | CV55: سعودي | CW55: ذكر | CX55: 4129 | CY55: 222 | CZ55: 167 | DA55: 0 | DB55: 298 | DC55: 4816 | DD55: 242 | DE55: 804 | DF55: 0 | DG55: =SUM(DD55:DF55) -> 1046 | DI55: الواحة | DJ55: سعودي | DK55: ذكر | DL55: 1240 | DM55: 145 | DN55: 0 | DO55: 0 | DP55: 127 | DQ55: =SUM(DL55:DP55) -> 1512 | DR55: 208 | DS55: 889 | DT55: 0 | DU55: =SUM(DR55:DT55) -> 1097 | DW55: الواحة | DX55: سعودي | DY55: ذكر | DZ55: 2656 | EA55: 81 | EB55: 189 | EC55: 0 | ED55: 155 | EE55: =SUM(DZ55:ED55) -> 3081 | EF55: 40 | EG55: 2163 | EH55: 0 | EI55: =SUM(EF55:EH55) -> 2203 | EK55: الواحة | EL55: سعودي | EM55: ذكر | EN55: 0 | EO55: 0 | EP55: 0 | EQ55: 0 | ER55: 0 | ES55: =SUM(EN55:ER55) -> 0 | ET55: 0 | EU55: 0 | EV55: 0 | EW55: =SUM(ET55:EV55) -> 0 | EY55: الواحة | EZ55: سعودي | FA55: ذكر | FB55: 0 | FC55: 0 | FD55: 0 | FE55: 0 | FF55: 0 | FG55: =SUM(FB55:FF55) -> 0 | FH55: 0 | FI55: 0 | FJ55: 0 | FK55: =SUM(FH55:FJ55) -> 0 | FM55: =EY55 -> الواحة | FN55: سعودي | FO55: ذكر | FP55: =SUM(D55+R55+AF55+AT55+BH55+BV55+CJ55+CX55+DL55+DZ55+EN55+FB55) -> 36213 | FQ55: =SUM(E55+S55+AG55+AU55+BI55+BW55+CK55+CY55+DM55+EA55+EO55+FC55) -> 4614 | FR55: =SUM(F55+T55+AH55+AV55+BJ55+BX55+CL55+CZ55+DN55+EB55+EP55+FD55) -> 1435 | FS55: =SUM(G55+U55+AI55+AW55+BK55+BY55+CM55+DA55+DO55+EC55+EQ55+FE55) -> 0 | FT55: =SUM(H55+V55+AJ55+AX55+BL55+BZ55+CN55+DB55+DP55+ED55+ER55+FF55) -> 2674 | FU55: =SUM(FP55:FT55) -> 44936 | FV55: =SUM(J55+X55+AL55+AZ55+BN55+CB55+CP55+DD55+DR55+EF55+ET55+FH55) -> 3490 | FW55: =SUM(K55+Y55+AM55+BA55+BO55+CC55+CQ55+DE55+DS55+EG55+EU55+FI55) -> 11755 | FX55: =SUM(L55+Z55+AN55+BB55+BP55+CD55+CR55+DF55+DT55+EH55+EV55+FJ55) -> 0 | FY55: =SUM(FV55:FX55) -> 15245
C56: أنثى | D56: 3324 | E56: 1430 | F56: 0 | G56: 25 | H56: 162 | I56: 4941 | J56: 419 | K56: 920 | L56: 0 | M56: =SUM(J56:L56) -> 1339 | Q56: أنثى | R56: 3106 | S56: 111 | T56: 280 | U56: 54 | V56: 186 | W56: 3737 | X56: 245 | Y56: 3443 | Z56: 0 | AA56: =SUM(X56:Z56) -> 3688 | AE56: أنثى | AF56: 4940 | AG56: 128 | AH56: 167 | AI56: 40 | AJ56: 315 | AK56: 5590 | AL56: 589 | AM56: 1591 | AN56: 0 | AO56: =SUM(AL56:AN56) -> 2180 | AS56: أنثى | AT56: 4261 | AU56: 340 | AV56: 199 | AW56: 77 | AX56: 273 | AY56: 5150 | AZ56: 455 | BA56: 3144 | BB56: 0 | BC56: 3599 | BG56: أنثى | BH56: 4532 | BI56: 125 | BJ56: 106 | BK56: 91 | BL56: 264 | BM56: 5012 | BN56: 561 | BO56: 1717 | BP56: 0 | BQ56: =SUM(BN56:BP56) -> 2278 | BU56: أنثى | BV56: 4102 | BW56: 318 | BX56: 241 | BY56: 25 | BZ56: 277 | CA56: 4963 | CB56: 213 | CC56: 1081 | CD56: 0 | CE56: =SUM(CB56:CD56) -> 1294 | CI56: أنثى | CJ56: 3005 | CK56: 1540 | CL56: 172 | CM56: 55 | CN56: 497 | CO56: 5269 | CP56: 350 | CQ56: 467 | CR56: 0 | CS56: 817 | CW56: أنثى | CX56: 4102 | CY56: 318 | CZ56: 241 | DA56: 25 | DB56: 277 | DC56: 4963 | DD56: 213 | DE56: 1081 | DF56: 0 | DG56: =SUM(DD56:DF56) -> 1294 | DK56: أنثى | DL56: 1573 | DM56: 137 | DN56: 0 | DO56: 3 | DP56: 107 | DQ56: =SUM(DL56:DP56) -> 1820 | DR56: 172 | DS56: 1416 | DT56: 0 | DU56: =SUM(DR56:DT56) -> 1588 | DY56: أنثى | DZ56: 3011 | EA56: 60 | EB56: 266 | EC56: 13 | ED56: 181 | EE56: =SUM(DZ56:ED56) -> 3531 | EF56: 15 | EG56: 3144 | EH56: 0 | EI56: =SUM(EF56:EH56) -> 3159 | EM56: أنثى | EN56: 0 | EO56: 0 | EP56: 0 | EQ56: 0 | ER56: 0 | ES56: =SUM(EN56:ER56) -> 0 | ET56: 0 | EU56: 0 | EV56: 0 | EW56: =SUM(ET56:EV56) -> 0 | FA56: أنثى | FB56: 0 | FC56: 0 | FD56: 0 | FE56: 0 | FF56: 0 | FG56: =SUM(FB56:FF56) -> 0 | FH56: 0 | FI56: 0 | FJ56: 0 | FK56: =SUM(FH56:FJ56) -> 0 | FO56: أنثى | FP56: =SUM(D56+R56+AF56+AT56+BH56+BV56+CJ56+CX56+DL56+DZ56+EN56+FB56) -> 35956 | FQ56: =SUM(E56+S56+AG56+AU56+BI56+BW56+CK56+CY56+DM56+EA56+EO56+FC56) -> 4507 | FR56: =SUM(F56+T56+AH56+AV56+BJ56+BX56+CL56+CZ56+DN56+EB56+EP56+FD56) -> 1672 | FS56: =SUM(G56+U56+AI56+AW56+BK56+BY56+CM56+DA56+DO56+EC56+EQ56+FE56) -> 408 | FT56: =SUM(H56+V56+AJ56+AX56+BL56+BZ56+CN56+DB56+DP56+ED56+ER56+FF56) -> 2539 | FU56: =SUM(FP56:FT56) -> 45082 | FV56: =SUM(J56+X56+AL56+AZ56+BN56+CB56+CP56+DD56+DR56+EF56+ET56+FH56) -> 3232 | FW56: =SUM(K56+Y56+AM56+BA56+BO56+CC56+CQ56+DE56+DS56+EG56+EU56+FI56) -> 18004 | FX56: =SUM(L56+Z56+AN56+BB56+BP56+CD56+CR56+DF56+DT56+EH56+EV56+FJ56) -> 0 | FY56: =SUM(FV56:FX56) -> 21236
B57: مجموع السعوديين | D57: 7008 | E57: 2968 | F57: 0 | G57: 25 | H57: 342 | I57: 10343 | J57: 848 | K57: 1520 | L57: 0 | M57: =SUM(M55:M56) -> 2368 | P57: مجموع السعوديين | R57: 6760 | S57: 204 | T57: 471 | U57: 54 | V57: 371 | W57: 7860 | X57: 495 | Y57: 5606 | Z57: 0 | AA57: =SUM(AA55:AA56) -> 6101 | AD57: مجموع السعوديين | AF57: 10860 | AG57: 259 | AH57: 408 | AI57: 40 | AJ57: 665 | AK57: 12232 | AL57: 1241 | AM57: 2356 | AN57: 0 | AO57: =SUM(AO55:AO56) -> 3597 | AR57: مجموع السعوديين | AT57: 8241 | AU57: 700 | AV57: 311 | AW57: 77 | AX57: 575 | AY57: 9904 | AZ57: 922 | BA57: 5307 | BB57: 0 | BC57: 6229 | BF57: مجموع السعوديين | BH57: 7809 | BI57: 259 | BJ57: 0 | BK57: 91 | BL57: 525 | BM57: 8684 | BN57: 1053 | BO57: 2870 | BP57: 0 | BQ57: =SUM(BQ55:BQ56) -> 3923 | BT57: مجموع السعوديين | BV57: 8231 | BW57: 540 | BX57: 408 | BY57: 25 | BZ57: 575 | CA57: 9779 | CB57: 455 | CC57: 1885 | CD57: 0 | CE57: =SUM(CE55:CE56) -> 2340 | CH57: مجموع السعوديين | CJ57: 6549 | CK57: 3228 | CL57: 239 | CM57: 55 | CN57: 1015 | CO57: 11086 | CP57: 818 | CQ57: 718 | CR57: 0 | CS57: 1536 | CV57: مجموع السعوديين | CX57: =SUM(CX55:CX56) -> 8231 | CY57: =SUM(CY55:CY56) -> 540 | CZ57: =SUM(CZ55:CZ56) -> 408 | DA57: =SUM(DA55:DA56) -> 25 | DB57: =SUM(DB55:DB56) -> 575 | DC57: =SUM(DC55:DC56) -> 9779 | DD57: =SUM(DD55:DD56) -> 455 | DE57: =SUM(DE55:DE56) -> 1885 | ... DG57: =SUM(DG55:DG56) -> 2340 | DJ57: مجموع السعوديين | DL57: =SUM(DL55:DL56) -> 2813 | DM57: =SUM(DM55:DM56) -> 282 | DN57: =SUM(DN55:DN56) -> 0 | DO57: =SUM(DO55:DO56) -> 3 | DP57: =SUM(DP55:DP56) -> 234 | DQ57: =SUM(DQ55:DQ56) -> 3332 | DR57: =SUM(DR55:DR56) -> 380 | DS57: =SUM(DS55:DS56) -> 2305 | ... DU57: =SUM(DU55:DU56) -> 2685 | DX57: مجموع السعوديين | DZ57: =SUM(DZ55:DZ56) -> 5667 | EA57: =SUM(EA55:EA56) -> 141 | EB57: =SUM(EB55:EB56) -> 455 | EC57: =SUM(EC55:EC56) -> 13 | ED57: =SUM(ED55:ED56) -> 336 | EE57: =SUM(EE55:EE56) -> 6612 | EF57: =SUM(EF55:EF56) -> 55 | EG57: =SUM(EG55:EG56) -> 5307 | ... EI57: =SUM(EI55:EI56) -> 5362 | EL57: مجموع السعوديين | EN57: =SUM(EN55:EN56) -> 0 | EO57: =SUM(EO55:EO56) -> 0 | EP57: =SUM(EP55:EP56) -> 0 | EQ57: =SUM(EQ55:EQ56) -> 0 | ER57: =SUM(ER55:ER56) -> 0 | ES57: =SUM(ES55:ES56) -> 0 | ET57: =SUM(ET55:ET56) -> 0 | EU57: =SUM(EU55:EU56) -> 0 | ... EW57: =SUM(EW55:EW56) -> 0 | EZ57: مجموع السعوديين | FB57: =SUM(FB55:FB56) -> 0 | FC57: =SUM(FC55:FC56) -> 0 | FD57: =SUM(FD55:FD56) -> 0 | FE57: =SUM(FE55:FE56) -> 0 | FF57: =SUM(FF55:FF56) -> 0 | FG57: =SUM(FG55:FG56) -> 0 | FH57: =SUM(FH55:FH56) -> 0 | FI57: =SUM(FI55:FI56) -> 0 | ... FK57: =SUM(FK55:FK56) -> 0 | FN57: مجموع السعوديين | FP57: =SUM(FP55:FP56) -> 72169 | FQ57: =SUM(FQ55:FQ56) -> 9121 | FR57: =SUM(FR55:FR56) -> 3107 | FS57: =SUM(FS55:FS56) -> 408 | FT57: =SUM(FT55:FT56) -> 5213 | FU57: =SUM(FU55:FU56) -> 90018 | FV57: =SUM(FV55:FV56) -> 6722 | FW57: =SUM(FW55:FW56) -> 29759 | ... FY57: =SUM(FY55:FY56) -> 36481
B58: غير سعودي | C58: ذكر | D58: 532 | E58: 167 | F58: 0 | G58: 0 | H58: 102 | I58: 801 | J58: 52 | K58: 105 | L58: 0 | M58: =SUM(J58:L58) -> 157 | P58: غير سعودي | Q58: ذكر | R58: 845 | S58: 33 | T58: 0 | U58: 0 | V58: 65 | W58: 943 | X58: 45 | Y58: 179 | Z58: 0 | AA58: =SUM(X58:Z58) -> 224 | AD58: غير سعودي | AE58: ذكر | AF58: 219 | AG58: 13 | AH58: 0 | AI58: 0 | AJ58: 179 | AK58: 411 | AL58: 78 | AM58: 72 | AN58: 0 | AO58: =SUM(AL58:AN58) -> 150 | AR58: غير سعودي | AS58: ذكر | AT58: 533 | AU58: 39 | AV58: 0 | AW58: 0 | AX58: 177 | AY58: 749 | AZ58: 120 | BA58: 245 | BB58: 0 | BC58: 365 | BF58: غير سعودي | BG58: ذكر | BH58: 542 | BI58: 17 | BJ58: 0 | BK58: 0 | BL58: 122 | BM58: 681 | BN58: 145 | BO58: 123 | BP58: 0 | BQ58: =SUM(BN58:BP58) -> 268 | BT58: غير سعودي | BU58: ذكر | BV58: 365 | BW58: 16 | BX58: 0 | BY58: 0 | BZ58: 132 | CA58: 513 | CB58: 45 | CC58: 123 | CD58: 0 | CE58: =SUM(CB58:CD58) -> 168 | CH58: غير سعودي | CI58: ذكر | CJ58: 999 | CK58: 200 | CL58: 0 | CM58: 0 | CN58: 272 | CO58: 1471 | CP58: 150 | CQ58: 37 | CR58: 0 | CS58: 187 | CV58: غير سعودي | CW58: ذكر | CX58: 365 | CY58: 16 | CZ58: 0 | DA58: 0 | DB58: 132 | DC58: 513 | DD58: 45 | DE58: 123 | DF58: 0 | DG58: =SUM(DD58:DF58) -> 168 | DJ58: غير سعودي | DK58: ذكر | DL58: 356 | DM58: 6 | DN58: 0 | DO58: 0 | DP58: 38 | DQ58: =SUM(DL58:DP58) -> 400 | DR58: 45 | DS58: 460 | DT58: 0 | DU58: =SUM(DR58:DT58) -> 505 | DX58: غير سعودي | DY58: ذكر | DZ58: 368 | EA58: 16 | EB58: 0 | EC58: 0 | ED58: 68 | EE58: =SUM(DZ58:ED58) -> 452 | EF58: 8 | EG58: 245 | EH58: 0 | EI58: =SUM(EF58:EH58) -> 253 | EL58: غير سعودي | EM58: ذكر | EN58: 0 | EO58: 0 | EP58: 0 | EQ58: 0 | ER58: 0 | ES58: =SUM(EN58:ER58) -> 0 | ET58: 0 | EU58: 0 | EV58: 0 | EW58: =SUM(ET58:EV58) -> 0 | EZ58: غير سعودي | FA58: ذكر | FB58: 0 | FC58: 0 | FD58: 0 | FE58: 0 | FF58: 0 | FG58: =SUM(FB58:FF58) -> 0 | FH58: 0 | FI58: 0 | FJ58: 0 | FK58: =SUM(FH58:FJ58) -> 0 | FN58: غير سعودي | FO58: ذكر | FP58: =SUM(D58+R58+AF58+AT58+BH58+BV58+CJ58+CX58+DL58+DZ58+EN58+FB58) -> 5124 | FQ58: =SUM(E58+S58+AG58+AU58+BI58+BW58+CK58+CY58+DM58+EA58+EO58+FC58) -> 523 | FR58: =SUM(F58+T58+AH58+AV58+BJ58+BX58+CL58+CZ58+DN58+EB58+EP58+FD58) -> 0 | FS58: =SUM(G58+U58+AI58+AW58+BK58+BY58+CM58+DA58+DO58+EC58+EQ58+FE58) -> 0 | FT58: =SUM(H58+V58+AJ58+AX58+BL58+BZ58+CN58+DB58+DP58+ED58+ER58+FF58) -> 1287 | FU58: =SUM(FP58:FT58) -> 6934 | FV58: =SUM(J58+X58+AL58+AZ58+BN58+CB58+CP58+DD58+DR58+EF58+ET58+FH58) -> 733 | FW58: =SUM(K58+Y58+AM58+BA58+BO58+CC58+CQ58+DE58+DS58+EG58+EU58+FI58) -> 1712 | FX58: =SUM(L58+Z58+AN58+BB58+BP58+CD58+CR58+DF58+DT58+EH58+EV58+FJ58) -> 0 | FY58: =SUM(FV58:FX58) -> 2445
C59: أنثى | D59: 495 | E59: 139 | F59: 0 | G59: 10 | H59: 88 | I59: 732 | J59: 53 | K59: 303 | L59: 0 | M59: =SUM(J59:L59) -> 356 | Q59: أنثى | R59: 612 | S59: 8 | T59: 0 | U59: 3 | V59: 57 | W59: 680 | X59: 41 | Y59: 376 | Z59: 0 | AA59: =SUM(X59:Z59) -> 417 | AE59: أنثى | AF59: 210 | AG59: 9 | AH59: 0 | AI59: 0 | AJ59: 196 | AK59: 415 | AL59: 86 | AM59: 149 | AN59: 0 | AO59: =SUM(AL59:AN59) -> 235 | AS59: أنثى | AT59: 377 | AU59: 37 | AV59: 0 | AW59: 9 | AX59: 154 | AY59: 577 | AZ59: 123 | BA59: 377 | BB59: 0 | BC59: 500 | BG59: أنثى | BH59: 356 | BI59: 12 | BJ59: 0 | BK59: 9 | BL59: 109 | BM59: 486 | BN59: 124 | BO59: 135 | BP59: 0 | BQ59: =SUM(BN59:BP59) -> 259 | BU59: أنثى | BV59: 371 | BW59: 13 | BX59: 0 | BY59: 1 | BZ59: 130 | CA59: 515 | CB59: 42 | CC59: 185 | CD59: 0 | CE59: =SUM(CB59:CD59) -> 227 | CI59: أنثى | CJ59: 725 | CK59: 273 | CL59: 0 | CM59: 30 | CN59: 209 | CO59: 1237 | CP59: 85 | CQ59: 80 | CR59: 0 | CS59: 165 | CW59: أنثى | CX59: 371 | CY59: 13 | CZ59: 0 | DA59: 1 | DB59: 130 | DC59: 515 | DD59: 42 | DE59: 185 | DF59: 0 | DG59: =SUM(DD59:DF59) -> 227 | DK59: أنثى | DL59: 438 | DM59: 8 | DN59: 0 | DO59: 0 | DP59: 18 | DQ59: =SUM(DL59:DP59) -> 464 | DR59: 37 | DS59: 830 | DT59: 0 | DU59: =SUM(DR59:DT59) -> 867 | DY59: أنثى | DZ59: 396 | EA59: 7 | EB59: 0 | EC59: 6 | ED59: 55 | EE59: =SUM(DZ59:ED59) -> 464 | EF59: 9 | EG59: 377 | EH59: 0 | EI59: =SUM(EF59:EH59) -> 386 | EM59: أنثى | EN59: 0 | EO59: 0 | EP59: 0 | EQ59: 0 | ER59: 0 | ES59: =SUM(EN59:ER59) -> 0 | ET59: 0 | EU59: 0 | EV59: 0 | EW59: =SUM(ET59:EV59) -> 0 | FA59: أنثى | FB59: 0 | FC59: 0 | FD59: 0 | FE59: 0 | FF59: 0 | FG59: =SUM(FB59:FF59) -> 0 | FH59: 0 | FI59: 0 | FJ59: 0 | FK59: =SUM(FH59:FJ59) -> 0 | FO59: أنثى | FP59: =SUM(D59+R59+AF59+AT59+BH59+BV59+CJ59+CX59+DL59+DZ59+EN59+FB59) -> 4351 | FQ59: =SUM(E59+S59+AG59+AU59+BI59+BW59+CK59+CY59+DM59+EA59+EO59+FC59) -> 519 | FR59: =SUM(F59+T59+AH59+AV59+BJ59+BX59+CL59+CZ59+DN59+EB59+EP59+FD59) -> 0 | FS59: =SUM(G59+U59+AI59+AW59+BK59+BY59+CM59+DA59+DO59+EC59+EQ59+FE59) -> 69 | FT59: =SUM(H59+V59+AJ59+AX59+BL59+BZ59+CN59+DB59+DP59+ED59+ER59+FF59) -> 1146 | FU59: =SUM(FP59:FT59) -> 6085 | FV59: =SUM(J59+X59+AL59+AZ59+BN59+CB59+CP59+DD59+DR59+EF59+ET59+FH59) -> 642 | FW59: =SUM(K59+Y59+AM59+BA59+BO59+CC59+CQ59+DE59+DS59+EG59+EU59+FI59) -> 2997 | FX59: =SUM(L59+Z59+AN59+BB59+BP59+CD59+CR59+DF59+DT59+EH59+EV59+FJ59) -> 0 | FY59: =SUM(FV59:FX59) -> 3639
B60: مجموع غ.سعودي | D60: =SUM(D58:D59) -> 1027 | E60: =SUM(E58:E59) -> 306 | F60: =SUM(F58:F59) -> 0 | G60: =SUM(G58:G59) -> 10 | H60: =SUM(H58:H59) -> 190 | I60: =SUM(I58:I59) -> 1533 | J60: =SUM(J58:J59) -> 105 | K60: =SUM(K58:K59) -> 408 | ... M60: =SUM(M58:M59) -> 513 | P60: مجموع غ.سعودي | R60: =SUM(R58:R59) -> 1457 | S60: =SUM(S58:S59) -> 41 | T60: =SUM(T58:T59) -> 0 | U60: =SUM(U58:U59) -> 3 | V60: =SUM(V58:V59) -> 122 | W60: =SUM(W58:W59) -> 1623 | X60: =SUM(X58:X59) -> 86 | Y60: =SUM(Y58:Y59) -> 555 | ... AA60: =SUM(AA58:AA59) -> 641 | AD60: مجموع غ.سعودي | AF60: 429 | AG60: 22 | AH60: 0 | AI60: 0 | AJ60: 375 | AK60: 826 | AL60: 164 | AM60: 221 | AN60: 0 | AO60: =SUM(AO58:AO59) -> 385 | AR60: مجموع غ.سعودي | AT60: =SUM(AT58:AT59) -> 910 | AU60: =SUM(AU58:AU59) -> 76 | AV60: =SUM(AV58:AV59) -> 0 | AW60: =SUM(AW58:AW59) -> 9 | AX60: =SUM(AX58:AX59) -> 331 | AY60: =SUM(AY58:AY59) -> 1326 | AZ60: =SUM(AZ58:AZ59) -> 243 | BA60: =SUM(BA58:BA59) -> 622 | ... BC60: =SUM(BC58:BC59) -> 865 | BF60: مجموع غ.سعودي | BH60: =SUM(BH58:BH59) -> 898 | BI60: =SUM(BI58:BI59) -> 29 | BJ60: =SUM(BJ55:BJ57) -> 407 | BK60: =SUM(BK58:BK59) -> 9 | BL60: =SUM(BL58:BL59) -> 231 | BM60: =SUM(BM58:BM59) -> 1167 | BN60: =SUM(BN58:BN59) -> 269 | BO60: =SUM(BO58:BO59) -> 258 | BP60: =SUM(BP58:BP59) -> 0 | BQ60: =SUM(BQ58:BQ59) -> 527 | BT60: مجموع غ.سعودي | BV60: 736 | BW60: 29 | BX60: 0 | BY60: 1 | BZ60: 262 | CA60: 1028 | CB60: 87 | CC60: 308 | CD60: 0 | CE60: =SUM(CE58:CE59) -> 395 | CH60: مجموع غ.سعودي | CJ60: 1724 | CK60: 473 | CL60: 0 | CM60: 30 | CN60: 481 | CO60: 2708 | CP60: 235 | CQ60: 117 | CR60: 0 | CS60: 352 | CV60: مجموع غ.سعودي | CX60: =SUM(CX58:CX59) -> 736 | CY60: =SUM(CY58:CY59) -> 29 | CZ60: =SUM(CZ58:CZ59) -> 0 | DA60: =SUM(DA58:DA59) -> 1 | DB60: =SUM(DB58:DB59) -> 262 | DC60: =SUM(DC58:DC59) -> 1028 | DD60: =SUM(DD58:DD59) -> 87 | DE60: =SUM(DE58:DE59) -> 308 | ... DG60: =SUM(DG58:DG59) -> 395 | DJ60: مجموع غ.سعودي | DL60: =SUM(DL58:DL59) -> 794 | DM60: =SUM(DM58:DM59) -> 14 | DN60: =SUM(DN58:DN59) -> 0 | DO60: =SUM(DO58:DO59) -> 0 | DP60: =SUM(DP58:DP59) -> 56 | DQ60: =SUM(DQ58:DQ59) -> 864 | DR60: =SUM(DR58:DR59) -> 82 | DS60: =SUM(DS58:DS59) -> 1290 | ... DU60: =SUM(DU58:DU59) -> 1372 | DX60: مجموع غ.سعودي | DZ60: =SUM(DZ58:DZ59) -> 764 | EA60: =SUM(EA58:EA59) -> 23 | EB60: =SUM(EB58:EB59) -> 0 | EC60: =SUM(EC58:EC59) -> 6 | ED60: =SUM(ED58:ED59) -> 123 | EE60: =SUM(EE58:EE59) -> 916 | EF60: =SUM(EF58:EF59) -> 17 | EG60: =SUM(EG58:EG59) -> 622 | ... EI60: =SUM(EI58:EI59) -> 639 | EL60: مجموع غ.سعودي | EN60: =SUM(EN58:EN59) -> 0 | EO60: =SUM(EO58:EO59) -> 0 | EP60: =SUM(EP58:EP59) -> 0 | EQ60: =SUM(EQ58:EQ59) -> 0 | ER60: =SUM(ER58:ER59) -> 0 | ES60: =SUM(ES58:ES59) -> 0 | ET60: =SUM(ET58:ET59) -> 0 | EU60: =SUM(EU58:EU59) -> 0 | ... EW60: =SUM(EW58:EW59) -> 0 | EZ60: مجموع غ.سعودي | FB60: =SUM(FB58:FB59) -> 0 | FC60: =SUM(FC58:FC59) -> 0 | FD60: =SUM(FD58:FD59) -> 0 | FE60: =SUM(FE58:FE59) -> 0 | FF60: =SUM(FF58:FF59) -> 0 | FG60: =SUM(FG58:FG59) -> 0 | FH60: =SUM(FH58:FH59) -> 0 | FI60: =SUM(FI58:FI59) -> 0 | ... FK60: =SUM(FK58:FK59) -> 0 | FN60: مجموع غ.سعودي | FP60: =SUM(FP58:FP59) -> 9475 | FQ60: =SUM(FQ58:FQ59) -> 1042 | FR60: =SUM(FR58:FR59) -> 0 | FS60: =SUM(FS58:FS59) -> 69 | FT60: =SUM(FT58:FT59) -> 2433 | FU60: =SUM(FU58:FU59) -> 13019 | FV60: =SUM(FV58:FV59) -> 1375 | FW60: =SUM(FW58:FW59) -> 4709 | ... FY60: =SUM(FY58:FY59) -> 6084
A61: المجموع الكلي | D61: =SUM(D60+D57) -> 8035 | E61: =SUM(E60+E57) -> 3274 | F61: =SUM(F60+F57) -> 0 | G61: =SUM(G60+G57) -> 35 | H61: =SUM(H60+H57) -> 532 | I61: =SUM(I57+I60) -> 11876 | J61: =SUM(J60+J57) -> 953 | K61: =SUM(K60+K57) -> 1928 | L61: =SUM(L60+L57) -> 0 | M61: =SUM(M60+M57) -> 2881 | O61: المجموع الكلي | R61: =SUM(R60+R57) -> 8217 | S61: =SUM(S60+S57) -> 245 | T61: =SUM(T60+T57) -> 471 | U61: =SUM(U60+U57) -> 57 | V61: =SUM(V60+V57) -> 493 | W61: =SUM(W57+W60) -> 9483 | X61: =SUM(X60+X57) -> 581 | Y61: =SUM(Y60+Y57) -> 6161 | Z61: =SUM(Z60+Z57) -> 0 | AA61: =SUM(AA60+AA57) -> 6742 | AC61: المجموع الكلي | AF61: =SUM(AF60+AF57) -> 11289 | AG61: =SUM(AG60+AG57) -> 281 | AH61: =SUM(AH60+AH57) -> 408 | AI61: =SUM(AI60+AI57) -> 40 | AJ61: =SUM(AJ60+AJ57) -> 1040 | AK61: =SUM(AK57+AK60) -> 13058 | AL61: =SUM(AL60+AL57) -> 1405 | AM61: =SUM(AM60+AM57) -> 2577 | AN61: =SUM(AN60+AN57) -> 0 | AO61: =SUM(AO60+AO57) -> 3982 | AQ61: المجموع الكلي | AT61: =SUM(AT60+AT57) -> 9151 | AU61: =SUM(AU60+AU57) -> 776 | AV61: =SUM(AV60+AV57) -> 311 | AW61: =SUM(AW60+AW57) -> 86 | AX61: =SUM(AX60+AX57) -> 906 | AY61: =SUM(AY57+AY60) -> 11230 | AZ61: =SUM(AZ60+AZ57) -> 1165 | BA61: =SUM(BA60+BA57) -> 5929 | BB61: =SUM(BB60+BB57) -> 0 | BC61: =SUM(BC60+BC57) -> 7094 | BE61: المجموع الكلي | BH61: =SUM(BH60+BH57) -> 8707 | BI61: =SUM(BI60+BI57) -> 288 | BJ61: =SUM(BJ60+BJ57) -> 407 | BK61: =SUM(BK60+BK57) -> 100 | BL61: =SUM(BL60+BL57) -> 756 | BM61: =SUM(BM57+BM60) -> 9851 | BN61: =SUM(BN60+BN57) -> 1322 | BO61: =SUM(BO60+BO57) -> 3128 | BP61: =SUM(BP60+BP57) -> 0 | BQ61: =SUM(BQ60+BQ57) -> 4450 | BS61: المجموع الكلي | BV61: 8967 | BW61: 569 | BX61: 408 | BY61: 26 | BZ61: 837 | CA61: 10807 | CB61: 542 | CC61: 2193 | CD61: 0 | CE61: =SUM(CE60+CE57) -> 2735 | CG61: المجموع الكلي | CJ61: 8273 | CK61: 3701 | CL61: 239 | CM61: 85 | CN61: 1496 | CO61: 13794 | CP61: 1053 | CQ61: 835 | CR61: 0 | CS61: 1888 | CU61: المجموع الكلي | CX61: =SUM(CX60+CX57) -> 8967 | CY61: =SUM(CY60+CY57) -> 569 | CZ61: =SUM(CZ60+CZ57) -> 408 | DA61: =SUM(DA60+DA57) -> 26 | DB61: =SUM(DB60+DB57) -> 837 | DC61: =SUM(DC57+DC60) -> 10807 | DD61: =SUM(DD60+DD57) -> 542 | DE61: =SUM(DE60+DE57) -> 2193 | DF61: =SUM(DF60+DF57) -> 0 | DG61: =SUM(DG60+DG57) -> 2735 | DI61: المجموع الكلي | DL61: =SUM(DL60+DL57) -> 3607 | DM61: =SUM(DM60+DM57) -> 296 | DN61: =SUM(DN60+DN57) -> 0 | DO61: =SUM(DO60+DO57) -> 3 | DP61: =SUM(DP60+DP57) -> 290 | DQ61: =SUM(DQ57+DQ60) -> 4196 | DR61: =SUM(DR60+DR57) -> 462 | DS61: =SUM(DS60+DS57) -> 3595 | DT61: =SUM(DT60+DT57) -> 0 | DU61: =SUM(DU60+DU57) -> 4057 | DW61: المجموع الكلي | DZ61: =SUM(DZ60+DZ57) -> 6431 | EA61: =SUM(EA60+EA57) -> 164 | EB61: =SUM(EB60+EB57) -> 455 | EC61: =SUM(EC60+EC57) -> 19 | ED61: =SUM(ED60+ED57) -> 459 | EE61: =SUM(EE57+EE60) -> 7528 | EF61: =SUM(EF60+EF57) -> 72 | EG61: =SUM(EG60+EG57) -> 5929 | EH61: =SUM(EH60+EH57) -> 0 | EI61: =SUM(EI60+EI57) -> 6001 | EK61: المجموع الكلي | EN61: =SUM(EN60+EN57) -> 0 | EO61: =SUM(EO60+EO57) -> 0 | EP61: =SUM(EP60+EP57) -> 0 | EQ61: =SUM(EQ60+EQ57) -> 0 | ER61: =SUM(ER60+ER57) -> 0 | ES61: =SUM(ES57+ES60) -> 0 | ET61: =SUM(ET60+ET57) -> 0 | EU61: =SUM(EU60+EU57) -> 0 | EV61: =SUM(EV60+EV57) -> 0 | EW61: =SUM(EW60+EW57) -> 0 | EY61: المجموع الكلي | FB61: =SUM(FB60+FB57) -> 0 | FC61: =SUM(FC60+FC57) -> 0 | FD61: =SUM(FD60+FD57) -> 0 | FE61: =SUM(FE60+FE57) -> 0 | FF61: =SUM(FF60+FF57) -> 0 | FG61: =SUM(FG57+FG60) -> 0 | FH61: =SUM(FH60+FH57) -> 0 | FI61: =SUM(FI60+FI57) -> 0 | FJ61: =SUM(FJ60+FJ57) -> 0 | FK61: =SUM(FK60+FK57) -> 0 | FM61: المجموع الكلي | FP61: =SUM(FP60+FP57) -> 81644 | FQ61: =SUM(FQ60+FQ57) -> 10163 | FR61: =SUM(FR60+FR57) -> 3107 | FS61: =SUM(FS60+FS57) -> 477 | FT61: =SUM(FT60+FT57) -> 7646 | FU61: =SUM(FU57+FU60) -> 103037 | FV61: =SUM(FV60+FV57) -> 8097 | FW61: =SUM(FW60+FW57) -> 34468 | FX61: =SUM(FX60+FX57) -> 0 | FY61: =SUM(FY60+FY57) -> 42565
A62: 0 | B62: سعودي | C62: ذكر | D62: 0 | E62: 0 | F62: 0 | G62: 0 | H62: 0 | I62: =SUM(D62:H62) -> 0 | J62: 0 | K62: 0 | L62: 0 | M62: =SUM(J62:L62) -> 0 | O62: 0 | P62: سعودي | Q62: ذكر | R62: 0 | S62: 0 | T62: 0 | U62: 0 | V62: 0 | W62: =SUM(R62:V62) -> 0 | X62: 0 | Y62: 0 | Z62: 0 | AA62: =SUM(X62:Z62) -> 0 | AC62: 0 | AD62: سعودي | AE62: ذكر | AF62: 0 | AG62: 0 | AH62: 0 | AI62: 0 | AJ62: 0 | AK62: =SUM(AF62:AJ62) -> 0 | AL62: 0 | AM62: 0 | AN62: 0 | AO62: =SUM(AL62:AN62) -> 0 | AQ62: 0 | AR62: سعودي | AS62: ذكر | AT62: 0 | AU62: 0 | AV62: 0 | AW62: 0 | AX62: 0 | AY62: =SUM(AT62:AX62) -> 0 | AZ62: 0 | BA62: 0 | BB62: 0 | BC62: =SUM(AZ62:BB62) -> 0 | BE62: 0 | BF62: سعودي | BG62: ذكر | BH62: 0 | BI62: 0 | BJ62: 0 | BK62: 0 | BL62: 0 | BM62: =SUM(BH62:BL62) -> 0 | BN62: 0 | BO62: 0 | BP62: 0 | BQ62: =SUM(BN62:BP62) -> 0 | BS62: 0 | BT62: سعودي | BU62: ذكر | BV62: 0 | BW62: 0 | BX62: 0 | BY62: 0 | BZ62: 0 | CA62: =SUM(BV62:BZ62) -> 0 | CB62: 0 | CC62: 0 | CD62: 0 | CE62: =SUM(CB62:CD62) -> 0 | CG62: 0 | CH62: سعودي | CI62: ذكر | CJ62: 0 | CK62: 0 | CL62: 0 | CM62: 0 | CN62: 0 | CO62: =SUM(CJ62:CN62) -> 0 | CP62: 0 | CQ62: 0 | CR62: 0 | CS62: =SUM(CP62:CR62) -> 0 | CU62: 0 | CV62: سعودي | CW62: ذكر | CX62: 0 | CY62: 0 | CZ62: 0 | DA62: 0 | DB62: 0 | DC62: =SUM(CX62:DB62) -> 0 | DD62: 0 | DE62: 0 | DF62: 0 | DG62: =SUM(DD62:DF62) -> 0 | DI62: 0 | DJ62: سعودي | DK62: ذكر | DL62: 0 | DM62: 0 | DN62: 0 | DO62: 0 | DP62: 0 | DQ62: =SUM(DL62:DP62) -> 0 | DR62: 0 | DS62: 0 | DT62: 0 | DU62: =SUM(DR62:DT62) -> 0 | DW62: 0 | DX62: سعودي | DY62: ذكر | DZ62: 0 | EA62: 0 | EB62: 0 | EC62: 0 | ED62: 0 | EE62: =SUM(DZ62:ED62) -> 0 | EF62: 0 | EG62: 0 | EH62: 0 | EI62: =SUM(EF62:EH62) -> 0 | EK62: 0 | EL62: سعودي | EM62: ذكر | EN62: 0 | EO62: 0 | EP62: 0 | EQ62: 0 | ER62: 0 | ES62: =SUM(EN62:ER62) -> 0 | ET62: 0 | EU62: 0 | EV62: 0 | EW62: =SUM(ET62:EV62) -> 0 | EY62: 0 | EZ62: سعودي | FA62: ذكر | FB62: 0 | FC62: 0 | FD62: 0 | FE62: 0 | FF62: 0 | FG62: =SUM(FB62:FF62) -> 0 | FH62: 0 | FI62: 0 | FJ62: 0 | FK62: =SUM(FH62:FJ62) -> 0 | FM62: =EY62 -> 0 | FN62: سعودي | FO62: ذكر | FP62: =SUM(D62+R62+AF62+AT62+BH62+BV62+CJ62+CX62+DL62+DZ62+EN62+FB62) -> 0 | FQ62: =SUM(E62+S62+AG62+AU62+BI62+BW62+CK62+CY62+DM62+EA62+EO62+FC62) -> 0 | FR62: =SUM(F62+T62+AH62+AV62+BJ62+BX62+CL62+CZ62+DN62+EB62+EP62+FD62) -> 0 | FS62: =SUM(G62+U62+AI62+AW62+BK62+BY62+CM62+DA62+DO62+EC62+EQ62+FE62) -> 0 | FT62: =SUM(H62+V62+AJ62+AX62+BL62+BZ62+CN62+DB62+DP62+ED62+ER62+FF62) -> 0 | FU62: =SUM(FP62:FT62) -> 0 | FV62: =SUM(J62+X62+AL62+AZ62+BN62+CB62+CP62+DD62+DR62+EF62+ET62+FH62) -> 0 | FW62: =SUM(K62+Y62+AM62+BA62+BO62+CC62+CQ62+DE62+DS62+EG62+EU62+FI62) -> 0 | FX62: =SUM(L62+Z62+AN62+BB62+BP62+CD62+CR62+DF62+DT62+EH62+EV62+FJ62) -> 0 | FY62: =SUM(FV62:FX62) -> 0
C63: أنثى | D63: 0 | E63: 0 | F63: 0 | G63: 0 | H63: 0 | I63: =SUM(D63:H63) -> 0 | J63: 0 | K63: 0 | L63: 0 | M63: =SUM(J63:L63) -> 0 | Q63: أنثى | R63: 0 | S63: 0 | T63: 0 | U63: 0 | V63: 0 | W63: =SUM(R63:V63) -> 0 | X63: 0 | Y63: 0 | Z63: 0 | AA63: =SUM(X63:Z63) -> 0 | AE63: أنثى | AF63: 0 | AG63: 0 | AH63: 0 | AI63: 0 | AJ63: 0 | AK63: =SUM(AF63:AJ63) -> 0 | AL63: 0 | AM63: 0 | AN63: 0 | AO63: =SUM(AL63:AN63) -> 0 | AS63: أنثى | AT63: 0 | AU63: 0 | AV63: 0 | AW63: 0 | AX63: 0 | AY63: =SUM(AT63:AX63) -> 0 | AZ63: 0 | BA63: 0 | BB63: 0 | BC63: =SUM(AZ63:BB63) -> 0 | BG63: أنثى | BH63: 0 | BI63: 0 | BJ63: 0 | BK63: 0 | BL63: 0 | BM63: =SUM(BH63:BL63) -> 0 | BN63: 0 | BO63: 0 | BP63: 0 | BQ63: =SUM(BN63:BP63) -> 0 | BU63: أنثى | BV63: 0 | BW63: 0 | BX63: 0 | BY63: 0 | BZ63: 0 | CA63: =SUM(BV63:BZ63) -> 0 | CB63: 0 | CC63: 0 | CD63: 0 | CE63: =SUM(CB63:CD63) -> 0 | CI63: أنثى | CJ63: 0 | CK63: 0 | CL63: 0 | CM63: 0 | CN63: 0 | CO63: =SUM(CJ63:CN63) -> 0 | CP63: 0 | CQ63: 0 | CR63: 0 | CS63: =SUM(CP63:CR63) -> 0 | CW63: أنثى | CX63: 0 | CY63: 0 | CZ63: 0 | DA63: 0 | DB63: 0 | DC63: =SUM(CX63:DB63) -> 0 | DD63: 0 | DE63: 0 | DF63: 0 | DG63: =SUM(DD63:DF63) -> 0 | DK63: أنثى | DL63: 0 | DM63: 0 | DN63: 0 | DO63: 0 | DP63: 0 | DQ63: =SUM(DL63:DP63) -> 0 | DR63: 0 | DS63: 0 | DT63: 0 | DU63: =SUM(DR63:DT63) -> 0 | DY63: أنثى | DZ63: 0 | EA63: 0 | EB63: 0 | EC63: 0 | ED63: 0 | EE63: =SUM(DZ63:ED63) -> 0 | EF63: 0 | EG63: 0 | EH63: 0 | EI63: =SUM(EF63:EH63) -> 0 | EM63: أنثى | EN63: 0 | EO63: 0 | EP63: 0 | EQ63: 0 | ER63: 0 | ES63: =SUM(EN63:ER63) -> 0 | ET63: 0 | EU63: 0 | EV63: 0 | EW63: =SUM(ET63:EV63) -> 0 | FA63: أنثى | FB63: 0 | FC63: 0 | FD63: 0 | FE63: 0 | FF63: 0 | FG63: =SUM(FB63:FF63) -> 0 | FH63: 0 | FI63: 0 | FJ63: 0 | FK63: =SUM(FH63:FJ63) -> 0 | FO63: أنثى | FP63: =SUM(D63+R63+AF63+AT63+BH63+BV63+CJ63+CX63+DL63+DZ63+EN63+FB63) -> 0 | FQ63: =SUM(E63+S63+AG63+AU63+BI63+BW63+CK63+CY63+DM63+EA63+EO63+FC63) -> 0 | FR63: =SUM(F63+T63+AH63+AV63+BJ63+BX63+CL63+CZ63+DN63+EB63+EP63+FD63) -> 0 | FS63: =SUM(G63+U63+AI63+AW63+BK63+BY63+CM63+DA63+DO63+EC63+EQ63+FE63) -> 0 | FT63: =SUM(H63+V63+AJ63+AX63+BL63+BZ63+CN63+DB63+DP63+ED63+ER63+FF63) -> 0 | FU63: =SUM(FP63:FT63) -> 0 | FV63: =SUM(J63+X63+AL63+AZ63+BN63+CB63+CP63+DD63+DR63+EF63+ET63+FH63) -> 0 | FW63: =SUM(K63+Y63+AM63+BA63+BO63+CC63+CQ63+DE63+DS63+EG63+EU63+FI63) -> 0 | FX63: =SUM(L63+Z63+AN63+BB63+BP63+CD63+CR63+DF63+DT63+EH63+EV63+FJ63) -> 0 | FY63: =SUM(FV63:FX63) -> 0
B64: مجموع السعوديين | D64: =SUM(D62:D63) -> 0 | E64: =SUM(E62:E63) -> 0 | F64: =SUM(F62:F63) -> 0 | G64: =SUM(G62:G63) -> 0 | H64: =SUM(H62:H63) -> 0 | I64: =SUM(I62:I63) -> 0 | J64: =SUM(J62:J63) -> 0 | K64: =SUM(K62:K63) -> 0 | ... M64: =SUM(M62:M63) -> 0 | P64: مجموع السعوديين | R64: =SUM(R62:R63) -> 0 | S64: =SUM(S62:S63) -> 0 | T64: =SUM(T62:T63) -> 0 | U64: =SUM(U62:U63) -> 0 | V64: =SUM(V62:V63) -> 0 | W64: =SUM(W62:W63) -> 0 | X64: =SUM(X62:X63) -> 0 | Y64: =SUM(Y62:Y63) -> 0 | ... AA64: =SUM(AA62:AA63) -> 0 | AD64: مجموع السعوديين | AF64: =SUM(AF62:AF63) -> 0 | AG64: =SUM(AG62:AG63) -> 0 | AH64: =SUM(AH62:AH63) -> 0 | AI64: =SUM(AI62:AI63) -> 0 | AJ64: =SUM(AJ62:AJ63) -> 0 | AK64: =SUM(AK62:AK63) -> 0 | AL64: =SUM(AL62:AL63) -> 0 | AM64: =SUM(AM62:AM63) -> 0 | ... AO64: =SUM(AO62:AO63) -> 0 | AR64: مجموع السعوديين | AT64: =SUM(AT62:AT63) -> 0 | AU64: =SUM(AU62:AU63) -> 0 | AV64: =SUM(AV62:AV63) -> 0 | AW64: =SUM(AW62:AW63) -> 0 | AX64: =SUM(AX62:AX63) -> 0 | AY64: =SUM(AY62:AY63) -> 0 | AZ64: =SUM(AZ62:AZ63) -> 0 | BA64: =SUM(BA62:BA63) -> 0 | ... BC64: =SUM(BC62:BC63) -> 0 | BF64: مجموع السعوديين | BH64: =SUM(BH62:BH63) -> 0 | BI64: =SUM(BI62:BI63) -> 0 | BJ64: =SUM(BJ62:BJ63) -> 0 | BK64: =SUM(BK62:BK63) -> 0 | BL64: =SUM(BL62:BL63) -> 0 | BM64: =SUM(BM62:BM63) -> 0 | BN64: =SUM(BN62:BN63) -> 0 | BO64: =SUM(BO62:BO63) -> 0 | ... BQ64: =SUM(BQ62:BQ63) -> 0 | BT64: مجموع السعوديين | BV64: =SUM(BV62:BV63) -> 0 | BW64: =SUM(BW62:BW63) -> 0 | BX64: =SUM(BX62:BX63) -> 0 | BY64: =SUM(BY62:BY63) -> 0 | BZ64: =SUM(BZ62:BZ63) -> 0 | CA64: =SUM(CA62:CA63) -> 0 | CB64: =SUM(CB62:CB63) -> 0 | CC64: =SUM(CC62:CC63) -> 0 | ... CE64: =SUM(CE62:CE63) -> 0 | CH64: مجموع السعوديين | CJ64: =SUM(CJ62:CJ63) -> 0 | CK64: =SUM(CK62:CK63) -> 0 | CL64: =SUM(CL62:CL63) -> 0 | CM64: =SUM(CM62:CM63) -> 0 | CN64: =SUM(CN62:CN63) -> 0 | CO64: =SUM(CO62:CO63) -> 0 | CP64: =SUM(CP62:CP63) -> 0 | CQ64: =SUM(CQ62:CQ63) -> 0 | ... CS64: =SUM(CS62:CS63) -> 0 | CV64: مجموع السعوديين | CX64: =SUM(CX62:CX63) -> 0 | CY64: =SUM(CY62:CY63) -> 0 | CZ64: =SUM(CZ62:CZ63) -> 0 | DA64: =SUM(DA62:DA63) -> 0 | DB64: =SUM(DB62:DB63) -> 0 | DC64: =SUM(DC62:DC63) -> 0 | DD64: =SUM(DD62:DD63) -> 0 | DE64: =SUM(DE62:DE63) -> 0 | ... DG64: =SUM(DG62:DG63) -> 0 | DJ64: مجموع السعوديين | DL64: =SUM(DL62:DL63) -> 0 | DM64: =SUM(DM62:DM63) -> 0 | DN64: =SUM(DN62:DN63) -> 0 | DO64: =SUM(DO62:DO63) -> 0 | DP64: =SUM(DP62:DP63) -> 0 | DQ64: =SUM(DQ62:DQ63) -> 0 | DR64: =SUM(DR62:DR63) -> 0 | DS64: =SUM(DS62:DS63) -> 0 | ... DU64: =SUM(DU62:DU63) -> 0 | DX64: مجموع السعوديين | DZ64: =SUM(DZ62:DZ63) -> 0 | EA64: =SUM(EA62:EA63) -> 0 | EB64: =SUM(EB62:EB63) -> 0 | EC64: =SUM(EC62:EC63) -> 0 | ED64: =SUM(ED62:ED63) -> 0 | EE64: =SUM(EE62:EE63) -> 0 | EF64: =SUM(EF62:EF63) -> 0 | EG64: =SUM(EG62:EG63) -> 0 | ... EI64: =SUM(EI62:EI63) -> 0 | EL64: مجموع السعوديين | EN64: =SUM(EN62:EN63) -> 0 | EO64: =SUM(EO62:EO63) -> 0 | EP64: =SUM(EP62:EP63) -> 0 | EQ64: =SUM(EQ62:EQ63) -> 0 | ER64: =SUM(ER62:ER63) -> 0 | ES64: =SUM(ES62:ES63) -> 0 | ET64: =SUM(ET62:ET63) -> 0 | EU64: =SUM(EU62:EU63) -> 0 | ... EW64: =SUM(EW62:EW63) -> 0 | EZ64: مجموع السعوديين | FB64: =SUM(FB62:FB63) -> 0 | FC64: =SUM(FC62:FC63) -> 0 | FD64: =SUM(FD62:FD63) -> 0 | FE64: =SUM(FE62:FE63) -> 0 | FF64: =SUM(FF62:FF63) -> 0 | FG64: =SUM(FG62:FG63) -> 0 | FH64: =SUM(FH62:FH63) -> 0 | FI64: =SUM(FI62:FI63) -> 0 | ... FK64: =SUM(FK62:FK63) -> 0 | FN64: مجموع السعوديين | FP64: =SUM(FP62:FP63) -> 0 | FQ64: =SUM(FQ62:FQ63) -> 0 | FR64: =SUM(FR62:FR63) -> 0 | FS64: =SUM(FS62:FS63) -> 0 | FT64: =SUM(FT62:FT63) -> 0 | FU64: =SUM(FU62:FU63) -> 0 | FV64: =SUM(FV62:FV63) -> 0 | FW64: =SUM(FW62:FW63) -> 0 | ... FY64: =SUM(FY62:FY63) -> 0
B65: غير سعودي | C65: ذكر | D65: 0 | E65: 0 | F65: 0 | G65: 0 | H65: 0 | I65: =SUM(D65:H65) -> 0 | J65: 0 | K65: 0 | L65: 0 | M65: =SUM(J65:L65) -> 0 | P65: غير سعودي | Q65: ذكر | R65: 0 | S65: 0 | T65: 0 | U65: 0 | V65: 0 | W65: =SUM(R65:V65) -> 0 | X65: 0 | Y65: 0 | Z65: 0 | AA65: =SUM(X65:Z65) -> 0 | AD65: غير سعودي | AE65: ذكر | AF65: 0 | AG65: 0 | AH65: 0 | AI65: 0 | AJ65: 0 | AK65: =SUM(AF65:AJ65) -> 0 | AL65: 0 | AM65: 0 | AN65: 0 | AO65: =SUM(AL65:AN65) -> 0 | AR65: غير سعودي | AS65: ذكر | AT65: 0 | AU65: 0 | AV65: 0 | AW65: 0 | AX65: 0 | AY65: =SUM(AT65:AX65) -> 0 | AZ65: 0 | BA65: 0 | BB65: 0 | BC65: =SUM(AZ65:BB65) -> 0 | BF65: غير سعودي | BG65: ذكر | BH65: 0 | BI65: 0 | BJ65: 0 | BK65: 0 | BL65: 0 | BM65: =SUM(BH65:BL65) -> 0 | BN65: 0 | BO65: 0 | BP65: 0 | BQ65: =SUM(BN65:BP65) -> 0 | BT65: غير سعودي | BU65: ذكر | BV65: 0 | BW65: 0 | BX65: 0 | BY65: 0 | BZ65: 0 | CA65: =SUM(BV65:BZ65) -> 0 | CB65: 0 | CC65: 0 | CD65: 0 | CE65: =SUM(CB65:CD65) -> 0 | CH65: غير سعودي | CI65: ذكر | CJ65: 0 | CK65: 0 | CL65: 0 | CM65: 0 | CN65: 0 | CO65: =SUM(CJ65:CN65) -> 0 | CP65: 0 | CQ65: 0 | CR65: 0 | CS65: =SUM(CP65:CR65) -> 0 | CV65: غير سعودي | CW65: ذكر | CX65: 0 | CY65: 0 | CZ65: 0 | DA65: 0 | DB65: 0 | DC65: =SUM(CX65:DB65) -> 0 | DD65: 0 | DE65: 0 | DF65: 0 | DG65: =SUM(DD65:DF65) -> 0 | DJ65: غير سعودي | DK65: ذكر | DL65: 0 | DM65: 0 | DN65: 0 | DO65: 0 | DP65: 0 | DQ65: =SUM(DL65:DP65) -> 0 | DR65: 0 | DS65: 0 | DT65: 0 | DU65: =SUM(DR65:DT65) -> 0 | DX65: غير سعودي | DY65: ذكر | DZ65: 0 | EA65: 0 | EB65: 0 | EC65: 0 | ED65: 0 | EE65: =SUM(DZ65:ED65) -> 0 | EF65: 0 | EG65: 0 | EH65: 0 | EI65: =SUM(EF65:EH65) -> 0 | EL65: غير سعودي | EM65: ذكر | EN65: 0 | EO65: 0 | EP65: 0 | EQ65: 0 | ER65: 0 | ES65: =SUM(EN65:ER65) -> 0 | ET65: 0 | EU65: 0 | EV65: 0 | EW65: =SUM(ET65:EV65) -> 0 | EZ65: غير سعودي | FA65: ذكر | FB65: 0 | FC65: 0 | FD65: 0 | FE65: 0 | FF65: 0 | FG65: =SUM(FB65:FF65) -> 0 | FH65: 0 | FI65: 0 | FJ65: 0 | FK65: =SUM(FH65:FJ65) -> 0 | FN65: غير سعودي | FO65: ذكر | FP65: =SUM(D65+R65+AF65+AT65+BH65+BV65+CJ65+CX65+DL65+DZ65+EN65+FB65) -> 0 | FQ65: =SUM(E65+S65+AG65+AU65+BI65+BW65+CK65+CY65+DM65+EA65+EO65+FC65) -> 0 | FR65: =SUM(F65+T65+AH65+AV65+BJ65+BX65+CL65+CZ65+DN65+EB65+EP65+FD65) -> 0 | FS65: =SUM(G65+U65+AI65+AW65+BK65+BY65+CM65+DA65+DO65+EC65+EQ65+FE65) -> 0 | FT65: =SUM(H65+V65+AJ65+AX65+BL65+BZ65+CN65+DB65+DP65+ED65+ER65+FF65) -> 0 | FU65: =SUM(FP65:FT65) -> 0 | FV65: =SUM(J65+X65+AL65+AZ65+BN65+CB65+CP65+DD65+DR65+EF65+ET65+FH65) -> 0 | FW65: =SUM(K65+Y65+AM65+BA65+BO65+CC65+CQ65+DE65+DS65+EG65+EU65+FI65) -> 0 | FX65: =SUM(L65+Z65+AN65+BB65+BP65+CD65+CR65+DF65+DT65+EH65+EV65+FJ65) -> 0 | FY65: =SUM(FV65:FX65) -> 0
C66: أنثى | D66: 0 | E66: 0 | F66: 0 | G66: 0 | H66: 0 | I66: =SUM(D66:H66) -> 0 | J66: 0 | K66: 0 | L66: 0 | M66: =SUM(J66:L66) -> 0 | Q66: أنثى | R66: 0 | S66: 0 | T66: 0 | U66: 0 | V66: 0 | W66: =SUM(R66:V66) -> 0 | X66: 0 | Y66: 0 | Z66: 0 | AA66: =SUM(X66:Z66) -> 0 | AE66: أنثى | AF66: 0 | AG66: 0 | AH66: 0 | AI66: 0 | AJ66: 0 | AK66: =SUM(AF66:AJ66) -> 0 | AL66: 0 | AM66: 0 | AN66: 0 | AO66: =SUM(AL66:AN66) -> 0 | AS66: أنثى | AT66: 0 | AU66: 0 | AV66: 0 | AW66: 0 | AX66: 0 | AY66: =SUM(AT66:AX66) -> 0 | AZ66: 0 | BA66: 0 | BB66: 0 | BC66: =SUM(AZ66:BB66) -> 0 | BG66: أنثى | BH66: 0 | BI66: 0 | BJ66: 0 | BK66: 0 | BL66: 0 | BM66: =SUM(BH66:BL66) -> 0 | BN66: 0 | BO66: 0 | BP66: 0 | BQ66: =SUM(BN66:BP66) -> 0 | BU66: أنثى | BV66: 0 | BW66: 0 | BX66: 0 | BY66: 0 | BZ66: 0 | CA66: =SUM(BV66:BZ66) -> 0 | CB66: 0 | CC66: 0 | CD66: 0 | CE66: =SUM(CB66:CD66) -> 0 | CI66: أنثى | CJ66: 0 | CK66: 0 | CL66: 0 | CM66: 0 | CN66: 0 | CO66: =SUM(CJ66:CN66) -> 0 | CP66: 0 | CQ66: 0 | CR66: 0 | CS66: =SUM(CP66:CR66) -> 0 | CW66: أنثى | CX66: 0 | CY66: 0 | CZ66: 0 | DA66: 0 | DB66: 0 | DC66: =SUM(CX66:DB66) -> 0 | DD66: 0 | DE66: 0 | DF66: 0 | DG66: =SUM(DD66:DF66) -> 0 | DK66: أنثى | DL66: 0 | DM66: 0 | DN66: 0 | DO66: 0 | DP66: 0 | DQ66: =SUM(DL66:DP66) -> 0 | DR66: 0 | DS66: 0 | DT66: 0 | DU66: =SUM(DR66:DT66) -> 0 | DY66: أنثى | DZ66: 0 | EA66: 0 | EB66: 0 | EC66: 0 | ED66: 0 | EE66: =SUM(DZ66:ED66) -> 0 | EF66: 0 | EG66: 0 | EH66: 0 | EI66: =SUM(EF66:EH66) -> 0 | EM66: أنثى | EN66: 0 | EO66: 0 | EP66: 0 | EQ66: 0 | ER66: 0 | ES66: =SUM(EN66:ER66) -> 0 | ET66: 0 | EU66: 0 | EV66: 0 | EW66: =SUM(ET66:EV66) -> 0 | FA66: أنثى | FB66: 0 | FC66: 0 | FD66: 0 | FE66: 0 | FF66: 0 | FG66: =SUM(FB66:FF66) -> 0 | FH66: 0 | FI66: 0 | FJ66: 0 | FK66: =SUM(FH66:FJ66) -> 0 | FO66: أنثى | FP66: =SUM(D66+R66+AF66+AT66+BH66+BV66+CJ66+CX66+DL66+DZ66+EN66+FB66) -> 0 | FQ66: =SUM(E66+S66+AG66+AU66+BI66+BW66+CK66+CY66+DM66+EA66+EO66+FC66) -> 0 | FR66: =SUM(F66+T66+AH66+AV66+BJ66+BX66+CL66+CZ66+DN66+EB66+EP66+FD66) -> 0 | FS66: =SUM(G66+U66+AI66+AW66+BK66+BY66+CM66+DA66+DO66+EC66+EQ66+FE66) -> 0 | FT66: =SUM(H66+V66+AJ66+AX66+BL66+BZ66+CN66+DB66+DP66+ED66+ER66+FF66) -> 0 | FU66: =SUM(FP66:FT66) -> 0 | FV66: =SUM(J66+X66+AL66+AZ66+BN66+CB66+CP66+DD66+DR66+EF66+ET66+FH66) -> 0 | FW66: =SUM(K66+Y66+AM66+BA66+BO66+CC66+CQ66+DE66+DS66+EG66+EU66+FI66) -> 0 | FX66: =SUM(L66+Z66+AN66+BB66+BP66+CD66+CR66+DF66+DT66+EH66+EV66+FJ66) -> 0 | FY66: =SUM(FV66:FX66) -> 0
B67: مجموع غ.سعودي | D67: =SUM(D65:D66) -> 0 | E67: =SUM(E65:E66) -> 0 | F67: =SUM(F65:F66) -> 0 | G67: =SUM(G65:G66) -> 0 | H67: =SUM(H65:H66) -> 0 | I67: =SUM(I65:I66) -> 0 | J67: =SUM(J65:J66) -> 0 | K67: =SUM(K65:K66) -> 0 | ... M67: =SUM(M65:M66) -> 0 | P67: مجموع غ.سعودي | R67: =SUM(R65:R66) -> 0 | S67: =SUM(S65:S66) -> 0 | T67: =SUM(T65:T66) -> 0 | U67: =SUM(U65:U66) -> 0 | V67: =SUM(V65:V66) -> 0 | W67: =SUM(W65:W66) -> 0 | X67: =SUM(X65:X66) -> 0 | Y67: =SUM(Y65:Y66) -> 0 | ... AA67: =SUM(AA65:AA66) -> 0 | AD67: مجموع غ.سعودي | AF67: =SUM(AF65:AF66) -> 0 | AG67: =SUM(AG65:AG66) -> 0 | AH67: =SUM(AH65:AH66) -> 0 | AI67: =SUM(AI65:AI66) -> 0 | AJ67: =SUM(AJ65:AJ66) -> 0 | AK67: =SUM(AK65:AK66) -> 0 | AL67: =SUM(AL65:AL66) -> 0 | AM67: =SUM(AM65:AM66) -> 0 | ... AO67: =SUM(AO65:AO66) -> 0 | AR67: مجموع غ.سعودي | AT67: =SUM(AT65:AT66) -> 0 | AU67: =SUM(AU65:AU66) -> 0 | AV67: =SUM(AV65:AV66) -> 0 | AW67: =SUM(AW65:AW66) -> 0 | AX67: =SUM(AX65:AX66) -> 0 | AY67: =SUM(AY65:AY66) -> 0 | AZ67: =SUM(AZ65:AZ66) -> 0 | BA67: =SUM(BA65:BA66) -> 0 | ... BC67: =SUM(BC65:BC66) -> 0 | BF67: مجموع غ.سعودي | BH67: =SUM(BH65:BH66) -> 0 | BI67: =SUM(BI65:BI66) -> 0 | BJ67: =SUM(BJ65:BJ66) -> 0 | BK67: =SUM(BK65:BK66) -> 0 | BL67: =SUM(BL65:BL66) -> 0 | BM67: =SUM(BM65:BM66) -> 0 | BN67: =SUM(BN65:BN66) -> 0 | BO67: =SUM(BO65:BO66) -> 0 | ... BQ67: =SUM(BQ65:BQ66) -> 0 | BT67: مجموع غ.سعودي | BV67: =SUM(BV65:BV66) -> 0 | BW67: =SUM(BW65:BW66) -> 0 | BX67: =SUM(BX65:BX66) -> 0 | BY67: =SUM(BY65:BY66) -> 0 | BZ67: =SUM(BZ65:BZ66) -> 0 | CA67: =SUM(CA65:CA66) -> 0 | CB67: =SUM(CB65:CB66) -> 0 | CC67: =SUM(CC65:CC66) -> 0 | ... CE67: =SUM(CE65:CE66) -> 0 | CH67: مجموع غ.سعودي | CJ67: =SUM(CJ65:CJ66) -> 0 | CK67: =SUM(CK65:CK66) -> 0 | CL67: =SUM(CL65:CL66) -> 0 | CM67: =SUM(CM65:CM66) -> 0 | CN67: =SUM(CN65:CN66) -> 0 | CO67: =SUM(CO65:CO66) -> 0 | CP67: =SUM(CP65:CP66) -> 0 | CQ67: =SUM(CQ65:CQ66) -> 0 | ... CS67: =SUM(CS65:CS66) -> 0 | CV67: مجموع غ.سعودي | CX67: =SUM(CX65:CX66) -> 0 | CY67: =SUM(CY65:CY66) -> 0 | CZ67: =SUM(CZ65:CZ66) -> 0 | DA67: =SUM(DA65:DA66) -> 0 | DB67: =SUM(DB65:DB66) -> 0 | DC67: =SUM(DC65:DC66) -> 0 | DD67: =SUM(DD65:DD66) -> 0 | DE67: =SUM(DE65:DE66) -> 0 | ... DG67: =SUM(DG65:DG66) -> 0 | DJ67: مجموع غ.سعودي | DL67: =SUM(DL65:DL66) -> 0 | DM67: =SUM(DM65:DM66) -> 0 | DN67: =SUM(DN65:DN66) -> 0 | DO67: =SUM(DO65:DO66) -> 0 | DP67: =SUM(DP65:DP66) -> 0 | DQ67: =SUM(DQ65:DQ66) -> 0 | DR67: =SUM(DR65:DR66) -> 0 | DS67: =SUM(DS65:DS66) -> 0 | ... DU67: =SUM(DU65:DU66) -> 0 | DX67: مجموع غ.سعودي | DZ67: =SUM(DZ65:DZ66) -> 0 | EA67: =SUM(EA65:EA66) -> 0 | EB67: =SUM(EB65:EB66) -> 0 | EC67: =SUM(EC65:EC66) -> 0 | ED67: =SUM(ED65:ED66) -> 0 | EE67: =SUM(EE65:EE66) -> 0 | EF67: =SUM(EF65:EF66) -> 0 | EG67: =SUM(EG65:EG66) -> 0 | ... EI67: =SUM(EI65:EI66) -> 0 | EL67: مجموع غ.سعودي | EN67: =SUM(EN65:EN66) -> 0 | EO67: =SUM(EO65:EO66) -> 0 | EP67: =SUM(EP65:EP66) -> 0 | EQ67: =SUM(EQ65:EQ66) -> 0 | ER67: =SUM(ER65:ER66) -> 0 | ES67: =SUM(ES65:ES66) -> 0 | ET67: =SUM(ET65:ET66) -> 0 | EU67: =SUM(EU65:EU66) -> 0 | ... EW67: =SUM(EW65:EW66) -> 0 | EZ67: مجموع غ.سعودي | FB67: =SUM(FB65:FB66) -> 0 | FC67: =SUM(FC65:FC66) -> 0 | FD67: =SUM(FD65:FD66) -> 0 | FE67: =SUM(FE65:FE66) -> 0 | FF67: =SUM(FF65:FF66) -> 0 | FG67: =SUM(FG65:FG66) -> 0 | FH67: =SUM(FH65:FH66) -> 0 | FI67: =SUM(FI65:FI66) -> 0 | ... FK67: =SUM(FK65:FK66) -> 0 | FN67: مجموع غ.سعودي | FP67: =SUM(FP65:FP66) -> 0 | FQ67: =SUM(FQ65:FQ66) -> 0 | FR67: =SUM(FR65:FR66) -> 0 | FS67: =SUM(FS65:FS66) -> 0 | FT67: =SUM(FT65:FT66) -> 0 | FU67: =SUM(FU65:FU66) -> 0 | FV67: =SUM(FV65:FV66) -> 0 | FW67: =SUM(FW65:FW66) -> 0 | ... FY67: =SUM(FY65:FY66) -> 0
A68: المجموع الكلي | D68: =SUM(D67+D64) -> 0 | E68: =SUM(E67+E64) -> 0 | F68: =SUM(F67+F64) -> 0 | G68: =SUM(G67+G64) -> 0 | H68: =SUM(H67+H64) -> 0 | I68: =SUM(I64+I67) -> 0 | J68: =SUM(J67+J64) -> 0 | K68: =SUM(K67+K64) -> 0 | L68: =SUM(L67+L64) -> 0 | M68: =SUM(M67+M64) -> 0 | O68: المجموع الكلي | R68: =SUM(R67+R64) -> 0 | S68: =SUM(S67+S64) -> 0 | T68: =SUM(T67+T64) -> 0 | U68: =SUM(U67+U64) -> 0 | V68: =SUM(V67+V64) -> 0 | W68: =SUM(W64+W67) -> 0 | X68: =SUM(X67+X64) -> 0 | Y68: =SUM(Y67+Y64) -> 0 | Z68: =SUM(Z67+Z64) -> 0 | AA68: =SUM(AA67+AA64) -> 0 | AC68: المجموع الكلي | AF68: =SUM(AF67+AF64) -> 0 | AG68: =SUM(AG67+AG64) -> 0 | AH68: =SUM(AH67+AH64) -> 0 | AI68: =SUM(AI67+AI64) -> 0 | AJ68: =SUM(AJ67+AJ64) -> 0 | AK68: =SUM(AK64+AK67) -> 0 | AL68: =SUM(AL67+AL64) -> 0 | AM68: =SUM(AM67+AM64) -> 0 | AN68: =SUM(AN67+AN64) -> 0 | AO68: =SUM(AO67+AO64) -> 0 | AQ68: المجموع الكلي | AT68: =SUM(AT67+AT64) -> 0 | AU68: =SUM(AU67+AU64) -> 0 | AV68: =SUM(AV67+AV64) -> 0 | AW68: =SUM(AW67+AW64) -> 0 | AX68: =SUM(AX67+AX64) -> 0 | AY68: =SUM(AY64+AY67) -> 0 | AZ68: =SUM(AZ67+AZ64) -> 0 | BA68: =SUM(BA67+BA64) -> 0 | BB68: =SUM(BB67+BB64) -> 0 | BC68: =SUM(BC67+BC64) -> 0 | BE68: المجموع الكلي | BH68: =SUM(BH67+BH64) -> 0 | BI68: =SUM(BI67+BI64) -> 0 | BJ68: =SUM(BJ67+BJ64) -> 0 | BK68: =SUM(BK67+BK64) -> 0 | BL68: =SUM(BL67+BL64) -> 0 | BM68: =SUM(BM64+BM67) -> 0 | BN68: =SUM(BN67+BN64) -> 0 | BO68: =SUM(BO67+BO64) -> 0 | BP68: =SUM(BP67+BP64) -> 0 | BQ68: =SUM(BQ67+BQ64) -> 0 | BS68: المجموع الكلي | BV68: =SUM(BV67+BV64) -> 0 | BW68: =SUM(BW67+BW64) -> 0 | BX68: =SUM(BX67+BX64) -> 0 | BY68: =SUM(BY67+BY64) -> 0 | BZ68: =SUM(BZ67+BZ64) -> 0 | CA68: =SUM(CA64+CA67) -> 0 | CB68: =SUM(CB67+CB64) -> 0 | CC68: =SUM(CC67+CC64) -> 0 | CD68: =SUM(CD67+CD64) -> 0 | CE68: =SUM(CE67+CE64) -> 0 | CG68: المجموع الكلي | CJ68: =SUM(CJ67+CJ64) -> 0 | CK68: =SUM(CK67+CK64) -> 0 | CL68: =SUM(CL67+CL64) -> 0 | CM68: =SUM(CM67+CM64) -> 0 | CN68: =SUM(CN67+CN64) -> 0 | CO68: =SUM(CO64+CO67) -> 0 | CP68: =SUM(CP67+CP64) -> 0 | CQ68: =SUM(CQ67+CQ64) -> 0 | CR68: =SUM(CR67+CR64) -> 0 | CS68: =SUM(CS67+CS64) -> 0 | CU68: المجموع الكلي | CX68: =SUM(CX67+CX64) -> 0 | CY68: =SUM(CY67+CY64) -> 0 | CZ68: =SUM(CZ67+CZ64) -> 0 | DA68: =SUM(DA67+DA64) -> 0 | DB68: =SUM(DB67+DB64) -> 0 | DC68: =SUM(DC64+DC67) -> 0 | DD68: =SUM(DD67+DD64) -> 0 | DE68: =SUM(DE67+DE64) -> 0 | DF68: =SUM(DF67+DF64) -> 0 | DG68: =SUM(DG67+DG64) -> 0 | DI68: المجموع الكلي | DL68: =SUM(DL67+DL64) -> 0 | DM68: =SUM(DM67+DM64) -> 0 | DN68: =SUM(DN67+DN64) -> 0 | DO68: =SUM(DO67+DO64) -> 0 | DP68: =SUM(DP67+DP64) -> 0 | DQ68: =SUM(DQ64+DQ67) -> 0 | DR68: =SUM(DR67+DR64) -> 0 | DS68: =SUM(DS67+DS64) -> 0 | DT68: =SUM(DT67+DT64) -> 0 | DU68: =SUM(DU67+DU64) -> 0 | DW68: المجموع الكلي | DZ68: =SUM(DZ67+DZ64) -> 0 | EA68: =SUM(EA67+EA64) -> 0 | EB68: =SUM(EB67+EB64) -> 0 | EC68: =SUM(EC67+EC64) -> 0 | ED68: =SUM(ED67+ED64) -> 0 | EE68: =SUM(EE64+EE67) -> 0 | EF68: =SUM(EF67+EF64) -> 0 | EG68: =SUM(EG67+EG64) -> 0 | EH68: =SUM(EH67+EH64) -> 0 | EI68: =SUM(EI67+EI64) -> 0 | EK68: المجموع الكلي | EN68: =SUM(EN67+EN64) -> 0 | EO68: =SUM(EO67+EO64) -> 0 | EP68: =SUM(EP67+EP64) -> 0 | EQ68: =SUM(EQ67+EQ64) -> 0 | ER68: =SUM(ER67+ER64) -> 0 | ES68: =SUM(ES64+ES67) -> 0 | ET68: =SUM(ET67+ET64) -> 0 | EU68: =SUM(EU67+EU64) -> 0 | EV68: =SUM(EV67+EV64) -> 0 | EW68: =SUM(EW67+EW64) -> 0 | EY68: المجموع الكلي | FB68: =SUM(FB67+FB64) -> 0 | FC68: =SUM(FC67+FC64) -> 0 | FD68: =SUM(FD67+FD64) -> 0 | FE68: =SUM(FE67+FE64) -> 0 | FF68: =SUM(FF67+FF64) -> 0 | FG68: =SUM(FG64+FG67) -> 0 | FH68: =SUM(FH67+FH64) -> 0 | FI68: =SUM(FI67+FI64) -> 0 | FJ68: =SUM(FJ67+FJ64) -> 0 | FK68: =SUM(FK67+FK64) -> 0 | FM68: المجموع الكلي | FP68: =SUM(FP67+FP64) -> 0 | FQ68: =SUM(FQ67+FQ64) -> 0 | FR68: =SUM(FR67+FR64) -> 0 | FS68: =SUM(FS67+FS64) -> 0 | FT68: =SUM(FT67+FT64) -> 0 | FU68: =SUM(FU64+FU67) -> 0 | FV68: =SUM(FV67+FV64) -> 0 | FW68: =SUM(FW67+FW64) -> 0 | FX68: =SUM(FX67+FX64) -> 0 | FY68: =SUM(FY67+FY64) -> 0
A69: 0 | B69: سعودي | C69: ذكر | D69: 0 | E69: 0 | F69: 0 | G69: 0 | H69: 0 | I69: =SUM(D69:H69) -> 0 | J69: 0 | K69: 0 | L69: 0 | M69: =SUM(J69:L69) -> 0 | O69: 0 | P69: سعودي | Q69: ذكر | R69: 0 | S69: 0 | T69: 0 | U69: 0 | V69: 0 | W69: =SUM(R69:V69) -> 0 | X69: 0 | Y69: 0 | Z69: 0 | AA69: =SUM(X69:Z69) -> 0 | AC69: 0 | AD69: سعودي | AE69: ذكر | AF69: 0 | AG69: 0 | AH69: 0 | AI69: 0 | AJ69: 0 | AK69: =SUM(AF69:AJ69) -> 0 | AL69: 0 | AM69: 0 | AN69: 0 | AO69: =SUM(AL69:AN69) -> 0 | AQ69: 0 | AR69: سعودي | AS69: ذكر | AT69: 0 | AU69: 0 | AV69: 0 | AW69: 0 | AX69: 0 | AY69: =SUM(AT69:AX69) -> 0 | AZ69: 0 | BA69: 0 | BB69: 0 | BC69: =SUM(AZ69:BB69) -> 0 | BE69: 0 | BF69: سعودي | BG69: ذكر | BH69: 0 | BI69: 0 | BJ69: 0 | BK69: 0 | BL69: 0 | BM69: =SUM(BH69:BL69) -> 0 | BN69: 0 | BO69: 0 | BP69: 0 | BQ69: =SUM(BN69:BP69) -> 0 | BS69: 0 | BT69: سعودي | BU69: ذكر | BV69: 0 | BW69: 0 | BX69: 0 | BY69: 0 | BZ69: 0 | CA69: =SUM(BV69:BZ69) -> 0 | CB69: 0 | CC69: 0 | CD69: 0 | CE69: =SUM(CB69:CD69) -> 0 | CG69: 0 | CH69: سعودي | CI69: ذكر | CJ69: 0 | CK69: 0 | CL69: 0 | CM69: 0 | CN69: 0 | CO69: =SUM(CJ69:CN69) -> 0 | CP69: 0 | CQ69: 0 | CR69: 0 | CS69: =SUM(CP69:CR69) -> 0 | CU69: 0 | CV69: سعودي | CW69: ذكر | CX69: 0 | CY69: 0 | CZ69: 0 | DA69: 0 | DB69: 0 | DC69: =SUM(CX69:DB69) -> 0 | DD69: 0 | DE69: 0 | DF69: 0 | DG69: =SUM(DD69:DF69) -> 0 | DI69: 0 | DJ69: سعودي | DK69: ذكر | DL69: 0 | DM69: 0 | DN69: 0 | DO69: 0 | DP69: 0 | DQ69: =SUM(DL69:DP69) -> 0 | DR69: 0 | DS69: 0 | DT69: 0 | DU69: =SUM(DR69:DT69) -> 0 | DW69: 0 | DX69: سعودي | DY69: ذكر | DZ69: 0 | EA69: 0 | EB69: 0 | EC69: 0 | ED69: 0 | EE69: =SUM(DZ69:ED69) -> 0 | EF69: 0 | EG69: 0 | EH69: 0 | EI69: =SUM(EF69:EH69) -> 0 | EK69: 0 | EL69: سعودي | EM69: ذكر | EN69: 0 | EO69: 0 | EP69: 0 | EQ69: 0 | ER69: 0 | ES69: =SUM(EN69:ER69) -> 0 | ET69: 0 | EU69: 0 | EV69: 0 | EW69: =SUM(ET69:EV69) -> 0 | EY69: 0 | EZ69: سعودي | FA69: ذكر | FB69: 0 | FC69: 0 | FD69: 0 | FE69: 0 | FF69: 0 | FG69: =SUM(FB69:FF69) -> 0 | FH69: 0 | FI69: 0 | FJ69: 0 | FK69: =SUM(FH69:FJ69) -> 0 | FM69: =EY69 -> 0 | FN69: سعودي | FO69: ذكر | FP69: =SUM(D69+R69+AF69+AT69+BH69+BV69+CJ69+CX69+DL69+DZ69+EN69+FB69) -> 0 | FQ69: =SUM(E69+S69+AG69+AU69+BI69+BW69+CK69+CY69+DM69+EA69+EO69+FC69) -> 0 | FR69: =SUM(F69+T69+AH69+AV69+BJ69+BX69+CL69+CZ69+DN69+EB69+EP69+FD69) -> 0 | FS69: =SUM(G69+U69+AI69+AW69+BK69+BY69+CM69+DA69+DO69+EC69+EQ69+FE69) -> 0 | FT69: =SUM(H69+V69+AJ69+AX69+BL69+BZ69+CN69+DB69+DP69+ED69+ER69+FF69) -> 0 | FU69: =SUM(FP69:FT69) -> 0 | FV69: =SUM(J69+X69+AL69+AZ69+BN69+CB69+CP69+DD69+DR69+EF69+ET69+FH69) -> 0 | FW69: =SUM(K69+Y69+AM69+BA69+BO69+CC69+CQ69+DE69+DS69+EG69+EU69+FI69) -> 0 | FX69: =SUM(L69+Z69+AN69+BB69+BP69+CD69+CR69+DF69+DT69+EH69+EV69+FJ69) -> 0 | FY69: =SUM(FV69:FX69) -> 0
C70: أنثى | D70: 0 | E70: 0 | F70: 0 | G70: 0 | H70: 0 | I70: =SUM(D70:H70) -> 0 | J70: 0 | K70: 0 | L70: 0 | M70: =SUM(J70:L70) -> 0 | Q70: أنثى | R70: 0 | S70: 0 | T70: 0 | U70: 0 | V70: 0 | W70: =SUM(R70:V70) -> 0 | X70: 0 | Y70: 0 | Z70: 0 | AA70: =SUM(X70:Z70) -> 0 | AE70: أنثى | AF70: 0 | AG70: 0 | AH70: 0 | AI70: 0 | AJ70: 0 | AK70: =SUM(AF70:AJ70) -> 0 | AL70: 0 | AM70: 0 | AN70: 0 | AO70: =SUM(AL70:AN70) -> 0 | AS70: أنثى | AT70: 0 | AU70: 0 | AV70: 0 | AW70: 0 | AX70: 0 | AY70: =SUM(AT70:AX70) -> 0 | AZ70: 0 | BA70: 0 | BB70: 0 | BC70: =SUM(AZ70:BB70) -> 0 | BG70: أنثى | BH70: 0 | BI70: 0 | BJ70: 0 | BK70: 0 | BL70: 0 | BM70: =SUM(BH70:BL70) -> 0 | BN70: 0 | BO70: 0 | BP70: 0 | BQ70: =SUM(BN70:BP70) -> 0 | BU70: أنثى | BV70: 0 | BW70: 0 | BX70: 0 | BY70: 0 | BZ70: 0 | CA70: =SUM(BV70:BZ70) -> 0 | CB70: 0 | CC70: 0 | CD70: 0 | CE70: =SUM(CB70:CD70) -> 0 | CI70: أنثى | CJ70: 0 | CK70: 0 | CL70: 0 | CM70: 0 | CN70: 0 | CO70: =SUM(CJ70:CN70) -> 0 | CP70: 0 | CQ70: 0 | CR70: 0 | CS70: =SUM(CP70:CR70) -> 0 | CW70: أنثى | CX70: 0 | CY70: 0 | CZ70: 0 | DA70: 0 | DB70: 0 | DC70: =SUM(CX70:DB70) -> 0 | DD70: 0 | DE70: 0 | DF70: 0 | DG70: =SUM(DD70:DF70) -> 0 | DK70: أنثى | DL70: 0 | DM70: 0 | DN70: 0 | DO70: 0 | DP70: 0 | DQ70: =SUM(DL70:DP70) -> 0 | DR70: 0 | DS70: 0 | DT70: 0 | DU70: =SUM(DR70:DT70) -> 0 | DY70: أنثى | DZ70: 0 | EA70: 0 | EB70: 0 | EC70: 0 | ED70: 0 | EE70: =SUM(DZ70:ED70) -> 0 | EF70: 0 | EG70: 0 | EH70: 0 | EI70: =SUM(EF70:EH70) -> 0 | EM70: أنثى | EN70: 0 | EO70: 0 | EP70: 0 | EQ70: 0 | ER70: 0 | ES70: =SUM(EN70:ER70) -> 0 | ET70: 0 | EU70: 0 | EV70: 0 | EW70: =SUM(ET70:EV70) -> 0 | FA70: أنثى | FB70: 0 | FC70: 0 | FD70: 0 | FE70: 0 | FF70: 0 | FG70: =SUM(FB70:FF70) -> 0 | FH70: 0 | FI70: 0 | FJ70: 0 | FK70: =SUM(FH70:FJ70) -> 0 | FO70: أنثى | FP70: =SUM(D70+R70+AF70+AT70+BH70+BV70+CJ70+CX70+DL70+DZ70+EN70+FB70) -> 0 | FQ70: =SUM(E70+S70+AG70+AU70+BI70+BW70+CK70+CY70+DM70+EA70+EO70+FC70) -> 0 | FR70: =SUM(F70+T70+AH70+AV70+BJ70+BX70+CL70+CZ70+DN70+EB70+EP70+FD70) -> 0 | FS70: =SUM(G70+U70+AI70+AW70+BK70+BY70+CM70+DA70+DO70+EC70+EQ70+FE70) -> 0 | FT70: =SUM(H70+V70+AJ70+AX70+BL70+BZ70+CN70+DB70+DP70+ED70+ER70+FF70) -> 0 | FU70: =SUM(FP70:FT70) -> 0 | FV70: =SUM(J70+X70+AL70+AZ70+BN70+CB70+CP70+DD70+DR70+EF70+ET70+FH70) -> 0 | FW70: =SUM(K70+Y70+AM70+BA70+BO70+CC70+CQ70+DE70+DS70+EG70+EU70+FI70) -> 0 | FX70: =SUM(L70+Z70+AN70+BB70+BP70+CD70+CR70+DF70+DT70+EH70+EV70+FJ70) -> 0 | FY70: =SUM(FV70:FX70) -> 0
B71: مجموع السعوديين | D71: =SUM(D69:D70) -> 0 | E71: =SUM(E69:E70) -> 0 | F71: =SUM(F69:F70) -> 0 | G71: =SUM(G69:G70) -> 0 | H71: =SUM(H69:H70) -> 0 | I71: =SUM(I69:I70) -> 0 | J71: =SUM(J69:J70) -> 0 | K71: =SUM(K69:K70) -> 0 | ... M71: =SUM(M69:M70) -> 0 | P71: مجموع السعوديين | R71: =SUM(R69:R70) -> 0 | S71: =SUM(S69:S70) -> 0 | T71: =SUM(T69:T70) -> 0 | U71: =SUM(U69:U70) -> 0 | V71: =SUM(V69:V70) -> 0 | W71: =SUM(W69:W70) -> 0 | X71: =SUM(X69:X70) -> 0 | Y71: =SUM(Y69:Y70) -> 0 | ... AA71: =SUM(AA69:AA70) -> 0 | AD71: مجموع السعوديين | AF71: =SUM(AF69:AF70) -> 0 | AG71: =SUM(AG69:AG70) -> 0 | AH71: =SUM(AH69:AH70) -> 0 | AI71: =SUM(AI69:AI70) -> 0 | AJ71: =SUM(AJ69:AJ70) -> 0 | AK71: =SUM(AK69:AK70) -> 0 | AL71: =SUM(AL69:AL70) -> 0 | AM71: =SUM(AM69:AM70) -> 0 | ... AO71: =SUM(AO69:AO70) -> 0 | AR71: مجموع السعوديين | AT71: =SUM(AT69:AT70) -> 0 | AU71: =SUM(AU69:AU70) -> 0 | AV71: =SUM(AV69:AV70) -> 0 | AW71: =SUM(AW69:AW70) -> 0 | AX71: =SUM(AX69:AX70) -> 0 | AY71: =SUM(AY69:AY70) -> 0 | AZ71: =SUM(AZ69:AZ70) -> 0 | BA71: =SUM(BA69:BA70) -> 0 | ... BC71: =SUM(BC69:BC70) -> 0 | BF71: مجموع السعوديين | BH71: =SUM(BH69:BH70) -> 0 | BI71: =SUM(BI69:BI70) -> 0 | BJ71: =SUM(BJ69:BJ70) -> 0 | BK71: =SUM(BK69:BK70) -> 0 | BL71: =SUM(BL69:BL70) -> 0 | BM71: =SUM(BM69:BM70) -> 0 | BN71: =SUM(BN69:BN70) -> 0 | BO71: =SUM(BO69:BO70) -> 0 | ... BQ71: =SUM(BQ69:BQ70) -> 0 | BT71: مجموع السعوديين | BV71: =SUM(BV69:BV70) -> 0 | BW71: =SUM(BW69:BW70) -> 0 | BX71: =SUM(BX69:BX70) -> 0 | BY71: =SUM(BY69:BY70) -> 0 | BZ71: =SUM(BZ69:BZ70) -> 0 | CA71: =SUM(CA69:CA70) -> 0 | CB71: =SUM(CB69:CB70) -> 0 | CC71: =SUM(CC69:CC70) -> 0 | ... CE71: =SUM(CE69:CE70) -> 0 | CH71: مجموع السعوديين | CJ71: =SUM(CJ69:CJ70) -> 0 | CK71: =SUM(CK69:CK70) -> 0 | CL71: =SUM(CL69:CL70) -> 0 | CM71: =SUM(CM69:CM70) -> 0 | CN71: =SUM(CN69:CN70) -> 0 | CO71: =SUM(CO69:CO70) -> 0 | CP71: =SUM(CP69:CP70) -> 0 | CQ71: =SUM(CQ69:CQ70) -> 0 | ... CS71: =SUM(CS69:CS70) -> 0 | CV71: مجموع السعوديين | CX71: =SUM(CX69:CX70) -> 0 | CY71: =SUM(CY69:CY70) -> 0 | CZ71: =SUM(CZ69:CZ70) -> 0 | DA71: =SUM(DA69:DA70) -> 0 | DB71: =SUM(DB69:DB70) -> 0 | DC71: =SUM(DC69:DC70) -> 0 | DD71: =SUM(DD69:DD70) -> 0 | DE71: =SUM(DE69:DE70) -> 0 | ... DG71: =SUM(DG69:DG70) -> 0 | DJ71: مجموع السعوديين | DL71: =SUM(DL69:DL70) -> 0 | DM71: =SUM(DM69:DM70) -> 0 | DN71: =SUM(DN69:DN70) -> 0 | DO71: =SUM(DO69:DO70) -> 0 | DP71: =SUM(DP69:DP70) -> 0 | DQ71: =SUM(DQ69:DQ70) -> 0 | DR71: =SUM(DR69:DR70) -> 0 | DS71: =SUM(DS69:DS70) -> 0 | ... DU71: =SUM(DU69:DU70) -> 0 | DX71: مجموع السعوديين | DZ71: =SUM(DZ69:DZ70) -> 0 | EA71: =SUM(EA69:EA70) -> 0 | EB71: =SUM(EB69:EB70) -> 0 | EC71: =SUM(EC69:EC70) -> 0 | ED71: =SUM(ED69:ED70) -> 0 | EE71: =SUM(EE69:EE70) -> 0 | EF71: =SUM(EF69:EF70) -> 0 | EG71: =SUM(EG69:EG70) -> 0 | ... EI71: =SUM(EI69:EI70) -> 0 | EL71: مجموع السعوديين | EN71: =SUM(EN69:EN70) -> 0 | EO71: =SUM(EO69:EO70) -> 0 | EP71: =SUM(EP69:EP70) -> 0 | EQ71: =SUM(EQ69:EQ70) -> 0 | ER71: =SUM(ER69:ER70) -> 0 | ES71: =SUM(ES69:ES70) -> 0 | ET71: =SUM(ET69:ET70) -> 0 | EU71: =SUM(EU69:EU70) -> 0 | ... EW71: =SUM(EW69:EW70) -> 0 | EZ71: مجموع السعوديين | FB71: =SUM(FB69:FB70) -> 0 | FC71: =SUM(FC69:FC70) -> 0 | FD71: =SUM(FD69:FD70) -> 0 | FE71: =SUM(FE69:FE70) -> 0 | FF71: =SUM(FF69:FF70) -> 0 | FG71: =SUM(FG69:FG70) -> 0 | FH71: =SUM(FH69:FH70) -> 0 | FI71: =SUM(FI69:FI70) -> 0 | ... FK71: =SUM(FK69:FK70) -> 0 | FN71: مجموع السعوديين | FP71: =SUM(FP69:FP70) -> 0 | FQ71: =SUM(FQ69:FQ70) -> 0 | FR71: =SUM(FR69:FR70) -> 0 | FS71: =SUM(FS69:FS70) -> 0 | FT71: =SUM(FT69:FT70) -> 0 | FU71: =SUM(FU69:FU70) -> 0 | FV71: =SUM(FV69:FV70) -> 0 | FW71: =SUM(FW69:FW70) -> 0 | ... FY71: =SUM(FY69:FY70) -> 0
B72: غير سعودي | C72: ذكر | D72: 0 | E72: 0 | F72: 0 | G72: 0 | H72: 0 | I72: =SUM(D72:H72) -> 0 | J72: 0 | K72: 0 | L72: 0 | M72: =SUM(J72:L72) -> 0 | P72: غير سعودي | Q72: ذكر | R72: 0 | S72: 0 | T72: 0 | U72: 0 | V72: 0 | W72: =SUM(R72:V72) -> 0 | X72: 0 | Y72: 0 | Z72: 0 | AA72: =SUM(X72:Z72) -> 0 | AD72: غير سعودي | AE72: ذكر | AF72: 0 | AG72: 0 | AH72: 0 | AI72: 0 | AJ72: 0 | AK72: =SUM(AF72:AJ72) -> 0 | AL72: 0 | AM72: 0 | AN72: 0 | AO72: =SUM(AL72:AN72) -> 0 | AR72: غير سعودي | AS72: ذكر | AT72: 0 | AU72: 0 | AV72: 0 | AW72: 0 | AX72: 0 | AY72: =SUM(AT72:AX72) -> 0 | AZ72: 0 | BA72: 0 | BB72: 0 | BC72: =SUM(AZ72:BB72) -> 0 | BF72: غير سعودي | BG72: ذكر | BH72: 0 | BI72: 0 | BJ72: 0 | BK72: 0 | BL72: 0 | BM72: =SUM(BH72:BL72) -> 0 | BN72: 0 | BO72: 0 | BP72: 0 | BQ72: =SUM(BN72:BP72) -> 0 | BT72: غير سعودي | BU72: ذكر | BV72: 0 | BW72: 0 | BX72: 0 | BY72: 0 | BZ72: 0 | CA72: =SUM(BV72:BZ72) -> 0 | CB72: 0 | CC72: 0 | CD72: 0 | CE72: =SUM(CB72:CD72) -> 0 | CH72: غير سعودي | CI72: ذكر | CJ72: 0 | CK72: 0 | CL72: 0 | CM72: 0 | CN72: 0 | CO72: =SUM(CJ72:CN72) -> 0 | CP72: 0 | CQ72: 0 | CR72: 0 | CS72: =SUM(CP72:CR72) -> 0 | CV72: غير سعودي | CW72: ذكر | CX72: 0 | CY72: 0 | CZ72: 0 | DA72: 0 | DB72: 0 | DC72: =SUM(CX72:DB72) -> 0 | DD72: 0 | DE72: 0 | DF72: 0 | DG72: =SUM(DD72:DF72) -> 0 | DJ72: غير سعودي | DK72: ذكر | DL72: 0 | DM72: 0 | DN72: 0 | DO72: 0 | DP72: 0 | DQ72: =SUM(DL72:DP72) -> 0 | DR72: 0 | DS72: 0 | DT72: 0 | DU72: =SUM(DR72:DT72) -> 0 | DX72: غير سعودي | DY72: ذكر | DZ72: 0 | EA72: 0 | EB72: 0 | EC72: 0 | ED72: 0 | EE72: =SUM(DZ72:ED72) -> 0 | EF72: 0 | EG72: 0 | EH72: 0 | EI72: =SUM(EF72:EH72) -> 0 | EL72: غير سعودي | EM72: ذكر | EN72: 0 | EO72: 0 | EP72: 0 | EQ72: 0 | ER72: 0 | ES72: =SUM(EN72:ER72) -> 0 | ET72: 0 | EU72: 0 | EV72: 0 | EW72: =SUM(ET72:EV72) -> 0 | EZ72: غير سعودي | FA72: ذكر | FB72: 0 | FC72: 0 | FD72: 0 | FE72: 0 | FF72: 0 | FG72: =SUM(FB72:FF72) -> 0 | FH72: 0 | FI72: 0 | FJ72: 0 | FK72: =SUM(FH72:FJ72) -> 0 | FN72: غير سعودي | FO72: ذكر | FP72: =SUM(D72+R72+AF72+AT72+BH72+BV72+CJ72+CX72+DL72+DZ72+EN72+FB72) -> 0 | FQ72: =SUM(E72+S72+AG72+AU72+BI72+BW72+CK72+CY72+DM72+EA72+EO72+FC72) -> 0 | FR72: =SUM(F72+T72+AH72+AV72+BJ72+BX72+CL72+CZ72+DN72+EB72+EP72+FD72) -> 0 | FS72: =SUM(G72+U72+AI72+AW72+BK72+BY72+CM72+DA72+DO72+EC72+EQ72+FE72) -> 0 | FT72: =SUM(H72+V72+AJ72+AX72+BL72+BZ72+CN72+DB72+DP72+ED72+ER72+FF72) -> 0 | FU72: =SUM(FP72:FT72) -> 0 | FV72: =SUM(J72+X72+AL72+AZ72+BN72+CB72+CP72+DD72+DR72+EF72+ET72+FH72) -> 0 | FW72: =SUM(K72+Y72+AM72+BA72+BO72+CC72+CQ72+DE72+DS72+EG72+EU72+FI72) -> 0 | FX72: =SUM(L72+Z72+AN72+BB72+BP72+CD72+CR72+DF72+DT72+EH72+EV72+FJ72) -> 0 | FY72: =SUM(FV72:FX72) -> 0
