Workbook

Sheet القوى العاملة
A2: مراكز شرق جدة | F2: شهر | G2: 1 | H2: 1447 | L2: بيان بالقوى العاملة بالمركز خلال الشهر | S2: مراكز شرق جدة | X2: شهر | Y2: 2 | Z2: 1447 | AD2: بيان بالقوى العاملة بالمركز خلال الشهر | AK2: مراكز شرق جدة | AP2: شهر | AQ2: 3 | AR2: 1447 | AV2: بيان بالقوى العاملة بالمركز خلال الشهر | BC2: مراكز شرق جدة | BH2: شهر | BI2: 4 | BJ2: 1447 | BN2: بيان بالقوى العاملة بالمركز خلال الشهر | BU2: مراكز شرق جدة | BZ2: شهر | CA2: 5 | CB2: 1447 | CF2: بيان بالقوى العاملة بالمركز خلال الشهر | CM2: مراكز شرق جدة | CR2: شهر | CS2: 6 | CT2: 1447 | CX2: بيان بالقوى العاملة بالمركز خلال الشهر | DE2: مراكز شرق جدة | DJ2: شهر | DK2: 7 | DL2: 1447 | DP2: بيان بالقوى العاملة بالمركز خلال الشهر | DW2: مراكز شرق جدة | EB2: شهر | EC2: 8 | ED2: 1447 | EH2: بيان بالقوى العاملة بالمركز خلال الشهر | EO2: مراكز شرق جدة | ET2: شهر | EU2: 9 | EV2: 1447 | EZ2: بيان بالقوى العاملة بالمركز خلال الشهر | FG2: مراكز شرق جدة | FL2: شهر | FM2: 10 | FN2: 1447 | FR2: بيان بالقوى العاملة بالمركز خلال الشهر | FY2: مراكز شرق جدة | GD2: شهر | GE2: 11 | GF2: 1447 | GJ2: بيان بالقوى العاملة بالمركز خلال الشهر | GQ2: مراكز شرق جدة | GV2: شهر | GW2: 12 | GX2: 1447 | HB2: بيان بالقوى العاملة بالمركز خلال الشهر | HI2: =(GQ2) -> مراكز شرق جدة | HM2: عام | HN2: 1447 | HR2: بيان بالقوى العاملة بالمركز
A3: مراكز | B3: الجنسية | C3: الجنس | D3: أطباء | F3: طبيب أسنان | G3: تمريض | H3: قابلة | I3: فني صيدلة | J3: فني مختبر | K3: فني أشعة | L3: مراقب صحي | M3: فني إحصاء | N3: إداري | O3: مستخدم | P3: أخرى | Q3: المجموع | S3: مراكز | T3: الجنسية | U3: الجنس | V3: أطباء | X3: طبيب أسنان | Y3: تمريض | Z3: قابلة | AA3: فني صيدلة | AB3: فني مختبر | AC3: فني أشعة | AD3: مراقب صحي | AE3: فني إحصاء | AF3: إداري | AG3: مستخدم | AH3: أخرى | AI3: المجموع | AK3: مراكز | AL3: الجنسية | AM3: الجنس | AN3: أطباء | AP3: طبيب أسنان | AQ3: تمريض | AR3: قابلة | AS3: فني صيدلة | AT3: فني مختبر | AU3: فني أشعة | AV3: مراقب صحي | AW3: فني إحصاء | AX3: إداري | AY3: مستخدم | AZ3: أخرى | BA3: المجموع | BC3: مراكز | BD3: الجنسية | BE3: الجنس | BF3: أطباء | BH3: طبيب أسنان | BI3: تمريض | BJ3: قابلة | BK3: فني صيدلة | BL3: فني مختبر | BM3: فني أشعة | BN3: مراقب صحي | BO3: فني إحصاء | BP3: إداري | BQ3: مستخدم | BR3: أخرى | BS3: المجموع | BU3: مراكز | BV3: الجنسية | BW3: الجنس | BX3: أطباء | BZ3: طبيب أسنان | CA3: تمريض | CB3: قابلة | CC3: فني صيدلة | CD3: فني مختبر | CE3: فني أشعة | CF3: مراقب صحي | CG3: فني إحصاء | CH3: إداري | CI3: مستخدم | CJ3: أخرى | CK3: المجموع | CM3: مراكز | CN3: الجنسية | CO3: الجنس | CP3: أطباء | CR3: طبيب أسنان | CS3: تمريض | CT3: قابلة | CU3: فني صيدلة | CV3: فني مختبر | CW3: فني أشعة | CX3: مراقب صحي | CY3: فني إحصاء | CZ3: إداري | DA3: مستخدم | DB3: أخرى | DC3: المجموع | DE3: مراكز | DF3: الجنسية | DG3: الجنس | DH3: أطباء | DJ3: طبيب أسنان | DK3: تمريض | DL3: قابلة | DM3: فني صيدلة | DN3: فني مختبر | DO3: فني أشعة | DP3: مراقب صحي | DQ3: فني إحصاء | DR3: إداري | DS3: مستخدم | DT3: أخرى | DU3: المجموع | DW3: مراكز | DX3: الجنسية | DY3: الجنس | DZ3: أطباء | EB3: طبيب أسنان | EC3: تمريض | ED3: قابلة | EE3: فني صيدلة | EF3: فني مختبر | EG3: فني أشعة | EH3: مراقب صحي | EI3: فني إحصاء | EJ3: إداري | EK3: مستخدم | EL3: أخرى | EM3: المجموع | EO3: مراكز | EP3: الجنسية | EQ3: الجنس | ER3: أطباء | ET3: طبيب أسنان | EU3: تمريض | EV3: قابلة | EW3: فني صيدلة | EX3: فني مختبر | EY3: فني أشعة | EZ3: مراقب صحي | FA3: فني إحصاء | FB3: إداري | FC3: مستخدم | FD3: أخرى | FE3: المجموع | FG3: مراكز | FH3: الجنسية | FI3: الجنس | FJ3: أطباء | FL3: طبيب أسنان | FM3: تمريض | FN3: قابلة | FO3: فني صيدلة | FP3: فني مختبر | FQ3: فني أشعة | FR3: مراقب صحي | FS3: فني إحصاء | FT3: إداري | FU3: مستخدم | FV3: أخرى | FW3: المجموع | FY3: مراكز | FZ3: الجنسية | GA3: الجنس | GB3: أطباء | GD3: طبيب أسنان | GE3: تمريض | GF3: قابلة | GG3: فني صيدلة | GH3: فني مختبر | GI3: فني أشعة | GJ3: مراقب صحي | GK3: فني إحصاء | GL3: إداري | GM3: مستخدم | GN3: أخرى | GO3: المجموع | GQ3: مراكز | GR3: الجنسية | GS3: الجنس | GT3: أطباء | GV3: طبيب أسنان | GW3: تمريض | GX3: قابلة | GY3: فني صيدلة | GZ3: فني مختبر | HA3: فني أشعة | HB3: مراقب صحي | HC3: فني إحصاء | HD3: إداري | HE3: مستخدم | HF3: أخرى | HG3: المجموع | HI3: مراكز | HJ3: الجنسية | HK3: الجنس | HL3: أطباء | HN3: طبيب أسنان | HO3: تمريض | HP3: قابلة | HQ3: فني صيدلة | HR3: فني مختبر | HS3: فني أشعة | HT3: مراقب صحي | HU3: فني إحصاء | HV3: إداري | HW3: مستخدم | HX3: أخرى | HY3: المجموع
D4: عام | E4: ط.أسرة | V4: عام | W4: ط.أسرة | AN4: عام | AO4: ط.أسرة | BF4: عام | BG4: ط.أسرة | BX4: عام | BY4: ط.أسرة | CP4: عام | CQ4: ط.أسرة | DH4: عام | DI4: ط.أسرة | DZ4: عام | EA4: ط.أسرة | ER4: عام | ES4: ط.أسرة | FJ4: عام | FK4: ط.أسرة | GB4: عام | GC4: ط.أسرة | GT4: عام | GU4: ط.أسرة | HL4: عام | HM4: ط.أسرة
A5: الربيع والتوفيق | B5: سعودي | C5: ذكر | D5: 6 | E5: 1 | F5: 1 | G5: 2 | H5: 0 | I5: 0 | J5: 2 | K5: 0 | L5: 0 | M5: 0 | N5: 6 | O5: 0 | P5: 4 | Q5: =SUM(D5:P5) -> 22 | S5: الربيع والتوفيق | T5: سعودي | U5: ذكر | V5: 6 | W5: 1 | X5: 1 | Y5: 2 | Z5: 0 | AA5: 0 | AB5: 2 | AC5: 0 | AD5: 0 | AE5: 0 | AF5: 6 | AG5: 0 | AH5: 4 | AI5: =SUM(V5:AH5) -> 22 | AK5: الربيع والتوفيق | AL5: سعودي | AM5: ذكر | AN5: 6 | AO5: 1 | AP5: 1 | AQ5: 2 | AR5: 0 | AS5: 0 | AT5: 2 | AU5: 0 | AV5: 0 | AW5: 0 | AX5: 6 | AY5: 0 | AZ5: 4 | BA5: =SUM(AN5:AZ5) -> 22 | BC5: الربيع والتوفيق | BD5: سعودي | BE5: ذكر | BF5: 6 | BG5: 1 | BH5: 1 | BI5: 2 | BJ5: 0 | BK5: 0 | BL5: 2 | BM5: 0 | BN5: 0 | BO5: 0 | BP5: 6 | BQ5: 0 | BR5: 4 | BS5: =SUM(BF5:BR5) -> 22 | BU5: الربيع والتوفيق | BV5: سعودي | BW5: ذكر | BX5: 6 | BY5: 1 | BZ5: 1 | CA5: 2 | CB5: 0 | CC5: 0 | CD5: 2 | CE5: 0 | CF5: 0 | CG5: 0 | CH5: 6 | CI5: 0 | CJ5: 4 | CK5: =SUM(BX5:CJ5) -> 22 | CM5: الربيع والتوفيق | CN5: سعودي | CO5: ذكر | CP5: 6 | CQ5: 1 | CR5: 1 | CS5: 2 | CT5: 0 | CU5: 0 | CV5: 2 | CW5: 0 | CX5: 0 | CY5: 0 | CZ5: 6 | DA5: 0 | DB5: 4 | DC5: =SUM(CP5:DB5) -> 22 | DE5: الربيع والتوفيق | DF5: سعودي | DG5: ذكر | DH5: 6 | DI5: 1 | DJ5: 1 | DK5: 2 | DL5: 0 | DM5: 0 | DN5: 2 | DO5: 0 | DP5: 0 | DQ5: 0 | DR5: 6 | DS5: 0 | DT5: 4 | DU5: =SUM(DH5:DT5) -> 22 | DW5: الربيع والتوفيق | DX5: سعودي | DY5: ذكر | DZ5: 6 | EA5: 1 | EB5: 1 | EC5: 2 | ED5: 0 | EE5: 0 | EF5: 2 | EG5: 0 | EH5: 0 | EI5: 0 | EJ5: 6 | EK5: 0 | EL5: 4 | EM5: =SUM(DZ5:EL5) -> 22 | EO5: الربيع والتوفيق | EP5: سعودي | EQ5: ذكر | ER5: 6 | ES5: 1 | ET5: 1 | EU5: 2 | EV5: 0 | EW5: 0 | EX5: 2 | EY5: 0 | EZ5: 0 | FA5: 0 | FB5: 6 | FC5: 0 | FD5: 4 | FE5: =SUM(ER5:FD5) -> 22 | FG5: الربيع والتوفيق | FH5: سعودي | FI5: ذكر | FJ5: 6 | FK5: 1 | FL5: 1 | FM5: 2 | FN5: 0 | FO5: 0 | FP5: 2 | FQ5: 0 | FR5: 0 | FS5: 0 | FT5: 6 | FU5: 0 | FV5: 4 | FW5: =SUM(FJ5:FV5) -> 22 | FY5: الربيع والتوفيق | FZ5: سعودي | GA5: ذكر | GB5: 0 | GC5: 0 | GD5: 0 | GE5: 0 | GF5: 0 | GG5: 0 | GH5: 0 | GI5: 0 | GJ5: 0 | GK5: 0 | GL5: 0 | GM5: 0 | GN5: 0 | GO5: =SUM(GB5:GN5) -> 0 | GQ5: الربيع والتوفيق | GR5: سعودي | GS5: ذكر | GT5: 0 | GU5: 0 | GV5: 0 | GW5: 0 | GX5: 0 | GY5: 0 | GZ5: 0 | HA5: 0 | HB5: 0 | HC5: 0 | HD5: 0 | HE5: 0 | HF5: 0 | HG5: =SUM(GT5:HF5) -> 0 | HI5: =GQ5 -> الربيع والتوفيق | HJ5: سعودي | HK5: ذكر | HL5: =SUM(GT5) -> 0 | HM5: =SUM(GU5) -> 0 | HN5: =SUM(GV5) -> 0 | HO5: =SUM(GW5) -> 0 | HP5: =SUM(GX5) -> 0 | HQ5: =SUM(GY5) -> 0 | HR5: =SUM(GZ5) -> 0 | HS5: =SUM(HA5) -> 0 | ... HX5: =SUM(HF5) -> 0 | HY5: =SUM(HL5:HX5) -> 0
C6: أنثى | D6: 3 | E6: 3 | F6: 5 | G6: 20 | H6: 0 | I6: 0 | J6: 0 | K6: 0 | L6: 0 | M6: 0 | N6: 3 | O6: 0 | P6: 6 | Q6: =SUM(D6:P6) -> 40 | U6: أنثى | V6: 3 | W6: 3 | X6: 5 | Y6: 20 | Z6: 0 | AA6: 0 | AB6: 0 | AC6: 0 | AD6: 0 | AE6: 0 | AF6: 3 | AG6: 0 | AH6: 6 | AI6: =SUM(V6:AH6) -> 40 | AM6: أنثى | AN6: 3 | AO6: 3 | AP6: 5 | AQ6: 20 | AR6: 0 | AS6: 0 | AT6: 0 | AU6: 0 | AV6: 0 | AW6: 0 | AX6: 3 | AY6: 0 | AZ6: 6 | BA6: =SUM(AN6:AZ6) -> 40 | BE6: أنثى | BF6: 3 | BG6: 3 | BH6: 5 | BI6: 20 | BJ6: 0 | BK6: 0 | BL6: 0 | BM6: 0 | BN6: 0 | BO6: 0 | BP6: 3 | BQ6: 0 | BR6: 6 | BS6: =SUM(BF6:BR6) -> 40 | BW6: أنثى | BX6: 3 | BY6: 3 | BZ6: 5 | CA6: 20 | CB6: 0 | CC6: 0 | CD6: 0 | CE6: 0 | CF6: 0 | CG6: 0 | CH6: 3 | CI6: 0 | CJ6: 6 | CK6: =SUM(BX6:CJ6) -> 40 | CO6: أنثى | CP6: 3 | CQ6: 3 | CR6: 5 | CS6: 20 | CT6: 0 | CU6: 0 | CV6: 0 | CW6: 0 | CX6: 0 | CY6: 0 | CZ6: 3 | DA6: 0 | DB6: 6 | DC6: =SUM(CP6:DB6) -> 40 | DG6: أنثى | DH6: 3 | DI6: 3 | DJ6: 5 | DK6: 20 | DL6: 0 | DM6: 0 | DN6: 0 | DO6: 0 | DP6: 0 | DQ6: 0 | DR6: 3 | DS6: 0 | DT6: 6 | DU6: =SUM(DH6:DT6) -> 40 | DY6: أنثى | DZ6: 3 | EA6: 3 | EB6: 5 | EC6: 20 | ED6: 0 | EE6: 0 | EF6: 0 | EG6: 0 | EH6: 0 | EI6: 0 | EJ6: 3 | EK6: 0 | EL6: 6 | EM6: =SUM(DZ6:EL6) -> 40 | EQ6: أنثى | ER6: 3 | ES6: 3 | ET6: 5 | EU6: 20 | EV6: 0 | EW6: 0 | EX6: 0 | EY6: 0 | EZ6: 0 | FA6: 0 | FB6: 3 | FC6: 0 | FD6: 6 | FE6: =SUM(ER6:FD6) -> 40 | FI6: أنثى | FJ6: 3 | FK6: 3 | FL6: 5 | FM6: 20 | FN6: 0 | FO6: 0 | FP6: 0 | FQ6: 0 | FR6: 0 | FS6: 0 | FT6: 3 | FU6: 0 | FV6: 6 | FW6: =SUM(FJ6:FV6) -> 40 | GA6: أنثى | GB6: 0 | GC6: 0 | GD6: 0 | GE6: 0 | GF6: 0 | GG6: 0 | GH6: 0 | GI6: 0 | GJ6: 0 | GK6: 0 | GL6: 0 | GM6: 0 | GN6: 0 | GO6: =SUM(GB6:GN6) -> 0 | GS6: أنثى | GT6: 0 | GU6: 0 | GV6: 0 | GW6: 0 | GX6: 0 | GY6: 0 | GZ6: 0 | HA6: 0 | HB6: 0 | HC6: 0 | HD6: 0 | HE6: 0 | HF6: 0 | HG6: =SUM(GT6:HF6) -> 0 | HK6: أنثى | HL6: =SUM(GT6) -> 0 | HM6: =SUM(GU6) -> 0 | HN6: =SUM(GV6) -> 0 | HO6: =SUM(GW6) -> 0 | HP6: =SUM(GX6) -> 0 | HQ6: =SUM(GY6) -> 0 | HR6: =SUM(GZ6) -> 0 | HS6: =SUM(HA6) -> 0 | ... HX6: =SUM(HF6) -> 0 | HY6: =SUM(HL6:HX6) -> 0
B7: غير | C7: ذكر | D7: 0 | E7: 0 | F7: 0 | G7: 0 | H7: 0 | I7: 0 | J7: 0 | K7: 0 | L7: 0 | M7: 0 | N7: 0 | O7: 0 | P7: 0 | Q7: =SUM(D7:P7) -> 0 | T7: غير | U7: ذكر | V7: 0 | W7: 0 | X7: 0 | Y7: 0 | Z7: 0 | AA7: 0 | AB7: 0 | AC7: 0 | AD7: 0 | AE7: 0 | AF7: 0 | AG7: 0 | AH7: 0 | AI7: =SUM(V7:AH7) -> 0 | AL7: غير | AM7: ذكر | AN7: 0 | AO7: 0 | AP7: 0 | AQ7: 0 | AR7: 0 | AS7: 0 | AT7: 0 | AU7: 0 | AV7: 0 | AW7: 0 | AX7: 0 | AY7: 0 | AZ7: 0 | BA7: =SUM(AN7:AZ7) -> 0 | BD7: غير | BE7: ذكر | BF7: 0 | BG7: 0 | BH7: 0 | BI7: 0 | BJ7: 0 | BK7: 0 | BL7: 0 | BM7: 0 | BN7: 0 | BO7: 0 | BP7: 0 | BQ7: 0 | BR7: 0 | BS7: =SUM(BF7:BR7) -> 0 | BV7: غير | BW7: ذكر | BX7: 0 | BY7: 0 | BZ7: 0 | CA7: 0 | CB7: 0 | CC7: 0 | CD7: 0 | CE7: 0 | CF7: 0 | CG7: 0 | CH7: 0 | CI7: 0 | CJ7: 0 | CK7: =SUM(BX7:CJ7) -> 0 | CN7: غير | CO7: ذكر | CP7: 0 | CQ7: 0 | CR7: 0 | CS7: 0 | CT7: 0 | CU7: 0 | CV7: 0 | CW7: 0 | CX7: 0 | CY7: 0 | CZ7: 0 | DA7: 0 | DB7: 0 | DC7: =SUM(CP7:DB7) -> 0 | DF7: غير | DG7: ذكر | DH7: 0 | DI7: 0 | DJ7: 0 | DK7: 0 | DL7: 0 | DM7: 0 | DN7: 0 | DO7: 0 | DP7: 0 | DQ7: 0 | DR7: 0 | DS7: 0 | DT7: 0 | DU7: =SUM(DH7:DT7) -> 0 | DX7: غير | DY7: ذكر | DZ7: 0 | EA7: 0 | EB7: 0 | EC7: 0 | ED7: 0 | EE7: 0 | EF7: 0 | EG7: 0 | EH7: 0 | EI7: 0 | EJ7: 0 | EK7: 0 | EL7: 0 | EM7: =SUM(DZ7:EL7) -> 0 | EP7: غير | EQ7: ذكر | ER7: 0 | ES7: 0 | ET7: 0 | EU7: 0 | EV7: 0 | EW7: 0 | EX7: 0 | EY7: 0 | EZ7: 0 | FA7: 0 | FB7: 0 | FC7: 0 | FD7: 0 | FE7: =SUM(ER7:FD7) -> 0 | FH7: غير | FI7: ذكر | FJ7: 0 | FK7: 0 | FL7: 0 | FM7: 0 | FN7: 0 | FO7: 0 | FP7: 0 | FQ7: 0 | FR7: 0 | FS7: 0 | FT7: 0 | FU7: 0 | FV7: 0 | FW7: =SUM(FJ7:FV7) -> 0 | FZ7: غير | GA7: ذكر | GB7: 0 | GC7: 0 | GD7: 0 | GE7: 0 | GF7: 0 | GG7: 0 | GH7: 0 | GI7: 0 | GJ7: 0 | GK7: 0 | GL7: 0 | GM7: 0 | GN7: 0 | GO7: =SUM(GB7:GN7) -> 0 | GR7: غير | GS7: ذكر | GT7: 0 | GU7: 0 | GV7: 0 | GW7: 0 | GX7: 0 | GY7: 0 | GZ7: 0 | HA7: 0 | HB7: 0 | HC7: 0 | HD7: 0 | HE7: 0 | HF7: 0 | HG7: =SUM(GT7:HF7) -> 0 | HJ7: غير | HK7: ذكر | HL7: =SUM(GT7) -> 0 | HM7: =SUM(GU7) -> 0 | HN7: =SUM(GV7) -> 0 | HO7: =SUM(GW7) -> 0 | HP7: =SUM(GX7) -> 0 | HQ7: =SUM(GY7) -> 0 | HR7: =SUM(GZ7) -> 0 | HS7: =SUM(HA7) -> 0 | ... HX7: =SUM(HF7) -> 0 | HY7: =SUM(HL7:HX7) -> 0
B8: سعودي | C8: أنثى | D8: 0 | E8: 0 | F8: 0 | G8: 0 | H8: 0 | I8: 0 | J8: 0 | K8: 0 | L8: 0 | M8: 0 | N8: 0 | O8: 0 | P8: 0 | Q8: =SUM(D8:P8) -> 0 | T8: سعودي | U8: أنثى | V8: 0 | W8: 0 | X8: 0 | Y8: 0 | Z8: 0 | AA8: 0 | AB8: 0 | AC8: 0 | AD8: 0 | AE8: 0 | AF8: 0 | AG8: 0 | AH8: 0 | AI8: =SUM(V8:AH8) -> 0 | AL8: سعودي | AM8: أنثى | AN8: 0 | AO8: 0 | AP8: 0 | AQ8: 0 | AR8: 0 | AS8: 0 | AT8: 0 | AU8: 0 | AV8: 0 | AW8: 0 | AX8: 0 | AY8: 0 | AZ8: 0 | BA8: =SUM(AN8:AZ8) -> 0 | BD8: سعودي | BE8: أنثى | BF8: 0 | BG8: 0 | BH8: 0 | BI8: 0 | BJ8: 0 | BK8: 0 | BL8: 0 | BM8: 0 | BN8: 0 | BO8: 0 | BP8: 0 | BQ8: 0 | BR8: 0 | BS8: =SUM(BF8:BR8) -> 0 | BV8: سعودي | BW8: أنثى | BX8: 0 | BY8: 0 | BZ8: 0 | CA8: 0 | CB8: 0 | CC8: 0 | CD8: 0 | CE8: 0 | CF8: 0 | CG8: 0 | CH8: 0 | CI8: 0 | CJ8: 0 | CK8: =SUM(BX8:CJ8) -> 0 | CN8: سعودي | CO8: أنثى | CP8: 0 | CQ8: 0 | CR8: 0 | CS8: 0 | CT8: 0 | CU8: 0 | CV8: 0 | CW8: 0 | CX8: 0 | CY8: 0 | CZ8: 0 | DA8: 0 | DB8: 0 | DC8: =SUM(CP8:DB8) -> 0 | DF8: سعودي | DG8: أنثى | DH8: 0 | DI8: 0 | DJ8: 0 | DK8: 0 | DL8: 0 | DM8: 0 | DN8: 0 | DO8: 0 | DP8: 0 | DQ8: 0 | DR8: 0 | DS8: 0 | DT8: 0 | DU8: =SUM(DH8:DT8) -> 0 | DX8: سعودي | DY8: أنثى | DZ8: 0 | EA8: 0 | EB8: 0 | EC8: 0 | ED8: 0 | EE8: 0 | EF8: 0 | EG8: 0 | EH8: 0 | EI8: 0 | EJ8: 0 | EK8: 0 | EL8: 0 | EM8: =SUM(DZ8:EL8) -> 0 | EP8: سعودي | EQ8: أنثى | ER8: 0 | ES8: 0 | ET8: 0 | EU8: 0 | EV8: 0 | EW8: 0 | EX8: 0 | EY8: 0 | EZ8: 0 | FA8: 0 | FB8: 0 | FC8: 0 | FD8: 0 | FE8: =SUM(ER8:FD8) -> 0 | FH8: سعودي | FI8: أنثى | FJ8: 0 | FK8: 0 | FL8: 0 | FM8: 0 | FN8: 0 | FO8: 0 | FP8: 0 | FQ8: 0 | FR8: 0 | FS8: 0 | FT8: 0 | FU8: 0 | FV8: 0 | FW8: =SUM(FJ8:FV8) -> 0 | FZ8: سعودي | GA8: أنثى | GB8: 0 | GC8: 0 | GD8: 0 | GE8: 0 | GF8: 0 | GG8: 0 | GH8: 0 | GI8: 0 | GJ8: 0 | GK8: 0 | GL8: 0 | GM8: 0 | GN8: 0 | GO8: =SUM(GB8:GN8) -> 0 | GR8: سعودي | GS8: أنثى | GT8: 0 | GU8: 0 | GV8: 0 | GW8: 0 | GX8: 0 | GY8: 0 | GZ8: 0 | HA8: 0 | HB8: 0 | HC8: 0 | HD8: 0 | HE8: 0 | HF8: 0 | HG8: =SUM(GT8:HF8) -> 0 | HJ8: سعودي | HK8: أنثى | HL8: =SUM(GT8) -> 0 | HM8: =SUM(GU8) -> 0 | HN8: =SUM(GV8) -> 0 | HO8: =SUM(GW8) -> 0 | HP8: =SUM(GX8) -> 0 | HQ8: =SUM(GY8) -> 0 | HR8: =SUM(GZ8) -> 0 | HS8: =SUM(HA8) -> 0 | ... HX8: =SUM(HF8) -> 0 | HY8: =SUM(HL8:HX8) -> 0
B9: المجموع | D9: =SUM(D5:D8) -> 9 | E9: =SUM(E5:E8) -> 4 | F9: =SUM(F5:F8) -> 6 | G9: =SUM(G5:G8) -> 22 | H9: =SUM(H5:H8) -> 0 | I9: =SUM(I5:I8) -> 0 | J9: =SUM(J5:J8) -> 2 | K9: =SUM(K5:K8) -> 0 | ... Q9: =SUM(Q5:Q8) -> 62 | T9: المجموع | V9: =SUM(V5:V8) -> 9 | W9: =SUM(W5:W8) -> 4 | X9: =SUM(X5:X8) -> 6 | Y9: =SUM(Y5:Y8) -> 22 | Z9: =SUM(Z5:Z8) -> 0 | AA9: =SUM(AA5:AA8) -> 0 | AB9: =SUM(AB5:AB8) -> 2 | AC9: =SUM(AC5:AC8) -> 0 | ... AI9: =SUM(AI5:AI8) -> 62 | AL9: المجموع | AN9: =SUM(AN5:AN8) -> 9 | AO9: =SUM(AO5:AO8) -> 4 | AP9: =SUM(AP5:AP8) -> 6 | AQ9: =SUM(AQ5:AQ8) -> 22 | AR9: =SUM(AR5:AR8) -> 0 | AS9: =SUM(AS5:AS8) -> 0 | AT9: =SUM(AT5:AT8) -> 2 | AU9: =SUM(AU5:AU8) -> 0 | ... BA9: =SUM(BA5:BA8) -> 62 | BD9: المجموع | BF9: =SUM(BF5:BF8) -> 9 | BG9: =SUM(BG5:BG8) -> 4 | BH9: =SUM(BH5:BH8) -> 6 | BI9: =SUM(BI5:BI8) -> 22 | BJ9: =SUM(BJ5:BJ8) -> 0 | BK9: =SUM(BK5:BK8) -> 0 | BL9: =SUM(BL5:BL8) -> 2 | BM9: =SUM(BM5:BM8) -> 0 | ... BS9: =SUM(BS5:BS8) -> 62 | BV9: المجموع | BX9: =SUM(BX5:BX8) -> 9 | BY9: =SUM(BY5:BY8) -> 4 | BZ9: =SUM(BZ5:BZ8) -> 6 | CA9: =SUM(CA5:CA8) -> 22 | CB9: =SUM(CB5:CB8) -> 0 | CC9: =SUM(CC5:CC8) -> 0 | CD9: =SUM(CD5:CD8) -> 2 | CE9: =SUM(CE5:CE8) -> 0 | ... CK9: =SUM(CK5:CK8) -> 62 | CN9: المجموع | CP9: =SUM(CP5:CP8) -> 9 | CQ9: =SUM(CQ5:CQ8) -> 4 | CR9: =SUM(CR5:CR8) -> 6 | CS9: =SUM(CS5:CS8) -> 22 | CT9: =SUM(CT5:CT8) -> 0 | CU9: =SUM(CU5:CU8) -> 0 | CV9: =SUM(CV5:CV8) -> 2 | CW9: =SUM(CW5:CW8) -> 0 | ... DC9: =SUM(DC5:DC8) -> 62 | DF9: المجموع | DH9: =SUM(DH5:DH8) -> 9 | DI9: =SUM(DI5:DI8) -> 4 | DJ9: =SUM(DJ5:DJ8) -> 6 | DK9: =SUM(DK5:DK8) -> 22 | DL9: =SUM(DL5:DL8) -> 0 | DM9: =SUM(DM5:DM8) -> 0 | DN9: =SUM(DN5:DN8) -> 2 | DO9: =SUM(DO5:DO8) -> 0 | ... DU9: =SUM(DU5:DU8) -> 62 | DX9: المجموع | DZ9: =SUM(DZ5:DZ8) -> 9 | EA9: =SUM(EA5:EA8) -> 4 | EB9: =SUM(EB5:EB8) -> 6 | EC9: =SUM(EC5:EC8) -> 22 | ED9: =SUM(ED5:ED8) -> 0 | EE9: =SUM(EE5:EE8) -> 0 | EF9: =SUM(EF5:EF8) -> 2 | EG9: =SUM(EG5:EG8) -> 0 | ... EM9: =SUM(EM5:EM8) -> 62 | EP9: المجموع | ER9: =SUM(ER5:ER8) -> 9 | ES9: =SUM(ES5:ES8) -> 4 | ET9: =SUM(ET5:ET8) -> 6 | EU9: =SUM(EU5:EU8) -> 22 | EV9: =SUM(EV5:EV8) -> 0 | EW9: =SUM(EW5:EW8) -> 0 | EX9: =SUM(EX5:EX8) -> 2 | EY9: =SUM(EY5:EY8) -> 0 | ... FE9: =SUM(FE5:FE8) -> 62 | FH9: المجموع | FJ9: =SUM(FJ5:FJ8) -> 9 | FK9: =SUM(FK5:FK8) -> 4 | FL9: =SUM(FL5:FL8) -> 6 | FM9: =SUM(FM5:FM8) -> 22 | FN9: =SUM(FN5:FN8) -> 0 | FO9: =SUM(FO5:FO8) -> 0 | FP9: =SUM(FP5:FP8) -> 2 | FQ9: =SUM(FQ5:FQ8) -> 0 | ... FW9: =SUM(FW5:FW8) -> 62 | FZ9: المجموع | GB9: =SUM(GB5:GB8) -> 0 | GC9: =SUM(GC5:GC8) -> 0 | GD9: =SUM(GD5:GD8) -> 0 | GE9: =SUM(GE5:GE8) -> 0 | GF9: =SUM(GF5:GF8) -> 0 | GG9: =SUM(GG5:GG8) -> 0 | GH9: =SUM(GH5:GH8) -> 0 | GI9: =SUM(GI5:GI8) -> 0 | ... GO9: =SUM(GO5:GO8) -> 0 | GR9: المجموع | GT9: =SUM(GT5:GT8) -> 0 | GU9: =SUM(GU5:GU8) -> 0 | GV9: =SUM(GV5:GV8) -> 0 | GW9: =SUM(GW5:GW8) -> 0 | GX9: =SUM(GX5:GX8) -> 0 | GY9: =SUM(GY5:GY8) -> 0 | GZ9: =SUM(GZ5:GZ8) -> 0 | HA9: =SUM(HA5:HA8) -> 0 | ... HG9: =SUM(HG5:HG8) -> 0 | HJ9: المجموع | HL9: =SUM(HL5:HL8) -> 0 | HM9: =SUM(HM5:HM8) -> 0 | HN9: =SUM(HN5:HN8) -> 0 | HO9: =SUM(HO5:HO8) -> 0 | HP9: =SUM(HP5:HP8) -> 0 | HQ9: =SUM(HQ5:HQ8) -> 0 | HR9: =SUM(HR5:HR8) -> 0 | HS9: =SUM(HS5:HS8) -> 0 | ... HY9: =SUM(HY5:HY8) -> 0
A10: الجامعة | B10: سعودي | C10: ذكر | D10: 3 | E10: 4 | F10: 2 | G10: 3 | H10: 0 | I10: 0 | J10: 2 | K10: 0 | L10: 0 | M10: 0 | N10: 4 | O10: 0 | P10: 1 | Q10: =SUM(D10:P10) -> 19 | S10: الجامعة | T10: سعودي | U10: ذكر | V10: 3 | W10: 4 | X10: 2 | Y10: 3 | Z10: 0 | AA10: 0 | AB10: 2 | AC10: 0 | AD10: 0 | AE10: 0 | AF10: 4 | AG10: 0 | AH10: 1 | AI10: =SUM(V10:AH10) -> 19 | AK10: الجامعة | AL10: سعودي | AM10: ذكر | AN10: 3 | AO10: 4 | AP10: 2 | AQ10: 3 | AR10: 0 | AS10: 0 | AT10: 2 | AU10: 0 | AV10: 0 | AW10: 0 | AX10: 4 | AY10: 0 | AZ10: 1 | BA10: =SUM(AN10:AZ10) -> 19 | BC10: الجامعة | BD10: سعودي | BE10: ذكر | BF10: 3 | BG10: 4 | BH10: 2 | BI10: 3 | BJ10: 0 | BK10: 0 | BL10: 2 | BM10: 0 | BN10: 0 | BO10: 0 | BP10: 4 | BQ10: 0 | BR10: 1 | BS10: =SUM(BF10:BR10) -> 19 | BU10: الجامعة | BV10: سعودي | BW10: ذكر | BX10: 3 | BY10: 4 | BZ10: 2 | CA10: 3 | CB10: 0 | CC10: 0 | CD10: 2 | CE10: 0 | CF10: 0 | CG10: 0 | CH10: 4 | CI10: 0 | CJ10: 1 | CK10: =SUM(BX10:CJ10) -> 19 | CM10: الجامعة | CN10: سعودي | CO10: ذكر | CP10: 3 | CQ10: 4 | CR10: 2 | CS10: 3 | CT10: 0 | CU10: 0 | CV10: 2 | CW10: 0 | CX10: 0 | CY10: 0 | CZ10: 4 | DA10: 0 | DB10: 1 | DC10: =SUM(CP10:DB10) -> 19 | DE10: الجامعة | DF10: سعودي | DG10: ذكر | DH10: 3 | DI10: 4 | DJ10: 2 | DK10: 3 | DL10: 0 | DM10: 0 | DN10: 2 | DO10: 0 | DP10: 0 | DQ10: 0 | DR10: 4 | DS10: 0 | DT10: 1 | DU10: =SUM(DH10:DT10) -> 19 | DW10: الجامعة | DX10: سعودي | DY10: ذكر | DZ10: 3 | EA10: 4 | EB10: 2 | EC10: 3 | ED10: 0 | EE10: 0 | EF10: 2 | EG10: 0 | EH10: 0 | EI10: 0 | EJ10: 4 | EK10: 0 | EL10: 1 | EM10: =SUM(DZ10:EL10) -> 19 | EO10: الجامعة | EP10: سعودي | EQ10: ذكر | ER10: 3 | ES10: 4 | ET10: 2 | EU10: 3 | EV10: 0 | EW10: 0 | EX10: 2 | EY10: 0 | EZ10: 0 | FA10: 0 | FB10: 4 | FC10: 0 | FD10: 1 | FE10: =SUM(ER10:FD10) -> 19 | FG10: الجامعة | FH10: سعودي | FI10: ذكر | FW10: =SUM(FJ10:FV10) -> 0 | FY10: الجامعة | FZ10: سعودي | GA10: ذكر | GB10: 0 | GC10: 0 | GD10: 0 | GE10: 0 | GF10: 0 | GG10: 0 | GH10: 0 | GI10: 0 | GJ10: 0 | GK10: 0 | GL10: 0 | GM10: 0 | GN10: 0 | GO10: =SUM(GB10:GN10) -> 0 | GQ10: الجامعة | GR10: سعودي | GS10: ذكر | GT10: 0 | GU10: 0 | GV10: 0 | GW10: 0 | GX10: 0 | GY10: 0 | GZ10: 0 | HA10: 0 | HB10: 0 | HC10: 0 | HD10: 0 | HE10: 0 | HF10: 0 | HG10: =SUM(GT10:HF10) -> 0 | HI10: =GQ10 -> الجامعة | HJ10: سعودي | HK10: ذكر | HL10: =SUM(GT10) -> 0 | HM10: =SUM(GU10) -> 0 | HN10: =SUM(GV10) -> 0 | HO10: =SUM(GW10) -> 0 | HP10: =SUM(GX10) -> 0 | HQ10: =SUM(GY10) -> 0 | HR10: =SUM(GZ10) -> 0 | HS10: =SUM(HA10) -> 0 | ... HX10: =SUM(HF10) -> 0 | HY10: =SUM(HL10:HX10) -> 0
C11: أنثى | D11: 1 | E11: 4 | F11: 1 | G11: 19 | H11: 2 | I11: 0 | J11: 0 | K11: 0 | L11: 0 | M11: 0 | N11: 4 | O11: 0 | P11: 10 | Q11: =SUM(D11:P11) -> 41 | U11: أنثى | V11: 1 | W11: 4 | X11: 1 | Y11: 19 | Z11: 2 | AA11: 0 | AB11: 0 | AC11: 0 | AD11: 0 | AE11: 0 | AF11: 4 | AG11: 0 | AH11: 10 | AI11: =SUM(V11:AH11) -> 41 | AM11: أنثى | AN11: 1 | AO11: 4 | AP11: 1 | AQ11: 19 | AR11: 2 | AS11: 0 | AT11: 0 | AU11: 0 | AV11: 0 | AW11: 0 | AX11: 4 | AY11: 0 | AZ11: 10 | BA11: =SUM(AN11:AZ11) -> 41 | BE11: أنثى | BF11: 1 | BG11: 4 | BH11: 1 | BI11: 19 | BJ11: 2 | BK11: 0 | BL11: 0 | BM11: 0 | BN11: 0 | BO11: 0 | BP11: 4 | BQ11: 0 | BR11: 10 | BS11: =SUM(BF11:BR11) -> 41 | BW11: أنثى | BX11: 1 | BY11: 4 | BZ11: 1 | CA11: 19 | CB11: 2 | CC11: 0 | CD11: 0 | CE11: 0 | CF11: 0 | CG11: 0 | CH11: 4 | CI11: 0 | CJ11: 10 | CK11: =SUM(BX11:CJ11) -> 41 | CO11: أنثى | CP11: 1 | CQ11: 4 | CR11: 1 | CS11: 19 | CT11: 2 | CU11: 0 | CV11: 0 | CW11: 0 | CX11: 0 | CY11: 0 | CZ11: 4 | DA11: 0 | DB11: 10 | DC11: =SUM(CP11:DB11) -> 41 | DG11: أنثى | DH11: 1 | DI11: 4 | DJ11: 1 | DK11: 19 | DL11: 2 | DM11: 0 | DN11: 0 | DO11: 0 | DP11: 0 | DQ11: 0 | DR11: 4 | DS11: 0 | DT11: 10 | DU11: =SUM(DH11:DT11) -> 41 | DY11: أنثى | DZ11: 1 | EA11: 4 | EB11: 1 | EC11: 19 | ED11: 2 | EE11: 0 | EF11: 0 | EG11: 0 | EH11: 0 | EI11: 0 | EJ11: 4 | EK11: 0 | EL11: 10 | EM11: =SUM(DZ11:EL11) -> 41 | EQ11: أنثى | ER11: 1 | ES11: 4 | ET11: 1 | EU11: 19 | EV11: 2 | EW11: 0 | EX11: 0 | EY11: 0 | EZ11: 0 | FA11: 0 | FB11: 4 | FC11: 0 | FD11: 10 | FE11: =SUM(ER11:FD11) -> 41 | FI11: أنثى | FW11: =SUM(FJ11:FV11) -> 0 | GA11: أنثى | GB11: 0 | GC11: 0 | GD11: 0 | GE11: 0 | GF11: 0 | GG11: 0 | GH11: 0 | GI11: 0 | GJ11: 0 | GK11: 0 | GL11: 0 | GM11: 0 | GN11: 0 | GO11: =SUM(GB11:GN11) -> 0 | GS11: أنثى | GT11: 0 | GU11: 0 | GV11: 0 | GW11: 0 | GX11: 0 | GY11: 0 | GZ11: 0 | HA11: 0 | HB11: 0 | HC11: 0 | HD11: 0 | HE11: 0 | HF11: 0 | HG11: =SUM(GT11:HF11) -> 0 | HK11: أنثى | HL11: =SUM(GT11) -> 0 | HM11: =SUM(GU11) -> 0 | HN11: =SUM(GV11) -> 0 | HO11: =SUM(GW11) -> 0 | HP11: =SUM(GX11) -> 0 | HQ11: =SUM(GY11) -> 0 | HR11: =SUM(GZ11) -> 0 | HS11: =SUM(HA11) -> 0 | ... HX11: =SUM(HF11) -> 0 | HY11: =SUM(HL11:HX11) -> 0
B12: غير | C12: ذكر | D12: 0 | E12: 0 | F12: 0 | G12: 0 | H12: 0 | I12: 0 | J12: 0 | K12: 0 | L12: 0 | M12: 0 | N12: 0 | O12: 0 | P12: 0 | Q12: =SUM(D12:P12) -> 0 | T12: غير | U12: ذكر | V12: 0 | W12: 0 | X12: 0 | Y12: 0 | Z12: 0 | AA12: 0 | AB12: 0 | AC12: 0 | AD12: 0 | AE12: 0 | AF12: 0 | AG12: 0 | AH12: 0 | AI12: =SUM(V12:AH12) -> 0 | AL12: غير | AM12: ذكر | AN12: 0 | AO12: 0 | AP12: 0 | AQ12: 0 | AR12: 0 | AS12: 0 | AT12: 0 | AU12: 0 | AV12: 0 | AW12: 0 | AX12: 0 | AY12: 0 | AZ12: 0 | BA12: =SUM(AN12:AZ12) -> 0 | BD12: غير | BE12: ذكر | BF12: 0 | BG12: 0 | BH12: 0 | BI12: 0 | BJ12: 0 | BK12: 0 | BL12: 0 | BM12: 0 | BN12: 0 | BO12: 0 | BP12: 0 | BQ12: 0 | BR12: 0 | BS12: =SUM(BF12:BR12) -> 0 | BV12: غير | BW12: ذكر | BX12: 0 | BY12: 0 | BZ12: 0 | CA12: 0 | CB12: 0 | CC12: 0 | CD12: 0 | CE12: 0 | CF12: 0 | CG12: 0 | CH12: 0 | CI12: 0 | CJ12: 0 | CK12: =SUM(BX12:CJ12) -> 0 | CN12: غير | CO12: ذكر | CP12: 0 | CQ12: 0 | CR12: 0 | CS12: 0 | CT12: 0 | CU12: 0 | CV12: 0 | CW12: 0 | CX12: 0 | CY12: 0 | CZ12: 0 | DA12: 0 | DB12: 0 | DC12: =SUM(CP12:DB12) -> 0 | DF12: غير | DG12: ذكر | DH12: 0 | DI12: 0 | DJ12: 0 | DK12: 0 | DL12: 0 | DM12: 0 | DN12: 0 | DO12: 0 | DP12: 0 | DQ12: 0 | DR12: 0 | DS12: 0 | DT12: 0 | DU12: =SUM(DH12:DT12) -> 0 | DX12: غير | DY12: ذكر | DZ12: 0 | EA12: 0 | EB12: 0 | EC12: 0 | ED12: 0 | EE12: 0 | EF12: 0 | EG12: 0 | EH12: 0 | EI12: 0 | EJ12: 0 | EK12: 0 | EL12: 0 | EM12: =SUM(DZ12:EL12) -> 0 | EP12: غير | EQ12: ذكر | ER12: 0 | ES12: 0 | ET12: 0 | EU12: 0 | EV12: 0 | EW12: 0 | EX12: 0 | EY12: 0 | EZ12: 0 | FA12: 0 | FB12: 0 | FC12: 0 | FD12: 0 | FE12: =SUM(ER12:FD12) -> 0 | FH12: غير | FI12: ذكر | FW12: =SUM(FJ12:FV12) -> 0 | FZ12: غير | GA12: ذكر | GB12: 0 | GC12: 0 | GD12: 0 | GE12: 0 | GF12: 0 | GG12: 0 | GH12: 0 | GI12: 0 | GJ12: 0 | GK12: 0 | GL12: 0 | GM12: 0 | GN12: 0 | GO12: =SUM(GB12:GN12) -> 0 | GR12: غير | GS12: ذكر | GT12: 0 | GU12: 0 | GV12: 0 | GW12: 0 | GX12: 0 | GY12: 0 | GZ12: 0 | HA12: 0 | HB12: 0 | HC12: 0 | HD12: 0 | HE12: 0 | HF12: 0 | HG12: =SUM(GT12:HF12) -> 0 | HJ12: غير | HK12: ذكر | HL12: =SUM(GT12) -> 0 | HM12: =SUM(GU12) -> 0 | HN12: =SUM(GV12) -> 0 | HO12: =SUM(GW12) -> 0 | HP12: =SUM(GX12) -> 0 | HQ12: =SUM(GY12) -> 0 | HR12: =SUM(GZ12) -> 0 | HS12: =SUM(HA12) -> 0 | ... HX12: =SUM(HF12) -> 0 | HY12: =SUM(HL12:HX12) -> 0
B13: سعودي | C13: أنثى | D13: 0 | E13: 0 | F13: 0 | G13: 0 | H13: 0 | I13: 0 | J13: 0 | K13: 0 | L13: 0 | M13: 0 | N13: 0 | O13: 0 | P13: 0 | Q13: =SUM(D13:P13) -> 0 | T13: سعودي | U13: أنثى | V13: 0 | W13: 0 | X13: 0 | Y13: 0 | Z13: 0 | AA13: 0 | AB13: 0 | AC13: 0 | AD13: 0 | AE13: 0 | AF13: 0 | AG13: 0 | AH13: 0 | AI13: =SUM(V13:AH13) -> 0 | AL13: سعودي | AM13: أنثى | AN13: 0 | AO13: 0 | AP13: 0 | AQ13: 0 | AR13: 0 | AS13: 0 | AT13: 0 | AU13: 0 | AV13: 0 | AW13: 0 | AX13: 0 | AY13: 0 | AZ13: 0 | BA13: =SUM(AN13:AZ13) -> 0 | BD13: سعودي | BE13: أنثى | BF13: 0 | BG13: 0 | BH13: 0 | BI13: 0 | BJ13: 0 | BK13: 0 | BL13: 0 | BM13: 0 | BN13: 0 | BO13: 0 | BP13: 0 | BQ13: 0 | BR13: 0 | BS13: =SUM(BF13:BR13) -> 0 | BV13: سعودي | BW13: أنثى | BX13: 0 | BY13: 0 | BZ13: 0 | CA13: 0 | CB13: 0 | CC13: 0 | CD13: 0 | CE13: 0 | CF13: 0 | CG13: 0 | CH13: 0 | CI13: 0 | CJ13: 0 | CK13: =SUM(BX13:CJ13) -> 0 | CN13: سعودي | CO13: أنثى | CP13: 0 | CQ13: 0 | CR13: 0 | CS13: 0 | CT13: 0 | CU13: 0 | CV13: 0 | CW13: 0 | CX13: 0 | CY13: 0 | CZ13: 0 | DA13: 0 | DB13: 0 | DC13: =SUM(CP13:DB13) -> 0 | DF13: سعودي | DG13: أنثى | DH13: 0 | DI13: 0 | DJ13: 0 | DK13: 0 | DL13: 0 | DM13: 0 | DN13: 0 | DO13: 0 | DP13: 0 | DQ13: 0 | DR13: 0 | DS13: 0 | DT13: 0 | DU13: =SUM(DH13:DT13) -> 0 | DX13: سعودي | DY13: أنثى | DZ13: 0 | EA13: 0 | EB13: 0 | EC13: 0 | ED13: 0 | EE13: 0 | EF13: 0 | EG13: 0 | EH13: 0 | EI13: 0 | EJ13: 0 | EK13: 0 | EL13: 0 | EM13: =SUM(DZ13:EL13) -> 0 | EP13: سعودي | EQ13: أنثى | ER13: 0 | ES13: 0 | ET13: 0 | EU13: 0 | EV13: 0 | EW13: 0 | EX13: 0 | EY13: 0 | EZ13: 0 | FA13: 0 | FB13: 0 | FC13: 0 | FD13: 0 | FE13: =SUM(ER13:FD13) -> 0 | FH13: سعودي | FI13: أنثى | FW13: =SUM(FJ13:FV13) -> 0 | FZ13: سعودي | GA13: أنثى | GB13: 0 | GC13: 0 | GD13: 0 | GE13: 0 | GF13: 0 | GG13: 0 | GH13: 0 | GI13: 0 | GJ13: 0 | GK13: 0 | GL13: 0 | GM13: 0 | GN13: 0 | GO13: =SUM(GB13:GN13) -> 0 | GR13: سعودي | GS13: أنثى | GT13: 0 | GU13: 0 | GV13: 0 | GW13: 0 | GX13: 0 | GY13: 0 | GZ13: 0 | HA13: 0 | HB13: 0 | HC13: 0 | HD13: 0 | HE13: 0 | HF13: 0 | HG13: =SUM(GT13:HF13) -> 0 | HJ13: سعودي | HK13: أنثى | HL13: =SUM(GT13) -> 0 | HM13: =SUM(GU13) -> 0 | HN13: =SUM(GV13) -> 0 | HO13: =SUM(GW13) -> 0 | HP13: =SUM(GX13) -> 0 | HQ13: =SUM(GY13) -> 0 | HR13: =SUM(GZ13) -> 0 | HS13: =SUM(HA13) -> 0 | ... HX13: =SUM(HF13) -> 0 | HY13: =SUM(HL13:HX13) -> 0
B14: المجموع | D14: =SUM(D10:D13) -> 4 | E14: =SUM(E10:E13) -> 8 | F14: =SUM(F10:F13) -> 3 | G14: =SUM(G10:G13) -> 22 | H14: =SUM(H10:H13) -> 2 | I14: =SUM(I10:I13) -> 0 | J14: =SUM(J10:J13) -> 2 | K14: =SUM(K10:K13) -> 0 | ... Q14: =SUM(Q10:Q13) -> 60 | T14: المجموع | V14: =SUM(V10:V13) -> 4 | W14: =SUM(W10:W13) -> 8 | X14: =SUM(X10:X13) -> 3 | Y14: =SUM(Y10:Y13) -> 22 | Z14: =SUM(Z10:Z13) -> 2 | AA14: =SUM(AA10:AA13) -> 0 | AB14: =SUM(AB10:AB13) -> 2 | AC14: =SUM(AC10:AC13) -> 0 | ... AI14: =SUM(AI10:AI13) -> 60 | AL14: المجموع | AN14: =SUM(AN10:AN13) -> 4 | AO14: =SUM(AO10:AO13) -> 8 | AP14: =SUM(AP10:AP13) -> 3 | AQ14: =SUM(AQ10:AQ13) -> 22 | AR14: =SUM(AR10:AR13) -> 2 | AS14: =SUM(AS10:AS13) -> 0 | AT14: =SUM(AT10:AT13) -> 2 | AU14: =SUM(AU10:AU13) -> 0 | ... BA14: =SUM(BA10:BA13) -> 60 | BD14: المجموع | BF14: =SUM(BF10:BF13) -> 4 | BG14: =SUM(BG10:BG13) -> 8 | BH14: =SUM(BH10:BH13) -> 3 | BI14: =SUM(BI10:BI13) -> 22 | BJ14: =SUM(BJ10:BJ13) -> 2 | BK14: =SUM(BK10:BK13) -> 0 | BL14: =SUM(BL10:BL13) -> 2 | BM14: =SUM(BM10:BM13) -> 0 | ... BS14: =SUM(BS10:BS13) -> 60 | BV14: المجموع | BX14: =SUM(BX10:BX13) -> 4 | BY14: =SUM(BY10:BY13) -> 8 | BZ14: =SUM(BZ10:BZ13) -> 3 | CA14: =SUM(CA10:CA13) -> 22 | CB14: =SUM(CB10:CB13) -> 2 | CC14: =SUM(CC10:CC13) -> 0 | CD14: =SUM(CD10:CD13) -> 2 | CE14: =SUM(CE10:CE13) -> 0 | ... CK14: =SUM(CK10:CK13) -> 60 | CN14: المجموع | CP14: =SUM(CP10:CP13) -> 4 | CQ14: =SUM(CQ10:CQ13) -> 8 | CR14: =SUM(CR10:CR13) -> 3 | CS14: =SUM(CS10:CS13) -> 22 | CT14: =SUM(CT10:CT13) -> 2 | CU14: =SUM(CU10:CU13) -> 0 | CV14: =SUM(CV10:CV13) -> 2 | CW14: =SUM(CW10:CW13) -> 0 | ... DC14: =SUM(DC10:DC13) -> 60 | DF14: المجموع | DH14: =SUM(DH10:DH13) -> 4 | DI14: =SUM(DI10:DI13) -> 8 | DJ14: =SUM(DJ10:DJ13) -> 3 | DK14: =SUM(DK10:DK13) -> 22 | DL14: =SUM(DL10:DL13) -> 2 | DM14: =SUM(DM10:DM13) -> 0 | DN14: =SUM(DN10:DN13) -> 2 | DO14: =SUM(DO10:DO13) -> 0 | ... DU14: =SUM(DU10:DU13) -> 60 | DX14: المجموع | DZ14: =SUM(DZ10:DZ13) -> 4 | EA14: =SUM(EA10:EA13) -> 8 | EB14: =SUM(EB10:EB13) -> 3 | EC14: =SUM(EC10:EC13) -> 22 | ED14: =SUM(ED10:ED13) -> 2 | EE14: =SUM(EE10:EE13) -> 0 | EF14: =SUM(EF10:EF13) -> 2 | EG14: =SUM(EG10:EG13) -> 0 | ... EM14: =SUM(EM10:EM13) -> 60 | EP14: المجموع | ER14: =SUM(ER10:ER13) -> 4 | ES14: =SUM(ES10:ES13) -> 8 | ET14: =SUM(ET10:ET13) -> 3 | EU14: =SUM(EU10:EU13) -> 22 | EV14: =SUM(EV10:EV13) -> 2 | EW14: =SUM(EW10:EW13) -> 0 | EX14: =SUM(EX10:EX13) -> 2 | EY14: =SUM(EY10:EY13) -> 0 | ... FE14: =SUM(FE10:FE13) -> 60 | FH14: المجموع | FJ14: =SUM(FJ10:FJ13) -> 0 | FK14: =SUM(FK10:FK13) -> 0 | FL14: =SUM(FL10:FL13) -> 0 | FM14: =SUM(FM10:FM13) -> 0 | FN14: =SUM(FN10:FN13) -> 0 | FO14: =SUM(FO10:FO13) -> 0 | FP14: =SUM(FP10:FP13) -> 0 | FQ14: =SUM(FQ10:FQ13) -> 0 | ... FW14: =SUM(FW10:FW13) -> 0 | FZ14: المجموع | GB14: =SUM(GB10:GB13) -> 0 | GC14: =SUM(GC10:GC13) -> 0 | GD14: =SUM(GD10:GD13) -> 0 | GE14: =SUM(GE10:GE13) -> 0 | GF14: =SUM(GF10:GF13) -> 0 | GG14: =SUM(GG10:GG13) -> 0 | GH14: =SUM(GH10:GH13) -> 0 | GI14: =SUM(GI10:GI13) -> 0 | ... GO14: =SUM(GO10:GO13) -> 0 | GR14: المجموع | GT14: =SUM(GT10:GT13) -> 0 | GU14: =SUM(GU10:GU13) -> 0 | GV14: =SUM(GV10:GV13) -> 0 | GW14: =SUM(GW10:GW13) -> 0 | GX14: =SUM(GX10:GX13) -> 0 | GY14: =SUM(GY10:GY13) -> 0 | GZ14: =SUM(GZ10:GZ13) -> 0 | HA14: =SUM(HA10:HA13) -> 0 | ... HG14: =SUM(HG10:HG13) -> 0 | HJ14: المجموع | HL14: =SUM(HL10:HL13) -> 0 | HM14: =SUM(HM10:HM13) -> 0 | HN14: =SUM(HN10:HN13) -> 0 | HO14: =SUM(HO10:HO13) -> 0 | HP14: =SUM(HP10:HP13) -> 0 | HQ14: =SUM(HQ10:HQ13) -> 0 | HR14: =SUM(HR10:HR13) -> 0 | HS14: =SUM(HS10:HS13) -> 0 | ... HY14: =SUM(HY10:HY13) -> 0
A15: السليمانية | B15: سعودي | C15: ذكر | D15: 0 | E15: 10 | F15: 3 | G15: 5 | H15: 0 | I15: 0 | K15: 0 | L15: 0 | M15: 0 | N15: 1 | O15: 1 | P15: 0 | Q15: =SUM(D15:P15) -> 20 | S15: السليمانية | T15: سعودي | U15: ذكر | V15: 0 | W15: 10 | X15: 3 | Y15: 5 | Z15: 0 | AA15: 0 | AC15: 0 | AD15: 0 | AE15: 0 | AF15: 1 | AG15: 1 | AH15: 0 | AI15: =SUM(V15:AH15) -> 20 | AK15: السليمانية | AL15: سعودي | AM15: ذكر | AN15: 0 | AO15: 10 | AP15: 3 | AQ15: 5 | AR15: 0 | AS15: 0 | AU15: 0 | AV15: 0 | AW15: 0 | AX15: 1 | AY15: 1 | AZ15: 0 | BA15: =SUM(AN15:AZ15) -> 20 | BC15: السليمانية | BD15: سعودي | BE15: ذكر | BF15: 0 | BG15: 10 | BH15: 3 | BI15: 5 | BJ15: 0 | BK15: 0 | BM15: 0 | BN15: 0 | BO15: 0 | BP15: 1 | BQ15: 1 | BR15: 0 | BS15: =SUM(BF15:BR15) -> 20 | BU15: السليمانية | BV15: سعودي | BW15: ذكر | BX15: 0 | BY15: 10 | BZ15: 3 | CA15: 5 | CB15: 0 | CC15: 0 | CE15: 0 | CF15: 0 | CG15: 0 | CH15: 1 | CI15: 1 | CJ15: 0 | CK15: =SUM(BX15:CJ15) -> 20 | CM15: السليمانية | CN15: سعودي | CO15: ذكر | CP15: 0 | CQ15: 10 | CR15: 3 | CS15: 5 | CT15: 0 | CU15: 0 | CW15: 0 | CX15: 0 | CY15: 0 | CZ15: 1 | DA15: 1 | DB15: 0 | DC15: =SUM(CP15:DB15) -> 20 | DE15: السليمانية | DF15: سعودي | DG15: ذكر | DH15: 0 | DI15: 10 | DJ15: 3 | DK15: 5 | DL15: 0 | DM15: 0 | DO15: 0 | DP15: 0 | DQ15: 0 | DR15: 1 | DS15: 1 | DT15: 0 | DU15: =SUM(DH15:DT15) -> 20 | DW15: السليمانية | DX15: سعودي | DY15: ذكر | DZ15: 0 | EA15: 10 | EB15: 3 | EC15: 5 | ED15: 0 | EE15: 0 | EG15: 0 | EH15: 0 | EI15: 0 | EJ15: 1 | EK15: 1 | EL15: 0 | EM15: =SUM(DZ15:EL15) -> 20 | EO15: السليمانية | EP15: سعودي | EQ15: ذكر | ER15: 0 | ES15: 10 | ET15: 3 | EU15: 5 | EV15: 0 | EW15: 0 | EY15: 0 | EZ15: 0 | FA15: 0 | FB15: 1 | FC15: 1 | FD15: 0 | FE15: =SUM(ER15:FD15) -> 20 | FG15: السليمانية | FH15: سعودي | FI15: ذكر | FJ15: 0 | FK15: 10 | FL15: 3 | FM15: 5 | FN15: 0 | FO15: 0 | FQ15: 0 | FR15: 0 | FS15: 0 | FT15: 1 | FU15: 1 | FV15: 0 | FW15: =SUM(FJ15:FV15) -> 20 | FY15: السليمانية | FZ15: سعودي | GA15: ذكر | GB15: 0 | GC15: 0 | GD15: 0 | GE15: 0 | GF15: 0 | GG15: 0 | GH15: 0 | GI15: 0 | GJ15: 0 | GK15: 0 | GL15: 0 | GM15: 0 | GN15: 0 | GO15: =SUM(GB15:GN15) -> 0 | GQ15: السليمانية | GR15: سعودي | GS15: ذكر | GT15: 0 | GU15: 0 | GV15: 0 | GW15: 0 | GX15: 0 | GY15: 0 | GZ15: 0 | HA15: 0 | HB15: 0 | HC15: 0 | HD15: 0 | HE15: 0 | HF15: 0 | HG15: =SUM(GT15:HF15) -> 0 | HI15: =GQ15 -> السليمانية | HJ15: سعودي | HK15: ذكر | HL15: =SUM(GT15) -> 0 | HM15: =SUM(GU15) -> 0 | HN15: =SUM(GV15) -> 0 | HO15: =SUM(GW15) -> 0 | HP15: =SUM(GX15) -> 0 | HQ15: =SUM(GY15) -> 0 | HR15: =SUM(GZ15) -> 0 | HS15: =SUM(HA15) -> 0 | ... HX15: =SUM(HF15) -> 0 | HY15: =SUM(HL15:HX15) -> 0
C16: أنثى | D16: 0 | E16: 4 | F16: 0 | G16: 25 | H16: 0 | I16: 0 | J16: 1 | K16: 1 | L16: 0 | M16: 0 | N16: 2 | O16: 0 | P16: 0 | Q16: =SUM(D16:P16) -> 33 | U16: أنثى | V16: 0 | W16: 4 | X16: 0 | Y16: 25 | Z16: 0 | AA16: 0 | AB16: 1 | AC16: 1 | AD16: 0 | AE16: 0 | AF16: 2 | AG16: 0 | AH16: 0 | AI16: =SUM(V16:AH16) -> 33 | AM16: أنثى | AN16: 0 | AO16: 4 | AP16: 0 | AQ16: 25 | AR16: 0 | AS16: 0 | AT16: 1 | AU16: 1 | AV16: 0 | AW16: 0 | AX16: 2 | AY16: 0 | AZ16: 0 | BA16: =SUM(AN16:AZ16) -> 33 | BE16: أنثى | BF16: 0 | BG16: 4 | BH16: 0 | BI16: 25 | BJ16: 0 | BK16: 0 | BL16: 1 | BM16: 1 | BN16: 0 | BO16: 0 | BP16: 2 | BQ16: 0 | BR16: 0 | BS16: =SUM(BF16:BR16) -> 33 | BW16: أنثى | BX16: 0 | BY16: 4 | BZ16: 0 | CA16: 25 | CB16: 0 | CC16: 0 | CD16: 1 | CE16: 1 | CF16: 0 | CG16: 0 | CH16: 2 | CI16: 0 | CJ16: 0 | CK16: =SUM(BX16:CJ16) -> 33 | CO16: أنثى | CP16: 0 | CQ16: 4 | CR16: 0 | CS16: 25 | CT16: 0 | CU16: 0 | CV16: 1 | CW16: 1 | CX16: 0 | CY16: 0 | CZ16: 2 | DA16: 0 | DB16: 0 | DC16: =SUM(CP16:DB16) -> 33 | DG16: أنثى | DH16: 0 | DI16: 4 | DJ16: 0 | DK16: 25 | DL16: 0 | DM16: 0 | DN16: 1 | DO16: 1 | DP16: 0 | DQ16: 0 | DR16: 2 | DS16: 0 | DT16: 0 | DU16: =SUM(DH16:DT16) -> 33 | DY16: أنثى | DZ16: 0 | EA16: 4 | EB16: 0 | EC16: 25 | ED16: 0 | EE16: 0 | EF16: 1 | EG16: 1 | EH16: 0 | EI16: 0 | EJ16: 2 | EK16: 0 | EL16: 0 | EM16: =SUM(DZ16:EL16) -> 33 | EQ16: أنثى | ER16: 0 | ES16: 4 | ET16: 0 | EU16: 25 | EV16: 0 | EW16: 0 | EX16: 1 | EY16: 1 | EZ16: 0 | FA16: 0 | FB16: 2 | FC16: 0 | FD16: 0 | FE16: =SUM(ER16:FD16) -> 33 | FI16: أنثى | FJ16: 0 | FK16: 4 | FL16: 0 | FM16: 25 | FN16: 0 | FO16: 0 | FP16: 1 | FQ16: 1 | FR16: 0 | FS16: 0 | FT16: 2 | FU16: 0 | FV16: 0 | FW16: =SUM(FJ16:FV16) -> 33 | GA16: أنثى | GB16: 0 | GC16: 0 | GD16: 0 | GE16: 0 | GF16: 0 | GG16: 0 | GH16: 0 | GI16: 0 | GJ16: 0 | GK16: 0 | GL16: 0 | GM16: 0 | GN16: 0 | GO16: =SUM(GB16:GN16) -> 0 | GS16: أنثى | GT16: 0 | GU16: 0 | GV16: 0 | GW16: 0 | GX16: 0 | GY16: 0 | GZ16: 0 | HA16: 0 | HB16: 0 | HC16: 0 | HD16: 0 | HE16: 0 | HF16: 0 | HG16: =SUM(GT16:HF16) -> 0 | HK16: أنثى | HL16: =SUM(GT16) -> 0 | HM16: =SUM(GU16) -> 0 | HN16: =SUM(GV16) -> 0 | HO16: =SUM(GW16) -> 0 | HP16: =SUM(GX16) -> 0 | HQ16: =SUM(GY16) -> 0 | HR16: =SUM(GZ16) -> 0 | HS16: =SUM(HA16) -> 0 | ... HX16: =SUM(HF16) -> 0 | HY16: =SUM(HL16:HX16) -> 0
B17: غير | C17: ذكر | D17: 0 | E17: 0 | F17: 0 | G17: 0 | H17: 0 | I17: 0 | J17: 0 | K17: 0 | L17: 0 | M17: 0 | N17: 0 | O17: 0 | P17: 0 | Q17: =SUM(D17:P17) -> 0 | T17: غير | U17: ذكر | V17: 0 | W17: 0 | X17: 0 | Y17: 0 | Z17: 0 | AA17: 0 | AB17: 0 | AC17: 0 | AD17: 0 | AE17: 0 | AF17: 0 | AG17: 0 | AH17: 0 | AI17: =SUM(V17:AH17) -> 0 | AL17: غير | AM17: ذكر | AN17: 0 | AO17: 0 | AP17: 0 | AQ17: 0 | AR17: 0 | AS17: 0 | AT17: 0 | AU17: 0 | AV17: 0 | AW17: 0 | AX17: 0 | AY17: 0 | AZ17: 0 | BA17: =SUM(AN17:AZ17) -> 0 | BD17: غير | BE17: ذكر | BF17: 0 | BG17: 0 | BH17: 0 | BI17: 0 | BJ17: 0 | BK17: 0 | BL17: 0 | BM17: 0 | BN17: 0 | BO17: 0 | BP17: 0 | BQ17: 0 | BR17: 0 | BS17: =SUM(BF17:BR17) -> 0 | BV17: غير | BW17: ذكر | BX17: 0 | BY17: 0 | BZ17: 0 | CA17: 0 | CB17: 0 | CC17: 0 | CD17: 0 | CE17: 0 | CF17: 0 | CG17: 0 | CH17: 0 | CI17: 0 | CJ17: 0 | CK17: =SUM(BX17:CJ17) -> 0 | CN17: غير | CO17: ذكر | CP17: 0 | CQ17: 0 | CR17: 0 | CS17: 0 | CT17: 0 | CU17: 0 | CV17: 0 | CW17: 0 | CX17: 0 | CY17: 0 | CZ17: 0 | DA17: 0 | DB17: 0 | DC17: =SUM(CP17:DB17) -> 0 | DF17: غير | DG17: ذكر | DH17: 0 | DI17: 0 | DJ17: 0 | DK17: 0 | DL17: 0 | DM17: 0 | DN17: 0 | DO17: 0 | DP17: 0 | DQ17: 0 | DR17: 0 | DS17: 0 | DT17: 0 | DU17: =SUM(DH17:DT17) -> 0 | DX17: غير | DY17: ذكر | DZ17: 0 | EA17: 0 | EB17: 0 | EC17: 0 | ED17: 0 | EE17: 0 | EF17: 0 | EG17: 0 | EH17: 0 | EI17: 0 | EJ17: 0 | EK17: 0 | EL17: 0 | EM17: =SUM(DZ17:EL17) -> 0 | EP17: غير | EQ17: ذكر | ER17: 0 | ES17: 0 | ET17: 0 | EU17: 0 | EV17: 0 | EW17: 0 | EX17: 0 | EY17: 0 | EZ17: 0 | FA17: 0 | FB17: 0 | FC17: 0 | FD17: 0 | FE17: =SUM(ER17:FD17) -> 0 | FH17: غير | FI17: ذكر | FJ17: 0 | FK17: 0 | FL17: 0 | FM17: 0 | FN17: 0 | FO17: 0 | FP17: 0 | FQ17: 0 | FR17: 0 | FS17: 0 | FT17: 0 | FU17: 0 | FV17: 0 | FW17: =SUM(FJ17:FV17) -> 0 | FZ17: غير | GA17: ذكر | GB17: 0 | GC17: 0 | GD17: 0 | GE17: 0 | GF17: 0 | GG17: 0 | GH17: 0 | GI17: 0 | GJ17: 0 | GK17: 0 | GL17: 0 | GM17: 0 | GN17: 0 | GO17: =SUM(GB17:GN17) -> 0 | GR17: غير | GS17: ذكر | GT17: 0 | GU17: 0 | GV17: 0 | GW17: 0 | GX17: 0 | GY17: 0 | GZ17: 0 | HA17: 0 | HB17: 0 | HC17: 0 | HD17: 0 | HE17: 0 | HF17: 0 | HG17: =SUM(GT17:HF17) -> 0 | HJ17: غير | HK17: ذكر | HL17: =SUM(GT17) -> 0 | HM17: =SUM(GU17) -> 0 | HN17: =SUM(GV17) -> 0 | HO17: =SUM(GW17) -> 0 | HP17: =SUM(GX17) -> 0 | HQ17: =SUM(GY17) -> 0 | HR17: =SUM(GZ17) -> 0 | HS17: =SUM(HA17) -> 0 | ... HX17: =SUM(HF17) -> 0 | HY17: =SUM(HL17:HX17) -> 0
B18: سعودي | C18: أنثى | D18: 0 | E18: 0 | F18: 0 | G18: 0 | H18: 0 | I18: 0 | J18: 0 | K18: 0 | L18: 0 | M18: 0 | N18: 0 | O18: 0 | P18: 0 | Q18: =SUM(D18:P18) -> 0 | T18: سعودي | U18: أنثى | V18: 0 | W18: 0 | X18: 0 | Y18: 0 | Z18: 0 | AA18: 0 | AB18: 0 | AC18: 0 | AD18: 0 | AE18: 0 | AF18: 0 | AG18: 0 | AH18: 0 | AI18: =SUM(V18:AH18) -> 0 | AL18: سعودي | AM18: أنثى | AN18: 0 | AO18: 0 | AP18: 0 | AQ18: 0 | AR18: 0 | AS18: 0 | AT18: 0 | AU18: 0 | AV18: 0 | AW18: 0 | AX18: 0 | AY18: 0 | AZ18: 0 | BA18: =SUM(AN18:AZ18) -> 0 | BD18: سعودي | BE18: أنثى | BF18: 0 | BG18: 0 | BH18: 0 | BI18: 0 | BJ18: 0 | BK18: 0 | BL18: 0 | BM18: 0 | BN18: 0 | BO18: 0 | BP18: 0 | BQ18: 0 | BR18: 0 | BS18: =SUM(BF18:BR18) -> 0 | BV18: سعودي | BW18: أنثى | BX18: 0 | BY18: 0 | BZ18: 0 | CA18: 0 | CB18: 0 | CC18: 0 | CD18: 0 | CE18: 0 | CF18: 0 | CG18: 0 | CH18: 0 | CI18: 0 | CJ18: 0 | CK18: =SUM(BX18:CJ18) -> 0 | CN18: سعودي | CO18: أنثى | CP18: 0 | CQ18: 0 | CR18: 0 | CS18: 0 | CT18: 0 | CU18: 0 | CV18: 0 | CW18: 0 | CX18: 0 | CY18: 0 | CZ18: 0 | DA18: 0 | DB18: 0 | DC18: =SUM(CP18:DB18) -> 0 | DF18: سعودي | DG18: أنثى | DH18: 0 | DI18: 0 | DJ18: 0 | DK18: 0 | DL18: 0 | DM18: 0 | DN18: 0 | DO18: 0 | DP18: 0 | DQ18: 0 | DR18: 0 | DS18: 0 | DT18: 0 | DU18: =SUM(DH18:DT18) -> 0 | DX18: سعودي | DY18: أنثى | DZ18: 0 | EA18: 0 | EB18: 0 | EC18: 0 | ED18: 0 | EE18: 0 | EF18: 0 | EG18: 0 | EH18: 0 | EI18: 0 | EJ18: 0 | EK18: 0 | EL18: 0 | EM18: =SUM(DZ18:EL18) -> 0 | EP18: سعودي | EQ18: أنثى | ER18: 0 | ES18: 0 | ET18: 0 | EU18: 0 | EV18: 0 | EW18: 0 | EX18: 0 | EY18: 0 | EZ18: 0 | FA18: 0 | FB18: 0 | FC18: 0 | FD18: 0 | FE18: =SUM(ER18:FD18) -> 0 | FH18: سعودي | FI18: أنثى | FJ18: 0 | FK18: 0 | FL18: 0 | FM18: 0 | FN18: 0 | FO18: 0 | FP18: 0 | FQ18: 0 | FR18: 0 | FS18: 0 | FT18: 0 | FU18: 0 | FV18: 0 | FW18: =SUM(FJ18:FV18) -> 0 | FZ18: سعودي | GA18: أنثى | GB18: 0 | GC18: 0 | GD18: 0 | GE18: 0 | GF18: 0 | GG18: 0 | GH18: 0 | GI18: 0 | GJ18: 0 | GK18: 0 | GL18: 0 | GM18: 0 | GN18: 0 | GO18: =SUM(GB18:GN18) -> 0 | GR18: سعودي | GS18: أنثى | GT18: 0 | GU18: 0 | GV18: 0 | GW18: 0 | GX18: 0 | GY18: 0 | GZ18: 0 | HA18: 0 | HB18: 0 | HC18: 0 | HD18: 0 | HE18: 0 | HF18: 0 | HG18: =SUM(GT18:HF18) -> 0 | HJ18: سعودي | HK18: أنثى | HL18: =SUM(GT18) -> 0 | HM18: =SUM(GU18) -> 0 | HN18: =SUM(GV18) -> 0 | HO18: =SUM(GW18) -> 0 | HP18: =SUM(GX18) -> 0 | HQ18: =SUM(GY18) -> 0 | HR18: =SUM(GZ18) -> 0 | HS18: =SUM(HA18) -> 0 | ... HX18: =SUM(HF18) -> 0 | HY18: =SUM(HL18:HX18) -> 0
B19: المجموع | D19: =SUM(D15:D18) -> 0 | E19: =SUM(E15:E18) -> 14 | F19: =SUM(F15:F18) -> 3 | G19: =SUM(G15:G18) -> 30 | H19: =SUM(H15:H18) -> 0 | I19: =SUM(I15:I18) -> 0 | J19: =SUM(J15:J18) -> 1 | K19: =SUM(K15:K18) -> 1 | ... Q19: =SUM(Q15:Q18) -> 53 | T19: المجموع | V19: =SUM(V15:V18) -> 0 | W19: =SUM(W15:W18) -> 14 | X19: =SUM(X15:X18) -> 3 | Y19: =SUM(Y15:Y18) -> 30 | Z19: =SUM(Z15:Z18) -> 0 | AA19: =SUM(AA15:AA18) -> 0 | AB19: =SUM(AB15:AB18) -> 1 | AC19: =SUM(AC15:AC18) -> 1 | ... AI19: =SUM(AI15:AI18) -> 53 | AL19: المجموع | AN19: =SUM(AN15:AN18) -> 0 | AO19: =SUM(AO15:AO18) -> 14 | AP19: =SUM(AP15:AP18) -> 3 | AQ19: =SUM(AQ15:AQ18) -> 30 | AR19: =SUM(AR15:AR18) -> 0 | AS19: =SUM(AS15:AS18) -> 0 | AT19: =SUM(AT15:AT18) -> 1 | AU19: =SUM(AU15:AU18) -> 1 | ... BA19: =SUM(BA15:BA18) -> 53 | BD19: المجموع | BF19: =SUM(BF15:BF18) -> 0 | BG19: =SUM(BG15:BG18) -> 14 | BH19: =SUM(BH15:BH18) -> 3 | BI19: =SUM(BI15:BI18) -> 30 | BJ19: =SUM(BJ15:BJ18) -> 0 | BK19: =SUM(BK15:BK18) -> 0 | BL19: =SUM(BL15:BL18) -> 1 | BM19: =SUM(BM15:BM18) -> 1 | ... BS19: =SUM(BS15:BS18) -> 53 | BV19: المجموع | BX19: =SUM(BX15:BX18) -> 0 | BY19: =SUM(BY15:BY18) -> 14 | BZ19: =SUM(BZ15:BZ18) -> 3 | CA19: =SUM(CA15:CA18) -> 30 | CB19: =SUM(CB15:CB18) -> 0 | CC19: =SUM(CC15:CC18) -> 0 | CD19: =SUM(CD15:CD18) -> 1 | CE19: =SUM(CE15:CE18) -> 1 | ... CK19: =SUM(CK15:CK18) -> 53 | CN19: المجموع | CP19: =SUM(CP15:CP18) -> 0 | CQ19: =SUM(CQ15:CQ18) -> 14 | CR19: =SUM(CR15:CR18) -> 3 | CS19: =SUM(CS15:CS18) -> 30 | CT19: =SUM(CT15:CT18) -> 0 | CU19: =SUM(CU15:CU18) -> 0 | CV19: =SUM(CV15:CV18) -> 1 | CW19: =SUM(CW15:CW18) -> 1 | ... DC19: =SUM(DC15:DC18) -> 53 | DF19: المجموع | DH19: =SUM(DH15:DH18) -> 0 | DI19: =SUM(DI15:DI18) -> 14 | DJ19: =SUM(DJ15:DJ18) -> 3 | DK19: =SUM(DK15:DK18) -> 30 | DL19: =SUM(DL15:DL18) -> 0 | DM19: =SUM(DM15:DM18) -> 0 | DN19: =SUM(DN15:DN18) -> 1 | DO19: =SUM(DO15:DO18) -> 1 | ... DU19: =SUM(DU15:DU18) -> 53 | DX19: المجموع | DZ19: =SUM(DZ15:DZ18) -> 0 | EA19: =SUM(EA15:EA18) -> 14 | EB19: =SUM(EB15:EB18) -> 3 | EC19: =SUM(EC15:EC18) -> 30 | ED19: =SUM(ED15:ED18) -> 0 | EE19: =SUM(EE15:EE18) -> 0 | EF19: =SUM(EF15:EF18) -> 1 | EG19: =SUM(EG15:EG18) -> 1 | ... EM19: =SUM(EM15:EM18) -> 53 | EP19: المجموع | ER19: =SUM(ER15:ER18) -> 0 | ES19: =SUM(ES15:ES18) -> 14 | ET19: =SUM(ET15:ET18) -> 3 | EU19: =SUM(EU15:EU18) -> 30 | EV19: =SUM(EV15:EV18) -> 0 | EW19: =SUM(EW15:EW18) -> 0 | EX19: =SUM(EX15:EX18) -> 1 | EY19: =SUM(EY15:EY18) -> 1 | ... FE19: =SUM(FE15:FE18) -> 53 | FH19: المجموع | FJ19: =SUM(FJ15:FJ18) -> 0 | FK19: =SUM(FK15:FK18) -> 14 | FL19: =SUM(FL15:FL18) -> 3 | FM19: =SUM(FM15:FM18) -> 30 | FN19: =SUM(FN15:FN18) -> 0 | FO19: =SUM(FO15:FO18) -> 0 | FP19: =SUM(FP15:FP18) -> 1 | FQ19: =SUM(FQ15:FQ18) -> 1 | ... FW19: =SUM(FW15:FW18) -> 53 | FZ19: المجموع | GB19: =SUM(GB15:GB18) -> 0 | GC19: =SUM(GC15:GC18) -> 0 | GD19: =SUM(GD15:GD18) -> 0 | GE19: =SUM(GE15:GE18) -> 0 | GF19: =SUM(GF15:GF18) -> 0 | GG19: =SUM(GG15:GG18) -> 0 | GH19: =SUM(GH15:GH18) -> 0 | GI19: =SUM(GI15:GI18) -> 0 | ... GO19: =SUM(GO15:GO18) -> 0 | GR19: المجموع | GT19: =SUM(GT15:GT18) -> 0 | GU19: =SUM(GU15:GU18) -> 0 | GV19: =SUM(GV15:GV18) -> 0 | GW19: =SUM(GW15:GW18) -> 0 | GX19: =SUM(GX15:GX18) -> 0 | GY19: =SUM(GY15:GY18) -> 0 | GZ19: =SUM(GZ15:GZ18) -> 0 | HA19: =SUM(HA15:HA18) -> 0 | ... HG19: =SUM(HG15:HG18) -> 0 | HJ19: المجموع | HL19: =SUM(HL15:HL18) -> 0 | HM19: =SUM(HM15:HM18) -> 0 | HN19: =SUM(HN15:HN18) -> 0 | HO19: =SUM(HO15:HO18) -> 0 | HP19: =SUM(HP15:HP18) -> 0 | HQ19: =SUM(HQ15:HQ18) -> 0 | HR19: =SUM(HR15:HR18) -> 0 | HS19: =SUM(HS15:HS18) -> 0 | ... HY19: =SUM(HY15:HY18) -> 0
A20: المطار القديم | B20: سعودي | C20: ذكر | D20: 1 | E20: 2 | F20: 3 | G20: 3 | H20: 0 | I20: 0 | J20: 2 | K20: 0 | L20: 1 | M20: 0 | N20: 6 | O20: 1 | P20: 4 | Q20: =SUM(D20:P20) -> 23 | S20: المطار القديم | T20: سعودي | U20: ذكر | V20: 1 | W20: 2 | X20: 3 | Y20: 3 | Z20: 0 | AA20: 0 | AB20: 2 | AC20: 0 | AD20: 1 | AE20: 0 | AF20: 6 | AG20: 1 | AH20: 4 | AI20: =SUM(V20:AH20) -> 23 | AK20: المطار القديم | AL20: سعودي | AM20: ذكر | AN20: 1 | AO20: 2 | AP20: 3 | AQ20: 3 | AR20: 0 | AS20: 0 | AT20: 2 | AU20: 0 | AV20: 1 | AW20: 0 | AX20: 6 | AY20: 1 | AZ20: 4 | BA20: =SUM(AN20:AZ20) -> 23 | BC20: المطار القديم | BD20: سعودي | BE20: ذكر | BF20: 1 | BG20: 2 | BH20: 3 | BI20: 3 | BJ20: 0 | BK20: 0 | BL20: 2 | BM20: 0 | BN20: 1 | BO20: 0 | BP20: 6 | BQ20: 1 | BR20: 4 | BS20: =SUM(BF20:BR20) -> 23 | BU20: المطار القديم | BV20: سعودي | BW20: ذكر | BX20: 1 | BY20: 2 | BZ20: 3 | CA20: 3 | CB20: 0 | CC20: 0 | CD20: 2 | CE20: 0 | CF20: 1 | CG20: 0 | CH20: 6 | CI20: 1 | CJ20: 4 | CK20: =SUM(BX20:CJ20) -> 23 | CM20: المطار القديم | CN20: سعودي | CO20: ذكر | CP20: 1 | CQ20: 2 | CR20: 3 | CS20: 3 | CT20: 0 | CU20: 0 | CV20: 2 | CW20: 0 | CX20: 1 | CY20: 0 | CZ20: 6 | DA20: 1 | DB20: 4 | DC20: =SUM(CP20:DB20) -> 23 | DE20: المطار القديم | DF20: سعودي | DG20: ذكر | DH20: 1 | DI20: 2 | DJ20: 3 | DK20: 3 | DL20: 0 | DM20: 0 | DN20: 2 | DO20: 0 | DP20: 1 | DQ20: 0 | DR20: 6 | DS20: 1 | DT20: 4 | DU20: =SUM(DH20:DT20) -> 23 | DW20: المطار القديم | DX20: سعودي | DY20: ذكر | DZ20: 1 | EA20: 2 | EB20: 3 | EC20: 3 | ED20: 0 | EE20: 0 | EF20: 2 | EG20: 0 | EH20: 1 | EI20: 0 | EJ20: 6 | EK20: 1 | EL20: 4 | EM20: =SUM(DZ20:EL20) -> 23 | EO20: المطار القديم | EP20: سعودي | EQ20: ذكر | ER20: 1 | ES20: 2 | ET20: 3 | EU20: 3 | EV20: 0 | EW20: 0 | EX20: 2 | EY20: 0 | EZ20: 1 | FA20: 0 | FB20: 6 | FC20: 1 | FD20: 4 | FE20: =SUM(ER20:FD20) -> 23 | FG20: المطار القديم | FH20: سعودي | FI20: ذكر | FJ20: 1 | FK20: 2 | FL20: 3 | FM20: 3 | FN20: 0 | FO20: 0 | FP20: 2 | FQ20: 0 | FR20: 1 | FS20: 0 | FT20: 6 | FU20: 1 | FV20: 4 | FW20: =SUM(FJ20:FV20) -> 23 | FY20: المطار القديم | FZ20: سعودي | GA20: ذكر | GB20: 0 | GC20: 0 | GD20: 0 | GE20: 0 | GF20: 0 | GG20: 0 | GH20: 0 | GI20: 0 | GJ20: 0 | GK20: 0 | GL20: 0 | GM20: 0 | GN20: 0 | GO20: =SUM(GB20:GN20) -> 0 | GQ20: المطار القديم | GR20: سعودي | GS20: ذكر | GT20: 0 | GU20: 0 | GV20: 0 | GW20: 0 | GX20: 0 | GY20: 0 | GZ20: 0 | HA20: 0 | HB20: 0 | HC20: 0 | HD20: 0 | HE20: 0 | HF20: 0 | HG20: =SUM(GT20:HF20) -> 0 | HI20: =GQ20 -> المطار القديم | HJ20: سعودي | HK20: ذكر | HL20: =SUM(GT20) -> 0 | HM20: =SUM(GU20) -> 0 | HN20: =SUM(GV20) -> 0 | HO20: =SUM(GW20) -> 0 | HP20: =SUM(GX20) -> 0 | HQ20: =SUM(GY20) -> 0 | HR20: =SUM(GZ20) -> 0 | HS20: =SUM(HA20) -> 0 | ... HX20: =SUM(HF20) -> 0 | HY20: =SUM(HL20:HX20) -> 0
C21: أنثى | D21: 3 | E21: 2 | F21: 3 | G21: 12 | H21: 0 | I21: 0 | J21: 0 | K21: 0 | L21: 0 | M21: 0 | N21: 9 | O21: 1 | P21: 3 | Q21: =SUM(D21:P21) -> 33 | U21: أنثى | V21: 3 | W21: 2 | X21: 3 | Y21: 12 | Z21: 0 | AA21: 0 | AB21: 0 | AC21: 0 | AD21: 0 | AE21: 0 | AF21: 9 | AG21: 1 | AH21: 3 | AI21: =SUM(V21:AH21) -> 33 | AM21: أنثى | AN21: 3 | AO21: 2 | AP21: 3 | AQ21: 12 | AR21: 0 | AS21: 0 | AT21: 0 | AU21: 0 | AV21: 0 | AW21: 0 | AX21: 9 | AY21: 1 | AZ21: 3 | BA21: =SUM(AN21:AZ21) -> 33 | BE21: أنثى | BF21: 3 | BG21: 2 | BH21: 3 | BI21: 12 | BJ21: 0 | BK21: 0 | BL21: 0 | BM21: 0 | BN21: 0 | BO21: 0 | BP21: 9 | BQ21: 1 | BR21: 3 | BS21: =SUM(BF21:BR21) -> 33 | BW21: أنثى | BX21: 3 | BY21: 2 | BZ21: 3 | CA21: 12 | CB21: 0 | CC21: 0 | CD21: 0 | CE21: 0 | CF21: 0 | CG21: 0 | CH21: 9 | CI21: 1 | CJ21: 3 | CK21: =SUM(BX21:CJ21) -> 33 | CO21: أنثى | CP21: 3 | CQ21: 2 | CR21: 3 | CS21: 12 | CT21: 0 | CU21: 0 | CV21: 0 | CW21: 0 | CX21: 0 | CY21: 0 | CZ21: 9 | DA21: 1 | DB21: 3 | DC21: =SUM(CP21:DB21) -> 33 | DG21: أنثى | DH21: 3 | DI21: 2 | DJ21: 3 | DK21: 12 | DL21: 0 | DM21: 0 | DN21: 0 | DO21: 0 | DP21: 0 | DQ21: 0 | DR21: 9 | DS21: 1 | DT21: 3 | DU21: =SUM(DH21:DT21) -> 33 | DY21: أنثى | DZ21: 3 | EA21: 2 | EB21: 3 | EC21: 12 | ED21: 0 | EE21: 0 | EF21: 0 | EG21: 0 | EH21: 0 | EI21: 0 | EJ21: 9 | EK21: 1 | EL21: 3 | EM21: =SUM(DZ21:EL21) -> 33 | EQ21: أنثى | ER21: 3 | ES21: 2 | ET21: 3 | EU21: 12 | EV21: 0 | EW21: 0 | EX21: 0 | EY21: 0 | EZ21: 0 | FA21: 0 | FB21: 9 | FC21: 1 | FD21: 3 | FE21: =SUM(ER21:FD21) -> 33 | FI21: أنثى | FJ21: 3 | FK21: 2 | FL21: 3 | FM21: 12 | FN21: 0 | FO21: 0 | FP21: 0 | FQ21: 0 | FR21: 0 | FS21: 0 | FT21: 9 | FU21: 1 | FV21: 3 | FW21: =SUM(FJ21:FV21) -> 33 | GA21: أنثى | GB21: 0 | GC21: 0 | GD21: 0 | GE21: 0 | GF21: 0 | GG21: 0 | GH21: 0 | GI21: 0 | GJ21: 0 | GK21: 0 | GL21: 0 | GM21: 0 | GN21: 0 | GO21: =SUM(GB21:GN21) -> 0 | GS21: أنثى | GT21: 0 | GU21: 0 | GV21: 0 | GW21: 0 | GX21: 0 | GY21: 0 | GZ21: 0 | HA21: 0 | HB21: 0 | HC21: 0 | HD21: 0 | HE21: 0 | HF21: 0 | HG21: =SUM(GT21:HF21) -> 0 | HK21: أنثى | HL21: =SUM(GT21) -> 0 | HM21: =SUM(GU21) -> 0 | HN21: =SUM(GV21) -> 0 | HO21: =SUM(GW21) -> 0 | HP21: =SUM(GX21) -> 0 | HQ21: =SUM(GY21) -> 0 | HR21: =SUM(GZ21) -> 0 | HS21: =SUM(HA21) -> 0 | ... HX21: =SUM(HF21) -> 0 | HY21: =SUM(HL21:HX21) -> 0
B22: غير | C22: ذكر | D22: 0 | E22: 0 | F22: 0 | G22: 0 | H22: 0 | I22: 0 | J22: 0 | K22: 0 | L22: 0 | M22: 0 | N22: 0 | O22: 0 | P22: 0 | Q22: =SUM(D22:P22) -> 0 | T22: غير | U22: ذكر | V22: 0 | W22: 0 | X22: 0 | Y22: 0 | Z22: 0 | AA22: 0 | AB22: 0 | AC22: 0 | AD22: 0 | AE22: 0 | AF22: 0 | AG22: 0 | AH22: 0 | AI22: =SUM(V22:AH22) -> 0 | AL22: غير | AM22: ذكر | AN22: 0 | AO22: 0 | AP22: 0 | AQ22: 0 | AR22: 0 | AS22: 0 | AT22: 0 | AU22: 0 | AV22: 0 | AW22: 0 | AX22: 0 | AY22: 0 | AZ22: 0 | BA22: =SUM(AN22:AZ22) -> 0 | BD22: غير | BE22: ذكر | BF22: 0 | BG22: 0 | BH22: 0 | BI22: 0 | BJ22: 0 | BK22: 0 | BL22: 0 | BM22: 0 | BN22: 0 | BO22: 0 | BP22: 0 | BQ22: 0 | BR22: 0 | BS22: =SUM(BF22:BR22) -> 0 | BV22: غير | BW22: ذكر | BX22: 0 | BY22: 0 | BZ22: 0 | CA22: 0 | CB22: 0 | CC22: 0 | CD22: 0 | CE22: 0 | CF22: 0 | CG22: 0 | CH22: 0 | CI22: 0 | CJ22: 0 | CK22: =SUM(BX22:CJ22) -> 0 | CN22: غير | CO22: ذكر | CP22: 0 | CQ22: 0 | CR22: 0 | CS22: 0 | CT22: 0 | CU22: 0 | CV22: 0 | CW22: 0 | CX22: 0 | CY22: 0 | CZ22: 0 | DA22: 0 | DB22: 0 | DC22: =SUM(CP22:DB22) -> 0 | DF22: غير | DG22: ذكر | DH22: 0 | DI22: 0 | DJ22: 0 | DK22: 0 | DL22: 0 | DM22: 0 | DN22: 0 | DO22: 0 | DP22: 0 | DQ22: 0 | DR22: 0 | DS22: 0 | DT22: 0 | DU22: =SUM(DH22:DT22) -> 0 | DX22: غير | DY22: ذكر | DZ22: 0 | EA22: 0 | EB22: 0 | EC22: 0 | ED22: 0 | EE22: 0 | EF22: 0 | EG22: 0 | EH22: 0 | EI22: 0 | EJ22: 0 | EK22: 0 | EL22: 0 | EM22: =SUM(DZ22:EL22) -> 0 | EP22: غير | EQ22: ذكر | ER22: 0 | ES22: 0 | ET22: 0 | EU22: 0 | EV22: 0 | EW22: 0 | EX22: 0 | EY22: 0 | EZ22: 0 | FA22: 0 | FB22: 0 | FC22: 0 | FD22: 0 | FE22: =SUM(ER22:FD22) -> 0 | FH22: غير | FI22: ذكر | FJ22: 0 | FK22: 0 | FL22: 0 | FM22: 0 | FN22: 0 | FO22: 0 | FP22: 0 | FQ22: 0 | FR22: 0 | FS22: 0 | FT22: 0 | FU22: 0 | FV22: 0 | FW22: =SUM(FJ22:FV22) -> 0 | FZ22: غير | GA22: ذكر | GB22: 0 | GC22: 0 | GD22: 0 | GE22: 0 | GF22: 0 | GG22: 0 | GH22: 0 | GI22: 0 | GJ22: 0 | GK22: 0 | GL22: 0 | GM22: 0 | GN22: 0 | GO22: =SUM(GB22:GN22) -> 0 | GR22: غير | GS22: ذكر | GT22: 0 | GU22: 0 | GV22: 0 | GW22: 0 | GX22: 0 | GY22: 0 | GZ22: 0 | HA22: 0 | HB22: 0 | HC22: 0 | HD22: 0 | HE22: 0 | HF22: 0 | HG22: =SUM(GT22:HF22) -> 0 | HJ22: غير | HK22: ذكر | HL22: =SUM(GT22) -> 0 | HM22: =SUM(GU22) -> 0 | HN22: =SUM(GV22) -> 0 | HO22: =SUM(GW22) -> 0 | HP22: =SUM(GX22) -> 0 | HQ22: =SUM(GY22) -> 0 | HR22: =SUM(GZ22) -> 0 | HS22: =SUM(HA22) -> 0 | ... HX22: =SUM(HF22) -> 0 | HY22: =SUM(HL22:HX22) -> 0
B23: سعودي | C23: أنثى | D23: 0 | E23: 0 | F23: 0 | G23: 0 | H23: 0 | I23: 0 | J23: 0 | K23: 0 | L23: 0 | M23: 0 | N23: 0 | O23: 0 | P23: 0 | Q23: =SUM(D23:P23) -> 0 | T23: سعودي | U23: أنثى | V23: 0 | W23: 0 | X23: 0 | Y23: 0 | Z23: 0 | AA23: 0 | AB23: 0 | AC23: 0 | AD23: 0 | AE23: 0 | AF23: 0 | AG23: 0 | AH23: 0 | AI23: =SUM(V23:AH23) -> 0 | AL23: سعودي | AM23: أنثى | AN23: 0 | AO23: 0 | AP23: 0 | AQ23: 0 | AR23: 0 | AS23: 0 | AT23: 0 | AU23: 0 | AV23: 0 | AW23: 0 | AX23: 0 | AY23: 0 | AZ23: 0 | BA23: =SUM(AN23:AZ23) -> 0 | BD23: سعودي | BE23: أنثى | BF23: 0 | BG23: 0 | BH23: 0 | BI23: 0 | BJ23: 0 | BK23: 0 | BL23: 0 | BM23: 0 | BN23: 0 | BO23: 0 | BP23: 0 | BQ23: 0 | BR23: 0 | BS23: =SUM(BF23:BR23) -> 0 | BV23: سعودي | BW23: أنثى | BX23: 0 | BY23: 0 | BZ23: 0 | CA23: 0 | CB23: 0 | CC23: 0 | CD23: 0 | CE23: 0 | CF23: 0 | CG23: 0 | CH23: 0 | CI23: 0 | CJ23: 0 | CK23: =SUM(BX23:CJ23) -> 0 | CN23: سعودي | CO23: أنثى | CP23: 0 | CQ23: 0 | CR23: 0 | CS23: 0 | CT23: 0 | CU23: 0 | CV23: 0 | CW23: 0 | CX23: 0 | CY23: 0 | CZ23: 0 | DA23: 0 | DB23: 0 | DC23: =SUM(CP23:DB23) -> 0 | DF23: سعودي | DG23: أنثى | DH23: 0 | DI23: 0 | DJ23: 0 | DK23: 0 | DL23: 0 | DM23: 0 | DN23: 0 | DO23: 0 | DP23: 0 | DQ23: 0 | DR23: 0 | DS23: 0 | DT23: 0 | DU23: =SUM(DH23:DT23) -> 0 | DX23: سعودي | DY23: أنثى | DZ23: 0 | EA23: 0 | EB23: 0 | EC23: 0 | ED23: 0 | EE23: 0 | EF23: 0 | EG23: 0 | EH23: 0 | EI23: 0 | EJ23: 0 | EK23: 0 | EL23: 0 | EM23: =SUM(DZ23:EL23) -> 0 | EP23: سعودي | EQ23: أنثى | ER23: 0 | ES23: 0 | ET23: 0 | EU23: 0 | EV23: 0 | EW23: 0 | EX23: 0 | EY23: 0 | EZ23: 0 | FA23: 0 | FB23: 0 | FC23: 0 | FD23: 0 | FE23: =SUM(ER23:FD23) -> 0 | FH23: سعودي | FI23: أنثى | FJ23: 0 | FK23: 0 | FL23: 0 | FM23: 0 | FN23: 0 | FO23: 0 | FP23: 0 | FQ23: 0 | FR23: 0 | FS23: 0 | FT23: 0 | FU23: 0 | FV23: 0 | FW23: =SUM(FJ23:FV23) -> 0 | FZ23: سعودي | GA23: أنثى | GB23: 0 | GC23: 0 | GD23: 0 | GE23: 0 | GF23: 0 | GG23: 0 | GH23: 0 | GI23: 0 | GJ23: 0 | GK23: 0 | GL23: 0 | GM23: 0 | GN23: 0 | GO23: =SUM(GB23:GN23) -> 0 | GR23: سعودي | GS23: أنثى | GT23: 0 | GU23: 0 | GV23: 0 | GW23: 0 | GX23: 0 | GY23: 0 | GZ23: 0 | HA23: 0 | HB23: 0 | HC23: 0 | HD23: 0 | HE23: 0 | HF23: 0 | HG23: =SUM(GT23:HF23) -> 0 | HJ23: سعودي | HK23: أنثى | HL23: =SUM(GT23) -> 0 | HM23: =SUM(GU23) -> 0 | HN23: =SUM(GV23) -> 0 | HO23: =SUM(GW23) -> 0 | HP23: =SUM(GX23) -> 0 | HQ23: =SUM(GY23) -> 0 | HR23: =SUM(GZ23) -> 0 | HS23: =SUM(HA23) -> 0 | ... HX23: =SUM(HF23) -> 0 | HY23: =SUM(HL23:HX23) -> 0
B24: المجموع | D24: =SUM(D20:D23) -> 4 | E24: =SUM(E20:E23) -> 4 | F24: =SUM(F20:F23) -> 6 | G24: =SUM(G20:G23) -> 15 | H24: =SUM(H20:H23) -> 0 | I24: =SUM(I20:I23) -> 0 | J24: =SUM(J20:J23) -> 2 | K24: =SUM(K20:K23) -> 0 | ... Q24: =SUM(Q20:Q23) -> 56 | T24: المجموع | V24: =SUM(V20:V23) -> 4 | W24: =SUM(W20:W23) -> 4 | X24: =SUM(X20:X23) -> 6 | Y24: =SUM(Y20:Y23) -> 15 | Z24: =SUM(Z20:Z23) -> 0 | AA24: =SUM(AA20:AA23) -> 0 | AB24: =SUM(AB20:AB23) -> 2 | AC24: =SUM(AC20:AC23) -> 0 | ... AI24: =SUM(AI20:AI23) -> 56 | AL24: المجموع | AN24: =SUM(AN20:AN23) -> 4 | AO24: =SUM(AO20:AO23) -> 4 | AP24: =SUM(AP20:AP23) -> 6 | AQ24: =SUM(AQ20:AQ23) -> 15 | AR24: =SUM(AR20:AR23) -> 0 | AS24: =SUM(AS20:AS23) -> 0 | AT24: =SUM(AT20:AT23) -> 2 | AU24: =SUM(AU20:AU23) -> 0 | ... BA24: =SUM(BA20:BA23) -> 56 | BD24: المجموع | BF24: =SUM(BF20:BF23) -> 4 | BG24: =SUM(BG20:BG23) -> 4 | BH24: =SUM(BH20:BH23) -> 6 | BI24: =SUM(BI20:BI23) -> 15 | BJ24: =SUM(BJ20:BJ23) -> 0 | BK24: =SUM(BK20:BK23) -> 0 | BL24: =SUM(BL20:BL23) -> 2 | BM24: =SUM(BM20:BM23) -> 0 | ... BS24: =SUM(BS20:BS23) -> 56 | BV24: المجموع | BX24: =SUM(BX20:BX23) -> 4 | BY24: =SUM(BY20:BY23) -> 4 | BZ24: =SUM(BZ20:BZ23) -> 6 | CA24: =SUM(CA20:CA23) -> 15 | CB24: =SUM(CB20:CB23) -> 0 | CC24: =SUM(CC20:CC23) -> 0 | CD24: =SUM(CD20:CD23) -> 2 | CE24: =SUM(CE20:CE23) -> 0 | ... CK24: =SUM(CK20:CK23) -> 56 | CN24: المجموع | CP24: =SUM(CP20:CP23) -> 4 | CQ24: =SUM(CQ20:CQ23) -> 4 | CR24: =SUM(CR20:CR23) -> 6 | CS24: =SUM(CS20:CS23) -> 15 | CT24: =SUM(CT20:CT23) -> 0 | CU24: =SUM(CU20:CU23) -> 0 | CV24: =SUM(CV20:CV23) -> 2 | CW24: =SUM(CW20:CW23) -> 0 | ... DC24: =SUM(DC20:DC23) -> 56 | DF24: المجموع | DH24: =SUM(DH20:DH23) -> 4 | DI24: =SUM(DI20:DI23) -> 4 | DJ24: =SUM(DJ20:DJ23) -> 6 | DK24: =SUM(DK20:DK23) -> 15 | DL24: =SUM(DL20:DL23) -> 0 | DM24: =SUM(DM20:DM23) -> 0 | DN24: =SUM(DN20:DN23) -> 2 | DO24: =SUM(DO20:DO23) -> 0 | ... DU24: =SUM(DU20:DU23) -> 56 | DX24: المجموع | DZ24: =SUM(DZ20:DZ23) -> 4 | EA24: =SUM(EA20:EA23) -> 4 | EB24: =SUM(EB20:EB23) -> 6 | EC24: =SUM(EC20:EC23) -> 15 | ED24: =SUM(ED20:ED23) -> 0 | EE24: =SUM(EE20:EE23) -> 0 | EF24: =SUM(EF20:EF23) -> 2 | EG24: =SUM(EG20:EG23) -> 0 | ... EM24: =SUM(EM20:EM23) -> 56 | EP24: المجموع | ER24: =SUM(ER20:ER23) -> 4 | ES24: =SUM(ES20:ES23) -> 4 | ET24: =SUM(ET20:ET23) -> 6 | EU24: =SUM(EU20:EU23) -> 15 | EV24: =SUM(EV20:EV23) -> 0 | EW24: =SUM(EW20:EW23) -> 0 | EX24: =SUM(EX20:EX23) -> 2 | EY24: =SUM(EY20:EY23) -> 0 | ... FE24: =SUM(FE20:FE23) -> 56 | FH24: المجموع | FJ24: =SUM(FJ20:FJ23) -> 4 | FK24: =SUM(FK20:FK23) -> 4 | FL24: =SUM(FL20:FL23) -> 6 | FM24: =SUM(FM20:FM23) -> 15 | FN24: =SUM(FN20:FN23) -> 0 | FO24: =SUM(FO20:FO23) -> 0 | FP24: =SUM(FP20:FP23) -> 2 | FQ24: =SUM(FQ20:FQ23) -> 0 | ... FW24: =SUM(FW20:FW23) -> 56 | FZ24: المجموع | GB24: =SUM(GB20:GB23) -> 0 | GC24: =SUM(GC20:GC23) -> 0 | GD24: =SUM(GD20:GD23) -> 0 | GE24: =SUM(GE20:GE23) -> 0 | GF24: =SUM(GF20:GF23) -> 0 | GG24: =SUM(GG20:GG23) -> 0 | GH24: =SUM(GH20:GH23) -> 0 | GI24: =SUM(GI20:GI23) -> 0 | ... GO24: =SUM(GO20:GO23) -> 0 | GR24: المجموع | GT24: =SUM(GT20:GT23) -> 0 | GU24: =SUM(GU20:GU23) -> 0 | GV24: =SUM(GV20:GV23) -> 0 | GW24: =SUM(GW20:GW23) -> 0 | GX24: =SUM(GX20:GX23) -> 0 | GY24: =SUM(GY20:GY23) -> 0 | GZ24: =SUM(GZ20:GZ23) -> 0 | HA24: =SUM(HA20:HA23) -> 0 | ... HG24: =SUM(HG20:HG23) -> 0 | HJ24: المجموع | HL24: =SUM(HL20:HL23) -> 0 | HM24: =SUM(HM20:HM23) -> 0 | HN24: =SUM(HN20:HN23) -> 0 | HO24: =SUM(HO20:HO23) -> 0 | HP24: =SUM(HP20:HP23) -> 0 | HQ24: =SUM(HQ20:HQ23) -> 0 | HR24: =SUM(HR20:HR23) -> 0 | HS24: =SUM(HS20:HS23) -> 0 | ... HY24: =SUM(HY20:HY23) -> 0
A25: الروابي | B25: سعودي | C25: ذكر | D25: 0 | E25: 0 | F25: 0 | G25: 0 | H25: 0 | I25: 0 | J25: 0 | K25: 0 | L25: 0 | M25: 0 | N25: 0 | O25: 0 | P25: 0 | Q25: =SUM(D25:P25) -> 0 | S25: الروابي | T25: سعودي | U25: ذكر | V25: 0 | W25: 0 | X25: 0 | Y25: 0 | Z25: 0 | AA25: 0 | AB25: 0 | AC25: 0 | AD25: 0 | AE25: 0 | AF25: 0 | AG25: 0 | AH25: 0 | AI25: =SUM(V25:AH25) -> 0 | AK25: الروابي | AL25: سعودي | AM25: ذكر | AN25: 0 | AO25: 0 | AP25: 0 | AQ25: 0 | AR25: 0 | AS25: 0 | AT25: 0 | AU25: 0 | AV25: 0 | AW25: 0 | AX25: 0 | AY25: 0 | AZ25: 0 | BA25: =SUM(AN25:AZ25) -> 0 | BC25: الروابي | BD25: سعودي | BE25: ذكر | BF25: 0 | BG25: 0 | BH25: 0 | BI25: 0 | BJ25: 0 | BK25: 0 | BL25: 0 | BM25: 0 | BN25: 0 | BO25: 0 | BP25: 0 | BQ25: 0 | BR25: 0 | BS25: =SUM(BF25:BR25) -> 0 | BU25: الروابي | BV25: سعودي | BW25: ذكر | BX25: 0 | BY25: 0 | BZ25: 0 | CA25: 0 | CB25: 0 | CC25: 0 | CD25: 0 | CE25: 0 | CF25: 0 | CG25: 0 | CH25: 0 | CI25: 0 | CJ25: 0 | CK25: =SUM(BX25:CJ25) -> 0 | CM25: الروابي | CN25: سعودي | CO25: ذكر | CP25: 0 | CQ25: 0 | CR25: 0 | CS25: 0 | CT25: 0 | CU25: 0 | CV25: 0 | CW25: 0 | CX25: 0 | CY25: 0 | CZ25: 0 | DA25: 0 | DB25: 0 | DC25: =SUM(CP25:DB25) -> 0 | DE25: الروابي | DF25: سعودي | DG25: ذكر | DH25: 0 | DI25: 0 | DJ25: 0 | DK25: 0 | DL25: 0 | DM25: 0 | DN25: 0 | DO25: 0 | DP25: 0 | DQ25: 0 | DR25: 0 | DS25: 0 | DT25: 0 | DU25: =SUM(DH25:DT25) -> 0 | DW25: الروابي | DX25: سعودي | DY25: ذكر | DZ25: 0 | EA25: 0 | EB25: 0 | EC25: 0 | ED25: 0 | EE25: 0 | EF25: 0 | EG25: 0 | EH25: 0 | EI25: 0 | EJ25: 0 | EK25: 0 | EL25: 0 | EM25: =SUM(DZ25:EL25) -> 0 | EO25: الروابي | EP25: سعودي | EQ25: ذكر | ER25: 0 | ES25: 0 | ET25: 0 | EU25: 0 | EV25: 0 | EW25: 0 | EX25: 0 | EY25: 0 | EZ25: 0 | FA25: 0 | FB25: 0 | FC25: 0 | FD25: 0 | FE25: =SUM(ER25:FD25) -> 0 | FG25: الروابي | FH25: سعودي | FI25: ذكر | FJ25: 0 | FK25: 5 | FL25: 0 | FM25: 4 | FN25: 0 | FO25: 0 | FP25: 2 | FQ25: 0 | FR25: 0 | FS25: 0 | FT25: 5 | FU25: 0 | FV25: 1 | FW25: =SUM(FJ25:FV25) -> 17 | FY25: الروابي | FZ25: سعودي | GA25: ذكر | GB25: 0 | GC25: 0 | GD25: 0 | GE25: 0 | GF25: 0 | GG25: 0 | GH25: 0 | GI25: 0 | GJ25: 0 | GK25: 0 | GL25: 0 | GM25: 0 | GN25: 0 | GO25: =SUM(GB25:GN25) -> 0 | GQ25: الروابي | GR25: سعودي | GS25: ذكر | GT25: 0 | GU25: 0 | GV25: 0 | GW25: 0 | GX25: 0 | GY25: 0 | GZ25: 0 | HA25: 0 | HB25: 0 | HC25: 0 | HD25: 0 | HE25: 0 | HF25: 0 | HG25: =SUM(GT25:HF25) -> 0 | HI25: =GQ25 -> الروابي | HJ25: سعودي | HK25: ذكر | HL25: =SUM(GT25) -> 0 | HM25: =SUM(GU25) -> 0 | HN25: =SUM(GV25) -> 0 | HO25: =SUM(GW25) -> 0 | HP25: =SUM(GX25) -> 0 | HQ25: =SUM(GY25) -> 0 | HR25: =SUM(GZ25) -> 0 | HS25: =SUM(HA25) -> 0 | ... HX25: =SUM(HF25) -> 0 | HY25: =SUM(HL25:HX25) -> 0
C26: أنثى | D26: 0 | E26: 0 | F26: 0 | G26: 0 | H26: 0 | I26: 0 | J26: 0 | K26: 0 | L26: 0 | M26: 0 | N26: 0 | O26: 0 | P26: 0 | Q26: =SUM(D26:P26) -> 0 | U26: أنثى | V26: 0 | W26: 0 | X26: 0 | Y26: 0 | Z26: 0 | AA26: 0 | AB26: 0 | AC26: 0 | AD26: 0 | AE26: 0 | AF26: 0 | AG26: 0 | AH26: 0 | AI26: =SUM(V26:AH26) -> 0 | AM26: أنثى | AN26: 0 | AO26: 0 | AP26: 0 | AQ26: 0 | AR26: 0 | AS26: 0 | AT26: 0 | AU26: 0 | AV26: 0 | AW26: 0 | AX26: 0 | AY26: 0 | AZ26: 0 | BA26: =SUM(AN26:AZ26) -> 0 | BE26: أنثى | BF26: 0 | BG26: 0 | BH26: 0 | BI26: 0 | BJ26: 0 | BK26: 0 | BL26: 0 | BM26: 0 | BN26: 0 | BO26: 0 | BP26: 0 | BQ26: 0 | BR26: 0 | BS26: =SUM(BF26:BR26) -> 0 | BW26: أنثى | BX26: 0 | BY26: 0 | BZ26: 0 | CA26: 0 | CB26: 0 | CC26: 0 | CD26: 0 | CE26: 0 | CF26: 0 | CG26: 0 | CH26: 0 | CI26: 0 | CJ26: 0 | CK26: =SUM(BX26:CJ26) -> 0 | CO26: أنثى | CP26: 0 | CQ26: 0 | CR26: 0 | CS26: 0 | CT26: 0 | CU26: 0 | CV26: 0 | CW26: 0 | CX26: 0 | CY26: 0 | CZ26: 0 | DA26: 0 | DB26: 0 | DC26: =SUM(CP26:DB26) -> 0 | DG26: أنثى | DH26: 0 | DI26: 0 | DJ26: 0 | DK26: 0 | DL26: 0 | DM26: 0 | DN26: 0 | DO26: 0 | DP26: 0 | DQ26: 0 | DR26: 0 | DS26: 0 | DT26: 0 | DU26: =SUM(DH26:DT26) -> 0 | DY26: أنثى | DZ26: 0 | EA26: 0 | EB26: 0 | EC26: 0 | ED26: 0 | EE26: 0 | EF26: 0 | EG26: 0 | EH26: 0 | EI26: 0 | EJ26: 0 | EK26: 0 | EL26: 0 | EM26: =SUM(DZ26:EL26) -> 0 | EQ26: أنثى | ER26: 0 | ES26: 0 | ET26: 0 | EU26: 0 | EV26: 0 | EW26: 0 | EX26: 0 | EY26: 0 | EZ26: 0 | FA26: 0 | FB26: 0 | FC26: 0 | FD26: 0 | FE26: =SUM(ER26:FD26) -> 0 | FI26: أنثى | FJ26: 0 | FK26: 5 | FL26: 2 | FM26: 17 | FN26: 0 | FO26: 0 | FP26: 0 | FQ26: 0 | FR26: 0 | FS26: 0 | FT26: 3 | FU26: 0 | FV26: 4 | FW26: =SUM(FJ26:FV26) -> 31 | GA26: أنثى | GB26: 0 | GC26: 0 | GD26: 0 | GE26: 0 | GF26: 0 | GG26: 0 | GH26: 0 | GI26: 0 | GJ26: 0 | GK26: 0 | GL26: 0 | GM26: 0 | GN26: 0 | GO26: =SUM(GB26:GN26) -> 0 | GS26: أنثى | GT26: 0 | GU26: 0 | GV26: 0 | GW26: 0 | GX26: 0 | GY26: 0 | GZ26: 0 | HA26: 0 | HB26: 0 | HC26: 0 | HD26: 0 | HE26: 0 | HF26: 0 | HG26: =SUM(GT26:HF26) -> 0 | HK26: أنثى | HL26: =SUM(GT26) -> 0 | HM26: =SUM(GU26) -> 0 | HN26: =SUM(GV26) -> 0 | HO26: =SUM(GW26) -> 0 | HP26: =SUM(GX26) -> 0 | HQ26: =SUM(GY26) -> 0 | HR26: =SUM(GZ26) -> 0 | HS26: =SUM(HA26) -> 0 | ... HX26: =SUM(HF26) -> 0 | HY26: =SUM(HL26:HX26) -> 0
B27: غير | C27: ذكر | D27: 0 | E27: 0 | F27: 0 | G27: 0 | H27: 0 | I27: 0 | J27: 0 | K27: 0 | L27: 0 | M27: 0 | N27: 0 | O27: 0 | P27: 0 | Q27: =SUM(D27:P27) -> 0 | T27: غير | U27: ذكر | V27: 0 | W27: 0 | X27: 0 | Y27: 0 | Z27: 0 | AA27: 0 | AB27: 0 | AC27: 0 | AD27: 0 | AE27: 0 | AF27: 0 | AG27: 0 | AH27: 0 | AI27: =SUM(V27:AH27) -> 0 | AL27: غير | AM27: ذكر | AN27: 0 | AO27: 0 | AP27: 0 | AQ27: 0 | AR27: 0 | AS27: 0 | AT27: 0 | AU27: 0 | AV27: 0 | AW27: 0 | AX27: 0 | AY27: 0 | AZ27: 0 | BA27: =SUM(AN27:AZ27) -> 0 | BD27: غير | BE27: ذكر | BF27: 0 | BG27: 0 | BH27: 0 | BI27: 0 | BJ27: 0 | BK27: 0 | BL27: 0 | BM27: 0 | BN27: 0 | BO27: 0 | BP27: 0 | BQ27: 0 | BR27: 0 | BS27: =SUM(BF27:BR27) -> 0 | BV27: غير | BW27: ذكر | BX27: 0 | BY27: 0 | BZ27: 0 | CA27: 0 | CB27: 0 | CC27: 0 | CD27: 0 | CE27: 0 | CF27: 0 | CG27: 0 | CH27: 0 | CI27: 0 | CJ27: 0 | CK27: =SUM(BX27:CJ27) -> 0 | CN27: غير | CO27: ذكر | CP27: 0 | CQ27: 0 | CR27: 0 | CS27: 0 | CT27: 0 | CU27: 0 | CV27: 0 | CW27: 0 | CX27: 0 | CY27: 0 | CZ27: 0 | DA27: 0 | DB27: 0 | DC27: =SUM(CP27:DB27) -> 0 | DF27: غير | DG27: ذكر | DH27: 0 | DI27: 0 | DJ27: 0 | DK27: 0 | DL27: 0 | DM27: 0 | DN27: 0 | DO27: 0 | DP27: 0 | DQ27: 0 | DR27: 0 | DS27: 0 | DT27: 0 | DU27: =SUM(DH27:DT27) -> 0 | DX27: غير | DY27: ذكر | DZ27: 0 | EA27: 0 | EB27: 0 | EC27: 0 | ED27: 0 | EE27: 0 | EF27: 0 | EG27: 0 | EH27: 0 | EI27: 0 | EJ27: 0 | EK27: 0 | EL27: 0 | EM27: =SUM(DZ27:EL27) -> 0 | EP27: غير | EQ27: ذكر | ER27: 0 | ES27: 0 | ET27: 0 | EU27: 0 | EV27: 0 | EW27: 0 | EX27: 0 | EY27: 0 | EZ27: 0 | FA27: 0 | FB27: 0 | FC27: 0 | FD27: 0 | FE27: =SUM(ER27:FD27) -> 0 | FH27: غير | FI27: ذكر | FJ27: 0 | FK27: 0 | FL27: 0 | FM27: 0 | FN27: 0 | FO27: 0 | FP27: 0 | FQ27: 0 | FR27: 0 | FS27: 0 | FT27: 0 | FU27: 0 | FV27: 0 | FW27: =SUM(FJ27:FV27) -> 0 | FZ27: غير | GA27: ذكر | GB27: 0 | GC27: 0 | GD27: 0 | GE27: 0 | GF27: 0 | GG27: 0 | GH27: 0 | GI27: 0 | GJ27: 0 | GK27: 0 | GL27: 0 | GM27: 0 | GN27: 0 | GO27: =SUM(GB27:GN27) -> 0 | GR27: غير | GS27: ذكر | GT27: 0 | GU27: 0 | GV27: 0 | GW27: 0 | GX27: 0 | GY27: 0 | GZ27: 0 | HA27: 0 | HB27: 0 | HC27: 0 | HD27: 0 | HE27: 0 | HF27: 0 | HG27: =SUM(GT27:HF27) -> 0 | HJ27: غير | HK27: ذكر | HL27: =SUM(GT27) -> 0 | HM27: =SUM(GU27) -> 0 | HN27: =SUM(GV27) -> 0 | HO27: =SUM(GW27) -> 0 | HP27: =SUM(GX27) -> 0 | HQ27: =SUM(GY27) -> 0 | HR27: =SUM(GZ27) -> 0 | HS27: =SUM(HA27) -> 0 | ... HX27: =SUM(HF27) -> 0 | HY27: =SUM(HL27:HX27) -> 0
B28: سعودي | C28: أنثى | D28: 0 | E28: 0 | F28: 0 | G28: 0 | H28: 0 | I28: 0 | J28: 0 | K28: 0 | L28: 0 | M28: 0 | N28: 0 | O28: 0 | P28: 0 | Q28: =SUM(D28:P28) -> 0 | T28: سعودي | U28: أنثى | V28: 0 | W28: 0 | X28: 0 | Y28: 0 | Z28: 0 | AA28: 0 | AB28: 0 | AC28: 0 | AD28: 0 | AE28: 0 | AF28: 0 | AG28: 0 | AH28: 0 | AI28: =SUM(V28:AH28) -> 0 | AL28: سعودي | AM28: أنثى | AN28: 0 | AO28: 0 | AP28: 0 | AQ28: 0 | AR28: 0 | AS28: 0 | AT28: 0 | AU28: 0 | AV28: 0 | AW28: 0 | AX28: 0 | AY28: 0 | AZ28: 0 | BA28: =SUM(AN28:AZ28) -> 0 | BD28: سعودي | BE28: أنثى | BF28: 0 | BG28: 0 | BH28: 0 | BI28: 0 | BJ28: 0 | BK28: 0 | BL28: 0 | BM28: 0 | BN28: 0 | BO28: 0 | BP28: 0 | BQ28: 0 | BR28: 0 | BS28: =SUM(BF28:BR28) -> 0 | BV28: سعودي | BW28: أنثى | BX28: 0 | BY28: 0 | BZ28: 0 | CA28: 0 | CB28: 0 | CC28: 0 | CD28: 0 | CE28: 0 | CF28: 0 | CG28: 0 | CH28: 0 | CI28: 0 | CJ28: 0 | CK28: =SUM(BX28:CJ28) -> 0 | CN28: سعودي | CO28: أنثى | CP28: 0 | CQ28: 0 | CR28: 0 | CS28: 0 | CT28: 0 | CU28: 0 | CV28: 0 | CW28: 0 | CX28: 0 | CY28: 0 | CZ28: 0 | DA28: 0 | DB28: 0 | DC28: =SUM(CP28:DB28) -> 0 | DF28: سعودي | DG28: أنثى | DH28: 0 | DI28: 0 | DJ28: 0 | DK28: 0 | DL28: 0 | DM28: 0 | DN28: 0 | DO28: 0 | DP28: 0 | DQ28: 0 | DR28: 0 | DS28: 0 | DT28: 0 | DU28: =SUM(DH28:DT28) -> 0 | DX28: سعودي | DY28: أنثى | DZ28: 0 | EA28: 0 | EB28: 0 | EC28: 0 | ED28: 0 | EE28: 0 | EF28: 0 | EG28: 0 | EH28: 0 | EI28: 0 | EJ28: 0 | EK28: 0 | EL28: 0 | EM28: =SUM(DZ28:EL28) -> 0 | EP28: سعودي | EQ28: أنثى | ER28: 0 | ES28: 0 | ET28: 0 | EU28: 0 | EV28: 0 | EW28: 0 | EX28: 0 | EY28: 0 | EZ28: 0 | FA28: 0 | FB28: 0 | FC28: 0 | FD28: 0 | FE28: =SUM(ER28:FD28) -> 0 | FH28: سعودي | FI28: أنثى | FJ28: 0 | FK28: 0 | FL28: 0 | FM28: 0 | FN28: 0 | FO28: 0 | FP28: 0 | FQ28: 0 | FR28: 0 | FS28: 0 | FT28: 0 | FU28: 0 | FV28: 0 | FW28: =SUM(FJ28:FV28) -> 0 | FZ28: سعودي | GA28: أنثى | GB28: 0 | GC28: 0 | GD28: 0 | GE28: 0 | GF28: 0 | GG28: 0 | GH28: 0 | GI28: 0 | GJ28: 0 | GK28: 0 | GL28: 0 | GM28: 0 | GN28: 0 | GO28: =SUM(GB28:GN28) -> 0 | GR28: سعودي | GS28: أنثى | GT28: 0 | GU28: 0 | GV28: 0 | GW28: 0 | GX28: 0 | GY28: 0 | GZ28: 0 | HA28: 0 | HB28: 0 | HC28: 0 | HD28: 0 | HE28: 0 | HF28: 0 | HG28: =SUM(GT28:HF28) -> 0 | HJ28: سعودي | HK28: أنثى | HL28: =SUM(GT28) -> 0 | HM28: =SUM(GU28) -> 0 | HN28: =SUM(GV28) -> 0 | HO28: =SUM(GW28) -> 0 | HP28: =SUM(GX28) -> 0 | HQ28: =SUM(GY28) -> 0 | HR28: =SUM(GZ28) -> 0 | HS28: =SUM(HA28) -> 0 | ... HX28: =SUM(HF28) -> 0 | HY28: =SUM(HL28:HX28) -> 0
B29: المجموع | D29: =SUM(D25:D28) -> 0 | E29: =SUM(E25:E28) -> 0 | F29: =SUM(F25:F28) -> 0 | G29: =SUM(G25:G28) -> 0 | H29: =SUM(H25:H28) -> 0 | I29: =SUM(I25:I28) -> 0 | J29: =SUM(J25:J28) -> 0 | K29: =SUM(K25:K28) -> 0 | ... Q29: =SUM(Q25:Q28) -> 0 | T29: المجموع | V29: =SUM(V25:V28) -> 0 | W29: =SUM(W25:W28) -> 0 | X29: =SUM(X25:X28) -> 0 | Y29: =SUM(Y25:Y28) -> 0 | Z29: =SUM(Z25:Z28) -> 0 | AA29: =SUM(AA25:AA28) -> 0 | AB29: =SUM(AB25:AB28) -> 0 | AC29: =SUM(AC25:AC28) -> 0 | ... AI29: =SUM(AI25:AI28) -> 0 | AL29: المجموع | AN29: =SUM(AN25:AN28) -> 0 | AO29: =SUM(AO25:AO28) -> 0 | AP29: =SUM(AP25:AP28) -> 0 | AQ29: =SUM(AQ25:AQ28) -> 0 | AR29: =SUM(AR25:AR28) -> 0 | AS29: =SUM(AS25:AS28) -> 0 | AT29: =SUM(AT25:AT28) -> 0 | AU29: =SUM(AU25:AU28) -> 0 | ... BA29: =SUM(BA25:BA28) -> 0 | BD29: المجموع | BF29: =SUM(BF25:BF28) -> 0 | BG29: =SUM(BG25:BG28) -> 0 | BH29: =SUM(BH25:BH28) -> 0 | BI29: =SUM(BI25:BI28) -> 0 | BJ29: =SUM(BJ25:BJ28) -> 0 | BK29: =SUM(BK25:BK28) -> 0 | BL29: =SUM(BL25:BL28) -> 0 | BM29: =SUM(BM25:BM28) -> 0 | ... BS29: =SUM(BS25:BS28) -> 0 | BV29: المجموع | BX29: =SUM(BX25:BX28) -> 0 | BY29: =SUM(BY25:BY28) -> 0 | BZ29: =SUM(BZ25:BZ28) -> 0 | CA29: =SUM(CA25:CA28) -> 0 | CB29: =SUM(CB25:CB28) -> 0 | CC29: =SUM(CC25:CC28) -> 0 | CD29: =SUM(CD25:CD28) -> 0 | CE29: =SUM(CE25:CE28) -> 0 | ... CK29: =SUM(CK25:CK28) -> 0 | CN29: المجموع | CP29: =SUM(CP25:CP28) -> 0 | CQ29: =SUM(CQ25:CQ28) -> 0 | CR29: =SUM(CR25:CR28) -> 0 | CS29: =SUM(CS25:CS28) -> 0 | CT29: =SUM(CT25:CT28) -> 0 | CU29: =SUM(CU25:CU28) -> 0 | CV29: =SUM(CV25:CV28) -> 0 | CW29: =SUM(CW25:CW28) -> 0 | ... DC29: =SUM(DC25:DC28) -> 0 | DF29: المجموع | DH29: =SUM(DH25:DH28) -> 0 | DI29: =SUM(DI25:DI28) -> 0 | DJ29: =SUM(DJ25:DJ28) -> 0 | DK29: =SUM(DK25:DK28) -> 0 | DL29: =SUM(DL25:DL28) -> 0 | DM29: =SUM(DM25:DM28) -> 0 | DN29: =SUM(DN25:DN28) -> 0 | DO29: =SUM(DO25:DO28) -> 0 | ... DU29: =SUM(DU25:DU28) -> 0 | DX29: المجموع | DZ29: =SUM(DZ25:DZ28) -> 0 | EA29: =SUM(EA25:EA28) -> 0 | EB29: =SUM(EB25:EB28) -> 0 | EC29: =SUM(EC25:EC28) -> 0 | ED29: =SUM(ED25:ED28) -> 0 | EE29: =SUM(EE25:EE28) -> 0 | EF29: =SUM(EF25:EF28) -> 0 | EG29: =SUM(EG25:EG28) -> 0 | ... EM29: =SUM(EM25:EM28) -> 0 | EP29: المجموع | ER29: =SUM(ER25:ER28) -> 0 | ES29: =SUM(ES25:ES28) -> 0 | ET29: =SUM(ET25:ET28) -> 0 | EU29: =SUM(EU25:EU28) -> 0 | EV29: =SUM(EV25:EV28) -> 0 | EW29: =SUM(EW25:EW28) -> 0 | EX29: =SUM(EX25:EX28) -> 0 | EY29: =SUM(EY25:EY28) -> 0 | ... FE29: =SUM(FE25:FE28) -> 0 | FH29: المجموع | FJ29: =SUM(FJ25:FJ28) -> 0 | FK29: =SUM(FK25:FK28) -> 10 | FL29: =SUM(FL25:FL28) -> 2 | FM29: =SUM(FM25:FM28) -> 21 | FN29: =SUM(FN25:FN28) -> 0 | FO29: =SUM(FO25:FO28) -> 0 | FP29: =SUM(FP25:FP28) -> 2 | FQ29: =SUM(FQ25:FQ28) -> 0 | ... FW29: =SUM(FW25:FW28) -> 48 | FZ29: المجموع | GB29: =SUM(GB25:GB28) -> 0 | GC29: =SUM(GC25:GC28) -> 0 | GD29: =SUM(GD25:GD28) -> 0 | GE29: =SUM(GE25:GE28) -> 0 | GF29: =SUM(GF25:GF28) -> 0 | GG29: =SUM(GG25:GG28) -> 0 | GH29: =SUM(GH25:GH28) -> 0 | GI29: =SUM(GI25:GI28) -> 0 | ... GO29: =SUM(GO25:GO28) -> 0 | GR29: المجموع | GT29: =SUM(GT25:GT28) -> 0 | GU29: =SUM(GU25:GU28) -> 0 | GV29: =SUM(GV25:GV28) -> 0 | GW29: =SUM(GW25:GW28) -> 0 | GX29: =SUM(GX25:GX28) -> 0 | GY29: =SUM(GY25:GY28) -> 0 | GZ29: =SUM(GZ25:GZ28) -> 0 | HA29: =SUM(HA25:HA28) -> 0 | ... HG29: =SUM(HG25:HG28) -> 0 | HJ29: المجموع | HL29: =SUM(HL25:HL28) -> 0 | HM29: =SUM(HM25:HM28) -> 0 | HN29: =SUM(HN25:HN28) -> 0 | HO29: =SUM(HO25:HO28) -> 0 | HP29: =SUM(HP25:HP28) -> 0 | HQ29: =SUM(HQ25:HQ28) -> 0 | HR29: =SUM(HR25:HR28) -> 0 | HS29: =SUM(HS25:HS28) -> 0 | ... HY29: =SUM(HY25:HY28) -> 0
A30: قويزة | B30: سعودي | C30: ذكر | D30: 0 | E30: 3 | F30: 1 | G30: 1 | H30: 0 | I30: 0 | J30: 2 | K30: 1 | L30: 0 | M30: 0 | N30: 3 | O30: 0 | P30: 2 | Q30: =SUM(D30:P30) -> 13 | S30: قويزة | T30: سعودي | U30: ذكر | V30: 0 | W30: 3 | X30: 1 | Y30: 1 | Z30: 0 | AA30: 0 | AB30: 2 | AC30: 1 | AD30: 0 | AE30: 0 | AF30: 3 | AG30: 0 | AH30: 2 | AI30: =SUM(V30:AH30) -> 13 | AK30: قويزة | AL30: سعودي | AM30: ذكر | AN30: 0 | AO30: 3 | AP30: 1 | AQ30: 1 | AR30: 0 | AS30: 0 | AT30: 2 | AU30: 1 | AV30: 0 | AW30: 0 | AX30: 3 | AY30: 0 | AZ30: 2 | BA30: =SUM(AN30:AZ30) -> 13 | BC30: قويزة | BD30: سعودي | BE30: ذكر | BF30: 0 | BG30: 3 | BH30: 1 | BI30: 1 | BJ30: 0 | BK30: 0 | BL30: 2 | BM30: 1 | BN30: 0 | BO30: 0 | BP30: 3 | BQ30: 0 | BR30: 2 | BS30: =SUM(BF30:BR30) -> 13 | BU30: قويزة | BV30: سعودي | BW30: ذكر | BX30: 0 | BY30: 3 | BZ30: 1 | CA30: 1 | CB30: 0 | CC30: 0 | CD30: 2 | CE30: 1 | CF30: 0 | CG30: 0 | CH30: 3 | CI30: 0 | CJ30: 2 | CK30: =SUM(BX30:CJ30) -> 13 | CM30: قويزة | CN30: سعودي | CO30: ذكر | CP30: 0 | CQ30: 3 | CR30: 1 | CS30: 1 | CT30: 0 | CU30: 0 | CV30: 2 | CW30: 1 | CX30: 0 | CY30: 0 | CZ30: 3 | DA30: 0 | DB30: 2 | DC30: =SUM(CP30:DB30) -> 13 | DE30: قويزة | DF30: سعودي | DG30: ذكر | DH30: 0 | DI30: 3 | DJ30: 1 | DK30: 1 | DL30: 0 | DM30: 0 | DN30: 2 | DO30: 1 | DP30: 0 | DQ30: 0 | DR30: 3 | DS30: 0 | DT30: 2 | DU30: =SUM(DH30:DT30) -> 13 | DW30: قويزة | DX30: سعودي | DY30: ذكر | DZ30: 0 | EA30: 3 | EB30: 1 | EC30: 1 | ED30: 0 | EE30: 0 | EF30: 2 | EG30: 1 | EH30: 0 | EI30: 0 | EJ30: 3 | EK30: 0 | EL30: 2 | EM30: =SUM(DZ30:EL30) -> 13 | EO30: قويزة | EP30: سعودي | EQ30: ذكر | ER30: 0 | ES30: 3 | ET30: 1 | EU30: 1 | EV30: 0 | EW30: 0 | EX30: 2 | EY30: 1 | EZ30: 0 | FA30: 0 | FB30: 3 | FC30: 0 | FD30: 2 | FE30: =SUM(ER30:FD30) -> 13 | FG30: قويزة | FH30: سعودي | FI30: ذكر | FJ30: 0 | FK30: 3 | FL30: 1 | FM30: 1 | FN30: 0 | FO30: 0 | FP30: 2 | FQ30: 1 | FR30: 0 | FS30: 0 | FT30: 3 | FU30: 0 | FV30: 2 | FW30: =SUM(FJ30:FV30) -> 13 | FY30: قويزة | FZ30: سعودي | GA30: ذكر | GB30: 0 | GC30: 0 | GD30: 0 | GE30: 0 | GF30: 0 | GG30: 0 | GH30: 0 | GI30: 0 | GJ30: 0 | GK30: 0 | GL30: 0 | GM30: 0 | GN30: 0 | GO30: =SUM(GB30:GN30) -> 0 | GQ30: قويزة | GR30: سعودي | GS30: ذكر | GT30: 0 | GU30: 0 | GV30: 0 | GW30: 0 | GX30: 0 | GY30: 0 | GZ30: 0 | HA30: 0 | HB30: 0 | HC30: 0 | HD30: 0 | HE30: 0 | HF30: 0 | HG30: =SUM(GT30:HF30) -> 0 | HI30: =GQ30 -> قويزة | HJ30: سعودي | HK30: ذكر | HL30: =SUM(GT30) -> 0 | HM30: =SUM(GU30) -> 0 | HN30: =SUM(GV30) -> 0 | HO30: =SUM(GW30) -> 0 | HP30: =SUM(GX30) -> 0 | HQ30: =SUM(GY30) -> 0 | HR30: =SUM(GZ30) -> 0 | HS30: =SUM(HA30) -> 0 | ... HX30: =SUM(HF30) -> 0 | HY30: =SUM(HL30:HX30) -> 0
C31: أنثى | D31: 4 | E31: 3 | F31: 3 | G31: 17 | H31: 0 | I31: 0 | J31: 0 | K31: 0 | L31: 0 | M31: 0 | N31: 2 | O31: 2 | P31: 6 | Q31: =SUM(D31:P31) -> 37 | U31: أنثى | V31: 4 | W31: 3 | X31: 3 | Y31: 17 | Z31: 0 | AA31: 0 | AB31: 0 | AC31: 0 | AD31: 0 | AE31: 0 | AF31: 2 | AG31: 2 | AH31: 6 | AI31: =SUM(V31:AH31) -> 37 | AM31: أنثى | AN31: 4 | AO31: 3 | AP31: 3 | AQ31: 17 | AR31: 0 | AS31: 0 | AT31: 0 | AU31: 0 | AV31: 0 | AW31: 0 | AX31: 2 | AY31: 2 | AZ31: 6 | BA31: =SUM(AN31:AZ31) -> 37 | BE31: أنثى | BF31: 4 | BG31: 3 | BH31: 3 | BI31: 17 | BJ31: 0 | BK31: 0 | BL31: 0 | BM31: 0 | BN31: 0 | BO31: 0 | BP31: 2 | BQ31: 2 | BR31: 6 | BS31: =SUM(BF31:BR31) -> 37 | BW31: أنثى | BX31: 4 | BY31: 3 | BZ31: 3 | CA31: 17 | CB31: 0 | CC31: 0 | CD31: 0 | CE31: 0 | CF31: 0 | CG31: 0 | CH31: 2 | CI31: 2 | CJ31: 6 | CK31: =SUM(BX31:CJ31) -> 37 | CO31: أنثى | CP31: 4 | CQ31: 3 | CR31: 3 | CS31: 17 | CT31: 0 | CU31: 0 | CV31: 0 | CW31: 0 | CX31: 0 | CY31: 0 | CZ31: 2 | DA31: 2 | DB31: 6 | DC31: =SUM(CP31:DB31) -> 37 | DG31: أنثى | DH31: 4 | DI31: 3 | DJ31: 3 | DK31: 17 | DL31: 0 | DM31: 0 | DN31: 0 | DO31: 0 | DP31: 0 | DQ31: 0 | DR31: 2 | DS31: 2 | DT31: 6 | DU31: =SUM(DH31:DT31) -> 37 | DY31: أنثى | DZ31: 4 | EA31: 3 | EB31: 3 | EC31: 17 | ED31: 0 | EE31: 0 | EF31: 0 | EG31: 0 | EH31: 0 | EI31: 0 | EJ31: 2 | EK31: 2 | EL31: 6 | EM31: =SUM(DZ31:EL31) -> 37 | EQ31: أنثى | ER31: 4 | ES31: 3 | ET31: 3 | EU31: 17 | EV31: 0 | EW31: 0 | EX31: 0 | EY31: 0 | EZ31: 0 | FA31: 0 | FB31: 2 | FC31: 2 | FD31: 6 | FE31: =SUM(ER31:FD31) -> 37 | FI31: أنثى | FJ31: 4 | FK31: 3 | FL31: 3 | FM31: 17 | FN31: 0 | FO31: 0 | FP31: 0 | FQ31: 0 | FR31: 0 | FS31: 0 | FT31: 2 | FU31: 2 | FV31: 6 | FW31: =SUM(FJ31:FV31) -> 37 | GA31: أنثى | GB31: 0 | GC31: 0 | GD31: 0 | GE31: 0 | GF31: 0 | GG31: 0 | GH31: 0 | GI31: 0 | GJ31: 0 | GK31: 0 | GL31: 0 | GM31: 0 | GN31: 0 | GO31: =SUM(GB31:GN31) -> 0 | GS31: أنثى | GT31: 0 | GU31: 0 | GV31: 0 | GW31: 0 | GX31: 0 | GY31: 0 | GZ31: 0 | HA31: 0 | HB31: 0 | HC31: 0 | HD31: 0 | HE31: 0 | HF31: 0 | HG31: =SUM(GT31:HF31) -> 0 | HK31: أنثى | HL31: =SUM(GT31) -> 0 | HM31: =SUM(GU31) -> 0 | HN31: =SUM(GV31) -> 0 | HO31: =SUM(GW31) -> 0 | HP31: =SUM(GX31) -> 0 | HQ31: =SUM(GY31) -> 0 | HR31: =SUM(GZ31) -> 0 | HS31: =SUM(HA31) -> 0 | ... HX31: =SUM(HF31) -> 0 | HY31: =SUM(HL31:HX31) -> 0
B32: غير | C32: ذكر | D32: 0 | E32: 0 | F32: 0 | G32: 0 | H32: 0 | I32: 0 | J32: 0 | K32: 0 | L32: 0 | M32: 0 | N32: 0 | O32: 0 | P32: 0 | Q32: =SUM(D32:P32) -> 0 | T32: غير | U32: ذكر | V32: 0 | W32: 0 | X32: 0 | Y32: 0 | Z32: 0 | AA32: 0 | AB32: 0 | AC32: 0 | AD32: 0 | AE32: 0 | AF32: 0 | AG32: 0 | AH32: 0 | AI32: =SUM(V32:AH32) -> 0 | AL32: غير | AM32: ذكر | AN32: 0 | AO32: 0 | AP32: 0 | AQ32: 0 | AR32: 0 | AS32: 0 | AT32: 0 | AU32: 0 | AV32: 0 | AW32: 0 | AX32: 0 | AY32: 0 | AZ32: 0 | BA32: =SUM(AN32:AZ32) -> 0 | BD32: غير | BE32: ذكر | BF32: 0 | BG32: 0 | BH32: 0 | BI32: 0 | BJ32: 0 | BK32: 0 | BL32: 0 | BM32: 0 | BN32: 0 | BO32: 0 | BP32: 0 | BQ32: 0 | BR32: 0 | BS32: =SUM(BF32:BR32) -> 0 | BV32: غير | BW32: ذكر | BX32: 0 | BY32: 0 | BZ32: 0 | CA32: 0 | CB32: 0 | CC32: 0 | CD32: 0 | CE32: 0 | CF32: 0 | CG32: 0 | CH32: 0 | CI32: 0 | CJ32: 0 | CK32: =SUM(BX32:CJ32) -> 0 | CN32: غير | CO32: ذكر | CP32: 0 | CQ32: 0 | CR32: 0 | CS32: 0 | CT32: 0 | CU32: 0 | CV32: 0 | CW32: 0 | CX32: 0 | CY32: 0 | CZ32: 0 | DA32: 0 | DB32: 0 | DC32: =SUM(CP32:DB32) -> 0 | DF32: غير | DG32: ذكر | DH32: 0 | DI32: 0 | DJ32: 0 | DK32: 0 | DL32: 0 | DM32: 0 | DN32: 0 | DO32: 0 | DP32: 0 | DQ32: 0 | DR32: 0 | DS32: 0 | DT32: 0 | DU32: =SUM(DH32:DT32) -> 0 | DX32: غير | DY32: ذكر | DZ32: 0 | EA32: 0 | EB32: 0 | EC32: 0 | ED32: 0 | EE32: 0 | EF32: 0 | EG32: 0 | EH32: 0 | EI32: 0 | EJ32: 0 | EK32: 0 | EL32: 0 | EM32: =SUM(DZ32:EL32) -> 0 | EP32: غير | EQ32: ذكر | ER32: 0 | ES32: 0 | ET32: 0 | EU32: 0 | EV32: 0 | EW32: 0 | EX32: 0 | EY32: 0 | EZ32: 0 | FA32: 0 | FB32: 0 | FC32: 0 | FD32: 0 | FE32: =SUM(ER32:FD32) -> 0 | FH32: غير | FI32: ذكر | FJ32: 0 | FK32: 0 | FL32: 0 | FM32: 0 | FN32: 0 | FO32: 0 | FP32: 0 | FQ32: 0 | FR32: 0 | FS32: 0 | FT32: 0 | FU32: 0 | FV32: 0 | FW32: =SUM(FJ32:FV32) -> 0 | FZ32: غير | GA32: ذكر | GB32: 0 | GC32: 0 | GD32: 0 | GE32: 0 | GF32: 0 | GG32: 0 | GH32: 0 | GI32: 0 | GJ32: 0 | GK32: 0 | GL32: 0 | GM32: 0 | GN32: 0 | GO32: =SUM(GB32:GN32) -> 0 | GR32: غير | GS32: ذكر | GT32: 0 | GU32: 0 | GV32: 0 | GW32: 0 | GX32: 0 | GY32: 0 | GZ32: 0 | HA32: 0 | HB32: 0 | HC32: 0 | HD32: 0 | HE32: 0 | HF32: 0 | HG32: =SUM(GT32:HF32) -> 0 | HJ32: غير | HK32: ذكر | HL32: =SUM(GT32) -> 0 | HM32: =SUM(GU32) -> 0 | HN32: =SUM(GV32) -> 0 | HO32: =SUM(GW32) -> 0 | HP32: =SUM(GX32) -> 0 | HQ32: =SUM(GY32) -> 0 | HR32: =SUM(GZ32) -> 0 | HS32: =SUM(HA32) -> 0 | ... HX32: =SUM(HF32) -> 0 | HY32: =SUM(HL32:HX32) -> 0
B33: سعودي | C33: أنثى | D33: 0 | E33: 0 | F33: 0 | G33: 0 | H33: 0 | I33: 0 | J33: 0 | K33: 0 | L33: 0 | M33: 0 | N33: 0 | O33: 0 | P33: 0 | Q33: =SUM(D33:P33) -> 0 | T33: سعودي | U33: أنثى | V33: 0 | W33: 0 | X33: 0 | Y33: 0 | Z33: 0 | AA33: 0 | AB33: 0 | AC33: 0 | AD33: 0 | AE33: 0 | AF33: 0 | AG33: 0 | AH33: 0 | AI33: =SUM(V33:AH33) -> 0 | AL33: سعودي | AM33: أنثى | AN33: 0 | AO33: 0 | AP33: 0 | AQ33: 0 | AR33: 0 | AS33: 0 | AT33: 0 | AU33: 0 | AV33: 0 | AW33: 0 | AX33: 0 | AY33: 0 | AZ33: 0 | BA33: =SUM(AN33:AZ33) -> 0 | BD33: سعودي | BE33: أنثى | BF33: 0 | BG33: 0 | BH33: 0 | BI33: 0 | BJ33: 0 | BK33: 0 | BL33: 0 | BM33: 0 | BN33: 0 | BO33: 0 | BP33: 0 | BQ33: 0 | BR33: 0 | BS33: =SUM(BF33:BR33) -> 0 | BV33: سعودي | BW33: أنثى | BX33: 0 | BY33: 0 | BZ33: 0 | CA33: 0 | CB33: 0 | CC33: 0 | CD33: 0 | CE33: 0 | CF33: 0 | CG33: 0 | CH33: 0 | CI33: 0 | CJ33: 0 | CK33: =SUM(BX33:CJ33) -> 0 | CN33: سعودي | CO33: أنثى | CP33: 0 | CQ33: 0 | CR33: 0 | CS33: 0 | CT33: 0 | CU33: 0 | CV33: 0 | CW33: 0 | CX33: 0 | CY33: 0 | CZ33: 0 | DA33: 0 | DB33: 0 | DC33: =SUM(CP33:DB33) -> 0 | DF33: سعودي | DG33: أنثى | DH33: 0 | DI33: 0 | DJ33: 0 | DK33: 0 | DL33: 0 | DM33: 0 | DN33: 0 | DO33: 0 | DP33: 0 | DQ33: 0 | DR33: 0 | DS33: 0 | DT33: 0 | DU33: =SUM(DH33:DT33) -> 0 | DX33: سعودي | DY33: أنثى | DZ33: 0 | EA33: 0 | EB33: 0 | EC33: 0 | ED33: 0 | EE33: 0 | EF33: 0 | EG33: 0 | EH33: 0 | EI33: 0 | EJ33: 0 | EK33: 0 | EL33: 0 | EM33: =SUM(DZ33:EL33) -> 0 | EP33: سعودي | EQ33: أنثى | ER33: 0 | ES33: 0 | ET33: 0 | EU33: 0 | EV33: 0 | EW33: 0 | EX33: 0 | EY33: 0 | EZ33: 0 | FA33: 0 | FB33: 0 | FC33: 0 | FD33: 0 | FE33: =SUM(ER33:FD33) -> 0 | FH33: سعودي | FI33: أنثى | FJ33: 0 | FK33: 0 | FL33: 0 | FM33: 0 | FN33: 0 | FO33: 0 | FP33: 0 | FQ33: 0 | FR33: 0 | FS33: 0 | FT33: 0 | FU33: 0 | FV33: 0 | FW33: =SUM(FJ33:FV33) -> 0 | FZ33: سعودي | GA33: أنثى | GB33: 0 | GC33: 0 | GD33: 0 | GE33: 0 | GF33: 0 | GG33: 0 | GH33: 0 | GI33: 0 | GJ33: 0 | GK33: 0 | GL33: 0 | GM33: 0 | GN33: 0 | GO33: =SUM(GB33:GN33) -> 0 | GR33: سعودي | GS33: أنثى | GT33: 0 | GU33: 0 | GV33: 0 | GW33: 0 | GX33: 0 | GY33: 0 | GZ33: 0 | HA33: 0 | HB33: 0 | HC33: 0 | HD33: 0 | HE33: 0 | HF33: 0 | HG33: =SUM(GT33:HF33) -> 0 | HJ33: سعودي | HK33: أنثى | HL33: =SUM(GT33) -> 0 | HM33: =SUM(GU33) -> 0 | HN33: =SUM(GV33) -> 0 | HO33: =SUM(GW33) -> 0 | HP33: =SUM(GX33) -> 0 | HQ33: =SUM(GY33) -> 0 | HR33: =SUM(GZ33) -> 0 | HS33: =SUM(HA33) -> 0 | ... HX33: =SUM(HF33) -> 0 | HY33: =SUM(HL33:HX33) -> 0
B34: المجموع | D34: =SUM(D30:D33) -> 4 | E34: =SUM(E30:E33) -> 6 | F34: =SUM(F30:F33) -> 4 | G34: =SUM(G30:G33) -> 18 | H34: =SUM(H30:H33) -> 0 | I34: =SUM(I30:I33) -> 0 | J34: =SUM(J30:J33) -> 2 | K34: =SUM(K30:K33) -> 1 | ... Q34: =SUM(Q30:Q33) -> 50 | T34: المجموع | V34: =SUM(V30:V33) -> 4 | W34: =SUM(W30:W33) -> 6 | X34: =SUM(X30:X33) -> 4 | Y34: =SUM(Y30:Y33) -> 18 | Z34: =SUM(Z30:Z33) -> 0 | AA34: =SUM(AA30:AA33) -> 0 | AB34: =SUM(AB30:AB33) -> 2 | AC34: =SUM(AC30:AC33) -> 1 | ... AI34: =SUM(AI30:AI33) -> 50 | AL34: المجموع | AN34: =SUM(AN30:AN33) -> 4 | AO34: =SUM(AO30:AO33) -> 6 | AP34: =SUM(AP30:AP33) -> 4 | AQ34: =SUM(AQ30:AQ33) -> 18 | AR34: =SUM(AR30:AR33) -> 0 | AS34: =SUM(AS30:AS33) -> 0 | AT34: =SUM(AT30:AT33) -> 2 | AU34: =SUM(AU30:AU33) -> 1 | ... BA34: =SUM(BA30:BA33) -> 50 | BD34: المجموع | BF34: =SUM(BF30:BF33) -> 4 | BG34: =SUM(BG30:BG33) -> 6 | BH34: =SUM(BH30:BH33) -> 4 | BI34: =SUM(BI30:BI33) -> 18 | BJ34: =SUM(BJ30:BJ33) -> 0 | BK34: =SUM(BK30:BK33) -> 0 | BL34: =SUM(BL30:BL33) -> 2 | BM34: =SUM(BM30:BM33) -> 1 | ... BS34: =SUM(BS30:BS33) -> 50 | BV34: المجموع | BX34: =SUM(BX30:BX33) -> 4 | BY34: =SUM(BY30:BY33) -> 6 | BZ34: =SUM(BZ30:BZ33) -> 4 | CA34: =SUM(CA30:CA33) -> 18 | CB34: =SUM(CB30:CB33) -> 0 | CC34: =SUM(CC30:CC33) -> 0 | CD34: =SUM(CD30:CD33) -> 2 | CE34: =SUM(CE30:CE33) -> 1 | ... CK34: =SUM(CK30:CK33) -> 50 | CN34: المجموع | CP34: =SUM(CP30:CP33) -> 4 | CQ34: =SUM(CQ30:CQ33) -> 6 | CR34: =SUM(CR30:CR33) -> 4 | CS34: =SUM(CS30:CS33) -> 18 | CT34: =SUM(CT30:CT33) -> 0 | CU34: =SUM(CU30:CU33) -> 0 | CV34: =SUM(CV30:CV33) -> 2 | CW34: =SUM(CW30:CW33) -> 1 | ... DC34: =SUM(DC30:DC33) -> 50 | DF34: المجموع | DH34: =SUM(DH30:DH33) -> 4 | DI34: =SUM(DI30:DI33) -> 6 | DJ34: =SUM(DJ30:DJ33) -> 4 | DK34: =SUM(DK30:DK33) -> 18 | DL34: =SUM(DL30:DL33) -> 0 | DM34: =SUM(DM30:DM33) -> 0 | DN34: =SUM(DN30:DN33) -> 2 | DO34: =SUM(DO30:DO33) -> 1 | ... DU34: =SUM(DU30:DU33) -> 50 | DX34: المجموع | DZ34: =SUM(DZ30:DZ33) -> 4 | EA34: =SUM(EA30:EA33) -> 6 | EB34: =SUM(EB30:EB33) -> 4 | EC34: =SUM(EC30:EC33) -> 18 | ED34: =SUM(ED30:ED33) -> 0 | EE34: =SUM(EE30:EE33) -> 0 | EF34: =SUM(EF30:EF33) -> 2 | EG34: =SUM(EG30:EG33) -> 1 | ... EM34: =SUM(EM30:EM33) -> 50 | EP34: المجموع | ER34: =SUM(ER30:ER33) -> 4 | ES34: =SUM(ES30:ES33) -> 6 | ET34: =SUM(ET30:ET33) -> 4 | EU34: =SUM(EU30:EU33) -> 18 | EV34: =SUM(EV30:EV33) -> 0 | EW34: =SUM(EW30:EW33) -> 0 | EX34: =SUM(EX30:EX33) -> 2 | EY34: =SUM(EY30:EY33) -> 1 | ... FE34: =SUM(FE30:FE33) -> 50 | FH34: المجموع | FJ34: =SUM(FJ30:FJ33) -> 4 | FK34: =SUM(FK30:FK33) -> 6 | FL34: =SUM(FL30:FL33) -> 4 | FM34: =SUM(FM30:FM33) -> 18 | FN34: =SUM(FN30:FN33) -> 0 | FO34: =SUM(FO30:FO33) -> 0 | FP34: =SUM(FP30:FP33) -> 2 | FQ34: =SUM(FQ30:FQ33) -> 1 | ... FW34: =SUM(FW30:FW33) -> 50 | FZ34: المجموع | GB34: =SUM(GB30:GB33) -> 0 | GC34: =SUM(GC30:GC33) -> 0 | GD34: =SUM(GD30:GD33) -> 0 | GE34: =SUM(GE30:GE33) -> 0 | GF34: =SUM(GF30:GF33) -> 0 | GG34: =SUM(GG30:GG33) -> 0 | GH34: =SUM(GH30:GH33) -> 0 | GI34: =SUM(GI30:GI33) -> 0 | ... GO34: =SUM(GO30:GO33) -> 0 | GR34: المجموع | GT34: =SUM(GT30:GT33) -> 0 | GU34: =SUM(GU30:GU33) -> 0 | GV34: =SUM(GV30:GV33) -> 0 | GW34: =SUM(GW30:GW33) -> 0 | GX34: =SUM(GX30:GX33) -> 0 | GY34: =SUM(GY30:GY33) -> 0 | GZ34: =SUM(GZ30:GZ33) -> 0 | HA34: =SUM(HA30:HA33) -> 0 | ... HG34: =SUM(HG30:HG33) -> 0 | HJ34: المجموع | HL34: =SUM(HL30:HL33) -> 0 | HM34: =SUM(HM30:HM33) -> 0 | HN34: =SUM(HN30:HN33) -> 0 | HO34: =SUM(HO30:HO33) -> 0 | HP34: =SUM(HP30:HP33) -> 0 | HQ34: =SUM(HQ30:HQ33) -> 0 | HR34: =SUM(HR30:HR33) -> 0 | HS34: =SUM(HS30:HS33) -> 0 | ... HY34: =SUM(HY30:HY33) -> 0
A35: الرغامة | B35: سعودي | C35: ذكر | D35: 3 | E35: 1 | F35: 3 | G35: 3 | H35: 0 | I35: 0 | J35: 1 | K35: 1 | L35: 0 | M35: 0 | N35: 2 | O35: 2 | P35: 1 | Q35: =SUM(D35:P35) -> 17 | S35: الرغامة | T35: سعودي | U35: ذكر | V35: 3 | W35: 1 | X35: 3 | Y35: 3 | Z35: 0 | AA35: 0 | AB35: 1 | AC35: 1 | AD35: 0 | AE35: 0 | AF35: 2 | AG35: 2 | AH35: 1 | AI35: =SUM(V35:AH35) -> 17 | AK35: الرغامة | AL35: سعودي | AM35: ذكر | AN35: 3 | AO35: 1 | AP35: 3 | AQ35: 3 | AR35: 0 | AS35: 0 | AT35: 1 | AU35: 1 | AV35: 0 | AW35: 0 | AX35: 2 | AY35: 2 | AZ35: 1 | BA35: =SUM(AN35:AZ35) -> 17 | BC35: الرغامة | BD35: سعودي | BE35: ذكر | BF35: 3 | BG35: 1 | BH35: 3 | BI35: 3 | BJ35: 0 | BK35: 0 | BL35: 1 | BM35: 1 | BN35: 0 | BO35: 0 | BP35: 2 | BQ35: 2 | BR35: 1 | BS35: =SUM(BF35:BR35) -> 17 | BU35: الرغامة | BV35: سعودي | BW35: ذكر | BX35: 3 | BY35: 1 | BZ35: 3 | CA35: 3 | CB35: 0 | CC35: 0 | CD35: 1 | CE35: 1 | CF35: 0 | CG35: 0 | CH35: 2 | CI35: 2 | CJ35: 1 | CK35: =SUM(BX35:CJ35) -> 17 | CM35: الرغامة | CN35: سعودي | CO35: ذكر | CP35: 3 | CQ35: 1 | CR35: 3 | CS35: 3 | CT35: 0 | CU35: 0 | CV35: 1 | CW35: 1 | CX35: 0 | CY35: 0 | CZ35: 2 | DA35: 2 | DB35: 1 | DC35: =SUM(CP35:DB35) -> 17 | DE35: الرغامة | DF35: سعودي | DG35: ذكر | DH35: 3 | DI35: 1 | DJ35: 3 | DK35: 3 | DL35: 0 | DM35: 0 | DN35: 1 | DO35: 1 | DP35: 0 | DQ35: 0 | DR35: 2 | DS35: 2 | DT35: 1 | DU35: =SUM(DH35:DT35) -> 17 | DW35: الرغامة | DX35: سعودي | DY35: ذكر | DZ35: 3 | EA35: 1 | EB35: 3 | EC35: 3 | ED35: 0 | EE35: 0 | EF35: 1 | EG35: 1 | EH35: 0 | EI35: 0 | EJ35: 2 | EK35: 2 | EL35: 1 | EM35: =SUM(DZ35:EL35) -> 17 | EO35: الرغامة | EP35: سعودي | EQ35: ذكر | ER35: 3 | ES35: 1 | ET35: 3 | EU35: 3 | EV35: 0 | EW35: 0 | EX35: 1 | EY35: 1 | EZ35: 0 | FA35: 0 | FB35: 2 | FC35: 2 | FD35: 1 | FE35: =SUM(ER35:FD35) -> 17 | FG35: الرغامة | FH35: سعودي | FI35: ذكر | FJ35: 3 | FK35: 1 | FL35: 3 | FM35: 3 | FN35: 0 | FO35: 0 | FP35: 1 | FQ35: 1 | FR35: 0 | FS35: 0 | FT35: 2 | FU35: 2 | FV35: 1 | FW35: =SUM(FJ35:FV35) -> 17 | FY35: الرغامة | FZ35: سعودي | GA35: ذكر | GB35: 0 | GC35: 0 | GD35: 0 | GE35: 0 | GF35: 0 | GG35: 0 | GH35: 0 | GI35: 0 | GJ35: 0 | GK35: 0 | GL35: 0 | GM35: 0 | GN35: 0 | GO35: =SUM(GB35:GN35) -> 0 | GQ35: الرغامة | GR35: سعودي | GS35: ذكر | GT35: 0 | GU35: 0 | GV35: 0 | GW35: 0 | GX35: 0 | GY35: 0 | GZ35: 0 | HA35: 0 | HB35: 0 | HC35: 0 | HD35: 0 | HE35: 0 | HF35: 0 | HG35: =SUM(GT35:HF35) -> 0 | HI35: =GQ35 -> الرغامة | HJ35: سعودي | HK35: ذكر | HL35: =SUM(GT35) -> 0 | HM35: =SUM(GU35) -> 0 | HN35: =SUM(GV35) -> 0 | HO35: =SUM(GW35) -> 0 | HP35: =SUM(GX35) -> 0 | HQ35: =SUM(GY35) -> 0 | HR35: =SUM(GZ35) -> 0 | HS35: =SUM(HA35) -> 0 | ... HX35: =SUM(HF35) -> 0 | HY35: =SUM(HL35:HX35) -> 0
C36: أنثى | D36: 4 | E36: 1 | F36: 0 | G36: 15 | H36: 0 | I36: 0 | J36: 1 | K36: 0 | L36: 0 | M36: 0 | N36: 4 | O36: 1 | P36: 4 | Q36: =SUM(D36:P36) -> 30 | U36: أنثى | V36: 4 | W36: 1 | X36: 0 | Y36: 15 | Z36: 0 | AA36: 0 | AB36: 1 | AC36: 0 | AD36: 0 | AE36: 0 | AF36: 4 | AG36: 1 | AH36: 4 | AI36: =SUM(V36:AH36) -> 30 | AM36: أنثى | AN36: 4 | AO36: 1 | AP36: 0 | AQ36: 15 | AR36: 0 | AS36: 0 | AT36: 1 | AU36: 0 | AV36: 0 | AW36: 0 | AX36: 4 | AY36: 1 | AZ36: 4 | BA36: =SUM(AN36:AZ36) -> 30 | BE36: أنثى | BF36: 4 | BG36: 1 | BH36: 0 | BI36: 15 | BJ36: 0 | BK36: 0 | BL36: 1 | BM36: 0 | BN36: 0 | BO36: 0 | BP36: 4 | BQ36: 1 | BR36: 4 | BS36: =SUM(BF36:BR36) -> 30 | BW36: أنثى | BX36: 4 | BY36: 1 | BZ36: 0 | CA36: 15 | CB36: 0 | CC36: 0 | CD36: 1 | CE36: 0 | CF36: 0 | CG36: 0 | CH36: 4 | CI36: 1 | CJ36: 4 | CK36: =SUM(BX36:CJ36) -> 30 | CO36: أنثى | CP36: 4 | CQ36: 1 | CR36: 0 | CS36: 15 | CT36: 0 | CU36: 0 | CV36: 1 | CW36: 0 | CX36: 0 | CY36: 0 | CZ36: 4 | DA36: 1 | DB36: 4 | DC36: =SUM(CP36:DB36) -> 30 | DG36: أنثى | DH36: 4 | DI36: 1 | DJ36: 0 | DK36: 15 | DL36: 0 | DM36: 0 | DN36: 1 | DO36: 0 | DP36: 0 | DQ36: 0 | DR36: 4 | DS36: 1 | DT36: 4 | DU36: =SUM(DH36:DT36) -> 30 | DY36: أنثى | DZ36: 4 | EA36: 1 | EB36: 0 | EC36: 15 | ED36: 0 | EE36: 0 | EF36: 1 | EG36: 0 | EH36: 0 | EI36: 0 | EJ36: 4 | EK36: 1 | EL36: 4 | EM36: =SUM(DZ36:EL36) -> 30 | EQ36: أنثى | ER36: 4 | ES36: 1 | ET36: 0 | EU36: 15 | EV36: 0 | EW36: 0 | EX36: 1 | EY36: 0 | EZ36: 0 | FA36: 0 | FB36: 4 | FC36: 1 | FD36: 4 | FE36: =SUM(ER36:FD36) -> 30 | FI36: أنثى | FJ36: 4 | FK36: 1 | FL36: 0 | FM36: 15 | FN36: 0 | FO36: 0 | FP36: 1 | FQ36: 0 | FR36: 0 | FS36: 0 | FT36: 4 | FU36: 1 | FV36: 4 | FW36: =SUM(FJ36:FV36) -> 30 | GA36: أنثى | GB36: 0 | GC36: 0 | GD36: 0 | GE36: 0 | GF36: 0 | GG36: 0 | GH36: 0 | GI36: 0 | GJ36: 0 | GK36: 0 | GL36: 0 | GM36: 0 | GN36: 0 | GO36: =SUM(GB36:GN36) -> 0 | GS36: أنثى | GT36: 0 | GU36: 0 | GV36: 0 | GW36: 0 | GX36: 0 | GY36: 0 | GZ36: 0 | HA36: 0 | HB36: 0 | HC36: 0 | HD36: 0 | HE36: 0 | HF36: 0 | HG36: =SUM(GT36:HF36) -> 0 | HK36: أنثى | HL36: =SUM(GT36) -> 0 | HM36: =SUM(GU36) -> 0 | HN36: =SUM(GV36) -> 0 | HO36: =SUM(GW36) -> 0 | HP36: =SUM(GX36) -> 0 | HQ36: =SUM(GY36) -> 0 | HR36: =SUM(GZ36) -> 0 | HS36: =SUM(HA36) -> 0 | ... HX36: =SUM(HF36) -> 0 | HY36: =SUM(HL36:HX36) -> 0
B37: غير | C37: ذكر | D37: 0 | E37: 0 | F37: 0 | G37: 0 | H37: 0 | I37: 0 | J37: 0 | K37: 0 | L37: 0 | M37: 0 | N37: 0 | O37: 0 | P37: 0 | Q37: =SUM(D37:P37) -> 0 | T37: غير | U37: ذكر | V37: 0 | W37: 0 | X37: 0 | Y37: 0 | Z37: 0 | AA37: 0 | AB37: 0 | AC37: 0 | AD37: 0 | AE37: 0 | AF37: 0 | AG37: 0 | AH37: 0 | AI37: =SUM(V37:AH37) -> 0 | AL37: غير | AM37: ذكر | AN37: 0 | AO37: 0 | AP37: 0 | AQ37: 0 | AR37: 0 | AS37: 0 | AT37: 0 | AU37: 0 | AV37: 0 | AW37: 0 | AX37: 0 | AY37: 0 | AZ37: 0 | BA37: =SUM(AN37:AZ37) -> 0 | BD37: غير | BE37: ذكر | BF37: 0 | BG37: 0 | BH37: 0 | BI37: 0 | BJ37: 0 | BK37: 0 | BL37: 0 | BM37: 0 | BN37: 0 | BO37: 0 | BP37: 0 | BQ37: 0 | BR37: 0 | BS37: =SUM(BF37:BR37) -> 0 | BV37: غير | BW37: ذكر | BX37: 0 | BY37: 0 | BZ37: 0 | CA37: 0 | CB37: 0 | CC37: 0 | CD37: 0 | CE37: 0 | CF37: 0 | CG37: 0 | CH37: 0 | CI37: 0 | CJ37: 0 | CK37: =SUM(BX37:CJ37) -> 0 | CN37: غير | CO37: ذكر | CP37: 0 | CQ37: 0 | CR37: 0 | CS37: 0 | CT37: 0 | CU37: 0 | CV37: 0 | CW37: 0 | CX37: 0 | CY37: 0 | CZ37: 0 | DA37: 0 | DB37: 0 | DC37: =SUM(CP37:DB37) -> 0 | DF37: غير | DG37: ذكر | DH37: 0 | DI37: 0 | DJ37: 0 | DK37: 0 | DL37: 0 | DM37: 0 | DN37: 0 | DO37: 0 | DP37: 0 | DQ37: 0 | DR37: 0 | DS37: 0 | DT37: 0 | DU37: =SUM(DH37:DT37) -> 0 | DX37: غير | DY37: ذكر | DZ37: 0 | EA37: 0 | EB37: 0 | EC37: 0 | ED37: 0 | EE37: 0 | EF37: 0 | EG37: 0 | EH37: 0 | EI37: 0 | EJ37: 0 | EK37: 0 | EL37: 0 | EM37: =SUM(DZ37:EL37) -> 0 | EP37: غير | EQ37: ذكر | ER37: 0 | ES37: 0 | ET37: 0 | EU37: 0 | EV37: 0 | EW37: 0 | EX37: 0 | EY37: 0 | EZ37: 0 | FA37: 0 | FB37: 0 | FC37: 0 | FD37: 0 | FE37: =SUM(ER37:FD37) -> 0 | FH37: غير | FI37: ذكر | FJ37: 0 | FK37: 0 | FL37: 0 | FM37: 0 | FN37: 0 | FO37: 0 | FP37: 0 | FQ37: 0 | FR37: 0 | FS37: 0 | FT37: 0 | FU37: 0 | FV37: 0 | FW37: =SUM(FJ37:FV37) -> 0 | FZ37: غير | GA37: ذكر | GB37: 0 | GC37: 0 | GD37: 0 | GE37: 0 | GF37: 0 | GG37: 0 | GH37: 0 | GI37: 0 | GJ37: 0 | GK37: 0 | GL37: 0 | GM37: 0 | GN37: 0 | GO37: =SUM(GB37:GN37) -> 0 | GR37: غير | GS37: ذكر | GT37: 0 | GU37: 0 | GV37: 0 | GW37: 0 | GX37: 0 | GY37: 0 | GZ37: 0 | HA37: 0 | HB37: 0 | HC37: 0 | HD37: 0 | HE37: 0 | HF37: 0 | HG37: =SUM(GT37:HF37) -> 0 | HJ37: غير | HK37: ذكر | HL37: =SUM(GT37) -> 0 | HM37: =SUM(GU37) -> 0 | HN37: =SUM(GV37) -> 0 | HO37: =SUM(GW37) -> 0 | HP37: =SUM(GX37) -> 0 | HQ37: =SUM(GY37) -> 0 | HR37: =SUM(GZ37) -> 0 | HS37: =SUM(HA37) -> 0 | ... HX37: =SUM(HF37) -> 0 | HY37: =SUM(HL37:HX37) -> 0
B38: سعودي | C38: أنثى | D38: 0 | E38: 0 | F38: 0 | G38: 0 | H38: 0 | I38: 0 | J38: 0 | K38: 0 | L38: 0 | M38: 0 | N38: 0 | O38: 0 | P38: 0 | Q38: =SUM(D38:P38) -> 0 | T38: سعودي | U38: أنثى | V38: 0 | W38: 0 | X38: 0 | Y38: 0 | Z38: 0 | AA38: 0 | AB38: 0 | AC38: 0 | AD38: 0 | AE38: 0 | AF38: 0 | AG38: 0 | AH38: 0 | AI38: =SUM(V38:AH38) -> 0 | AL38: سعودي | AM38: أنثى | AN38: 0 | AO38: 0 | AP38: 0 | AQ38: 0 | AR38: 0 | AS38: 0 | AT38: 0 | AU38: 0 | AV38: 0 | AW38: 0 | AX38: 0 | AY38: 0 | AZ38: 0 | BA38: =SUM(AN38:AZ38) -> 0 | BD38: سعودي | BE38: أنثى | BF38: 0 | BG38: 0 | BH38: 0 | BI38: 0 | BJ38: 0 | BK38: 0 | BL38: 0 | BM38: 0 | BN38: 0 | BO38: 0 | BP38: 0 | BQ38: 0 | BR38: 0 | BS38: =SUM(BF38:BR38) -> 0 | BV38: سعودي | BW38: أنثى | BX38: 0 | BY38: 0 | BZ38: 0 | CA38: 0 | CB38: 0 | CC38: 0 | CD38: 0 | CE38: 0 | CF38: 0 | CG38: 0 | CH38: 0 | CI38: 0 | CJ38: 0 | CK38: =SUM(BX38:CJ38) -> 0 | CN38: سعودي | CO38: أنثى | CP38: 0 | CQ38: 0 | CR38: 0 | CS38: 0 | CT38: 0 | CU38: 0 | CV38: 0 | CW38: 0 | CX38: 0 | CY38: 0 | CZ38: 0 | DA38: 0 | DB38: 0 | DC38: =SUM(CP38:DB38) -> 0 | DF38: سعودي | DG38: أنثى | DH38: 0 | DI38: 0 | DJ38: 0 | DK38: 0 | DL38: 0 | DM38: 0 | DN38: 0 | DO38: 0 | DP38: 0 | DQ38: 0 | DR38: 0 | DS38: 0 | DT38: 0 | DU38: =SUM(DH38:DT38) -> 0 | DX38: سعودي | DY38: أنثى | DZ38: 0 | EA38: 0 | EB38: 0 | EC38: 0 | ED38: 0 | EE38: 0 | EF38: 0 | EG38: 0 | EH38: 0 | EI38: 0 | EJ38: 0 | EK38: 0 | EL38: 0 | EM38: =SUM(DZ38:EL38) -> 0 | EP38: سعودي | EQ38: أنثى | ER38: 0 | ES38: 0 | ET38: 0 | EU38: 0 | EV38: 0 | EW38: 0 | EX38: 0 | EY38: 0 | EZ38: 0 | FA38: 0 | FB38: 0 | FC38: 0 | FD38: 0 | FE38: =SUM(ER38:FD38) -> 0 | FH38: سعودي | FI38: أنثى | FJ38: 0 | FK38: 0 | FL38: 0 | FM38: 0 | FN38: 0 | FO38: 0 | FP38: 0 | FQ38: 0 | FR38: 0 | FS38: 0 | FT38: 0 | FU38: 0 | FV38: 0 | FW38: =SUM(FJ38:FV38) -> 0 | FZ38: سعودي | GA38: أنثى | GB38: 0 | GC38: 0 | GD38: 0 | GE38: 0 | GF38: 0 | GG38: 0 | GH38: 0 | GI38: 0 | GJ38: 0 | GK38: 0 | GL38: 0 | GM38: 0 | GN38: 0 | GO38: =SUM(GB38:GN38) -> 0 | GR38: سعودي | GS38: أنثى | GT38: 0 | GU38: 0 | GV38: 0 | GW38: 0 | GX38: 0 | GY38: 0 | GZ38: 0 | HA38: 0 | HB38: 0 | HC38: 0 | HD38: 0 | HE38: 0 | HF38: 0 | HG38: =SUM(GT38:HF38) -> 0 | HJ38: سعودي | HK38: أنثى | HL38: =SUM(GT38) -> 0 | HM38: =SUM(GU38) -> 0 | HN38: =SUM(GV38) -> 0 | HO38: =SUM(GW38) -> 0 | HP38: =SUM(GX38) -> 0 | HQ38: =SUM(GY38) -> 0 | HR38: =SUM(GZ38) -> 0 | HS38: =SUM(HA38) -> 0 | ... HX38: =SUM(HF38) -> 0 | HY38: =SUM(HL38:HX38) -> 0
B39: المجموع | D39: =SUM(D35:D38) -> 7 | E39: =SUM(E35:E38) -> 2 | F39: =SUM(F35:F38) -> 3 | G39: =SUM(G35:G38) -> 18 | H39: =SUM(H35:H38) -> 0 | I39: =SUM(I35:I38) -> 0 | J39: =SUM(J35:J38) -> 2 | K39: =SUM(K35:K38) -> 1 | ... Q39: =SUM(Q35:Q38) -> 47 | T39: المجموع | V39: =SUM(V35:V38) -> 7 | W39: =SUM(W35:W38) -> 2 | X39: =SUM(X35:X38) -> 3 | Y39: =SUM(Y35:Y38) -> 18 | Z39: =SUM(Z35:Z38) -> 0 | AA39: =SUM(AA35:AA38) -> 0 | AB39: =SUM(AB35:AB38) -> 2 | AC39: =SUM(AC35:AC38) -> 1 | ... AI39: =SUM(AI35:AI38) -> 47 | AL39: المجموع | AN39: =SUM(AN35:AN38) -> 7 | AO39: =SUM(AO35:AO38) -> 2 | AP39: =SUM(AP35:AP38) -> 3 | AQ39: =SUM(AQ35:AQ38) -> 18 | AR39: =SUM(AR35:AR38) -> 0 | AS39: =SUM(AS35:AS38) -> 0 | AT39: =SUM(AT35:AT38) -> 2 | AU39: =SUM(AU35:AU38) -> 1 | ... BA39: =SUM(BA35:BA38) -> 47 | BD39: المجموع | BF39: =SUM(BF35:BF38) -> 7 | BG39: =SUM(BG35:BG38) -> 2 | BH39: =SUM(BH35:BH38) -> 3 | BI39: =SUM(BI35:BI38) -> 18 | BJ39: =SUM(BJ35:BJ38) -> 0 | BK39: =SUM(BK35:BK38) -> 0 | BL39: =SUM(BL35:BL38) -> 2 | BM39: =SUM(BM35:BM38) -> 1 | ... BS39: =SUM(BS35:BS38) -> 47 | BV39: المجموع | BX39: =SUM(BX35:BX38) -> 7 | BY39: =SUM(BY35:BY38) -> 2 | BZ39: =SUM(BZ35:BZ38) -> 3 | CA39: =SUM(CA35:CA38) -> 18 | CB39: =SUM(CB35:CB38) -> 0 | CC39: =SUM(CC35:CC38) -> 0 | CD39: =SUM(CD35:CD38) -> 2 | CE39: =SUM(CE35:CE38) -> 1 | ... CK39: =SUM(CK35:CK38) -> 47 | CN39: المجموع | CP39: =SUM(CP35:CP38) -> 7 | CQ39: =SUM(CQ35:CQ38) -> 2 | CR39: =SUM(CR35:CR38) -> 3 | CS39: =SUM(CS35:CS38) -> 18 | CT39: =SUM(CT35:CT38) -> 0 | CU39: =SUM(CU35:CU38) -> 0 | CV39: =SUM(CV35:CV38) -> 2 | CW39: =SUM(CW35:CW38) -> 1 | ... DC39: =SUM(DC35:DC38) -> 47 | DF39: المجموع | DH39: =SUM(DH35:DH38) -> 7 | DI39: =SUM(DI35:DI38) -> 2 | DJ39: =SUM(DJ35:DJ38) -> 3 | DK39: =SUM(DK35:DK38) -> 18 | DL39: =SUM(DL35:DL38) -> 0 | DM39: =SUM(DM35:DM38) -> 0 | DN39: =SUM(DN35:DN38) -> 2 | DO39: =SUM(DO35:DO38) -> 1 | ... DU39: =SUM(DU35:DU38) -> 47 | DX39: المجموع | DZ39: =SUM(DZ35:DZ38) -> 7 | EA39: =SUM(EA35:EA38) -> 2 | EB39: =SUM(EB35:EB38) -> 3 | EC39: =SUM(EC35:EC38) -> 18 | ED39: =SUM(ED35:ED38) -> 0 | EE39: =SUM(EE35:EE38) -> 0 | EF39: =SUM(EF35:EF38) -> 2 | EG39: =SUM(EG35:EG38) -> 1 | ... EM39: =SUM(EM35:EM38) -> 47 | EP39: المجموع | ER39: =SUM(ER35:ER38) -> 7 | ES39: =SUM(ES35:ES38) -> 2 | ET39: =SUM(ET35:ET38) -> 3 | EU39: =SUM(EU35:EU38) -> 18 | EV39: =SUM(EV35:EV38) -> 0 | EW39: =SUM(EW35:EW38) -> 0 | EX39: =SUM(EX35:EX38) -> 2 | EY39: =SUM(EY35:EY38) -> 1 | ... FE39: =SUM(FE35:FE38) -> 47 | FH39: المجموع | FJ39: =SUM(FJ35:FJ38) -> 7 | FK39: =SUM(FK35:FK38) -> 2 | FL39: =SUM(FL35:FL38) -> 3 | FM39: =SUM(FM35:FM38) -> 18 | FN39: =SUM(FN35:FN38) -> 0 | FO39: =SUM(FO35:FO38) -> 0 | FP39: =SUM(FP35:FP38) -> 2 | FQ39: =SUM(FQ35:FQ38) -> 1 | ... FW39: =SUM(FW35:FW38) -> 47 | FZ39: المجموع | GB39: =SUM(GB35:GB38) -> 0 | GC39: =SUM(GC35:GC38) -> 0 | GD39: =SUM(GD35:GD38) -> 0 | GE39: =SUM(GE35:GE38) -> 0 | GF39: =SUM(GF35:GF38) -> 0 | GG39: =SUM(GG35:GG38) -> 0 | GH39: =SUM(GH35:GH38) -> 0 | GI39: =SUM(GI35:GI38) -> 0 | ... GO39: =SUM(GO35:GO38) -> 0 | GR39: المجموع | GT39: =SUM(GT35:GT38) -> 0 | GU39: =SUM(GU35:GU38) -> 0 | GV39: =SUM(GV35:GV38) -> 0 | GW39: =SUM(GW35:GW38) -> 0 | GX39: =SUM(GX35:GX38) -> 0 | GY39: =SUM(GY35:GY38) -> 0 | GZ39: =SUM(GZ35:GZ38) -> 0 | HA39: =SUM(HA35:HA38) -> 0 | ... HG39: =SUM(HG35:HG38) -> 0 | HJ39: المجموع | HL39: =SUM(HL35:HL38) -> 0 | HM39: =SUM(HM35:HM38) -> 0 | HN39: =SUM(HN35:HN38) -> 0 | HO39: =SUM(HO35:HO38) -> 0 | HP39: =SUM(HP35:HP38) -> 0 | HQ39: =SUM(HQ35:HQ38) -> 0 | HR39: =SUM(HR35:HR38) -> 0 | HS39: =SUM(HS35:HS38) -> 0 | ... HY39: =SUM(HY35:HY38) -> 0
A40: الواحة | B40: سعودي | C40: ذكر | D40: 4 | E40: 0 | F40: 0 | G40: 1 | H40: 0 | I40: 0 | J40: 1 | K40: 0 | L40: 0 | M40: 0 | N40: 1 | O40: 3 | P40: 3 | Q40: =SUM(D40:P40) -> 13 | S40: الواحة | T40: سعودي | U40: ذكر | V40: 4 | W40: 0 | X40: 0 | Y40: 1 | Z40: 0 | AA40: 0 | AB40: 1 | AC40: 0 | AD40: 0 | AE40: 0 | AF40: 1 | AG40: 3 | AH40: 3 | AI40: =SUM(V40:AH40) -> 13 | AK40: الواحة | AL40: سعودي | AM40: ذكر | AN40: 4 | AO40: 0 | AP40: 0 | AQ40: 1 | AR40: 0 | AS40: 0 | AT40: 1 | AU40: 0 | AV40: 0 | AW40: 0 | AX40: 1 | AY40: 3 | AZ40: 3 | BA40: =SUM(AN40:AZ40) -> 13 | BC40: الواحة | BD40: سعودي | BE40: ذكر | BF40: 4 | BG40: 0 | BH40: 0 | BI40: 1 | BJ40: 0 | BK40: 0 | BL40: 1 | BM40: 0 | BN40: 0 | BO40: 0 | BP40: 1 | BQ40: 3 | BR40: 3 | BS40: =SUM(BF40:BR40) -> 13 | BU40: الواحة | BV40: سعودي | BW40: ذكر | BX40: 4 | BY40: 0 | BZ40: 0 | CA40: 1 | CB40: 0 | CC40: 0 | CD40: 1 | CE40: 0 | CF40: 0 | CG40: 0 | CH40: 1 | CI40: 3 | CJ40: 3 | CK40: =SUM(BX40:CJ40) -> 13 | CM40: الواحة | CN40: سعودي | CO40: ذكر | CP40: 4 | CQ40: 0 | CR40: 0 | CS40: 1 | CT40: 0 | CU40: 0 | CV40: 1 | CW40: 0 | CX40: 0 | CY40: 0 | CZ40: 1 | DA40: 3 | DB40: 3 | DC40: =SUM(CP40:DB40) -> 13 | DE40: الواحة | DF40: سعودي | DG40: ذكر | DH40: 4 | DI40: 0 | DJ40: 0 | DK40: 1 | DL40: 0 | DM40: 0 | DN40: 1 | DO40: 0 | DP40: 0 | DQ40: 0 | DR40: 1 | DS40: 3 | DT40: 3 | DU40: =SUM(DH40:DT40) -> 13 | DW40: الواحة | DX40: سعودي | DY40: ذكر | DZ40: 4 | EA40: 0 | EB40: 0 | EC40: 1 | ED40: 0 | EE40: 0 | EF40: 1 | EG40: 0 | EH40: 0 | EI40: 0 | EJ40: 1 | EK40: 3 | EL40: 3 | EM40: =SUM(DZ40:EL40) -> 13 | EO40: الواحة | EP40: سعودي | EQ40: ذكر | ER40: 4 | ES40: 0 | ET40: 0 | EU40: 1 | EV40: 0 | EW40: 0 | EX40: 1 | EY40: 0 | EZ40: 0 | FA40: 0 | FB40: 1 | FC40: 3 | FD40: 3 | FE40: =SUM(ER40:FD40) -> 13 | FG40: الواحة | FH40: سعودي | FI40: ذكر | FJ40: 4 | FK40: 0 | FL40: 0 | FM40: 1 | FN40: 0 | FO40: 0 | FP40: 1 | FQ40: 0 | FR40: 0 | FS40: 0 | FT40: 1 | FU40: 3 | FV40: 3 | FW40: =SUM(FJ40:FV40) -> 13 | FY40: الواحة | FZ40: سعودي | GA40: ذكر | GB40: 0 | GC40: 0 | GD40: 0 | GE40: 0 | GF40: 0 | GG40: 0 | GH40: 0 | GI40: 0 | GJ40: 0 | GK40: 0 | GL40: 0 | GM40: 0 | GN40: 0 | GO40: =SUM(GB40:GN40) -> 0 | GQ40: الواحة | GR40: سعودي | GS40: ذكر | GT40: 0 | GU40: 0 | GV40: 0 | GW40: 0 | GX40: 0 | GY40: 0 | GZ40: 0 | HA40: 0 | HB40: 0 | HC40: 0 | HD40: 0 | HE40: 0 | HF40: 0 | HG40: =SUM(GT40:HF40) -> 0 | HI40: =GQ40 -> الواحة | HJ40: سعودي | HK40: ذكر | HL40: =SUM(GT40) -> 0 | HM40: =SUM(GU40) -> 0 | HN40: =SUM(GV40) -> 0 | HO40: =SUM(GW40) -> 0 | HP40: =SUM(GX40) -> 0 | HQ40: =SUM(GY40) -> 0 | HR40: =SUM(GZ40) -> 0 | HS40: =SUM(HA40) -> 0 | ... HX40: =SUM(HF40) -> 0 | HY40: =SUM(HL40:HX40) -> 0
C41: أنثى | D41: 3 | E41: 6 | F41: 0 | G41: 22 | H41: 0 | I41: 0 | J41: 1 | K41: 0 | L41: 0 | M41: 0 | N41: 3 | O41: 0 | P41: 10 | Q41: =SUM(D41:P41) -> 45 | U41: أنثى | V41: 3 | W41: 6 | X41: 0 | Y41: 22 | Z41: 0 | AA41: 0 | AB41: 1 | AC41: 0 | AD41: 0 | AE41: 0 | AF41: 3 | AG41: 0 | AH41: 10 | AI41: =SUM(V41:AH41) -> 45 | AM41: أنثى | AN41: 3 | AO41: 6 | AP41: 0 | AQ41: 22 | AR41: 0 | AS41: 0 | AT41: 1 | AU41: 0 | AV41: 0 | AW41: 0 | AX41: 3 | AY41: 0 | AZ41: 10 | BA41: =SUM(AN41:AZ41) -> 45 | BE41: أنثى | BF41: 3 | BG41: 6 | BH41: 0 | BI41: 22 | BJ41: 0 | BK41: 0 | BL41: 1 | BM41: 0 | BN41: 0 | BO41: 0 | BP41: 3 | BQ41: 0 | BR41: 10 | BS41: =SUM(BF41:BR41) -> 45 | BW41: أنثى | BX41: 3 | BY41: 6 | BZ41: 0 | CA41: 22 | CB41: 0 | CC41: 0 | CD41: 1 | CE41: 0 | CF41: 0 | CG41: 0 | CH41: 3 | CI41: 0 | CJ41: 10 | CK41: =SUM(BX41:CJ41) -> 45 | CO41: أنثى | CP41: 3 | CQ41: 6 | CR41: 0 | CS41: 22 | CT41: 0 | CU41: 0 | CV41: 1 | CW41: 0 | CX41: 0 | CY41: 0 | CZ41: 3 | DA41: 0 | DB41: 10 | DC41: =SUM(CP41:DB41) -> 45 | DG41: أنثى | DH41: 3 | DI41: 6 | DJ41: 0 | DK41: 22 | DL41: 0 | DM41: 0 | DN41: 1 | DO41: 0 | DP41: 0 | DQ41: 0 | DR41: 3 | DS41: 0 | DT41: 10 | DU41: =SUM(DH41:DT41) -> 45 | DY41: أنثى | DZ41: 3 | EA41: 6 | EB41: 0 | EC41: 22 | ED41: 0 | EE41: 0 | EF41: 1 | EG41: 0 | EH41: 0 | EI41: 0 | EJ41: 3 | EK41: 0 | EL41: 10 | EM41: =SUM(DZ41:EL41) -> 45 | EQ41: أنثى | ER41: 3 | ES41: 6 | ET41: 0 | EU41: 22 | EV41: 0 | EW41: 0 | EX41: 1 | EY41: 0 | EZ41: 0 | FA41: 0 | FB41: 3 | FC41: 0 | FD41: 10 | FE41: =SUM(ER41:FD41) -> 45 | FI41: أنثى | FJ41: 3 | FK41: 6 | FL41: 0 | FM41: 22 | FN41: 0 | FO41: 0 | FP41: 1 | FQ41: 0 | FR41: 0 | FS41: 0 | FT41: 3 | FU41: 0 | FV41: 10 | FW41: =SUM(FJ41:FV41) -> 45 | GA41: أنثى | GB41: 0 | GC41: 0 | GD41: 0 | GE41: 0 | GF41: 0 | GG41: 0 | GH41: 0 | GI41: 0 | GJ41: 0 | GK41: 0 | GL41: 0 | GM41: 0 | GN41: 0 | GO41: =SUM(GB41:GN41) -> 0 | GS41: أنثى | GT41: 0 | GU41: 0 | GV41: 0 | GW41: 0 | GX41: 0 | GY41: 0 | GZ41: 0 | HA41: 0 | HB41: 0 | HC41: 0 | HD41: 0 | HE41: 0 | HF41: 0 | HG41: =SUM(GT41:HF41) -> 0 | HK41: أنثى | HL41: =SUM(GT41) -> 0 | HM41: =SUM(GU41) -> 0 | HN41: =SUM(GV41) -> 0 | HO41: =SUM(GW41) -> 0 | HP41: =SUM(GX41) -> 0 | HQ41: =SUM(GY41) -> 0 | HR41: =SUM(GZ41) -> 0 | HS41: =SUM(HA41) -> 0 | ... HX41: =SUM(HF41) -> 0 | HY41: =SUM(HL41:HX41) -> 0
B42: غير | C42: ذكر | D42: 0 | E42: 0 | F42: 0 | G42: 0 | H42: 0 | I42: 0 | J42: 0 | K42: 0 | L42: 0 | M42: 0 | N42: 0 | O42: 0 | P42: 0 | Q42: =SUM(D42:P42) -> 0 | T42: غير | U42: ذكر | V42: 0 | W42: 0 | X42: 0 | Y42: 0 | Z42: 0 | AA42: 0 | AB42: 0 | AC42: 0 | AD42: 0 | AE42: 0 | AF42: 0 | AG42: 0 | AH42: 0 | AI42: =SUM(V42:AH42) -> 0 | AL42: غير | AM42: ذكر | AN42: 0 | AO42: 0 | AP42: 0 | AQ42: 0 | AR42: 0 | AS42: 0 | AT42: 0 | AU42: 0 | AV42: 0 | AW42: 0 | AX42: 0 | AY42: 0 | AZ42: 0 | BA42: =SUM(AN42:AZ42) -> 0 | BD42: غير | BE42: ذكر | BF42: 0 | BG42: 0 | BH42: 0 | BI42: 0 | BJ42: 0 | BK42: 0 | BL42: 0 | BM42: 0 | BN42: 0 | BO42: 0 | BP42: 0 | BQ42: 0 | BR42: 0 | BS42: =SUM(BF42:BR42) -> 0 | BV42: غير | BW42: ذكر | BX42: 0 | BY42: 0 | BZ42: 0 | CA42: 0 | CB42: 0 | CC42: 0 | CD42: 0 | CE42: 0 | CF42: 0 | CG42: 0 | CH42: 0 | CI42: 0 | CJ42: 0 | CK42: =SUM(BX42:CJ42) -> 0 | CN42: غير | CO42: ذكر | CP42: 0 | CQ42: 0 | CR42: 0 | CS42: 0 | CT42: 0 | CU42: 0 | CV42: 0 | CW42: 0 | CX42: 0 | CY42: 0 | CZ42: 0 | DA42: 0 | DB42: 0 | DC42: =SUM(CP42:DB42) -> 0 | DF42: غير | DG42: ذكر | DH42: 0 | DI42: 0 | DJ42: 0 | DK42: 0 | DL42: 0 | DM42: 0 | DN42: 0 | DO42: 0 | DP42: 0 | DQ42: 0 | DR42: 0 | DS42: 0 | DT42: 0 | DU42: =SUM(DH42:DT42) -> 0 | DX42: غير | DY42: ذكر | DZ42: 0 | EA42: 0 | EB42: 0 | EC42: 0 | ED42: 0 | EE42: 0 | EF42: 0 | EG42: 0 | EH42: 0 | EI42: 0 | EJ42: 0 | EK42: 0 | EL42: 0 | EM42: =SUM(DZ42:EL42) -> 0 | EP42: غير | EQ42: ذكر | ER42: 0 | ES42: 0 | ET42: 0 | EU42: 0 | EV42: 0 | EW42: 0 | EX42: 0 | EY42: 0 | EZ42: 0 | FA42: 0 | FB42: 0 | FC42: 0 | FD42: 0 | FE42: =SUM(ER42:FD42) -> 0 | FH42: غير | FI42: ذكر | FJ42: 0 | FK42: 0 | FL42: 0 | FM42: 0 | FN42: 0 | FO42: 0 | FP42: 0 | FQ42: 0 | FR42: 0 | FS42: 0 | FT42: 0 | FU42: 0 | FV42: 0 | FW42: =SUM(FJ42:FV42) -> 0 | FZ42: غير | GA42: ذكر | GB42: 0 | GC42: 0 | GD42: 0 | GE42: 0 | GF42: 0 | GG42: 0 | GH42: 0 | GI42: 0 | GJ42: 0 | GK42: 0 | GL42: 0 | GM42: 0 | GN42: 0 | GO42: =SUM(GB42:GN42) -> 0 | GR42: غير | GS42: ذكر | GT42: 0 | GU42: 0 | GV42: 0 | GW42: 0 | GX42: 0 | GY42: 0 | GZ42: 0 | HA42: 0 | HB42: 0 | HC42: 0 | HD42: 0 | HE42: 0 | HF42: 0 | HG42: =SUM(GT42:HF42) -> 0 | HJ42: غير | HK42: ذكر | HL42: =SUM(GT42) -> 0 | HM42: =SUM(GU42) -> 0 | HN42: =SUM(GV42) -> 0 | HO42: =SUM(GW42) -> 0 | HP42: =SUM(GX42) -> 0 | HQ42: =SUM(GY42) -> 0 | HR42: =SUM(GZ42) -> 0 | HS42: =SUM(HA42) -> 0 | ... HX42: =SUM(HF42) -> 0 | HY42: =SUM(HL42:HX42) -> 0
B43: سعودي | C43: أنثى | D43: 0 | E43: 0 | F43: 0 | G43: 0 | H43: 0 | I43: 0 | J43: 0 | K43: 0 | L43: 0 | M43: 0 | N43: 0 | O43: 0 | P43: 0 | Q43: =SUM(D43:P43) -> 0 | T43: سعودي | U43: أنثى | V43: 0 | W43: 0 | X43: 0 | Y43: 0 | Z43: 0 | AA43: 0 | AB43: 0 | AC43: 0 | AD43: 0 | AE43: 0 | AF43: 0 | AG43: 0 | AH43: 0 | AI43: =SUM(V43:AH43) -> 0 | AL43: سعودي | AM43: أنثى | AN43: 0 | AO43: 0 | AP43: 0 | AQ43: 0 | AR43: 0 | AS43: 0 | AT43: 0 | AU43: 0 | AV43: 0 | AW43: 0 | AX43: 0 | AY43: 0 | AZ43: 0 | BA43: =SUM(AN43:AZ43) -> 0 | BD43: سعودي | BE43: أنثى | BF43: 0 | BG43: 0 | BH43: 0 | BI43: 0 | BJ43: 0 | BK43: 0 | BL43: 0 | BM43: 0 | BN43: 0 | BO43: 0 | BP43: 0 | BQ43: 0 | BR43: 0 | BS43: =SUM(BF43:BR43) -> 0 | BV43: سعودي | BW43: أنثى | BX43: 0 | BY43: 0 | BZ43: 0 | CA43: 0 | CB43: 0 | CC43: 0 | CD43: 0 | CE43: 0 | CF43: 0 | CG43: 0 | CH43: 0 | CI43: 0 | CJ43: 0 | CK43: =SUM(BX43:CJ43) -> 0 | CN43: سعودي | CO43: أنثى | CP43: 0 | CQ43: 0 | CR43: 0 | CS43: 0 | CT43: 0 | CU43: 0 | CV43: 0 | CW43: 0 | CX43: 0 | CY43: 0 | CZ43: 0 | DA43: 0 | DB43: 0 | DC43: =SUM(CP43:DB43) -> 0 | DF43: سعودي | DG43: أنثى | DH43: 0 | DI43: 0 | DJ43: 0 | DK43: 0 | DL43: 0 | DM43: 0 | DN43: 0 | DO43: 0 | DP43: 0 | DQ43: 0 | DR43: 0 | DS43: 0 | DT43: 0 | DU43: =SUM(DH43:DT43) -> 0 | DX43: سعودي | DY43: أنثى | DZ43: 0 | EA43: 0 | EB43: 0 | EC43: 0 | ED43: 0 | EE43: 0 | EF43: 0 | EG43: 0 | EH43: 0 | EI43: 0 | EJ43: 0 | EK43: 0 | EL43: 0 | EM43: =SUM(DZ43:EL43) -> 0 | EP43: سعودي | EQ43: أنثى | ER43: 0 | ES43: 0 | ET43: 0 | EU43: 0 | EV43: 0 | EW43: 0 | EX43: 0 | EY43: 0 | EZ43: 0 | FA43: 0 | FB43: 0 | FC43: 0 | FD43: 0 | FE43: =SUM(ER43:FD43) -> 0 | FH43: سعودي | FI43: أنثى | FJ43: 0 | FK43: 0 | FL43: 0 | FM43: 0 | FN43: 0 | FO43: 0 | FP43: 0 | FQ43: 0 | FR43: 0 | FS43: 0 | FT43: 0 | FU43: 0 | FV43: 0 | FW43: =SUM(FJ43:FV43) -> 0 | FZ43: سعودي | GA43: أنثى | GB43: 0 | GC43: 0 | GD43: 0 | GE43: 0 | GF43: 0 | GG43: 0 | GH43: 0 | GI43: 0 | GJ43: 0 | GK43: 0 | GL43: 0 | GM43: 0 | GN43: 0 | GO43: =SUM(GB43:GN43) -> 0 | GR43: سعودي | GS43: أنثى | GT43: 0 | GU43: 0 | GV43: 0 | GW43: 0 | GX43: 0 | GY43: 0 | GZ43: 0 | HA43: 0 | HB43: 0 | HC43: 0 | HD43: 0 | HE43: 0 | HF43: 0 | HG43: =SUM(GT43:HF43) -> 0 | HJ43: سعودي | HK43: أنثى | HL43: =SUM(GT43) -> 0 | HM43: =SUM(GU43) -> 0 | HN43: =SUM(GV43) -> 0 | HO43: =SUM(GW43) -> 0 | HP43: =SUM(GX43) -> 0 | HQ43: =SUM(GY43) -> 0 | HR43: =SUM(GZ43) -> 0 | HS43: =SUM(HA43) -> 0 | ... HX43: =SUM(HF43) -> 0 | HY43: =SUM(HL43:HX43) -> 0
B44: المجموع | D44: =SUM(D40:D43) -> 7 | E44: =SUM(E40:E43) -> 6 | F44: =SUM(F40:F43) -> 0 | G44: =SUM(G40:G43) -> 23 | H44: =SUM(H40:H43) -> 0 | I44: =SUM(I40:I43) -> 0 | J44: =SUM(J40:J43) -> 2 | K44: =SUM(K40:K43) -> 0 | ... Q44: =SUM(Q40:Q43) -> 58 | T44: المجموع | V44: =SUM(V40:V43) -> 7 | W44: =SUM(W40:W43) -> 6 | X44: =SUM(X40:X43) -> 0 | Y44: =SUM(Y40:Y43) -> 23 | Z44: =SUM(Z40:Z43) -> 0 | AA44: =SUM(AA40:AA43) -> 0 | AB44: =SUM(AB40:AB43) -> 2 | AC44: =SUM(AC40:AC43) -> 0 | ... AI44: =SUM(AI40:AI43) -> 58 | AL44: المجموع | AN44: =SUM(AN40:AN43) -> 7 | AO44: =SUM(AO40:AO43) -> 6 | AP44: =SUM(AP40:AP43) -> 0 | AQ44: =SUM(AQ40:AQ43) -> 23 | AR44: =SUM(AR40:AR43) -> 0 | AS44: =SUM(AS40:AS43) -> 0 | AT44: =SUM(AT40:AT43) -> 2 | AU44: =SUM(AU40:AU43) -> 0 | ... BA44: =SUM(BA40:BA43) -> 58 | BD44: المجموع | BF44: =SUM(BF40:BF43) -> 7 | BG44: =SUM(BG40:BG43) -> 6 | BH44: =SUM(BH40:BH43) -> 0 | BI44: =SUM(BI40:BI43) -> 23 | BJ44: =SUM(BJ40:BJ43) -> 0 | BK44: =SUM(BK40:BK43) -> 0 | BL44: =SUM(BL40:BL43) -> 2 | BM44: =SUM(BM40:BM43) -> 0 | ... BS44: =SUM(BS40:BS43) -> 58 | BV44: المجموع | BX44: =SUM(BX40:BX43) -> 7 | BY44: =SUM(BY40:BY43) -> 6 | BZ44: =SUM(BZ40:BZ43) -> 0 | CA44: =SUM(CA40:CA43) -> 23 | CB44: =SUM(CB40:CB43) -> 0 | CC44: =SUM(CC40:CC43) -> 0 | CD44: =SUM(CD40:CD43) -> 2 | CE44: =SUM(CE40:CE43) -> 0 | ... CK44: =SUM(CK40:CK43) -> 58 | CN44: المجموع | CP44: =SUM(CP40:CP43) -> 7 | CQ44: =SUM(CQ40:CQ43) -> 6 | CR44: =SUM(CR40:CR43) -> 0 | CS44: =SUM(CS40:CS43) -> 23 | CT44: =SUM(CT40:CT43) -> 0 | CU44: =SUM(CU40:CU43) -> 0 | CV44: =SUM(CV40:CV43) -> 2 | CW44: =SUM(CW40:CW43) -> 0 | ... DC44: =SUM(DC40:DC43) -> 58 | DF44: المجموع | DH44: =SUM(DH40:DH43) -> 7 | DI44: =SUM(DI40:DI43) -> 6 | DJ44: =SUM(DJ40:DJ43) -> 0 | DK44: =SUM(DK40:DK43) -> 23 | DL44: =SUM(DL40:DL43) -> 0 | DM44: =SUM(DM40:DM43) -> 0 | DN44: =SUM(DN40:DN43) -> 2 | DO44: =SUM(DO40:DO43) -> 0 | ... DU44: =SUM(DU40:DU43) -> 58 | DX44: المجموع | DZ44: =SUM(DZ40:DZ43) -> 7 | EA44: =SUM(EA40:EA43) -> 6 | EB44: =SUM(EB40:EB43) -> 0 | EC44: =SUM(EC40:EC43) -> 23 | ED44: =SUM(ED40:ED43) -> 0 | EE44: =SUM(EE40:EE43) -> 0 | EF44: =SUM(EF40:EF43) -> 2 | EG44: =SUM(EG40:EG43) -> 0 | ... EM44: =SUM(EM40:EM43) -> 58 | EP44: المجموع | ER44: =SUM(ER40:ER43) -> 7 | ES44: =SUM(ES40:ES43) -> 6 | ET44: =SUM(ET40:ET43) -> 0 | EU44: =SUM(EU40:EU43) -> 23 | EV44: =SUM(EV40:EV43) -> 0 | EW44: =SUM(EW40:EW43) -> 0 | EX44: =SUM(EX40:EX43) -> 2 | EY44: =SUM(EY40:EY43) -> 0 | ... FE44: =SUM(FE40:FE43) -> 58 | FH44: المجموع | FJ44: =SUM(FJ40:FJ43) -> 7 | FK44: =SUM(FK40:FK43) -> 6 | FL44: =SUM(FL40:FL43) -> 0 | FM44: =SUM(FM40:FM43) -> 23 | FN44: =SUM(FN40:FN43) -> 0 | FO44: =SUM(FO40:FO43) -> 0 | FP44: =SUM(FP40:FP43) -> 2 | FQ44: =SUM(FQ40:FQ43) -> 0 | ... FW44: =SUM(FW40:FW43) -> 58 | FZ44: المجموع | GB44: =SUM(GB40:GB43) -> 0 | GC44: =SUM(GC40:GC43) -> 0 | GD44: =SUM(GD40:GD43) -> 0 | GE44: =SUM(GE40:GE43) -> 0 | GF44: =SUM(GF40:GF43) -> 0 | GG44: =SUM(GG40:GG43) -> 0 | GH44: =SUM(GH40:GH43) -> 0 | GI44: =SUM(GI40:GI43) -> 0 | ... GO44: =SUM(GO40:GO43) -> 0 | GR44: المجموع | GT44: =SUM(GT40:GT43) -> 0 | GU44: =SUM(GU40:GU43) -> 0 | GV44: =SUM(GV40:GV43) -> 0 | GW44: =SUM(GW40:GW43) -> 0 | GX44: =SUM(GX40:GX43) -> 0 | GY44: =SUM(GY40:GY43) -> 0 | GZ44: =SUM(GZ40:GZ43) -> 0 | HA44: =SUM(HA40:HA43) -> 0 | ... HG44: =SUM(HG40:HG43) -> 0 | HJ44: المجموع | HL44: =SUM(HL40:HL43) -> 0 | HM44: =SUM(HM40:HM43) -> 0 | HN44: =SUM(HN40:HN43) -> 0 | HO44: =SUM(HO40:HO43) -> 0 | HP44: =SUM(HP40:HP43) -> 0 | HQ44: =SUM(HQ40:HQ43) -> 0 | HR44: =SUM(HR40:HR43) -> 0 | HS44: =SUM(HS40:HS43) -> 0 | ... HY44: =SUM(HY40:HY43) -> 0
A45: 0 | B45: سعودي | C45: ذكر | D45: 0 | E45: 0 | F45: 0 | G45: 0 | H45: 0 | I45: 0 | J45: 0 | K45: 0 | L45: 0 | M45: 0 | N45: 0 | O45: 0 | P45: 0 | Q45: =SUM(D45:P45) -> 0 | S45: 0 | T45: سعودي | U45: ذكر | V45: 0 | W45: 0 | X45: 0 | Y45: 0 | Z45: 0 | AA45: 0 | AB45: 0 | AC45: 0 | AD45: 0 | AE45: 0 | AF45: 0 | AG45: 0 | AH45: 0 | AI45: =SUM(V45:AH45) -> 0 | AK45: 0 | AL45: سعودي | AM45: ذكر | AN45: 0 | AO45: 0 | AP45: 0 | AQ45: 0 | AR45: 0 | AS45: 0 | AT45: 0 | AU45: 0 | AV45: 0 | AW45: 0 | AX45: 0 | AY45: 0 | AZ45: 0 | BA45: =SUM(AN45:AZ45) -> 0 | BC45: 0 | BD45: سعودي | BE45: ذكر | BF45: 0 | BG45: 0 | BH45: 0 | BI45: 0 | BJ45: 0 | BK45: 0 | BL45: 0 | BM45: 0 | BN45: 0 | BO45: 0 | BP45: 0 | BQ45: 0 | BR45: 0 | BS45: =SUM(BF45:BR45) -> 0 | BU45: 0 | BV45: سعودي | BW45: ذكر | BX45: 0 | BY45: 0 | BZ45: 0 | CA45: 0 | CB45: 0 | CC45: 0 | CD45: 0 | CE45: 0 | CF45: 0 | CG45: 0 | CH45: 0 | CI45: 0 | CJ45: 0 | CK45: =SUM(BX45:CJ45) -> 0 | CM45: 0 | CN45: سعودي | CO45: ذكر | CP45: 0 | CQ45: 0 | CR45: 0 | CS45: 0 | CT45: 0 | CU45: 0 | CV45: 0 | CW45: 0 | CX45: 0 | CY45: 0 | CZ45: 0 | DA45: 0 | DB45: 0 | DC45: =SUM(CP45:DB45) -> 0 | DE45: 0 | DF45: سعودي | DG45: ذكر | DH45: 0 | DI45: 0 | DJ45: 0 | DK45: 0 | DL45: 0 | DM45: 0 | DN45: 0 | DO45: 0 | DP45: 0 | DQ45: 0 | DR45: 0 | DS45: 0 | DT45: 0 | DU45: =SUM(DH45:DT45) -> 0 | DW45: 0 | DX45: سعودي | DY45: ذكر | DZ45: 0 | EA45: 0 | EB45: 0 | EC45: 0 | ED45: 0 | EE45: 0 | EF45: 0 | EG45: 0 | EH45: 0 | EI45: 0 | EJ45: 0 | EK45: 0 | EL45: 0 | EM45: =SUM(DZ45:EL45) -> 0 | EO45: 0 | EP45: سعودي | EQ45: ذكر | ER45: 0 | ES45: 0 | ET45: 0 | EU45: 0 | EV45: 0 | EW45: 0 | EX45: 0 | EY45: 0 | EZ45: 0 | FA45: 0 | FB45: 0 | FC45: 0 | FD45: 0 | FE45: =SUM(ER45:FD45) -> 0 | FG45: 0 | FH45: سعودي | FI45: ذكر | FJ45: 0 | FK45: 0 | FL45: 0 | FM45: 0 | FN45: 0 | FO45: 0 | FP45: 0 | FQ45: 0 | FR45: 0 | FS45: 0 | FT45: 0 | FU45: 0 | FV45: 0 | FW45: =SUM(FJ45:FV45) -> 0 | FY45: 0 | FZ45: سعودي | GA45: ذكر | GB45: 0 | GC45: 0 | GD45: 0 | GE45: 0 | GF45: 0 | GG45: 0 | GH45: 0 | GI45: 0 | GJ45: 0 | GK45: 0 | GL45: 0 | GM45: 0 | GN45: 0 | GO45: =SUM(GB45:GN45) -> 0 | GQ45: 0 | GR45: سعودي | GS45: ذكر | GT45: 0 | GU45: 0 | GV45: 0 | GW45: 0 | GX45: 0 | GY45: 0 | GZ45: 0 | HA45: 0 | HB45: 0 | HC45: 0 | HD45: 0 | HE45: 0 | HF45: 0 | HG45: =SUM(GT45:HF45) -> 0 | HI45: =GQ45 -> 0 | HJ45: سعودي | HK45: ذكر | HL45: =SUM(GT45) -> 0 | HM45: =SUM(GU45) -> 0 | HN45: =SUM(GV45) -> 0 | HO45: =SUM(GW45) -> 0 | HP45: =SUM(GX45) -> 0 | HQ45: =SUM(GY45) -> 0 | HR45: =SUM(GZ45) -> 0 | HS45: =SUM(HA45) -> 0 | ... HX45: =SUM(HF45) -> 0 | HY45: =SUM(HL45:HX45) -> 0
C46: أنثى | D46: 0 | E46: 0 | F46: 0 | G46: 0 | H46: 0 | I46: 0 | J46: 0 | K46: 0 | L46: 0 | M46: 0 | N46: 0 | O46: 0 | P46: 0 | Q46: =SUM(D46:P46) -> 0 | U46: أنثى | V46: 0 | W46: 0 | X46: 0 | Y46: 0 | Z46: 0 | AA46: 0 | AB46: 0 | AC46: 0 | AD46: 0 | AE46: 0 | AF46: 0 | AG46: 0 | AH46: 0 | AI46: =SUM(V46:AH46) -> 0 | AM46: أنثى | AN46: 0 | AO46: 0 | AP46: 0 | AQ46: 0 | AR46: 0 | AS46: 0 | AT46: 0 | AU46: 0 | AV46: 0 | AW46: 0 | AX46: 0 | AY46: 0 | AZ46: 0 | BA46: =SUM(AN46:AZ46) -> 0 | BE46: أنثى | BF46: 0 | BG46: 0 | BH46: 0 | BI46: 0 | BJ46: 0 | BK46: 0 | BL46: 0 | BM46: 0 | BN46: 0 | BO46: 0 | BP46: 0 | BQ46: 0 | BR46: 0 | BS46: =SUM(BF46:BR46) -> 0 | BW46: أنثى | BX46: 0 | BY46: 0 | BZ46: 0 | CA46: 0 | CB46: 0 | CC46: 0 | CD46: 0 | CE46: 0 | CF46: 0 | CG46: 0 | CH46: 0 | CI46: 0 | CJ46: 0 | CK46: =SUM(BX46:CJ46) -> 0 | CO46: أنثى | CP46: 0 | CQ46: 0 | CR46: 0 | CS46: 0 | CT46: 0 | CU46: 0 | CV46: 0 | CW46: 0 | CX46: 0 | CY46: 0 | CZ46: 0 | DA46: 0 | DB46: 0 | DC46: =SUM(CP46:DB46) -> 0 | DG46: أنثى | DH46: 0 | DI46: 0 | DJ46: 0 | DK46: 0 | DL46: 0 | DM46: 0 | DN46: 0 | DO46: 0 | DP46: 0 | DQ46: 0 | DR46: 0 | DS46: 0 | DT46: 0 | DU46: =SUM(DH46:DT46) -> 0 | DY46: أنثى | DZ46: 0 | EA46: 0 | EB46: 0 | EC46: 0 | ED46: 0 | EE46: 0 | EF46: 0 | EG46: 0 | EH46: 0 | EI46: 0 | EJ46: 0 | EK46: 0 | EL46: 0 | EM46: =SUM(DZ46:EL46) -> 0 | EQ46: أنثى | ER46: 0 | ES46: 0 | ET46: 0 | EU46: 0 | EV46: 0 | EW46: 0 | EX46: 0 | EY46: 0 | EZ46: 0 | FA46: 0 | FB46: 0 | FC46: 0 | FD46: 0 | FE46: =SUM(ER46:FD46) -> 0 | FI46: أنثى | FJ46: 0 | FK46: 0 | FL46: 0 | FM46: 0 | FN46: 0 | FO46: 0 | FP46: 0 | FQ46: 0 | FR46: 0 | FS46: 0 | FT46: 0 | FU46: 0 | FV46: 0 | FW46: =SUM(FJ46:FV46) -> 0 | GA46: أنثى | GB46: 0 | GC46: 0 | GD46: 0 | GE46: 0 | GF46: 0 | GG46: 0 | GH46: 0 | GI46: 0 | GJ46: 0 | GK46: 0 | GL46: 0 | GM46: 0 | GN46: 0 | GO46: =SUM(GB46:GN46) -> 0 | GS46: أنثى | GT46: 0 | GU46: 0 | GV46: 0 | GW46: 0 | GX46: 0 | GY46: 0 | GZ46: 0 | HA46: 0 | HB46: 0 | HC46: 0 | HD46: 0 | HE46: 0 | HF46: 0 | HG46: =SUM(GT46:HF46) -> 0 | HK46: أنثى | HL46: =SUM(GT46) -> 0 | HM46: =SUM(GU46) -> 0 | HN46: =SUM(GV46) -> 0 | HO46: =SUM(GW46) -> 0 | HP46: =SUM(GX46) -> 0 | HQ46: =SUM(GY46) -> 0 | HR46: =SUM(GZ46) -> 0 | HS46: =SUM(HA46) -> 0 | ... HX46: =SUM(HF46) -> 0 | HY46: =SUM(HL46:HX46) -> 0
B47: غير | C47: ذكر | D47: 0 | E47: 0 | F47: 0 | G47: 0 | H47: 0 | I47: 0 | J47: 0 | K47: 0 | L47: 0 | M47: 0 | N47: 0 | O47: 0 | P47: 0 | Q47: =SUM(D47:P47) -> 0 | T47: غير | U47: ذكر | V47: 0 | W47: 0 | X47: 0 | Y47: 0 | Z47: 0 | AA47: 0 | AB47: 0 | AC47: 0 | AD47: 0 | AE47: 0 | AF47: 0 | AG47: 0 | AH47: 0 | AI47: =SUM(V47:AH47) -> 0 | AL47: غير | AM47: ذكر | AN47: 0 | AO47: 0 | AP47: 0 | AQ47: 0 | AR47: 0 | AS47: 0 | AT47: 0 | AU47: 0 | AV47: 0 | AW47: 0 | AX47: 0 | AY47: 0 | AZ47: 0 | BA47: =SUM(AN47:AZ47) -> 0 | BD47: غير | BE47: ذكر | BF47: 0 | BG47: 0 | BH47: 0 | BI47: 0 | BJ47: 0 | BK47: 0 | BL47: 0 | BM47: 0 | BN47: 0 | BO47: 0 | BP47: 0 | BQ47: 0 | BR47: 0 | BS47: =SUM(BF47:BR47) -> 0 | BV47: غير | BW47: ذكر | BX47: 0 | BY47: 0 | BZ47: 0 | CA47: 0 | CB47: 0 | CC47: 0 | CD47: 0 | CE47: 0 | CF47: 0 | CG47: 0 | CH47: 0 | CI47: 0 | CJ47: 0 | CK47: =SUM(BX47:CJ47) -> 0 | CN47: غير | CO47: ذكر | CP47: 0 | CQ47: 0 | CR47: 0 | CS47: 0 | CT47: 0 | CU47: 0 | CV47: 0 | CW47: 0 | CX47: 0 | CY47: 0 | CZ47: 0 | DA47: 0 | DB47: 0 | DC47: =SUM(CP47:DB47) -> 0 | DF47: غير | DG47: ذكر | DH47: 0 | DI47: 0 | DJ47: 0 | DK47: 0 | DL47: 0 | DM47: 0 | DN47: 0 | DO47: 0 | DP47: 0 | DQ47: 0 | DR47: 0 | DS47: 0 | DT47: 0 | DU47: =SUM(DH47:DT47) -> 0 | DX47: غير | DY47: ذكر | DZ47: 0 | EA47: 0 | EB47: 0 | EC47: 0 | ED47: 0 | EE47: 0 | EF47: 0 | EG47: 0 | EH47: 0 | EI47: 0 | EJ47: 0 | EK47: 0 | EL47: 0 | EM47: =SUM(DZ47:EL47) -> 0 | EP47: غير | EQ47: ذكر | ER47: 0 | ES47: 0 | ET47: 0 | EU47: 0 | EV47: 0 | EW47: 0 | EX47: 0 | EY47: 0 | EZ47: 0 | FA47: 0 | FB47: 0 | FC47: 0 | FD47: 0 | FE47: =SUM(ER47:FD47) -> 0 | FH47: غير | FI47: ذكر | FJ47: 0 | FK47: 0 | FL47: 0 | FM47: 0 | FN47: 0 | FO47: 0 | FP47: 0 | FQ47: 0 | FR47: 0 | FS47: 0 | FT47: 0 | FU47: 0 | FV47: 0 | FW47: =SUM(FJ47:FV47) -> 0 | FZ47: غير | GA47: ذكر | GB47: 0 | GC47: 0 | GD47: 0 | GE47: 0 | GF47: 0 | GG47: 0 | GH47: 0 | GI47: 0 | GJ47: 0 | GK47: 0 | GL47: 0 | GM47: 0 | GN47: 0 | GO47: =SUM(GB47:GN47) -> 0 | GR47: غير | GS47: ذكر | GT47: 0 | GU47: 0 | GV47: 0 | GW47: 0 | GX47: 0 | GY47: 0 | GZ47: 0 | HA47: 0 | HB47: 0 | HC47: 0 | HD47: 0 | HE47: 0 | HF47: 0 | HG47: =SUM(GT47:HF47) -> 0 | HJ47: غير | HK47: ذكر | HL47: =SUM(GT47) -> 0 | HM47: =SUM(GU47) -> 0 | HN47: =SUM(GV47) -> 0 | HO47: =SUM(GW47) -> 0 | HP47: =SUM(GX47) -> 0 | HQ47: =SUM(GY47) -> 0 | HR47: =SUM(GZ47) -> 0 | HS47: =SUM(HA47) -> 0 | ... HX47: =SUM(HF47) -> 0 | HY47: =SUM(HL47:HX47) -> 0
B48: سعودي | C48: أنثى | D48: 0 | E48: 0 | F48: 0 | G48: 0 | H48: 0 | I48: 0 | J48: 0 | K48: 0 | L48: 0 | M48: 0 | N48: 0 | O48: 0 | P48: 0 | Q48: =SUM(D48:P48) -> 0 | T48: سعودي | U48: أنثى | V48: 0 | W48: 0 | X48: 0 | Y48: 0 | Z48: 0 | AA48: 0 | AB48: 0 | AC48: 0 | AD48: 0 | AE48: 0 | AF48: 0 | AG48: 0 | AH48: 0 | AI48: =SUM(V48:AH48) -> 0 | AL48: سعودي | AM48: أنثى | AN48: 0 | AO48: 0 | AP48: 0 | AQ48: 0 | AR48: 0 | AS48: 0 | AT48: 0 | AU48: 0 | AV48: 0 | AW48: 0 | AX48: 0 | AY48: 0 | AZ48: 0 | BA48: =SUM(AN48:AZ48) -> 0 | BD48: سعودي | BE48: أنثى | BF48: 0 | BG48: 0 | BH48: 0 | BI48: 0 | BJ48: 0 | BK48: 0 | BL48: 0 | BM48: 0 | BN48: 0 | BO48: 0 | BP48: 0 | BQ48: 0 | BR48: 0 | BS48: =SUM(BF48:BR48) -> 0 | BV48: سعودي | BW48: أنثى | BX48: 0 | BY48: 0 | BZ48: 0 | CA48: 0 | CB48: 0 | CC48: 0 | CD48: 0 | CE48: 0 | CF48: 0 | CG48: 0 | CH48: 0 | CI48: 0 | CJ48: 0 | CK48: =SUM(BX48:CJ48) -> 0 | CN48: سعودي | CO48: أنثى | CP48: 0 | CQ48: 0 | CR48: 0 | CS48: 0 | CT48: 0 | CU48: 0 | CV48: 0 | CW48: 0 | CX48: 0 | CY48: 0 | CZ48: 0 | DA48: 0 | DB48: 0 | DC48: =SUM(CP48:DB48) -> 0 | DF48: سعودي | DG48: أنثى | DH48: 0 | DI48: 0 | DJ48: 0 | DK48: 0 | DL48: 0 | DM48: 0 | DN48: 0 | DO48: 0 | DP48: 0 | DQ48: 0 | DR48: 0 | DS48: 0 | DT48: 0 | DU48: =SUM(DH48:DT48) -> 0 | DX48: سعودي | DY48: أنثى | DZ48: 0 | EA48: 0 | EB48: 0 | EC48: 0 | ED48: 0 | EE48: 0 | EF48: 0 | EG48: 0 | EH48: 0 | EI48: 0 | EJ48: 0 | EK48: 0 | EL48: 0 | EM48: =SUM(DZ48:EL48) -> 0 | EP48: سعودي | EQ48: أنثى | ER48: 0 | ES48: 0 | ET48: 0 | EU48: 0 | EV48: 0 | EW48: 0 | EX48: 0 | EY48: 0 | EZ48: 0 | FA48: 0 | FB48: 0 | FC48: 0 | FD48: 0 | FE48: =SUM(ER48:FD48) -> 0 | FH48: سعودي | FI48: أنثى | FJ48: 0 | FK48: 0 | FL48: 0 | FM48: 0 | FN48: 0 | FO48: 0 | FP48: 0 | FQ48: 0 | FR48: 0 | FS48: 0 | FT48: 0 | FU48: 0 | FV48: 0 | FW48: =SUM(FJ48:FV48) -> 0 | FZ48: سعودي | GA48: أنثى | GB48: 0 | GC48: 0 | GD48: 0 | GE48: 0 | GF48: 0 | GG48: 0 | GH48: 0 | GI48: 0 | GJ48: 0 | GK48: 0 | GL48: 0 | GM48: 0 | GN48: 0 | GO48: =SUM(GB48:GN48) -> 0 | GR48: سعودي | GS48: أنثى | GT48: 0 | GU48: 0 | GV48: 0 | GW48: 0 | GX48: 0 | GY48: 0 | GZ48: 0 | HA48: 0 | HB48: 0 | HC48: 0 | HD48: 0 | HE48: 0 | HF48: 0 | HG48: =SUM(GT48:HF48) -> 0 | HJ48: سعودي | HK48: أنثى | HL48: =SUM(GT48) -> 0 | HM48: =SUM(GU48) -> 0 | HN48: =SUM(GV48) -> 0 | HO48: =SUM(GW48) -> 0 | HP48: =SUM(GX48) -> 0 | HQ48: =SUM(GY48) -> 0 | HR48: =SUM(GZ48) -> 0 | HS48: =SUM(HA48) -> 0 | ... HX48: =SUM(HF48) -> 0 | HY48: =SUM(HL48:HX48) -> 0
B49: المجموع | D49: =SUM(D45:D48) -> 0 | E49: =SUM(E45:E48) -> 0 | F49: =SUM(F45:F48) -> 0 | G49: =SUM(G45:G48) -> 0 | H49: =SUM(H45:H48) -> 0 | I49: =SUM(I45:I48) -> 0 | J49: =SUM(J45:J48) -> 0 | K49: =SUM(K45:K48) -> 0 | ... Q49: =SUM(Q45:Q48) -> 0 | T49: المجموع | V49: =SUM(V45:V48) -> 0 | W49: =SUM(W45:W48) -> 0 | X49: =SUM(X45:X48) -> 0 | Y49: =SUM(Y45:Y48) -> 0 | Z49: =SUM(Z45:Z48) -> 0 | AA49: =SUM(AA45:AA48) -> 0 | AB49: =SUM(AB45:AB48) -> 0 | AC49: =SUM(AC45:AC48) -> 0 | ... AI49: =SUM(AI45:AI48) -> 0 | AL49: المجموع | AN49: =SUM(AN45:AN48) -> 0 | AO49: =SUM(AO45:AO48) -> 0 | AP49: =SUM(AP45:AP48) -> 0 | AQ49: =SUM(AQ45:AQ48) -> 0 | AR49: =SUM(AR45:AR48) -> 0 | AS49: =SUM(AS45:AS48) -> 0 | AT49: =SUM(AT45:AT48) -> 0 | AU49: =SUM(AU45:AU48) -> 0 | ... BA49: =SUM(BA45:BA48) -> 0 | BD49: المجموع | BF49: =SUM(BF45:BF48) -> 0 | BG49: =SUM(BG45:BG48) -> 0 | BH49: =SUM(BH45:BH48) -> 0 | BI49: =SUM(BI45:BI48) -> 0 | BJ49: =SUM(BJ45:BJ48) -> 0 | BK49: =SUM(BK45:BK48) -> 0 | BL49: =SUM(BL45:BL48) -> 0 | BM49: =SUM(BM45:BM48) -> 0 | ... BS49: =SUM(BS45:BS48) -> 0 | BV49: المجموع | BX49: =SUM(BX45:BX48) -> 0 | BY49: =SUM(BY45:BY48) -> 0 | BZ49: =SUM(BZ45:BZ48) -> 0 | CA49: =SUM(CA45:CA48) -> 0 | CB49: =SUM(CB45:CB48) -> 0 | CC49: =SUM(CC45:CC48) -> 0 | CD49: =SUM(CD45:CD48) -> 0 | CE49: =SUM(CE45:CE48) -> 0 | ... CK49: =SUM(CK45:CK48) -> 0 | CN49: المجموع | CP49: =SUM(CP45:CP48) -> 0 | CQ49: =SUM(CQ45:CQ48) -> 0 | CR49: =SUM(CR45:CR48) -> 0 | CS49: =SUM(CS45:CS48) -> 0 | CT49: =SUM(CT45:CT48) -> 0 | CU49: =SUM(CU45:CU48) -> 0 | CV49: =SUM(CV45:CV48) -> 0 | CW49: =SUM(CW45:CW48) -> 0 | ... DC49: =SUM(DC45:DC48) -> 0 | DF49: المجموع | DH49: =SUM(DH45:DH48) -> 0 | DI49: =SUM(DI45:DI48) -> 0 | DJ49: =SUM(DJ45:DJ48) -> 0 | DK49: =SUM(DK45:DK48) -> 0 | DL49: =SUM(DL45:DL48) -> 0 | DM49: =SUM(DM45:DM48) -> 0 | DN49: =SUM(DN45:DN48) -> 0 | DO49: =SUM(DO45:DO48) -> 0 | ... DU49: =SUM(DU45:DU48) -> 0 | DX49: المجموع | DZ49: =SUM(DZ45:DZ48) -> 0 | EA49: =SUM(EA45:EA48) -> 0 | EB49: =SUM(EB45:EB48) -> 0 | EC49: =SUM(EC45:EC48) -> 0 | ED49: =SUM(ED45:ED48) -> 0 | EE49: =SUM(EE45:EE48) -> 0 | EF49: =SUM(EF45:EF48) -> 0 | EG49: =SUM(EG45:EG48) -> 0 | ... EM49: =SUM(EM45:EM48) -> 0 | EP49: المجموع | ER49: =SUM(ER45:ER48) -> 0 | ES49: =SUM(ES45:ES48) -> 0 | ET49: =SUM(ET45:ET48) -> 0 | EU49: =SUM(EU45:EU48) -> 0 | EV49: =SUM(EV45:EV48) -> 0 | EW49: =SUM(EW45:EW48) -> 0 | EX49: =SUM(EX45:EX48) -> 0 | EY49: =SUM(EY45:EY48) -> 0 | ... FE49: =SUM(FE45:FE48) -> 0 | FH49: المجموع | FJ49: =SUM(FJ45:FJ48) -> 0 | FK49: =SUM(FK45:FK48) -> 0 | FL49: =SUM(FL45:FL48) -> 0 | FM49: =SUM(FM45:FM48) -> 0 | FN49: =SUM(FN45:FN48) -> 0 | FO49: =SUM(FO45:FO48) -> 0 | FP49: =SUM(FP45:FP48) -> 0 | FQ49: =SUM(FQ45:FQ48) -> 0 | ... FW49: =SUM(FW45:FW48) -> 0 | FZ49: المجموع | GB49: =SUM(GB45:GB48) -> 0 | GC49: =SUM(GC45:GC48) -> 0 | GD49: =SUM(GD45:GD48) -> 0 | GE49: =SUM(GE45:GE48) -> 0 | GF49: =SUM(GF45:GF48) -> 0 | GG49: =SUM(GG45:GG48) -> 0 | GH49: =SUM(GH45:GH48) -> 0 | GI49: =SUM(GI45:GI48) -> 0 | ... GO49: =SUM(GO45:GO48) -> 0 | GR49: المجموع | GT49: =SUM(GT45:GT48) -> 0 | GU49: =SUM(GU45:GU48) -> 0 | GV49: =SUM(GV45:GV48) -> 0 | GW49: =SUM(GW45:GW48) -> 0 | GX49: =SUM(GX45:GX48) -> 0 | GY49: =SUM(GY45:GY48) -> 0 | GZ49: =SUM(GZ45:GZ48) -> 0 | HA49: =SUM(HA45:HA48) -> 0 | ... HG49: =SUM(HG45:HG48) -> 0 | HJ49: المجموع | HL49: =SUM(HL45:HL48) -> 0 | HM49: =SUM(HM45:HM48) -> 0 | HN49: =SUM(HN45:HN48) -> 0 | HO49: =SUM(HO45:HO48) -> 0 | HP49: =SUM(HP45:HP48) -> 0 | HQ49: =SUM(HQ45:HQ48) -> 0 | HR49: =SUM(HR45:HR48) -> 0 | HS49: =SUM(HS45:HS48) -> 0 | ... HY49: =SUM(HY45:HY48) -> 0
B50: سعودي | C50: ذكر | D50: 0 | E50: 0 | F50: 0 | G50: 0 | H50: 0 | I50: 0 | J50: 0 | K50: 0 | L50: 0 | M50: 0 | N50: 0 | O50: 0 | P50: 0 | Q50: =SUM(D50:P50) -> 0 | T50: سعودي | U50: ذكر | V50: 0 | W50: 0 | X50: 0 | Y50: 0 | Z50: 0 | AA50: 0 | AB50: 0 | AC50: 0 | AD50: 0 | AE50: 0 | AF50: 0 | AG50: 0 | AH50: 0 | AI50: =SUM(V50:AH50) -> 0 | AL50: سعودي | AM50: ذكر | AN50: 0 | AO50: 0 | AP50: 0 | AQ50: 0 | AR50: 0 | AS50: 0 | AT50: 0 | AU50: 0 | AV50: 0 | AW50: 0 | AX50: 0 | AY50: 0 | AZ50: 0 | BA50: =SUM(AN50:AZ50) -> 0 | BD50: سعودي | BE50: ذكر | BF50: 0 | BG50: 0 | BH50: 0 | BI50: 0 | BJ50: 0 | BK50: 0 | BL50: 0 | BM50: 0 | BN50: 0 | BO50: 0 | BP50: 0 | BQ50: 0 | BR50: 0 | BS50: =SUM(BF50:BR50) -> 0 | BV50: سعودي | BW50: ذكر | BX50: 0 | BY50: 0 | BZ50: 0 | CA50: 0 | CB50: 0 | CC50: 0 | CD50: 0 | CE50: 0 | CF50: 0 | CG50: 0 | CH50: 0 | CI50: 0 | CJ50: 0 | CK50: =SUM(BX50:CJ50) -> 0 | CN50: سعودي | CO50: ذكر | CP50: 0 | CQ50: 0 | CR50: 0 | CS50: 0 | CT50: 0 | CU50: 0 | CV50: 0 | CW50: 0 | CX50: 0 | CY50: 0 | CZ50: 0 | DA50: 0 | DB50: 0 | DC50: =SUM(CP50:DB50) -> 0 | DF50: سعودي | DG50: ذكر | DH50: 0 | DI50: 0 | DJ50: 0 | DK50: 0 | DL50: 0 | DM50: 0 | DN50: 0 | DO50: 0 | DP50: 0 | DQ50: 0 | DR50: 0 | DS50: 0 | DT50: 0 | DU50: =SUM(DH50:DT50) -> 0 | DX50: سعودي | DY50: ذكر | DZ50: 0 | EA50: 0 | EB50: 0 | EC50: 0 | ED50: 0 | EE50: 0 | EF50: 0 | EG50: 0 | EH50: 0 | EI50: 0 | EJ50: 0 | EK50: 0 | EL50: 0 | EM50: =SUM(DZ50:EL50) -> 0 | EP50: سعودي | EQ50: ذكر | ER50: 0 | ES50: 0 | ET50: 0 | EU50: 0 | EV50: 0 | EW50: 0 | EX50: 0 | EY50: 0 | EZ50: 0 | FA50: 0 | FB50: 0 | FC50: 0 | FD50: 0 | FE50: =SUM(ER50:FD50) -> 0 | FH50: سعودي | FI50: ذكر | FJ50: 0 | FK50: 0 | FL50: 0 | FM50: 0 | FN50: 0 | FO50: 0 | FP50: 0 | FQ50: 0 | FR50: 0 | FS50: 0 | FT50: 0 | FU50: 0 | FV50: 0 | FW50: =SUM(FJ50:FV50) -> 0 | FZ50: سعودي | GA50: ذكر | GB50: 0 | GC50: 0 | GD50: 0 | GE50: 0 | GF50: 0 | GG50: 0 | GH50: 0 | GI50: 0 | GJ50: 0 | GK50: 0 | GL50: 0 | GM50: 0 | GN50: 0 | GO50: =SUM(GB50:GN50) -> 0 | GR50: سعودي | GS50: ذكر | GT50: 0 | GU50: 0 | GV50: 0 | GW50: 0 | GX50: 0 | GY50: 0 | GZ50: 0 | HA50: 0 | HB50: 0 | HC50: 0 | HD50: 0 | HE50: 0 | HF50: 0 | HG50: =SUM(GT50:HF50) -> 0 | HI50: =GQ50 -> 0 | HJ50: سعودي | HK50: ذكر | HL50: =SUM(GT50) -> 0 | HM50: =SUM(GU50) -> 0 | HN50: =SUM(GV50) -> 0 | HO50: =SUM(GW50) -> 0 | HP50: =SUM(GX50) -> 0 | HQ50: =SUM(GY50) -> 0 | HR50: =SUM(GZ50) -> 0 | HS50: =SUM(HA50) -> 0 | ... HX50: =SUM(HF50) -> 0 | HY50: =SUM(HL50:HX50) -> 0
C51: أنثى | D51: 0 | E51: 0 | F51: 0 | G51: 0 | H51: 0 | I51: 0 | J51: 0 | K51: 0 | L51: 0 | M51: 0 | N51: 0 | O51: 0 | P51: 0 | Q51: =SUM(D51:P51) -> 0 | U51: أنثى | V51: 0 | W51: 0 | X51: 0 | Y51: 0 | Z51: 0 | AA51: 0 | AB51: 0 | AC51: 0 | AD51: 0 | AE51: 0 | AF51: 0 | AG51: 0 | AH51: 0 | AI51: =SUM(V51:AH51) -> 0 | AM51: أنثى | AN51: 0 | AO51: 0 | AP51: 0 | AQ51: 0 | AR51: 0 | AS51: 0 | AT51: 0 | AU51: 0 | AV51: 0 | AW51: 0 | AX51: 0 | AY51: 0 | AZ51: 0 | BA51: =SUM(AN51:AZ51) -> 0 | BE51: أنثى | BF51: 0 | BG51: 0 | BH51: 0 | BI51: 0 | BJ51: 0 | BK51: 0 | BL51: 0 | BM51: 0 | BN51: 0 | BO51: 0 | BP51: 0 | BQ51: 0 | BR51: 0 | BS51: =SUM(BF51:BR51) -> 0 | BW51: أنثى | BX51: 0 | BY51: 0 | BZ51: 0 | CA51: 0 | CB51: 0 | CC51: 0 | CD51: 0 | CE51: 0 | CF51: 0 | CG51: 0 | CH51: 0 | CI51: 0 | CJ51: 0 | CK51: =SUM(BX51:CJ51) -> 0 | CO51: أنثى | CP51: 0 | CQ51: 0 | CR51: 0 | CS51: 0 | CT51: 0 | CU51: 0 | CV51: 0 | CW51: 0 | CX51: 0 | CY51: 0 | CZ51: 0 | DA51: 0 | DB51: 0 | DC51: =SUM(CP51:DB51) -> 0 | DG51: أنثى | DH51: 0 | DI51: 0 | DJ51: 0 | DK51: 0 | DL51: 0 | DM51: 0 | DN51: 0 | DO51: 0 | DP51: 0 | DQ51: 0 | DR51: 0 | DS51: 0 | DT51: 0 | DU51: =SUM(DH51:DT51) -> 0 | DY51: أنثى | DZ51: 0 | EA51: 0 | EB51: 0 | EC51: 0 | ED51: 0 | EE51: 0 | EF51: 0 | EG51: 0 | EH51: 0 | EI51: 0 | EJ51: 0 | EK51: 0 | EL51: 0 | EM51: =SUM(DZ51:EL51) -> 0 | EQ51: أنثى | ER51: 0 | ES51: 0 | ET51: 0 | EU51: 0 | EV51: 0 | EW51: 0 | EX51: 0 | EY51: 0 | EZ51: 0 | FA51: 0 | FB51: 0 | FC51: 0 | FD51: 0 | FE51: =SUM(ER51:FD51) -> 0 | FI51: أنثى | FJ51: 0 | FK51: 0 | FL51: 0 | FM51: 0 | FN51: 0 | FO51: 0 | FP51: 0 | FQ51: 0 | FR51: 0 | FS51: 0 | FT51: 0 | FU51: 0 | FV51: 0 | FW51: =SUM(FJ51:FV51) -> 0 | GA51: أنثى | GB51: 0 | GC51: 0 | GD51: 0 | GE51: 0 | GF51: 0 | GG51: 0 | GH51: 0 | GI51: 0 | GJ51: 0 | GK51: 0 | GL51: 0 | GM51: 0 | GN51: 0 | GO51: =SUM(GB51:GN51) -> 0 | GS51: أنثى | GT51: 0 | GU51: 0 | GV51: 0 | GW51: 0 | GX51: 0 | GY51: 0 | GZ51: 0 | HA51: 0 | HB51: 0 | HC51: 0 | HD51: 0 | HE51: 0 | HF51: 0 | HG51: =SUM(GT51:HF51) -> 0 | HK51: أنثى | HL51: =SUM(GT51) -> 0 | HM51: =SUM(GU51) -> 0 | HN51: =SUM(GV51) -> 0 | HO51: =SUM(GW51) -> 0 | HP51: =SUM(GX51) -> 0 | HQ51: =SUM(GY51) -> 0 | HR51: =SUM(GZ51) -> 0 | HS51: =SUM(HA51) -> 0 | ... HX51: =SUM(HF51) -> 0 | HY51: =SUM(HL51:HX51) -> 0
B52: غير | C52: ذكر | D52: 0 | E52: 0 | F52: 0 | G52: 0 | H52: 0 | I52: 0 | J52: 0 | K52: 0 | L52: 0 | M52: 0 | N52: 0 | O52: 0 | P52: 0 | Q52: =SUM(D52:P52) -> 0 | T52: غير | U52: ذكر | V52: 0 | W52: 0 | X52: 0 | Y52: 0 | Z52: 0 | AA52: 0 | AB52: 0 | AC52: 0 | AD52: 0 | AE52: 0 | AF52: 0 | AG52: 0 | AH52: 0 | AI52: =SUM(V52:AH52) -> 0 | AL52: غير | AM52: ذكر | AN52: 0 | AO52: 0 | AP52: 0 | AQ52: 0 | AR52: 0 | AS52: 0 | AT52: 0 | AU52: 0 | AV52: 0 | AW52: 0 | AX52: 0 | AY52: 0 | AZ52: 0 | BA52: =SUM(AN52:AZ52) -> 0 | BD52: غير | BE52: ذكر | BF52: 0 | BG52: 0 | BH52: 0 | BI52: 0 | BJ52: 0 | BK52: 0 | BL52: 0 | BM52: 0 | BN52: 0 | BO52: 0 | BP52: 0 | BQ52: 0 | BR52: 0 | BS52: =SUM(BF52:BR52) -> 0 | BV52: غير | BW52: ذكر | BX52: 0 | BY52: 0 | BZ52: 0 | CA52: 0 | CB52: 0 | CC52: 0 | CD52: 0 | CE52: 0 | CF52: 0 | CG52: 0 | CH52: 0 | CI52: 0 | CJ52: 0 | CK52: =SUM(BX52:CJ52) -> 0 | CN52: غير | CO52: ذكر | CP52: 0 | CQ52: 0 | CR52: 0 | CS52: 0 | CT52: 0 | CU52: 0 | CV52: 0 | CW52: 0 | CX52: 0 | CY52: 0 | CZ52: 0 | DA52: 0 | DB52: 0 | DC52: =SUM(CP52:DB52) -> 0 | DF52: غير | DG52: ذكر | DH52: 0 | DI52: 0 | DJ52: 0 | DK52: 0 | DL52: 0 | DM52: 0 | DN52: 0 | DO52: 0 | DP52: 0 | DQ52: 0 | DR52: 0 | DS52: 0 | DT52: 0 | DU52: =SUM(DH52:DT52) -> 0 | DX52: غير | DY52: ذكر | DZ52: 0 | EA52: 0 | EB52: 0 | EC52: 0 | ED52: 0 | EE52: 0 | EF52: 0 | EG52: 0 | EH52: 0 | EI52: 0 | EJ52: 0 | EK52: 0 | EL52: 0 | EM52: =SUM(DZ52:EL52) -> 0 | EP52: غير | EQ52: ذكر | ER52: 0 | ES52: 0 | ET52: 0 | EU52: 0 | EV52: 0 | EW52: 0 | EX52: 0 | EY52: 0 | EZ52: 0 | FA52: 0 | FB52: 0 | FC52: 0 | FD52: 0 | FE52: =SUM(ER52:FD52) -> 0 | FH52: غير | FI52: ذكر | FJ52: 0 | FK52: 0 | FL52: 0 | FM52: 0 | FN52: 0 | FO52: 0 | FP52: 0 | FQ52: 0 | FR52: 0 | FS52: 0 | FT52: 0 | FU52: 0 | FV52: 0 | FW52: =SUM(FJ52:FV52) -> 0 | FZ52: غير | GA52: ذكر | GB52: 0 | GC52: 0 | GD52: 0 | GE52: 0 | GF52: 0 | GG52: 0 | GH52: 0 | GI52: 0 | GJ52: 0 | GK52: 0 | GL52: 0 | GM52: 0 | GN52: 0 | GO52: =SUM(GB52:GN52) -> 0 | GR52: غير | GS52: ذكر | GT52: 0 | GU52: 0 | GV52: 0 | GW52: 0 | GX52: 0 | GY52: 0 | GZ52: 0 | HA52: 0 | HB52: 0 | HC52: 0 | HD52: 0 | HE52: 0 | HF52: 0 | HG52: =SUM(GT52:HF52) -> 0 | HJ52: غير | HK52: ذكر | HL52: =SUM(GT52) -> 0 | HM52: =SUM(GU52) -> 0 | HN52: =SUM(GV52) -> 0 | HO52: =SUM(GW52) -> 0 | HP52: =SUM(GX52) -> 0 | HQ52: =SUM(GY52) -> 0 | HR52: =SUM(GZ52) -> 0 | HS52: =SUM(HA52) -> 0 | ... HX52: =SUM(HF52) -> 0 | HY52: =SUM(HL52:HX52) -> 0
B53: سعودي | C53: أنثى | D53: 0 | E53: 0 | F53: 0 | G53: 0 | H53: 0 | I53: 0 | J53: 0 | K53: 0 | L53: 0 | M53: 0 | N53: 0 | O53: 0 | P53: 0 | Q53: =SUM(D53:P53) -> 0 | T53: سعودي | U53: أنثى | V53: 0 | W53: 0 | X53: 0 | Y53: 0 | Z53: 0 | AA53: 0 | AB53: 0 | AC53: 0 | AD53: 0 | AE53: 0 | AF53: 0 | AG53: 0 | AH53: 0 | AI53: =SUM(V53:AH53) -> 0 | AL53: سعودي | AM53: أنثى | AN53: 0 | AO53: 0 | AP53: 0 | AQ53: 0 | AR53: 0 | AS53: 0 | AT53: 0 | AU53: 0 | AV53: 0 | AW53: 0 | AX53: 0 | AY53: 0 | AZ53: 0 | BA53: =SUM(AN53:AZ53) -> 0 | BD53: سعودي | BE53: أنثى | BF53: 0 | BG53: 0 | BH53: 0 | BI53: 0 | BJ53: 0 | BK53: 0 | BL53: 0 | BM53: 0 | BN53: 0 | BO53: 0 | BP53: 0 | BQ53: 0 | BR53: 0 | BS53: =SUM(BF53:BR53) -> 0 | BV53: سعودي | BW53: أنثى | BX53: 0 | BY53: 0 | BZ53: 0 | CA53: 0 | CB53: 0 | CC53: 0 | CD53: 0 | CE53: 0 | CF53: 0 | CG53: 0 | CH53: 0 | CI53: 0 | CJ53: 0 | CK53: =SUM(BX53:CJ53) -> 0 | CN53: سعودي | CO53: أنثى | CP53: 0 | CQ53: 0 | CR53: 0 | CS53: 0 | CT53: 0 | CU53: 0 | CV53: 0 | CW53: 0 | CX53: 0 | CY53: 0 | CZ53: 0 | DA53: 0 | DB53: 0 | DC53: =SUM(CP53:DB53) -> 0 | DF53: سعودي | DG53: أنثى | DH53: 0 | DI53: 0 | DJ53: 0 | DK53: 0 | DL53: 0 | DM53: 0 | DN53: 0 | DO53: 0 | DP53: 0 | DQ53: 0 | DR53: 0 | DS53: 0 | DT53: 0 | DU53: =SUM(DH53:DT53) -> 0 | DX53: سعودي | DY53: أنثى | DZ53: 0 | EA53: 0 | EB53: 0 | EC53: 0 | ED53: 0 | EE53: 0 | EF53: 0 | EG53: 0 | EH53: 0 | EI53: 0 | EJ53: 0 | EK53: 0 | EL53: 0 | EM53: =SUM(DZ53:EL53) -> 0 | EP53: سعودي | EQ53: أنثى | ER53: 0 | ES53: 0 | ET53: 0 | EU53: 0 | EV53: 0 | EW53: 0 | EX53: 0 | EY53: 0 | EZ53: 0 | FA53: 0 | FB53: 0 | FC53: 0 | FD53: 0 | FE53: =SUM(ER53:FD53) -> 0 | FH53: سعودي | FI53: أنثى | FJ53: 0 | FK53: 0 | FL53: 0 | FM53: 0 | FN53: 0 | FO53: 0 | FP53: 0 | FQ53: 0 | FR53: 0 | FS53: 0 | FT53: 0 | FU53: 0 | FV53: 0 | FW53: =SUM(FJ53:FV53) -> 0 | FZ53: سعودي | GA53: أنثى | GB53: 0 | GC53: 0 | GD53: 0 | GE53: 0 | GF53: 0 | GG53: 0 | GH53: 0 | GI53: 0 | GJ53: 0 | GK53: 0 | GL53: 0 | GM53: 0 | GN53: 0 | GO53: =SUM(GB53:GN53) -> 0 | GR53: سعودي | GS53: أنثى | GT53: 0 | GU53: 0 | GV53: 0 | GW53: 0 | GX53: 0 | GY53: 0 | GZ53: 0 | HA53: 0 | HB53: 0 | HC53: 0 | HD53: 0 | HE53: 0 | HF53: 0 | HG53: =SUM(GT53:HF53) -> 0 | HJ53: سعودي | HK53: أنثى | HL53: =SUM(GT53) -> 0 | HM53: =SUM(GU53) -> 0 | HN53: =SUM(GV53) -> 0 | HO53: =SUM(GW53) -> 0 | HP53: =SUM(GX53) -> 0 | HQ53: =SUM(GY53) -> 0 | HR53: =SUM(GZ53) -> 0 | HS53: =SUM(HA53) -> 0 | ... HX53: =SUM(HF53) -> 0 | HY53: =SUM(HL53:HX53) -> 0
B54: المجموع | D54: =SUM(D50:D53) -> 0 | E54: =SUM(E50:E53) -> 0 | F54: =SUM(F50:F53) -> 0 | G54: =SUM(G50:G53) -> 0 | H54: =SUM(H50:H53) -> 0 | I54: =SUM(I50:I53) -> 0 | J54: =SUM(J50:J53) -> 0 | K54: =SUM(K50:K53) -> 0 | ... Q54: =SUM(Q50:Q53) -> 0 | T54: المجموع | V54: =SUM(V50:V53) -> 0 | W54: =SUM(W50:W53) -> 0 | X54: =SUM(X50:X53) -> 0 | Y54: =SUM(Y50:Y53) -> 0 | Z54: =SUM(Z50:Z53) -> 0 | AA54: =SUM(AA50:AA53) -> 0 | AB54: =SUM(AB50:AB53) -> 0 | AC54: =SUM(AC50:AC53) -> 0 | ... AI54: =SUM(AI50:AI53) -> 0 | AL54: المجموع | AN54: =SUM(AN50:AN53) -> 0 | AO54: =SUM(AO50:AO53) -> 0 | AP54: =SUM(AP50:AP53) -> 0 | AQ54: =SUM(AQ50:AQ53) -> 0 | AR54: =SUM(AR50:AR53) -> 0 | AS54: =SUM(AS50:AS53) -> 0 | AT54: =SUM(AT50:AT53) -> 0 | AU54: =SUM(AU50:AU53) -> 0 | ... BA54: =SUM(BA50:BA53) -> 0 | BD54: المجموع | BF54: =SUM(BF50:BF53) -> 0 | BG54: =SUM(BG50:BG53) -> 0 | BH54: =SUM(BH50:BH53) -> 0 | BI54: =SUM(BI50:BI53) -> 0 | BJ54: =SUM(BJ50:BJ53) -> 0 | BK54: =SUM(BK50:BK53) -> 0 | BL54: =SUM(BL50:BL53) -> 0 | BM54: =SUM(BM50:BM53) -> 0 | ... BS54: =SUM(BS50:BS53) -> 0 | BV54: المجموع | BX54: =SUM(BX50:BX53) -> 0 | BY54: =SUM(BY50:BY53) -> 0 | BZ54: =SUM(BZ50:BZ53) -> 0 | CA54: =SUM(CA50:CA53) -> 0 | CB54: =SUM(CB50:CB53) -> 0 | CC54: =SUM(CC50:CC53) -> 0 | CD54: =SUM(CD50:CD53) -> 0 | CE54: =SUM(CE50:CE53) -> 0 | ... CK54: =SUM(CK50:CK53) -> 0 | CN54: المجموع | CP54: =SUM(CP50:CP53) -> 0 | CQ54: =SUM(CQ50:CQ53) -> 0 | CR54: =SUM(CR50:CR53) -> 0 | CS54: =SUM(CS50:CS53) -> 0 | CT54: =SUM(CT50:CT53) -> 0 | CU54: =SUM(CU50:CU53) -> 0 | CV54: =SUM(CV50:CV53) -> 0 | CW54: =SUM(CW50:CW53) -> 0 | ... DC54: =SUM(DC50:DC53) -> 0 | DF54: المجموع | DH54: =SUM(DH50:DH53) -> 0 | DI54: =SUM(DI50:DI53) -> 0 | DJ54: =SUM(DJ50:DJ53) -> 0 | DK54: =SUM(DK50:DK53) -> 0 | DL54: =SUM(DL50:DL53) -> 0 | DM54: =SUM(DM50:DM53) -> 0 | DN54: =SUM(DN50:DN53) -> 0 | DO54: =SUM(DO50:DO53) -> 0 | ... DU54: =SUM(DU50:DU53) -> 0 | DX54: المجموع | DZ54: =SUM(DZ50:DZ53) -> 0 | EA54: =SUM(EA50:EA53) -> 0 | EB54: =SUM(EB50:EB53) -> 0 | EC54: =SUM(EC50:EC53) -> 0 | ED54: =SUM(ED50:ED53) -> 0 | EE54: =SUM(EE50:EE53) -> 0 | EF54: =SUM(EF50:EF53) -> 0 | EG54: =SUM(EG50:EG53) -> 0 | ... EM54: =SUM(EM50:EM53) -> 0 | EP54: المجموع | ER54: =SUM(ER50:ER53) -> 0 | ES54: =SUM(ES50:ES53) -> 0 | ET54: =SUM(ET50:ET53) -> 0 | EU54: =SUM(EU50:EU53) -> 0 | EV54: =SUM(EV50:EV53) -> 0 | EW54: =SUM(EW50:EW53) -> 0 | EX54: =SUM(EX50:EX53) -> 0 | EY54: =SUM(EY50:EY53) -> 0 | ... FE54: =SUM(FE50:FE53) -> 0 | FH54: المجموع | FJ54: =SUM(FJ50:FJ53) -> 0 | FK54: =SUM(FK50:FK53) -> 0 | FL54: =SUM(FL50:FL53) -> 0 | FM54: =SUM(FM50:FM53) -> 0 | FN54: =SUM(FN50:FN53) -> 0 | FO54: =SUM(FO50:FO53) -> 0 | FP54: =SUM(FP50:FP53) -> 0 | FQ54: =SUM(FQ50:FQ53) -> 0 | ... FW54: =SUM(FW50:FW53) -> 0 | FZ54: المجموع | GB54: =SUM(GB50:GB53) -> 0 | GC54: =SUM(GC50:GC53) -> 0 | GD54: =SUM(GD50:GD53) -> 0 | GE54: =SUM(GE50:GE53) -> 0 | GF54: =SUM(GF50:GF53) -> 0 | GG54: =SUM(GG50:GG53) -> 0 | GH54: =SUM(GH50:GH53) -> 0 | GI54: =SUM(GI50:GI53) -> 0 | ... GO54: =SUM(GO50:GO53) -> 0 | GR54: المجموع | GT54: =SUM(GT50:GT53) -> 0 | GU54: =SUM(GU50:GU53) -> 0 | GV54: =SUM(GV50:GV53) -> 0 | GW54: =SUM(GW50:GW53) -> 0 | GX54: =SUM(GX50:GX53) -> 0 | GY54: =SUM(GY50:GY53) -> 0 | GZ54: =SUM(GZ50:GZ53) -> 0 | HA54: =SUM(HA50:HA53) -> 0 | ... HG54: =SUM(HG50:HG53) -> 0 | HJ54: المجموع | HL54: =SUM(HL50:HL53) -> 0 | HM54: =SUM(HM50:HM53) -> 0 | HN54: =SUM(HN50:HN53) -> 0 | HO54: =SUM(HO50:HO53) -> 0 | HP54: =SUM(HP50:HP53) -> 0 | HQ54: =SUM(HQ50:HQ53) -> 0 | HR54: =SUM(HR50:HR53) -> 0 | HS54: =SUM(HS50:HS53) -> 0 | ... HY54: =SUM(HY50:HY53) -> 0
B55: سعودي | C55: ذكر | D55: 0 | E55: 0 | F55: 0 | G55: 0 | H55: 0 | I55: 0 | J55: 0 | K55: 0 | L55: 0 | M55: 0 | N55: 0 | O55: 0 | P55: 0 | Q55: =SUM(D55:P55) -> 0 | T55: سعودي | U55: ذكر | V55: 0 | W55: 0 | X55: 0 | Y55: 0 | Z55: 0 | AA55: 0 | AB55: 0 | AC55: 0 | AD55: 0 | AE55: 0 | AF55: 0 | AG55: 0 | AH55: 0 | AI55: =SUM(V55:AH55) -> 0 | AL55: سعودي | AM55: ذكر | AN55: 0 | AO55: 0 | AP55: 0 | AQ55: 0 | AR55: 0 | AS55: 0 | AT55: 0 | AU55: 0 | AV55: 0 | AW55: 0 | AX55: 0 | AY55: 0 | AZ55: 0 | BA55: =SUM(AN55:AZ55) -> 0 | BD55: سعودي | BE55: ذكر | BF55: 0 | BG55: 0 | BH55: 0 | BI55: 0 | BJ55: 0 | BK55: 0 | BL55: 0 | BM55: 0 | BN55: 0 | BO55: 0 | BP55: 0 | BQ55: 0 | BR55: 0 | BS55: =SUM(BF55:BR55) -> 0 | BV55: سعودي | BW55: ذكر | BX55: 0 | BY55: 0 | BZ55: 0 | CA55: 0 | CB55: 0 | CC55: 0 | CD55: 0 | CE55: 0 | CF55: 0 | CG55: 0 | CH55: 0 | CI55: 0 | CJ55: 0 | CK55: =SUM(BX55:CJ55) -> 0 | CN55: سعودي | CO55: ذكر | CP55: 0 | CQ55: 0 | CR55: 0 | CS55: 0 | CT55: 0 | CU55: 0 | CV55: 0 | CW55: 0 | CX55: 0 | CY55: 0 | CZ55: 0 | DA55: 0 | DB55: 0 | DC55: =SUM(CP55:DB55) -> 0 | DF55: سعودي | DG55: ذكر | DH55: 0 | DI55: 0 | DJ55: 0 | DK55: 0 | DL55: 0 | DM55: 0 | DN55: 0 | DO55: 0 | DP55: 0 | DQ55: 0 | DR55: 0 | DS55: 0 | DT55: 0 | DU55: =SUM(DH55:DT55) -> 0 | DX55: سعودي | DY55: ذكر | DZ55: 0 | EA55: 0 | EB55: 0 | EC55: 0 | ED55: 0 | EE55: 0 | EF55: 0 | EG55: 0 | EH55: 0 | EI55: 0 | EJ55: 0 | EK55: 0 | EL55: 0 | EM55: =SUM(DZ55:EL55) -> 0 | EP55: سعودي | EQ55: ذكر | ER55: 0 | ES55: 0 | ET55: 0 | EU55: 0 | EV55: 0 | EW55: 0 | EX55: 0 | EY55: 0 | EZ55: 0 | FA55: 0 | FB55: 0 | FC55: 0 | FD55: 0 | FE55: =SUM(ER55:FD55) -> 0 | FH55: سعودي | FI55: ذكر | FJ55: 0 | FK55: 0 | FL55: 0 | FM55: 0 | FN55: 0 | FO55: 0 | FP55: 0 | FQ55: 0 | FR55: 0 | FS55: 0 | FT55: 0 | FU55: 0 | FV55: 0 | FW55: =SUM(FJ55:FV55) -> 0 | FZ55: سعودي | GA55: ذكر | GB55: 0 | GC55: 0 | GD55: 0 | GE55: 0 | GF55: 0 | GG55: 0 | GH55: 0 | GI55: 0 | GJ55: 0 | GK55: 0 | GL55: 0 | GM55: 0 | GN55: 0 | GO55: =SUM(GB55:GN55) -> 0 | GR55: سعودي | GS55: ذكر | GT55: 0 | GU55: 0 | GV55: 0 | GW55: 0 | GX55: 0 | GY55: 0 | GZ55: 0 | HA55: 0 | HB55: 0 | HC55: 0 | HD55: 0 | HE55: 0 | HF55: 0 | HG55: =SUM(GT55:HF55) -> 0 | HI55: =GQ55 -> 0 | HJ55: سعودي | HK55: ذكر | HL55: =SUM(GT55) -> 0 | HM55: =SUM(GU55) -> 0 | HN55: =SUM(GV55) -> 0 | HO55: =SUM(GW55) -> 0 | HP55: =SUM(GX55) -> 0 | HQ55: =SUM(GY55) -> 0 | HR55: =SUM(GZ55) -> 0 | HS55: =SUM(HA55) -> 0 | ... HX55: =SUM(HF55) -> 0 | HY55: =SUM(HL55:HX55) -> 0
C56: أنثى | D56: 0 | E56: 0 | F56: 0 | G56: 0 | H56: 0 | I56: 0 | J56: 0 | K56: 0 | L56: 0 | M56: 0 | N56: 0 | O56: 0 | P56: 0 | Q56: =SUM(D56:P56) -> 0 | U56: أنثى | V56: 0 | W56: 0 | X56: 0 | Y56: 0 | Z56: 0 | AA56: 0 | AB56: 0 | AC56: 0 | AD56: 0 | AE56: 0 | AF56: 0 | AG56: 0 | AH56: 0 | AI56: =SUM(V56:AH56) -> 0 | AM56: أنثى | AN56: 0 | AO56: 0 | AP56: 0 | AQ56: 0 | AR56: 0 | AS56: 0 | AT56: 0 | AU56: 0 | AV56: 0 | AW56: 0 | AX56: 0 | AY56: 0 | AZ56: 0 | BA56: =SUM(AN56:AZ56) -> 0 | BE56: أنثى | BF56: 0 | BG56: 0 | BH56: 0 | BI56: 0 | BJ56: 0 | BK56: 0 | BL56: 0 | BM56: 0 | BN56: 0 | BO56: 0 | BP56: 0 | BQ56: 0 | BR56: 0 | BS56: =SUM(BF56:BR56) -> 0 | BW56: أنثى | BX56: 0 | BY56: 0 | BZ56: 0 | CA56: 0 | CB56: 0 | CC56: 0 | CD56: 0 | CE56: 0 | CF56: 0 | CG56: 0 | CH56: 0 | CI56: 0 | CJ56: 0 | CK56: =SUM(BX56:CJ56) -> 0 | CO56: أنثى | CP56: 0 | CQ56: 0 | CR56: 0 | CS56: 0 | CT56: 0 | CU56: 0 | CV56: 0 | CW56: 0 | CX56: 0 | CY56: 0 | CZ56: 0 | DA56: 0 | DB56: 0 | DC56: =SUM(CP56:DB56) -> 0 | DG56: أنثى | DH56: 0 | DI56: 0 | DJ56: 0 | DK56: 0 | DL56: 0 | DM56: 0 | DN56: 0 | DO56: 0 | DP56: 0 | DQ56: 0 | DR56: 0 | DS56: 0 | DT56: 0 | DU56: =SUM(DH56:DT56) -> 0 | DY56: أنثى | DZ56: 0 | EA56: 0 | EB56: 0 | EC56: 0 | ED56: 0 | EE56: 0 | EF56: 0 | EG56: 0 | EH56: 0 | EI56: 0 | EJ56: 0 | EK56: 0 | EL56: 0 | EM56: =SUM(DZ56:EL56) -> 0 | EQ56: أنثى | ER56: 0 | ES56: 0 | ET56: 0 | EU56: 0 | EV56: 0 | EW56: 0 | EX56: 0 | EY56: 0 | EZ56: 0 | FA56: 0 | FB56: 0 | FC56: 0 | FD56: 0 | FE56: =SUM(ER56:FD56) -> 0 | FI56: أنثى | FJ56: 0 | FK56: 0 | FL56: 0 | FM56: 0 | FN56: 0 | FO56: 0 | FP56: 0 | FQ56: 0 | FR56: 0 | FS56: 0 | FT56: 0 | FU56: 0 | FV56: 0 | FW56: =SUM(FJ56:FV56) -> 0 | GA56: أنثى | GB56: 0 | GC56: 0 | GD56: 0 | GE56: 0 | GF56: 0 | GG56: 0 | GH56: 0 | GI56: 0 | GJ56: 0 | GK56: 0 | GL56: 0 | GM56: 0 | GN56: 0 | GO56: =SUM(GB56:GN56) -> 0 | GS56: أنثى | GT56: 0 | GU56: 0 | GV56: 0 | GW56: 0 | GX56: 0 | GY56: 0 | GZ56: 0 | HA56: 0 | HB56: 0 | HC56: 0 | HD56: 0 | HE56: 0 | HF56: 0 | HG56: =SUM(GT56:HF56) -> 0 | HK56: أنثى | HL56: =SUM(GT56) -> 0 | HM56: =SUM(GU56) -> 0 | HN56: =SUM(GV56) -> 0 | HO56: =SUM(GW56) -> 0 | HP56: =SUM(GX56) -> 0 | HQ56: =SUM(GY56) -> 0 | HR56: =SUM(GZ56) -> 0 | HS56: =SUM(HA56) -> 0 | ... HX56: =SUM(HF56) -> 0 | HY56: =SUM(HL56:HX56) -> 0
B57: غير | C57: ذكر | D57: 0 | E57: 0 | F57: 0 | G57: 0 | H57: 0 | I57: 0 | J57: 0 | K57: 0 | L57: 0 | M57: 0 | N57: 0 | O57: 0 | P57: 0 | Q57: =SUM(D57:P57) -> 0 | T57: غير | U57: ذكر | V57: 0 | W57: 0 | X57: 0 | Y57: 0 | Z57: 0 | AA57: 0 | AB57: 0 | AC57: 0 | AD57: 0 | AE57: 0 | AF57: 0 | AG57: 0 | AH57: 0 | AI57: =SUM(V57:AH57) -> 0 | AL57: غير | AM57: ذكر | AN57: 0 | AO57: 0 | AP57: 0 | AQ57: 0 | AR57: 0 | AS57: 0 | AT57: 0 | AU57: 0 | AV57: 0 | AW57: 0 | AX57: 0 | AY57: 0 | AZ57: 0 | BA57: =SUM(AN57:AZ57) -> 0 | BD57: غير | BE57: ذكر | BF57: 0 | BG57: 0 | BH57: 0 | BI57: 0 | BJ57: 0 | BK57: 0 | BL57: 0 | BM57: 0 | BN57: 0 | BO57: 0 | BP57: 0 | BQ57: 0 | BR57: 0 | BS57: =SUM(BF57:BR57) -> 0 | BV57: غير | BW57: ذكر | BX57: 0 | BY57: 0 | BZ57: 0 | CA57: 0 | CB57: 0 | CC57: 0 | CD57: 0 | CE57: 0 | CF57: 0 | CG57: 0 | CH57: 0 | CI57: 0 | CJ57: 0 | CK57: =SUM(BX57:CJ57) -> 0 | CN57: غير | CO57: ذكر | CP57: 0 | CQ57: 0 | CR57: 0 | CS57: 0 | CT57: 0 | CU57: 0 | CV57: 0 | CW57: 0 | CX57: 0 | CY57: 0 | CZ57: 0 | DA57: 0 | DB57: 0 | DC57: =SUM(CP57:DB57) -> 0 | DF57: غير | DG57: ذكر | DH57: 0 | DI57: 0 | DJ57: 0 | DK57: 0 | DL57: 0 | DM57: 0 | DN57: 0 | DO57: 0 | DP57: 0 | DQ57: 0 | DR57: 0 | DS57: 0 | DT57: 0 | DU57: =SUM(DH57:DT57) -> 0 | DX57: غير | DY57: ذكر | DZ57: 0 | EA57: 0 | EB57: 0 | EC57: 0 | ED57: 0 | EE57: 0 | EF57: 0 | EG57: 0 | EH57: 0 | EI57: 0 | EJ57: 0 | EK57: 0 | EL57: 0 | EM57: =SUM(DZ57:EL57) -> 0 | EP57: غير | EQ57: ذكر | ER57: 0 | ES57: 0 | ET57: 0 | EU57: 0 | EV57: 0 | EW57: 0 | EX57: 0 | EY57: 0 | EZ57: 0 | FA57: 0 | FB57: 0 | FC57: 0 | FD57: 0 | FE57: =SUM(ER57:FD57) -> 0 | FH57: غير | FI57: ذكر | FJ57: 0 | FK57: 0 | FL57: 0 | FM57: 0 | FN57: 0 | FO57: 0 | FP57: 0 | FQ57: 0 | FR57: 0 | FS57: 0 | FT57: 0 | FU57: 0 | FV57: 0 | FW57: =SUM(FJ57:FV57) -> 0 | FZ57: غير | GA57: ذكر | GB57: 0 | GC57: 0 | GD57: 0 | GE57: 0 | GF57: 0 | GG57: 0 | GH57: 0 | GI57: 0 | GJ57: 0 | GK57: 0 | GL57: 0 | GM57: 0 | GN57: 0 | GO57: =SUM(GB57:GN57) -> 0 | GR57: غير | GS57: ذكر | GT57: 0 | GU57: 0 | GV57: 0 | GW57: 0 | GX57: 0 | GY57: 0 | GZ57: 0 | HA57: 0 | HB57: 0 | HC57: 0 | HD57: 0 | HE57: 0 | HF57: 0 | HG57: =SUM(GT57:HF57) -> 0 | HJ57: غير | HK57: ذكر | HL57: =SUM(GT57) -> 0 | HM57: =SUM(GU57) -> 0 | HN57: =SUM(GV57) -> 0 | HO57: =SUM(GW57) -> 0 | HP57: =SUM(GX57) -> 0 | HQ57: =SUM(GY57) -> 0 | HR57: =SUM(GZ57) -> 0 | HS57: =SUM(HA57) -> 0 | ... HX57: =SUM(HF57) -> 0 | HY57: =SUM(HL57:HX57) -> 0
B58: سعودي | C58: أنثى | D58: 0 | E58: 0 | F58: 0 | G58: 0 | H58: 0 | I58: 0 | J58: 0 | K58: 0 | L58: 0 | M58: 0 | N58: 0 | O58: 0 | P58: 0 | Q58: =SUM(D58:P58) -> 0 | T58: سعودي | U58: أنثى | V58: 0 | W58: 0 | X58: 0 | Y58: 0 | Z58: 0 | AA58: 0 | AB58: 0 | AC58: 0 | AD58: 0 | AE58: 0 | AF58: 0 | AG58: 0 | AH58: 0 | AI58: =SUM(V58:AH58) -> 0 | AL58: سعودي | AM58: أنثى | AN58: 0 | AO58: 0 | AP58: 0 | AQ58: 0 | AR58: 0 | AS58: 0 | AT58: 0 | AU58: 0 | AV58: 0 | AW58: 0 | AX58: 0 | AY58: 0 | AZ58: 0 | BA58: =SUM(AN58:AZ58) -> 0 | BD58: سعودي | BE58: أنثى | BF58: 0 | BG58: 0 | BH58: 0 | BI58: 0 | BJ58: 0 | BK58: 0 | BL58: 0 | BM58: 0 | BN58: 0 | BO58: 0 | BP58: 0 | BQ58: 0 | BR58: 0 | BS58: =SUM(BF58:BR58) -> 0 | BV58: سعودي | BW58: أنثى | BX58: 0 | BY58: 0 | BZ58: 0 | CA58: 0 | CB58: 0 | CC58: 0 | CD58: 0 | CE58: 0 | CF58: 0 | CG58: 0 | CH58: 0 | CI58: 0 | CJ58: 0 | CK58: =SUM(BX58:CJ58) -> 0 | CN58: سعودي | CO58: أنثى | CP58: 0 | CQ58: 0 | CR58: 0 | CS58: 0 | CT58: 0 | CU58: 0 | CV58: 0 | CW58: 0 | CX58: 0 | CY58: 0 | CZ58: 0 | DA58: 0 | DB58: 0 | DC58: =SUM(CP58:DB58) -> 0 | DF58: سعودي | DG58: أنثى | DH58: 0 | DI58: 0 | DJ58: 0 | DK58: 0 | DL58: 0 | DM58: 0 | DN58: 0 | DO58: 0 | DP58: 0 | DQ58: 0 | DR58: 0 | DS58: 0 | DT58: 0 | DU58: =SUM(DH58:DT58) -> 0 | DX58: سعودي | DY58: أنثى | DZ58: 0 | EA58: 0 | EB58: 0 | EC58: 0 | ED58: 0 | EE58: 0 | EF58: 0 | EG58: 0 | EH58: 0 | EI58: 0 | EJ58: 0 | EK58: 0 | EL58: 0 | EM58: =SUM(DZ58:EL58) -> 0 | EP58: سعودي | EQ58: أنثى | ER58: 0 | ES58: 0 | ET58: 0 | EU58: 0 | EV58: 0 | EW58: 0 | EX58: 0 | EY58: 0 | EZ58: 0 | FA58: 0 | FB58: 0 | FC58: 0 | FD58: 0 | FE58: =SUM(ER58:FD58) -> 0 | FH58: سعودي | FI58: أنثى | FJ58: 0 | FK58: 0 | FL58: 0 | FM58: 0 | FN58: 0 | FO58: 0 | FP58: 0 | FQ58: 0 | FR58: 0 | FS58: 0 | FT58: 0 | FU58: 0 | FV58: 0 | FW58: =SUM(FJ58:FV58) -> 0 | FZ58: سعودي | GA58: أنثى | GB58: 0 | GC58: 0 | GD58: 0 | GE58: 0 | GF58: 0 | GG58: 0 | GH58: 0 | GI58: 0 | GJ58: 0 | GK58: 0 | GL58: 0 | GM58: 0 | GN58: 0 | GO58: =SUM(GB58:GN58) -> 0 | GR58: سعودي | GS58: أنثى | GT58: 0 | GU58: 0 | GV58: 0 | GW58: 0 | GX58: 0 | GY58: 0 | GZ58: 0 | HA58: 0 | HB58: 0 | HC58: 0 | HD58: 0 | HE58: 0 | HF58: 0 | HG58: =SUM(GT58:HF58) -> 0 | HJ58: سعودي | HK58: أنثى | HL58: =SUM(GT58) -> 0 | HM58: =SUM(GU58) -> 0 | HN58: =SUM(GV58) -> 0 | HO58: =SUM(GW58) -> 0 | HP58: =SUM(GX58) -> 0 | HQ58: =SUM(GY58) -> 0 | HR58: =SUM(GZ58) -> 0 | HS58: =SUM(HA58) -> 0 | ... HX58: =SUM(HF58) -> 0 | HY58: =SUM(HL58:HX58) -> 0
B59: المجموع | D59: =SUM(D55:D58) -> 0 | E59: =SUM(E55:E58) -> 0 | F59: =SUM(F55:F58) -> 0 | G59: =SUM(G55:G58) -> 0 | H59: =SUM(H55:H58) -> 0 | I59: =SUM(I55:I58) -> 0 | J59: =SUM(J55:J58) -> 0 | K59: =SUM(K55:K58) -> 0 | ... Q59: =SUM(Q55:Q58) -> 0 | T59: المجموع | V59: =SUM(V55:V58) -> 0 | W59: =SUM(W55:W58) -> 0 | X59: =SUM(X55:X58) -> 0 | Y59: =SUM(Y55:Y58) -> 0 | Z59: =SUM(Z55:Z58) -> 0 | AA59: =SUM(AA55:AA58) -> 0 | AB59: =SUM(AB55:AB58) -> 0 | AC59: =SUM(AC55:AC58) -> 0 | ... AI59: =SUM(AI55:AI58) -> 0 | AL59: المجموع | AN59: =SUM(AN55:AN58) -> 0 | AO59: =SUM(AO55:AO58) -> 0 | AP59: =SUM(AP55:AP58) -> 0 | AQ59: =SUM(AQ55:AQ58) -> 0 | AR59: =SUM(AR55:AR58) -> 0 | AS59: =SUM(AS55:AS58) -> 0 | AT59: =SUM(AT55:AT58) -> 0 | AU59: =SUM(AU55:AU58) -> 0 | ... BA59: =SUM(BA55:BA58) -> 0 | BD59: المجموع | BF59: =SUM(BF55:BF58) -> 0 | BG59: =SUM(BG55:BG58) -> 0 | BH59: =SUM(BH55:BH58) -> 0 | BI59: =SUM(BI55:BI58) -> 0 | BJ59: =SUM(BJ55:BJ58) -> 0 | BK59: =SUM(BK55:BK58) -> 0 | BL59: =SUM(BL55:BL58) -> 0 | BM59: =SUM(BM55:BM58) -> 0 | ... BS59: =SUM(BS55:BS58) -> 0 | BV59: المجموع | BX59: =SUM(BX55:BX58) -> 0 | BY59: =SUM(BY55:BY58) -> 0 | BZ59: =SUM(BZ55:BZ58) -> 0 | CA59: =SUM(CA55:CA58) -> 0 | CB59: =SUM(CB55:CB58) -> 0 | CC59: =SUM(CC55:CC58) -> 0 | CD59: =SUM(CD55:CD58) -> 0 | CE59: =SUM(CE55:CE58) -> 0 | ... CK59: =SUM(CK55:CK58) -> 0 | CN59: المجموع | CP59: =SUM(CP55:CP58) -> 0 | CQ59: =SUM(CQ55:CQ58) -> 0 | CR59: =SUM(CR55:CR58) -> 0 | CS59: =SUM(CS55:CS58) -> 0 | CT59: =SUM(CT55:CT58) -> 0 | CU59: =SUM(CU55:CU58) -> 0 | CV59: =SUM(CV55:CV58) -> 0 | CW59: =SUM(CW55:CW58) -> 0 | ... DC59: =SUM(DC55:DC58) -> 0 | DF59: المجموع | DH59: =SUM(DH55:DH58) -> 0 | DI59: =SUM(DI55:DI58) -> 0 | DJ59: =SUM(DJ55:DJ58) -> 0 | DK59: =SUM(DK55:DK58) -> 0 | DL59: =SUM(DL55:DL58) -> 0 | DM59: =SUM(DM55:DM58) -> 0 | DN59: =SUM(DN55:DN58) -> 0 | DO59: =SUM(DO55:DO58) -> 0 | ... DU59: =SUM(DU55:DU58) -> 0 | DX59: المجموع | DZ59: =SUM(DZ55:DZ58) -> 0 | EA59: =SUM(EA55:EA58) -> 0 | EB59: =SUM(EB55:EB58) -> 0 | EC59: =SUM(EC55:EC58) -> 0 | ED59: =SUM(ED55:ED58) -> 0 | EE59: =SUM(EE55:EE58) -> 0 | EF59: =SUM(EF55:EF58) -> 0 | EG59: =SUM(EG55:EG58) -> 0 | ... EM59: =SUM(EM55:EM58) -> 0 | EP59: المجموع | ER59: =SUM(ER55:ER58) -> 0 | ES59: =SUM(ES55:ES58) -> 0 | ET59: =SUM(ET55:ET58) -> 0 | EU59: =SUM(EU55:EU58) -> 0 | EV59: =SUM(EV55:EV58) -> 0 | EW59: =SUM(EW55:EW58) -> 0 | EX59: =SUM(EX55:EX58) -> 0 | EY59: =SUM(EY55:EY58) -> 0 | ... FE59: =SUM(FE55:FE58) -> 0 | FH59: المجموع | FJ59: =SUM(FJ55:FJ58) -> 0 | FK59: =SUM(FK55:FK58) -> 0 | FL59: =SUM(FL55:FL58) -> 0 | FM59: =SUM(FM55:FM58) -> 0 | FN59: =SUM(FN55:FN58) -> 0 | FO59: =SUM(FO55:FO58) -> 0 | FP59: =SUM(FP55:FP58) -> 0 | FQ59: =SUM(FQ55:FQ58) -> 0 | ... FW59: =SUM(FW55:FW58) -> 0 | FZ59: المجموع | GB59: =SUM(GB55:GB58) -> 0 | GC59: =SUM(GC55:GC58) -> 0 | GD59: =SUM(GD55:GD58) -> 0 | GE59: =SUM(GE55:GE58) -> 0 | GF59: =SUM(GF55:GF58) -> 0 | GG59: =SUM(GG55:GG58) -> 0 | GH59: =SUM(GH55:GH58) -> 0 | GI59: =SUM(GI55:GI58) -> 0 | ... GO59: =SUM(GO55:GO58) -> 0 | GR59: المجموع | GT59: =SUM(GT55:GT58) -> 0 | GU59: =SUM(GU55:GU58) -> 0 | GV59: =SUM(GV55:GV58) -> 0 | GW59: =SUM(GW55:GW58) -> 0 | GX59: =SUM(GX55:GX58) -> 0 | GY59: =SUM(GY55:GY58) -> 0 | GZ59: =SUM(GZ55:GZ58) -> 0 | HA59: =SUM(HA55:HA58) -> 0 | ... HG59: =SUM(HG55:HG58) -> 0 | HJ59: المجموع | HL59: =SUM(HL55:HL58) -> 0 | HM59: =SUM(HM55:HM58) -> 0 | HN59: =SUM(HN55:HN58) -> 0 | HO59: =SUM(HO55:HO58) -> 0 | HP59: =SUM(HP55:HP58) -> 0 | HQ59: =SUM(HQ55:HQ58) -> 0 | HR59: =SUM(HR55:HR58) -> 0 | HS59: =SUM(HS55:HS58) -> 0 | ... HY59: =SUM(HY55:HY58) -> 0
B60: سعودي | C60: ذكر | D60: 0 | E60: 0 | F60: 0 | G60: 0 | H60: 0 | I60: 0 | J60: 0 | K60: 0 | L60: 0 | M60: 0 | N60: 0 | O60: 0 | P60: 0 | Q60: =SUM(D60:P60) -> 0 | T60: سعودي | U60: ذكر | V60: 0 | W60: 0 | X60: 0 | Y60: 0 | Z60: 0 | AA60: 0 | AB60: 0 | AC60: 0 | AD60: 0 | AE60: 0 | AF60: 0 | AG60: 0 | AH60: 0 | AI60: =SUM(V60:AH60) -> 0 | AL60: سعودي | AM60: ذكر | AN60: 0 | AO60: 0 | AP60: 0 | AQ60: 0 | AR60: 0 | AS60: 0 | AT60: 0 | AU60: 0 | AV60: 0 | AW60: 0 | AX60: 0 | AY60: 0 | AZ60: 0 | BA60: =SUM(AN60:AZ60) -> 0 | BD60: سعودي | BE60: ذكر | BF60: 0 | BG60: 0 | BH60: 0 | BI60: 0 | BJ60: 0 | BK60: 0 | BL60: 0 | BM60: 0 | BN60: 0 | BO60: 0 | BP60: 0 | BQ60: 0 | BR60: 0 | BS60: =SUM(BF60:BR60) -> 0 | BV60: سعودي | BW60: ذكر | BX60: 0 | BY60: 0 | BZ60: 0 | CA60: 0 | CB60: 0 | CC60: 0 | CD60: 0 | CE60: 0 | CF60: 0 | CG60: 0 | CH60: 0 | CI60: 0 | CJ60: 0 | CK60: =SUM(BX60:CJ60) -> 0 | CN60: سعودي | CO60: ذكر | CP60: 0 | CQ60: 0 | CR60: 0 | CS60: 0 | CT60: 0 | CU60: 0 | CV60: 0 | CW60: 0 | CX60: 0 | CY60: 0 | CZ60: 0 | DA60: 0 | DB60: 0 | DC60: =SUM(CP60:DB60) -> 0 | DF60: سعودي | DG60: ذكر | DH60: 0 | DI60: 0 | DJ60: 0 | DK60: 0 | DL60: 0 | DM60: 0 | DN60: 0 | DO60: 0 | DP60: 0 | DQ60: 0 | DR60: 0 | DS60: 0 | DT60: 0 | DU60: =SUM(DH60:DT60) -> 0 | DX60: سعودي | DY60: ذكر | DZ60: 0 | EA60: 0 | EB60: 0 | EC60: 0 | ED60: 0 | EE60: 0 | EF60: 0 | EG60: 0 | EH60: 0 | EI60: 0 | EJ60: 0 | EK60: 0 | EL60: 0 | EM60: =SUM(DZ60:EL60) -> 0 | EP60: سعودي | EQ60: ذكر | ER60: 0 | ES60: 0 | ET60: 0 | EU60: 0 | EV60: 0 | EW60: 0 | EX60: 0 | EY60: 0 | EZ60: 0 | FA60: 0 | FB60: 0 | FC60: 0 | FD60: 0 | FE60: =SUM(ER60:FD60) -> 0 | FH60: سعودي | FI60: ذكر | FJ60: 0 | FK60: 0 | FL60: 0 | FM60: 0 | FN60: 0 | FO60: 0 | FP60: 0 | FQ60: 0 | FR60: 0 | FS60: 0 | FT60: 0 | FU60: 0 | FV60: 0 | FW60: =SUM(FJ60:FV60) -> 0 | FZ60: سعودي | GA60: ذكر | GB60: 0 | GC60: 0 | GD60: 0 | GE60: 0 | GF60: 0 | GG60: 0 | GH60: 0 | GI60: 0 | GJ60: 0 | GK60: 0 | GL60: 0 | GM60: 0 | GN60: 0 | GO60: =SUM(GB60:GN60) -> 0 | GR60: سعودي | GS60: ذكر | GT60: 0 | GU60: 0 | GV60: 0 | GW60: 0 | GX60: 0 | GY60: 0 | GZ60: 0 | HA60: 0 | HB60: 0 | HC60: 0 | HD60: 0 | HE60: 0 | HF60: 0 | HG60: =SUM(GT60:HF60) -> 0 | HI60: =GQ60 -> 0 | HJ60: سعودي | HK60: ذكر | HL60: =SUM(GT60) -> 0 | HM60: =SUM(GU60) -> 0 | HN60: =SUM(GV60) -> 0 | HO60: =SUM(GW60) -> 0 | HP60: =SUM(GX60) -> 0 | HQ60: =SUM(GY60) -> 0 | HR60: =SUM(GZ60) -> 0 | HS60: =SUM(HA60) -> 0 | ... HX60: =SUM(HF60) -> 0 | HY60: =SUM(HL60:HX60) -> 0
C61: أنثى | D61: 0 | E61: 0 | F61: 0 | G61: 0 | H61: 0 | I61: 0 | J61: 0 | K61: 0 | L61: 0 | M61: 0 | N61: 0 | O61: 0 | P61: 0 | Q61: =SUM(D61:P61) -> 0 | U61: أنثى | V61: 0 | W61: 0 | X61: 0 | Y61: 0 | Z61: 0 | AA61: 0 | AB61: 0 | AC61: 0 | AD61: 0 | AE61: 0 | AF61: 0 | AG61: 0 | AH61: 0 | AI61: =SUM(V61:AH61) -> 0 | AM61: أنثى | AN61: 0 | AO61: 0 | AP61: 0 | AQ61: 0 | AR61: 0 | AS61: 0 | AT61: 0 | AU61: 0 | AV61: 0 | AW61: 0 | AX61: 0 | AY61: 0 | AZ61: 0 | BA61: =SUM(AN61:AZ61) -> 0 | BE61: أنثى | BF61: 0 | BG61: 0 | BH61: 0 | BI61: 0 | BJ61: 0 | BK61: 0 | BL61: 0 | BM61: 0 | BN61: 0 | BO61: 0 | BP61: 0 | BQ61: 0 | BR61: 0 | BS61: =SUM(BF61:BR61) -> 0 | BW61: أنثى | BX61: 0 | BY61: 0 | BZ61: 0 | CA61: 0 | CB61: 0 | CC61: 0 | CD61: 0 | CE61: 0 | CF61: 0 | CG61: 0 | CH61: 0 | CI61: 0 | CJ61: 0 | CK61: =SUM(BX61:CJ61) -> 0 | CO61: أنثى | CP61: 0 | CQ61: 0 | CR61: 0 | CS61: 0 | CT61: 0 | CU61: 0 | CV61: 0 | CW61: 0 | CX61: 0 | CY61: 0 | CZ61: 0 | DA61: 0 | DB61: 0 | DC61: =SUM(CP61:DB61) -> 0 | DG61: أنثى | DH61: 0 | DI61: 0 | DJ61: 0 | DK61: 0 | DL61: 0 | DM61: 0 | DN61: 0 | DO61: 0 | DP61: 0 | DQ61: 0 | DR61: 0 | DS61: 0 | DT61: 0 | DU61: =SUM(DH61:DT61) -> 0 | DY61: أنثى | DZ61: 0 | EA61: 0 | EB61: 0 | EC61: 0 | ED61: 0 | EE61: 0 | EF61: 0 | EG61: 0 | EH61: 0 | EI61: 0 | EJ61: 0 | EK61: 0 | EL61: 0 | EM61: =SUM(DZ61:EL61) -> 0 | EQ61: أنثى | ER61: 0 | ES61: 0 | ET61: 0 | EU61: 0 | EV61: 0 | EW61: 0 | EX61: 0 | EY61: 0 | EZ61: 0 | FA61: 0 | FB61: 0 | FC61: 0 | FD61: 0 | FE61: =SUM(ER61:FD61) -> 0 | FI61: أنثى | FJ61: 0 | FK61: 0 | FL61: 0 | FM61: 0 | FN61: 0 | FO61: 0 | FP61: 0 | FQ61: 0 | FR61: 0 | FS61: 0 | FT61: 0 | FU61: 0 | FV61: 0 | FW61: =SUM(FJ61:FV61) -> 0 | GA61: أنثى | GB61: 0 | GC61: 0 | GD61: 0 | GE61: 0 | GF61: 0 | GG61: 0 | GH61: 0 | GI61: 0 | GJ61: 0 | GK61: 0 | GL61: 0 | GM61: 0 | GN61: 0 | GO61: =SUM(GB61:GN61) -> 0 | GS61: أنثى | GT61: 0 | GU61: 0 | GV61: 0 | GW61: 0 | GX61: 0 | GY61: 0 | GZ61: 0 | HA61: 0 | HB61: 0 | HC61: 0 | HD61: 0 | HE61: 0 | HF61: 0 | HG61: =SUM(GT61:HF61) -> 0 | HK61: أنثى | HL61: =SUM(GT61) -> 0 | HM61: =SUM(GU61) -> 0 | HN61: =SUM(GV61) -> 0 | HO61: =SUM(GW61) -> 0 | HP61: =SUM(GX61) -> 0 | HQ61: =SUM(GY61) -> 0 | HR61: =SUM(GZ61) -> 0 | HS61: =SUM(HA61) -> 0 | ... HX61: =SUM(HF61) -> 0 | HY61: =SUM(HL61:HX61) -> 0
B62: غير | C62: ذكر | D62: 0 | E62: 0 | F62: 0 | G62: 0 | H62: 0 | I62: 0 | J62: 0 | K62: 0 | L62: 0 | M62: 0 | N62: 0 | O62: 0 | P62: 0 | Q62: =SUM(D62:P62) -> 0 | T62: غير | U62: ذكر | V62: 0 | W62: 0 | X62: 0 | Y62: 0 | Z62: 0 | AA62: 0 | AB62: 0 | AC62: 0 | AD62: 0 | AE62: 0 | AF62: 0 | AG62: 0 | AH62: 0 | AI62: =SUM(V62:AH62) -> 0 | AL62: غير | AM62: ذكر | AN62: 0 | AO62: 0 | AP62: 0 | AQ62: 0 | AR62: 0 | AS62: 0 | AT62: 0 | AU62: 0 | AV62: 0 | AW62: 0 | AX62: 0 | AY62: 0 | AZ62: 0 | BA62: =SUM(AN62:AZ62) -> 0 | BD62: غير | BE62: ذكر | BF62: 0 | BG62: 0 | BH62: 0 | BI62: 0 | BJ62: 0 | BK62: 0 | BL62: 0 | BM62: 0 | BN62: 0 | BO62: 0 | BP62: 0 | BQ62: 0 | BR62: 0 | BS62: =SUM(BF62:BR62) -> 0 | BV62: غير | BW62: ذكر | BX62: 0 | BY62: 0 | BZ62: 0 | CA62: 0 | CB62: 0 | CC62: 0 | CD62: 0 | CE62: 0 | CF62: 0 | CG62: 0 | CH62: 0 | CI62: 0 | CJ62: 0 | CK62: =SUM(BX62:CJ62) -> 0 | CN62: غير | CO62: ذكر | CP62: 0 | CQ62: 0 | CR62: 0 | CS62: 0 | CT62: 0 | CU62: 0 | CV62: 0 | CW62: 0 | CX62: 0 | CY62: 0 | CZ62: 0 | DA62: 0 | DB62: 0 | DC62: =SUM(CP62:DB62) -> 0 | DF62: غير | DG62: ذكر | DH62: 0 | DI62: 0 | DJ62: 0 | DK62: 0 | DL62: 0 | DM62: 0 | DN62: 0 | DO62: 0 | DP62: 0 | DQ62: 0 | DR62: 0 | DS62: 0 | DT62: 0 | DU62: =SUM(DH62:DT62) -> 0 | DX62: غير | DY62: ذكر | DZ62: 0 | EA62: 0 | EB62: 0 | EC62: 0 | ED62: 0 | EE62: 0 | EF62: 0 | EG62: 0 | EH62: 0 | EI62: 0 | EJ62: 0 | EK62: 0 | EL62: 0 | EM62: =SUM(DZ62:EL62) -> 0 | EP62: غير | EQ62: ذكر | ER62: 0 | ES62: 0 | ET62: 0 | EU62: 0 | EV62: 0 | EW62: 0 | EX62: 0 | EY62: 0 | EZ62: 0 | FA62: 0 | FB62: 0 | FC62: 0 | FD62: 0 | FE62: =SUM(ER62:FD62) -> 0 | FH62: غير | FI62: ذكر | FJ62: 0 | FK62: 0 | FL62: 0 | FM62: 0 | FN62: 0 | FO62: 0 | FP62: 0 | FQ62: 0 | FR62: 0 | FS62: 0 | FT62: 0 | FU62: 0 | FV62: 0 | FW62: =SUM(FJ62:FV62) -> 0 | FZ62: غير | GA62: ذكر | GB62: 0 | GC62: 0 | GD62: 0 | GE62: 0 | GF62: 0 | GG62: 0 | GH62: 0 | GI62: 0 | GJ62: 0 | GK62: 0 | GL62: 0 | GM62: 0 | GN62: 0 | GO62: =SUM(GB62:GN62) -> 0 | GR62: غير | GS62: ذكر | GT62: 0 | GU62: 0 | GV62: 0 | GW62: 0 | GX62: 0 | GY62: 0 | GZ62: 0 | HA62: 0 | HB62: 0 | HC62: 0 | HD62: 0 | HE62: 0 | HF62: 0 | HG62: =SUM(GT62:HF62) -> 0 | HJ62: غير | HK62: ذكر | HL62: =SUM(GT62) -> 0 | HM62: =SUM(GU62) -> 0 | HN62: =SUM(GV62) -> 0 | HO62: =SUM(GW62) -> 0 | HP62: =SUM(GX62) -> 0 | HQ62: =SUM(GY62) -> 0 | HR62: =SUM(GZ62) -> 0 | HS62: =SUM(HA62) -> 0 | ... HX62: =SUM(HF62) -> 0 | HY62: =SUM(HL62:HX62) -> 0
B63: سعودي | C63: أنثى | D63: 0 | E63: 0 | F63: 0 | G63: 0 | H63: 0 | I63: 0 | J63: 0 | K63: 0 | L63: 0 | M63: 0 | N63: 0 | O63: 0 | P63: 0 | Q63: =SUM(D63:P63) -> 0 | T63: سعودي | U63: أنثى | V63: 0 | W63: 0 | X63: 0 | Y63: 0 | Z63: 0 | AA63: 0 | AB63: 0 | AC63: 0 | AD63: 0 | AE63: 0 | AF63: 0 | AG63: 0 | AH63: 0 | AI63: =SUM(V63:AH63) -> 0 | AL63: سعودي | AM63: أنثى | AN63: 0 | AO63: 0 | AP63: 0 | AQ63: 0 | AR63: 0 | AS63: 0 | AT63: 0 | AU63: 0 | AV63: 0 | AW63: 0 | AX63: 0 | AY63: 0 | AZ63: 0 | BA63: =SUM(AN63:AZ63) -> 0 | BD63: سعودي | BE63: أنثى | BF63: 0 | BG63: 0 | BH63: 0 | BI63: 0 | BJ63: 0 | BK63: 0 | BL63: 0 | BM63: 0 | BN63: 0 | BO63: 0 | BP63: 0 | BQ63: 0 | BR63: 0 | BS63: =SUM(BF63:BR63) -> 0 | BV63: سعودي | BW63: أنثى | BX63: 0 | BY63: 0 | BZ63: 0 | CA63: 0 | CB63: 0 | CC63: 0 | CD63: 0 | CE63: 0 | CF63: 0 | CG63: 0 | CH63: 0 | CI63: 0 | CJ63: 0 | CK63: =SUM(BX63:CJ63) -> 0 | CN63: سعودي | CO63: أنثى | CP63: 0 | CQ63: 0 | CR63: 0 | CS63: 0 | CT63: 0 | CU63: 0 | CV63: 0 | CW63: 0 | CX63: 0 | CY63: 0 | CZ63: 0 | DA63: 0 | DB63: 0 | DC63: =SUM(CP63:DB63) -> 0 | DF63: سعودي | DG63: أنثى | DH63: 0 | DI63: 0 | DJ63: 0 | DK63: 0 | DL63: 0 | DM63: 0 | DN63: 0 | DO63: 0 | DP63: 0 | DQ63: 0 | DR63: 0 | DS63: 0 | DT63: 0 | DU63: =SUM(DH63:DT63) -> 0 | DX63: سعودي | DY63: أنثى | DZ63: 0 | EA63: 0 | EB63: 0 | EC63: 0 | ED63: 0 | EE63: 0 | EF63: 0 | EG63: 0 | EH63: 0 | EI63: 0 | EJ63: 0 | EK63: 0 | EL63: 0 | EM63: =SUM(DZ63:EL63) -> 0 | EP63: سعودي | EQ63: أنثى | ER63: 0 | ES63: 0 | ET63: 0 | EU63: 0 | EV63: 0 | EW63: 0 | EX63: 0 | EY63: 0 | EZ63: 0 | FA63: 0 | FB63: 0 | FC63: 0 | FD63: 0 | FE63: =SUM(ER63:FD63) -> 0 | FH63: سعودي | FI63: أنثى | FJ63: 0 | FK63: 0 | FL63: 0 | FM63: 0 | FN63: 0 | FO63: 0 | FP63: 0 | FQ63: 0 | FR63: 0 | FS63: 0 | FT63: 0 | FU63: 0 | FV63: 0 | FW63: =SUM(FJ63:FV63) -> 0 | FZ63: سعودي | GA63: أنثى | GB63: 0 | GC63: 0 | GD63: 0 | GE63: 0 | GF63: 0 | GG63: 0 | GH63: 0 | GI63: 0 | GJ63: 0 | GK63: 0 | GL63: 0 | GM63: 0 | GN63: 0 | GO63: =SUM(GB63:GN63) -> 0 | GR63: سعودي | GS63: أنثى | GT63: 0 | GU63: 0 | GV63: 0 | GW63: 0 | GX63: 0 | GY63: 0 | GZ63: 0 | HA63: 0 | HB63: 0 | HC63: 0 | HD63: 0 | HE63: 0 | HF63: 0 | HG63: =SUM(GT63:HF63) -> 0 | HJ63: سعودي | HK63: أنثى | HL63: =SUM(GT63) -> 0 | HM63: =SUM(GU63) -> 0 | HN63: =SUM(GV63) -> 0 | HO63: =SUM(GW63) -> 0 | HP63: =SUM(GX63) -> 0 | HQ63: =SUM(GY63) -> 0 | HR63: =SUM(GZ63) -> 0 | HS63: =SUM(HA63) -> 0 | ... HX63: =SUM(HF63) -> 0 | HY63: =SUM(HL63:HX63) -> 0
B64: المجموع | D64: =SUM(D60:D63) -> 0 | E64: =SUM(E60:E63) -> 0 | F64: =SUM(F60:F63) -> 0 | G64: =SUM(G60:G63) -> 0 | H64: =SUM(H60:H63) -> 0 | I64: =SUM(I60:I63) -> 0 | J64: =SUM(J60:J63) -> 0 | K64: =SUM(K60:K63) -> 0 | ... Q64: =SUM(Q60:Q63) -> 0 | T64: المجموع | V64: =SUM(V60:V63) -> 0 | W64: =SUM(W60:W63) -> 0 | X64: =SUM(X60:X63) -> 0 | Y64: =SUM(Y60:Y63) -> 0 | Z64: =SUM(Z60:Z63) -> 0 | AA64: =SUM(AA60:AA63) -> 0 | AB64: =SUM(AB60:AB63) -> 0 | AC64: =SUM(AC60:AC63) -> 0 | ... AI64: =SUM(AI60:AI63) -> 0 | AL64: المجموع | AN64: =SUM(AN60:AN63) -> 0 | AO64: =SUM(AO60:AO63) -> 0 | AP64: =SUM(AP60:AP63) -> 0 | AQ64: =SUM(AQ60:AQ63) -> 0 | AR64: =SUM(AR60:AR63) -> 0 | AS64: =SUM(AS60:AS63) -> 0 | AT64: =SUM(AT60:AT63) -> 0 | AU64: =SUM(AU60:AU63) -> 0 | ... BA64: =SUM(BA60:BA63) -> 0 | BD64: المجموع | BF64: =SUM(BF60:BF63) -> 0 | BG64: =SUM(BG60:BG63) -> 0 | BH64: =SUM(BH60:BH63) -> 0 | BI64: =SUM(BI60:BI63) -> 0 | BJ64: =SUM(BJ60:BJ63) -> 0 | BK64: =SUM(BK60:BK63) -> 0 | BL64: =SUM(BL60:BL63) -> 0 | BM64: =SUM(BM60:BM63) -> 0 | ... BS64: =SUM(BS60:BS63) -> 0 | BV64: المجموع | BX64: =SUM(BX60:BX63) -> 0 | BY64: =SUM(BY60:BY63) -> 0 | BZ64: =SUM(BZ60:BZ63) -> 0 | CA64: =SUM(CA60:CA63) -> 0 | CB64: =SUM(CB60:CB63) -> 0 | CC64: =SUM(CC60:CC63) -> 0 | CD64: =SUM(CD60:CD63) -> 0 | CE64: =SUM(CE60:CE63) -> 0 | ... CK64: =SUM(CK60:CK63) -> 0 | CN64: المجموع | CP64: =SUM(CP60:CP63) -> 0 | CQ64: =SUM(CQ60:CQ63) -> 0 | CR64: =SUM(CR60:CR63) -> 0 | CS64: =SUM(CS60:CS63) -> 0 | CT64: =SUM(CT60:CT63) -> 0 | CU64: =SUM(CU60:CU63) -> 0 | CV64: =SUM(CV60:CV63) -> 0 | CW64: =SUM(CW60:CW63) -> 0 | ... DC64: =SUM(DC60:DC63) -> 0 | DF64: المجموع | DH64: =SUM(DH60:DH63) -> 0 | DI64: =SUM(DI60:DI63) -> 0 | DJ64: =SUM(DJ60:DJ63) -> 0 | DK64: =SUM(DK60:DK63) -> 0 | DL64: =SUM(DL60:DL63) -> 0 | DM64: =SUM(DM60:DM63) -> 0 | DN64: =SUM(DN60:DN63) -> 0 | DO64: =SUM(DO60:DO63) -> 0 | ... DU64: =SUM(DU60:DU63) -> 0 | DX64: المجموع | DZ64: =SUM(DZ60:DZ63) -> 0 | EA64: =SUM(EA60:EA63) -> 0 | EB64: =SUM(EB60:EB63) -> 0 | EC64: =SUM(EC60:EC63) -> 0 | ED64: =SUM(ED60:ED63) -> 0 | EE64: =SUM(EE60:EE63) -> 0 | EF64: =SUM(EF60:EF63) -> 0 | EG64: =SUM(EG60:EG63) -> 0 | ... EM64: =SUM(EM60:EM63) -> 0 | EP64: المجموع | ER64: =SUM(ER60:ER63) -> 0 | ES64: =SUM(ES60:ES63) -> 0 | ET64: =SUM(ET60:ET63) -> 0 | EU64: =SUM(EU60:EU63) -> 0 | EV64: =SUM(EV60:EV63) -> 0 | EW64: =SUM(EW60:EW63) -> 0 | EX64: =SUM(EX60:EX63) -> 0 | EY64: =SUM(EY60:EY63) -> 0 | ... FE64: =SUM(FE60:FE63) -> 0 | FH64: المجموع | FJ64: =SUM(FJ60:FJ63) -> 0 | FK64: =SUM(FK60:FK63) -> 0 | FL64: =SUM(FL60:FL63) -> 0 | FM64: =SUM(FM60:FM63) -> 0 | FN64: =SUM(FN60:FN63) -> 0 | FO64: =SUM(FO60:FO63) -> 0 | FP64: =SUM(FP60:FP63) -> 0 | FQ64: =SUM(FQ60:FQ63) -> 0 | ... FW64: =SUM(FW60:FW63) -> 0 | FZ64: المجموع | GB64: =SUM(GB60:GB63) -> 0 | GC64: =SUM(GC60:GC63) -> 0 | GD64: =SUM(GD60:GD63) -> 0 | GE64: =SUM(GE60:GE63) -> 0 | GF64: =SUM(GF60:GF63) -> 0 | GG64: =SUM(GG60:GG63) -> 0 | GH64: =SUM(GH60:GH63) -> 0 | GI64: =SUM(GI60:GI63) -> 0 | ... GO64: =SUM(GO60:GO63) -> 0 | GR64: المجموع | GT64: =SUM(GT60:GT63) -> 0 | GU64: =SUM(GU60:GU63) -> 0 | GV64: =SUM(GV60:GV63) -> 0 | GW64: =SUM(GW60:GW63) -> 0 | GX64: =SUM(GX60:GX63) -> 0 | GY64: =SUM(GY60:GY63) -> 0 | GZ64: =SUM(GZ60:GZ63) -> 0 | HA64: =SUM(HA60:HA63) -> 0 | ... HG64: =SUM(HG60:HG63) -> 0 | HJ64: المجموع | HL64: =SUM(HL60:HL63) -> 0 | HM64: =SUM(HM60:HM63) -> 0 | HN64: =SUM(HN60:HN63) -> 0 | HO64: =SUM(HO60:HO63) -> 0 | HP64: =SUM(HP60:HP63) -> 0 | HQ64: =SUM(HQ60:HQ63) -> 0 | HR64: =SUM(HR60:HR63) -> 0 | HS64: =SUM(HS60:HS63) -> 0 | ... HY64: =SUM(HY60:HY63) -> 0
A66: إجمالي مراكز شرق جدة | D66: شهر | E66: =G2 -> 1 | F66: 1447 | J66: بيان بالقوى العاملة بالمركز خلال الشهر | S66: إجمالي مراكز شرق جدة | V66: شهر | W66: =Y2 -> 2 | X66: 1447 | AB66: بيان بالقوى العاملة بالمركز خلال الشهر | AK66: إجمالي مراكز شرق جدة | AN66: شهر | AO66: =AQ2 -> 3 | AP66: 1447 | AT66: بيان بالقوى العاملة بالمركز خلال الشهر | BC66: إجمالي مراكز شرق جدة | BF66: شهر | BG66: =BI2 -> 4 | BH66: 1447 | BL66: بيان بالقوى العاملة بالمركز خلال الشهر | BU66: إجمالي مراكز شرق جدة | BX66: شهر | BY66: =CA2 -> 5 | BZ66: 1447 | CD66: بيان بالقوى العاملة بالمركز خلال الشهر | CM66: إجمالي مراكز شرق جدة | CP66: شهر | CQ66: =CS2 -> 6 | CR66: 1447 | CV66: بيان بالقوى العاملة بالمركز خلال الشهر | DE66: إجمالي مراكز شرق جدة | DH66: شهر | DI66: =DK2 -> 7 | DJ66: 1447 | DN66: بيان بالقوى العاملة بالمركز خلال الشهر | DW66: إجمالي مراكز شرق جدة | DZ66: شهر | EA66: =EC2 -> 8 | EB66: 1447 | EF66: بيان بالقوى العاملة بالمركز خلال الشهر | EO66: إجمالي مراكز شرق جدة | ER66: شهر | ES66: =EU2 -> 9 | ET66: 1447 | EX66: بيان بالقوى العاملة بالمركز خلال الشهر | FG66: إجمالي مراكز شرق جدة | FJ66: شهر | FK66: =FM2 -> 10 | FL66: 1447 | FP66: بيان بالقوى العاملة بالمركز خلال الشهر | FY66: إجمالي مراكز شرق جدة | GB66: شهر | GC66: =GE2 -> 11 | GD66: 1447 | GH66: بيان بالقوى العاملة بالمركز خلال الشهر | GQ66: إجمالي مراكز شرق جدة | GT66: شهر | GU66: =GW2 -> 12 | GV66: 1447 | GZ66: بيان بالقوى العاملة بالمركز خلال الشهر | HI66: إجمالي مراكز شرق جدة | HM66: عام | HN66: 1447 | HR66: بيان بالقوى العاملة بالمراكز
A67: مراكز | B67: الجنسية | C67: الجنس | D67: أطباء | F67: طبيب أسنان | G67: تمريض | H67: قابلة | I67: فني صيدلة | J67: فني مختبر | K67: فني أشعة | L67: مراقب صحي | M67: فني إحصاء | N67: إداري | O67: مستخدم | P67: أخرى | Q67: المجموع | S67: مراكز | T67: الجنسية | U67: الجنس | V67: أطباء | X67: طبيب أسنان | Y67: تمريض | Z67: قابلة | AA67: فني صيدلة | AB67: فني مختبر | AC67: فني أشعة | AD67: مراقب صحي | AE67: فني إحصاء | AF67: إداري | AG67: مستخدم | AH67: أخرى | AI67: المجموع | AK67: مراكز | AL67: الجنسية | AM67: الجنس | AN67: أطباء | AP67: طبيب أسنان | AQ67: تمريض | AR67: قابلة | AS67: فني صيدلة | AT67: فني مختبر | AU67: فني أشعة | AV67: مراقب صحي | AW67: فني إحصاء | AX67: إداري | AY67: مستخدم | AZ67: أخرى | BA67: المجموع | BC67: مراكز | BD67: الجنسية | BE67: الجنس | BF67: أطباء | BH67: طبيب أسنان | BI67: تمريض | BJ67: قابلة | BK67: فني صيدلة | BL67: فني مختبر | BM67: فني أشعة | BN67: مراقب صحي | BO67: فني إحصاء | BP67: إداري | BQ67: مستخدم | BR67: أخرى | BS67: المجموع | BU67: مراكز | BV67: الجنسية | BW67: الجنس | BX67: أطباء | BZ67: طبيب أسنان | CA67: تمريض | CB67: قابلة | CC67: فني صيدلة | CD67: فني مختبر | CE67: فني أشعة | CF67: مراقب صحي | CG67: فني إحصاء | CH67: إداري | CI67: مستخدم | CJ67: أخرى | CK67: المجموع | CM67: مراكز | CN67: الجنسية | CO67: الجنس | CP67: أطباء | CR67: طبيب أسنان | CS67: تمريض | CT67: قابلة | CU67: فني صيدلة | CV67: فني مختبر | CW67: فني أشعة | CX67: مراقب صحي | CY67: فني إحصاء | CZ67: إداري | DA67: مستخدم | DB67: أخرى | DC67: المجموع | DE67: مراكز | DF67: الجنسية | DG67: الجنس | DH67: أطباء | DJ67: طبيب أسنان | DK67: تمريض | DL67: قابلة | DM67: فني صيدلة | DN67: فني مختبر | DO67: فني أشعة | DP67: مراقب صحي | DQ67: فني إحصاء | DR67: إداري | DS67: مستخدم | DT67: أخرى | DU67: المجموع | DW67: مراكز | DX67: الجنسية | DY67: الجنس | DZ67: أطباء | EB67: طبيب أسنان | EC67: تمريض | ED67: قابلة | EE67: فني صيدلة | EF67: فني مختبر | EG67: فني أشعة | EH67: مراقب صحي | EI67: فني إحصاء | EJ67: إداري | EK67: مستخدم | EL67: أخرى | EM67: المجموع | EO67: مراكز | EP67: الجنسية | EQ67: الجنس | ER67: أطباء | ET67: طبيب أسنان | EU67: تمريض | EV67: قابلة | EW67: فني صيدلة | EX67: فني مختبر | EY67: فني أشعة | EZ67: مراقب صحي | FA67: فني إحصاء | FB67: إداري | FC67: مستخدم | FD67: أخرى | FE67: المجموع | FG67: مراكز | FH67: الجنسية | FI67: الجنس | FJ67: أطباء | FL67: طبيب أسنان | FM67: تمريض | FN67: قابلة | FO67: فني صيدلة | FP67: فني مختبر | FQ67: فني أشعة | FR67: مراقب صحي | FS67: فني إحصاء | FT67: إداري | FU67: مستخدم | FV67: أخرى | FW67: المجموع | FY67: مراكز | FZ67: الجنسية | GA67: الجنس | GB67: أطباء | GD67: طبيب أسنان | GE67: تمريض | GF67: قابلة | GG67: فني صيدلة | GH67: فني مختبر | GI67: فني أشعة | GJ67: مراقب صحي | GK67: فني إحصاء | GL67: إداري | GM67: مستخدم | GN67: أخرى | GO67: المجموع | GQ67: مراكز | GR67: الجنسية | GS67: الجنس | GT67: أطباء | GV67: طبيب أسنان | GW67: تمريض | GX67: قابلة | GY67: فني صيدلة | GZ67: فني مختبر | HA67: فني أشعة | HB67: مراقب صحي | HC67: فني إحصاء | HD67: إداري | HE67: مستخدم | HF67: أخرى | HG67: المجموع | HI67: مراكز | HJ67: الجنسية | HK67: الجنس | HL67: أطباء | HN67: طبيب أسنان | HO67: تمريض | HP67: قابلة | HQ67: فني صيدلة | HR67: فني مختبر | HS67: فني أشعة | HT67: مراقب صحي | HU67: فني إحصاء | HV67: إداري | HW67: مستخدم | HX67: أخرى | HY67: المجموع
D68: عام | E68: ط.أسرة | V68: عام | W68: ط.أسرة | AN68: عام | AO68: ط.أسرة | BF68: عام | BG68: ط.أسرة | BX68: عام | BY68: ط.أسرة | CP68: عام | CQ68: ط.أسرة | DH68: عام | DI68: ط.أسرة | DZ68: عام | EA68: ط.أسرة | ER68: عام | ES68: ط.أسرة | FJ68: عام | FK68: ط.أسرة | GB68: عام | GC68: ط.أسرة | GT68: عام | GU68: ط.أسرة | HL68: عام | HM68: ط.أسرة
A69: مراكز شرق جدة | B69: سعودي | C69: ذكر | D69: =D5+D10+D15+D20+D25+D30+D35+D40+D45+D50+D55+D60 -> 17 | E69: =E5+E10+E15+E20+E25+E30+E35+E40+E45+E50+E55+E60 -> 21 | F69: =F5+F10+F15+F20+F25+F30+F35+F40+F45+F50+F55+F60 -> 13 | G69: =G5+G10+G15+G20+G25+G30+G35+G40+G45+G50+G55+G60 -> 18 | H69: =H5+H10+H15+H20+H25+H30+H35+H40+H45+H50+H55+H60 -> 0 | I69: =I5+I10+I15+I20+I25+I30+I35+I40+I45+I50+I55+I60 -> 0 | J69: =J5+J10+J15+J20+J25+J30+J35+J40+J45+J50+J55+J60 -> 10 | K69: =K5+K10+K15+K20+K25+K30+K35+K40+K45+K50+K55+K60 -> 2 | ... P69: =P5+P10+P15+P20+P25+P30+P35+P40+P45+P50+P55+P60 -> 15 | Q69: =SUM(D69:P69) -> 127 | S69: مراكز شرق جدة | T69: سعودي | U69: ذكر | V69: =V5+V10+V15+V20+V25+V30+V35+V40+V45+V50+V55+V60 -> 17 | W69: =W5+W10+W15+W20+W25+W30+W35+W40+W45+W50+W55+W60 -> 21 | X69: =X5+X10+X15+X20+X25+X30+X35+X40+X45+X50+X55+X60 -> 13 | Y69: =Y5+Y10+Y15+Y20+Y25+Y30+Y35+Y40+Y45+Y50+Y55+Y60 -> 18 | Z69: =Z5+Z10+Z15+Z20+Z25+Z30+Z35+Z40+Z45+Z50+Z55+Z60 -> 0 | AA69: =AA5+AA10+AA15+AA20+AA25+AA30+AA35+AA40+AA45+AA50+AA55+AA60 -> 0 | AB69: =AB5+AB10+AB15+AB20+AB25+AB30+AB35+AB40+AB45+AB50+AB55+AB60 -> 10 | AC69: =AC5+AC10+AC15+AC20+AC25+AC30+AC35+AC40+AC45+AC50+AC55+AC60 -> 2 | ... AH69: =AH5+AH10+AH15+AH20+AH25+AH30+AH35+AH40+AH45+AH50+AH55+AH60 -> 15 | AI69: =SUM(V69:AH69) -> 127 | AK69: مراكز شرق جدة | AL69: سعودي | AM69: ذكر | AN69: =AN5+AN10+AN15+AN20+AN25+AN30+AN35+AN40+AN45+AN50+AN55+AN60 -> 17 | AO69: =AO5+AO10+AO15+AO20+AO25+AO30+AO35+AO40+AO45+AO50+AO55+AO60 -> 21 | AP69: =AP5+AP10+AP15+AP20+AP25+AP30+AP35+AP40+AP45+AP50+AP55+AP60 -> 13 | AQ69: =AQ5+AQ10+AQ15+AQ20+AQ25+AQ30+AQ35+AQ40+AQ45+AQ50+AQ55+AQ60 -> 18 | AR69: =AR5+AR10+AR15+AR20+AR25+AR30+AR35+AR40+AR45+AR50+AR55+AR60 -> 0 | AS69: =AS5+AS10+AS15+AS20+AS25+AS30+AS35+AS40+AS45+AS50+AS55+AS60 -> 0 | AT69: =AT5+AT10+AT15+AT20+AT25+AT30+AT35+AT40+AT45+AT50+AT55+AT60 -> 10 | AU69: =AU5+AU10+AU15+AU20+AU25+AU30+AU35+AU40+AU45+AU50+AU55+AU60 -> 2 | ... AZ69: =AZ5+AZ10+AZ15+AZ20+AZ25+AZ30+AZ35+AZ40+AZ45+AZ50+AZ55+AZ60 -> 15 | BA69: =SUM(AN69:AZ69) -> 127 | BC69: مراكز شرق جدة | BD69: سعودي | BE69: ذكر | BF69: =BF5+BF10+BF15+BF20+BF25+BF30+BF35+BF40+BF45+BF50+BF55+BF60 -> 17 | BG69: =BG5+BG10+BG15+BG20+BG25+BG30+BG35+BG40+BG45+BG50+BG55+BG60 -> 21 | BH69: =BH5+BH10+BH15+BH20+BH25+BH30+BH35+BH40+BH45+BH50+BH55+BH60 -> 13 | BI69: =BI5+BI10+BI15+BI20+BI25+BI30+BI35+BI40+BI45+BI50+BI55+BI60 -> 18 | BJ69: =BJ5+BJ10+BJ15+BJ20+BJ25+BJ30+BJ35+BJ40+BJ45+BJ50+BJ55+BJ60 -> 0 | BK69: =BK5+BK10+BK15+BK20+BK25+BK30+BK35+BK40+BK45+BK50+BK55+BK60 -> 0 | BL69: =BL5+BL10+BL15+BL20+BL25+BL30+BL35+BL40+BL45+BL50+BL55+BL60 -> 10 | BM69: =BM5+BM10+BM15+BM20+BM25+BM30+BM35+BM40+BM45+BM50+BM55+BM60 -> 2 | ... BR69: =BR5+BR10+BR15+BR20+BR25+BR30+BR35+BR40+BR45+BR50+BR55+BR60 -> 15 | BS69: =SUM(BF69:BR69) -> 127 | BU69: مراكز شرق جدة | BV69: سعودي | BW69: ذكر | BX69: =BX5+BX10+BX15+BX20+BX25+BX30+BX35+BX40+BX45+BX50+BX55+BX60 -> 17 | BY69: =BY5+BY10+BY15+BY20+BY25+BY30+BY35+BY40+BY45+BY50+BY55+BY60 -> 21 | BZ69: =BZ5+BZ10+BZ15+BZ20+BZ25+BZ30+BZ35+BZ40+BZ45+BZ50+BZ55+BZ60 -> 13 | CA69: =CA5+CA10+CA15+CA20+CA25+CA30+CA35+CA40+CA45+CA50+CA55+CA60 -> 18 | CB69: =CB5+CB10+CB15+CB20+CB25+CB30+CB35+CB40+CB45+CB50+CB55+CB60 -> 0 | CC69: =CC5+CC10+CC15+CC20+CC25+CC30+CC35+CC40+CC45+CC50+CC55+CC60 -> 0 | CD69: =CD5+CD10+CD15+CD20+CD25+CD30+CD35+CD40+CD45+CD50+CD55+CD60 -> 10 | CE69: =CE5+CE10+CE15+CE20+CE25+CE30+CE35+CE40+CE45+CE50+CE55+CE60 -> 2 | ... CJ69: =CJ5+CJ10+CJ15+CJ20+CJ25+CJ30+CJ35+CJ40+CJ45+CJ50+CJ55+CJ60 -> 15 | CK69: =SUM(BX69:CJ69) -> 127 | CM69: مراكز شرق جدة | CN69: سعودي | CO69: ذكر | CP69: =CP5+CP10+CP15+CP20+CP25+CP30+CP35+CP40+CP45+CP50+CP55+CP60 -> 17 | CQ69: =CQ5+CQ10+CQ15+CQ20+CQ25+CQ30+CQ35+CQ40+CQ45+CQ50+CQ55+CQ60 -> 21 | CR69: =CR5+CR10+CR15+CR20+CR25+CR30+CR35+CR40+CR45+CR50+CR55+CR60 -> 13 | CS69: =CS5+CS10+CS15+CS20+CS25+CS30+CS35+CS40+CS45+CS50+CS55+CS60 -> 18 | CT69: =CT5+CT10+CT15+CT20+CT25+CT30+CT35+CT40+CT45+CT50+CT55+CT60 -> 0 | CU69: =CU5+CU10+CU15+CU20+CU25+CU30+CU35+CU40+CU45+CU50+CU55+CU60 -> 0 | CV69: =CV5+CV10+CV15+CV20+CV25+CV30+CV35+CV40+CV45+CV50+CV55+CV60 -> 10 | CW69: =CW5+CW10+CW15+CW20+CW25+CW30+CW35+CW40+CW45+CW50+CW55+CW60 -> 2 | ... DB69: =DB5+DB10+DB15+DB20+DB25+DB30+DB35+DB40+DB45+DB50+DB55+DB60 -> 15 | DC69: =SUM(CP69:DB69) -> 127 | DE69: مراكز شرق جدة | DF69: سعودي | DG69: ذكر | DH69: =DH5+DH10+DH15+DH20+DH25+DH30+DH35+DH40+DH45+DH50+DH55+DH60 -> 17 | DI69: =DI5+DI10+DI15+DI20+DI25+DI30+DI35+DI40+DI45+DI50+DI55+DI60 -> 21 | DJ69: =DJ5+DJ10+DJ15+DJ20+DJ25+DJ30+DJ35+DJ40+DJ45+DJ50+DJ55+DJ60 -> 13 | DK69: =DK5+DK10+DK15+DK20+DK25+DK30+DK35+DK40+DK45+DK50+DK55+DK60 -> 18 | DL69: =DL5+DL10+DL15+DL20+DL25+DL30+DL35+DL40+DL45+DL50+DL55+DL60 -> 0 | DM69: =DM5+DM10+DM15+DM20+DM25+DM30+DM35+DM40+DM45+DM50+DM55+DM60 -> 0 | DN69: =DN5+DN10+DN15+DN20+DN25+DN30+DN35+DN40+DN45+DN50+DN55+DN60 -> 10 | DO69: =DO5+DO10+DO15+DO20+DO25+DO30+DO35+DO40+DO45+DO50+DO55+DO60 -> 2 | ... DT69: =DT5+DT10+DT15+DT20+DT25+DT30+DT35+DT40+DT45+DT50+DT55+DT60 -> 15 | DU69: =SUM(DH69:DT69) -> 127 | DW69: مراكز شرق جدة | DX69: سعودي | DY69: ذكر | DZ69: =DZ5+DZ10+DZ15+DZ20+DZ25+DZ30+DZ35+DZ40+DZ45+DZ50+DZ55+DZ60 -> 17 | EA69: =EA5+EA10+EA15+EA20+EA25+EA30+EA35+EA40+EA45+EA50+EA55+EA60 -> 21 | EB69: =EB5+EB10+EB15+EB20+EB25+EB30+EB35+EB40+EB45+EB50+EB55+EB60 -> 13 | EC69: =EC5+EC10+EC15+EC20+EC25+EC30+EC35+EC40+EC45+EC50+EC55+EC60 -> 18 | ED69: =ED5+ED10+ED15+ED20+ED25+ED30+ED35+ED40+ED45+ED50+ED55+ED60 -> 0 | EE69: =EE5+EE10+EE15+EE20+EE25+EE30+EE35+EE40+EE45+EE50+EE55+EE60 -> 0 | EF69: =EF5+EF10+EF15+EF20+EF25+EF30+EF35+EF40+EF45+EF50+EF55+EF60 -> 10 | EG69: =EG5+EG10+EG15+EG20+EG25+EG30+EG35+EG40+EG45+EG50+EG55+EG60 -> 2 | ... EL69: =EL5+EL10+EL15+EL20+EL25+EL30+EL35+EL40+EL45+EL50+EL55+EL60 -> 15 | EM69: =SUM(DZ69:EL69) -> 127 | EO69: مراكز شرق جدة | EP69: سعودي | EQ69: ذكر | ER69: =ER5+ER10+ER15+ER20+ER25+ER30+ER35+ER40+ER45+ER50+ER55+ER60 -> 17 | ES69: =ES5+ES10+ES15+ES20+ES25+ES30+ES35+ES40+ES45+ES50+ES55+ES60 -> 21 | ET69: =ET5+ET10+ET15+ET20+ET25+ET30+ET35+ET40+ET45+ET50+ET55+ET60 -> 13 | EU69: =EU5+EU10+EU15+EU20+EU25+EU30+EU35+EU40+EU45+EU50+EU55+EU60 -> 18 | EV69: =EV5+EV10+EV15+EV20+EV25+EV30+EV35+EV40+EV45+EV50+EV55+EV60 -> 0 | EW69: =EW5+EW10+EW15+EW20+EW25+EW30+EW35+EW40+EW45+EW50+EW55+EW60 -> 0 | EX69: =EX5+EX10+EX15+EX20+EX25+EX30+EX35+EX40+EX45+EX50+EX55+EX60 -> 10 | EY69: =EY5+EY10+EY15+EY20+EY25+EY30+EY35+EY40+EY45+EY50+EY55+EY60 -> 2 | ... FD69: =FD5+FD10+FD15+FD20+FD25+FD30+FD35+FD40+FD45+FD50+FD55+FD60 -> 15 | FE69: =SUM(ER69:FD69) -> 127 | FG69: مراكز شرق جدة | FH69: سعودي | FI69: ذكر | FJ69: =FJ5+FJ10+FJ15+FJ20+FJ25+FJ30+FJ35+FJ40+FJ45+FJ50+FJ55+FJ60 -> 14 | FK69: =FK5+FK10+FK15+FK20+FK25+FK30+FK35+FK40+FK45+FK50+FK55+FK60 -> 22 | FL69: =FL5+FL10+FL15+FL20+FL25+FL30+FL35+FL40+FL45+FL50+FL55+FL60 -> 11 | FM69: =FM5+FM10+FM15+FM20+FM25+FM30+FM35+FM40+FM45+FM50+FM55+FM60 -> 19 | FN69: =FN5+FN10+FN15+FN20+FN25+FN30+FN35+FN40+FN45+FN50+FN55+FN60 -> 0 | FO69: =FO5+FO10+FO15+FO20+FO25+FO30+FO35+FO40+FO45+FO50+FO55+FO60 -> 0 | FP69: =FP5+FP10+FP15+FP20+FP25+FP30+FP35+FP40+FP45+FP50+FP55+FP60 -> 10 | FQ69: =FQ5+FQ10+FQ15+FQ20+FQ25+FQ30+FQ35+FQ40+FQ45+FQ50+FQ55+FQ60 -> 2 | ... FV69: =FV5+FV10+FV15+FV20+FV25+FV30+FV35+FV40+FV45+FV50+FV55+FV60 -> 15 | FW69: =SUM(FJ69:FV69) -> 125 | FY69: مراكز شرق جدة | FZ69: سعودي | GA69: ذكر | GB69: =GB5+GB10+GB15+GB20+GB25+GB30+GB35+GB40+GB45+GB50+GB55+GB60 -> 0 | GC69: =GC5+GC10+GC15+GC20+GC25+GC30+GC35+GC40+GC45+GC50+GC55+GC60 -> 0 | GD69: =GD5+GD10+GD15+GD20+GD25+GD30+GD35+GD40+GD45+GD50+GD55+GD60 -> 0 | GE69: =GE5+GE10+GE15+GE20+GE25+GE30+GE35+GE40+GE45+GE50+GE55+GE60 -> 0 | GF69: =GF5+GF10+GF15+GF20+GF25+GF30+GF35+GF40+GF45+GF50+GF55+GF60 -> 0 | GG69: =GG5+GG10+GG15+GG20+GG25+GG30+GG35+GG40+GG45+GG50+GG55+GG60 -> 0 | GH69: =GH5+GH10+GH15+GH20+GH25+GH30+GH35+GH40+GH45+GH50+GH55+GH60 -> 0 | GI69: =GI5+GI10+GI15+GI20+GI25+GI30+GI35+GI40+GI45+GI50+GI55+GI60 -> 0 | ... GN69: =GN5+GN10+GN15+GN20+GN25+GN30+GN35+GN40+GN45+GN50+GN55+GN60 -> 0 | GO69: =SUM(GB69:GN69) -> 0 | GQ69: مراكز شرق جدة | GR69: سعودي | GS69: ذكر | GT69: =GT5+GT10+GT15+GT20+GT25+GT30+GT35+GT40+GT45+GT50+GT55+GT60 -> 0 | GU69: =GU5+GU10+GU15+GU20+GU25+GU30+GU35+GU40+GU45+GU50+GU55+GU60 -> 0 | GV69: =GV5+GV10+GV15+GV20+GV25+GV30+GV35+GV40+GV45+GV50+GV55+GV60 -> 0 | GW69: =GW5+GW10+GW15+GW20+GW25+GW30+GW35+GW40+GW45+GW50+GW55+GW60 -> 0 | GX69: =GX5+GX10+GX15+GX20+GX25+GX30+GX35+GX40+GX45+GX50+GX55+GX60 -> 0 | GY69: =GY5+GY10+GY15+GY20+GY25+GY30+GY35+GY40+GY45+GY50+GY55+GY60 -> 0 | GZ69: =GZ5+GZ10+GZ15+GZ20+GZ25+GZ30+GZ35+GZ40+GZ45+GZ50+GZ55+GZ60 -> 0 | HA69: =HA5+HA10+HA15+HA20+HA25+HA30+HA35+HA40+HA45+HA50+HA55+HA60 -> 0 | ... HF69: =HF5+HF10+HF15+HF20+HF25+HF30+HF35+HF40+HF45+HF50+HF55+HF60 -> 0 | HG69: =SUM(GT69:HF69) -> 0 | HI69: مراكز شرق جدة | HJ69: سعودي | HK69: ذكر | HL69: =HL5+HL10+HL15+HL20+HL25+HL30+HL35+HL40+HL45+HL50+HL55+HL60 -> 0 | HM69: =HM5+HM10+HM15+HM20+HM25+HM30+HM35+HM40+HM45+HM50+HM55+HM60 -> 0 | HN69: =HN5+HN10+HN15+HN20+HN25+HN30+HN35+HN40+HN45+HN50+HN55+HN60 -> 0 | HO69: =HO5+HO10+HO15+HO20+HO25+HO30+HO35+HO40+HO45+HO50+HO55+HO60 -> 0 | HP69: =HP5+HP10+HP15+HP20+HP25+HP30+HP35+HP40+HP45+HP50+HP55+HP60 -> 0 | HQ69: =HQ5+HQ10+HQ15+HQ20+HQ25+HQ30+HQ35+HQ40+HQ45+HQ50+HQ55+HQ60 -> 0 | HR69: =HR5+HR10+HR15+HR20+HR25+HR30+HR35+HR40+HR45+HR50+HR55+HR60 -> 0 | HS69: =HS5+HS10+HS15+HS20+HS25+HS30+HS35+HS40+HS45+HS50+HS55+HS60 -> 0 | ... HX69: =HX5+HX10+HX15+HX20+HX25+HX30+HX35+HX40+HX45+HX50+HX55+HX60 -> 0 | HY69: =SUM(HL69:HX69) -> 0
C70: أنثى | D70: =D6+D11+D16+D21+D26+D31+D36+D41+D46+D51+D56+D61 -> 18 | E70: =E6+E11+E16+E21+E26+E31+E36+E41+E46+E51+E56+E61 -> 23 | F70: =F6+F11+F16+F21+F26+F31+F36+F41+F46+F51+F56+F61 -> 12 | G70: =G6+G11+G16+G21+G26+G31+G36+G41+G46+G51+G56+G61 -> 130 | H70: =H6+H11+H16+H21+H26+H31+H36+H41+H46+H51+H56+H61 -> 2 | I70: =I6+I11+I16+I21+I26+I31+I36+I41+I46+I51+I56+I61 -> 0 | J70: =J6+J11+J16+J21+J26+J31+J36+J41+J46+J51+J56+J61 -> 3 | K70: =K6+K11+K16+K21+K26+K31+K36+K41+K46+K51+K56+K61 -> 1 | ... P70: =P6+P11+P16+P21+P26+P31+P36+P41+P46+P51+P56+P61 -> 39 | Q70: =SUM(D70:P70) -> 259 | U70: أنثى | V70: =V6+V11+V16+V21+V26+V31+V36+V41+V46+V51+V56+V61 -> 18 | W70: =W6+W11+W16+W21+W26+W31+W36+W41+W46+W51+W56+W61 -> 23 | X70: =X6+X11+X16+X21+X26+X31+X36+X41+X46+X51+X56+X61 -> 12 | Y70: =Y6+Y11+Y16+Y21+Y26+Y31+Y36+Y41+Y46+Y51+Y56+Y61 -> 130 | Z70: =Z6+Z11+Z16+Z21+Z26+Z31+Z36+Z41+Z46+Z51+Z56+Z61 -> 2 | AA70: =AA6+AA11+AA16+AA21+AA26+AA31+AA36+AA41+AA46+AA51+AA56+AA61 -> 0 | AB70: =AB6+AB11+AB16+AB21+AB26+AB31+AB36+AB41+AB46+AB51+AB56+AB61 -> 3 | AC70: =AC6+AC11+AC16+AC21+AC26+AC31+AC36+AC41+AC46+AC51+AC56+AC61 -> 1 | ... AH70: =AH6+AH11+AH16+AH21+AH26+AH31+AH36+AH41+AH46+AH51+AH56+AH61 -> 39 | AI70: =SUM(V70:AH70) -> 259 | AM70: أنثى | AN70: =AN6+AN11+AN16+AN21+AN26+AN31+AN36+AN41+AN46+AN51+AN56+AN61 -> 18 | AO70: =AO6+AO11+AO16+AO21+AO26+AO31+AO36+AO41+AO46+AO51+AO56+AO61 -> 23 | AP70: =AP6+AP11+AP16+AP21+AP26+AP31+AP36+AP41+AP46+AP51+AP56+AP61 -> 12 | AQ70: =AQ6+AQ11+AQ16+AQ21+AQ26+AQ31+AQ36+AQ41+AQ46+AQ51+AQ56+AQ61 -> 130 | AR70: =AR6+AR11+AR16+AR21+AR26+AR31+AR36+AR41+AR46+AR51+AR56+AR61 -> 2 | AS70: =AS6+AS11+AS16+AS21+AS26+AS31+AS36+AS41+AS46+AS51+AS56+AS61 -> 0 | AT70: =AT6+AT11+AT16+AT21+AT26+AT31+AT36+AT41+AT46+AT51+AT56+AT61 -> 3 | AU70: =AU6+AU11+AU16+AU21+AU26+AU31+AU36+AU41+AU46+AU51+AU56+AU61 -> 1 | ... AZ70: =AZ6+AZ11+AZ16+AZ21+AZ26+AZ31+AZ36+AZ41+AZ46+AZ51+AZ56+AZ61 -> 39 | BA70: =SUM(AN70:AZ70) -> 259 | BE70: أنثى | BF70: =BF6+BF11+BF16+BF21+BF26+BF31+BF36+BF41+BF46+BF51+BF56+BF61 -> 18 | BG70: =BG6+BG11+BG16+BG21+BG26+BG31+BG36+BG41+BG46+BG51+BG56+BG61 -> 23 | BH70: =BH6+BH11+BH16+BH21+BH26+BH31+BH36+BH41+BH46+BH51+BH56+BH61 -> 12 | BI70: =BI6+BI11+BI16+BI21+BI26+BI31+BI36+BI41+BI46+BI51+BI56+BI61 -> 130 | BJ70: =BJ6+BJ11+BJ16+BJ21+BJ26+BJ31+BJ36+BJ41+BJ46+BJ51+BJ56+BJ61 -> 2 | BK70: =BK6+BK11+BK16+BK21+BK26+BK31+BK36+BK41+BK46+BK51+BK56+BK61 -> 0 | BL70: =BL6+BL11+BL16+BL21+BL26+BL31+BL36+BL41+BL46+BL51+BL56+BL61 -> 3 | BM70: =BM6+BM11+BM16+BM21+BM26+BM31+BM36+BM41+BM46+BM51+BM56+BM61 -> 1 | ... BR70: =BR6+BR11+BR16+BR21+BR26+BR31+BR36+BR41+BR46+BR51+BR56+BR61 -> 39 | BS70: =SUM(BF70:BR70) -> 259 | BW70: أنثى | BX70: =BX6+BX11+BX16+BX21+BX26+BX31+BX36+BX41+BX46+BX51+BX56+BX61 -> 18 | BY70: =BY6+BY11+BY16+BY21+BY26+BY31+BY36+BY41+BY46+BY51+BY56+BY61 -> 23 | BZ70: =BZ6+BZ11+BZ16+BZ21+BZ26+BZ31+BZ36+BZ41+BZ46+BZ51+BZ56+BZ61 -> 12 | CA70: =CA6+CA11+CA16+CA21+CA26+CA31+CA36+CA41+CA46+CA51+CA56+CA61 -> 130 | CB70: =CB6+CB11+CB16+CB21+CB26+CB31+CB36+CB41+CB46+CB51+CB56+CB61 -> 2 | CC70: =CC6+CC11+CC16+CC21+CC26+CC31+CC36+CC41+CC46+CC51+CC56+CC61 -> 0 | CD70: =CD6+CD11+CD16+CD21+CD26+CD31+CD36+CD41+CD46+CD51+CD56+CD61 -> 3 | CE70: =CE6+CE11+CE16+CE21+CE26+CE31+CE36+CE41+CE46+CE51+CE56+CE61 -> 1 | ... CJ70: =CJ6+CJ11+CJ16+CJ21+CJ26+CJ31+CJ36+CJ41+CJ46+CJ51+CJ56+CJ61 -> 39 | CK70: =SUM(BX70:CJ70) -> 259 | CO70: أنثى | CP70: =CP6+CP11+CP16+CP21+CP26+CP31+CP36+CP41+CP46+CP51+CP56+CP61 -> 18 | CQ70: =CQ6+CQ11+CQ16+CQ21+CQ26+CQ31+CQ36+CQ41+CQ46+CQ51+CQ56+CQ61 -> 23 | CR70: =CR6+CR11+CR16+CR21+CR26+CR31+CR36+CR41+CR46+CR51+CR56+CR61 -> 12 | CS70: =CS6+CS11+CS16+CS21+CS26+CS31+CS36+CS41+CS46+CS51+CS56+CS61 -> 130 | CT70: =CT6+CT11+CT16+CT21+CT26+CT31+CT36+CT41+CT46+CT51+CT56+CT61 -> 2 | CU70: =CU6+CU11+CU16+CU21+CU26+CU31+CU36+CU41+CU46+CU51+CU56+CU61 -> 0 | CV70: =CV6+CV11+CV16+CV21+CV26+CV31+CV36+CV41+CV46+CV51+CV56+CV61 -> 3 | CW70: =CW6+CW11+CW16+CW21+CW26+CW31+CW36+CW41+CW46+CW51+CW56+CW61 -> 1 | ... DB70: =DB6+DB11+DB16+DB21+DB26+DB31+DB36+DB41+DB46+DB51+DB56+DB61 -> 39 | DC70: =SUM(CP70:DB70) -> 259 | DG70: أنثى | DH70: =DH6+DH11+DH16+DH21+DH26+DH31+DH36+DH41+DH46+DH51+DH56+DH61 -> 18 | DI70: =DI6+DI11+DI16+DI21+DI26+DI31+DI36+DI41+DI46+DI51+DI56+DI61 -> 23 | DJ70: =DJ6+DJ11+DJ16+DJ21+DJ26+DJ31+DJ36+DJ41+DJ46+DJ51+DJ56+DJ61 -> 12 | DK70: =DK6+DK11+DK16+DK21+DK26+DK31+DK36+DK41+DK46+DK51+DK56+DK61 -> 130 | DL70: =DL6+DL11+DL16+DL21+DL26+DL31+DL36+DL41+DL46+DL51+DL56+DL61 -> 2 | DM70: =DM6+DM11+DM16+DM21+DM26+DM31+DM36+DM41+DM46+DM51+DM56+DM61 -> 0 | DN70: =DN6+DN11+DN16+DN21+DN26+DN31+DN36+DN41+DN46+DN51+DN56+DN61 -> 3 | DO70: =DO6+DO11+DO16+DO21+DO26+DO31+DO36+DO41+DO46+DO51+DO56+DO61 -> 1 | ... DT70: =DT6+DT11+DT16+DT21+DT26+DT31+DT36+DT41+DT46+DT51+DT56+DT61 -> 39 | DU70: =SUM(DH70:DT70) -> 259 | DY70: أنثى | DZ70: =DZ6+DZ11+DZ16+DZ21+DZ26+DZ31+DZ36+DZ41+DZ46+DZ51+DZ56+DZ61 -> 18 | EA70: =EA6+EA11+EA16+EA21+EA26+EA31+EA36+EA41+EA46+EA51+EA56+EA61 -> 23 | EB70: =EB6+EB11+EB16+EB21+EB26+EB31+EB36+EB41+EB46+EB51+EB56+EB61 -> 12 | EC70: =EC6+EC11+EC16+EC21+EC26+EC31+EC36+EC41+EC46+EC51+EC56+EC61 -> 130 | ED70: =ED6+ED11+ED16+ED21+ED26+ED31+ED36+ED41+ED46+ED51+ED56+ED61 -> 2 | EE70: =EE6+EE11+EE16+EE21+EE26+EE31+EE36+EE41+EE46+EE51+EE56+EE61 -> 0 | EF70: =EF6+EF11+EF16+EF21+EF26+EF31+EF36+EF41+EF46+EF51+EF56+EF61 -> 3 | EG70: =EG6+EG11+EG16+EG21+EG26+EG31+EG36+EG41+EG46+EG51+EG56+EG61 -> 1 | ... EL70: =EL6+EL11+EL16+EL21+EL26+EL31+EL36+EL41+EL46+EL51+EL56+EL61 -> 39 | EM70: =SUM(DZ70:EL70) -> 259 | EQ70: أنثى | ER70: =ER6+ER11+ER16+ER21+ER26+ER31+ER36+ER41+ER46+ER51+ER56+ER61 -> 18 | ES70: =ES6+ES11+ES16+ES21+ES26+ES31+ES36+ES41+ES46+ES51+ES56+ES61 -> 23 | ET70: =ET6+ET11+ET16+ET21+ET26+ET31+ET36+ET41+ET46+ET51+ET56+ET61 -> 12 | EU70: =EU6+EU11+EU16+EU21+EU26+EU31+EU36+EU41+EU46+EU51+EU56+EU61 -> 130 | EV70: =EV6+EV11+EV16+EV21+EV26+EV31+EV36+EV41+EV46+EV51+EV56+EV61 -> 2 | EW70: =EW6+EW11+EW16+EW21+EW26+EW31+EW36+EW41+EW46+EW51+EW56+EW61 -> 0 | EX70: =EX6+EX11+EX16+EX21+EX26+EX31+EX36+EX41+EX46+EX51+EX56+EX61 -> 3 | EY70: =EY6+EY11+EY16+EY21+EY26+EY31+EY36+EY41+EY46+EY51+EY56+EY61 -> 1 | ... FD70: =FD6+FD11+FD16+FD21+FD26+FD31+FD36+FD41+FD46+FD51+FD56+FD61 -> 39 | FE70: =SUM(ER70:FD70) -> 259 | FI70: أنثى | FJ70: =FJ6+FJ11+FJ16+FJ21+FJ26+FJ31+FJ36+FJ41+FJ46+FJ51+FJ56+FJ61 -> 17 | FK70: =FK6+FK11+FK16+FK21+FK26+FK31+FK36+FK41+FK46+FK51+FK56+FK61 -> 24 | FL70: =FL6+FL11+FL16+FL21+FL26+FL31+FL36+FL41+FL46+FL51+FL56+FL61 -> 13 | FM70: =FM6+FM11+FM16+FM21+FM26+FM31+FM36+FM41+FM46+FM51+FM56+FM61 -> 128 | FN70: =FN6+FN11+FN16+FN21+FN26+FN31+FN36+FN41+FN46+FN51+FN56+FN61 -> 0 | FO70: =FO6+FO11+FO16+FO21+FO26+FO31+FO36+FO41+FO46+FO51+FO56+FO61 -> 0 | FP70: =FP6+FP11+FP16+FP21+FP26+FP31+FP36+FP41+FP46+FP51+FP56+FP61 -> 3 | FQ70: =FQ6+FQ11+FQ16+FQ21+FQ26+FQ31+FQ36+FQ41+FQ46+FQ51+FQ56+FQ61 -> 1 | ... FV70: =FV6+FV11+FV16+FV21+FV26+FV31+FV36+FV41+FV46+FV51+FV56+FV61 -> 33 | FW70: =SUM(FJ70:FV70) -> 249 | GA70: أنثى | GB70: =GB6+GB11+GB16+GB21+GB26+GB31+GB36+GB41+GB46+GB51+GB56+GB61 -> 0 | GC70: =GC6+GC11+GC16+GC21+GC26+GC31+GC36+GC41+GC46+GC51+GC56+GC61 -> 0 | GD70: =GD6+GD11+GD16+GD21+GD26+GD31+GD36+GD41+GD46+GD51+GD56+GD61 -> 0 | GE70: =GE6+GE11+GE16+GE21+GE26+GE31+GE36+GE41+GE46+GE51+GE56+GE61 -> 0 | GF70: =GF6+GF11+GF16+GF21+GF26+GF31+GF36+GF41+GF46+GF51+GF56+GF61 -> 0 | GG70: =GG6+GG11+GG16+GG21+GG26+GG31+GG36+GG41+GG46+GG51+GG56+GG61 -> 0 | GH70: =GH6+GH11+GH16+GH21+GH26+GH31+GH36+GH41+GH46+GH51+GH56+GH61 -> 0 | GI70: =GI6+GI11+GI16+GI21+GI26+GI31+GI36+GI41+GI46+GI51+GI56+GI61 -> 0 | ... GN70: =GN6+GN11+GN16+GN21+GN26+GN31+GN36+GN41+GN46+GN51+GN56+GN61 -> 0 | GO70: =SUM(GB70:GN70) -> 0 | GS70: أنثى | GT70: =GT6+GT11+GT16+GT21+GT26+GT31+GT36+GT41+GT46+GT51+GT56+GT61 -> 0 | GU70: =GU6+GU11+GU16+GU21+GU26+GU31+GU36+GU41+GU46+GU51+GU56+GU61 -> 0 | GV70: =GV6+GV11+GV16+GV21+GV26+GV31+GV36+GV41+GV46+GV51+GV56+GV61 -> 0 | GW70: =GW6+GW11+GW16+GW21+GW26+GW31+GW36+GW41+GW46+GW51+GW56+GW61 -> 0 | GX70: =GX6+GX11+GX16+GX21+GX26+GX31+GX36+GX41+GX46+GX51+GX56+GX61 -> 0 | GY70: =GY6+GY11+GY16+GY21+GY26+GY31+GY36+GY41+GY46+GY51+GY56+GY61 -> 0 | GZ70: =GZ6+GZ11+GZ16+GZ21+GZ26+GZ31+GZ36+GZ41+GZ46+GZ51+GZ56+GZ61 -> 0 | HA70: =HA6+HA11+HA16+HA21+HA26+HA31+HA36+HA41+HA46+HA51+HA56+HA61 -> 0 | ... HF70: =HF6+HF11+HF16+HF21+HF26+HF31+HF36+HF41+HF46+HF51+HF56+HF61 -> 0 | HG70: =SUM(GT70:HF70) -> 0 | HK70: أنثى | HL70: =HL6+HL11+HL16+HL21+HL26+HL31+HL36+HL41+HL46+HL51+HL56+HL61 -> 0 | HM70: =HM6+HM11+HM16+HM21+HM26+HM31+HM36+HM41+HM46+HM51+HM56+HM61 -> 0 | HN70: =HN6+HN11+HN16+HN21+HN26+HN31+HN36+HN41+HN46+HN51+HN56+HN61 -> 0 | HO70: =HO6+HO11+HO16+HO21+HO26+HO31+HO36+HO41+HO46+HO51+HO56+HO61 -> 0 | HP70: =HP6+HP11+HP16+HP21+HP26+HP31+HP36+HP41+HP46+HP51+HP56+HP61 -> 0 | HQ70: =HQ6+HQ11+HQ16+HQ21+HQ26+HQ31+HQ36+HQ41+HQ46+HQ51+HQ56+HQ61 -> 0 | HR70: =HR6+HR11+HR16+HR21+HR26+HR31+HR36+HR41+HR46+HR51+HR56+HR61 -> 0 | HS70: =HS6+HS11+HS16+HS21+HS26+HS31+HS36+HS41+HS46+HS51+HS56+HS61 -> 0 | ... HX70: =HX6+HX11+HX16+HX21+HX26+HX31+HX36+HX41+HX46+HX51+HX56+HX61 -> 0 | HY70: =SUM(HL70:HX70) -> 0
B71: غير | C71: ذكر | D71: =D7+D12+D17+D22+D27+D32+D37+D42+D47+D52+D57+D62 -> 0 | E71: =E7+E12+E17+E22+E27+E32+E37+E42+E47+E52+E57+E62 -> 0 | F71: =F7+F12+F17+F22+F27+F32+F37+F42+F47+F52+F57+F62 -> 0 | G71: =G7+G12+G17+G22+G27+G32+G37+G42+G47+G52+G57+G62 -> 0 | H71: =H7+H12+H17+H22+H27+H32+H37+H42+H47+H52+H57+H62 -> 0 | I71: =I7+I12+I17+I22+I27+I32+I37+I42+I47+I52+I57+I62 -> 0 | J71: =J7+J12+J17+J22+J27+J32+J37+J42+J47+J52+J57+J62 -> 0 | K71: =K7+K12+K17+K22+K27+K32+K37+K42+K47+K52+K57+K62 -> 0 | ... P71: =P7+P12+P17+P22+P27+P32+P37+P42+P47+P52+P57+P62 -> 0 | Q71: =SUM(D71:P71) -> 0 | T71: غير | U71: ذكر | V71: =V7+V12+V17+V22+V27+V32+V37+V42+V47+V52+V57+V62 -> 0 | W71: =W7+W12+W17+W22+W27+W32+W37+W42+W47+W52+W57+W62 -> 0 | X71: =X7+X12+X17+X22+X27+X32+X37+X42+X47+X52+X57+X62 -> 0 | Y71: =Y7+Y12+Y17+Y22+Y27+Y32+Y37+Y42+Y47+Y52+Y57+Y62 -> 0 | Z71: =Z7+Z12+Z17+Z22+Z27+Z32+Z37+Z42+Z47+Z52+Z57+Z62 -> 0 | AA71: =AA7+AA12+AA17+AA22+AA27+AA32+AA37+AA42+AA47+AA52+AA57+AA62 -> 0 | AB71: =AB7+AB12+AB17+AB22+AB27+AB32+AB37+AB42+AB47+AB52+AB57+AB62 -> 0 | AC71: =AC7+AC12+AC17+AC22+AC27+AC32+AC37+AC42+AC47+AC52+AC57+AC62 -> 0 | ... AH71: =AH7+AH12+AH17+AH22+AH27+AH32+AH37+AH42+AH47+AH52+AH57+AH62 -> 0 | AI71: =SUM(V71:AH71) -> 0 | AL71: غير | AM71: ذكر | AN71: =AN7+AN12+AN17+AN22+AN27+AN32+AN37+AN42+AN47+AN52+AN57+AN62 -> 0 | AO71: =AO7+AO12+AO17+AO22+AO27+AO32+AO37+AO42+AO47+AO52+AO57+AO62 -> 0 | AP71: =AP7+AP12+AP17+AP22+AP27+AP32+AP37+AP42+AP47+AP52+AP57+AP62 -> 0 | AQ71: =AQ7+AQ12+AQ17+AQ22+AQ27+AQ32+AQ37+AQ42+AQ47+AQ52+AQ57+AQ62 -> 0 | AR71: =AR7+AR12+AR17+AR22+AR27+AR32+AR37+AR42+AR47+AR52+AR57+AR62 -> 0 | AS71: =AS7+AS12+AS17+AS22+AS27+AS32+AS37+AS42+AS47+AS52+AS57+AS62 -> 0 | AT71: =AT7+AT12+AT17+AT22+AT27+AT32+AT37+AT42+AT47+AT52+AT57+AT62 -> 0 | AU71: =AU7+AU12+AU17+AU22+AU27+AU32+AU37+AU42+AU47+AU52+AU57+AU62 -> 0 | ... AZ71: =AZ7+AZ12+AZ17+AZ22+AZ27+AZ32+AZ37+AZ42+AZ47+AZ52+AZ57+AZ62 -> 0 | BA71: =SUM(AN71:AZ71) -> 0 | BD71: غير | BE71: ذكر | BF71: =BF7+BF12+BF17+BF22+BF27+BF32+BF37+BF42+BF47+BF52+BF57+BF62 -> 0 | BG71: =BG7+BG12+BG17+BG22+BG27+BG32+BG37+BG42+BG47+BG52+BG57+BG62 -> 0 | BH71: =BH7+BH12+BH17+BH22+BH27+BH32+BH37+BH42+BH47+BH52+BH57+BH62 -> 0 | BI71: =BI7+BI12+BI17+BI22+BI27+BI32+BI37+BI42+BI47+BI52+BI57+BI62 -> 0 | BJ71: =BJ7+BJ12+BJ17+BJ22+BJ27+BJ32+BJ37+BJ42+BJ47+BJ52+BJ57+BJ62 -> 0 | BK71: =BK7+BK12+BK17+BK22+BK27+BK32+BK37+BK42+BK47+BK52+BK57+BK62 -> 0 | BL71: =BL7+BL12+BL17+BL22+BL27+BL32+BL37+BL42+BL47+BL52+BL57+BL62 -> 0 | BM71: =BM7+BM12+BM17+BM22+BM27+BM32+BM37+BM42+BM47+BM52+BM57+BM62 -> 0 | ... BR71: =BR7+BR12+BR17+BR22+BR27+BR32+BR37+BR42+BR47+BR52+BR57+BR62 -> 0 | BS71: =SUM(BF71:BR71) -> 0 | BV71: غير | BW71: ذكر | BX71: =BX7+BX12+BX17+BX22+BX27+BX32+BX37+BX42+BX47+BX52+BX57+BX62 -> 0 | BY71: =BY7+BY12+BY17+BY22+BY27+BY32+BY37+BY42+BY47+BY52+BY57+BY62 -> 0 | BZ71: =BZ7+BZ12+BZ17+BZ22+BZ27+BZ32+BZ37+BZ42+BZ47+BZ52+BZ57+BZ62 -> 0 | CA71: =CA7+CA12+CA17+CA22+CA27+CA32+CA37+CA42+CA47+CA52+CA57+CA62 -> 0 | CB71: =CB7+CB12+CB17+CB22+CB27+CB32+CB37+CB42+CB47+CB52+CB57+CB62 -> 0 | CC71: =CC7+CC12+CC17+CC22+CC27+CC32+CC37+CC42+CC47+CC52+CC57+CC62 -> 0 | CD71: =CD7+CD12+CD17+CD22+CD27+CD32+CD37+CD42+CD47+CD52+CD57+CD62 -> 0 | CE71: =CE7+CE12+CE17+CE22+CE27+CE32+CE37+CE42+CE47+CE52+CE57+CE62 -> 0 | ... CJ71: =CJ7+CJ12+CJ17+CJ22+CJ27+CJ32+CJ37+CJ42+CJ47+CJ52+CJ57+CJ62 -> 0 | CK71: =SUM(BX71:CJ71) -> 0 | CN71: غير | CO71: ذكر | CP71: =CP7+CP12+CP17+CP22+CP27+CP32+CP37+CP42+CP47+CP52+CP57+CP62 -> 0 | CQ71: =CQ7+CQ12+CQ17+CQ22+CQ27+CQ32+CQ37+CQ42+CQ47+CQ52+CQ57+CQ62 -> 0 | CR71: =CR7+CR12+CR17+CR22+CR27+CR32+CR37+CR42+CR47+CR52+CR57+CR62 -> 0 | CS71: =CS7+CS12+CS17+CS22+CS27+CS32+CS37+CS42+CS47+CS52+CS57+CS62 -> 0 | CT71: =CT7+CT12+CT17+CT22+CT27+CT32+CT37+CT42+CT47+CT52+CT57+CT62 -> 0 | CU71: =CU7+CU12+CU17+CU22+CU27+CU32+CU37+CU42+CU47+CU52+CU57+CU62 -> 0 | CV71: =CV7+CV12+CV17+CV22+CV27+CV32+CV37+CV42+CV47+CV52+CV57+CV62 -> 0 | CW71: =CW7+CW12+CW17+CW22+CW27+CW32+CW37+CW42+CW47+CW52+CW57+CW62 -> 0 | ... DB71: =DB7+DB12+DB17+DB22+DB27+DB32+DB37+DB42+DB47+DB52+DB57+DB62 -> 0 | DC71: =SUM(CP71:DB71) -> 0 | DF71: غير | DG71: ذكر | DH71: =DH7+DH12+DH17+DH22+DH27+DH32+DH37+DH42+DH47+DH52+DH57+DH62 -> 0 | DI71: =DI7+DI12+DI17+DI22+DI27+DI32+DI37+DI42+DI47+DI52+DI57+DI62 -> 0 | DJ71: =DJ7+DJ12+DJ17+DJ22+DJ27+DJ32+DJ37+DJ42+DJ47+DJ52+DJ57+DJ62 -> 0 | DK71: =DK7+DK12+DK17+DK22+DK27+DK32+DK37+DK42+DK47+DK52+DK57+DK62 -> 0 | DL71: =DL7+DL12+DL17+DL22+DL27+DL32+DL37+DL42+DL47+DL52+DL57+DL62 -> 0 | DM71: =DM7+DM12+DM17+DM22+DM27+DM32+DM37+DM42+DM47+DM52+DM57+DM62 -> 0 | DN71: =DN7+DN12+DN17+DN22+DN27+DN32+DN37+DN42+DN47+DN52+DN57+DN62 -> 0 | DO71: =DO7+DO12+DO17+DO22+DO27+DO32+DO37+DO42+DO47+DO52+DO57+DO62 -> 0 | ... DT71: =DT7+DT12+DT17+DT22+DT27+DT32+DT37+DT42+DT47+DT52+DT57+DT62 -> 0 | DU71: =SUM(DH71:DT71) -> 0 | DX71: غير | DY71: ذكر | DZ71: =DZ7+DZ12+DZ17+DZ22+DZ27+DZ32+DZ37+DZ42+DZ47+DZ52+DZ57+DZ62 -> 0 | EA71: =EA7+EA12+EA17+EA22+EA27+EA32+EA37+EA42+EA47+EA52+EA57+EA62 -> 0 | EB71: =EB7+EB12+EB17+EB22+EB27+EB32+EB37+EB42+EB47+EB52+EB57+EB62 -> 0 | EC71: =EC7+EC12+EC17+EC22+EC27+EC32+EC37+EC42+EC47+EC52+EC57+EC62 -> 0 | ED71: =ED7+ED12+ED17+ED22+ED27+ED32+ED37+ED42+ED47+ED52+ED57+ED62 -> 0 | EE71: =EE7+EE12+EE17+EE22+EE27+EE32+EE37+EE42+EE47+EE52+EE57+EE62 -> 0 | EF71: =EF7+EF12+EF17+EF22+EF27+EF32+EF37+EF42+EF47+EF52+EF57+EF62 -> 0 | EG71: =EG7+EG12+EG17+EG22+EG27+EG32+EG37+EG42+EG47+EG52+EG57+EG62 -> 0 | ... EL71: =EL7+EL12+EL17+EL22+EL27+EL32+EL37+EL42+EL47+EL52+EL57+EL62 -> 0 | EM71: =SUM(DZ71:EL71) -> 0 | EP71: غير | EQ71: ذكر | ER71: =ER7+ER12+ER17+ER22+ER27+ER32+ER37+ER42+ER47+ER52+ER57+ER62 -> 0 | ES71: =ES7+ES12+ES17+ES22+ES27+ES32+ES37+ES42+ES47+ES52+ES57+ES62 -> 0 | ET71: =ET7+ET12+ET17+ET22+ET27+ET32+ET37+ET42+ET47+ET52+ET57+ET62 -> 0 | EU71: =EU7+EU12+EU17+EU22+EU27+EU32+EU37+EU42+EU47+EU52+EU57+EU62 -> 0 | EV71: =EV7+EV12+EV17+EV22+EV27+EV32+EV37+EV42+EV47+EV52+EV57+EV62 -> 0 | EW71: =EW7+EW12+EW17+EW22+EW27+EW32+EW37+EW42+EW47+EW52+EW57+EW62 -> 0 | EX71: =EX7+EX12+EX17+EX22+EX27+EX32+EX37+EX42+EX47+EX52+EX57+EX62 -> 0 | EY71: =EY7+EY12+EY17+EY22+EY27+EY32+EY37+EY42+EY47+EY52+EY57+EY62 -> 0 | ... FD71: =FD7+FD12+FD17+FD22+FD27+FD32+FD37+FD42+FD47+FD52+FD57+FD62 -> 0 | FE71: =SUM(ER71:FD71) -> 0 | FH71: غير | FI71: ذكر | FJ71: =FJ7+FJ12+FJ17+FJ22+FJ27+FJ32+FJ37+FJ42+FJ47+FJ52+FJ57+FJ62 -> 0 | FK71: =FK7+FK12+FK17+FK22+FK27+FK32+FK37+FK42+FK47+FK52+FK57+FK62 -> 0 | FL71: =FL7+FL12+FL17+FL22+FL27+FL32+FL37+FL42+FL47+FL52+FL57+FL62 -> 0 | FM71: =FM7+FM12+FM17+FM22+FM27+FM32+FM37+FM42+FM47+FM52+FM57+FM62 -> 0 | FN71: =FN7+FN12+FN17+FN22+FN27+FN32+FN37+FN42+FN47+FN52+FN57+FN62 -> 0 | FO71: =FO7+FO12+FO17+FO22+FO27+FO32+FO37+FO42+FO47+FO52+FO57+FO62 -> 0 | FP71: =FP7+FP12+FP17+FP22+FP27+FP32+FP37+FP42+FP47+FP52+FP57+FP62 -> 0 | FQ71: =FQ7+FQ12+FQ17+FQ22+FQ27+FQ32+FQ37+FQ42+FQ47+FQ52+FQ57+FQ62 -> 0 | ... FV71: =FV7+FV12+FV17+FV22+FV27+FV32+FV37+FV42+FV47+FV52+FV57+FV62 -> 0 | FW71: =SUM(FJ71:FV71) -> 0 | FZ71: غير | GA71: ذكر | GB71: =GB7+GB12+GB17+GB22+GB27+GB32+GB37+GB42+GB47+GB52+GB57+GB62 -> 0 | GC71: =GC7+GC12+GC17+GC22+GC27+GC32+GC37+GC42+GC47+GC52+GC57+GC62 -> 0 | GD71: =GD7+GD12+GD17+GD22+GD27+GD32+GD37+GD42+GD47+GD52+GD57+GD62 -> 0 | GE71: =GE7+GE12+GE17+GE22+GE27+GE32+GE37+GE42+GE47+GE52+GE57+GE62 -> 0 | GF71: =GF7+GF12+GF17+GF22+GF27+GF32+GF37+GF42+GF47+GF52+GF57+GF62 -> 0 | GG71: =GG7+GG12+GG17+GG22+GG27+GG32+GG37+GG42+GG47+GG52+GG57+GG62 -> 0 | GH71: =GH7+GH12+GH17+GH22+GH27+GH32+GH37+GH42+GH47+GH52+GH57+GH62 -> 0 | GI71: =GI7+GI12+GI17+GI22+GI27+GI32+GI37+GI42+GI47+GI52+GI57+GI62 -> 0 | ... GN71: =GN7+GN12+GN17+GN22+GN27+GN32+GN37+GN42+GN47+GN52+GN57+GN62 -> 0 | GO71: =SUM(GB71:GN71) -> 0 | GR71: غير | GS71: ذكر | GT71: =GT7+GT12+GT17+GT22+GT27+GT32+GT37+GT42+GT47+GT52+GT57+GT62 -> 0 | GU71: =GU7+GU12+GU17+GU22+GU27+GU32+GU37+GU42+GU47+GU52+GU57+GU62 -> 0 | GV71: =GV7+GV12+GV17+GV22+GV27+GV32+GV37+GV42+GV47+GV52+GV57+GV62 -> 0 | GW71: =GW7+GW12+GW17+GW22+GW27+GW32+GW37+GW42+GW47+GW52+GW57+GW62 -> 0 | GX71: =GX7+GX12+GX17+GX22+GX27+GX32+GX37+GX42+GX47+GX52+GX57+GX62 -> 0 | GY71: =GY7+GY12+GY17+GY22+GY27+GY32+GY37+GY42+GY47+GY52+GY57+GY62 -> 0 | GZ71: =GZ7+GZ12+GZ17+GZ22+GZ27+GZ32+GZ37+GZ42+GZ47+GZ52+GZ57+GZ62 -> 0 | HA71: =HA7+HA12+HA17+HA22+HA27+HA32+HA37+HA42+HA47+HA52+HA57+HA62 -> 0 | ... HF71: =HF7+HF12+HF17+HF22+HF27+HF32+HF37+HF42+HF47+HF52+HF57+HF62 -> 0 | HG71: =SUM(GT71:HF71) -> 0 | HJ71: غير | HK71: ذكر | HL71: =HL7+HL12+HL17+HL22+HL27+HL32+HL37+HL42+HL47+HL52+HL57+HL62 -> 0 | HM71: =HM7+HM12+HM17+HM22+HM27+HM32+HM37+HM42+HM47+HM52+HM57+HM62 -> 0 | HN71: =HN7+HN12+HN17+HN22+HN27+HN32+HN37+HN42+HN47+HN52+HN57+HN62 -> 0 | HO71: =HO7+HO12+HO17+HO22+HO27+HO32+HO37+HO42+HO47+HO52+HO57+HO62 -> 0 | HP71: =HP7+HP12+HP17+HP22+HP27+HP32+HP37+HP42+HP47+HP52+HP57+HP62 -> 0 | HQ71: =HQ7+HQ12+HQ17+HQ22+HQ27+HQ32+HQ37+HQ42+HQ47+HQ52+HQ57+HQ62 -> 0 | HR71: =HR7+HR12+HR17+HR22+HR27+HR32+HR37+HR42+HR47+HR52+HR57+HR62 -> 0 | HS71: =HS7+HS12+HS17+HS22+HS27+HS32+HS37+HS42+HS47+HS52+HS57+HS62 -> 0 | ... HX71: =HX7+HX12+HX17+HX22+HX27+HX32+HX37+HX42+HX47+HX52+HX57+HX62 -> 0 | HY71: =SUM(HL71:HX71) -> 0
