Workbook

Sheet الأشعة
A2: 13 ـ نشاط الأشعة شهر | D2: 1 | E2: 1447 | G2: 13 ـ نشاط الأشعة شهر | J2: 2 | K2: 1447 | M2: 13 ـ نشاط الأشعة شهر | P2: 3 | Q2: 1447 | S2: 13 ـ نشاط الأشعة شهر | V2: 4 | W2: 1447 | Y2: 13 ـ نشاط الأشعة شهر | AB2: 5 | AC2: 1447 | AE2: 13 ـ نشاط الأشعة شهر | AH2: 6 | AI2: 1447 | AK2: 13 ـ نشاط الأشعة شهر | AN2: 7 | AO2: 1447 | AQ2: 13 ـ نشاط الأشعة شهر | AT2: 8 | AU2: 1447 | AW2: 13 ـ نشاط الأشعة شهر | AZ2: 9 | BA2: 1447 | BC2: 13 ـ نشاط الأشعة شهر | BF2: 10 | BG2: 1447 | BI2: 13 ـ نشاط الأشعة شهر | BL2: 11 | BM2: 1447 | BO2: 13 ـ نشاط الأشعة شهر | BR2: 12 | BS2: 1447 | BU2: 13 ـ نشاط الأشعة | BX2: عام | BY2: =SUM(BS2) -> 1447
A4: المركز الصحي | B4: المرضى والأفلام | D4: عدد المراجعين | E4: عدد الأفلام | G4: المركز الصحي | H4: المرضى والأفلام | J4: عدد المراجعين | K4: عدد الأفلام | M4: المركز الصحي | N4: المرضى والأفلام | P4: عدد المراجعين | Q4: عدد الأفلام | S4: المركز الصحي | T4: المرضى والأفلام | V4: عدد المراجعين | W4: عدد الأفلام | Y4: المركز الصحي | Z4: المرضى والأفلام | AB4: عدد المراجعين | AC4: عدد الأفلام | AE4: المركز الصحي | AF4: المرضى والأفلام | AH4: عدد المراجعين | AI4: عدد الأفلام | AK4: المركز الصحي | AL4: المرضى والأفلام | AN4: عدد المراجعين | AO4: عدد الأفلام | AQ4: المركز الصحي | AR4: المرضى والأفلام | AT4: عدد المراجعين | AU4: عدد الأفلام | AW4: المركز الصحي | AX4: المرضى والأفلام | AZ4: عدد المراجعين | BA4: عدد الأفلام | BC4: المركز الصحي | BD4: المرضى والأفلام | BF4: عدد المراجعين | BG4: عدد الأفلام | BI4: المركز الصحي | BJ4: المرضى والأفلام | BL4: عدد المراجعين | BM4: عدد الأفلام | BO4: المركز الصحي | BP4: المرضى والأفلام | BR4: عدد المراجعين | BS4: عدد الأفلام | BU4: المركز الصحي | BV4: المرضى والأفلام | BX4: عدد المراجعين | BY4: عدد الأفلام
B5: الجنسية والجنس | H5: الجنسية والجنس | N5: الجنسية والجنس | T5: الجنسية والجنس | Z5: الجنسية والجنس | AF5: الجنسية والجنس | AL5: الجنسية والجنس | AR5: الجنسية والجنس | AX5: الجنسية والجنس | BD5: الجنسية والجنس | BJ5: الجنسية والجنس | BP5: الجنسية والجنس | BV5: الجنسية والجنس
A6: الربيع والتوفيق | B6: سعودي | C6: ذكر | D6: 0 | E6: 0 | G6: الربيع والتوفيق | H6: سعودي | I6: ذكر | J6: 0 | K6: 0 | M6: الربيع والتوفيق | N6: سعودي | O6: ذكر | P6: 0 | Q6: 0 | S6: الربيع والتوفيق | T6: سعودي | U6: ذكر | V6: 0 | W6: 0 | Y6: الربيع والتوفيق | Z6: سعودي | AA6: ذكر | AB6: 0 | AC6: 0 | AE6: الربيع والتوفيق | AF6: سعودي | AG6: ذكر | AH6: 0 | AI6: 0 | AK6: الربيع والتوفيق | AL6: سعودي | AM6: ذكر | AN6: 0 | AO6: 0 | AQ6: الربيع والتوفيق | AR6: سعودي | AS6: ذكر | AT6: 0 | AU6: 0 | AW6: الربيع والتوفيق | AX6: سعودي | AY6: ذكر | AZ6: 0 | BA6: 0 | BC6: الربيع والتوفيق | BD6: سعودي | BE6: ذكر | BF6: 0 | BG6: 0 | BI6: الربيع والتوفيق | BJ6: سعودي | BK6: ذكر | BL6: 0 | BM6: 0 | BO6: الربيع والتوفيق | BP6: سعودي | BQ6: ذكر | BR6: 0 | BS6: 0 | BU6: =BO6 -> الربيع والتوفيق | BV6: سعودي | BW6: ذكر | BX6: =SUM(D6+J6+P6+V6+AB6+AH6+AN6+AT6+AZ6+BF6+BL6+BR6) -> 0 | BY6: =SUM(E6+K6+Q6+W6+AC6+AI6+AO6+AU6+BA6+BG6+BM6+BS6) -> 0
C7: أنثى | D7: 0 | E7: 0 | I7: أنثى | J7: 0 | K7: 0 | O7: أنثى | P7: 0 | Q7: 0 | U7: أنثى | V7: 0 | W7: 0 | AA7: أنثى | AB7: 0 | AC7: 0 | AG7: أنثى | AH7: 0 | AI7: 0 | AM7: أنثى | AN7: 0 | AO7: 0 | AS7: أنثى | AT7: 0 | AU7: 0 | AY7: أنثى | AZ7: 0 | BA7: 0 | BE7: أنثى | BF7: 0 | BG7: 0 | BK7: أنثى | BL7: 0 | BM7: 0 | BQ7: أنثى | BR7: 0 | BS7: 0 | BW7: أنثى | BX7: =SUM(D7+J7+P7+V7+AB7+AH7+AN7+AT7+AZ7+BF7+BL7+BR7) -> 0 | BY7: =SUM(E7+K7+Q7+W7+AC7+AI7+AO7+AU7+BA7+BG7+BM7+BS7) -> 0
B8: مجموع السعوديين | D8: =SUM(D6:D7) -> 0 | E8: =SUM(E6:E7) -> 0 | H8: مجموع السعوديين | J8: =SUM(J6:J7) -> 0 | K8: =SUM(K6:K7) -> 0 | N8: مجموع السعوديين | P8: =SUM(P6:P7) -> 0 | Q8: =SUM(Q6:Q7) -> 0 | T8: مجموع السعوديين | V8: =SUM(V6:V7) -> 0 | W8: =SUM(W6:W7) -> 0 | Z8: مجموع السعوديين | AB8: =SUM(AB6:AB7) -> 0 | AC8: =SUM(AC6:AC7) -> 0 | AF8: مجموع السعوديين | AH8: =SUM(AH6:AH7) -> 0 | AI8: =SUM(AI6:AI7) -> 0 | AL8: مجموع السعوديين | AN8: =SUM(AN6:AN7) -> 0 | AO8: =SUM(AO6:AO7) -> 0 | AR8: مجموع السعوديين | AT8: =SUM(AT6:AT7) -> 0 | AU8: =SUM(AU6:AU7) -> 0 | AX8: مجموع السعوديين | AZ8: =SUM(AZ6:AZ7) -> 0 | BA8: =SUM(BA6:BA7) -> 0 | BD8: مجموع السعوديين | BF8: =SUM(BF6:BF7) -> 0 | BG8: =SUM(BG6:BG7) -> 0 | BJ8: مجموع السعوديين | BL8: =SUM(BL6:BL7) -> 0 | BM8: =SUM(BM6:BM7) -> 0 | BP8: مجموع السعوديين | BR8: =SUM(BR6:BR7) -> 0 | BS8: =SUM(BS6:BS7) -> 0 | BV8: مجموع السعوديين | BX8: =SUM(BX6:BX7) -> 0 | BY8: =SUM(BY6:BY7) -> 0
B9: غير سعودي | C9: ذكر | D9: 0 | E9: 0 | H9: غير سعودي | I9: ذكر | J9: 0 | K9: 0 | N9: غير سعودي | O9: ذكر | P9: 0 | Q9: 0 | T9: غير سعودي | U9: ذكر | V9: 0 | W9: 0 | Z9: غير سعودي | AA9: ذكر | AB9: 0 | AC9: 0 | AF9: غير سعودي | AG9: ذكر | AH9: 0 | AI9: 0 | AL9: غير سعودي | AM9: ذكر | AN9: 0 | AO9: 0 | AR9: غير سعودي | AS9: ذكر | AT9: 0 | AU9: 0 | AX9: غير سعودي | AY9: ذكر | AZ9: 0 | BA9: 0 | BD9: غير سعودي | BE9: ذكر | BF9: 0 | BG9: 0 | BJ9: غير سعودي | BK9: ذكر | BL9: 0 | BM9: 0 | BP9: غير سعودي | BQ9: ذكر | BR9: 0 | BS9: 0 | BV9: غير سعودي | BW9: ذكر | BX9: =SUM(D9+J9+P9+V9+AB9+AH9+AN9+AT9+AZ9+BF9+BL9+BR9) -> 0 | BY9: =SUM(E9+K9+Q9+W9+AC9+AI9+AO9+AU9+BA9+BG9+BM9+BS9) -> 0
C10: أنثى | D10: 0 | E10: 0 | I10: أنثى | J10: 0 | K10: 0 | O10: أنثى | P10: 0 | Q10: 0 | U10: أنثى | V10: 0 | W10: 0 | AA10: أنثى | AB10: 0 | AC10: 0 | AG10: أنثى | AH10: 0 | AI10: 0 | AM10: أنثى | AN10: 0 | AO10: 0 | AS10: أنثى | AT10: 0 | AU10: 0 | AY10: أنثى | AZ10: 0 | BA10: 0 | BE10: أنثى | BF10: 0 | BG10: 0 | BK10: أنثى | BL10: 0 | BM10: 0 | BQ10: أنثى | BR10: 0 | BS10: 0 | BW10: أنثى | BX10: =SUM(D10+J10+P10+V10+AB10+AH10+AN10+AT10+AZ10+BF10+BL10+BR10) -> 0 | BY10: =SUM(E10+K10+Q10+W10+AC10+AI10+AO10+AU10+BA10+BG10+BM10+BS10) -> 0
B11: مجمع الغير سعوديين | D11: =SUM(D9:D10) -> 0 | E11: =SUM(E9:E10) -> 0 | H11: مجمع الغير سعوديين | J11: =SUM(J9:J10) -> 0 | K11: =SUM(K9:K10) -> 0 | N11: مجمع الغير سعوديين | P11: =SUM(P9:P10) -> 0 | Q11: =SUM(Q9:Q10) -> 0 | T11: مجمع الغير سعوديين | V11: =SUM(V9:V10) -> 0 | W11: =SUM(W9:W10) -> 0 | Z11: مجمع الغير سعوديين | AB11: =SUM(AB9:AB10) -> 0 | AC11: =SUM(AC9:AC10) -> 0 | AF11: مجمع الغير سعوديين | AH11: =SUM(AH9:AH10) -> 0 | AI11: =SUM(AI9:AI10) -> 0 | AL11: مجمع الغير سعوديين | AN11: =SUM(AN9:AN10) -> 0 | AO11: =SUM(AO9:AO10) -> 0 | AR11: مجمع الغير سعوديين | AT11: =SUM(AT9:AT10) -> 0 | AU11: =SUM(AU9:AU10) -> 0 | AX11: مجمع الغير سعوديين | AZ11: =SUM(AZ9:AZ10) -> 0 | BA11: =SUM(BA9:BA10) -> 0 | BD11: مجمع الغير سعوديين | BF11: =SUM(BF9:BF10) -> 0 | BG11: =SUM(BG9:BG10) -> 0 | BJ11: مجمع الغير سعوديين | BL11: =SUM(BL9:BL10) -> 0 | BM11: =SUM(BM9:BM10) -> 0 | BP11: مجمع الغير سعوديين | BR11: =SUM(BR9:BR10) -> 0 | BS11: =SUM(BS9:BS10) -> 0 | BV11: مجمع الغير سعوديين | BX11: =SUM(BX9:BX10) -> 0 | BY11: =SUM(BY9:BY10) -> 0
B12: المجموع الكلي | D12: =SUM(D8+D11) -> 0 | E12: =SUM(E8+E11) -> 0 | H12: المجموع الكلي | J12: =SUM(J8+J11) -> 0 | K12: =SUM(K8+K11) -> 0 | N12: المجموع الكلي | P12: =SUM(P8+P11) -> 0 | Q12: =SUM(Q8+Q11) -> 0 | T12: المجموع الكلي | V12: =SUM(V8+V11) -> 0 | W12: =SUM(W8+W11) -> 0 | Z12: المجموع الكلي | AB12: =SUM(AB8+AB11) -> 0 | AC12: =SUM(AC8+AC11) -> 0 | AF12: المجموع الكلي | AH12: =SUM(AH8+AH11) -> 0 | AI12: =SUM(AI8+AI11) -> 0 | AL12: المجموع الكلي | AN12: =SUM(AN8+AN11) -> 0 | AO12: =SUM(AO8+AO11) -> 0 | AR12: المجموع الكلي | AT12: =SUM(AT8+AT11) -> 0 | AU12: =SUM(AU8+AU11) -> 0 | AX12: المجموع الكلي | AZ12: =SUM(AZ8+AZ11) -> 0 | BA12: =SUM(BA8+BA11) -> 0 | BD12: المجموع الكلي | BF12: =SUM(BF8+BF11) -> 0 | BG12: =SUM(BG8+BG11) -> 0 | BJ12: المجموع الكلي | BL12: =SUM(BL8+BL11) -> 0 | BM12: =SUM(BM8+BM11) -> 0 | BP12: المجموع الكلي | BR12: =SUM(BR8+BR11) -> 0 | BS12: =SUM(BS8+BS11) -> 0 | BV12: المجموع الكلي | BX12: =SUM(BX8+BX11) -> 0 | BY12: =SUM(BY8+BY11) -> 0
A13: الجامعة | B13: سعودي | C13: ذكر | D13: 0 | E13: 0 | G13: الجامعة | H13: سعودي | I13: ذكر | J13: 0 | K13: 0 | M13: الجامعة | N13: سعودي | O13: ذكر | P13: 0 | Q13: 0 | S13: الجامعة | T13: سعودي | U13: ذكر | V13: 0 | W13: 0 | Y13: الجامعة | Z13: سعودي | AA13: ذكر | AB13: 0 | AC13: 0 | AE13: الجامعة | AF13: سعودي | AG13: ذكر | AH13: 0 | AI13: 0 | AK13: الجامعة | AL13: سعودي | AM13: ذكر | AN13: 0 | AO13: 0 | AQ13: الجامعة | AR13: سعودي | AS13: ذكر | AT13: 0 | AU13: 0 | AW13: الجامعة | AX13: سعودي | AY13: ذكر | AZ13: 0 | BA13: 0 | BC13: الجامعة | BD13: سعودي | BE13: ذكر | BF13: 0 | BG13: 0 | BI13: الجامعة | BJ13: سعودي | BK13: ذكر | BL13: 0 | BM13: 0 | BO13: الجامعة | BP13: سعودي | BQ13: ذكر | BR13: 0 | BS13: 0 | BU13: =BO13 -> الجامعة | BV13: سعودي | BW13: ذكر | BX13: =SUM(D13+J13+P13+V13+AB13+AH13+AN13+AT13+AZ13+BF13+BL13+BR13) -> 0 | BY13: =SUM(E13+K13+Q13+W13+AC13+AI13+AO13+AU13+BA13+BG13+BM13+BS13) -> 0
C14: أنثى | D14: 0 | E14: 0 | I14: أنثى | J14: 0 | K14: 0 | O14: أنثى | P14: 0 | Q14: 0 | U14: أنثى | V14: 0 | W14: 0 | AA14: أنثى | AB14: 0 | AC14: 0 | AG14: أنثى | AH14: 0 | AI14: 0 | AM14: أنثى | AN14: 0 | AO14: 0 | AS14: أنثى | AT14: 0 | AU14: 0 | AY14: أنثى | AZ14: 0 | BA14: 0 | BE14: أنثى | BF14: 0 | BG14: 0 | BK14: أنثى | BL14: 0 | BM14: 0 | BQ14: أنثى | BR14: 0 | BS14: 0 | BW14: أنثى | BX14: =SUM(D14+J14+P14+V14+AB14+AH14+AN14+AT14+AZ14+BF14+BL14+BR14) -> 0 | BY14: =SUM(E14+K14+Q14+W14+AC14+AI14+AO14+AU14+BA14+BG14+BM14+BS14) -> 0
B15: مجموع السعوديين | D15: =SUM(D13:D14) -> 0 | E15: =SUM(E13:E14) -> 0 | H15: مجموع السعوديين | J15: =SUM(J13:J14) -> 0 | K15: =SUM(K13:K14) -> 0 | N15: مجموع السعوديين | P15: =SUM(P13:P14) -> 0 | Q15: =SUM(Q13:Q14) -> 0 | T15: مجموع السعوديين | V15: =SUM(V13:V14) -> 0 | W15: =SUM(W13:W14) -> 0 | Z15: مجموع السعوديين | AB15: =SUM(AB13:AB14) -> 0 | AC15: =SUM(AC13:AC14) -> 0 | AF15: مجموع السعوديين | AH15: =SUM(AH13:AH14) -> 0 | AI15: =SUM(AI13:AI14) -> 0 | AL15: مجموع السعوديين | AN15: =SUM(AN13:AN14) -> 0 | AO15: =SUM(AO13:AO14) -> 0 | AR15: مجموع السعوديين | AT15: =SUM(AT13:AT14) -> 0 | AU15: =SUM(AU13:AU14) -> 0 | AX15: مجموع السعوديين | AZ15: =SUM(AZ13:AZ14) -> 0 | BA15: =SUM(BA13:BA14) -> 0 | BD15: مجموع السعوديين | BF15: =SUM(BF13:BF14) -> 0 | BG15: =SUM(BG13:BG14) -> 0 | BJ15: مجموع السعوديين | BL15: =SUM(BL13:BL14) -> 0 | BM15: =SUM(BM13:BM14) -> 0 | BP15: مجموع السعوديين | BR15: =SUM(BR13:BR14) -> 0 | BS15: =SUM(BS13:BS14) -> 0 | BV15: مجموع السعوديين | BX15: =SUM(BX13:BX14) -> 0 | BY15: =SUM(BY13:BY14) -> 0
B16: غير سعودي | C16: ذكر | D16: 0 | E16: 0 | H16: غير سعودي | I16: ذكر | J16: 0 | K16: 0 | N16: غير سعودي | O16: ذكر | P16: 0 | Q16: 0 | T16: غير سعودي | U16: ذكر | V16: 0 | W16: 0 | Z16: غير سعودي | AA16: ذكر | AB16: 0 | AC16: 0 | AF16: غير سعودي | AG16: ذكر | AH16: 0 | AI16: 0 | AL16: غير سعودي | AM16: ذكر | AN16: 0 | AO16: 0 | AR16: غير سعودي | AS16: ذكر | AT16: 0 | AU16: 0 | AX16: غير سعودي | AY16: ذكر | AZ16: 0 | BA16: 0 | BD16: غير سعودي | BE16: ذكر | BF16: 0 | BG16: 0 | BJ16: غير سعودي | BK16: ذكر | BL16: 0 | BM16: 0 | BP16: غير سعودي | BQ16: ذكر | BR16: 0 | BS16: 0 | BV16: غير سعودي | BW16: ذكر | BX16: =SUM(D16+J16+P16+V16+AB16+AH16+AN16+AT16+AZ16+BF16+BL16+BR16) -> 0 | BY16: =SUM(E16+K16+Q16+W16+AC16+AI16+AO16+AU16+BA16+BG16+BM16+BS16) -> 0
C17: أنثى | D17: 0 | E17: 0 | I17: أنثى | J17: 0 | K17: 0 | O17: أنثى | P17: 0 | Q17: 0 | U17: أنثى | V17: 0 | W17: 0 | AA17: أنثى | AB17: 0 | AC17: 0 | AG17: أنثى | AH17: 0 | AI17: 0 | AM17: أنثى | AN17: 0 | AO17: 0 | AS17: أنثى | AT17: 0 | AU17: 0 | AY17: أنثى | AZ17: 0 | BA17: 0 | BE17: أنثى | BF17: 0 | BG17: 0 | BK17: أنثى | BL17: 0 | BM17: 0 | BQ17: أنثى | BR17: 0 | BS17: 0 | BW17: أنثى | BX17: =SUM(D17+J17+P17+V17+AB17+AH17+AN17+AT17+AZ17+BF17+BL17+BR17) -> 0 | BY17: =SUM(E17+K17+Q17+W17+AC17+AI17+AO17+AU17+BA17+BG17+BM17+BS17) -> 0
B18: مجمع الغير سعوديين | D18: =SUM(D16:D17) -> 0 | E18: =SUM(E16:E17) -> 0 | H18: مجمع الغير سعوديين | J18: =SUM(J16:J17) -> 0 | K18: =SUM(K16:K17) -> 0 | N18: مجمع الغير سعوديين | P18: =SUM(P16:P17) -> 0 | Q18: =SUM(Q16:Q17) -> 0 | T18: مجمع الغير سعوديين | V18: =SUM(V16:V17) -> 0 | W18: =SUM(W16:W17) -> 0 | Z18: مجمع الغير سعوديين | AB18: =SUM(AB16:AB17) -> 0 | AC18: =SUM(AC16:AC17) -> 0 | AF18: مجمع الغير سعوديين | AH18: =SUM(AH16:AH17) -> 0 | AI18: =SUM(AI16:AI17) -> 0 | AL18: مجمع الغير سعوديين | AN18: =SUM(AN16:AN17) -> 0 | AO18: =SUM(AO16:AO17) -> 0 | AR18: مجمع الغير سعوديين | AT18: =SUM(AT16:AT17) -> 0 | AU18: =SUM(AU16:AU17) -> 0 | AX18: مجمع الغير سعوديين | AZ18: =SUM(AZ16:AZ17) -> 0 | BA18: =SUM(BA16:BA17) -> 0 | BD18: مجمع الغير سعوديين | BF18: =SUM(BF16:BF17) -> 0 | BG18: =SUM(BG16:BG17) -> 0 | BJ18: مجمع الغير سعوديين | BL18: =SUM(BL16:BL17) -> 0 | BM18: =SUM(BM16:BM17) -> 0 | BP18: مجمع الغير سعوديين | BR18: =SUM(BR16:BR17) -> 0 | BS18: =SUM(BS16:BS17) -> 0 | BV18: مجمع الغير سعوديين | BX18: =SUM(BX16:BX17) -> 0 | BY18: =SUM(BY16:BY17) -> 0
B19: المجموع الكلي | D19: =SUM(D15+D18) -> 0 | E19: =SUM(E15+E18) -> 0 | H19: المجموع الكلي | J19: =SUM(J15+J18) -> 0 | K19: =SUM(K15+K18) -> 0 | N19: المجموع الكلي | P19: =SUM(P15+P18) -> 0 | Q19: =SUM(Q15+Q18) -> 0 | T19: المجموع الكلي | V19: =SUM(V15+V18) -> 0 | W19: =SUM(W15+W18) -> 0 | Z19: المجموع الكلي | AB19: =SUM(AB15+AB18) -> 0 | AC19: =SUM(AC15+AC18) -> 0 | AF19: المجموع الكلي | AH19: =SUM(AH15+AH18) -> 0 | AI19: =SUM(AI15+AI18) -> 0 | AL19: المجموع الكلي | AN19: =SUM(AN15+AN18) -> 0 | AO19: =SUM(AO15+AO18) -> 0 | AR19: المجموع الكلي | AT19: =SUM(AT15+AT18) -> 0 | AU19: =SUM(AU15+AU18) -> 0 | AX19: المجموع الكلي | AZ19: =SUM(AZ15+AZ18) -> 0 | BA19: =SUM(BA15+BA18) -> 0 | BD19: المجموع الكلي | BF19: =SUM(BF15+BF18) -> 0 | BG19: =SUM(BG15+BG18) -> 0 | BJ19: المجموع الكلي | BL19: =SUM(BL15+BL18) -> 0 | BM19: =SUM(BM15+BM18) -> 0 | BP19: المجموع الكلي | BR19: =SUM(BR15+BR18) -> 0 | BS19: =SUM(BS15+BS18) -> 0 | BV19: المجموع الكلي | BX19: =SUM(BX15+BX18) -> 0 | BY19: =SUM(BY15+BY18) -> 0
A20: السليمانية | B20: سعودي | C20: ذكر | D20: 510 | E20: 0 | G20: السليمانية | H20: سعودي | I20: ذكر | J20: 873 | K20: 0 | M20: السليمانية | N20: سعودي | O20: ذكر | P20: 0 | Q20: 0 | S20: السليمانية | T20: سعودي | U20: ذكر | V20: 0 | W20: 0 | Y20: السليمانية | Z20: سعودي | AA20: ذكر | AB20: 0 | AC20: 0 | AE20: السليمانية | AF20: سعودي | AG20: ذكر | AH20: 0 | AI20: 0 | AK20: السليمانية | AL20: سعودي | AM20: ذكر | AN20: 0 | AO20: 0 | AQ20: السليمانية | AR20: سعودي | AS20: ذكر | AT20: 0 | AU20: 0 | AW20: السليمانية | AX20: سعودي | AY20: ذكر | AZ20: 57 | BA20: 57 | BC20: السليمانية | BD20: سعودي | BE20: ذكر | BF20: 510 | BG20: 0 | BI20: السليمانية | BJ20: سعودي | BK20: ذكر | BL20: 0 | BM20: 0 | BO20: السليمانية | BP20: سعودي | BQ20: ذكر | BR20: 0 | BS20: 0 | BU20: =BO20 -> السليمانية | BV20: سعودي | BW20: ذكر | BX20: =SUM(D20+J20+P20+V20+AB20+AH20+AN20+AT20+AZ20+BF20+BL20+BR20) -> 1950 | BY20: =SUM(E20+K20+Q20+W20+AC20+AI20+AO20+AU20+BA20+BG20+BM20+BS20) -> 57
C21: أنثى | D21: 445 | E21: 0 | I21: أنثى | J21: 238 | K21: 0 | O21: أنثى | P21: 0 | Q21: 0 | U21: أنثى | V21: 0 | W21: 0 | AA21: أنثى | AB21: 0 | AC21: 0 | AG21: أنثى | AH21: 0 | AI21: 0 | AM21: أنثى | AN21: 0 | AO21: 0 | AS21: أنثى | AT21: 0 | AU21: 0 | AY21: أنثى | AZ21: 74 | BA21: 74 | BE21: أنثى | BF21: 445 | BG21: 0 | BK21: أنثى | BL21: 0 | BM21: 0 | BQ21: أنثى | BR21: 0 | BS21: 0 | BW21: أنثى | BX21: =SUM(D21+J21+P21+V21+AB21+AH21+AN21+AT21+AZ21+BF21+BL21+BR21) -> 1202 | BY21: =SUM(E21+K21+Q21+W21+AC21+AI21+AO21+AU21+BA21+BG21+BM21+BS21) -> 74
B22: مجموع السعوديين | D22: =SUM(D20:D21) -> 955 | E22: =SUM(E20:E21) -> 0 | H22: مجموع السعوديين | J22: =SUM(J20:J21) -> 1111 | K22: =SUM(K20:K21) -> 0 | N22: مجموع السعوديين | P22: =SUM(P20:P21) -> 0 | Q22: =SUM(Q20:Q21) -> 0 | T22: مجموع السعوديين | V22: =SUM(V20:V21) -> 0 | W22: =SUM(W20:W21) -> 0 | Z22: مجموع السعوديين | AB22: =SUM(AB20:AB21) -> 0 | AC22: =SUM(AC20:AC21) -> 0 | AF22: مجموع السعوديين | AH22: =SUM(AH20:AH21) -> 0 | AI22: =SUM(AI20:AI21) -> 0 | AL22: مجموع السعوديين | AN22: =SUM(AN20:AN21) -> 0 | AO22: =SUM(AO20:AO21) -> 0 | AR22: مجموع السعوديين | AT22: =SUM(AT20:AT21) -> 0 | AU22: =SUM(AU20:AU21) -> 0 | AX22: مجموع السعوديين | AZ22: =SUM(AZ20:AZ21) -> 131 | BA22: =SUM(BA20:BA21) -> 131 | BD22: مجموع السعوديين | BF22: 955 | BG22: 0 | BJ22: مجموع السعوديين | BL22: =SUM(BL20:BL21) -> 0 | BM22: =SUM(BM20:BM21) -> 0 | BP22: مجموع السعوديين | BR22: =SUM(BR20:BR21) -> 0 | BS22: =SUM(BS20:BS21) -> 0 | BV22: مجموع السعوديين | BX22: =SUM(BX20:BX21) -> 3152 | BY22: =SUM(BY20:BY21) -> 131
B23: غير سعودي | C23: ذكر | D23: 10 | E23: 0 | H23: غير سعودي | I23: ذكر | J23: 54 | K23: 0 | N23: غير سعودي | O23: ذكر | P23: 0 | Q23: 0 | T23: غير سعودي | U23: ذكر | V23: 0 | W23: 0 | Z23: غير سعودي | AA23: ذكر | AB23: 0 | AC23: 0 | AF23: غير سعودي | AG23: ذكر | AH23: 0 | AI23: 0 | AL23: غير سعودي | AM23: ذكر | AN23: 0 | AO23: 0 | AR23: غير سعودي | AS23: ذكر | AT23: 0 | AU23: 0 | AX23: غير سعودي | AY23: ذكر | AZ23: 15 | BA23: 15 | BD23: غير سعودي | BE23: ذكر | BF23: 10 | BG23: 0 | BJ23: غير سعودي | BK23: ذكر | BL23: 0 | BM23: 0 | BP23: غير سعودي | BQ23: ذكر | BR23: 0 | BS23: 0 | BV23: غير سعودي | BW23: ذكر | BX23: =SUM(D23+J23+P23+V23+AB23+AH23+AN23+AT23+AZ23+BF23+BL23+BR23) -> 89 | BY23: =SUM(E23+K23+Q23+W23+AC23+AI23+AO23+AU23+BA23+BG23+BM23+BS23) -> 15
C24: أنثى | D24: 9 | E24: 0 | I24: أنثى | J24: 18 | K24: 0 | O24: أنثى | P24: 0 | Q24: 0 | U24: أنثى | V24: 0 | W24: 0 | AA24: أنثى | AB24: 0 | AC24: 0 | AG24: أنثى | AH24: 0 | AI24: 0 | AM24: أنثى | AN24: 0 | AO24: 0 | AS24: أنثى | AT24: 0 | AU24: 0 | AY24: أنثى | AZ24: 11 | BA24: 11 | BE24: أنثى | BF24: 9 | BG24: 0 | BK24: أنثى | BL24: 0 | BM24: 0 | BQ24: أنثى | BR24: 0 | BS24: 0 | BW24: أنثى | BX24: =SUM(D24+J24+P24+V24+AB24+AH24+AN24+AT24+AZ24+BF24+BL24+BR24) -> 47 | BY24: =SUM(E24+K24+Q24+W24+AC24+AI24+AO24+AU24+BA24+BG24+BM24+BS24) -> 11
B25: مجمع الغير سعوديين | D25: =SUM(D23:D24) -> 19 | E25: =SUM(E23:E24) -> 0 | H25: مجمع الغير سعوديين | J25: =SUM(J23:J24) -> 72 | K25: =SUM(K23:K24) -> 0 | N25: مجمع الغير سعوديين | P25: =SUM(P23:P24) -> 0 | Q25: =SUM(Q23:Q24) -> 0 | T25: مجمع الغير سعوديين | V25: =SUM(V23:V24) -> 0 | W25: =SUM(W23:W24) -> 0 | Z25: مجمع الغير سعوديين | AB25: =SUM(AB23:AB24) -> 0 | AC25: =SUM(AC23:AC24) -> 0 | AF25: مجمع الغير سعوديين | AH25: =SUM(AH23:AH24) -> 0 | AI25: =SUM(AI23:AI24) -> 0 | AL25: مجمع الغير سعوديين | AN25: =SUM(AN23:AN24) -> 0 | AO25: =SUM(AO23:AO24) -> 0 | AR25: مجمع الغير سعوديين | AT25: =SUM(AT23:AT24) -> 0 | AU25: =SUM(AU23:AU24) -> 0 | AX25: مجمع الغير سعوديين | AZ25: =SUM(AZ23:AZ24) -> 26 | BA25: =SUM(BA23:BA24) -> 26 | BD25: مجمع الغير سعوديين | BF25: 19 | BG25: 0 | BJ25: مجمع الغير سعوديين | BL25: =SUM(BL23:BL24) -> 0 | BM25: =SUM(BM23:BM24) -> 0 | BP25: مجمع الغير سعوديين | BR25: =SUM(BR23:BR24) -> 0 | BS25: =SUM(BS23:BS24) -> 0 | BV25: مجمع الغير سعوديين | BX25: =SUM(BX23:BX24) -> 136 | BY25: =SUM(BY23:BY24) -> 26
B26: المجموع الكلي | D26: =SUM(D22+D25) -> 974 | E26: =SUM(E22+E25) -> 0 | H26: المجموع الكلي | J26: =SUM(J22+J25) -> 1183 | K26: =SUM(K22+K25) -> 0 | N26: المجموع الكلي | P26: =SUM(P22+P25) -> 0 | Q26: =SUM(Q22+Q25) -> 0 | T26: المجموع الكلي | V26: =SUM(V22+V25) -> 0 | W26: =SUM(W22+W25) -> 0 | Z26: المجموع الكلي | AB26: =SUM(AB22+AB25) -> 0 | AC26: =SUM(AC22+AC25) -> 0 | AF26: المجموع الكلي | AH26: =SUM(AH22+AH25) -> 0 | AI26: =SUM(AI22+AI25) -> 0 | AL26: المجموع الكلي | AN26: =SUM(AN22+AN25) -> 0 | AO26: =SUM(AO22+AO25) -> 0 | AR26: المجموع الكلي | AT26: =SUM(AT22+AT25) -> 0 | AU26: =SUM(AU22+AU25) -> 0 | AX26: المجموع الكلي | AZ26: =SUM(AZ22+AZ25) -> 157 | BA26: =SUM(BA22+BA25) -> 157 | BD26: المجموع الكلي | BF26: 974 | BG26: 0 | BJ26: المجموع الكلي | BL26: =SUM(BL22+BL25) -> 0 | BM26: =SUM(BM22+BM25) -> 0 | BP26: المجموع الكلي | BR26: =SUM(BR22+BR25) -> 0 | BS26: =SUM(BS22+BS25) -> 0 | BV26: المجموع الكلي | BX26: =SUM(BX22+BX25) -> 3288 | BY26: =SUM(BY22+BY25) -> 157
A27: المطار القديم | B27: سعودي | C27: ذكر | D27: 0 | E27: 0 | G27: المطار القديم | H27: سعودي | I27: ذكر | J27: 0 | K27: 0 | M27: المطار القديم | N27: سعودي | O27: ذكر | P27: 0 | Q27: 0 | S27: المطار القديم | T27: سعودي | U27: ذكر | V27: 0 | W27: 0 | Y27: المطار القديم | Z27: سعودي | AA27: ذكر | AB27: 0 | AC27: 0 | AE27: المطار القديم | AF27: سعودي | AG27: ذكر | AH27: 0 | AI27: 0 | AK27: المطار القديم | AL27: سعودي | AM27: ذكر | AN27: 0 | AO27: 0 | AQ27: المطار القديم | AR27: سعودي | AS27: ذكر | AT27: 0 | AU27: 0 | AW27: المطار القديم | AX27: سعودي | AY27: ذكر | AZ27: 0 | BA27: 0 | BC27: المطار القديم | BD27: سعودي | BE27: ذكر | BF27: 0 | BG27: 0 | BI27: المطار القديم | BJ27: سعودي | BK27: ذكر | BL27: 0 | BM27: 0 | BO27: المطار القديم | BP27: سعودي | BQ27: ذكر | BR27: 0 | BS27: 0 | BU27: =BO27 -> المطار القديم | BV27: سعودي | BW27: ذكر | BX27: =SUM(D27+J27+P27+V27+AB27+AH27+AN27+AT27+AZ27+BF27+BL27+BR27) -> 0 | BY27: =SUM(E27+K27+Q27+W27+AC27+AI27+AO27+AU27+BA27+BG27+BM27+BS27) -> 0
C28: أنثى | D28: 0 | E28: 0 | I28: أنثى | J28: 0 | K28: 0 | O28: أنثى | P28: 0 | Q28: 0 | U28: أنثى | V28: 0 | W28: 0 | AA28: أنثى | AB28: 0 | AC28: 0 | AG28: أنثى | AH28: 0 | AI28: 0 | AM28: أنثى | AN28: 0 | AO28: 0 | AS28: أنثى | AT28: 0 | AU28: 0 | AY28: أنثى | AZ28: 0 | BA28: 0 | BE28: أنثى | BF28: 0 | BG28: 0 | BK28: أنثى | BL28: 0 | BM28: 0 | BQ28: أنثى | BR28: 0 | BS28: 0 | BW28: أنثى | BX28: =SUM(D28+J28+P28+V28+AB28+AH28+AN28+AT28+AZ28+BF28+BL28+BR28) -> 0 | BY28: =SUM(E28+K28+Q28+W28+AC28+AI28+AO28+AU28+BA28+BG28+BM28+BS28) -> 0
B29: مجموع السعوديين | D29: =SUM(D27:D28) -> 0 | E29: =SUM(E27:E28) -> 0 | H29: مجموع السعوديين | J29: =SUM(J27:J28) -> 0 | K29: =SUM(K27:K28) -> 0 | N29: مجموع السعوديين | P29: =SUM(P27:P28) -> 0 | Q29: =SUM(Q27:Q28) -> 0 | T29: مجموع السعوديين | V29: =SUM(V27:V28) -> 0 | W29: =SUM(W27:W28) -> 0 | Z29: مجموع السعوديين | AB29: =SUM(AB27:AB28) -> 0 | AC29: =SUM(AC27:AC28) -> 0 | AF29: مجموع السعوديين | AH29: =SUM(AH27:AH28) -> 0 | AI29: =SUM(AI27:AI28) -> 0 | AL29: مجموع السعوديين | AN29: =SUM(AN27:AN28) -> 0 | AO29: =SUM(AO27:AO28) -> 0 | AR29: مجموع السعوديين | AT29: =SUM(AT27:AT28) -> 0 | AU29: =SUM(AU27:AU28) -> 0 | AX29: مجموع السعوديين | AZ29: =SUM(AZ27:AZ28) -> 0 | BA29: =SUM(BA27:BA28) -> 0 | BD29: مجموع السعوديين | BF29: 0 | BG29: 0 | BJ29: مجموع السعوديين | BL29: =SUM(BL27:BL28) -> 0 | BM29: =SUM(BM27:BM28) -> 0 | BP29: مجموع السعوديين | BR29: =SUM(BR27:BR28) -> 0 | BS29: =SUM(BS27:BS28) -> 0 | BV29: مجموع السعوديين | BX29: =SUM(BX27:BX28) -> 0 | BY29: =SUM(BY27:BY28) -> 0
B30: غير سعودي | C30: ذكر | D30: 0 | E30: 0 | H30: غير سعودي | I30: ذكر | J30: 0 | K30: 0 | N30: غير سعودي | O30: ذكر | P30: 0 | Q30: 0 | T30: غير سعودي | U30: ذكر | V30: 0 | W30: 0 | Z30: غير سعودي | AA30: ذكر | AB30: 0 | AC30: 0 | AF30: غير سعودي | AG30: ذكر | AH30: 0 | AI30: 0 | AL30: غير سعودي | AM30: ذكر | AN30: 0 | AO30: 0 | AR30: غير سعودي | AS30: ذكر | AT30: 0 | AU30: 0 | AX30: غير سعودي | AY30: ذكر | AZ30: 0 | BA30: 0 | BD30: غير سعودي | BE30: ذكر | BF30: 0 | BG30: 0 | BJ30: غير سعودي | BK30: ذكر | BL30: 0 | BM30: 0 | BP30: غير سعودي | BQ30: ذكر | BR30: 0 | BS30: 0 | BV30: غير سعودي | BW30: ذكر | BX30: =SUM(D30+J30+P30+V30+AB30+AH30+AN30+AT30+AZ30+BF30+BL30+BR30) -> 0 | BY30: =SUM(E30+K30+Q30+W30+AC30+AI30+AO30+AU30+BA30+BG30+BM30+BS30) -> 0
C31: أنثى | D31: 0 | E31: 0 | I31: أنثى | J31: 0 | K31: 0 | O31: أنثى | P31: 0 | Q31: 0 | U31: أنثى | V31: 0 | W31: 0 | AA31: أنثى | AB31: 0 | AC31: 0 | AG31: أنثى | AH31: 0 | AI31: 0 | AM31: أنثى | AN31: 0 | AO31: 0 | AS31: أنثى | AT31: 0 | AU31: 0 | AY31: أنثى | AZ31: 0 | BA31: 0 | BE31: أنثى | BF31: 0 | BG31: 0 | BK31: أنثى | BL31: 0 | BM31: 0 | BQ31: أنثى | BR31: 0 | BS31: 0 | BW31: أنثى | BX31: =SUM(D31+J31+P31+V31+AB31+AH31+AN31+AT31+AZ31+BF31+BL31+BR31) -> 0 | BY31: =SUM(E31+K31+Q31+W31+AC31+AI31+AO31+AU31+BA31+BG31+BM31+BS31) -> 0
B32: مجمع الغير سعوديين | D32: =SUM(D30:D31) -> 0 | E32: =SUM(E30:E31) -> 0 | H32: مجمع الغير سعوديين | J32: =SUM(J30:J31) -> 0 | K32: =SUM(K30:K31) -> 0 | N32: مجمع الغير سعوديين | P32: =SUM(P30:P31) -> 0 | Q32: =SUM(Q30:Q31) -> 0 | T32: مجمع الغير سعوديين | V32: =SUM(V30:V31) -> 0 | W32: =SUM(W30:W31) -> 0 | Z32: مجمع الغير سعوديين | AB32: =SUM(AB30:AB31) -> 0 | AC32: =SUM(AC30:AC31) -> 0 | AF32: مجمع الغير سعوديين | AH32: =SUM(AH30:AH31) -> 0 | AI32: =SUM(AI30:AI31) -> 0 | AL32: مجمع الغير سعوديين | AN32: =SUM(AN30:AN31) -> 0 | AO32: =SUM(AO30:AO31) -> 0 | AR32: مجمع الغير سعوديين | AT32: =SUM(AT30:AT31) -> 0 | AU32: =SUM(AU30:AU31) -> 0 | AX32: مجمع الغير سعوديين | AZ32: =SUM(AZ30:AZ31) -> 0 | BA32: =SUM(BA30:BA31) -> 0 | BD32: مجمع الغير سعوديين | BF32: 0 | BG32: 0 | BJ32: مجمع الغير سعوديين | BL32: =SUM(BL30:BL31) -> 0 | BM32: =SUM(BM30:BM31) -> 0 | BP32: مجمع الغير سعوديين | BR32: =SUM(BR30:BR31) -> 0 | BS32: =SUM(BS30:BS31) -> 0 | BV32: مجمع الغير سعوديين | BX32: =SUM(BX30:BX31) -> 0 | BY32: =SUM(BY30:BY31) -> 0
B33: المجموع الكلي | D33: =SUM(D29+D32) -> 0 | E33: =SUM(E29+E32) -> 0 | H33: المجموع الكلي | J33: =SUM(J29+J32) -> 0 | K33: =SUM(K29+K32) -> 0 | N33: المجموع الكلي | P33: =SUM(P29+P32) -> 0 | Q33: =SUM(Q29+Q32) -> 0 | T33: المجموع الكلي | V33: =SUM(V29+V32) -> 0 | W33: =SUM(W29+W32) -> 0 | Z33: المجموع الكلي | AB33: =SUM(AB29+AB32) -> 0 | AC33: =SUM(AC29+AC32) -> 0 | AF33: المجموع الكلي | AH33: =SUM(AH29+AH32) -> 0 | AI33: =SUM(AI29+AI32) -> 0 | AL33: المجموع الكلي | AN33: =SUM(AN29+AN32) -> 0 | AO33: =SUM(AO29+AO32) -> 0 | AR33: المجموع الكلي | AT33: =SUM(AT29+AT32) -> 0 | AU33: =SUM(AU29+AU32) -> 0 | AX33: المجموع الكلي | AZ33: =SUM(AZ29+AZ32) -> 0 | BA33: =SUM(BA29+BA32) -> 0 | BD33: المجموع الكلي | BF33: 0 | BG33: 0 | BJ33: المجموع الكلي | BL33: =SUM(BL29+BL32) -> 0 | BM33: =SUM(BM29+BM32) -> 0 | BP33: المجموع الكلي | BR33: =SUM(BR29+BR32) -> 0 | BS33: =SUM(BS29+BS32) -> 0 | BV33: المجموع الكلي | BX33: =SUM(BX29+BX32) -> 0 | BY33: =SUM(BY29+BY32) -> 0
A34: الروابي | B34: سعودي | C34: ذكر | D34: 0 | E34: 0 | G34: الروابي | H34: سعودي | I34: ذكر | J34: 0 | K34: 0 | M34: الروابي | N34: سعودي | O34: ذكر | P34: 0 | Q34: 0 | S34: الروابي | T34: سعودي | U34: ذكر | V34: 0 | W34: 0 | Y34: الروابي | Z34: سعودي | AA34: ذكر | AB34: 0 | AC34: 0 | AE34: الروابي | AF34: سعودي | AG34: ذكر | AH34: 0 | AI34: 0 | AK34: الروابي | AL34: سعودي | AM34: ذكر | AN34: 0 | AO34: 0 | AQ34: الروابي | AR34: سعودي | AS34: ذكر | AT34: 0 | AU34: 0 | AW34: الروابي | AX34: سعودي | AY34: ذكر | AZ34: 0 | BA34: 0 | BC34: الروابي | BD34: سعودي | BE34: ذكر | BF34: 0 | BG34: 0 | BI34: الروابي | BJ34: سعودي | BK34: ذكر | BL34: 0 | BM34: 0 | BO34: الروابي | BP34: سعودي | BQ34: ذكر | BR34: 0 | BS34: 0 | BU34: =BO34 -> الروابي | BV34: سعودي | BW34: ذكر | BX34: =SUM(D34+J34+P34+V34+AB34+AH34+AN34+AT34+AZ34+BF34+BL34+BR34) -> 0 | BY34: =SUM(E34+K34+Q34+W34+AC34+AI34+AO34+AU34+BA34+BG34+BM34+BS34) -> 0
C35: أنثى | D35: 0 | E35: 0 | I35: أنثى | J35: 0 | K35: 0 | O35: أنثى | P35: 0 | Q35: 0 | U35: أنثى | V35: 0 | W35: 0 | AA35: أنثى | AB35: 0 | AC35: 0 | AG35: أنثى | AH35: 0 | AI35: 0 | AM35: أنثى | AN35: 0 | AO35: 0 | AS35: أنثى | AT35: 0 | AU35: 0 | AY35: أنثى | AZ35: 0 | BA35: 0 | BE35: أنثى | BF35: 0 | BG35: 0 | BK35: أنثى | BL35: 0 | BM35: 0 | BQ35: أنثى | BR35: 0 | BS35: 0 | BW35: أنثى | BX35: =SUM(D35+J35+P35+V35+AB35+AH35+AN35+AT35+AZ35+BF35+BL35+BR35) -> 0 | BY35: =SUM(E35+K35+Q35+W35+AC35+AI35+AO35+AU35+BA35+BG35+BM35+BS35) -> 0
B36: مجموع السعوديين | D36: =SUM(D34:D35) -> 0 | E36: =SUM(E34:E35) -> 0 | H36: مجموع السعوديين | J36: =SUM(J34:J35) -> 0 | K36: =SUM(K34:K35) -> 0 | N36: مجموع السعوديين | P36: =SUM(P34:P35) -> 0 | Q36: =SUM(Q34:Q35) -> 0 | T36: مجموع السعوديين | V36: =SUM(V34:V35) -> 0 | W36: =SUM(W34:W35) -> 0 | Z36: مجموع السعوديين | AB36: =SUM(AB34:AB35) -> 0 | AC36: =SUM(AC34:AC35) -> 0 | AF36: مجموع السعوديين | AH36: =SUM(AH34:AH35) -> 0 | AI36: =SUM(AI34:AI35) -> 0 | AL36: مجموع السعوديين | AN36: =SUM(AN34:AN35) -> 0 | AO36: =SUM(AO34:AO35) -> 0 | AR36: مجموع السعوديين | AT36: =SUM(AT34:AT35) -> 0 | AU36: =SUM(AU34:AU35) -> 0 | AX36: مجموع السعوديين | AZ36: =SUM(AZ34:AZ35) -> 0 | BA36: =SUM(BA34:BA35) -> 0 | BD36: مجموع السعوديين | BF36: 0 | BG36: 0 | BJ36: مجموع السعوديين | BL36: =SUM(BL34:BL35) -> 0 | BM36: =SUM(BM34:BM35) -> 0 | BP36: مجموع السعوديين | BR36: =SUM(BR34:BR35) -> 0 | BS36: =SUM(BS34:BS35) -> 0 | BV36: مجموع السعوديين | BX36: =SUM(BX34:BX35) -> 0 | BY36: =SUM(BY34:BY35) -> 0
B37: غير سعودي | C37: ذكر | D37: 0 | E37: 0 | H37: غير سعودي | I37: ذكر | J37: 0 | K37: 0 | N37: غير سعودي | O37: ذكر | P37: 0 | Q37: 0 | T37: غير سعودي | U37: ذكر | V37: 0 | W37: 0 | Z37: غير سعودي | AA37: ذكر | AB37: 0 | AC37: 0 | AF37: غير سعودي | AG37: ذكر | AH37: 0 | AI37: 0 | AL37: غير سعودي | AM37: ذكر | AN37: 0 | AO37: 0 | AR37: غير سعودي | AS37: ذكر | AT37: 0 | AU37: 0 | AX37: غير سعودي | AY37: ذكر | AZ37: 0 | BA37: 0 | BD37: غير سعودي | BE37: ذكر | BF37: 0 | BG37: 0 | BJ37: غير سعودي | BK37: ذكر | BL37: 0 | BM37: 0 | BP37: غير سعودي | BQ37: ذكر | BR37: 0 | BS37: 0 | BV37: غير سعودي | BW37: ذكر | BX37: =SUM(D37+J37+P37+V37+AB37+AH37+AN37+AT37+AZ37+BF37+BL37+BR37) -> 0 | BY37: =SUM(E37+K37+Q37+W37+AC37+AI37+AO37+AU37+BA37+BG37+BM37+BS37) -> 0
C38: أنثى | D38: 0 | E38: 0 | I38: أنثى | J38: 0 | K38: 0 | O38: أنثى | P38: 0 | Q38: 0 | U38: أنثى | V38: 0 | W38: 0 | AA38: أنثى | AB38: 0 | AC38: 0 | AG38: أنثى | AH38: 0 | AI38: 0 | AM38: أنثى | AN38: 0 | AO38: 0 | AS38: أنثى | AT38: 0 | AU38: 0 | AY38: أنثى | AZ38: 0 | BA38: 0 | BE38: أنثى | BF38: 0 | BG38: 0 | BK38: أنثى | BL38: 0 | BM38: 0 | BQ38: أنثى | BR38: 0 | BS38: 0 | BW38: أنثى | BX38: =SUM(D38+J38+P38+V38+AB38+AH38+AN38+AT38+AZ38+BF38+BL38+BR38) -> 0 | BY38: =SUM(E38+K38+Q38+W38+AC38+AI38+AO38+AU38+BA38+BG38+BM38+BS38) -> 0
B39: مجمع الغير سعوديين | D39: =SUM(D37:D38) -> 0 | E39: =SUM(E37:E38) -> 0 | H39: مجمع الغير سعوديين | J39: =SUM(J37:J38) -> 0 | K39: =SUM(K37:K38) -> 0 | N39: مجمع الغير سعوديين | P39: =SUM(P37:P38) -> 0 | Q39: =SUM(Q37:Q38) -> 0 | T39: مجمع الغير سعوديين | V39: =SUM(V37:V38) -> 0 | W39: =SUM(W37:W38) -> 0 | Z39: مجمع الغير سعوديين | AB39: =SUM(AB37:AB38) -> 0 | AC39: =SUM(AC37:AC38) -> 0 | AF39: مجمع الغير سعوديين | AH39: =SUM(AH37:AH38) -> 0 | AI39: =SUM(AI37:AI38) -> 0 | AL39: مجمع الغير سعوديين | AN39: =SUM(AN37:AN38) -> 0 | AO39: =SUM(AO37:AO38) -> 0 | AR39: مجمع الغير سعوديين | AT39: =SUM(AT37:AT38) -> 0 | AU39: =SUM(AU37:AU38) -> 0 | AX39: مجمع الغير سعوديين | AZ39: =SUM(AZ37:AZ38) -> 0 | BA39: =SUM(BA37:BA38) -> 0 | BD39: مجمع الغير سعوديين | BF39: 0 | BG39: 0 | BJ39: مجمع الغير سعوديين | BL39: =SUM(BL37:BL38) -> 0 | BM39: =SUM(BM37:BM38) -> 0 | BP39: مجمع الغير سعوديين | BR39: =SUM(BR37:BR38) -> 0 | BS39: =SUM(BS37:BS38) -> 0 | BV39: مجمع الغير سعوديين | BX39: =SUM(BX37:BX38) -> 0 | BY39: =SUM(BY37:BY38) -> 0
B40: المجموع الكلي | D40: =SUM(D36+D39) -> 0 | E40: =SUM(E36+E39) -> 0 | H40: المجموع الكلي | J40: =SUM(J36+J39) -> 0 | K40: =SUM(K36+K39) -> 0 | N40: المجموع الكلي | P40: =SUM(P36+P39) -> 0 | Q40: =SUM(Q36+Q39) -> 0 | T40: المجموع الكلي | V40: =SUM(V36+V39) -> 0 | W40: =SUM(W36+W39) -> 0 | Z40: المجموع الكلي | AB40: =SUM(AB36+AB39) -> 0 | AC40: =SUM(AC36+AC39) -> 0 | AF40: المجموع الكلي | AH40: =SUM(AH36+AH39) -> 0 | AI40: =SUM(AI36+AI39) -> 0 | AL40: المجموع الكلي | AN40: =SUM(AN36+AN39) -> 0 | AO40: =SUM(AO36+AO39) -> 0 | AR40: المجموع الكلي | AT40: =SUM(AT36+AT39) -> 0 | AU40: =SUM(AU36+AU39) -> 0 | AX40: المجموع الكلي | AZ40: =SUM(AZ36+AZ39) -> 0 | BA40: =SUM(BA36+BA39) -> 0 | BD40: المجموع الكلي | BF40: 0 | BG40: 0 | BJ40: المجموع الكلي | BL40: =SUM(BL36+BL39) -> 0 | BM40: =SUM(BM36+BM39) -> 0 | BP40: المجموع الكلي | BR40: =SUM(BR36+BR39) -> 0 | BS40: =SUM(BS36+BS39) -> 0 | BV40: المجموع الكلي | BX40: =SUM(BX36+BX39) -> 0 | BY40: =SUM(BY36+BY39) -> 0
A41: قويزة | B41: سعودي | C41: ذكر | D41: 18 | E41: 19 | G41: قويزة | H41: سعودي | I41: ذكر | J41: 19 | K41: 22 | M41: قويزة | N41: سعودي | O41: ذكر | P41: 14 | Q41: 17 | S41: قويزة | T41: سعودي | U41: ذكر | V41: 0 | W41: 0 | Y41: قويزة | Z41: سعودي | AA41: ذكر | AB41: 0 | AC41: 0 | AE41: قويزة | AF41: سعودي | AG41: ذكر | AH41: 0 | AI41: 0 | AK41: قويزة | AL41: سعودي | AM41: ذكر | AN41: 0 | AO41: 0 | AQ41: قويزة | AR41: سعودي | AS41: ذكر | AT41: 9 | AU41: 11 | AW41: قويزة | AX41: سعودي | AY41: ذكر | AZ41: 2 | BA41: 2 | BC41: قويزة | BD41: سعودي | BE41: ذكر | BF41: 18 | BG41: 19 | BI41: قويزة | BJ41: سعودي | BK41: ذكر | BL41: 0 | BM41: 0 | BO41: قويزة | BP41: سعودي | BQ41: ذكر | BR41: 0 | BS41: 0 | BU41: =BO41 -> قويزة | BV41: سعودي | BW41: ذكر | BX41: =SUM(D41+J41+P41+V41+AB41+AH41+AN41+AT41+AZ41+BF41+BL41+BR41) -> 80 | BY41: =SUM(E41+K41+Q41+W41+AC41+AI41+AO41+AU41+BA41+BG41+BM41+BS41) -> 90
C42: أنثى | D42: 16 | E42: 19 | I42: أنثى | J42: 16 | K42: 20 | O42: أنثى | P42: 16 | Q42: 19 | U42: أنثى | V42: 0 | W42: 0 | AA42: أنثى | AB42: 0 | AC42: 0 | AG42: أنثى | AH42: 0 | AI42: 0 | AM42: أنثى | AN42: 0 | AO42: 0 | AS42: أنثى | AT42: 11 | AU42: 13 | AY42: أنثى | AZ42: 1 | BA42: 1 | BE42: أنثى | BF42: 16 | BG42: 19 | BK42: أنثى | BL42: 0 | BM42: 0 | BQ42: أنثى | BR42: 0 | BS42: 0 | BW42: أنثى | BX42: =SUM(D42+J42+P42+V42+AB42+AH42+AN42+AT42+AZ42+BF42+BL42+BR42) -> 76 | BY42: =SUM(E42+K42+Q42+W42+AC42+AI42+AO42+AU42+BA42+BG42+BM42+BS42) -> 91
B43: مجموع السعوديين | D43: =SUM(D41:D42) -> 34 | E43: =SUM(E41:E42) -> 38 | H43: مجموع السعوديين | J43: =SUM(J41:J42) -> 35 | K43: =SUM(K41:K42) -> 42 | N43: مجموع السعوديين | P43: =SUM(P41:P42) -> 30 | Q43: =SUM(Q41:Q42) -> 36 | T43: مجموع السعوديين | V43: =SUM(V41:V42) -> 0 | W43: =SUM(W41:W42) -> 0 | Z43: مجموع السعوديين | AB43: =SUM(AB41:AB42) -> 0 | AC43: =SUM(AC41:AC42) -> 0 | AF43: مجموع السعوديين | AH43: =SUM(AH41:AH42) -> 0 | AI43: =SUM(AI41:AI42) -> 0 | AL43: مجموع السعوديين | AN43: =SUM(AN41:AN42) -> 0 | AO43: =SUM(AO41:AO42) -> 0 | AR43: مجموع السعوديين | AT43: =SUM(AT41:AT42) -> 20 | AU43: =SUM(AU41:AU42) -> 24 | AX43: مجموع السعوديين | AZ43: =SUM(AZ41:AZ42) -> 3 | BA43: =SUM(BA41:BA42) -> 3 | BD43: مجموع السعوديين | BF43: 34 | BG43: 38 | BJ43: مجموع السعوديين | BL43: =SUM(BL41:BL42) -> 0 | BM43: =SUM(BM41:BM42) -> 0 | BP43: مجموع السعوديين | BR43: =SUM(BR41:BR42) -> 0 | BS43: =SUM(BS41:BS42) -> 0 | BV43: مجموع السعوديين | BX43: =SUM(BX41:BX42) -> 156 | BY43: =SUM(BY41:BY42) -> 181
B44: غير سعودي | C44: ذكر | D44: 0 | E44: 0 | H44: غير سعودي | I44: ذكر | J44: 0 | K44: 0 | N44: غير سعودي | O44: ذكر | P44: 0 | Q44: 0 | T44: غير سعودي | U44: ذكر | V44: 0 | W44: 0 | Z44: غير سعودي | AA44: ذكر | AB44: 0 | AC44: 0 | AF44: غير سعودي | AG44: ذكر | AH44: 0 | AI44: 0 | AL44: غير سعودي | AM44: ذكر | AN44: 0 | AO44: 0 | AR44: غير سعودي | AS44: ذكر | AT44: 0 | AU44: 0 | AX44: غير سعودي | AY44: ذكر | AZ44: 0 | BA44: 0 | BD44: غير سعودي | BE44: ذكر | BF44: 0 | BG44: 0 | BJ44: غير سعودي | BK44: ذكر | BL44: 0 | BM44: 0 | BP44: غير سعودي | BQ44: ذكر | BR44: 0 | BS44: 0 | BV44: غير سعودي | BW44: ذكر | BX44: =SUM(D44+J44+P44+V44+AB44+AH44+AN44+AT44+AZ44+BF44+BL44+BR44) -> 0 | BY44: =SUM(E44+K44+Q44+W44+AC44+AI44+AO44+AU44+BA44+BG44+BM44+BS44) -> 0
C45: أنثى | D45: 0 | E45: 0 | I45: أنثى | J45: 0 | K45: 0 | O45: أنثى | P45: 0 | Q45: 0 | U45: أنثى | V45: 0 | W45: 0 | AA45: أنثى | AB45: 0 | AC45: 0 | AG45: أنثى | AH45: 0 | AI45: 0 | AM45: أنثى | AN45: 0 | AO45: 0 | AS45: أنثى | AT45: 0 | AU45: 0 | AY45: أنثى | AZ45: 0 | BA45: 0 | BE45: أنثى | BF45: 0 | BG45: 0 | BK45: أنثى | BL45: 0 | BM45: 0 | BQ45: أنثى | BR45: 0 | BS45: 0 | BW45: أنثى | BX45: =SUM(D45+J45+P45+V45+AB45+AH45+AN45+AT45+AZ45+BF45+BL45+BR45) -> 0 | BY45: =SUM(E45+K45+Q45+W45+AC45+AI45+AO45+AU45+BA45+BG45+BM45+BS45) -> 0
B46: مجمع الغير سعوديين | D46: =SUM(D44:D45) -> 0 | E46: =SUM(E44:E45) -> 0 | H46: مجمع الغير سعوديين | J46: =SUM(J44:J45) -> 0 | K46: =SUM(K44:K45) -> 0 | N46: مجمع الغير سعوديين | P46: =SUM(P44:P45) -> 0 | Q46: =SUM(Q44:Q45) -> 0 | T46: مجمع الغير سعوديين | V46: =SUM(V44:V45) -> 0 | W46: =SUM(W44:W45) -> 0 | Z46: مجمع الغير سعوديين | AB46: =SUM(AB44:AB45) -> 0 | AC46: =SUM(AC44:AC45) -> 0 | AF46: مجمع الغير سعوديين | AH46: =SUM(AH44:AH45) -> 0 | AI46: =SUM(AI44:AI45) -> 0 | AL46: مجمع الغير سعوديين | AN46: =SUM(AN44:AN45) -> 0 | AO46: =SUM(AO44:AO45) -> 0 | AR46: مجمع الغير سعوديين | AT46: =SUM(AT44:AT45) -> 0 | AU46: =SUM(AU44:AU45) -> 0 | AX46: مجمع الغير سعوديين | AZ46: =SUM(AZ44:AZ45) -> 0 | BA46: =SUM(BA44:BA45) -> 0 | BD46: مجمع الغير سعوديين | BF46: 0 | BG46: 0 | BJ46: مجمع الغير سعوديين | BL46: =SUM(BL44:BL45) -> 0 | BM46: =SUM(BM44:BM45) -> 0 | BP46: مجمع الغير سعوديين | BR46: =SUM(BR44:BR45) -> 0 | BS46: =SUM(BS44:BS45) -> 0 | BV46: مجمع الغير سعوديين | BX46: =SUM(BX44:BX45) -> 0 | BY46: =SUM(BY44:BY45) -> 0
B47: المجموع الكلي | D47: =SUM(D43+D46) -> 34 | E47: =SUM(E43+E46) -> 38 | H47: المجموع الكلي | J47: =SUM(J43+J46) -> 35 | K47: =SUM(K43+K46) -> 42 | N47: المجموع الكلي | P47: =SUM(P43+P46) -> 30 | Q47: =SUM(Q43+Q46) -> 36 | T47: المجموع الكلي | V47: =SUM(V43+V46) -> 0 | W47: =SUM(W43+W46) -> 0 | Z47: المجموع الكلي | AB47: =SUM(AB43+AB46) -> 0 | AC47: =SUM(AC43+AC46) -> 0 | AF47: المجموع الكلي | AH47: =SUM(AH43+AH46) -> 0 | AI47: =SUM(AI43+AI46) -> 0 | AL47: المجموع الكلي | AN47: =SUM(AN43+AN46) -> 0 | AO47: =SUM(AO43+AO46) -> 0 | AR47: المجموع الكلي | AT47: =SUM(AT43+AT46) -> 20 | AU47: =SUM(AU43+AU46) -> 24 | AX47: المجموع الكلي | AZ47: =SUM(AZ43+AZ46) -> 3 | BA47: =SUM(BA43+BA46) -> 3 | BD47: المجموع الكلي | BF47: 34 | BG47: 38 | BJ47: المجموع الكلي | BL47: =SUM(BL43+BL46) -> 0 | BM47: =SUM(BM43+BM46) -> 0 | BP47: المجموع الكلي | BR47: =SUM(BR43+BR46) -> 0 | BS47: =SUM(BS43+BS46) -> 0 | BV47: المجموع الكلي | BX47: =SUM(BX43+BX46) -> 156 | BY47: =SUM(BY43+BY46) -> 181
A48: الرغامة | B48: سعودي | C48: ذكر | D48: 0 | E48: 0 | G48: الرغامة | H48: سعودي | I48: ذكر | J48: 0 | K48: 0 | M48: الرغامة | N48: سعودي | O48: ذكر | P48: 0 | Q48: 0 | S48: الرغامة | T48: سعودي | U48: ذكر | V48: 0 | W48: 0 | Y48: الرغامة | Z48: سعودي | AA48: ذكر | AB48: 0 | AC48: 0 | AE48: الرغامة | AF48: سعودي | AG48: ذكر | AH48: 0 | AI48: 0 | AK48: الرغامة | AL48: سعودي | AM48: ذكر | AN48: 0 | AO48: 0 | AQ48: الرغامة | AR48: سعودي | AS48: ذكر | AT48: 0 | AU48: 0 | AW48: الرغامة | AX48: سعودي | AY48: ذكر | AZ48: 0 | BA48: 0 | BC48: الرغامة | BD48: سعودي | BE48: ذكر | BF48: 0 | BG48: 0 | BI48: الرغامة | BJ48: سعودي | BK48: ذكر | BL48: 0 | BM48: 0 | BO48: الرغامة | BP48: سعودي | BQ48: ذكر | BR48: 0 | BS48: 0 | BU48: =BO48 -> الرغامة | BV48: سعودي | BW48: ذكر | BX48: =SUM(D48+J48+P48+V48+AB48+AH48+AN48+AT48+AZ48+BF48+BL48+BR48) -> 0 | BY48: =SUM(E48+K48+Q48+W48+AC48+AI48+AO48+AU48+BA48+BG48+BM48+BS48) -> 0
C49: أنثى | D49: 0 | E49: 0 | I49: أنثى | J49: 0 | K49: 0 | O49: أنثى | P49: 0 | Q49: 0 | U49: أنثى | V49: 0 | W49: 0 | AA49: أنثى | AB49: 0 | AC49: 0 | AG49: أنثى | AH49: 0 | AI49: 0 | AM49: أنثى | AN49: 0 | AO49: 0 | AS49: أنثى | AT49: 0 | AU49: 0 | AY49: أنثى | AZ49: 0 | BA49: 0 | BE49: أنثى | BF49: 0 | BG49: 0 | BK49: أنثى | BL49: 0 | BM49: 0 | BQ49: أنثى | BR49: 0 | BS49: 0 | BW49: أنثى | BX49: =SUM(D49+J49+P49+V49+AB49+AH49+AN49+AT49+AZ49+BF49+BL49+BR49) -> 0 | BY49: =SUM(E49+K49+Q49+W49+AC49+AI49+AO49+AU49+BA49+BG49+BM49+BS49) -> 0
B50: مجموع السعوديين | D50: =SUM(D48:D49) -> 0 | E50: =SUM(E48:E49) -> 0 | H50: مجموع السعوديين | J50: =SUM(J48:J49) -> 0 | K50: =SUM(K48:K49) -> 0 | N50: مجموع السعوديين | P50: =SUM(P48:P49) -> 0 | Q50: =SUM(Q48:Q49) -> 0 | T50: مجموع السعوديين | V50: =SUM(V48:V49) -> 0 | W50: =SUM(W48:W49) -> 0 | Z50: مجموع السعوديين | AB50: =SUM(AB48:AB49) -> 0 | AC50: =SUM(AC48:AC49) -> 0 | AF50: مجموع السعوديين | AH50: =SUM(AH48:AH49) -> 0 | AI50: =SUM(AI48:AI49) -> 0 | AL50: مجموع السعوديين | AN50: =SUM(AN48:AN49) -> 0 | AO50: =SUM(AO48:AO49) -> 0 | AR50: مجموع السعوديين | AT50: =SUM(AT48:AT49) -> 0 | AU50: =SUM(AU48:AU49) -> 0 | AX50: مجموع السعوديين | AZ50: =SUM(AZ48:AZ49) -> 0 | BA50: =SUM(BA48:BA49) -> 0 | BD50: مجموع السعوديين | BF50: =SUM(BF48:BF49) -> 0 | BG50: =SUM(BG48:BG49) -> 0 | BJ50: مجموع السعوديين | BL50: =SUM(BL48:BL49) -> 0 | BM50: =SUM(BM48:BM49) -> 0 | BP50: مجموع السعوديين | BR50: =SUM(BR48:BR49) -> 0 | BS50: =SUM(BS48:BS49) -> 0 | BV50: مجموع السعوديين | BX50: =SUM(BX48:BX49) -> 0 | BY50: =SUM(BY48:BY49) -> 0
B51: غير سعودي | C51: ذكر | D51: 0 | E51: 0 | H51: غير سعودي | I51: ذكر | J51: 0 | K51: 0 | N51: غير سعودي | O51: ذكر | P51: 0 | Q51: 0 | T51: غير سعودي | U51: ذكر | V51: 0 | W51: 0 | Z51: غير سعودي | AA51: ذكر | AB51: 0 | AC51: 0 | AF51: غير سعودي | AG51: ذكر | AH51: 0 | AI51: 0 | AL51: غير سعودي | AM51: ذكر | AN51: 0 | AO51: 0 | AR51: غير سعودي | AS51: ذكر | AT51: 0 | AU51: 0 | AX51: غير سعودي | AY51: ذكر | AZ51: 0 | BA51: 0 | BD51: غير سعودي | BE51: ذكر | BF51: 0 | BG51: 0 | BJ51: غير سعودي | BK51: ذكر | BL51: 0 | BM51: 0 | BP51: غير سعودي | BQ51: ذكر | BR51: 0 | BS51: 0 | BV51: غير سعودي | BW51: ذكر | BX51: =SUM(D51+J51+P51+V51+AB51+AH51+AN51+AT51+AZ51+BF51+BL51+BR51) -> 0 | BY51: =SUM(E51+K51+Q51+W51+AC51+AI51+AO51+AU51+BA51+BG51+BM51+BS51) -> 0
C52: أنثى | D52: 0 | E52: 0 | I52: أنثى | J52: 0 | K52: 0 | O52: أنثى | P52: 0 | Q52: 0 | U52: أنثى | V52: 0 | W52: 0 | AA52: أنثى | AB52: 0 | AC52: 0 | AG52: أنثى | AH52: 0 | AI52: 0 | AM52: أنثى | AN52: 0 | AO52: 0 | AS52: أنثى | AT52: 0 | AU52: 0 | AY52: أنثى | AZ52: 0 | BA52: 0 | BE52: أنثى | BF52: 0 | BG52: 0 | BK52: أنثى | BL52: 0 | BM52: 0 | BQ52: أنثى | BR52: 0 | BS52: 0 | BW52: أنثى | BX52: =SUM(D52+J52+P52+V52+AB52+AH52+AN52+AT52+AZ52+BF52+BL52+BR52) -> 0 | BY52: =SUM(E52+K52+Q52+W52+AC52+AI52+AO52+AU52+BA52+BG52+BM52+BS52) -> 0
B53: مجمع الغير سعوديين | D53: =SUM(D51:D52) -> 0 | E53: =SUM(E51:E52) -> 0 | H53: مجمع الغير سعوديين | J53: =SUM(J51:J52) -> 0 | K53: =SUM(K51:K52) -> 0 | N53: مجمع الغير سعوديين | P53: =SUM(P51:P52) -> 0 | Q53: =SUM(Q51:Q52) -> 0 | T53: مجمع الغير سعوديين | V53: =SUM(V51:V52) -> 0 | W53: =SUM(W51:W52) -> 0 | Z53: مجمع الغير سعوديين | AB53: =SUM(AB51:AB52) -> 0 | AC53: =SUM(AC51:AC52) -> 0 | AF53: مجمع الغير سعوديين | AH53: =SUM(AH51:AH52) -> 0 | AI53: =SUM(AI51:AI52) -> 0 | AL53: مجمع الغير سعوديين | AN53: =SUM(AN51:AN52) -> 0 | AO53: =SUM(AO51:AO52) -> 0 | AR53: مجمع الغير سعوديين | AT53: =SUM(AT51:AT52) -> 0 | AU53: =SUM(AU51:AU52) -> 0 | AX53: مجمع الغير سعوديين | AZ53: =SUM(AZ51:AZ52) -> 0 | BA53: =SUM(BA51:BA52) -> 0 | BD53: مجمع الغير سعوديين | BF53: =SUM(BF51:BF52) -> 0 | BG53: =SUM(BG51:BG52) -> 0 | BJ53: مجمع الغير سعوديين | BL53: =SUM(BL51:BL52) -> 0 | BM53: =SUM(BM51:BM52) -> 0 | BP53: مجمع الغير سعوديين | BR53: =SUM(BR51:BR52) -> 0 | BS53: =SUM(BS51:BS52) -> 0 | BV53: مجمع الغير سعوديين | BX53: =SUM(BX51:BX52) -> 0 | BY53: =SUM(BY51:BY52) -> 0
B54: المجموع الكلي | D54: =SUM(D50+D53) -> 0 | E54: =SUM(E50+E53) -> 0 | H54: المجموع الكلي | J54: =SUM(J50+J53) -> 0 | K54: =SUM(K50+K53) -> 0 | N54: المجموع الكلي | P54: =SUM(P50+P53) -> 0 | Q54: =SUM(Q50+Q53) -> 0 | T54: المجموع الكلي | V54: =SUM(V50+V53) -> 0 | W54: =SUM(W50+W53) -> 0 | Z54: المجموع الكلي | AB54: =SUM(AB50+AB53) -> 0 | AC54: =SUM(AC50+AC53) -> 0 | AF54: المجموع الكلي | AH54: =SUM(AH50+AH53) -> 0 | AI54: =SUM(AI50+AI53) -> 0 | AL54: المجموع الكلي | AN54: =SUM(AN50+AN53) -> 0 | AO54: =SUM(AO50+AO53) -> 0 | AR54: المجموع الكلي | AT54: =SUM(AT50+AT53) -> 0 | AU54: =SUM(AU50+AU53) -> 0 | AX54: المجموع الكلي | AZ54: =SUM(AZ50+AZ53) -> 0 | BA54: =SUM(BA50+BA53) -> 0 | BD54: المجموع الكلي | BF54: =SUM(BF50+BF53) -> 0 | BG54: =SUM(BG50+BG53) -> 0 | BJ54: المجموع الكلي | BL54: =SUM(BL50+BL53) -> 0 | BM54: =SUM(BM50+BM53) -> 0 | BP54: المجموع الكلي | BR54: =SUM(BR50+BR53) -> 0 | BS54: =SUM(BS50+BS53) -> 0 | BV54: المجموع الكلي | BX54: =SUM(BX50+BX53) -> 0 | BY54: =SUM(BY50+BY53) -> 0
A55: الواحة | B55: سعودي | C55: ذكر | D55: 0 | E55: 0 | G55: الواحة | H55: سعودي | I55: ذكر | J55: 0 | K55: 0 | M55: الواحة | N55: سعودي | O55: ذكر | P55: 0 | Q55: 0 | S55: الواحة | T55: سعودي | U55: ذكر | V55: 0 | W55: 0 | Y55: الواحة | Z55: سعودي | AA55: ذكر | AB55: 0 | AC55: 0 | AE55: الواحة | AF55: سعودي | AG55: ذكر | AH55: 0 | AI55: 0 | AK55: الواحة | AL55: سعودي | AM55: ذكر | AN55: 0 | AO55: 0 | AQ55: الواحة | AR55: سعودي | AS55: ذكر | AT55: 0 | AU55: 0 | AW55: الواحة | AX55: سعودي | AY55: ذكر | AZ55: 0 | BA55: 0 | BC55: الواحة | BD55: سعودي | BE55: ذكر | BF55: 0 | BG55: 0 | BI55: الواحة | BJ55: سعودي | BK55: ذكر | BL55: 0 | BM55: 0 | BO55: الواحة | BP55: سعودي | BQ55: ذكر | BR55: 0 | BS55: 0 | BU55: =BO55 -> الواحة | BV55: سعودي | BW55: ذكر | BX55: =SUM(D55+J55+P55+V55+AB55+AH55+AN55+AT55+AZ55+BF55+BL55+BR55) -> 0 | BY55: =SUM(E55+K55+Q55+W55+AC55+AI55+AO55+AU55+BA55+BG55+BM55+BS55) -> 0
C56: أنثى | D56: 0 | E56: 0 | I56: أنثى | J56: 0 | K56: 0 | O56: أنثى | P56: 0 | Q56: 0 | U56: أنثى | V56: 0 | W56: 0 | AA56: أنثى | AB56: 0 | AC56: 0 | AG56: أنثى | AH56: 0 | AI56: 0 | AM56: أنثى | AN56: 0 | AO56: 0 | AS56: أنثى | AT56: 0 | AU56: 0 | AY56: أنثى | AZ56: 0 | BA56: 0 | BE56: أنثى | BF56: 0 | BG56: 0 | BK56: أنثى | BL56: 0 | BM56: 0 | BQ56: أنثى | BR56: 0 | BS56: 0 | BW56: أنثى | BX56: =SUM(D56+J56+P56+V56+AB56+AH56+AN56+AT56+AZ56+BF56+BL56+BR56) -> 0 | BY56: =SUM(E56+K56+Q56+W56+AC56+AI56+AO56+AU56+BA56+BG56+BM56+BS56) -> 0
B57: مجموع السعوديين | D57: =SUM(D55:D56) -> 0 | E57: =SUM(E55:E56) -> 0 | H57: مجموع السعوديين | J57: =SUM(J55:J56) -> 0 | K57: =SUM(K55:K56) -> 0 | N57: مجموع السعوديين | P57: =SUM(P55:P56) -> 0 | Q57: =SUM(Q55:Q56) -> 0 | T57: مجموع السعوديين | V57: =SUM(V55:V56) -> 0 | W57: =SUM(W55:W56) -> 0 | Z57: مجموع السعوديين | AB57: =SUM(AB55:AB56) -> 0 | AC57: =SUM(AC55:AC56) -> 0 | AF57: مجموع السعوديين | AH57: =SUM(AH55:AH56) -> 0 | AI57: =SUM(AI55:AI56) -> 0 | AL57: مجموع السعوديين | AN57: =SUM(AN55:AN56) -> 0 | AO57: =SUM(AO55:AO56) -> 0 | AR57: مجموع السعوديين | AT57: =SUM(AT55:AT56) -> 0 | AU57: =SUM(AU55:AU56) -> 0 | AX57: مجموع السعوديين | AZ57: =SUM(AZ55:AZ56) -> 0 | BA57: =SUM(BA55:BA56) -> 0 | BD57: مجموع السعوديين | BF57: =SUM(BF55:BF56) -> 0 | BG57: =SUM(BG55:BG56) -> 0 | BJ57: مجموع السعوديين | BL57: =SUM(BL55:BL56) -> 0 | BM57: =SUM(BM55:BM56) -> 0 | BP57: مجموع السعوديين | BR57: =SUM(BR55:BR56) -> 0 | BS57: =SUM(BS55:BS56) -> 0 | BV57: مجموع السعوديين | BX57: =SUM(BX55:BX56) -> 0 | BY57: =SUM(BY55:BY56) -> 0
B58: غير سعودي | C58: ذكر | D58: 0 | E58: 0 | H58: غير سعودي | I58: ذكر | J58: 0 | K58: 0 | N58: غير سعودي | O58: ذكر | P58: 0 | Q58: 0 | T58: غير سعودي | U58: ذكر | V58: 0 | W58: 0 | Z58: غير سعودي | AA58: ذكر | AB58: 0 | AC58: 0 | AF58: غير سعودي | AG58: ذكر | AH58: 0 | AI58: 0 | AL58: غير سعودي | AM58: ذكر | AN58: 0 | AO58: 0 | AR58: غير سعودي | AS58: ذكر | AT58: 0 | AU58: 0 | AX58: غير سعودي | AY58: ذكر | AZ58: 0 | BA58: 0 | BD58: غير سعودي | BE58: ذكر | BF58: 0 | BG58: 0 | BJ58: غير سعودي | BK58: ذكر | BL58: 0 | BM58: 0 | BP58: غير سعودي | BQ58: ذكر | BR58: 0 | BS58: 0 | BV58: غير سعودي | BW58: ذكر | BX58: =SUM(D58+J58+P58+V58+AB58+AH58+AN58+AT58+AZ58+BF58+BL58+BR58) -> 0 | BY58: =SUM(E58+K58+Q58+W58+AC58+AI58+AO58+AU58+BA58+BG58+BM58+BS58) -> 0
C59: أنثى | D59: 0 | E59: 0 | I59: أنثى | J59: 0 | K59: 0 | O59: أنثى | P59: 0 | Q59: 0 | U59: أنثى | V59: 0 | W59: 0 | AA59: أنثى | AB59: 0 | AC59: 0 | AG59: أنثى | AH59: 0 | AI59: 0 | AM59: أنثى | AN59: 0 | AO59: 0 | AS59: أنثى | AT59: 0 | AU59: 0 | AY59: أنثى | AZ59: 0 | BA59: 0 | BE59: أنثى | BF59: 0 | BG59: 0 | BK59: أنثى | BL59: 0 | BM59: 0 | BQ59: أنثى | BR59: 0 | BS59: 0 | BW59: أنثى | BX59: =SUM(D59+J59+P59+V59+AB59+AH59+AN59+AT59+AZ59+BF59+BL59+BR59) -> 0 | BY59: =SUM(E59+K59+Q59+W59+AC59+AI59+AO59+AU59+BA59+BG59+BM59+BS59) -> 0
B60: مجمع الغير سعوديين | D60: =SUM(D58:D59) -> 0 | E60: =SUM(E58:E59) -> 0 | H60: مجمع الغير سعوديين | J60: =SUM(J58:J59) -> 0 | K60: =SUM(K58:K59) -> 0 | N60: مجمع الغير سعوديين | P60: =SUM(P58:P59) -> 0 | Q60: =SUM(Q58:Q59) -> 0 | T60: مجمع الغير سعوديين | V60: =SUM(V58:V59) -> 0 | W60: =SUM(W58:W59) -> 0 | Z60: مجمع الغير سعوديين | AB60: =SUM(AB58:AB59) -> 0 | AC60: =SUM(AC58:AC59) -> 0 | AF60: مجمع الغير سعوديين | AH60: =SUM(AH58:AH59) -> 0 | AI60: =SUM(AI58:AI59) -> 0 | AL60: مجمع الغير سعوديين | AN60: =SUM(AN58:AN59) -> 0 | AO60: =SUM(AO58:AO59) -> 0 | AR60: مجمع الغير سعوديين | AT60: =SUM(AT58:AT59) -> 0 | AU60: =SUM(AU58:AU59) -> 0 | AX60: مجمع الغير سعوديين | AZ60: =SUM(AZ58:AZ59) -> 0 | BA60: =SUM(BA58:BA59) -> 0 | BD60: مجمع الغير سعوديين | BF60: =SUM(BF58:BF59) -> 0 | BG60: =SUM(BG58:BG59) -> 0 | BJ60: مجمع الغير سعوديين | BL60: =SUM(BL58:BL59) -> 0 | BM60: =SUM(BM58:BM59) -> 0 | BP60: مجمع الغير سعوديين | BR60: =SUM(BR58:BR59) -> 0 | BS60: =SUM(BS58:BS59) -> 0 | BV60: مجمع الغير سعوديين | BX60: =SUM(BX58:BX59) -> 0 | BY60: =SUM(BY58:BY59) -> 0
B61: المجموع الكلي | D61: =SUM(D57+D60) -> 0 | E61: =SUM(E57+E60) -> 0 | H61: المجموع الكلي | J61: =SUM(J57+J60) -> 0 | K61: =SUM(K57+K60) -> 0 | N61: المجموع الكلي | P61: =SUM(P57+P60) -> 0 | Q61: =SUM(Q57+Q60) -> 0 | T61: المجموع الكلي | V61: =SUM(V57+V60) -> 0 | W61: =SUM(W57+W60) -> 0 | Z61: المجموع الكلي | AB61: =SUM(AB57+AB60) -> 0 | AC61: =SUM(AC57+AC60) -> 0 | AF61: المجموع الكلي | AH61: =SUM(AH57+AH60) -> 0 | AI61: =SUM(AI57+AI60) -> 0 | AL61: المجموع الكلي | AN61: =SUM(AN57+AN60) -> 0 | AO61: =SUM(AO57+AO60) -> 0 | AR61: المجموع الكلي | AT61: =SUM(AT57+AT60) -> 0 | AU61: =SUM(AU57+AU60) -> 0 | AX61: المجموع الكلي | AZ61: =SUM(AZ57+AZ60) -> 0 | BA61: =SUM(BA57+BA60) -> 0 | BD61: المجموع الكلي | BF61: =SUM(BF57+BF60) -> 0 | BG61: =SUM(BG57+BG60) -> 0 | BJ61: المجموع الكلي | BL61: =SUM(BL57+BL60) -> 0 | BM61: =SUM(BM57+BM60) -> 0 | BP61: المجموع الكلي | BR61: =SUM(BR57+BR60) -> 0 | BS61: =SUM(BS57+BS60) -> 0 | BV61: المجموع الكلي | BX61: =SUM(BX57+BX60) -> 0 | BY61: =SUM(BY57+BY60) -> 0
A62: 0 | B62: سعودي | C62: ذكر | D62: 0 | E62: 0 | G62: 0 | H62: سعودي | I62: ذكر | J62: 0 | K62: 0 | M62: 0 | N62: سعودي | O62: ذكر | P62: 0 | Q62: 0 | S62: 0 | T62: سعودي | U62: ذكر | V62: 0 | W62: 0 | Y62: 0 | Z62: سعودي | AA62: ذكر | AB62: 0 | AC62: 0 | AE62: 0 | AF62: سعودي | AG62: ذكر | AH62: 0 | AI62: 0 | AK62: 0 | AL62: سعودي | AM62: ذكر | AN62: 0 | AO62: 0 | AQ62: 0 | AR62: سعودي | AS62: ذكر | AT62: 0 | AU62: 0 | AW62: 0 | AX62: سعودي | AY62: ذكر | AZ62: 0 | BA62: 0 | BC62: 0 | BD62: سعودي | BE62: ذكر | BF62: 0 | BG62: 0 | BI62: 0 | BJ62: سعودي | BK62: ذكر | BL62: 0 | BM62: 0 | BO62: 0 | BP62: سعودي | BQ62: ذكر | BR62: 0 | BS62: 0 | BU62: =BO62 -> 0 | BV62: سعودي | BW62: ذكر | BX62: =SUM(D62+J62+P62+V62+AB62+AH62+AN62+AT62+AZ62+BF62+BL62+BR62) -> 0 | BY62: =SUM(E62+K62+Q62+W62+AC62+AI62+AO62+AU62+BA62+BG62+BM62+BS62) -> 0
C63: أنثى | D63: 0 | E63: 0 | I63: أنثى | J63: 0 | K63: 0 | O63: أنثى | P63: 0 | Q63: 0 | U63: أنثى | V63: 0 | W63: 0 | AA63: أنثى | AB63: 0 | AC63: 0 | AG63: أنثى | AH63: 0 | AI63: 0 | AM63: أنثى | AN63: 0 | AO63: 0 | AS63: أنثى | AT63: 0 | AU63: 0 | AY63: أنثى | AZ63: 0 | BA63: 0 | BE63: أنثى | BF63: 0 | BG63: 0 | BK63: أنثى | BL63: 0 | BM63: 0 | BQ63: أنثى | BR63: 0 | BS63: 0 | BW63: أنثى | BX63: =SUM(D63+J63+P63+V63+AB63+AH63+AN63+AT63+AZ63+BF63+BL63+BR63) -> 0 | BY63: =SUM(E63+K63+Q63+W63+AC63+AI63+AO63+AU63+BA63+BG63+BM63+BS63) -> 0
B64: مجموع السعوديين | D64: =SUM(D62:D63) -> 0 | E64: =SUM(E62:E63) -> 0 | H64: مجموع السعوديين | J64: =SUM(J62:J63) -> 0 | K64: =SUM(K62:K63) -> 0 | N64: مجموع السعوديين | P64: =SUM(P62:P63) -> 0 | Q64: =SUM(Q62:Q63) -> 0 | T64: مجموع السعوديين | V64: =SUM(V62:V63) -> 0 | W64: =SUM(W62:W63) -> 0 | Z64: مجموع السعوديين | AB64: =SUM(AB62:AB63) -> 0 | AC64: =SUM(AC62:AC63) -> 0 | AF64: مجموع السعوديين | AH64: =SUM(AH62:AH63) -> 0 | AI64: =SUM(AI62:AI63) -> 0 | AL64: مجموع السعوديين | AN64: =SUM(AN62:AN63) -> 0 | AO64: =SUM(AO62:AO63) -> 0 | AR64: مجموع السعوديين | AT64: =SUM(AT62:AT63) -> 0 | AU64: =SUM(AU62:AU63) -> 0 | AX64: مجموع السعوديين | AZ64: =SUM(AZ62:AZ63) -> 0 | BA64: =SUM(BA62:BA63) -> 0 | BD64: مجموع السعوديين | BF64: =SUM(BF62:BF63) -> 0 | BG64: =SUM(BG62:BG63) -> 0 | BJ64: مجموع السعوديين | BL64: =SUM(BL62:BL63) -> 0 | BM64: =SUM(BM62:BM63) -> 0 | BP64: مجموع السعوديين | BR64: =SUM(BR62:BR63) -> 0 | BS64: =SUM(BS62:BS63) -> 0 | BV64: مجموع السعوديين | BX64: =SUM(BX62:BX63) -> 0 | BY64: =SUM(BY62:BY63) -> 0
B65: غير سعودي | C65: ذكر | D65: 0 | E65: 0 | H65: غير سعودي | I65: ذكر | J65: 0 | K65: 0 | N65: غير سعودي | O65: ذكر | P65: 0 | Q65: 0 | T65: غير سعودي | U65: ذكر | V65: 0 | W65: 0 | Z65: غير سعودي | AA65: ذكر | AB65: 0 | AC65: 0 | AF65: غير سعودي | AG65: ذكر | AH65: 0 | AI65: 0 | AL65: غير سعودي | AM65: ذكر | AN65: 0 | AO65: 0 | AR65: غير سعودي | AS65: ذكر | AT65: 0 | AU65: 0 | AX65: غير سعودي | AY65: ذكر | AZ65: 0 | BA65: 0 | BD65: غير سعودي | BE65: ذكر | BF65: 0 | BG65: 0 | BJ65: غير سعودي | BK65: ذكر | BL65: 0 | BM65: 0 | BP65: غير سعودي | BQ65: ذكر | BR65: 0 | BS65: 0 | BV65: غير سعودي | BW65: ذكر | BX65: =SUM(D65+J65+P65+V65+AB65+AH65+AN65+AT65+AZ65+BF65+BL65+BR65) -> 0 | BY65: =SUM(E65+K65+Q65+W65+AC65+AI65+AO65+AU65+BA65+BG65+BM65+BS65) -> 0
C66: أنثى | D66: 0 | E66: 0 | I66: أنثى | J66: 0 | K66: 0 | O66: أنثى | P66: 0 | Q66: 0 | U66: أنثى | V66: 0 | W66: 0 | AA66: أنثى | AB66: 0 | AC66: 0 | AG66: أنثى | AH66: 0 | AI66: 0 | AM66: أنثى | AN66: 0 | AO66: 0 | AS66: أنثى | AT66: 0 | AU66: 0 | AY66: أنثى | AZ66: 0 | BA66: 0 | BE66: أنثى | BF66: 0 | BG66: 0 | BK66: أنثى | BL66: 0 | BM66: 0 | BQ66: أنثى | BR66: 0 | BS66: 0 | BW66: أنثى | BX66: =SUM(D66+J66+P66+V66+AB66+AH66+AN66+AT66+AZ66+BF66+BL66+BR66) -> 0 | BY66: =SUM(E66+K66+Q66+W66+AC66+AI66+AO66+AU66+BA66+BG66+BM66+BS66) -> 0
B67: مجمع الغير سعوديين | D67: =SUM(D65:D66) -> 0 | E67: =SUM(E65:E66) -> 0 | H67: مجمع الغير سعوديين | J67: =SUM(J65:J66) -> 0 | K67: =SUM(K65:K66) -> 0 | N67: مجمع الغير سعوديين | P67: =SUM(P65:P66) -> 0 | Q67: =SUM(Q65:Q66) -> 0 | T67: مجمع الغير سعوديين | V67: =SUM(V65:V66) -> 0 | W67: =SUM(W65:W66) -> 0 | Z67: مجمع الغير سعوديين | AB67: =SUM(AB65:AB66) -> 0 | AC67: =SUM(AC65:AC66) -> 0 | AF67: مجمع الغير سعوديين | AH67: =SUM(AH65:AH66) -> 0 | AI67: =SUM(AI65:AI66) -> 0 | AL67: مجمع الغير سعوديين | AN67: =SUM(AN65:AN66) -> 0 | AO67: =SUM(AO65:AO66) -> 0 | AR67: مجمع الغير سعوديين | AT67: =SUM(AT65:AT66) -> 0 | AU67: =SUM(AU65:AU66) -> 0 | AX67: مجمع الغير سعوديين | AZ67: =SUM(AZ65:AZ66) -> 0 | BA67: =SUM(BA65:BA66) -> 0 | BD67: مجمع الغير سعوديين | BF67: =SUM(BF65:BF66) -> 0 | BG67: =SUM(BG65:BG66) -> 0 | BJ67: مجمع الغير سعوديين | BL67: =SUM(BL65:BL66) -> 0 | BM67: =SUM(BM65:BM66) -> 0 | BP67: مجمع الغير سعوديين | BR67: =SUM(BR65:BR66) -> 0 | BS67: =SUM(BS65:BS66) -> 0 | BV67: مجمع الغير سعوديين | BX67: =SUM(BX65:BX66) -> 0 | BY67: =SUM(BY65:BY66) -> 0
B68: المجموع الكلي | D68: =SUM(D64+D67) -> 0 | E68: =SUM(E64+E67) -> 0 | H68: المجموع الكلي | J68: =SUM(J64+J67) -> 0 | K68: =SUM(K64+K67) -> 0 | N68: المجموع الكلي | P68: =SUM(P64+P67) -> 0 | Q68: =SUM(Q64+Q67) -> 0 | T68: المجموع الكلي | V68: =SUM(V64+V67) -> 0 | W68: =SUM(W64+W67) -> 0 | Z68: المجموع الكلي | AB68: =SUM(AB64+AB67) -> 0 | AC68: =SUM(AC64+AC67) -> 0 | AF68: المجموع الكلي | AH68: =SUM(AH64+AH67) -> 0 | AI68: =SUM(AI64+AI67) -> 0 | AL68: المجموع الكلي | AN68: =SUM(AN64+AN67) -> 0 | AO68: =SUM(AO64+AO67) -> 0 | AR68: المجموع الكلي | AT68: =SUM(AT64+AT67) -> 0 | AU68: =SUM(AU64+AU67) -> 0 | AX68: المجموع الكلي | AZ68: =SUM(AZ64+AZ67) -> 0 | BA68: =SUM(BA64+BA67) -> 0 | BD68: المجموع الكلي | BF68: =SUM(BF64+BF67) -> 0 | BG68: =SUM(BG64+BG67) -> 0 | BJ68: المجموع الكلي | BL68: =SUM(BL64+BL67) -> 0 | BM68: =SUM(BM64+BM67) -> 0 | BP68: المجموع الكلي | BR68: =SUM(BR64+BR67) -> 0 | BS68: =SUM(BS64+BS67) -> 0 | BV68: المجموع الكلي | BX68: =SUM(BX64+BX67) -> 0 | BY68: =SUM(BY64+BY67) -> 0
A69: 0 | B69: سعودي | C69: ذكر | D69: 0 | E69: 0 | G69: 0 | H69: سعودي | I69: ذكر | J69: 0 | K69: 0 | M69: 0 | N69: سعودي | O69: ذكر | P69: 0 | Q69: 0 | S69: 0 | T69: سعودي | U69: ذكر | V69: 0 | W69: 0 | Y69: 0 | Z69: سعودي | AA69: ذكر | AB69: 0 | AC69: 0 | AE69: 0 | AF69: سعودي | AG69: ذكر | AH69: 0 | AI69: 0 | AK69: 0 | AL69: سعودي | AM69: ذكر | AN69: 0 | AO69: 0 | AQ69: 0 | AR69: سعودي | AS69: ذكر | AT69: 0 | AU69: 0 | AW69: 0 | AX69: سعودي | AY69: ذكر | AZ69: 0 | BA69: 0 | BC69: 0 | BD69: سعودي | BE69: ذكر | BF69: 0 | BG69: 0 | BI69: 0 | BJ69: سعودي | BK69: ذكر | BL69: 0 | BM69: 0 | BO69: 0 | BP69: سعودي | BQ69: ذكر | BR69: 0 | BS69: 0 | BU69: =BO69 -> 0 | BV69: سعودي | BW69: ذكر | BX69: =SUM(D69+J69+P69+V69+AB69+AH69+AN69+AT69+AZ69+BF69+BL69+BR69) -> 0 | BY69: =SUM(E69+K69+Q69+W69+AC69+AI69+AO69+AU69+BA69+BG69+BM69+BS69) -> 0
C70: أنثى | D70: 0 | E70: 0 | I70: أنثى | J70: 0 | K70: 0 | O70: أنثى | P70: 0 | Q70: 0 | U70: أنثى | V70: 0 | W70: 0 | AA70: أنثى | AB70: 0 | AC70: 0 | AG70: أنثى | AH70: 0 | AI70: 0 | AM70: أنثى | AN70: 0 | AO70: 0 | AS70: أنثى | AT70: 0 | AU70: 0 | AY70: أنثى | AZ70: 0 | BA70: 0 | BE70: أنثى | BF70: 0 | BG70: 0 | BK70: أنثى | BL70: 0 | BM70: 0 | BQ70: أنثى | BR70: 0 | BS70: 0 | BW70: أنثى | BX70: =SUM(D70+J70+P70+V70+AB70+AH70+AN70+AT70+AZ70+BF70+BL70+BR70) -> 0 | BY70: =SUM(E70+K70+Q70+W70+AC70+AI70+AO70+AU70+BA70+BG70+BM70+BS70) -> 0
B71: مجموع السعوديين | D71: =SUM(D69:D70) -> 0 | E71: =SUM(E69:E70) -> 0 | H71: مجموع السعوديين | J71: =SUM(J69:J70) -> 0 | K71: =SUM(K69:K70) -> 0 | N71: مجموع السعوديين | P71: =SUM(P69:P70) -> 0 | Q71: =SUM(Q69:Q70) -> 0 | T71: مجموع السعوديين | V71: =SUM(V69:V70) -> 0 | W71: =SUM(W69:W70) -> 0 | Z71: مجموع السعوديين | AB71: =SUM(AB69:AB70) -> 0 | AC71: =SUM(AC69:AC70) -> 0 | AF71: مجموع السعوديين | AH71: =SUM(AH69:AH70) -> 0 | AI71: =SUM(AI69:AI70) -> 0 | AL71: مجموع السعوديين | AN71: =SUM(AN69:AN70) -> 0 | AO71: =SUM(AO69:AO70) -> 0 | AR71: مجموع السعوديين | AT71: =SUM(AT69:AT70) -> 0 | AU71: =SUM(AU69:AU70) -> 0 | AX71: مجموع السعوديين | AZ71: =SUM(AZ69:AZ70) -> 0 | BA71: =SUM(BA69:BA70) -> 0 | BD71: مجموع السعوديين | BF71: =SUM(BF69:BF70) -> 0 | BG71: =SUM(BG69:BG70) -> 0 | BJ71: مجموع السعوديين | BL71: =SUM(BL69:BL70) -> 0 | BM71: =SUM(BM69:BM70) -> 0 | BP71: مجموع السعوديين | BR71: =SUM(BR69:BR70) -> 0 | BS71: =SUM(BS69:BS70) -> 0 | BV71: مجموع السعوديين | BX71: =SUM(BX69:BX70) -> 0 | BY71: =SUM(BY69:BY70) -> 0
B72: غير سعودي | C72: ذكر | D72: 0 | E72: 0 | H72: غير سعودي | I72: ذكر | J72: 0 | K72: 0 | N72: غير سعودي | O72: ذكر | P72: 0 | Q72: 0 | T72: غير سعودي | U72: ذكر | V72: 0 | W72: 0 | Z72: غير سعودي | AA72: ذكر | AB72: 0 | AC72: 0 | AF72: غير سعودي | AG72: ذكر | AH72: 0 | AI72: 0 | AL72: غير سعودي | AM72: ذكر | AN72: 0 | AO72: 0 | AR72: غير سعودي | AS72: ذكر | AT72: 0 | AU72: 0 | AX72: غير سعودي | AY72: ذكر | AZ72: 0 | BA72: 0 | BD72: غير سعودي | BE72: ذكر | BF72: 0 | BG72: 0 | BJ72: غير سعودي | BK72: ذكر | BL72: 0 | BM72: 0 | BP72: غير سعودي | BQ72: ذكر | BR72: 0 | BS72: 0 | BV72: غير سعودي | BW72: ذكر | BX72: =SUM(D72+J72+P72+V72+AB72+AH72+AN72+AT72+AZ72+BF72+BL72+BR72) -> 0 | BY72: =SUM(E72+K72+Q72+W72+AC72+AI72+AO72+AU72+BA72+BG72+BM72+BS72) -> 0
C73: أنثى | D73: 0 | E73: 0 | I73: أنثى | J73: 0 | K73: 0 | O73: أنثى | P73: 0 | Q73: 0 | U73: أنثى | V73: 0 | W73: 0 | AA73: أنثى | AB73: 0 | AC73: 0 | AG73: أنثى | AH73: 0 | AI73: 0 | AM73: أنثى | AN73: 0 | AO73: 0 | AS73: أنثى | AT73: 0 | AU73: 0 | AY73: أنثى | AZ73: 0 | BA73: 0 | BE73: أنثى | BF73: 0 | BG73: 0 | BK73: أنثى | BL73: 0 | BM73: 0 | BQ73: أنثى | BR73: 0 | BS73: 0 | BW73: أنثى | BX73: =SUM(D73+J73+P73+V73+AB73+AH73+AN73+AT73+AZ73+BF73+BL73+BR73) -> 0 | BY73: =SUM(E73+K73+Q73+W73+AC73+AI73+AO73+AU73+BA73+BG73+BM73+BS73) -> 0
B74: مجمع الغير سعوديين | D74: =SUM(D72:D73) -> 0 | E74: =SUM(E72:E73) -> 0 | H74: مجمع الغير سعوديين | J74: =SUM(J72:J73) -> 0 | K74: =SUM(K72:K73) -> 0 | N74: مجمع الغير سعوديين | P74: =SUM(P72:P73) -> 0 | Q74: =SUM(Q72:Q73) -> 0 | T74: مجمع الغير سعوديين | V74: =SUM(V72:V73) -> 0 | W74: =SUM(W72:W73) -> 0 | Z74: مجمع الغير سعوديين | AB74: =SUM(AB72:AB73) -> 0 | AC74: =SUM(AC72:AC73) -> 0 | AF74: مجمع الغير سعوديين | AH74: =SUM(AH72:AH73) -> 0 | AI74: =SUM(AI72:AI73) -> 0 | AL74: مجمع الغير سعوديين | AN74: =SUM(AN72:AN73) -> 0 | AO74: =SUM(AO72:AO73) -> 0 | AR74: مجمع الغير سعوديين | AT74: =SUM(AT72:AT73) -> 0 | AU74: =SUM(AU72:AU73) -> 0 | AX74: مجمع الغير سعوديين | AZ74: =SUM(AZ72:AZ73) -> 0 | BA74: =SUM(BA72:BA73) -> 0 | BD74: مجمع الغير سعوديين | BF74: =SUM(BF72:BF73) -> 0 | BG74: =SUM(BG72:BG73) -> 0 | BJ74: مجمع الغير سعوديين | BL74: =SUM(BL72:BL73) -> 0 | BM74: =SUM(BM72:BM73) -> 0 | BP74: مجمع الغير سعوديين | BR74: =SUM(BR72:BR73) -> 0 | BS74: =SUM(BS72:BS73) -> 0 | BV74: مجمع الغير سعوديين | BX74: =SUM(BX72:BX73) -> 0 | BY74: =SUM(BY72:BY73) -> 0
B75: المجموع الكلي | D75: =SUM(D71+D74) -> 0 | E75: =SUM(E71+E74) -> 0 | H75: المجموع الكلي | J75: =SUM(J71+J74) -> 0 | K75: =SUM(K71+K74) -> 0 | N75: المجموع الكلي | P75: =SUM(P71+P74) -> 0 | Q75: =SUM(Q71+Q74) -> 0 | T75: المجموع الكلي | V75: =SUM(V71+V74) -> 0 | W75: =SUM(W71+W74) -> 0 | Z75: المجموع الكلي | AB75: =SUM(AB71+AB74) -> 0 | AC75: =SUM(AC71+AC74) -> 0 | AF75: المجموع الكلي | AH75: =SUM(AH71+AH74) -> 0 | AI75: =SUM(AI71+AI74) -> 0 | AL75: المجموع الكلي | AN75: =SUM(AN71+AN74) -> 0 | AO75: =SUM(AO71+AO74) -> 0 | AR75: المجموع الكلي | AT75: =SUM(AT71+AT74) -> 0 | AU75: =SUM(AU71+AU74) -> 0 | AX75: المجموع الكلي | AZ75: =SUM(AZ71+AZ74) -> 0 | BA75: =SUM(BA71+BA74) -> 0 | BD75: المجموع الكلي | BF75: =SUM(BF71+BF74) -> 0 | BG75: =SUM(BG71+BG74) -> 0 | BJ75: المجموع الكلي | BL75: =SUM(BL71+BL74) -> 0 | BM75: =SUM(BM71+BM74) -> 0 | BP75: المجموع الكلي | BR75: =SUM(BR71+BR74) -> 0 | BS75: =SUM(BS71+BS74) -> 0 | BV75: المجموع الكلي | BX75: =SUM(BX71+BX74) -> 0 | BY75: =SUM(BY71+BY74) -> 0
A76: 0 | B76: سعودي | C76: ذكر | D76: 0 | E76: 0 | G76: 0 | H76: سعودي | I76: ذكر | J76: 0 | K76: 0 | M76: 0 | N76: سعودي | O76: ذكر | P76: 0 | Q76: 0 | S76: 0 | T76: سعودي | U76: ذكر | V76: 0 | W76: 0 | Y76: 0 | Z76: سعودي | AA76: ذكر | AB76: 0 | AC76: 0 | AE76: 0 | AF76: سعودي | AG76: ذكر | AH76: 0 | AI76: 0 | AK76: 0 | AL76: سعودي | AM76: ذكر | AN76: 0 | AO76: 0 | AQ76: 0 | AR76: سعودي | AS76: ذكر | AT76: 0 | AU76: 0 | AW76: 0 | AX76: سعودي | AY76: ذكر | AZ76: 0 | BA76: 0 | BC76: 0 | BD76: سعودي | BE76: ذكر | BF76: 0 | BG76: 0 | BI76: 0 | BJ76: سعودي | BK76: ذكر | BL76: 0 | BM76: 0 | BO76: 0 | BP76: سعودي | BQ76: ذكر | BR76: 0 | BS76: 0 | BU76: =BO76 -> 0 | BV76: سعودي | BW76: ذكر | BX76: =SUM(D76+J76+P76+V76+AB76+AH76+AN76+AT76+AZ76+BF76+BL76+BR76) -> 0 | BY76: =SUM(E76+K76+Q76+W76+AC76+AI76+AO76+AU76+BA76+BG76+BM76+BS76) -> 0
C77: أنثى | D77: 0 | E77: 0 | I77: أنثى | J77: 0 | K77: 0 | O77: أنثى | P77: 0 | Q77: 0 | U77: أنثى | V77: 0 | W77: 0 | AA77: أنثى | AB77: 0 | AC77: 0 | AG77: أنثى | AH77: 0 | AI77: 0 | AM77: أنثى | AN77: 0 | AO77: 0 | AS77: أنثى | AT77: 0 | AU77: 0 | AY77: أنثى | AZ77: 0 | BA77: 0 | BE77: أنثى | BF77: 0 | BG77: 0 | BK77: أنثى | BL77: 0 | BM77: 0 | BQ77: أنثى | BR77: 0 | BS77: 0 | BW77: أنثى | BX77: =SUM(D77+J77+P77+V77+AB77+AH77+AN77+AT77+AZ77+BF77+BL77+BR77) -> 0 | BY77: =SUM(E77+K77+Q77+W77+AC77+AI77+AO77+AU77+BA77+BG77+BM77+BS77) -> 0
B78: مجموع السعوديين | D78: =SUM(D76:D77) -> 0 | E78: =SUM(E76:E77) -> 0 | H78: مجموع السعوديين | J78: =SUM(J76:J77) -> 0 | K78: =SUM(K76:K77) -> 0 | N78: مجموع السعوديين | P78: =SUM(P76:P77) -> 0 | Q78: =SUM(Q76:Q77) -> 0 | T78: مجموع السعوديين | V78: =SUM(V76:V77) -> 0 | W78: =SUM(W76:W77) -> 0 | Z78: مجموع السعوديين | AB78: =SUM(AB76:AB77) -> 0 | AC78: =SUM(AC76:AC77) -> 0 | AF78: مجموع السعوديين | AH78: =SUM(AH76:AH77) -> 0 | AI78: =SUM(AI76:AI77) -> 0 | AL78: مجموع السعوديين | AN78: =SUM(AN76:AN77) -> 0 | AO78: =SUM(AO76:AO77) -> 0 | AR78: مجموع السعوديين | AT78: =SUM(AT76:AT77) -> 0 | AU78: =SUM(AU76:AU77) -> 0 | AX78: مجموع السعوديين | AZ78: =SUM(AZ76:AZ77) -> 0 | BA78: =SUM(BA76:BA77) -> 0 | BD78: مجموع السعوديين | BF78: =SUM(BF76:BF77) -> 0 | BG78: =SUM(BG76:BG77) -> 0 | BJ78: مجموع السعوديين | BL78: =SUM(BL76:BL77) -> 0 | BM78: =SUM(BM76:BM77) -> 0 | BP78: مجموع السعوديين | BR78: =SUM(BR76:BR77) -> 0 | BS78: =SUM(BS76:BS77) -> 0 | BV78: مجموع السعوديين | BX78: =SUM(BX76:BX77) -> 0 | BY78: =SUM(BY76:BY77) -> 0
B79: غير سعودي | C79: ذكر | D79: 0 | E79: 0 | H79: غير سعودي | I79: ذكر | J79: 0 | K79: 0 | N79: غير سعودي | O79: ذكر | P79: 0 | Q79: 0 | T79: غير سعودي | U79: ذكر | V79: 0 | W79: 0 | Z79: غير سعودي | AA79: ذكر | AB79: 0 | AC79: 0 | AF79: غير سعودي | AG79: ذكر | AH79: 0 | AI79: 0 | AL79: غير سعودي | AM79: ذكر | AN79: 0 | AO79: 0 | AR79: غير سعودي | AS79: ذكر | AT79: 0 | AU79: 0 | AX79: غير سعودي | AY79: ذكر | AZ79: 0 | BA79: 0 | BD79: غير سعودي | BE79: ذكر | BF79: 0 | BG79: 0 | BJ79: غير سعودي | BK79: ذكر | BL79: 0 | BM79: 0 | BP79: غير سعودي | BQ79: ذكر | BR79: 0 | BS79: 0 | BV79: غير سعودي | BW79: ذكر | BX79: =SUM(D79+J79+P79+V79+AB79+AH79+AN79+AT79+AZ79+BF79+BL79+BR79) -> 0 | BY79: =SUM(E79+K79+Q79+W79+AC79+AI79+AO79+AU79+BA79+BG79+BM79+BS79) -> 0
C80: أنثى | D80: 0 | E80: 0 | I80: أنثى | J80: 0 | K80: 0 | O80: أنثى | P80: 0 | Q80: 0 | U80: أنثى | V80: 0 | W80: 0 | AA80: أنثى | AB80: 0 | AC80: 0 | AG80: أنثى | AH80: 0 | AI80: 0 | AM80: أنثى | AN80: 0 | AO80: 0 | AS80: أنثى | AT80: 0 | AU80: 0 | AY80: أنثى | AZ80: 0 | BA80: 0 | BE80: أنثى | BF80: 0 | BG80: 0 | BK80: أنثى | BL80: 0 | BM80: 0 | BQ80: أنثى | BR80: 0 | BS80: 0 | BW80: أنثى | BX80: =SUM(D80+J80+P80+V80+AB80+AH80+AN80+AT80+AZ80+BF80+BL80+BR80) -> 0 | BY80: =SUM(E80+K80+Q80+W80+AC80+AI80+AO80+AU80+BA80+BG80+BM80+BS80) -> 0
B81: مجمع الغير سعوديين | D81: =SUM(D79:D80) -> 0 | E81: =SUM(E79:E80) -> 0 | H81: مجمع الغير سعوديين | J81: =SUM(J79:J80) -> 0 | K81: =SUM(K79:K80) -> 0 | N81: مجمع الغير سعوديين | P81: =SUM(P79:P80) -> 0 | Q81: =SUM(Q79:Q80) -> 0 | T81: مجمع الغير سعوديين | V81: =SUM(V79:V80) -> 0 | W81: =SUM(W79:W80) -> 0 | Z81: مجمع الغير سعوديين | AB81: =SUM(AB79:AB80) -> 0 | AC81: =SUM(AC79:AC80) -> 0 | AF81: مجمع الغير سعوديين | AH81: =SUM(AH79:AH80) -> 0 | AI81: =SUM(AI79:AI80) -> 0 | AL81: مجمع الغير سعوديين | AN81: =SUM(AN79:AN80) -> 0 | AO81: =SUM(AO79:AO80) -> 0 | AR81: مجمع الغير سعوديين | AT81: =SUM(AT79:AT80) -> 0 | AU81: =SUM(AU79:AU80) -> 0 | AX81: مجمع الغير سعوديين | AZ81: =SUM(AZ79:AZ80) -> 0 | BA81: =SUM(BA79:BA80) -> 0 | BD81: مجمع الغير سعوديين | BF81: =SUM(BF79:BF80) -> 0 | BG81: =SUM(BG79:BG80) -> 0 | BJ81: مجمع الغير سعوديين | BL81: =SUM(BL79:BL80) -> 0 | BM81: =SUM(BM79:BM80) -> 0 | BP81: مجمع الغير سعوديين | BR81: =SUM(BR79:BR80) -> 0 | BS81: =SUM(BS79:BS80) -> 0 | BV81: مجمع الغير سعوديين | BX81: =SUM(BX79:BX80) -> 0 | BY81: =SUM(BY79:BY80) -> 0
B82: المجموع الكلي | D82: =SUM(D78+D81) -> 0 | E82: =SUM(E78+E81) -> 0 | H82: المجموع الكلي | J82: =SUM(J78+J81) -> 0 | K82: =SUM(K78+K81) -> 0 | N82: المجموع الكلي | P82: =SUM(P78+P81) -> 0 | Q82: =SUM(Q78+Q81) -> 0 | T82: المجموع الكلي | V82: =SUM(V78+V81) -> 0 | W82: =SUM(W78+W81) -> 0 | Z82: المجموع الكلي | AB82: =SUM(AB78+AB81) -> 0 | AC82: =SUM(AC78+AC81) -> 0 | AF82: المجموع الكلي | AH82: =SUM(AH78+AH81) -> 0 | AI82: =SUM(AI78+AI81) -> 0 | AL82: المجموع الكلي | AN82: =SUM(AN78+AN81) -> 0 | AO82: =SUM(AO78+AO81) -> 0 | AR82: المجموع الكلي | AT82: =SUM(AT78+AT81) -> 0 | AU82: =SUM(AU78+AU81) -> 0 | AX82: المجموع الكلي | AZ82: =SUM(AZ78+AZ81) -> 0 | BA82: =SUM(BA78+BA81) -> 0 | BD82: المجموع الكلي | BF82: =SUM(BF78+BF81) -> 0 | BG82: =SUM(BG78+BG81) -> 0 | BJ82: المجموع الكلي | BL82: =SUM(BL78+BL81) -> 0 | BM82: =SUM(BM78+BM81) -> 0 | BP82: المجموع الكلي | BR82: =SUM(BR78+BR81) -> 0 | BS82: =SUM(BS78+BS81) -> 0 | BV82: المجموع الكلي | BX82: =SUM(BX78+BX81) -> 0 | BY82: =SUM(BY78+BY81) -> 0
A83: 0 | B83: سعودي | C83: ذكر | D83: 0 | E83: 0 | G83: 0 | H83: سعودي | I83: ذكر | J83: 0 | K83: 0 | M83: 0 | N83: سعودي | O83: ذكر | P83: 0 | Q83: 0 | S83: 0 | T83: سعودي | U83: ذكر | V83: 0 | W83: 0 | Y83: 0 | Z83: سعودي | AA83: ذكر | AB83: 0 | AC83: 0 | AE83: 0 | AF83: سعودي | AG83: ذكر | AH83: 0 | AI83: 0 | AK83: 0 | AL83: سعودي | AM83: ذكر | AN83: 0 | AO83: 0 | AQ83: 0 | AR83: سعودي | AS83: ذكر | AT83: 0 | AU83: 0 | AW83: 0 | AX83: سعودي | AY83: ذكر | AZ83: 0 | BA83: 0 | BC83: 0 | BD83: سعودي | BE83: ذكر | BF83: 0 | BG83: 0 | BI83: 0 | BJ83: سعودي | BK83: ذكر | BL83: 0 | BM83: 0 | BO83: 0 | BP83: سعودي | BQ83: ذكر | BR83: 0 | BS83: 0 | BU83: =BO83 -> 0 | BV83: سعودي | BW83: ذكر | BX83: =SUM(D83+J83+P83+V83+AB83+AH83+AN83+AT83+AZ83+BF83+BL83+BR83) -> 0 | BY83: =SUM(E83+K83+Q83+W83+AC83+AI83+AO83+AU83+BA83+BG83+BM83+BS83) -> 0
C84: أنثى | D84: 0 | E84: 0 | I84: أنثى | J84: 0 | K84: 0 | O84: أنثى | P84: 0 | Q84: 0 | U84: أنثى | V84: 0 | W84: 0 | AA84: أنثى | AB84: 0 | AC84: 0 | AG84: أنثى | AH84: 0 | AI84: 0 | AM84: أنثى | AN84: 0 | AO84: 0 | AS84: أنثى | AT84: 0 | AU84: 0 | AY84: أنثى | AZ84: 0 | BA84: 0 | BE84: أنثى | BF84: 0 | BG84: 0 | BK84: أنثى | BL84: 0 | BM84: 0 | BQ84: أنثى | BR84: 0 | BS84: 0 | BW84: أنثى | BX84: =SUM(D84+J84+P84+V84+AB84+AH84+AN84+AT84+AZ84+BF84+BL84+BR84) -> 0 | BY84: =SUM(E84+K84+Q84+W84+AC84+AI84+AO84+AU84+BA84+BG84+BM84+BS84) -> 0
B85: مجموع السعوديين | D85: =SUM(D83:D84) -> 0 | E85: =SUM(E83:E84) -> 0 | H85: مجموع السعوديين | J85: =SUM(J83:J84) -> 0 | K85: =SUM(K83:K84) -> 0 | N85: مجموع السعوديين | P85: =SUM(P83:P84) -> 0 | Q85: =SUM(Q83:Q84) -> 0 | T85: مجموع السعوديين | V85: =SUM(V83:V84) -> 0 | W85: =SUM(W83:W84) -> 0 | Z85: مجموع السعوديين | AB85: =SUM(AB83:AB84) -> 0 | AC85: =SUM(AC83:AC84) -> 0 | AF85: مجموع السعوديين | AH85: =SUM(AH83:AH84) -> 0 | AI85: =SUM(AI83:AI84) -> 0 | AL85: مجموع السعوديين | AN85: =SUM(AN83:AN84) -> 0 | AO85: =SUM(AO83:AO84) -> 0 | AR85: مجموع السعوديين | AT85: =SUM(AT83:AT84) -> 0 | AU85: =SUM(AU83:AU84) -> 0 | AX85: مجموع السعوديين | AZ85: =SUM(AZ83:AZ84) -> 0 | BA85: =SUM(BA83:BA84) -> 0 | BD85: مجموع السعوديين | BF85: =SUM(BF83:BF84) -> 0 | BG85: =SUM(BG83:BG84) -> 0 | BJ85: مجموع السعوديين | BL85: =SUM(BL83:BL84) -> 0 | BM85: =SUM(BM83:BM84) -> 0 | BP85: مجموع السعوديين | BR85: =SUM(BR83:BR84) -> 0 | BS85: =SUM(BS83:BS84) -> 0 | BV85: مجموع السعوديين | BX85: =SUM(BX83:BX84) -> 0 | BY85: =SUM(BY83:BY84) -> 0
B86: غير سعودي | C86: ذكر | D86: 0 | E86: 0 | H86: غير سعودي | I86: ذكر | J86: 0 | K86: 0 | N86: غير سعودي | O86: ذكر | P86: 0 | Q86: 0 | T86: غير سعودي | U86: ذكر | V86: 0 | W86: 0 | Z86: غير سعودي | AA86: ذكر | AB86: 0 | AC86: 0 | AF86: غير سعودي | AG86: ذكر | AH86: 0 | AI86: 0 | AL86: غير سعودي | AM86: ذكر | AN86: 0 | AO86: 0 | AR86: غير سعودي | AS86: ذكر | AT86: 0 | AU86: 0 | AX86: غير سعودي | AY86: ذكر | AZ86: 0 | BA86: 0 | BD86: غير سعودي | BE86: ذكر | BF86: 0 | BG86: 0 | BJ86: غير سعودي | BK86: ذكر | BL86: 0 | BM86: 0 | BP86: غير سعودي | BQ86: ذكر | BR86: 0 | BS86: 0 | BV86: غير سعودي | BW86: ذكر | BX86: =SUM(D86+J86+P86+V86+AB86+AH86+AN86+AT86+AZ86+BF86+BL86+BR86) -> 0 | BY86: =SUM(E86+K86+Q86+W86+AC86+AI86+AO86+AU86+BA86+BG86+BM86+BS86) -> 0
C87: أنثى | D87: 0 | E87: 0 | I87: أنثى | J87: 0 | K87: 0 | O87: أنثى | P87: 0 | Q87: 0 | U87: أنثى | V87: 0 | W87: 0 | AA87: أنثى | AB87: 0 | AC87: 0 | AG87: أنثى | AH87: 0 | AI87: 0 | AM87: أنثى | AN87: 0 | AO87: 0 | AS87: أنثى | AT87: 0 | AU87: 0 | AY87: أنثى | AZ87: 0 | BA87: 0 | BE87: أنثى | BF87: 0 | BG87: 0 | BK87: أنثى | BL87: 0 | BM87: 0 | BQ87: أنثى | BR87: 0 | BS87: 0 | BW87: أنثى | BX87: =SUM(D87+J87+P87+V87+AB87+AH87+AN87+AT87+AZ87+BF87+BL87+BR87) -> 0 | BY87: =SUM(E87+K87+Q87+W87+AC87+AI87+AO87+AU87+BA87+BG87+BM87+BS87) -> 0
B88: مجمع الغير سعوديين | D88: =SUM(D86:D87) -> 0 | E88: =SUM(E86:E87) -> 0 | H88: مجمع الغير سعوديين | J88: =SUM(J86:J87) -> 0 | K88: =SUM(K86:K87) -> 0 | N88: مجمع الغير سعوديين | P88: =SUM(P86:P87) -> 0 | Q88: =SUM(Q86:Q87) -> 0 | T88: مجمع الغير سعوديين | V88: =SUM(V86:V87) -> 0 | W88: =SUM(W86:W87) -> 0 | Z88: مجمع الغير سعوديين | AB88: =SUM(AB86:AB87) -> 0 | AC88: =SUM(AC86:AC87) -> 0 | AF88: مجمع الغير سعوديين | AH88: =SUM(AH86:AH87) -> 0 | AI88: =SUM(AI86:AI87) -> 0 | AL88: مجمع الغير سعوديين | AN88: =SUM(AN86:AN87) -> 0 | AO88: =SUM(AO86:AO87) -> 0 | AR88: مجمع الغير سعوديين | AT88: =SUM(AT86:AT87) -> 0 | AU88: =SUM(AU86:AU87) -> 0 | AX88: مجمع الغير سعوديين | AZ88: =SUM(AZ86:AZ87) -> 0 | BA88: =SUM(BA86:BA87) -> 0 | BD88: مجمع الغير سعوديين | BF88: =SUM(BF86:BF87) -> 0 | BG88: =SUM(BG86:BG87) -> 0 | BJ88: مجمع الغير سعوديين | BL88: =SUM(BL86:BL87) -> 0 | BM88: =SUM(BM86:BM87) -> 0 | BP88: مجمع الغير سعوديين | BR88: =SUM(BR86:BR87) -> 0 | BS88: =SUM(BS86:BS87) -> 0 | BV88: مجمع الغير سعوديين | BX88: =SUM(BX86:BX87) -> 0 | BY88: =SUM(BY86:BY87) -> 0
B89: المجموع الكلي | D89: =SUM(D85+D88) -> 0 | E89: =SUM(E85+E88) -> 0 | H89: المجموع الكلي | J89: =SUM(J85+J88) -> 0 | K89: =SUM(K85+K88) -> 0 | N89: المجموع الكلي | P89: =SUM(P85+P88) -> 0 | Q89: =SUM(Q85+Q88) -> 0 | T89: المجموع الكلي | V89: =SUM(V85+V88) -> 0 | W89: =SUM(W85+W88) -> 0 | Z89: المجموع الكلي | AB89: =SUM(AB85+AB88) -> 0 | AC89: =SUM(AC85+AC88) -> 0 | AF89: المجموع الكلي | AH89: =SUM(AH85+AH88) -> 0 | AI89: =SUM(AI85+AI88) -> 0 | AL89: المجموع الكلي | AN89: =SUM(AN85+AN88) -> 0 | AO89: =SUM(AO85+AO88) -> 0 | AR89: المجموع الكلي | AT89: =SUM(AT85+AT88) -> 0 | AU89: =SUM(AU85+AU88) -> 0 | AX89: المجموع الكلي | AZ89: =SUM(AZ85+AZ88) -> 0 | BA89: =SUM(BA85+BA88) -> 0 | BD89: المجموع الكلي | BF89: =SUM(BF85+BF88) -> 0 | BG89: =SUM(BG85+BG88) -> 0 | BJ89: المجموع الكلي | BL89: =SUM(BL85+BL88) -> 0 | BM89: =SUM(BM85+BM88) -> 0 | BP89: المجموع الكلي | BR89: =SUM(BR85+BR88) -> 0 | BS89: =SUM(BS85+BS88) -> 0 | BV89: المجموع الكلي | BX89: =SUM(BX85+BX88) -> 0 | BY89: =SUM(BY85+BY88) -> 0
A91: 13 ـ نشاط الأشعة شهر | D91: =SUM(D2) -> 1 | E91: =SUM(E2) -> 1447 | G91: 13 ـ نشاط الأشعة شهر | J91: =SUM(J2) -> 2 | K91: =SUM(K2) -> 1447 | M91: 13 ـ نشاط الأشعة شهر | P91: =SUM(P2) -> 3 | Q91: =SUM(Q2) -> 1447 | S91: 13 ـ نشاط الأشعة شهر | V91: =SUM(V2) -> 4 | W91: =SUM(W2) -> 1447 | Y91: 13 ـ نشاط الأشعة شهر | AB91: =SUM(AB2) -> 5 | AC91: =SUM(AC2) -> 1447 | AE91: 13 ـ نشاط الأشعة شهر | AH91: =SUM(AH2) -> 6 | AI91: =SUM(AI2) -> 1447 | AK91: 13 ـ نشاط الأشعة شهر | AN91: =SUM(AN2) -> 7 | AO91: =SUM(AO2) -> 1447 | AQ91: 13 ـ نشاط الأشعة شهر | AT91: =SUM(AT2) -> 8 | AU91: =SUM(AU2) -> 1447 | AW91: 13 ـ نشاط الأشعة شهر | AZ91: =SUM(AZ2) -> 9 | BA91: =SUM(BA2) -> 1447 | BC91: 13 ـ نشاط الأشعة شهر | BF91: =SUM(BF2) -> 10 | BG91: =SUM(BG2) -> 1447 | BI91: 13 ـ نشاط الأشعة شهر | BL91: =SUM(BL2) -> 11 | BM91: =SUM(BM2) -> 1447 | BO91: 13 ـ نشاط الأشعة شهر | BR91: =SUM(BR2) -> 12 | BS91: =SUM(BS2) -> 1447 | BX91: عام | BY91: =SUM(BS91) -> 1447
A93: اجمالي مراكز جدة | B93: المرضى والأفلام | D93: عدد المراجعين ( المرضى ) | E93: عدد الأفلام | G93: اجمالي مراكز جدة | H93: المرضى والأفلام | J93: عدد المراجعين ( المرضى ) | K93: عدد الأفلام | M93: اجمالي مراكز جدة | N93: المرضى والأفلام | P93: عدد المراجعين ( المرضى ) | Q93: عدد الأفلام | S93: اجمالي مراكز جدة | T93: المرضى والأفلام | V93: عدد المراجعين ( المرضى ) | W93: عدد الأفلام | Y93: اجمالي مراكز جدة | Z93: المرضى والأفلام | AB93: عدد المراجعين ( المرضى ) | AC93: عدد الأفلام | AE93: اجمالي مراكز جدة | AF93: المرضى والأفلام | AH93: عدد المراجعين ( المرضى ) | AI93: عدد الأفلام | AK93: اجمالي مراكز جدة | AL93: المرضى والأفلام | AN93: عدد المراجعين ( المرضى ) | AO93: عدد الأفلام | AQ93: اجمالي مراكز جدة | AR93: المرضى والأفلام | AT93: عدد المراجعين ( المرضى ) | AU93: عدد الأفلام | AW93: اجمالي مراكز جدة | AX93: المرضى والأفلام | AZ93: عدد المراجعين ( المرضى ) | BA93: عدد الأفلام | BC93: اجمالي مراكز جدة | BD93: المرضى والأفلام | BF93: عدد المراجعين ( المرضى ) | BG93: عدد الأفلام | BI93: اجمالي مراكز جدة | BJ93: المرضى والأفلام | BL93: عدد المراجعين ( المرضى ) | BM93: عدد الأفلام | BO93: اجمالي مراكز جدة | BP93: المرضى والأفلام | BR93: عدد المراجعين ( المرضى ) | BS93: عدد الأفلام | BU93: المركز الصحي | BV93: المرضى والأفلام | BX93: عدد المراجعين ( المرضى ) | BY93: عدد الأفلام
B94: الجنسية والجنس | H94: الجنسية والجنس | N94: الجنسية والجنس | T94: الجنسية والجنس | Z94: الجنسية والجنس | AF94: الجنسية والجنس | AL94: الجنسية والجنس | AR94: الجنسية والجنس | AX94: الجنسية والجنس | BD94: الجنسية والجنس | BJ94: الجنسية والجنس | BP94: الجنسية والجنس | BV94: الجنسية والجنس
A95: إجمالي مراكز مستشفى شرق جدة | B95: سعودي | C95: ذكر | D95: =SUM(D6+D13+D20+D27+D34+D41+D48+D55+D62+D69+D76+D83) -> 528 | E95: =SUM(E6+E13+E20+E27+E34+E41+E48+E55+E62+E69+E76+E83) -> 19 | G95: إجمالي مراكز مستشفى شرق جدة | H95: سعودي | I95: ذكر | J95: =SUM(J6+J13+J20+J27+J34+J41+J48+J55+J62+J69+J76+J83) -> 892 | K95: =SUM(K6+K13+K20+K27+K34+K41+K48+K55+K62+K69+K76+K83) -> 22 | M95: إجمالي مراكز مستشفى شرق جدة | N95: سعودي | O95: ذكر | P95: =SUM(P6+P13+P20+P27+P34+P41+P48+P55+P62+P69+P76+P83) -> 14 | Q95: =SUM(Q6+Q13+Q20+Q27+Q34+Q41+Q48+Q55+Q62+Q69+Q76+Q83) -> 17 | S95: إجمالي مراكز مستشفى شرق جدة | T95: سعودي | U95: ذكر | V95: =SUM(V6+V13+V20+V27+V34+V41+V48+V55+V62+V69+V76+V83) -> 0 | W95: =SUM(W6+W13+W20+W27+W34+W41+W48+W55+W62+W69+W76+W83) -> 0 | Y95: إجمالي مراكز مستشفى شرق جدة | Z95: سعودي | AA95: ذكر | AB95: =SUM(AB6+AB13+AB20+AB27+AB34+AB41+AB48+AB55+AB62+AB69+AB76+AB83) -> 0 | AC95: =SUM(AC6+AC13+AC20+AC27+AC34+AC41+AC48+AC55+AC62+AC69+AC76+AC83) -> 0 | AE95: إجمالي مراكز مستشفى شرق جدة | AF95: سعودي | AG95: ذكر | AH95: =SUM(AH6+AH13+AH20+AH27+AH34+AH41+AH48+AH55+AH62+AH69+AH76+AH83) -> 0 | AI95: =SUM(AI6+AI13+AI20+AI27+AI34+AI41+AI48+AI55+AI62+AI69+AI76+AI83) -> 0 | AK95: إجمالي مراكز مستشفى شرق جدة | AL95: سعودي | AM95: ذكر | AN95: =SUM(AN6+AN13+AN20+AN27+AN34+AN41+AN48+AN55+AN62+AN69+AN76+AN83) -> 0 | AO95: =SUM(AO6+AO13+AO20+AO27+AO34+AO41+AO48+AO55+AO62+AO69+AO76+AO83) -> 0 | AQ95: إجمالي مراكز مستشفى شرق جدة | AR95: سعودي | AS95: ذكر | AT95: =SUM(AT6+AT13+AT20+AT27+AT34+AT41+AT48+AT55+AT62+AT69+AT76+AT83) -> 9 | AU95: =SUM(AU6+AU13+AU20+AU27+AU34+AU41+AU48+AU55+AU62+AU69+AU76+AU83) -> 11 | AW95: إجمالي مراكز مستشفى شرق جدة | AX95: سعودي | AY95: ذكر | AZ95: =SUM(AZ6+AZ13+AZ20+AZ27+AZ34+AZ41+AZ48+AZ55+AZ62+AZ69+AZ76+AZ83) -> 59 | BA95: =SUM(BA6+BA13+BA20+BA27+BA34+BA41+BA48+BA55+BA62+BA69+BA76+BA83) -> 59 | BC95: إجمالي مراكز مستشفى شرق جدة | BD95: سعودي | BE95: ذكر | BF95: =SUM(BF6+BF13+BF20+BF27+BF34+BF41+BF48+BF55+BF62+BF69+BF76+BF83) -> 528 | BG95: =SUM(BG6+BG13+BG20+BG27+BG34+BG41+BG48+BG55+BG62+BG69+BG76+BG83) -> 19 | BI95: إجمالي مراكز مستشفى شرق جدة | BJ95: سعودي | BK95: ذكر | BL95: =SUM(BL6+BL13+BL20+BL27+BL34+BL41+BL48+BL55+BL62+BL69+BL76+BL83) -> 0 | BM95: =SUM(BM6+BM13+BM20+BM27+BM34+BM41+BM48+BM55+BM62+BM69+BM76+BM83) -> 0 | BO95: إجمالي مراكز مستشفى شرق جدة | BP95: سعودي | BQ95: ذكر | BR95: =SUM(BR6+BR13+BR20+BR27+BR34+BR41+BR48+BR55+BR62+BR69+BR76+BR83) -> 0 | BS95: =SUM(BS6+BS13+BS20+BS27+BS34+BS41+BS48+BS55+BS62+BS69+BS76+BS83) -> 0 | BU95: =(BO95) -> إجمالي مراكز مستشفى شرق جدة | BV95: سعودي | BW95: ذكر | BX95: =SUM(BX6+BX13+BX20+BX27+BX34+BX41+BX48+BX55+BX62+BX69+BX76+BX83) -> 2030 | BY95: =SUM(BY6+BY13+BY20+BY27+BY34+BY41+BY48+BY55+BY62+BY69+BY76+BY83) -> 147
C96: أنثى | D96: =SUM(D7+D14+D21+D28+D35+D42+D49+D56+D63+D70+D77+D84) -> 461 | E96: =SUM(E7+E14+E21+E28+E35+E42+E49+E56+E63+E70+E77+E84) -> 19 | I96: أنثى | J96: =SUM(J7+J14+J21+J28+J35+J42+J49+J56+J63+J70+J77+J84) -> 254 | K96: =SUM(K7+K14+K21+K28+K35+K42+K49+K56+K63+K70+K77+K84) -> 20 | O96: أنثى | P96: =SUM(P7+P14+P21+P28+P35+P42+P49+P56+P63+P70+P77+P84) -> 16 | Q96: =SUM(Q7+Q14+Q21+Q28+Q35+Q42+Q49+Q56+Q63+Q70+Q77+Q84) -> 19 | U96: أنثى | V96: =SUM(V7+V14+V21+V28+V35+V42+V49+V56+V63+V70+V77+V84) -> 0 | W96: =SUM(W7+W14+W21+W28+W35+W42+W49+W56+W63+W70+W77+W84) -> 0 | AA96: أنثى | AB96: =SUM(AB7+AB14+AB21+AB28+AB35+AB42+AB49+AB56+AB63+AB70+AB77+AB84) -> 0 | AC96: =SUM(AC7+AC14+AC21+AC28+AC35+AC42+AC49+AC56+AC63+AC70+AC77+AC84) -> 0 | AG96: أنثى | AH96: =SUM(AH7+AH14+AH21+AH28+AH35+AH42+AH49+AH56+AH63+AH70+AH77+AH84) -> 0 | AI96: =SUM(AI7+AI14+AI21+AI28+AI35+AI42+AI49+AI56+AI63+AI70+AI77+AI84) -> 0 | AM96: أنثى | AN96: =SUM(AN7+AN14+AN21+AN28+AN35+AN42+AN49+AN56+AN63+AN70+AN77+AN84) -> 0 | AO96: =SUM(AO7+AO14+AO21+AO28+AO35+AO42+AO49+AO56+AO63+AO70+AO77+AO84) -> 0 | AS96: أنثى | AT96: =SUM(AT7+AT14+AT21+AT28+AT35+AT42+AT49+AT56+AT63+AT70+AT77+AT84) -> 11 | AU96: =SUM(AU7+AU14+AU21+AU28+AU35+AU42+AU49+AU56+AU63+AU70+AU77+AU84) -> 13 | AY96: أنثى | AZ96: =SUM(AZ7+AZ14+AZ21+AZ28+AZ35+AZ42+AZ49+AZ56+AZ63+AZ70+AZ77+AZ84) -> 75 | BA96: =SUM(BA7+BA14+BA21+BA28+BA35+BA42+BA49+BA56+BA63+BA70+BA77+BA84) -> 75 | BE96: أنثى | BF96: =SUM(BF7+BF14+BF21+BF28+BF35+BF42+BF49+BF56+BF63+BF70+BF77+BF84) -> 461 | BG96: =SUM(BG7+BG14+BG21+BG28+BG35+BG42+BG49+BG56+BG63+BG70+BG77+BG84) -> 19 | BK96: أنثى | BL96: =SUM(BL7+BL14+BL21+BL28+BL35+BL42+BL49+BL56+BL63+BL70+BL77+BL84) -> 0 | BM96: =SUM(BM7+BM14+BM21+BM28+BM35+BM42+BM49+BM56+BM63+BM70+BM77+BM84) -> 0 | BQ96: أنثى | BR96: =SUM(BR7+BR14+BR21+BR28+BR35+BR42+BR49+BR56+BR63+BR70+BR77+BR84) -> 0 | BS96: =SUM(BS7+BS14+BS21+BS28+BS35+BS42+BS49+BS56+BS63+BS70+BS77+BS84) -> 0 | BW96: أنثى | BX96: =SUM(BX7+BX14+BX21+BX28+BX35+BX42+BX49+BX56+BX63+BX70+BX77+BX84) -> 1278 | BY96: =SUM(BY7+BY14+BY21+BY28+BY35+BY42+BY49+BY56+BY63+BY70+BY77+BY84) -> 165
B97: مجموع السعوديين | D97: =SUM(D95:D96) -> 989 | E97: =SUM(E95:E96) -> 38 | H97: مجموع السعوديين | J97: =SUM(J95:J96) -> 1146 | K97: =SUM(K95:K96) -> 42 | N97: مجموع السعوديين | P97: =SUM(P95:P96) -> 30 | Q97: =SUM(Q95:Q96) -> 36 | T97: مجموع السعوديين | V97: =SUM(V95:V96) -> 0 | W97: =SUM(W95:W96) -> 0 | Z97: مجموع السعوديين | AB97: =SUM(AB95:AB96) -> 0 | AC97: =SUM(AC95:AC96) -> 0 | AF97: مجموع السعوديين | AH97: =SUM(AH95:AH96) -> 0 | AI97: =SUM(AI95:AI96) -> 0 | AL97: مجموع السعوديين | AN97: =SUM(AN95:AN96) -> 0 | AO97: =SUM(AO95:AO96) -> 0 | AR97: مجموع السعوديين | AT97: =SUM(AT95:AT96) -> 20 | AU97: =SUM(AU95:AU96) -> 24 | AX97: مجموع السعوديين | AZ97: =SUM(AZ95:AZ96) -> 134 | BA97: =SUM(BA95:BA96) -> 134 | BD97: مجموع السعوديين | BF97: =SUM(BF95:BF96) -> 989 | BG97: =SUM(BG95:BG96) -> 38 | BJ97: مجموع السعوديين | BL97: =SUM(BL95:BL96) -> 0 | BM97: =SUM(BM95:BM96) -> 0 | BP97: مجموع السعوديين | BR97: =SUM(BR95:BR96) -> 0 | BS97: =SUM(BS95:BS96) -> 0 | BV97: مجموع السعوديين | BX97: =SUM(BX95:BX96) -> 3308 | BY97: =SUM(BY95:BY96) -> 312
B98: غير سعودي | C98: ذكر | D98: =SUM(D9+D16+D23+D30+D37+D44+D51+D58+D65+D72+D79+D86) -> 10 | E98: =SUM(E9+E16+E23+E30+E37+E44+E51+E58+E65+E72+E79+E86) -> 0 | H98: غير سعودي | I98: ذكر | J98: =SUM(J9+J16+J23+J30+J37+J44+J51+J58+J65+J72+J79+J86) -> 54 | K98: =SUM(K9+K16+K23+K30+K37+K44+K51+K58+K65+K72+K79+K86) -> 0 | N98: غير سعودي | O98: ذكر | P98: =SUM(P9+P16+P23+P30+P37+P44+P51+P58+P65+P72+P79+P86) -> 0 | Q98: =SUM(Q9+Q16+Q23+Q30+Q37+Q44+Q51+Q58+Q65+Q72+Q79+Q86) -> 0 | T98: غير سعودي | U98: ذكر | V98: =SUM(V9+V16+V23+V30+V37+V44+V51+V58+V65+V72+V79+V86) -> 0 | W98: =SUM(W9+W16+W23+W30+W37+W44+W51+W58+W65+W72+W79+W86) -> 0 | Z98: غير سعودي | AA98: ذكر | AB98: =SUM(AB9+AB16+AB23+AB30+AB37+AB44+AB51+AB58+AB65+AB72+AB79+AB86) -> 0 | AC98: =SUM(AC9+AC16+AC23+AC30+AC37+AC44+AC51+AC58+AC65+AC72+AC79+AC86) -> 0 | AF98: غير سعودي | AG98: ذكر | AH98: =SUM(AH9+AH16+AH23+AH30+AH37+AH44+AH51+AH58+AH65+AH72+AH79+AH86) -> 0 | AI98: =SUM(AI9+AI16+AI23+AI30+AI37+AI44+AI51+AI58+AI65+AI72+AI79+AI86) -> 0 | AL98: غير سعودي | AM98: ذكر | AN98: =SUM(AN9+AN16+AN23+AN30+AN37+AN44+AN51+AN58+AN65+AN72+AN79+AN86) -> 0 | AO98: =SUM(AO9+AO16+AO23+AO30+AO37+AO44+AO51+AO58+AO65+AO72+AO79+AO86) -> 0 | AR98: غير سعودي | AS98: ذكر | AT98: =SUM(AT9+AT16+AT23+AT30+AT37+AT44+AT51+AT58+AT65+AT72+AT79+AT86) -> 0 | AU98: =SUM(AU9+AU16+AU23+AU30+AU37+AU44+AU51+AU58+AU65+AU72+AU79+AU86) -> 0 | AX98: غير سعودي | AY98: ذكر | AZ98: =SUM(AZ9+AZ16+AZ23+AZ30+AZ37+AZ44+AZ51+AZ58+AZ65+AZ72+AZ79+AZ86) -> 15 | BA98: =SUM(BA9+BA16+BA23+BA30+BA37+BA44+BA51+BA58+BA65+BA72+BA79+BA86) -> 15 | BD98: غير سعودي | BE98: ذكر | BF98: =SUM(BF9+BF16+BF23+BF30+BF37+BF44+BF51+BF58+BF65+BF72+BF79+BF86) -> 10 | BG98: =SUM(BG9+BG16+BG23+BG30+BG37+BG44+BG51+BG58+BG65+BG72+BG79+BG86) -> 0 | BJ98: غير سعودي | BK98: ذكر | BL98: =SUM(BL9+BL16+BL23+BL30+BL37+BL44+BL51+BL58+BL65+BL72+BL79+BL86) -> 0 | BM98: =SUM(BM9+BM16+BM23+BM30+BM37+BM44+BM51+BM58+BM65+BM72+BM79+BM86) -> 0 | BP98: غير سعودي | BQ98: ذكر | BR98: =SUM(BR9+BR16+BR23+BR30+BR37+BR44+BR51+BR58+BR65+BR72+BR79+BR86) -> 0 | BS98: =SUM(BS9+BS16+BS23+BS30+BS37+BS44+BS51+BS58+BS65+BS72+BS79+BS86) -> 0 | BV98: غير سعودي | BW98: ذكر | BX98: =SUM(BX9+BX16+BX23+BX30+BX37+BX44+BX51+BX58+BX65+BX72+BX79+BX86) -> 89 | BY98: =SUM(BY9+BY16+BY23+BY30+BY37+BY44+BY51+BY58+BY65+BY72+BY79+BY86) -> 15
C99: أنثى | D99: =SUM(D10+D17+D24+D31+D38+D45+D52+D59+D66+D73+D80+D87) -> 9 | E99: =SUM(E10+E17+E24+E31+E38+E45+E52+E59+E66+E73+E80+E87) -> 0 | I99: أنثى | J99: =SUM(J10+J17+J24+J31+J38+J45+J52+J59+J66+J73+J80+J87) -> 18 | K99: =SUM(K10+K17+K24+K31+K38+K45+K52+K59+K66+K73+K80+K87) -> 0 | O99: أنثى | P99: =SUM(P10+P17+P24+P31+P38+P45+P52+P59+P66+P73+P80+P87) -> 0 | Q99: =SUM(Q10+Q17+Q24+Q31+Q38+Q45+Q52+Q59+Q66+Q73+Q80+Q87) -> 0 | U99: أنثى | V99: =SUM(V10+V17+V24+V31+V38+V45+V52+V59+V66+V73+V80+V87) -> 0 | W99: =SUM(W10+W17+W24+W31+W38+W45+W52+W59+W66+W73+W80+W87) -> 0 | AA99: أنثى | AB99: =SUM(AB10+AB17+AB24+AB31+AB38+AB45+AB52+AB59+AB66+AB73+AB80+AB87) -> 0 | AC99: =SUM(AC10+AC17+AC24+AC31+AC38+AC45+AC52+AC59+AC66+AC73+AC80+AC87) -> 0 | AG99: أنثى | AH99: =SUM(AH10+AH17+AH24+AH31+AH38+AH45+AH52+AH59+AH66+AH73+AH80+AH87) -> 0 | AI99: =SUM(AI10+AI17+AI24+AI31+AI38+AI45+AI52+AI59+AI66+AI73+AI80+AI87) -> 0 | AM99: أنثى | AN99: =SUM(AN10+AN17+AN24+AN31+AN38+AN45+AN52+AN59+AN66+AN73+AN80+AN87) -> 0 | AO99: =SUM(AO10+AO17+AO24+AO31+AO38+AO45+AO52+AO59+AO66+AO73+AO80+AO87) -> 0 | AS99: أنثى | AT99: =SUM(AT10+AT17+AT24+AT31+AT38+AT45+AT52+AT59+AT66+AT73+AT80+AT87) -> 0 | AU99: =SUM(AU10+AU17+AU24+AU31+AU38+AU45+AU52+AU59+AU66+AU73+AU80+AU87) -> 0 | AY99: أنثى | AZ99: =SUM(AZ10+AZ17+AZ24+AZ31+AZ38+AZ45+AZ52+AZ59+AZ66+AZ73+AZ80+AZ87) -> 11 | BA99: =SUM(BA10+BA17+BA24+BA31+BA38+BA45+BA52+BA59+BA66+BA73+BA80+BA87) -> 11 | BE99: أنثى | BF99: =SUM(BF10+BF17+BF24+BF31+BF38+BF45+BF52+BF59+BF66+BF73+BF80+BF87) -> 9 | BG99: =SUM(BG10+BG17+BG24+BG31+BG38+BG45+BG52+BG59+BG66+BG73+BG80+BG87) -> 0 | BK99: أنثى | BL99: =SUM(BL10+BL17+BL24+BL31+BL38+BL45+BL52+BL59+BL66+BL73+BL80+BL87) -> 0 | BM99: =SUM(BM10+BM17+BM24+BM31+BM38+BM45+BM52+BM59+BM66+BM73+BM80+BM87) -> 0 | BQ99: أنثى | BR99: =SUM(BR10+BR17+BR24+BR31+BR38+BR45+BR52+BR59+BR66+BR73+BR80+BR87) -> 0 | BS99: =SUM(BS10+BS17+BS24+BS31+BS38+BS45+BS52+BS59+BS66+BS73+BS80+BS87) -> 0 | BW99: أنثى | BX99: =SUM(BX10+BX17+BX24+BX31+BX38+BX45+BX52+BX59+BX66+BX73+BX80+BX87) -> 47 | BY99: =SUM(BY10+BY17+BY24+BY31+BY38+BY45+BY52+BY59+BY66+BY73+BY80+BY87) -> 11
B100: مجمع الغير سعوديين | D100: =SUM(D98:D99) -> 19 | E100: =SUM(E98:E99) -> 0 | H100: مجمع الغير سعوديين | J100: =SUM(J98:J99) -> 72 | K100: =SUM(K98:K99) -> 0 | N100: مجمع الغير سعوديين | P100: =SUM(P98:P99) -> 0 | Q100: =SUM(Q98:Q99) -> 0 | T100: مجمع الغير سعوديين | V100: =SUM(V98:V99) -> 0 | W100: =SUM(W98:W99) -> 0 | Z100: مجمع الغير سعوديين | AB100: =SUM(AB98:AB99) -> 0 | AC100: =SUM(AC98:AC99) -> 0 | AF100: مجمع الغير سعوديين | AH100: =SUM(AH98:AH99) -> 0 | AI100: =SUM(AI98:AI99) -> 0 | AL100: مجمع الغير سعوديين | AN100: =SUM(AN98:AN99) -> 0 | AO100: =SUM(AO98:AO99) -> 0 | AR100: مجمع الغير سعوديين | AT100: =SUM(AT98:AT99) -> 0 | AU100: =SUM(AU98:AU99) -> 0 | AX100: مجمع الغير سعوديين | AZ100: =SUM(AZ98:AZ99) -> 26 | BA100: =SUM(BA98:BA99) -> 26 | BD100: مجمع الغير سعوديين | BF100: =SUM(BF98:BF99) -> 19 | BG100: =SUM(BG98:BG99) -> 0 | BJ100: مجمع الغير سعوديين | BL100: =SUM(BL98:BL99) -> 0 | BM100: =SUM(BM98:BM99) -> 0 | BP100: مجمع الغير سعوديين | BR100: =SUM(BR98:BR99) -> 0 | BS100: =SUM(BS98:BS99) -> 0 | BV100: مجمع الغير سعوديين | BX100: =SUM(BX98:BX99) -> 136 | BY100: =SUM(BY98:BY99) -> 26
B101: المجموع الكلي | D101: =SUM(D97+D100) -> 1008 | E101: =SUM(E97+E100) -> 38 | H101: المجموع الكلي | J101: =SUM(J97+J100) -> 1218 | K101: =SUM(K97+K100) -> 42 | N101: المجموع الكلي | P101: =SUM(P97+P100) -> 30 | Q101: =SUM(Q97+Q100) -> 36 | T101: المجموع الكلي | V101: =SUM(V97+V100) -> 0 | W101: =SUM(W97+W100) -> 0 | Z101: المجموع الكلي | AB101: =SUM(AB97+AB100) -> 0 | AC101: =SUM(AC97+AC100) -> 0 | AF101: المجموع الكلي | AH101: =SUM(AH97+AH100) -> 0 | AI101: =SUM(AI97+AI100) -> 0 | AL101: المجموع الكلي | AN101: =SUM(AN97+AN100) -> 0 | AO101: =SUM(AO97+AO100) -> 0 | AR101: المجموع الكلي | AT101: =SUM(AT97+AT100) -> 20 | AU101: =SUM(AU97+AU100) -> 24 | AX101: المجموع الكلي | AZ101: =SUM(AZ97+AZ100) -> 160 | BA101: =SUM(BA97+BA100) -> 160 | BD101: المجموع الكلي | BF101: =SUM(BF97+BF100) -> 1008 | BG101: =SUM(BG97+BG100) -> 38 | BJ101: المجموع الكلي | BL101: =SUM(BL97+BL100) -> 0 | BM101: =SUM(BM97+BM100) -> 0 | BP101: المجموع الكلي | BR101: =SUM(BR97+BR100) -> 0 | BS101: =SUM(BS97+BS100) -> 0 | BV101: المجموع الكلي | BX101: =SUM(BX97+BX100) -> 3444 | BY101: =SUM(BY97+BY100) -> 338

Sheet الإجمالي
A1: 13 ـ الأشعة | B1: شهر | C1: 1 | D1: عام | E1: =SUM(الأشعة!E2) -> 1447 | G1: 13 ـ الأشعة | H1: شهر | I1: 2 | J1: عام | K1: =SUM(الأشعة!K2) -> 1447 | M1: 13 ـ الأشعة | N1: شهر | O1: 3 | P1: عام | Q1: =SUM(الأشعة!Q2) -> 1447 | S1: 13 ـ الأشعة | T1: شهر | U1: 4 | V1: عام | W1: =SUM(الأشعة!W2) -> 1447 | Y1: 13 ـ الأشعة | Z1: شهر | AA1: 5 | AB1: عام | AC1: =SUM(الأشعة!AC2) -> 1447 | AE1: 13 ـ الأشعة | AF1: شهر | AG1: 6 | AH1: عام | AI1: =SUM(الأشعة!AI2) -> 1447 | AK1: 13 ـ الأشعة | AL1: شهر | AM1: 7 | AN1: عام | AO1: =SUM(الأشعة!AO2) -> 1447 | AQ1: 13 ـ الأشعة | AR1: شهر | AS1: 8 | AT1: عام | AU1: =SUM(الأشعة!AU2) -> 1447 | AW1: 13 ـ الأشعة | AX1: شهر | AY1: 9 | AZ1: عام | BA1: =SUM(الأشعة!BA2) -> 1447 | BC1: 13 ـ الأشعة | BD1: شهر | BE1: 10 | BF1: عام | BG1: =SUM(الأشعة!BG2) -> 1447 | BI1: 13 ـ الأشعة | BJ1: شهر | BK1: 11 | BL1: عام | BM1: =SUM(الأشعة!BM2) -> 1447 | BO1: 13 ـ الأشعة | BP1: شهر | BQ1: 12 | BR1: عام | BS1: =SUM(الأشعة!BS2) -> 1447 | BU1: 13 ـ الأشعة | BX1: عام | BY1: =SUM(BS1) -> 1447
A3: المركز الصحي | B3: المرضى والأفلام | D3: عدد المراجعين ( المرضى ) | E3: عدد الأفلام | G3: المركز الصحي | H3: المرضى والأفلام | J3: عدد المراجعين ( المرضى ) | K3: عدد الأفلام | M3: المركز الصحي | N3: المرضى والأفلام | P3: عدد المراجعين ( المرضى ) | Q3: عدد الأفلام | S3: المركز الصحي | T3: المرضى والأفلام | V3: عدد المراجعين ( المرضى ) | W3: عدد الأفلام | Y3: المركز الصحي | Z3: المرضى والأفلام | AB3: عدد المراجعين ( المرضى ) | AC3: عدد الأفلام | AE3: المركز الصحي | AF3: المرضى والأفلام | AH3: عدد المراجعين ( المرضى ) | AI3: عدد الأفلام | AK3: المركز الصحي | AL3: المرضى والأفلام | AN3: عدد المراجعين ( المرضى ) | AO3: عدد الأفلام | AQ3: المركز الصحي | AR3: المرضى والأفلام | AT3: عدد المراجعين ( المرضى ) | AU3: عدد الأفلام | AW3: المركز الصحي | AX3: المرضى والأفلام | AZ3: عدد المراجعين ( المرضى ) | BA3: عدد الأفلام | BC3: المركز الصحي | BD3: المرضى والأفلام | BF3: عدد المراجعين ( المرضى ) | BG3: عدد الأفلام | BI3: المركز الصحي | BJ3: المرضى والأفلام | BL3: عدد المراجعين ( المرضى ) | BM3: عدد الأفلام | BO3: المركز الصحي | BP3: المرضى والأفلام | BR3: عدد المراجعين ( المرضى ) | BS3: عدد الأفلام | BU3: المركز الصحي | BV3: المرضى والأفلام | BX3: عدد المراجعين ( المرضى ) | BY3: عدد الأفلام
B4: الجنسية والجنس | H4: الجنسية والجنس | N4: الجنسية والجنس | T4: الجنسية والجنس | Z4: الجنسية والجنس | AF4: الجنسية والجنس | AL4: الجنسية والجنس | AR4: الجنسية والجنس | AX4: الجنسية والجنس | BD4: الجنسية والجنس | BJ4: الجنسية والجنس | BP4: الجنسية والجنس | BV4: الجنسية والجنس
A5: إجمالي مراكز مستشفى شرق جدة | B5: سعودي | C5: ذكر | D5: =SUM(الأشعة!D95) -> 528 | E5: =SUM(الأشعة!E95) -> 19 | G5: إجمالي مراكز مستشفى شرق جدة | H5: سعودي | I5: ذكر | J5: =SUM(الأشعة!J95) -> 892 | K5: =SUM(الأشعة!K95) -> 22 | M5: إجمالي مراكز مستشفى شرق جدة | N5: سعودي | O5: ذكر | P5: =SUM(الأشعة!P95) -> 14 | Q5: =SUM(الأشعة!Q95) -> 17 | S5: إجمالي مراكز مستشفى شرق جدة | T5: سعودي | U5: ذكر | V5: =SUM(الأشعة!V95) -> 0 | W5: =SUM(الأشعة!W95) -> 0 | Y5: إجمالي مراكز مستشفى شرق جدة | Z5: سعودي | AA5: ذكر | AB5: =SUM(الأشعة!AB95) -> 0 | AC5: =SUM(الأشعة!AC95) -> 0 | AE5: إجمالي مراكز مستشفى شرق جدة | AF5: سعودي | AG5: ذكر | AH5: =SUM(الأشعة!AH95) -> 0 | AI5: =SUM(الأشعة!AI95) -> 0 | AK5: إجمالي مراكز مستشفى شرق جدة | AL5: سعودي | AM5: ذكر | AN5: =SUM(الأشعة!AN95) -> 0 | AO5: =SUM(الأشعة!AO95) -> 0 | AQ5: إجمالي مراكز مستشفى شرق جدة | AR5: سعودي | AS5: ذكر | AT5: =SUM(الأشعة!AT95) -> 9 | AU5: =SUM(الأشعة!AU95) -> 11 | AW5: إجمالي مراكز مستشفى شرق جدة | AX5: سعودي | AY5: ذكر | AZ5: =SUM(الأشعة!AZ95) -> 59 | BA5: =SUM(الأشعة!BA95) -> 59 | BC5: إجمالي مراكز مستشفى شرق جدة | BD5: سعودي | BE5: ذكر | BF5: =SUM(الأشعة!BF95) -> 528 | BG5: =SUM(الأشعة!BG95) -> 19 | BI5: إجمالي مراكز مستشفى شرق جدة | BJ5: سعودي | BK5: ذكر | BL5: =SUM(الأشعة!BL95) -> 0 | BM5: =SUM(الأشعة!BM95) -> 0 | BO5: إجمالي مراكز مستشفى شرق جدة | BP5: سعودي | BQ5: ذكر | BR5: =SUM(الأشعة!BR95) -> 0 | BS5: =SUM(الأشعة!BS95) -> 0 | BU5: إجمالي مراكز مستشفى شرق جدة | BV5: سعودي | BW5: ذكر | BX5: =SUM(الأشعة!BX95) -> 2030 | BY5: =SUM(الأشعة!BY95) -> 147
C6: أنثى | D6: =SUM(الأشعة!D96) -> 461 | E6: =SUM(الأشعة!E96) -> 19 | I6: أنثى | J6: =SUM(الأشعة!J96) -> 254 | K6: =SUM(الأشعة!K96) -> 20 | O6: أنثى | P6: =SUM(الأشعة!P96) -> 16 | Q6: =SUM(الأشعة!Q96) -> 19 | U6: أنثى | V6: =SUM(الأشعة!V96) -> 0 | W6: =SUM(الأشعة!W96) -> 0 | AA6: أنثى | AB6: =SUM(الأشعة!AB96) -> 0 | AC6: =SUM(الأشعة!AC96) -> 0 | AG6: أنثى | AH6: =SUM(الأشعة!AH96) -> 0 | AI6: =SUM(الأشعة!AI96) -> 0 | AM6: أنثى | AN6: =SUM(الأشعة!AN96) -> 0 | AO6: =SUM(الأشعة!AO96) -> 0 | AS6: أنثى | AT6: =SUM(الأشعة!AT96) -> 11 | AU6: =SUM(الأشعة!AU96) -> 13 | AY6: أنثى | AZ6: =SUM(الأشعة!AZ96) -> 75 | BA6: =SUM(الأشعة!BA96) -> 75 | BE6: أنثى | BF6: =SUM(الأشعة!BF96) -> 461 | BG6: =SUM(الأشعة!BG96) -> 19 | BK6: أنثى | BL6: =SUM(الأشعة!BL96) -> 0 | BM6: =SUM(الأشعة!BM96) -> 0 | BQ6: أنثى | BR6: =SUM(الأشعة!BR96) -> 0 | BS6: =SUM(الأشعة!BS96) -> 0 | BW6: أنثى | BX6: =SUM(الأشعة!BX96) -> 1278 | BY6: =SUM(الأشعة!BY96) -> 165
B7: مجموع السعوديين | D7: =SUM(D5:D6) -> 989 | E7: =SUM(E5:E6) -> 38 | H7: مجموع السعوديين | J7: =SUM(J5:J6) -> 1146 | K7: =SUM(K5:K6) -> 42 | N7: مجموع السعوديين | P7: =SUM(P5:P6) -> 30 | Q7: =SUM(Q5:Q6) -> 36 | T7: مجموع السعوديين | V7: =SUM(V5:V6) -> 0 | W7: =SUM(W5:W6) -> 0 | Z7: مجموع السعوديين | AB7: =SUM(AB5:AB6) -> 0 | AC7: =SUM(AC5:AC6) -> 0 | AF7: مجموع السعوديين | AH7: =SUM(AH5:AH6) -> 0 | AI7: =SUM(AI5:AI6) -> 0 | AL7: مجموع السعوديين | AN7: =SUM(AN5:AN6) -> 0 | AO7: =SUM(AO5:AO6) -> 0 | AR7: مجموع السعوديين | AT7: =SUM(AT5:AT6) -> 20 | AU7: =SUM(AU5:AU6) -> 24 | AX7: مجموع السعوديين | AZ7: =SUM(AZ5:AZ6) -> 134 | BA7: =SUM(BA5:BA6) -> 134 | BD7: مجموع السعوديين | BF7: =SUM(BF5:BF6) -> 989 | BG7: =SUM(BG5:BG6) -> 38 | BJ7: مجموع السعوديين | BL7: =SUM(BL5:BL6) -> 0 | BM7: =SUM(BM5:BM6) -> 0 | BP7: مجموع السعوديين | BR7: =SUM(BR5:BR6) -> 0 | BS7: =SUM(BS5:BS6) -> 0 | BV7: مجموع السعوديين | BX7: =SUM(BX5:BX6) -> 3308 | BY7: =SUM(BY5:BY6) -> 312
B8: غير سعودي | C8: ذكر | D8: =SUM(الأشعة!D98) -> 10 | E8: =SUM(الأشعة!E98) -> 0 | H8: غير سعودي | I8: ذكر | J8: =SUM(الأشعة!J98) -> 54 | K8: =SUM(الأشعة!K98) -> 0 | N8: غير سعودي | O8: ذكر | P8: =SUM(الأشعة!P98) -> 0 | Q8: =SUM(الأشعة!Q98) -> 0 | T8: غير سعودي | U8: ذكر | V8: =SUM(الأشعة!V98) -> 0 | W8: =SUM(الأشعة!W98) -> 0 | Z8: غير سعودي | AA8: ذكر | AB8: =SUM(الأشعة!AB98) -> 0 | AC8: =SUM(الأشعة!AC98) -> 0 | AF8: غير سعودي | AG8: ذكر | AH8: =SUM(الأشعة!AH98) -> 0 | AI8: =SUM(الأشعة!AI98) -> 0 | AL8: غير سعودي | AM8: ذكر | AN8: =SUM(الأشعة!AN98) -> 0 | AO8: =SUM(الأشعة!AO98) -> 0 | AR8: غير سعودي | AS8: ذكر | AT8: =SUM(الأشعة!AT98) -> 0 | AU8: =SUM(الأشعة!AU98) -> 0 | AX8: غير سعودي | AY8: ذكر | AZ8: =SUM(الأشعة!AZ98) -> 15 | BA8: =SUM(الأشعة!BA98) -> 15 | BD8: غير سعودي | BE8: ذكر | BF8: =SUM(الأشعة!BF98) -> 10 | BG8: =SUM(الأشعة!BG98) -> 0 | BJ8: غير سعودي | BK8: ذكر | BL8: =SUM(الأشعة!BL98) -> 0 | BM8: =SUM(الأشعة!BM98) -> 0 | BP8: غير سعودي | BQ8: ذكر | BR8: =SUM(الأشعة!BR98) -> 0 | BS8: =SUM(الأشعة!BS98) -> 0 | BV8: غير سعودي | BW8: ذكر | BX8: =SUM(الأشعة!BX98) -> 89 | BY8: =SUM(الأشعة!BY98) -> 15
C9: أنثى | D9: =SUM(الأشعة!D99) -> 9 | E9: =SUM(الأشعة!E99) -> 0 | I9: أنثى | J9: =SUM(الأشعة!J99) -> 18 | K9: =SUM(الأشعة!K99) -> 0 | O9: أنثى | P9: =SUM(الأشعة!P99) -> 0 | Q9: =SUM(الأشعة!Q99) -> 0 | U9: أنثى | V9: =SUM(الأشعة!V99) -> 0 | W9: =SUM(الأشعة!W99) -> 0 | AA9: أنثى | AB9: =SUM(الأشعة!AB99) -> 0 | AC9: =SUM(الأشعة!AC99) -> 0 | AG9: أنثى | AH9: =SUM(الأشعة!AH99) -> 0 | AI9: =SUM(الأشعة!AI99) -> 0 | AM9: أنثى | AN9: =SUM(الأشعة!AN99) -> 0 | AO9: =SUM(الأشعة!AO99) -> 0 | AS9: أنثى | AT9: =SUM(الأشعة!AT99) -> 0 | AU9: =SUM(الأشعة!AU99) -> 0 | AY9: أنثى | AZ9: =SUM(الأشعة!AZ99) -> 11 | BA9: =SUM(الأشعة!BA99) -> 11 | BE9: أنثى | BF9: =SUM(الأشعة!BF99) -> 9 | BG9: =SUM(الأشعة!BG99) -> 0 | BK9: أنثى | BL9: =SUM(الأشعة!BL99) -> 0 | BM9: =SUM(الأشعة!BM99) -> 0 | BQ9: أنثى | BR9: =SUM(الأشعة!BR99) -> 0 | BS9: =SUM(الأشعة!BS99) -> 0 | BW9: أنثى | BX9: =SUM(الأشعة!BX99) -> 47 | BY9: =SUM(الأشعة!BY99) -> 11
B10: مجموع غ.سعوديين | D10: =SUM(D8:D9) -> 19 | E10: =SUM(E8:E9) -> 0 | H10: مجموع غ.سعوديين | J10: =SUM(J8:J9) -> 72 | K10: =SUM(K8:K9) -> 0 | N10: مجموع غ.سعوديين | P10: =SUM(P8:P9) -> 0 | Q10: =SUM(Q8:Q9) -> 0 | T10: مجموع غ.سعوديين | V10: =SUM(V8:V9) -> 0 | W10: =SUM(W8:W9) -> 0 | Z10: مجموع غ.سعوديين | AB10: =SUM(AB8:AB9) -> 0 | AC10: =SUM(AC8:AC9) -> 0 | AF10: مجموع غ.سعوديين | AH10: =SUM(AH8:AH9) -> 0 | AI10: =SUM(AI8:AI9) -> 0 | AL10: مجموع غ.سعوديين | AN10: =SUM(AN8:AN9) -> 0 | AO10: =SUM(AO8:AO9) -> 0 | AR10: مجموع غ.سعوديين | AT10: =SUM(AT8:AT9) -> 0 | AU10: =SUM(AU8:AU9) -> 0 | AX10: مجموع غ.سعوديين | AZ10: =SUM(AZ8:AZ9) -> 26 | BA10: =SUM(BA8:BA9) -> 26 | BD10: مجموع غ.سعوديين | BF10: =SUM(BF8:BF9) -> 19 | BG10: =SUM(BG8:BG9) -> 0 | BJ10: مجموع غ.سعوديين | BL10: =SUM(BL8:BL9) -> 0 | BM10: =SUM(BM8:BM9) -> 0 | BP10: مجموع غ.سعوديين | BR10: =SUM(BR8:BR9) -> 0 | BS10: =SUM(BS8:BS9) -> 0 | BV10: مجموع غ.سعوديين | BX10: =SUM(BX8:BX9) -> 136 | BY10: =SUM(BY8:BY9) -> 26
B11: المجموع الكلي | D11: =SUM(D7+D10) -> 1008 | E11: =SUM(E7+E10) -> 38 | H11: المجموع الكلي | J11: =SUM(J7+J10) -> 1218 | K11: =SUM(K7+K10) -> 42 | N11: المجموع الكلي | P11: =SUM(P7+P10) -> 30 | Q11: =SUM(Q7+Q10) -> 36 | T11: المجموع الكلي | V11: =SUM(V7+V10) -> 0 | W11: =SUM(W7+W10) -> 0 | Z11: المجموع الكلي | AB11: =SUM(AB7+AB10) -> 0 | AC11: =SUM(AC7+AC10) -> 0 | AF11: المجموع الكلي | AH11: =SUM(AH7+AH10) -> 0 | AI11: =SUM(AI7+AI10) -> 0 | AL11: المجموع الكلي | AN11: =SUM(AN7+AN10) -> 0 | AO11: =SUM(AO7+AO10) -> 0 | AR11: المجموع الكلي | AT11: =SUM(AT7+AT10) -> 20 | AU11: =SUM(AU7+AU10) -> 24 | AX11: المجموع الكلي | AZ11: =SUM(AZ7+AZ10) -> 160 | BA11: =SUM(BA7+BA10) -> 160 | BD11: المجموع الكلي | BF11: =SUM(BF7+BF10) -> 1008 | BG11: =SUM(BG7+BG10) -> 38 | BJ11: المجموع الكلي | BL11: =SUM(BL7+BL10) -> 0 | BM11: =SUM(BM7+BM10) -> 0 | BP11: المجموع الكلي | BR11: =SUM(BR7+BR10) -> 0 | BS11: =SUM(BS7+BS10) -> 0 | BV11: المجموع الكلي | BX11: =SUM(BX7+BX10) -> 3444 | BY11: =SUM(BY7+BY10) -> 338
A13: محمد الزهراني | G13: محمد الزهراني | M13: محمد الزهراني | S13: محمد الزهراني | Y13: محمد الزهراني | AE13: محمد الزهراني | AK13: محمد الزهراني | AQ13: محمد الزهراني | AW13: محمد الزهراني | BC13: محمد الزهراني | BI13: محمد الزهراني | BO13: محمد الزهراني | BU13: محمد الزهراني
